date,open,high,low,close,volume
2015-01-04,10.666666030883789,10.666666030883789,10.666666030883789,10.666666030883789,0
2015-01-05,10.666666030883789,10.800000190734863,10.373332977294922,10.794666290283203,295290
2015-01-06,10.794666290283203,10.800000190734863,10.800000190734863,10.800000190734863,765000
2015-01-08,10.800000190734863,10.400666236877441,10.400666236877441,10.800000190734863,255
2015-01-11,10.800000190734863,10.800000190734863,10.800000190734863,10.800000190734863,0
2015-01-12,10.800000190734863,10.800000190734863,10.800000190734863,10.800000190734863,0
2015-01-13,10.800000190734863,10.800000190734863,10.800000190734863,10.800000190734863,0
2015-01-14,10.800000190734863,10.800000190734863,10.800000190734863,10.800000190734863,0
2015-01-15,10.800000190734863,10.800000190734863,10.536665916442871,10.796666145324707,126075
2015-01-18,10.796666145324707,10.666666030883789,10.539999961853027,10.565333366394043,5385
2015-01-19,10.565333366394043,10.536665916442871,10.533332824707031,10.534666061401367,3195
2015-01-20,10.534666061401367,10.800665855407715,10.666666030883789,10.800000190734863,202455
2015-01-21,10.800000190734863,10.866665840148926,10.666666030883789,10.800000190734863,525
2015-01-22,10.800000190734863,10.666666030883789,10.533332824707031,10.561332702636719,9090
2015-01-26,10.561332702636719,11.0,10.534000396728516,10.958000183105469,16860
2015-01-27,10.958000183105469,10.46733283996582,10.403332710266113,10.447999954223633,4170
2015-01-28,10.447999954223633,10.683333396911621,10.683333396911621,10.683333396911621,7500
2015-01-29,10.683333396911621,10.434000015258789,10.434000015258789,10.683333396911621,120
2015-02-01,10.683333396911621,10.683333396911621,10.683333396911621,10.683333396911621,0
2015-02-02,10.683333396911621,10.666666030883789,10.666666030883789,10.666666030883789,5610
2015-02-03,10.666666030883789,10.666666030883789,10.666666030883789,10.666666030883789,0
2015-02-04,10.666666030883789,10.666666030883789,10.666666030883789,10.666666030883789,0
2015-02-05,10.666666030883789,10.666666030883789,10.666666030883789,10.666666030883789,0
2015-02-08,10.666666030883789,10.666666030883789,10.666666030883789,10.666666030883789,30
2015-02-09,10.666666030883789,10.666666030883789,10.666666030883789,10.666666030883789,270
2015-02-10,10.666666030883789,10.600000381469727,10.600000381469727,10.666666030883789,300
2015-02-11,10.666666030883789,10.40999984741211,10.266666412353516,10.363332748413086,3270
2015-02-12,10.363332748413086,10.363332748413086,10.363332748413086,10.363332748413086,0
2015-02-15,10.363332748413086,10.666666030883789,10.133333206176758,10.593999862670898,10500
2015-02-16,10.593999862670898,10.800000190734863,10.800000190734863,10.800000190734863,7500
2015-02-17,10.800000190734863,10.600000381469727,10.466666221618652,10.473999977111816,27495
2015-02-18,10.473999977111816,10.666666030883789,10.666666030883789,10.666666030883789,15390
2015-02-19,10.666666030883789,10.136666297912598,10.066665649414062,10.116000175476074,2130
2015-02-22,10.116000175476074,10.116000175476074,10.116000175476074,10.116000175476074,0
2015-02-23,10.116000175476074,10.116000175476074,10.116000175476074,10.116000175476074,0
2015-02-24,10.116000175476074,10.666666030883789,10.133333206176758,10.623332977294922,79260
2015-02-25,10.623332977294922,10.666666030883789,10.666666030883789,10.666666030883789,37050
2015-02-26,10.666666030883789,10.793333053588867,10.666666030883789,10.669333457946777,57000
2015-03-01,10.669333457946777,10.669333457946777,10.669333457946777,10.669333457946777,0
2015-03-02,10.669333457946777,10.669333457946777,10.669333457946777,10.669333457946777,0
2015-03-03,10.669333457946777,10.669333457946777,10.669333457946777,10.669333457946777,0
2015-03-04,10.669333457946777,10.669333457946777,10.669333457946777,10.669333457946777,0
2015-03-05,10.669333457946777,10.208000183105469,10.133333206176758,10.156000137329102,2505
2015-03-08,10.156000137329102,10.200666427612305,10.200666427612305,10.156000137329102,990
2015-03-09,10.156000137329102,10.236665725708008,10.199999809265137,10.214666366577148,2970
2015-03-10,10.214666366577148,10.214666366577148,10.214666366577148,10.214666366577148,0
2015-03-11,10.214666366577148,10.666666030883789,10.5600004196167,10.645999908447266,43500
2015-03-12,10.645999908447266,10.666666030883789,10.337332725524902,10.613332748413086,17880
2015-03-15,10.613332748413086,10.613332748413086,10.613332748413086,10.613332748413086,0
2015-03-16,10.613332748413086,10.337332725524902,10.337332725524902,10.613332748413086,1035
2015-03-17,10.613332748413086,10.336666107177734,10.336666107177734,10.613332748413086,705
2015-03-18,10.613332748413086,10.613332748413086,10.613332748413086,10.613332748413086,0
2015-03-19,10.613332748413086,10.613332748413086,10.613332748413086,10.613332748413086,0
2015-03-22,10.613332748413086,10.613332748413086,10.613332748413086,10.613332748413086,0
2015-03-23,10.613332748413086,10.399999618530273,10.333333015441895,10.354000091552734,10245
2015-03-24,10.354000091552734,10.34666633605957,10.333333015441895,10.338000297546387,4110
2015-03-25,10.338000297546387,10.333999633789062,10.333333015441895,10.333333015441895,1650
2015-03-26,10.333333015441895,10.333333015441895,10.100000381469727,10.161998748779297,6315
2015-03-29,10.161999702453613,10.666666030883789,10.10666561126709,10.603333473205566,37605
2015-03-30,10.603333473205566,10.603333473205566,10.603333473205566,10.603333473205566,0
2015-03-31,10.603333473205566,10.666666030883789,10.666666030883789,10.666666030883789,15000
2015-04-01,10.666666030883789,10.666666030883789,10.666666030883789,10.666666030883789,17610
2015-04-02,10.666666030883789,10.666666030883789,10.666666030883789,10.666666030883789,31875
2015-04-05,10.666666030883789,10.666666030883789,10.666666030883789,10.666666030883789,48510
2015-04-06,10.666666030883789,10.666666030883789,10.666666030883789,10.666666030883789,0
2015-04-07,10.666666030883789,10.666666030883789,10.666666030883789,10.666666030883789,0
2015-04-08,10.666666030883789,10.733332633972168,10.665332794189453,10.676666259765625,46740
2015-04-09,10.676666259765625,10.683333396911621,10.633333206176758,10.662666320800781,54135
2015-04-14,10.662666320800781,10.666666030883789,10.666666030883789,10.666666030883789,13935
2015-04-15,10.666666030883789,10.666666030883789,10.666666030883789,10.666666030883789,29565
2015-04-16,10.666666030883789,10.237333297729492,10.237333297729492,10.666666030883789,255
2015-04-19,10.666666030883789,10.666666030883789,10.600000381469727,10.662666320800781,75225
2015-04-20,10.662666320800781,10.666666030883789,10.533332824707031,10.665332794189453,26370
2015-04-21,10.665332794189453,10.666666030883789,10.666666030883789,10.666666030883789,31500
2015-04-22,10.666666030883789,10.666666030883789,10.666666030883789,10.666666030883789,0
2015-04-23,10.666666030883789,10.666666030883789,10.666666030883789,10.666666030883789,146145
2015-04-26,10.666666030883789,10.666666030883789,10.666666030883789,10.666666030883789,0
2015-04-27,10.666666030883789,10.136666297912598,10.133333206176758,10.133999824523926,3135
2015-04-28,10.133999824523926,10.666666030883789,10.600000381469727,10.665332794189453,20130
2015-04-29,10.665332794189453,10.665332794189453,10.665332794189453,10.665332794189453,0
2015-04-30,10.665332794189453,10.666666030883789,10.666666030883789,10.666666030883789,13725
2015-05-03,10.666666030883789,10.666666030883789,10.666666030883789,10.666666030883789,6090
2015-05-04,10.666666030883789,10.666666030883789,10.666666030883789,10.666666030883789,0
2015-05-05,10.666666030883789,10.666666030883789,10.666666030883789,10.666666030883789,18300
2015-05-06,10.666666030883789,10.666666030883789,10.666666030883789,10.666666030883789,0
2015-05-07,10.666666030883789,10.732666015625,10.533332824707031,10.659333229064941,6660
2015-05-10,10.659333229064941,10.659333229064941,10.659333229064941,10.659333229064941,0
2015-05-11,10.659333229064941,10.659333229064941,10.659333229064941,10.659333229064941,0
2015-05-12,10.659333229064941,10.659333229064941,10.659333229064941,10.659333229064941,0
2015-05-13,10.659333229064941,10.683333396911621,10.666666030883789,10.682000160217285,33645
2015-05-14,10.682000160217285,10.666666030883789,10.399999618530273,10.661999702453613,31230
2015-05-17,10.661999702453613,10.666666030883789,10.149999618530273,10.66333293914795,19770
2015-05-18,10.66333293914795,10.733332633972168,10.266666412353516,10.729999542236328,69495
2015-05-19,10.729999542236328,10.733332633972168,10.733332633972168,10.733332633972168,15870
2015-05-20,10.733332633972168,10.666666030883789,10.470000267028809,10.645999908447266,16785
2015-05-21,10.645999908447266,10.533332824707031,10.533332824707031,10.645999908447266,120
2015-05-24,10.645999908447266,10.645999908447266,10.645999908447266,10.645999908447266,0
2015-05-25,10.645999908447266,10.666666030883789,10.666666030883789,10.666666030883789,18585
2015-05-26,10.666666030883789,10.666666030883789,10.666666030883789,10.666666030883789,120
2015-05-27,10.666666030883789,10.699999809265137,10.600666046142578,10.699333190917969,15450
2015-05-28,10.699333190917969,10.699999809265137,10.666666030883789,10.698665618896484,31140
2015-05-31,10.698665618896484,10.699999809265137,10.616665840148926,10.69666576385498,65745
2015-06-01,10.69666576385498,11.666666030883789,10.699999809265137,11.028665542602539,33795
2015-06-02,11.028665542602539,11.333333015441895,11.333333015441895,11.333333015441895,6000
2015-06-03,11.333333015441895,11.333333015441895,11.333333015441895,11.333333015441895,6000
2015-06-04,11.333333015441895,11.333333015441895,11.333333015441895,11.333333015441895,0
2015-06-07,11.333333015441895,10.933333396911621,10.800000190734863,10.851332664489746,19530
2015-06-08,10.851332664489746,10.933333396911621,10.533332824707031,10.871333122253418,10755
2015-06-09,10.871333122253418,10.800000190734863,10.800000190734863,10.800000190734863,15000
2015-06-10,10.800000190734863,10.806666374206543,10.800000190734863,10.800665855407715,196830
2015-06-11,10.800665855407715,10.800000190734863,10.800000190734863,10.800000190734863,32595
2015-06-14,10.800000190734863,10.800000190734863,10.800000190734863,10.800000190734863,0
2015-06-15,10.800000190734863,10.859999656677246,10.800000190734863,10.820666313171387,57390
2015-06-16,10.820666313171387,10.820666313171387,10.820666313171387,10.820666313171387,0
2015-06-17,10.820666313171387,10.700666427612305,10.700666427612305,10.820666313171387,465
2015-06-18,10.820666313171387,10.820666313171387,10.820666313171387,10.820666313171387,0
2015-06-21,10.820666313171387,10.820666313171387,10.820666313171387,10.820666313171387,0
2015-06-22,10.820666313171387,10.800000190734863,10.800000190734863,10.800000190734863,8250
2015-06-23,10.800000190734863,10.800000190734863,10.800000190734863,10.800000190734863,300
2015-06-24,10.800000190734863,10.800000190734863,10.800000190734863,10.800000190734863,48915
2015-06-25,10.800000190734863,10.800000190734863,10.800000190734863,10.800000190734863,0
2015-06-28,10.800000190734863,10.800000190734863,10.800000190734863,10.800000190734863,8295
2015-06-29,10.800000190734863,10.899999618530273,10.800000190734863,10.895333290100098,235500
2015-06-30,10.895333290100098,10.895333290100098,10.895333290100098,10.895333290100098,0
2015-07-02,10.895333290100098,10.895333290100098,10.895333290100098,10.895333290100098,0
2015-07-05,10.895333290100098,10.895333290100098,10.895333290100098,10.895333290100098,0
2015-07-06,10.895333290100098,10.666666030883789,10.166666030883789,10.895333290100098,1065
2015-07-07,10.895333290100098,10.895333290100098,10.895333290100098,10.895333290100098,0
2015-07-08,10.895333290100098,10.666666030883789,10.0,10.665332794189453,8280
2015-07-09,10.665332794189453,10.665332794189453,10.665332794189453,10.665332794189453,0
2015-07-12,10.665332794189453,10.670000076293945,10.666666030883789,10.666666030883789,30750
2015-07-13,10.666666030883789,10.666666030883789,10.666666030883789,10.666666030883789,7500
2015-07-14,10.666666030883789,10.666666030883789,10.666666030883789,10.666666030883789,3510
2015-07-15,10.666666030883789,10.666666030883789,10.666666030883789,10.666666030883789,0
2015-07-16,10.666666030883789,10.666666030883789,10.666666030883789,10.666666030883789,0
2015-07-19,10.666666030883789,10.666666030883789,10.666666030883789,10.666666030883789,0
2015-07-20,10.666666030883789,10.666666030883789,10.666666030883789,10.666666030883789,0
2015-07-21,10.666666030883789,10.666666030883789,10.666666030883789,10.666666030883789,0
2015-07-22,10.666666030883789,11.312665939331055,10.733332633972168,10.666666030883789,960
2015-07-26,10.666666030883789,10.666666030883789,10.666666030883789,10.666666030883789,0
2015-07-27,10.666666030883789,10.734000205993652,10.667332649230957,10.730666160583496,1500
2015-07-28,10.730666160583496,10.933333396911621,10.800000190734863,10.920000076293945,300000
2015-07-29,10.920000076293945,10.933333396911621,10.933333396911621,10.933333396911621,360000
2015-07-30,10.933333396911621,10.933333396911621,10.933333396911621,10.933333396911621,0
2015-08-02,10.933333396911621,10.933333396911621,10.933333396911621,10.933333396911621,0
2015-08-03,10.933333396911621,10.932000160217285,10.866665840148926,10.871333122253418,8040
2015-08-04,10.871333122253418,10.800000190734863,10.667332649230957,10.761333465576172,31605
2015-08-05,10.761333465576172,10.761333465576172,10.761333465576172,10.761333465576172,0
2015-08-06,10.761333465576172,10.761333465576172,10.761333465576172,10.761333465576172,0
2015-08-09,10.926666259765625,10.703332901000977,10.667332649230957,10.698665618896484,34860
2015-08-10,10.698665618896484,10.699999809265137,10.699999809265137,10.699999809265137,7500
2015-08-11,10.699999809265137,10.766666412353516,10.667332649230957,10.699333190917969,20865
2015-08-12,10.699333190917969,10.703332901000977,10.699999809265137,10.699999809265137,22305
2015-08-13,10.699999809265137,10.866665840148926,10.667332649230957,10.81066608428955,1860
2015-08-16,10.81066608428955,10.703332901000977,10.680000305175781,10.682000160217285,30045
2015-08-17,10.682000160217285,10.699999809265137,10.673333168029785,10.680665969848633,4680
2015-08-18,10.680665969848633,10.667332649230957,10.667332649230957,10.680665969848633,165
2015-08-19,10.680665969848633,10.667332649230957,10.667332649230957,10.680665969848633,750
2015-08-20,10.680665969848633,10.668000221252441,10.666666030883789,10.668000221252441,48555
2015-08-23,10.668000221252441,10.666666030883789,10.166666030883789,10.654000282287598,29730
2015-08-24,10.654000282287598,10.666666030883789,10.266666412353516,10.666000366210938,60060
2015-08-25,10.666000366210938,10.673333168029785,10.666666030883789,10.667332649230957,32460
2015-08-26,10.667332649230957,10.667332649230957,10.667332649230957,10.667332649230957,0
2015-08-27,10.667332649230957,10.666666030883789,10.666666030883789,10.666666030883789,1650
2015-08-30,10.666666030883789,10.666666030883789,10.666666030883789,10.666666030883789,31500
2015-08-31,10.666666030883789,10.699999809265137,10.699999809265137,10.666666030883789,900
2015-09-01,10.666666030883789,10.666666030883789,10.666666030883789,10.666666030883789,0
2015-09-02,10.666666030883789,10.733332633972168,10.666666030883789,10.680665969848633,42300
2015-09-03,10.680665969848633,10.666666030883789,10.666666030883789,10.666666030883789,37095
2015-09-06,10.666666030883789,10.666666030883789,10.666666030883789,10.666666030883789,33075
2015-09-07,10.666666030883789,10.800000190734863,10.666666030883789,10.667332649230957,30345
2015-09-08,10.667332649230957,10.667332649230957,10.667332649230957,10.667332649230957,0
2015-09-09,10.667332649230957,10.699999809265137,10.666666030883789,10.669333457946777,17790
2015-09-10,10.669333457946777,10.733332633972168,10.733332633972168,10.669333457946777,30
2015-09-13,10.669333457946777,10.667332649230957,10.666666030883789,10.666666030883789,30075
2015-09-14,10.666666030883789,10.666666030883789,10.666666030883789,10.666666030883789,0
2015-09-15,10.666666030883789,10.666666030883789,10.666666030883789,10.666666030883789,0
2015-09-16,10.666666030883789,10.666666030883789,10.666666030883789,10.666666030883789,2175
2015-09-17,10.666666030883789,10.733332633972168,10.666666030883789,10.696000099182129,4125
2015-09-20,10.696000099182129,10.666666030883789,10.666666030883789,10.666666030883789,16875
2015-09-21,10.666666030883789,10.666666030883789,10.666666030883789,10.666666030883789,7500
2015-09-27,10.666666030883789,10.666666030883789,10.666666030883789,10.666666030883789,0
2015-09-28,10.666666030883789,10.666666030883789,10.666666030883789,10.666666030883789,0
2015-09-29,10.666666030883789,10.666666030883789,10.666666030883789,10.666666030883789,17535
2015-09-30,10.666666030883789,10.666666030883789,10.666666030883789,10.666666030883789,34185
2015-10-01,10.666666030883789,10.666666030883789,10.666666030883789,10.666666030883789,1800
2015-10-04,10.666666030883789,10.666666030883789,10.666666030883789,10.666666030883789,27180
2015-10-05,10.666666030883789,10.666666030883789,10.666666030883789,10.666666030883789,0
2015-10-07,10.666666030883789,10.666666030883789,10.666666030883789,10.666666030883789,0
2015-10-08,10.666666030883789,10.666666030883789,10.666666030883789,10.666666030883789,9375
2015-10-11,10.666666030883789,10.667332649230957,10.333333015441895,10.626666069030762,4560
2015-10-12,10.626666069030762,10.626666069030762,10.626666069030762,10.626666069030762,0
2015-10-13,10.626666069030762,10.333333015441895,10.333333015441895,10.333333015441895,2745
2015-10-15,10.333333015441895,10.333333015441895,10.333333015441895,10.333333015441895,0
2015-10-18,10.333333015441895,10.633333206176758,10.266666412353516,10.37399959564209,1815
2015-10-19,10.37399959564209,10.37399959564209,10.37399959564209,10.37399959564209,0
2015-10-20,10.37399959564209,10.37399959564209,10.37399959564209,10.37399959564209,0
2015-10-21,10.37399959564209,10.37399959564209,10.37399959564209,10.37399959564209,0
2015-10-22,10.37399959564209,9.4399995803833,9.433333396911621,10.37399959564209,1110
2015-10-25,10.37399959564209,10.470000267028809,9.468000411987305,9.494000434875488,4515
2015-10-26,9.494000434875488,10.0,9.999333381652832,10.0,2565
2015-10-27,10.0,10.0,9.666666030883789,9.916666030883789,1500
2015-10-28,9.916666030883789,9.600000381469727,9.333333015441895,9.341333389282227,12525
2015-10-29,9.341333389282227,9.333333015441895,8.469332695007324,9.341333389282227,1395
2015-11-01,9.341333389282227,9.341333389282227,9.341333389282227,9.341333389282227,0
2015-11-02,9.341333389282227,9.341333389282227,9.341333389282227,9.341333389282227,0
2015-11-03,9.341333389282227,8.800665855407715,8.800665855407715,9.341333389282227,375
2015-11-04,9.341333389282227,8.8013334274292,8.8013334274292,9.341333389282227,450
2015-11-05,9.341333389282227,9.333333015441895,9.331999778747559,9.333333015441895,19395
2015-11-08,9.333333015441895,9.333333015441895,9.000665664672852,9.32266616821289,4650
2015-11-09,9.32266616821289,9.666666030883789,9.666000366210938,9.666666030883789,7500
2015-11-10,9.666666030883789,9.333999633789062,9.333333015441895,9.333333015441895,13035
2015-11-11,9.333333015441895,9.333999633789062,9.333999633789062,9.333333015441895,555
2015-11-12,9.333333015441895,9.366665840148926,9.366665840148926,9.366665840148926,1905
2015-11-15,9.366665840148926,9.533332824707031,9.399999618530273,9.418665885925293,3495
2015-11-16,9.418665885925293,9.666666030883789,9.416666030883789,9.522665977478027,3810
2015-11-17,9.522665977478027,9.566665649414062,9.566665649414062,9.566665649414062,2025
2015-11-18,9.566665649414062,9.566665649414062,9.566665649414062,9.566665649414062,0
2015-11-19,9.566665649414062,9.699999809265137,9.416666030883789,9.610666275024414,18495
2015-11-22,9.610666275024414,9.666000366210938,9.600000381469727,9.619333267211914,1815
2015-11-23,9.619333267211914,9.683333396911621,9.600000381469727,9.638666152954102,12825
2015-11-24,9.638666152954102,9.666666030883789,9.633333206176758,9.65466594696045,8220
2015-11-25,9.65466594696045,9.666666030883789,9.633333206176758,9.661999702453613,22995
2015-11-26,9.661999702453613,9.46733283996582,9.466666221618652,9.466666221618652,2715
2015-11-29,9.466666221618652,9.993332862854004,9.993332862854004,9.466666221618652,525
2015-11-30,9.466666221618652,9.933333396911621,9.417332649230957,9.89799976348877,27600
2015-12-01,9.89799976348877,9.89799976348877,9.89799976348877,9.89799976348877,0
2015-12-02,9.89799976348877,9.89799976348877,9.89799976348877,9.89799976348877,0
2015-12-03,9.89799976348877,9.546666145324707,9.533332824707031,9.534666061401367,22095
2015-12-06,9.534666061401367,9.534666061401367,9.534666061401367,9.534666061401367,3000
2015-12-07,9.534666061401367,9.666666030883789,9.534666061401367,9.537332534790039,23100
2015-12-08,9.537332534790039,9.866665840148926,9.534666061401367,9.645333290100098,1575
2015-12-09,9.645333290100098,9.534666061401367,9.534666061401367,9.645333290100098,45
2015-12-10,9.645333290100098,9.534000396728516,9.433333396911621,9.447333335876465,3165
2015-12-13,9.447333335876465,9.399999618530273,9.399999618530273,9.399999618530273,10740
2015-12-14,9.399999618530273,9.399999618530273,9.399999618530273,9.399999618530273,0
2015-12-15,9.399999618530273,9.399999618530273,9.399999618530273,9.399999618530273,0
2015-12-16,9.533332824707031,9.466666221618652,9.466666221618652,9.533332824707031,300
2015-12-17,9.533332824707031,9.466666221618652,9.0,9.412666320800781,6540
2015-12-20,9.412666320800781,9.399999618530273,9.399999618530273,9.399999618530273,16065
2015-12-21,9.399999618530273,9.466666221618652,9.399999618530273,9.423333168029785,4260
2015-12-22,9.423333168029785,9.466666221618652,9.400666236877441,9.425333023071289,8280
2015-12-24,9.425333023071289,9.386666297912598,9.386666297912598,9.425333023071289,300
2015-12-27,9.425333023071289,9.526665687561035,9.386666297912598,9.46399974822998,8490
2015-12-28,9.46399974822998,9.400666236877441,9.399999618530273,9.400666236877441,2370
2015-12-29,9.400666236877441,9.399999618530273,9.333333015441895,9.393333435058594,10065
2015-12-30,9.393333435058594,9.393333435058594,9.393333435058594,9.393333435058594,0
2015-12-31,9.393333435058594,9.5,9.399999618530273,9.412666320800781,5985
2016-01-03,9.412666320800781,9.412666320800781,9.412666320800781,9.412666320800781,0
2016-01-04,9.412666320800781,9.366665840148926,9.366665840148926,9.366665840148926,1875
2016-01-05,9.366665840148926,9.466666221618652,9.399999618530273,9.444665908813477,2250
2016-01-06,9.444665908813477,9.4399995803833,9.4399995803833,9.444665908813477,555
2016-01-10,9.444665908813477,9.4399995803833,9.333333015441895,9.399333000183105,4410
2016-01-11,9.399333000183105,9.433333396911621,9.433333396911621,9.433333396911621,8895
2016-01-12,9.433333396911621,9.333333015441895,9.333333015441895,9.333333015441895,3330
2016-01-13,9.333333015441895,9.5,9.333333015441895,9.333999633789062,39375
2016-01-14,9.333999633789062,9.333333015441895,9.333333015441895,9.333333015441895,42000
2016-01-17,9.333333015441895,9.199999809265137,9.199999809265137,9.333333015441895,1425
2016-01-18,9.333333015441895,9.333333015441895,9.333333015441895,9.333333015441895,0
2016-01-19,9.333333015441895,9.399999618530273,9.399999618530273,9.399999618530273,22500
2016-01-20,9.399999618530273,9.399999618530273,9.399999618530273,9.399999618530273,0
2016-01-21,9.378665924072266,9.399999618530273,9.399999618530273,9.399999618530273,1500
2016-01-24,9.399999618530273,9.399999618530273,9.399999618530273,9.399999618530273,900
2016-01-26,9.399999618530273,9.399999618530273,9.399999618530273,9.399999618530273,0
2016-01-27,9.399999618530273,9.399999618530273,9.133333206176758,9.328665733337402,7650
2016-01-28,9.328665733337402,9.328665733337402,9.133333206176758,9.28933334350586,12435
2016-01-31,9.28933334350586,9.28933334350586,9.28933334350586,9.28933334350586,0
2016-02-01,9.28933334350586,9.133333206176758,8.934000015258789,9.052665710449219,10650
2016-02-02,9.052665710449219,8.533332824707031,8.406665802001953,8.463333129882812,1725
2016-02-03,8.463333129882812,8.403332710266113,8.403332710266113,8.463333129882812,750
2016-02-04,8.463333129882812,8.399999618530273,8.336666107177734,8.397333145141602,14190
2016-02-07,8.397333145141602,9.0,9.0,9.0,7500
2016-02-08,9.0,8.600000381469727,8.333333015441895,9.0,1365
2016-02-09,9.0,8.993332862854004,8.333333015441895,8.589332580566406,10575
2016-02-10,8.589332580566406,8.466666221618652,8.399999618530273,8.424666404724121,7095
2016-02-11,8.424666404724121,8.466666221618652,8.399999618530273,8.403332710266113,5565
2016-02-14,8.403332710266113,8.403332710266113,8.403332710266113,8.403332710266113,0
2016-02-15,8.403332710266113,8.403332710266113,8.403332710266113,8.403332710266113,0
2016-02-16,8.403332710266113,8.466666221618652,8.466666221618652,8.466666221618652,10275
2016-02-17,8.466666221618652,8.466666221618652,8.466666221618652,8.466666221618652,0
2016-02-18,8.466666221618652,8.466666221618652,8.466666221618652,8.466666221618652,0
2016-02-21,8.466666221618652,8.466666221618652,8.466666221618652,8.466666221618652,0
2016-02-22,8.466666221618652,8.466666221618652,8.466666221618652,8.466666221618652,0
2016-02-23,8.466666221618652,8.533332824707031,8.466666221618652,8.528665542602539,8475
2016-02-24,8.528665542602539,8.528665542602539,8.528665542602539,8.528665542602539,0
2016-02-25,8.528665542602539,8.466666221618652,8.33466625213623,8.376666069030762,3075
2016-02-28,8.376666069030762,8.376666069030762,8.376666069030762,8.376666069030762,0
2016-02-29,8.376666069030762,8.376666069030762,8.376666069030762,8.376666069030762,0
2016-03-01,8.376666069030762,8.533332824707031,8.34333324432373,8.375332832336426,1800
2016-03-02,8.375332832336426,8.375332832336426,8.375332832336426,8.375332832336426,0
2016-03-03,8.375332832336426,8.399999618530273,8.353333473205566,8.392000198364258,10980
2016-03-06,8.392000198364258,8.34466552734375,8.0,8.140666007995605,3195
2016-03-07,8.140666007995605,8.333333015441895,8.20199966430664,8.330665588378906,15300
2016-03-08,8.330665588378906,8.333333015441895,8.199999809265137,8.307332992553711,9330
2016-03-09,8.307332992553711,8.266666412353516,8.199999809265137,8.237333297729492,24285
2016-03-10,8.237333297729492,8.333333015441895,8.00333309173584,8.156665802001953,22725
2016-03-13,8.156665802001953,8.156665802001953,8.156665802001953,8.156665802001953,0
2016-03-14,8.156665802001953,8.266666412353516,8.133333206176758,8.137999534606934,10395
2016-03-15,8.137999534606934,8.133333206176758,8.066665649414062,8.077333450317383,14760
2016-03-16,8.077333450317383,8.066665649414062,8.066665649414062,8.066665649414062,15000
2016-03-17,8.066665649414062,8.010000228881836,7.866665840148926,7.97066593170166,57000
2016-03-20,7.97066593170166,8.126666069030762,7.800000190734863,7.928666114807129,31380
2016-03-21,7.928666114807129,7.933332920074463,7.834000110626221,7.9039998054504395,4830
2016-03-22,7.9039998054504395,7.9039998054504395,7.9039998054504395,7.9039998054504395,0
2016-03-23,7.9039998054504395,7.936666011810303,7.733333110809326,7.921999931335449,258525
2016-03-24,7.921999931335449,7.673333168029785,7.669332981109619,7.672666072845459,1830
2016-03-27,7.672666072845459,7.867332935333252,7.866665840148926,7.672666072845459,420
2016-03-28,7.672666072845459,7.672666072845459,7.672666072845459,7.672666072845459,0
2016-03-29,7.8373332023620605,7.666666030883789,7.616665840148926,7.8373332023620605,750
2016-03-30,7.8373332023620605,7.480000019073486,7.3333330154418945,7.8373332023620605,705
2016-03-31,7.8373332023620605,7.793333053588867,7.733333110809326,7.757332801818848,15090
2016-04-03,7.757332801818848,7.733333110809326,7.733333110809326,7.733333110809326,15000
2016-04-04,7.733333110809326,7.733333110809326,7.733333110809326,7.733333110809326,0
2016-04-05,7.733333110809326,7.733333110809326,7.599999904632568,7.680665969848633,12495
2016-04-06,7.680665969848633,7.666666030883789,7.533332824707031,7.622000217437744,11250
2016-04-07,7.622000217437744,7.666666030883789,7.666666030883789,7.666666030883789,7500
2016-04-10,7.666666030883789,7.699999809265137,7.599999904632568,7.666666030883789,360
2016-04-11,7.666666030883789,7.501333236694336,7.501333236694336,7.501333236694336,5595
2016-04-12,7.501333236694336,7.599999904632568,7.599999904632568,7.599999904632568,15000
2016-04-13,7.599999904632568,7.566666126251221,7.50066614151001,7.541999816894531,7740
2016-04-14,7.541999816894531,7.860000133514404,7.699999809265137,7.776000022888184,3960
2016-04-17,7.776000022888184,7.776000022888184,7.776000022888184,7.776000022888184,0
2016-04-18,7.776000022888184,7.666666030883789,7.666666030883789,7.666666030883789,2385
2016-04-19,7.666666030883789,7.860000133514404,7.468666076660156,7.611999988555908,22335
2016-04-20,7.611999988555908,7.829999923706055,7.533332824707031,7.547999858856201,20460
2016-04-21,7.547999858856201,7.533332824707031,7.533332824707031,7.533332824707031,5250
2016-04-24,7.533332824707031,7.859333038330078,7.733333110809326,7.739333152770996,3150
2016-04-26,7.739333152770996,7.739333152770996,7.739333152770996,7.739333152770996,0
2016-04-27,7.739333152770996,7.613333225250244,7.599999904632568,7.606666088104248,36810
2016-04-28,7.606666088104248,7.5806660652160645,7.533332824707031,7.547999858856201,12495
2016-05-01,7.547999858856201,7.547999858856201,7.547999858856201,7.547999858856201,0
2016-05-03,7.547999858856201,7.504000186920166,7.5,7.501333236694336,10980
2016-05-04,7.501333236694336,7.599999904632568,7.466666221618652,7.480000019073486,18315
2016-05-05,7.480000019073486,7.466666221618652,7.336666107177734,7.427332878112793,38070
2016-05-08,7.427332878112793,7.400000095367432,7.3333330154418945,7.340000152587891,11025
2016-05-09,7.340000152587891,7.3333330154418945,7.258666038513184,7.292665958404541,1650
2016-05-10,7.292665958404541,7.292665958404541,7.292665958404541,7.292665958404541,0
2016-05-11,7.292665958404541,7.400000095367432,7.400000095367432,7.400000095367432,7500
2016-05-12,7.400000095367432,7.400000095367432,7.400000095367432,7.400000095367432,7050
2016-05-15,7.400000095367432,7.400000095367432,7.400000095367432,7.400000095367432,0
2016-05-16,7.400000095367432,7.400000095367432,7.400000095367432,7.400000095367432,0
2016-05-17,7.400000095367432,7.400000095367432,7.400000095367432,7.400000095367432,0
2016-05-18,7.400000095367432,7.258666038513184,7.036665916442871,7.096665859222412,5415
2016-05-19,7.096665859222412,7.266665935516357,7.036665916442871,7.214000225067139,11685
2016-05-22,7.214000225067139,7.1406660079956055,7.1406660079956055,7.214000225067139,1125
2016-05-23,7.214000225067139,7.066666126251221,6.872000217437744,7.0146660804748535,8820
2016-05-24,7.0146660804748535,7.3333330154418945,7.199999809265137,7.211999893188477,5700
2016-05-25,7.211999893188477,7.533332824707031,7.466666221618652,7.518665790557861,6945
2016-05-26,7.518665790557861,7.460000038146973,7.3333330154418945,7.343999862670898,10200
2016-05-29,7.343999862670898,7.343999862670898,7.343999862670898,7.343999862670898,0
2016-05-30,7.343999862670898,7.466666221618652,7.300000190734863,7.402666091918945,10380
2016-05-31,7.402666091918945,7.3333330154418945,7.3333330154418945,7.402666091918945,15
2016-06-01,7.334000110626221,7.334000110626221,7.266665935516357,7.3206658363342285,16095
2016-06-02,7.402666091918945,7.402666091918945,7.402666091918945,7.402666091918945,0
2016-06-05,7.3206658363342285,7.340000152587891,7.334665775299072,7.3206658363342285,1020
2016-06-06,7.3206658363342285,7.400000095367432,7.400000095367432,7.3206658363342285,900
2016-06-07,7.3206658363342285,7.340000152587891,7.3206658363342285,7.334665775299072,1875
2016-06-08,7.3206658363342285,7.3206658363342285,7.3206658363342285,7.3206658363342285,0
2016-06-09,7.3206658363342285,7.3206658363342285,7.3206658363342285,7.3206658363342285,0
2016-06-12,7.334665775299072,7.336666107177734,7.3333330154418945,7.334000110626221,11445
2016-06-13,7.3333330154418945,7.3333330154418945,7.3333330154418945,7.3333330154418945,15075
2016-06-14,7.3333330154418945,7.3333330154418945,7.3333330154418945,7.3333330154418945,0
2016-06-15,7.306665897369385,7.306665897369385,7.306665897369385,7.306665897369385,210
2016-06-16,7.306665897369385,7.306665897369385,7.306665897369385,7.306665897369385,0
2016-06-19,7.400000095367432,7.400000095367432,7.400000095367432,7.400000095367432,3000
2016-06-20,7.400000095367432,7.633333206176758,7.400666236877441,7.480000019073486,14640
2016-06-21,7.400666236877441,7.400666236877441,7.400666236877441,7.400666236877441,3105
2016-06-22,7.480000019073486,7.480000019073486,7.480000019073486,7.480000019073486,0
2016-06-23,7.480000019073486,7.480000019073486,7.480000019073486,7.480000019073486,0
2016-06-26,7.480000019073486,7.480000019073486,7.480000019073486,7.480000019073486,0
2016-06-27,7.480000019073486,7.480000019073486,7.480000019073486,7.480000019073486,0
2016-06-28,7.3206658363342285,7.283999919891357,7.26800012588501,7.2779998779296875,2010
2016-06-29,7.2779998779296875,7.3333330154418945,7.3333330154418945,7.3333330154418945,14250
2016-06-30,7.3333330154418945,7.3333330154418945,7.3333330154418945,7.3333330154418945,0
2016-07-03,7.3333330154418945,7.246665954589844,7.246665954589844,7.3333330154418945,1380
2016-07-04,7.3333330154418945,7.334665775299072,7.334665775299072,7.3333330154418945,795
2016-07-05,7.3333330154418945,7.3333330154418945,7.3333330154418945,7.3333330154418945,0
2016-07-10,7.3333330154418945,7.909999847412109,7.909999847412109,7.909999847412109,3750
2016-07-11,7.909999847412109,7.866665840148926,7.335332870483398,7.541333198547363,5280
2016-07-12,7.541333198547363,7.380000114440918,7.376666069030762,7.380000114440918,1530
2016-07-13,7.380000114440918,7.466666221618652,7.346665859222412,7.46466588973999,45750
2016-07-14,7.46466588973999,7.46466588973999,7.46466588973999,7.46466588973999,0
2016-07-17,7.46466588973999,7.400000095367432,7.400000095367432,7.400000095367432,10500
2016-07-18,7.400000095367432,7.533332824707031,7.533332824707031,7.533332824707031,26595
2016-07-19,7.533332824707031,7.599999904632568,7.599999904632568,7.599999904632568,15000
2016-07-20,7.599999904632568,7.599999904632568,7.599999904632568,7.599999904632568,0
2016-07-21,7.599999904632568,7.599999904632568,7.599999904632568,7.599999904632568,33300
2016-07-24,7.599999904632568,7.599999904632568,7.599999904632568,7.599999904632568,0
2016-07-25,7.534666061401367,7.599999904632568,7.466666221618652,7.5786662101745605,15705
2016-07-26,7.5786662101745605,7.599999904632568,7.599999904632568,7.599999904632568,12000
2016-07-27,7.599999904632568,7.666666030883789,7.436666011810303,7.48866605758667,6450
2016-07-28,7.48866605758667,7.533332824707031,7.46999979019165,7.527332782745361,16530
2016-07-31,7.527332782745361,7.527332782745361,7.527332782745361,7.527332782745361,0
2016-08-01,7.527332782745361,7.483333110809326,7.466666221618652,7.527332782745361,885
2016-08-02,7.527332782745361,7.533332824707031,7.47333288192749,7.529333114624023,11340
2016-08-03,7.529333114624023,7.47666597366333,7.47666597366333,7.47666597366333,3000
2016-08-04,7.47666597366333,7.47666597366333,7.47666597366333,7.47666597366333,0
2016-08-07,7.533999919891357,7.566666126251221,7.566666126251221,7.566666126251221,12000
2016-08-08,7.566666126251221,7.566666126251221,7.566666126251221,7.566666126251221,0
2016-08-09,7.566666126251221,7.533332824707031,7.533332824707031,7.533332824707031,13500
2016-08-10,7.533332824707031,7.533332824707031,7.533332824707031,7.533332824707031,1080
2016-08-11,7.533332824707031,7.533332824707031,7.533332824707031,7.533332824707031,0
2016-08-14,7.533332824707031,7.566666126251221,7.533332824707031,7.547332763671875,17655
2016-08-15,7.547332763671875,7.533332824707031,7.533332824707031,7.533332824707031,5565
2016-08-16,7.533332824707031,7.5,7.335332870483398,7.48199987411499,6135
2016-08-17,7.48199987411499,7.334665775299072,7.334665775299072,7.48199987411499,1350
2016-08-18,7.48199987411499,7.341332912445068,7.341332912445068,7.48199987411499,1350
2016-08-21,7.48199987411499,7.483333110809326,7.341332912445068,7.411333084106445,2025
2016-08-22,7.411333084106445,7.699999809265137,7.400000095367432,7.435332775115967,8085
2016-08-23,7.435332775115967,7.796666145324707,7.733333110809326,7.435332775115967,1215
2016-08-24,7.435332775115967,7.435332775115967,7.435332775115967,7.435332775115967,0
2016-08-25,7.435332775115967,7.699999809265137,7.473999977111816,7.658666133880615,2295
2016-08-28,7.658666133880615,7.666666030883789,7.665999889373779,7.666666030883789,6900
2016-08-29,7.666666030883789,7.666666030883789,7.666666030883789,7.666666030883789,0
2016-08-30,7.5706658363342285,7.733333110809326,7.566666126251221,7.568665981292725,7890
2016-08-31,7.568665981292725,7.489999771118164,7.487332820892334,7.48799991607666,2025
2016-09-01,7.48799991607666,7.5,7.266665935516357,7.348666191101074,14070
2016-09-04,7.348666191101074,7.466666221618652,7.466666221618652,7.348666191101074,15
2016-09-05,7.348666191101074,7.5,7.453332901000977,7.46999979019165,3690
2016-09-06,7.46999979019165,7.666666030883789,7.5,7.505332946777344,15375
2016-09-07,7.505332946777344,7.599332809448242,7.340000152587891,7.593999862670898,4320
2016-09-08,7.593999862670898,7.593999862670898,7.593999862670898,7.593999862670898,0
2016-09-13,7.593999862670898,7.593999862670898,7.593999862670898,7.593999862670898,0
2016-09-14,7.593999862670898,7.599999904632568,7.599999904632568,7.593999862670898,345
2016-09-15,7.593999862670898,7.599999904632568,7.599332809448242,7.599999904632568,3075
2016-09-18,7.599999904632568,7.666666030883789,7.599999904632568,7.666666030883789,3735
2016-09-19,7.662665843963623,7.666666030883789,7.599999904632568,7.6579999923706055,9945
2016-09-20,7.6579999923706055,7.6579999923706055,7.6579999923706055,7.6579999923706055,0
2016-09-21,7.6579999923706055,7.6579999923706055,7.6579999923706055,7.6579999923706055,0
2016-09-22,7.6579999923706055,7.6579999923706055,7.6579999923706055,7.6579999923706055,0
2016-09-25,7.618000030517578,7.633333206176758,7.633333206176758,7.633333206176758,1500
2016-09-26,7.633333206176758,7.633333206176758,7.633333206176758,7.633333206176758,0
2016-09-27,7.633333206176758,7.400000095367432,7.3333330154418945,7.3953328132629395,11250
2016-09-28,7.3953328132629395,7.400000095367432,7.266665935516357,7.360000133514404,5835
2016-09-29,7.360000133514404,7.606666088104248,7.199999809265137,7.50066614151001,8160
2016-10-02,7.50066614151001,7.50066614151001,7.50066614151001,7.50066614151001,0
2016-10-03,7.50066614151001,7.50066614151001,7.50066614151001,7.50066614151001,0
2016-10-04,7.551332950592041,7.733333110809326,7.400666236877441,7.600666046142578,25530
2016-10-05,7.600666046142578,7.600666046142578,7.600666046142578,7.600666046142578,0
2016-10-09,7.600666046142578,7.600666046142578,7.600666046142578,7.600666046142578,0
2016-10-10,7.866665840148926,7.670000076293945,7.666666030883789,7.667333126068115,19875
2016-10-11,7.667333126068115,7.599999904632568,7.400000095367432,7.511332988739014,4500
2016-10-12,7.511332988739014,7.480000019073486,7.466666221618652,7.46733283996582,22680
2016-10-13,7.46733283996582,7.733333110809326,7.394000053405762,7.563333034515381,17190
2016-10-16,7.563333034515381,7.563333034515381,7.400000095367432,7.480000019073486,12495
2016-10-17,7.480000019073486,7.344666004180908,7.334000110626221,7.341332912445068,5250
2016-10-18,7.341332912445068,7.114665985107422,6.867332935333252,7.341332912445068,525
2016-10-19,7.341332912445068,6.734000205993652,6.666666030883789,6.688665866851807,2520
2016-10-20,6.688665866851807,7.1966657638549805,6.966666221618652,7.166666030883789,3450
2016-10-23,7.166666030883789,7.0,6.800000190734863,6.819333076477051,14925
2016-10-24,6.819333076477051,6.733333110809326,6.733333110809326,6.819333076477051,1380
2016-10-25,6.819333076477051,6.734000205993652,6.733333110809326,6.734000205993652,2685
2016-10-26,6.734000205993652,6.733333110809326,6.633999824523926,6.670666217803955,8295
2016-10-27,6.670666217803955,6.966666221618652,6.800000190734863,6.928666114807129,1815
2016-10-30,6.928666114807129,6.928666114807129,6.928666114807129,6.928666114807129,0
2016-10-31,6.928666114807129,6.928666114807129,6.928666114807129,6.928666114807129,0
2016-11-01,6.928666114807129,6.983333110809326,6.800665855407715,6.863333225250244,7500
2016-11-02,6.863333225250244,6.863333225250244,6.863333225250244,6.863333225250244,0
2016-11-03,6.852665901184082,7.533332824707031,6.852665901184082,7.192666053771973,22500
2016-11-06,7.192666053771973,7.066666126251221,6.871333122253418,6.942666053771973,11970
2016-11-07,6.942666053771973,7.133333206176758,6.966666221618652,7.065332889556885,4965
2016-11-08,7.065332889556885,7.066666126251221,6.400000095367432,6.660665988922119,34275
2016-11-09,6.660665988922119,6.800000190734863,6.670000076293945,6.74466609954834,5040
2016-11-10,6.74466609954834,7.418665885925293,7.0,7.3246660232543945,15000
2016-11-13,7.3246660232543945,8.056666374206543,7.3333330154418945,7.697332859039307,5160
2016-11-14,7.697332859039307,7.697332859039307,7.697332859039307,7.697332859039307,0
2016-11-15,7.697332859039307,7.400000095367432,7.3333330154418945,7.360665798187256,4710
2016-11-16,7.360665798187256,8.09666633605957,7.400000095367432,7.637332916259766,106125
2016-11-17,7.637332916259766,7.999332904815674,7.866665840148926,7.922666072845459,30225
2016-11-20,7.922666072845459,7.665999889373779,7.420000076293945,7.5746660232543945,13500
2016-11-21,7.5746660232543945,7.466666221618652,7.199999809265137,7.311999797821045,99195
2016-11-22,7.311999797821045,7.311999797821045,7.311999797821045,7.311999797821045,0
2016-11-23,7.340665817260742,7.1533331871032715,7.133333206176758,7.135333061218262,69000
2016-11-24,7.135333061218262,7.100666046142578,6.867332935333252,6.941999912261963,130500
2016-11-27,6.941999912261963,6.933332920074463,6.900000095367432,6.926000118255615,21375
2016-11-28,6.926000118255615,6.933332920074463,6.733333110809326,6.832665920257568,24900
2016-11-29,6.832665920257568,6.999332904815674,6.8333330154418945,6.857999801635742,3915
2016-11-30,6.857999801635742,6.933332920074463,6.860000133514404,6.867332935333252,36255
2016-12-01,6.867332935333252,6.867332935333252,6.867332935333252,6.867332935333252,0
2016-12-04,6.8460001945495605,6.876666069030762,6.800000190734863,6.860665798187256,37470
2016-12-05,6.860665798187256,6.866665840148926,6.866000175476074,6.866665840148926,15465
2016-12-06,6.866665840148926,6.8333330154418945,6.800000190734863,6.823999881744385,13980
2016-12-07,6.823999881744385,6.8333330154418945,6.800000190734863,6.814665794372559,13080
2016-12-08,6.814665794372559,7.0,6.683332920074463,6.931333065032959,25530
2016-12-11,6.931333065032959,6.931333065032959,6.931333065032959,6.931333065032959,0
2016-12-12,6.931333065032959,6.931333065032959,6.931333065032959,6.931333065032959,0
2016-12-13,6.931333065032959,7.063333034515381,6.836666107177734,7.00600004196167,8025
2016-12-14,7.00600004196167,7.0,6.846665859222412,6.872665882110596,3165
2016-12-15,6.872665882110596,6.872665882110596,6.872665882110596,6.872665882110596,0
2016-12-18,6.875332832336426,7.400000095367432,7.0,7.1966657638549805,414375
2016-12-19,7.1966657638549805,7.179333209991455,7.065999984741211,7.105332851409912,51300
2016-12-20,7.105332851409912,7.332665920257568,7.0,7.091332912445068,110025
2016-12-21,7.091332912445068,7.0,6.933332920074463,6.965332984924316,23685
2016-12-22,6.965332984924316,6.933332920074463,6.867332935333252,6.926665782928467,62490
2016-12-25,6.926665782928467,6.871333122253418,6.870666027069092,6.870666027069092,1500
2016-12-26,6.870666027069092,7.133333206176758,6.933332920074463,7.090665817260742,38160
2016-12-27,7.090665817260742,7.001333236694336,7.00066614151001,7.00066614151001,21945
2016-12-28,7.00066614151001,7.00333309173584,6.933332920074463,6.989333152770996,9000
2016-12-29,6.989333152770996,7.0,6.900666236877441,6.9466657638549805,17070
2017-01-02,6.9466657638549805,6.933332920074463,6.736666202545166,6.887332916259766,19035
2017-01-03,6.887332916259766,6.866665840148926,6.766665935516357,6.827332973480225,50460
2017-01-04,6.827332973480225,6.7820000648498535,6.766665935516357,6.771999835968018,6825
2017-01-05,6.771999835968018,6.809999942779541,6.793333053588867,6.799333095550537,24150
2017-01-09,6.792665958404541,6.866000175476074,6.800000190734863,6.806665897369385,12750
2017-01-10,6.806665897369385,6.800000190734863,6.767333030700684,6.799333095550537,15525
2017-01-11,6.799333095550537,6.866665840148926,6.767333030700684,6.801332950592041,37530
2017-01-12,6.801332950592041,6.8993330001831055,6.766665935516357,6.802666187286377,16695
2017-01-15,6.802666187286377,6.866665840148926,6.766665935516357,6.8480000495910645,50010
2017-01-16,6.8480000495910645,6.866665840148926,6.766665935516357,6.822666168212891,98820
2017-01-17,6.822666168212891,6.822666168212891,6.800000190734863,6.822000026702881,255135
2017-01-18,6.822000026702881,6.866665840148926,6.599999904632568,6.7693328857421875,16155
2017-01-19,6.7693328857421875,6.866000175476074,6.533332824707031,6.598666191101074,17175
2017-01-22,6.598666191101074,6.733333110809326,6.466666221618652,6.660665988922119,6900
2017-01-23,6.660665988922119,6.600666046142578,6.599999904632568,6.600666046142578,1740
2017-01-24,6.600666046142578,6.666666030883789,6.533332824707031,6.608665943145752,14610
2017-01-26,6.608665943145752,6.666666030883789,6.666666030883789,6.666666030883789,2985
2017-01-29,6.666666030883789,6.668000221252441,6.4019999504089355,6.517333030700684,32235
2017-01-30,6.517333030700684,6.487332820892334,6.466666221618652,6.478665828704834,19800
2017-01-31,6.478665828704834,6.383333206176758,6.3333330154418945,6.357999801635742,8445
2017-02-01,6.357999801635742,6.800000190734863,6.664666175842285,6.686666011810303,11445
2017-02-02,6.686666011810303,7.266665935516357,6.533332824707031,6.8460001945495605,201300
2017-02-05,6.8460001945495605,7.53000020980835,7.066666126251221,7.428666114807129,729945
2017-02-06,7.428666114807129,7.433332920074463,7.071332931518555,7.303999900817871,436215
2017-02-07,7.303999900817871,7.326665878295898,6.934666156768799,7.146666049957275,353145
2017-02-08,7.146666049957275,7.233333110809326,6.846665859222412,6.955333232879639,108030
2017-02-09,6.955333232879639,7.066666126251221,6.800000190734863,6.944665908813477,60180
2017-02-12,6.944665908813477,7.0,6.466666221618652,6.7220001220703125,33495
2017-02-13,6.7220001220703125,7.394000053405762,6.866665840148926,7.318665981292725,263685
2017-02-14,8.050000190734863,8.333333015441895,7.413332939147949,7.943333148956299,797865
2017-02-15,7.943333148956299,7.866000175476074,7.510000228881836,7.639999866485596,741660
2017-02-16,7.639999866485596,7.832665920257568,7.566666126251221,7.686666011810303,571920
2017-02-19,7.686666011810303,7.686666011810303,7.686666011810303,7.686666011810303,0
2017-02-20,7.484665870666504,7.565999984741211,7.26800012588501,7.408666133880615,91035
2017-02-21,7.408666133880615,7.581999778747559,7.332665920257568,7.383333206176758,128805
2017-02-22,7.383333206176758,7.5833330154418945,7.276666164398193,7.47599983215332,145695
2017-02-23,7.47599983215332,7.666666030883789,7.199999809265137,7.455999851226807,280275
2017-02-26,7.455999851226807,7.565999984741211,7.203332901000977,7.311333179473877,92940
2017-02-27,7.311333179473877,7.2006659507751465,6.8333330154418945,6.999332904815674,335880
2017-02-28,6.999332904815674,7.1020002365112305,6.900000095367432,6.990665912628174,64095
2017-03-01,6.990665912628174,7.00666618347168,6.934000015258789,6.98533296585083,105240
2017-03-02,6.98533296585083,7.233333110809326,6.933332920074463,7.084665775299072,464715
2017-03-05,7.084665775299072,7.792665958404541,7.133333206176758,7.698666095733643,682905
2017-03-06,7.698666095733643,7.966666221618652,7.533332824707031,7.791999816894531,527490
2017-03-07,7.791999816894531,8.0,7.473999977111816,7.801332950592041,513555
2017-03-08,7.801332950592041,8.066665649414062,7.599999904632568,7.96133279800415,1805790
2017-03-09,7.96133279800415,8.757332801818848,8.063332557678223,8.527999877929688,3050055
2017-03-12,8.527999877929688,9.066665649414062,8.567999839782715,8.832666397094727,1265910
2017-03-13,8.832666397094727,9.0,8.666000366210938,8.78933334350586,1115715
2017-03-14,8.78933334350586,8.733332633972168,8.600000381469727,8.661999702453613,386355
2017-03-15,8.661999702453613,8.983332633972168,8.666666030883789,8.793333053588867,431745
2017-03-16,8.793333053588867,8.982666015625,8.739999771118164,8.883333206176758,766665
2017-03-19,8.883333206176758,9.056666374206543,8.800000190734863,8.921333312988281,751845
2017-03-20,8.921333312988281,8.933333396911621,8.723333358764648,8.78600025177002,254520
2017-03-21,8.78600025177002,8.866665840148926,8.603333473205566,8.687999725341797,405540
2017-03-22,8.687999725341797,8.855999946594238,8.51200008392334,8.710665702819824,255360
2017-03-23,8.710665702819824,8.759332656860352,8.571332931518555,8.624666213989258,83055
2017-03-26,8.624666213989258,8.795999526977539,8.483332633972168,8.566665649414062,196500
2017-03-27,8.566665649414062,8.534666061401367,8.366665840148926,8.45533275604248,276600
2017-03-29,8.460665702819824,8.533332824707031,8.373332977294922,8.450666427612305,156135
2017-03-30,8.450666427612305,8.800000190734863,8.533332824707031,8.715999603271484,313125
2017-04-02,8.715999603271484,8.832666397094727,8.583333015441895,8.722665786743164,402855
2017-04-03,8.722665786743164,9.59466552734375,8.666666030883789,9.222665786743164,1472175
2017-04-04,9.734665870666504,10.266666412353516,9.533332824707031,9.880000114440918,1421115
2017-04-05,9.222665786743164,10.144665718078613,10.144665718078613,10.144665718078613,47850
2017-04-06,11.158665657043457,12.27400016784668,11.158665657043457,12.07266616821289,1901925
2017-04-09,12.07266616821289,12.262665748596191,11.166666030883789,11.628000259399414,1266900
2017-04-10,11.133333206176758,11.800000190734863,11.066665649414062,11.432665824890137,998580
2017-04-11,11.432665824890137,11.793333053588867,11.266666412353516,11.430665969848633,827295
2017-04-12,11.430665969848633,11.333333015441895,11.066665649414062,11.204666137695312,396180
2017-04-13,11.204666137695312,11.199999809265137,10.800000190734863,10.937333106994629,444435
2017-04-18,10.937333106994629,11.333333015441895,10.678666114807129,11.092665672302246,357885
2017-04-19,11.092665672302246,11.399999618530273,10.800000190734863,11.188666343688965,297015
2017-04-20,11.188666343688965,11.300000190734863,10.88066577911377,11.10866641998291,278340
2017-04-23,11.10866641998291,11.333333015441895,10.766666412353516,11.17199993133545,324600
2017-04-24,11.17199993133545,11.665332794189453,11.266666412353516,11.40466594696045,568080
2017-04-26,11.40466594696045,11.730666160583496,11.333333015441895,11.531332969665527,387360
2017-04-27,11.531332969665527,11.998000144958496,11.468000411987305,11.685333251953125,574860
2017-04-30,11.685333251953125,12.067333221435547,11.466666221618652,11.875332832336426,836715
2017-05-02,11.875332832336426,12.524665832519531,12.00666618347168,12.293333053588867,1015455
2017-05-03,12.293333053588867,12.226666450500488,11.934000015258789,12.058666229248047,311925
2017-05-04,12.058666229248047,12.199999809265137,11.873332977294922,12.025333404541016,338100
2017-05-07,12.025333404541016,12.066665649414062,11.800665855407715,11.916666030883789,386415
2017-05-08,12.00666618347168,12.199999809265137,11.876666069030762,12.009332656860352,409770
2017-05-09,12.009332656860352,12.066665649414062,11.800000190734863,11.905332565307617,266505
2017-05-10,11.905332565307617,12.0,11.800000190734863,11.881999969482422,151515
2017-05-11,11.881999969482422,12.333333015441895,11.833333015441895,12.168000221252441,528840
2017-05-14,12.168000221252441,12.799332618713379,12.149999618530273,12.549332618713379,674745
2017-05-15,12.549332618713379,12.549332618713379,12.549332618713379,12.549332618713379,0
2017-05-16,12.918000221252441,12.9399995803833,12.46733283996582,12.665332794189453,319380
2017-05-17,12.665332794189453,12.933333396911621,12.426666259765625,12.711333274841309,388605
2017-05-18,12.711333274841309,13.732666015625,12.806666374206543,13.100000381469727,1733355
2017-05-21,13.100000381469727,14.126666069030762,13.5,13.876666069030762,529050
2017-05-22,13.876666069030762,14.265999794006348,13.533332824707031,13.885333061218262,816135
2017-05-23,13.885333061218262,14.666666030883789,14.0,14.360666275024414,792600
2017-05-24,14.360666275024414,15.330665588378906,14.600000381469727,14.986665725708008,655680
2017-05-25,14.986665725708008,14.999333381652832,14.433333396911621,14.670665740966797,675840
2017-05-28,14.670665740966797,14.899999618530273,14.399999618530273,14.48799991607666,95010
2017-05-29,14.48799991607666,15.333333015441895,14.399999618530273,14.898666381835938,555945
2017-05-30,14.898666381835938,15.853333473205566,15.200666427612305,15.447999954223633,760950
2017-05-31,15.447999954223633,15.933333396911621,15.466666221618652,15.607333183288574,681525
2017-06-01,15.607333183288574,16.263999938964844,15.833333015441895,16.034000396728516,519465
2017-06-04,16.034000396728516,16.266666412353516,15.673333168029785,15.871999740600586,290265
2017-06-05,15.871999740600586,15.925333023071289,15.567999839782715,15.760000228881836,334845
2017-06-06,15.760000228881836,15.991999626159668,15.466666221618652,15.574666023254395,338145
2017-06-07,15.574666023254395,15.666666030883789,15.336666107177734,15.51866626739502,157950
2017-06-08,15.51866626739502,15.498665809631348,15.200666427612305,15.368000030517578,241110
2017-06-11,15.368000030517578,15.65999984741211,14.933333396911621,15.1726655960083,176895
2017-06-12,15.1726655960083,15.498665809631348,15.0,15.121999740600586,454755
2017-06-13,15.121999740600586,15.733332633972168,15.199999809265137,15.43466567993164,342585
2017-06-14,15.43466567993164,16.66666603088379,15.793333053588867,16.207332611083984,945840
2017-06-15,16.207332611083984,16.865999221801758,16.400665283203125,16.66066551208496,246150
2017-06-18,16.66066551208496,17.0,16.15333366394043,16.722000122070312,162480
2017-06-19,16.722000122070312,16.66666603088379,16.167333602905273,16.376665115356445,68370
2017-06-20,16.376665115356445,16.466665267944336,16.066665649414062,16.261999130249023,164625
2017-06-21,16.261999130249023,16.600000381469727,16.201332092285156,16.357332229614258,95655
2017-06-22,16.357332229614258,16.66666603088379,16.266666412353516,16.423999786376953,445275
2017-06-28,16.423999786376953,16.72599983215332,16.40333366394043,16.65999984741211,228735
2017-06-29,16.65999984741211,16.65999984741211,16.65999984741211,16.65999984741211,0
2017-07-02,16.65999984741211,17.197999954223633,16.66666603088379,16.849332809448242,391230
2017-07-03,16.849332809448242,17.25933265686035,16.6113338470459,16.818666458129883,210510
2017-07-04,16.818666458129883,16.860000610351562,16.400665283203125,16.50666618347168,112020
2017-07-05,16.50666618347168,16.600000381469727,16.266666412353516,16.35333251953125,142695
2017-07-06,16.35333251953125,16.520000457763672,16.0,16.26799964904785,430935
2017-07-09,16.26799964904785,16.3886661529541,15.803333282470703,16.247333526611328,668790
2017-07-10,16.247333526611328,16.531333923339844,15.690666198730469,15.982666015625,586335
2017-07-11,15.982666015625,15.870665550231934,15.535332679748535,15.758666038513184,192840
2017-07-12,15.758666038513184,16.066665649414062,15.673333168029785,15.793333053588867,274440
2017-07-13,15.793333053588867,15.999333381652832,15.766666412353516,15.866665840148926,119895
2017-07-16,15.866665840148926,15.836666107177734,15.5513334274292,15.723333358764648,224565
2017-07-17,15.723333358764648,15.666666030883789,15.199999809265137,15.361332893371582,180750
2017-07-18,15.361332893371582,15.333333015441895,14.966666221618652,15.135333061218262,114360
2017-07-19,15.135333061218262,15.926666259765625,15.066665649414062,15.642000198364258,550275
2017-07-20,15.642000198364258,16.0,15.399999618530273,15.655332565307617,495315
2017-07-24,15.655332565307617,15.960000038146973,15.34333324432373,15.544666290283203,93060
2017-07-25,15.544666290283203,16.865999221801758,15.533332824707031,16.38800048828125,356400
2017-07-26,16.38800048828125,17.53333282470703,16.66666603088379,17.17533302307129,383940
2017-07-27,17.17533302307129,17.799999237060547,17.13666534423828,17.42533302307129,235845
2017-07-30,17.42533302307129,17.50666618347168,16.8700008392334,17.17799949645996,157410
2017-07-31,17.17799949645996,17.333332061767578,16.133333206176758,16.743999481201172,411150
2017-08-01,16.743999481201172,16.600000381469727,16.20866584777832,16.40333366394043,303825
2017-08-02,16.40333366394043,17.16666603088379,16.073333740234375,16.299333572387695,559155
2017-08-03,16.299333572387695,16.333332061767578,16.106666564941406,16.239999771118164,210405
2017-08-06,16.239999771118164,16.600000381469727,15.666666030883789,15.996000289916992,482505
2017-08-07,15.996000289916992,16.0,14.920000076293945,15.222999572753906,249190
2017-08-08,15.222999572753906,16.349000930786133,15.010000228881836,15.814000129699707,545940
2017-08-09,15.814000129699707,15.899999618530273,15.449999809265137,15.65999984741211,241350
2017-08-10,15.65999984741211,15.600000381469727,15.0,15.194000244140625,798290
2017-08-13,15.194000244140625,15.170000076293945,13.869999885559082,14.255999565124512,721880
2017-08-14,14.255999565124512,14.399999618530273,13.899999618530273,14.057000160217285,155940
2017-08-15,14.057000160217285,14.057000160217285,14.057000160217285,14.057000160217285,0
2017-08-16,15.28600025177002,16.700000762939453,14.39900016784668,15.54699993133545,989990
2017-08-17,15.54699993133545,15.89900016784668,15.260000228881836,15.529000282287598,384270
2017-08-20,15.529000282287598,15.505000114440918,14.649999618530273,15.107999801635742,253010
2017-08-21,15.107999801635742,15.020000457763672,14.505999565124512,14.850000381469727,137120
2017-08-22,14.850000381469727,15.0,14.550000190734863,14.746999740600586,347700
2017-08-23,14.746999740600586,15.774999618530273,14.399999618530273,15.142999649047852,748690
2017-08-24,15.142999649047852,15.699999809265137,15.100000381469727,15.467000007629395,373560
2017-08-27,15.467000007629395,16.18199920654297,15.21500015258789,15.958000183105469,412120
2017-08-28,16.79599952697754,17.0,15.779999732971191,16.312000274658203,1468660
2017-08-29,16.312000274658203,15.942999839782715,15.510000228881836,15.798999786376953,371020
2017-08-30,15.798999786376953,16.099000930786133,15.414999961853027,15.680000305175781,687080
2017-09-03,15.680000305175781,15.680000305175781,15.680000305175781,15.680000305175781,0
2017-09-04,15.680000305175781,15.680000305175781,15.680000305175781,15.680000305175781,0
2017-09-05,15.680000305175781,15.699999809265137,15.406999588012695,15.545999526977539,322320
2017-09-06,15.545999526977539,15.670000076293945,15.25,15.373000144958496,391650
2017-09-07,15.373000144958496,15.597999572753906,15.199999809265137,15.36299991607666,767350
2017-09-10,15.36299991607666,16.399999618530273,15.300000190734863,15.883000373840332,2023560
2017-09-11,15.883000373840332,16.743999481201172,16.25,16.53700065612793,1579460
2017-09-12,16.53700065612793,16.511999130249023,16.0,16.31100082397461,774290
2017-09-13,16.31100082397461,17.149999618530273,16.25,16.81999969482422,1406350
2017-09-14,16.81999969482422,17.325000762939453,16.81100082397461,16.964000701904297,979710
2017-09-17,16.964000701904297,17.493000030517578,17.0,17.267000198364258,1118580
2017-09-18,17.267000198364258,17.299999237060547,16.812000274658203,17.024999618530273,932160
2017-09-19,17.024999618530273,17.024999618530273,17.024999618530273,17.024999618530273,0
2017-09-20,17.243000030517578,17.399999618530273,16.99799919128418,17.158000946044922,1129120
2017-09-24,17.158000946044922,17.899999618530273,17.190000534057617,17.569000244140625,1669910
2017-09-25,17.569000244140625,18.239999771118164,17.801000595092773,17.961000442504883,1219230
2017-09-26,17.961000442504883,18.100000381469727,17.426000595092773,17.7189998626709,975250
2017-09-27,17.7189998626709,17.68000030517578,17.299999237060547,17.472999572753906,884500
2017-09-28,17.472999572753906,18.67799949645996,17.700000762939453,18.23900032043457,2414730
2017-10-01,18.288999557495117,18.798999786376953,18.0,18.422000885009766,1570050
2017-10-02,18.422000885009766,19.389999389648438,18.799999237060547,19.135000228881836,1749450
2017-10-03,19.135000228881836,19.38800048828125,18.92099952697754,19.19300079345703,543150
2017-10-04,19.19300079345703,19.249000549316406,18.700000762939453,19.038000106811523,809110
2017-10-08,19.038000106811523,19.700000762939453,19.100000381469727,19.475000381469727,588530
2017-10-09,19.475000381469727,19.798999786376953,19.100000381469727,19.507999420166016,426710
2017-10-10,19.507999420166016,19.395999908447266,19.010000228881836,19.136999130249023,419740
2017-10-11,19.136999130249023,19.18400001525879,18.875,19.038000106811523,226330
2017-10-12,19.038000106811523,19.75,19.0,19.506000518798828,645530
2017-10-15,19.506000518798828,20.0,19.570999145507812,19.7810001373291,876260
2017-10-16,19.7810001373291,19.520999908447266,19.049999237060547,19.29599952697754,433820
2017-10-17,19.29599952697754,19.599000930786133,19.118000030517578,19.32699966430664,554520
2017-10-18,19.32699966430664,19.399999618530273,18.88800048828125,19.142000198364258,456310
2017-10-19,19.142000198364258,19.100000381469727,18.3700008392334,18.639999389648438,357590
2017-10-22,18.639999389648438,18.735000610351562,18.299999237060547,18.510000228881836,356540
2017-10-23,18.510000228881836,18.799999237060547,18.30500030517578,18.517000198364258,698360
2017-10-24,18.517000198364258,17.799999237060547,17.399999618530273,17.573999404907227,341220
2017-10-25,17.573999404907227,17.899999618530273,17.31100082397461,17.6560001373291,119160
2017-10-26,17.6560001373291,18.0049991607666,17.700000762939453,17.875999450683594,366470
2017-10-29,17.875999450683594,18.100000381469727,17.816999435424805,17.985000610351562,424500
2017-10-30,17.985000610351562,18.29800033569336,18.0,18.145000457763672,1273660
2017-10-31,18.145000457763672,18.347000122070312,17.899999618530273,18.0310001373291,314850
2017-11-01,18.29599952697754,20.0,18.29599952697754,19.132999420166016,1916060
2017-11-02,19.132999420166016,20.299999237060547,19.5,20.0310001373291,1205040
2017-11-05,20.0310001373291,20.5,19.700000762939453,20.246999740600586,967390
2017-11-06,20.246999740600586,20.25200080871582,19.200000762939453,19.61199951171875,477230
2017-11-07,19.61199951171875,19.899999618530273,19.0,19.583999633789062,828640
2017-11-08,19.583999633789062,19.98900032043457,19.299999237060547,19.731000900268555,1172550
2017-11-09,19.989999771118164,20.969999313354492,19.81999969482422,20.399999618530273,1426009
2017-11-12,20.399999618530273,20.360000610351562,19.1200008392334,19.6299991607666,765425
2017-11-13,19.6299991607666,19.600000381469727,19.200000762939453,19.389999389648438,501685
2017-11-14,19.389999389648438,19.389999389648438,19.389999389648438,19.389999389648438,0
2017-11-15,19.280000686645508,19.459999084472656,18.809999465942383,19.059999465942383,225573
2017-11-16,19.059999465942383,19.0,18.6299991607666,18.809999465942383,148951
2017-11-19,18.809999465942383,18.969999313354492,18.110000610351562,18.440000534057617,172965
2017-11-20,18.440000534057617,18.399999618530273,18.020000457763672,18.229999542236328,137740
2017-11-21,18.229999542236328,18.649999618530273,18.219999313354492,18.43000030517578,199142
2017-11-22,18.43000030517578,19.899999618530273,18.200000762939453,19.329999923706055,928794
2017-11-23,19.329999923706055,19.889999389648438,19.450000762939453,19.59000015258789,489192
2017-11-26,19.59000015258789,19.75,19.239999771118164,19.469999313354492,60601
2017-11-27,19.469999313354492,19.469999313354492,19.469999313354492,19.469999313354492,0
2017-11-28,19.959999084472656,20.389999389648438,19.809999465942383,20.059999465942383,334968
2017-11-29,20.059999465942383,20.100000381469727,19.5,19.739999771118164,225737
2017-11-30,19.739999771118164,19.739999771118164,19.739999771118164,19.739999771118164,0
2017-12-03,19.739999771118164,19.889999389648438,19.350000381469727,19.5,174904
2017-12-04,19.5,19.399999618530273,19.06999969482422,19.229999542236328,160987
2017-12-05,19.229999542236328,19.399999618530273,19.0,19.1299991607666,142750
2017-12-06,19.1299991607666,19.200000762939453,18.809999465942383,18.940000534057617,89386
2017-12-07,18.940000534057617,19.100000381469727,18.899999618530273,18.969999313354492,115810
2017-12-10,18.969999313354492,19.299999237060547,19.0,19.170000076293945,89560
2017-12-11,19.170000076293945,19.170000076293945,19.170000076293945,19.170000076293945,0
2017-12-12,19.049999237060547,19.360000610351562,19.0,19.139999389648438,181369
2017-12-13,19.139999389648438,20.200000762939453,19.139999389648438,19.81999969482422,1159696
2017-12-14,19.81999969482422,21.799999237060547,20.170000076293945,21.25,3440613
2017-12-17,21.25,23.100000381469727,22.15999984741211,22.68000030517578,1184958
2017-12-18,22.68000030517578,23.200000762939453,22.350000381469727,22.84000015258789,1061759
2017-12-19,22.84000015258789,22.940000534057617,22.0,22.530000686645508,537335
2017-12-20,22.530000686645508,22.5,21.600000381469727,22.010000228881836,477160
2017-12-21,22.010000228881836,21.899999618530273,21.420000076293945,21.600000381469727,107479
2017-12-24,21.600000381469727,21.8700008392334,21.31999969482422,21.469999313354492,55477
2017-12-25,21.469999313354492,22.450000762939453,21.440000534057617,22.110000610351562,261099
2017-12-26,22.110000610351562,22.639999389648438,21.760000228881836,22.1299991607666,279130
2017-12-27,22.1299991607666,22.399999618530273,21.610000610351562,22.030000686645508,478483
2017-12-28,22.030000686645508,21.989999771118164,21.6299991607666,21.790000915527344,187473
2017-12-31,21.790000915527344,22.06999969482422,21.25,21.5,416204
2018-01-01,21.5,21.5,21.5,21.5,0
2018-01-02,21.5,21.5,21.5,21.5,0
2018-01-03,21.75,21.979999542236328,21.450000762939453,21.559999465942383,280195
2018-01-04,21.559999465942383,21.829999923706055,21.25,21.399999618530273,101788
2018-01-07,21.399999618530273,21.399999618530273,21.399999618530273,21.399999618530273,0
2018-01-08,21.399999618530273,22.59000015258789,21.5,22.239999771118164,709364
2018-01-09,22.239999771118164,23.5,22.34000015258789,23.100000381469727,1054154
2018-01-10,23.100000381469727,25.0,23.399999618530273,24.420000076293945,840048
2018-01-11,24.420000076293945,24.739999771118164,24.139999389648438,24.329999923706055,194905
2018-01-14,24.329999923706055,25.399999618530273,24.600000381469727,24.989999771118164,753631
2018-01-15,24.989999771118164,25.329999923706055,24.65999984741211,24.920000076293945,552460
2018-01-16,24.920000076293945,25.899999618530273,25.1299991607666,25.559999465942383,818888
2018-01-17,25.559999465942383,25.739999771118164,25.1299991607666,25.489999771118164,416545
2018-01-18,25.489999771118164,25.690000534057617,24.700000762939453,25.0,374460
2018-01-21,25.0,25.0,25.0,25.0,0
2018-01-22,24.969999313354492,25.600000381469727,24.639999389648438,24.989999771118164,282745
2018-01-23,24.989999771118164,25.100000381469727,24.559999465942383,24.790000915527344,165950
2018-01-24,24.790000915527344,25.600000381469727,24.600000381469727,25.18000030517578,629272
2018-01-25,25.18000030517578,25.18000030517578,25.18000030517578,25.18000030517578,0
2018-01-28,25.18000030517578,26.899999618530273,25.549999237060547,26.309999465942383,745053
2018-01-29,27.0,29.520000457763672,26.700000762939453,28.15999984741211,878795
2018-01-30,28.15999984741211,30.969999313354492,29.700000762939453,30.889999389648438,600032
2018-01-31,30.889999389648438,33.0,28.5,29.899999618530273,1325463
2018-02-01,29.899999618530273,30.450000762939453,29.1200008392334,29.889999389648438,635742
2018-02-04,30.0,30.0,28.799999237060547,29.299999237060547,475705
2018-02-05,29.299999237060547,30.190000534057617,28.700000762939453,29.579999923706055,485731
2018-02-06,28.100000381469727,29.299999237060547,27.510000228881836,28.780000686645508,469517
2018-02-07,29.600000381469727,30.200000762939453,28.760000228881836,29.559999465942383,769481
2018-02-08,29.559999465942383,29.31999969482422,28.450000762939453,28.700000762939453,204090
2018-02-11,28.899999618530273,28.899999618530273,27.799999237060547,28.18000030517578,219671
2018-02-12,28.18000030517578,29.010000228881836,28.0,28.700000762939453,458882
2018-02-13,28.700000762939453,29.5,28.15999984741211,28.979999542236328,755586
2018-02-14,28.979999542236328,28.979999542236328,28.979999542236328,28.979999542236328,0
2018-02-15,28.670000076293945,29.190000534057617,28.40999984741211,28.81999969482422,204654
2018-02-18,28.81999969482422,29.829999923706055,28.829999923706055,29.459999084472656,830335
2018-02-19,29.459999084472656,32.400001525878906,29.799999237060547,31.459999084472656,1147171
2018-02-20,31.459999084472656,31.459999084472656,31.459999084472656,31.459999084472656,0
2018-02-21,33.099998474121094,32.58000183105469,31.209999084472656,31.950000762939453,345443
2018-02-22,31.950000762939453,34.20000076293945,31.989999771118164,33.290000915527344,991369
2018-02-25,33.470001220703125,34.099998474121094,33.150001525878906,33.68000030517578,575863
2018-02-26,34.33000183105469,35.20000076293945,34.0,34.529998779296875,942012
2018-02-27,34.529998779296875,36.689998626708984,34.400001525878906,35.47999954223633,1089687
2018-02-28,35.47999954223633,36.650001525878906,35.04999923706055,35.779998779296875,763023
2018-03-01,35.779998779296875,35.5,34.08000183105469,34.56999969482422,473631
2018-03-04,35.0,35.290000915527344,34.0,34.720001220703125,318299
2018-03-05,34.720001220703125,35.790000915527344,34.5099983215332,34.959999084472656,328146
2018-03-06,34.959999084472656,35.18000030517578,34.2400016784668,34.619998931884766,469059
2018-03-07,34.619998931884766,35.5,33.15999984741211,34.20000076293945,1100114
2018-03-08,34.20000076293945,33.939998626708984,32.599998474121094,33.029998779296875,1183740
2018-03-11,33.029998779296875,33.02000045776367,32.0,32.459999084472656,679593
2018-03-12,32.459999084472656,32.849998474121094,32.04999923706055,32.459999084472656,737745
2018-03-13,32.459999084472656,34.5,32.86000061035156,33.59000015258789,1669519
2018-03-14,33.59000015258789,33.599998474121094,32.5,33.040000915527344,574006
2018-03-15,33.040000915527344,33.220001220703125,32.52000045776367,32.81999969482422,189499
2018-03-18,32.81999969482422,33.650001525878906,32.56999969482422,32.97999954223633,432587
2018-03-19,32.97999954223633,34.220001220703125,33.16999816894531,33.630001068115234,962703
2018-03-20,33.630001068115234,33.56999969482422,32.81999969482422,33.08000183105469,354344
2018-03-21,33.08000183105469,33.349998474121094,32.52000045776367,32.81999969482422,397124
2018-03-22,32.81999969482422,32.970001220703125,32.0,32.189998626708984,262518
2018-03-25,31.899999618530273,31.899999618530273,31.309999465942383,31.520000457763672,161922
2018-03-26,31.520000457763672,32.54999923706055,31.6200008392334,32.0,251724
2018-03-27,32.0,33.20000076293945,31.709999084472656,32.52000045776367,481576
2018-03-28,32.380001068115234,32.38999938964844,31.25,31.579999923706055,146862
2018-03-29,31.549999237060547,31.989999771118164,31.399999618530273,31.709999084472656,201855
2018-04-01,31.709999084472656,32.099998474121094,31.31999969482422,31.81999969482422,208774
2018-04-02,31.81999969482422,32.75,31.950000762939453,32.36000061035156,516446
2018-04-03,32.68000030517578,32.68000030517578,31.5,31.829999923706055,269187
2018-04-04,31.829999923706055,32.439998626708984,30.5,31.399999618530273,496710
2018-04-05,31.399999618530273,31.270000457763672,30.530000686645508,30.860000610351562,210382
2018-04-08,30.860000610351562,30.860000610351562,30.860000610351562,30.860000610351562,0
2018-04-09,30.860000610351562,30.860000610351562,30.860000610351562,30.860000610351562,0
2018-04-10,30.860000610351562,32.20000076293945,31.0,31.770000457763672,520815
2018-04-11,31.770000457763672,32.790000915527344,31.079999923706055,32.02000045776367,561348
2018-04-12,32.02000045776367,31.6299991607666,30.799999237060547,30.989999771118164,102515
2018-04-15,30.989999771118164,31.5,30.5,30.6200008392334,170368
2018-04-16,30.6200008392334,31.139999389648438,30.59000015258789,30.969999313354492,111226
2018-04-17,30.969999313354492,31.68000030517578,31.079999923706055,31.31999969482422,196831
2018-04-18,31.31999969482422,31.6200008392334,30.610000610351562,30.8700008392334,143520
2018-04-19,30.8700008392334,32.0,30.899999618530273,31.600000381469727,472548
2018-04-22,31.600000381469727,33.88999938964844,31.889999389648438,33.09000015258789,1340229
2018-04-23,33.09000015258789,33.599998474121094,32.61000061035156,33.08000183105469,384375
2018-04-24,33.08000183105469,33.04999923706055,32.0,32.380001068115234,382517
2018-04-25,32.380001068115234,32.380001068115234,32.380001068115234,32.380001068115234,0
2018-04-26,32.380001068115234,32.790000915527344,32.11000061035156,32.400001525878906,267866
2018-04-29,32.400001525878906,32.599998474121094,31.760000228881836,32.09000015258789,201171
2018-04-30,32.09000015258789,31.950000762939453,31.3799991607666,31.6200008392334,182902
2018-05-01,31.6200008392334,31.6200008392334,31.6200008392334,31.6200008392334,0
2018-05-02,31.6200008392334,32.2400016784668,30.899999618530273,31.34000015258789,251504
2018-05-03,31.34000015258789,31.3700008392334,30.5,30.579999923706055,499864
2018-05-06,30.579999923706055,31.190000534057617,29.399999618530273,30.1299991607666,444945
2018-05-07,30.1299991607666,30.200000762939453,29.149999618530273,29.760000228881836,273903
2018-05-08,29.760000228881836,30.149999618530273,29.670000076293945,29.8799991607666,98955
2018-05-09,29.8799991607666,30.40999984741211,27.399999618530273,28.760000228881836,784093
2018-05-10,28.760000228881836,28.389999389648438,27.719999313354492,28.030000686645508,262625
2018-05-13,28.030000686645508,28.5,27.75,28.040000915527344,159416
2018-05-14,28.040000915527344,28.299999237060547,27.1299991607666,27.6200008392334,114130
2018-05-15,27.6200008392334,28.450000762939453,27.6299991607666,27.940000534057617,194346
2018-05-16,27.940000534057617,28.100000381469727,27.670000076293945,27.940000534057617,64316
2018-05-17,27.940000534057617,28.600000381469727,27.899999618530273,28.299999237060547,139999
2018-05-20,28.299999237060547,28.700000762939453,28.1299991607666,28.40999984741211,52071
2018-05-21,28.40999984741211,29.700000762939453,28.6200008392334,29.170000076293945,254204
2018-05-22,29.170000076293945,29.600000381469727,28.899999618530273,29.209999084472656,160833
2018-05-23,29.209999084472656,29.799999237060547,29.25,29.68000030517578,171524
2018-05-24,29.68000030517578,30.239999771118164,29.100000381469727,29.489999771118164,213495
2018-05-27,29.489999771118164,29.329999923706055,28.700000762939453,28.920000076293945,68182
2018-05-28,28.920000076293945,28.989999771118164,28.549999237060547,28.670000076293945,29849
2018-05-29,28.670000076293945,29.360000610351562,28.600000381469727,28.770000457763672,45615
2018-05-30,28.770000457763672,28.979999542236328,28.0,28.420000076293945,105911
2018-05-31,28.420000076293945,28.100000381469727,27.030000686645508,27.520000457763672,107669
2018-06-03,27.520000457763672,28.5,27.75,28.079999923706055,69061
2018-06-04,27.520000457763672,28.5,27.75,28.079999923706055,69061
2018-06-05,29.06999969482422,28.510000228881836,27.5,28.010000228881836,154446
2018-06-06,28.010000228881836,28.059999465942383,27.110000610351562,27.510000228881836,102787
2018-06-07,27.510000228881836,27.969999313354492,27.1200008392334,27.299999237060547,144695
2018-06-10,27.299999237060547,27.799999237060547,27.440000534057617,27.65999984741211,38646
2018-06-11,27.65999984741211,27.940000534057617,27.5,27.65999984741211,56678
2018-06-12,27.65999984741211,27.90999984741211,27.559999465942383,27.68000030517578,8950
2018-06-13,27.68000030517578,28.299999237060547,27.5,28.059999465942383,62583
2018-06-14,28.059999465942383,29.700000762939453,28.299999237060547,29.059999465942383,249743
2018-06-17,29.059999465942383,29.059999465942383,29.059999465942383,29.059999465942383,0
2018-06-18,29.059999465942383,29.059999465942383,29.059999465942383,29.059999465942383,0
2018-06-19,29.059999465942383,29.100000381469727,28.25,28.719999313354492,42926
2018-06-20,28.719999313354492,28.75,28.5,28.549999237060547,12287
2018-06-21,28.549999237060547,28.979999542236328,28.549999237060547,28.770000457763672,22360
2018-06-24,28.770000457763672,28.850000381469727,28.43000030517578,28.610000610351562,36702
2018-06-25,28.610000610351562,30.0,28.600000381469727,29.719999313354492,397421
2018-06-26,29.719999313354492,29.540000915527344,28.520000457763672,29.31999969482422,310599
2018-06-27,29.31999969482422,29.100000381469727,28.81999969482422,29.0,318123
2018-06-28,29.0,29.290000915527344,28.510000228881836,28.93000030517578,192232
2018-07-01,28.93000030517578,28.93000030517578,28.93000030517578,28.93000030517578,0
2018-07-02,28.93000030517578,29.010000228881836,28.5,28.75,276137
2018-07-03,28.75,29.149999618530273,28.799999237060547,28.959999084472656,99803
2018-07-04,28.959999084472656,29.030000686645508,28.899999618530273,29.0,133949
2018-07-05,29.0,29.0,28.6299991607666,28.989999771118164,95263
2018-07-08,28.989999771118164,29.139999389648438,28.5,28.920000076293945,380005
2018-07-09,28.920000076293945,28.889999389648438,28.209999084472656,28.549999237060547,100551
2018-07-10,28.549999237060547,28.790000915527344,28.510000228881836,28.59000015258789,157779
2018-07-11,28.59000015258789,28.8799991607666,28.549999237060547,28.610000610351562,208688
2018-07-12,28.610000610351562,29.0,28.600000381469727,28.75,145766
2018-07-15,28.75,29.229999542236328,28.75,29.0,182700
2018-07-16,29.0,29.219999313354492,28.5,28.709999084472656,50359
2018-07-17,28.709999084472656,28.850000381469727,28.299999237060547,28.479999542236328,41084
2018-07-18,28.479999542236328,28.979999542236328,28.360000610351562,28.780000686645508,60942
2018-07-19,28.780000686645508,28.850000381469727,28.40999984741211,28.670000076293945,19427
2018-07-22,28.670000076293945,28.850000381469727,28.229999542236328,28.549999237060547,11114
2018-07-23,28.549999237060547,28.549999237060547,28.549999237060547,28.549999237060547,0
2018-07-24,28.549999237060547,28.799999237060547,28.469999313354492,28.520000457763672,59051
2018-07-25,28.520000457763672,28.600000381469727,28.299999237060547,28.5,98520
2018-07-26,28.5,28.5,28.219999313354492,28.459999084472656,97759
2018-07-29,28.459999084472656,28.299999237060547,28.0,28.110000610351562,100168
2018-07-30,28.110000610351562,28.280000686645508,27.469999313354492,27.770000457763672,62868
2018-07-31,27.770000457763672,27.979999542236328,27.25,27.700000762939453,60165
2018-08-01,27.700000762939453,27.760000228881836,27.479999542236328,27.56999969482422,55527
2018-08-02,27.56999969482422,27.989999771118164,27.610000610351562,27.84000015258789,36690
2018-08-05,27.84000015258789,28.0,27.559999465942383,27.860000610351562,73324
2018-08-06,27.860000610351562,28.200000762939453,27.709999084472656,27.989999771118164,54478
2018-08-07,27.989999771118164,30.049999237060547,27.700000762939453,29.360000610351562,417862
2018-08-08,29.360000610351562,30.75,29.510000228881836,30.049999237060547,377910
2018-08-09,30.049999237060547,29.600000381469727,29.0,29.170000076293945,120564
2018-08-12,29.170000076293945,29.299999237060547,28.799999237060547,28.979999542236328,36760
2018-08-13,28.979999542236328,29.0,28.520000457763672,28.729999542236328,53926
2018-08-14,28.729999542236328,29.040000915527344,28.68000030517578,28.899999618530273,57830
2018-08-15,28.899999618530273,30.049999237060547,28.68000030517578,29.920000076293945,549073
2018-08-16,29.920000076293945,30.010000228881836,29.549999237060547,29.979999542236328,188100
2018-08-19,29.979999542236328,30.229999542236328,29.799999237060547,30.0,74068
2018-08-20,30.0,30.0,30.0,30.0,0
2018-08-21,30.0,30.0,30.0,30.0,0
2018-08-22,30.0,30.0,30.0,30.0,0
2018-08-23,30.0,30.0,30.0,30.0,0
2018-08-26,29.920000076293945,29.920000076293945,29.920000076293945,29.920000076293945,0
2018-08-27,29.920000076293945,29.920000076293945,29.920000076293945,29.920000076293945,0
2018-08-28,29.920000076293945,29.920000076293945,29.920000076293945,29.920000076293945,0
2018-08-29,29.920000076293945,29.920000076293945,29.920000076293945,29.920000076293945,0
2018-08-30,29.920000076293945,29.920000076293945,29.920000076293945,29.920000076293945,0
2018-09-02,33.2599983215332,33.099998474121094,32.400001525878906,32.93000030517578,351518
2018-09-03,32.93000030517578,33.5,32.650001525878906,33.060001373291016,138519
2018-09-04,33.060001373291016,33.4900016784668,32.7400016784668,32.95000076293945,88249
2018-09-05,32.95000076293945,33.5,32.63999938964844,32.90999984741211,106424
2018-09-06,32.90999984741211,33.439998626708984,32.61000061035156,33.13999938964844,241213
2018-09-09,33.13999938964844,33.349998474121094,32.849998474121094,33.0,76802
2018-09-10,33.0,33.25,32.95000076293945,33.0,286771
2018-09-11,33.0,33.0,33.0,33.0,0
2018-09-12,33.0,34.63999938964844,33.0,33.939998626708984,448426
2018-09-13,33.939998626708984,33.56999969482422,32.81999969482422,33.220001220703125,209836
2018-09-16,33.220001220703125,33.0,30.0,31.549999237060547,205260
2018-09-17,31.549999237060547,31.959999084472656,30.700000762939453,31.489999771118164,98969
2018-09-18,31.489999771118164,32.20000076293945,31.0,31.690000534057617,172265
2018-09-19,31.690000534057617,31.010000228881836,29.010000228881836,30.020000457763672,266053
2018-09-20,30.020000457763672,32.0099983215332,30.25,31.399999618530273,3299465
2018-09-23,31.399999618530273,32.209999084472656,31.049999237060547,31.43000030517578,36841
2018-09-24,31.43000030517578,31.700000762939453,31.350000381469727,31.549999237060547,118703
2018-09-25,31.549999237060547,31.649999618530273,31.350000381469727,31.579999923706055,23422
2018-09-26,31.579999923706055,32.29999923706055,31.610000610351562,32.06999969482422,84030
2018-09-27,32.06999969482422,32.349998474121094,31.75,32.04999923706055,47491
2018-09-30,32.04999923706055,32.5,30.65999984741211,31.270000457763672,104464
2018-10-01,31.270000457763672,32.0,30.610000610351562,31.3799991607666,91320
2018-10-02,31.3799991607666,32.0,30.520000457763672,31.549999237060547,94714
2018-10-03,31.549999237060547,31.969999313354492,31.399999618530273,31.489999771118164,85357
2018-10-04,31.489999771118164,31.690000534057617,31.0,31.290000915527344,1109466
2018-10-08,31.290000915527344,31.850000381469727,30.489999771118164,30.579999923706055,153867
2018-10-09,30.579999923706055,31.0,30.25,30.940000534057617,86291
2018-10-10,30.940000534057617,31.649999618530273,30.649999618530273,31.110000610351562,27677
2018-10-11,31.110000610351562,30.81999969482422,30.399999618530273,30.520000457763672,153172
2018-10-15,30.989999771118164,30.520000457763672,30.010000228881836,30.5,186574
2018-10-16,30.5,31.0,30.5,30.770000457763672,33536
2018-10-17,30.770000457763672,31.3700008392334,30.5,30.729999542236328,38918
2018-10-18,30.729999542236328,31.0,30.559999465942383,30.770000457763672,54829
2018-10-21,30.770000457763672,30.8799991607666,30.5,30.579999923706055,40727
2018-10-23,30.479999542236328,30.479999542236328,27.81999969482422,28.3799991607666,199313
2018-10-24,28.3799991607666,28.100000381469727,26.5,26.90999984741211,60611
2018-10-25,26.90999984741211,26.440000534057617,25.549999237060547,25.979999542236328,115872
2018-10-28,25.979999542236328,26.479999542236328,25.65999984741211,25.979999542236328,56767
2018-10-29,25.979999542236328,26.579999923706055,26.030000686645508,26.149999618530273,9172
2018-10-30,26.149999618530273,26.739999771118164,26.299999237060547,26.559999465942383,15718
2018-10-31,26.559999465942383,27.5,26.540000915527344,27.0,356405
2018-11-01,27.0,27.959999084472656,26.579999923706055,27.399999618530273,94020
2018-11-04,27.399999618530273,27.700000762939453,27.299999237060547,27.610000610351562,74025
2018-11-05,27.610000610351562,28.5,27.5,28.030000686645508,152265
2018-11-06,28.030000686645508,28.989999771118164,28.209999084472656,28.780000686645508,132265
2018-11-07,28.780000686645508,28.899999618530273,27.709999084472656,27.950000762939453,130664
2018-11-08,27.950000762939453,28.469999313354492,27.75,28.010000228881836,67700
2018-11-11,28.010000228881836,28.059999465942383,27.559999465942383,27.8700008392334,6465
2018-11-12,27.8700008392334,28.200000762939453,27.600000381469727,27.790000915527344,3178
2018-11-13,27.790000915527344,27.950000762939453,27.100000381469727,27.360000610351562,90717
2018-11-14,27.360000610351562,27.469999313354492,27.1299991607666,27.299999237060547,76682
2018-11-15,27.299999237060547,27.600000381469727,27.399999618530273,27.489999771118164,86044
2018-11-18,27.489999771118164,28.450000762939453,27.700000762939453,27.770000457763672,34707
2018-11-19,27.770000457763672,27.84000015258789,27.420000076293945,27.489999771118164,39262
2018-11-20,27.489999771118164,27.489999771118164,27.489999771118164,27.489999771118164,0
2018-11-21,27.489999771118164,27.479999542236328,27.100000381469727,27.299999237060547,7020
2018-11-22,27.299999237060547,27.690000534057617,27.020000457763672,27.40999984741211,39077
2018-11-25,27.40999984741211,27.0,26.5,26.719999313354492,8930
2018-11-26,26.719999313354492,27.0,25.5,25.770000457763672,41680
2018-11-27,25.770000457763672,26.489999771118164,25.799999237060547,25.950000762939453,152557
2018-11-28,25.950000762939453,27.75,26.3799991607666,27.139999389648438,802892
2018-11-29,27.139999389648438,27.290000915527344,26.799999237060547,26.989999771118164,156810
2018-12-02,26.989999771118164,27.0,26.25,26.709999084472656,26084
2018-12-03,26.709999084472656,26.719999313354492,25.850000381469727,26.06999969482422,35580
2018-12-04,26.06999969482422,25.739999771118164,25.0,25.350000381469727,138751
2018-12-05,25.350000381469727,25.489999771118164,24.020000457763672,24.93000030517578,26304
2018-12-06,24.93000030517578,25.489999771118164,24.770000457763672,24.940000534057617,6666
2018-12-09,24.940000534057617,25.5,24.110000610351562,24.989999771118164,152928
2018-12-10,24.989999771118164,25.739999771118164,25.0,25.5,211198
2018-12-11,25.5,26.110000610351562,25.68000030517578,25.989999771118164,271314
2018-12-12,25.989999771118164,25.940000534057617,25.549999237060547,25.75,30608
2018-12-13,25.75,26.0,25.350000381469727,25.709999084472656,157758
2018-12-16,25.709999084472656,25.440000534057617,24.860000610351562,25.030000686645508,62970
2018-12-17,25.030000686645508,25.850000381469727,24.920000076293945,25.18000030517578,104447
2018-12-18,25.18000030517578,25.450000762939453,24.270000457763672,24.850000381469727,236624
2018-12-19,24.850000381469727,24.850000381469727,24.25,24.43000030517578,57494
2018-12-20,24.43000030517578,24.700000762939453,24.239999771118164,24.5,634778
2018-12-23,24.5,24.790000915527344,23.510000228881836,24.09000015258789,50927
2018-12-24,24.09000015258789,24.0,23.399999618530273,23.799999237060547,52970
2018-12-25,23.799999237060547,24.09000015258789,23.479999542236328,23.8700008392334,192151
2018-12-26,23.8700008392334,24.600000381469727,24.0,24.389999389648438,314676
2018-12-27,24.389999389648438,24.5,24.0,24.31999969482422,197327
2018-12-30,24.31999969482422,24.15999984741211,22.989999771118164,23.440000534057617,354618
2018-12-31,23.440000534057617,23.440000534057617,22.510000228881836,22.899999618530273,447455
2019-01-01,22.899999618530273,22.899999618530273,22.899999618530273,22.899999618530273,0
2019-01-02,22.899999618530273,23.489999771118164,22.950000762939453,23.31999969482422,107721
2019-01-03,23.31999969482422,23.450000762939453,23.0,23.149999618530273,63997
2019-01-06,23.149999618530273,23.579999923706055,23.049999237060547,23.31999969482422,58082
2019-01-07,23.31999969482422,23.31999969482422,23.31999969482422,23.31999969482422,0
2019-01-08,23.31999969482422,24.280000686645508,23.149999618530273,23.829999923706055,340098
2019-01-09,23.829999923706055,24.5,23.5,24.049999237060547,290274
2019-01-10,24.049999237060547,24.18000030517578,23.520000457763672,23.809999465942383,82877
2019-01-13,23.809999465942383,24.020000457763672,23.799999237060547,23.93000030517578,73741
2019-01-14,23.93000030517578,24.0,23.25,23.469999313354492,84075
2019-01-15,23.469999313354492,23.799999237060547,23.100000381469727,23.3700008392334,167947
2019-01-16,23.3700008392334,23.5,22.760000228881836,22.979999542236328,116216
2019-01-17,22.979999542236328,23.0,22.549999237060547,22.65999984741211,82326
2019-01-20,22.65999984741211,22.899999618530273,22.399999618530273,22.639999389648438,67065
2019-01-21,22.639999389648438,23.350000381469727,22.450000762939453,23.09000015258789,261780
2019-01-22,23.09000015258789,23.389999389648438,22.6200008392334,22.920000076293945,95364
2019-01-23,22.920000076293945,22.8700008392334,22.5,22.59000015258789,42623
2019-01-24,22.59000015258789,22.59000015258789,22.59000015258789,22.59000015258789,0
2019-01-27,22.59000015258789,23.299999237060547,22.799999237060547,23.110000610351562,76867
2019-01-28,23.110000610351562,23.3799991607666,23.059999465942383,23.229999542236328,70899
2019-01-29,23.229999542236328,23.799999237060547,23.299999237060547,23.68000030517578,288314
2019-01-30,23.68000030517578,23.979999542236328,23.5,23.649999618530273,63450
2019-01-31,23.649999618530273,23.739999771118164,22.950000762939453,23.299999237060547,84289
2019-02-03,23.299999237060547,23.549999237060547,22.799999237060547,23.079999923706055,128632
2019-02-04,23.079999923706055,23.540000915527344,23.0,23.299999237060547,151708
2019-02-05,23.299999237060547,23.399999618530273,23.030000686645508,23.260000228881836,129363
2019-02-06,23.260000228881836,24.200000762939453,23.299999237060547,23.899999618530273,251180
2019-02-07,23.899999618530273,26.290000915527344,24.270000457763672,25.829999923706055,1282592
2019-02-10,25.829999923706055,27.020000457763672,26.18000030517578,26.559999465942383,256317
2019-02-11,26.559999465942383,26.5,25.510000228881836,25.940000534057617,290428
2019-02-12,25.940000534057617,26.940000534057617,26.059999465942383,26.670000076293945,362054
2019-02-13,26.670000076293945,26.969999313354492,26.110000610351562,26.59000015258789,140910
2019-02-14,26.59000015258789,26.729999542236328,26.399999618530273,26.5,291395
2019-02-17,26.5,27.0,26.600000381469727,26.770000457763672,79272
2019-02-18,26.770000457763672,26.950000762939453,26.299999237060547,26.56999969482422,132151
2019-02-19,26.56999969482422,26.56999969482422,26.09000015258789,26.25,122895
2019-02-20,26.25,26.479999542236328,26.010000228881836,26.149999618530273,31355
2019-02-21,26.149999618530273,26.299999237060547,25.799999237060547,25.93000030517578,39480
2019-02-24,25.93000030517578,25.760000228881836,25.350000381469727,25.530000686645508,28669
2019-02-25,25.530000686645508,25.969999313354492,25.5,25.65999984741211,6610
2019-02-26,25.65999984741211,25.950000762939453,25.270000457763672,25.56999969482422,41691
2019-02-27,25.56999969482422,25.5,25.06999969482422,25.229999542236328,39693
2019-02-28,25.229999542236328,25.399999618530273,24.90999984741211,25.030000686645508,78457
2019-03-03,25.030000686645508,25.360000610351562,24.56999969482422,24.90999984741211,16388
2019-03-04,24.90999984741211,25.850000381469727,24.850000381469727,25.600000381469727,335499
2019-03-05,25.600000381469727,26.5,25.799999237060547,26.270000457763672,342894
2019-03-06,26.270000457763672,26.600000381469727,25.799999237060547,26.280000686645508,128850
2019-03-07,26.280000686645508,27.079999923706055,26.25,26.739999771118164,256080
2019-03-10,26.739999771118164,27.399999618530273,27.0,27.139999389648438,77093
2019-03-11,27.139999389648438,27.0,26.799999237060547,26.940000534057617,209924
2019-03-12,26.940000534057617,27.170000076293945,26.950000762939453,26.979999542236328,775724
2019-03-13,26.979999542236328,28.639999389648438,27.049999237060547,27.950000762939453,757345
2019-03-14,27.950000762939453,29.25,28.0,28.93000030517578,435155
2019-03-17,28.93000030517578,29.0,28.440000534057617,28.690000534057617,5637
2019-03-18,28.690000534057617,28.75,28.299999237060547,28.6299991607666,19031
2019-03-19,28.6299991607666,28.299999237060547,27.020000457763672,27.81999969482422,64393
2019-03-20,27.81999969482422,27.899999618530273,27.1299991607666,27.59000015258789,23843
2019-03-21,27.59000015258789,27.440000534057617,27.25,27.299999237060547,15097
2019-03-24,27.299999237060547,27.5,27.200000762939453,27.3700008392334,5425
2019-03-25,27.3700008392334,27.110000610351562,26.309999465942383,26.84000015258789,60000
2019-03-26,26.84000015258789,26.799999237060547,26.540000915527344,26.739999771118164,16050
2019-03-27,26.739999771118164,26.899999618530273,25.790000915527344,26.100000381469727,63831
2019-03-28,26.100000381469727,26.450000762939453,25.799999237060547,26.299999237060547,2453
2019-03-31,26.299999237060547,27.100000381469727,26.299999237060547,26.829999923706055,49341
2019-04-01,26.829999923706055,26.850000381469727,26.200000762939453,26.399999618530273,2500
2019-04-02,26.399999618530273,27.5,26.5,26.989999771118164,25501
2019-04-03,26.989999771118164,27.0,26.6299991607666,26.989999771118164,7000
2019-04-04,26.989999771118164,27.0,26.5,26.950000762939453,30060
2019-04-07,26.950000762939453,26.520000457763672,26.030000686645508,26.270000457763672,13600
2019-04-08,26.270000457763672,26.200000762939453,26.049999237060547,26.110000610351562,7597
2019-04-09,26.110000610351562,26.56999969482422,26.0,26.190000534057617,7005
2019-04-10,26.190000534057617,27.049999237060547,26.510000228881836,26.969999313354492,23408
2019-04-11,26.969999313354492,27.549999237060547,27.0,27.40999984741211,101146
2019-04-14,27.40999984741211,27.899999618530273,27.209999084472656,27.469999313354492,18620
2019-04-15,27.469999313354492,27.260000228881836,27.219999313354492,27.25,53390
2019-04-16,27.25,27.229999542236328,26.799999237060547,26.90999984741211,132061
2019-04-17,26.90999984741211,27.0,26.75,26.760000228881836,277746
2019-04-18,26.760000228881836,27.0,26.899999618530273,26.989999771118164,105697
2019-04-21,26.989999771118164,26.950000762939453,26.25,26.530000686645508,11268
2019-04-22,26.530000686645508,27.0,26.520000457763672,26.84000015258789,15820
2019-04-23,26.84000015258789,27.0,26.75,26.940000534057617,42406
2019-04-24,26.940000534057617,27.329999923706055,26.610000610351562,27.1200008392334,15005
2019-04-25,27.1200008392334,27.1200008392334,27.1200008392334,27.1200008392334,0
2019-04-28,27.1200008392334,27.1200008392334,27.1200008392334,27.1200008392334,0
2019-04-29,27.1200008392334,27.1200008392334,27.1200008392334,27.1200008392334,0
2019-04-30,27.1200008392334,27.1200008392334,26.520000457763672,26.719999313354492,20825
2019-05-01,26.719999313354492,26.719999313354492,26.719999313354492,26.719999313354492,0
2019-05-02,26.719999313354492,26.540000915527344,26.059999465942383,26.270000457763672,9424
2019-05-05,26.270000457763672,26.149999618530273,25.299999237060547,25.600000381469727,22390
2019-05-06,25.600000381469727,25.700000762939453,24.989999771118164,25.110000610351562,13701
2019-05-07,25.110000610351562,25.889999389648438,25.010000228881836,25.56999969482422,1650
2019-05-08,25.56999969482422,25.0,24.020000457763672,24.450000762939453,14927
2019-05-09,24.450000762939453,25.5,24.0,25.059999465942383,28503
2019-05-12,25.059999465942383,25.0,24.059999465942383,24.899999618530273,1900
2019-05-13,24.899999618530273,25.5,24.360000610351562,25.170000076293945,5128
2019-05-14,25.170000076293945,26.0,24.5,25.950000762939453,174199
2019-05-15,25.950000762939453,25.010000228881836,24.510000228881836,24.860000610351562,10988
2019-05-16,24.860000610351562,24.780000686645508,24.06999969482422,24.399999618530273,12721
2019-05-19,24.399999618530273,24.5,24.110000610351562,24.360000610351562,14942
2019-05-20,24.360000610351562,24.200000762939453,24.0,24.09000015258789,15148
2019-05-21,24.09000015258789,25.0,24.110000610351562,24.549999237060547,87889
2019-05-22,24.549999237060547,24.399999618530273,24.139999389648438,24.280000686645508,4250
2019-05-23,24.280000686645508,24.5,24.1200008392334,24.479999542236328,13548
2019-05-26,24.479999542236328,24.799999237060547,24.15999984741211,24.260000228881836,25300
2019-05-27,24.260000228881836,24.5,24.0,24.110000610351562,164753
2019-05-28,24.110000610351562,25.0,24.350000381469727,24.829999923706055,17300
2019-05-29,24.829999923706055,24.5,24.030000686645508,24.34000015258789,21520
2019-05-30,24.34000015258789,24.239999771118164,23.5,23.809999465942383,17647
2019-06-02,23.809999465942383,24.299999237060547,23.860000610351562,24.059999465942383,15400
2019-06-03,24.059999465942383,24.0,22.739999771118164,23.18000030517578,162555
2019-06-04,23.18000030517578,23.18000030517578,23.18000030517578,23.18000030517578,0
2019-06-05,23.18000030517578,23.18000030517578,23.18000030517578,23.18000030517578,0
2019-06-06,23.18000030517578,23.18000030517578,23.18000030517578,23.18000030517578,0
2019-06-09,23.18000030517578,23.84000015258789,23.209999084472656,23.440000534057617,40874
2019-06-10,23.440000534057617,24.049999237060547,23.700000762939453,23.940000534057617,132988
2019-06-11,23.940000534057617,24.0,23.299999237060547,23.610000610351562,166330
2019-06-12,23.610000610351562,24.0,23.610000610351562,23.649999618530273,450793
2019-06-13,23.649999618530273,24.170000076293945,23.739999771118164,24.049999237060547,133667
2019-06-16,24.049999237060547,24.139999389648438,23.6200008392334,24.0,78330
2019-06-17,24.0,24.170000076293945,23.639999389648438,23.969999313354492,47563
2019-06-18,23.969999313354492,24.100000381469727,23.549999237060547,23.719999313354492,47552
2019-06-19,23.719999313354492,23.600000381469727,23.299999237060547,23.5,11010
2019-06-20,23.5,23.950000762939453,23.299999237060547,23.68000030517578,32481
2019-06-23,23.68000030517578,25.0,23.889999389648438,24.579999923706055,505310
2019-06-24,24.579999923706055,25.0,24.0,24.219999313354492,88128
2019-06-25,24.219999313354492,24.040000915527344,23.420000076293945,23.850000381469727,75553
2019-06-26,23.850000381469727,24.100000381469727,23.600000381469727,24.020000457763672,109469
2019-06-27,24.020000457763672,24.5,23.8799991607666,24.100000381469727,193229
2019-06-30,24.100000381469727,24.100000381469727,24.100000381469727,24.100000381469727,0
2019-07-01,24.100000381469727,24.100000381469727,24.100000381469727,24.100000381469727,0
2019-07-02,24.100000381469727,24.549999237060547,24.0,24.040000915527344,117381
2019-07-03,24.040000915527344,24.200000762939453,23.889999389648438,24.010000228881836,151769
2019-07-04,24.010000228881836,23.940000534057617,23.709999084472656,23.75,26560
2019-07-07,23.75,23.75,23.700000762939453,23.719999313354492,17359
2019-07-08,23.719999313354492,24.0,23.700000762939453,23.75,7544
2019-07-09,23.75,23.760000228881836,23.760000228881836,23.75,1125
2019-07-10,23.75,24.399999618530273,23.700000762939453,24.06999969482422,257748
2019-07-11,24.06999969482422,24.06999969482422,23.0,23.209999084472656,88339
2019-07-14,23.209999084472656,23.25,21.110000610351562,22.399999618530273,9923
2019-07-15,22.399999618530273,22.649999618530273,21.549999237060547,22.110000610351562,14131
2019-07-16,22.110000610351562,22.549999237060547,22.5,22.510000228881836,60173
2019-07-17,22.510000228881836,22.75,22.0,22.479999542236328,97445
2019-07-18,22.479999542236328,22.520000457763672,22.399999618530273,22.489999771118164,45500
2019-07-21,22.489999771118164,23.0,22.149999618530273,22.950000762939453,28948
2019-07-22,22.950000762939453,23.200000762939453,22.920000076293945,23.110000610351562,14239
2019-07-23,23.110000610351562,23.110000610351562,23.110000610351562,23.110000610351562,0
2019-07-24,23.110000610351562,23.200000762939453,22.81999969482422,23.079999923706055,31226
2019-07-25,23.079999923706055,23.0,22.670000076293945,22.920000076293945,17653
2019-07-28,22.920000076293945,22.989999771118164,22.729999542236328,22.799999237060547,8788
2019-07-29,22.799999237060547,22.56999969482422,21.850000381469727,22.0,28862
2019-07-30,22.0,22.770000457763672,21.549999237060547,21.690000534057617,58708
2019-07-31,21.690000534057617,21.600000381469727,21.049999237060547,21.350000381469727,83273
2019-08-01,21.350000381469727,21.5,21.020000457763672,21.100000381469727,31755
2019-08-04,21.100000381469727,21.229999542236328,20.020000457763672,20.950000762939453,49894
2019-08-05,20.950000762939453,21.0,20.489999771118164,20.729999542236328,36238
2019-08-06,20.729999542236328,20.950000762939453,20.610000610351562,20.709999084472656,90116
2019-08-07,20.709999084472656,20.979999542236328,20.68000030517578,20.719999313354492,128740
2019-08-08,20.719999313354492,21.489999771118164,20.700000762939453,20.979999542236328,88972
2019-08-11,20.979999542236328,20.979999542236328,20.979999542236328,20.979999542236328,0
2019-08-12,20.979999542236328,20.979999542236328,20.979999542236328,20.979999542236328,0
2019-08-13,20.979999542236328,20.979999542236328,20.979999542236328,20.979999542236328,0
2019-08-14,20.979999542236328,22.760000228881836,21.959999084472656,22.170000076293945,62495
2019-08-15,22.170000076293945,22.200000762939453,21.520000457763672,21.739999771118164,83833
2019-08-18,21.739999771118164,21.790000915527344,21.5,21.600000381469727,58349
2019-08-19,21.600000381469727,21.75,21.549999237060547,21.639999389648438,56029
2019-08-20,21.639999389648438,22.149999618530273,21.700000762939453,21.979999542236328,128811
2019-08-21,21.979999542236328,22.799999237060547,22.030000686645508,22.43000030517578,305195
2019-08-22,22.43000030517578,22.56999969482422,22.0,22.329999923706055,261582
2019-08-25,22.329999923706055,22.799999237060547,22.0,22.3700008392334,250021
2019-08-26,22.3700008392334,22.5,21.920000076293945,22.149999618530273,140094
2019-08-27,22.149999618530273,22.200000762939453,21.75,21.940000534057617,103526
2019-08-28,21.940000534057617,22.309999465942383,21.81999969482422,22.0,267889
2019-08-29,22.0,22.190000534057617,21.700000762939453,21.809999465942383,166781
2019-09-01,21.809999465942383,21.809999465942383,21.809999465942383,21.809999465942383,0
2019-09-02,22.350000381469727,23.149999618530273,22.110000610351562,22.670000076293945,973617
2019-09-03,22.670000076293945,23.09000015258789,22.31999969482422,22.899999618530273,338789
2019-09-04,22.899999618530273,22.979999542236328,22.350000381469727,22.610000610351562,186650
2019-09-05,22.610000610351562,23.0,22.440000534057617,22.68000030517578,286490
2019-09-08,22.68000030517578,23.559999465942383,22.690000534057617,23.299999237060547,422123
2019-09-09,23.299999237060547,23.43000030517578,23.079999923706055,23.239999771118164,162556
2019-09-10,23.239999771118164,23.399999618530273,23.0,23.059999465942383,85165
2019-09-11,23.059999465942383,23.139999389648438,22.829999923706055,23.0,29003
2019-09-12,23.0,23.049999237060547,22.520000457763672,22.739999771118164,61429
2019-09-15,22.739999771118164,22.790000915527344,22.200000762939453,22.459999084472656,623254
2019-09-16,22.459999084472656,22.889999389648438,22.299999237060547,22.549999237060547,1487461
2019-09-17,22.549999237060547,23.0,21.899999618530273,22.299999237060547,330379
2019-09-18,22.299999237060547,22.5,22.0,22.229999542236328,81728
2019-09-19,22.229999542236328,22.110000610351562,21.5,21.739999771118164,2714578
2019-09-22,21.739999771118164,20.68000030517578,19.700000762939453,20.020000457763672,223304
2019-09-23,20.020000457763672,20.3799991607666,18.520000457763672,19.8700008392334,141550
2019-09-24,19.8700008392334,19.8700008392334,18.600000381469727,19.309999465942383,678284
2019-09-25,19.309999465942383,19.8700008392334,19.299999237060547,19.6299991607666,45311
2019-09-26,19.6299991607666,19.979999542236328,19.010000228881836,19.610000610351562,88341
2019-09-29,19.610000610351562,21.5,20.43000030517578,20.8700008392334,131441
2019-09-30,20.8700008392334,21.0,20.5,20.75,154855
2019-10-01,20.75,21.0,20.799999237060547,20.90999984741211,34180
2019-10-02,20.90999984741211,20.600000381469727,20.31999969482422,20.5,194176
2019-10-03,20.5,21.489999771118164,20.049999237060547,21.170000076293945,398893
2019-10-07,21.170000076293945,23.280000686645508,21.299999237060547,22.59000015258789,1746721
2019-10-08,22.59000015258789,23.690000534057617,22.6200008392334,23.040000915527344,323976
2019-10-09,23.040000915527344,22.700000762939453,22.5,22.610000610351562,703651
2019-10-10,22.610000610351562,23.100000381469727,22.510000228881836,22.760000228881836,755529
2019-10-13,22.760000228881836,22.739999771118164,22.399999618530273,22.510000228881836,42712
2019-10-14,22.510000228881836,22.510000228881836,22.200000762939453,22.34000015258789,165469
2019-10-15,22.34000015258789,22.329999923706055,21.610000610351562,22.020000457763672,24150
2019-10-16,22.020000457763672,22.420000076293945,22.0,22.290000915527344,102613
2019-10-17,22.290000915527344,22.5,22.110000610351562,22.280000686645508,100130
2019-10-20,22.280000686645508,22.25,22.0,22.09000015258789,123526
2019-10-21,22.09000015258789,22.3700008392334,21.739999771118164,22.079999923706055,392944
2019-10-22,22.079999923706055,21.329999923706055,20.899999618530273,21.049999237060547,59684
2019-10-23,21.049999237060547,21.309999465942383,20.530000686645508,21.059999465942383,48497
2019-10-24,21.059999465942383,21.309999465942383,20.93000030517578,21.209999084472656,37840
2019-10-27,21.209999084472656,21.25,21.0,21.100000381469727,16657
2019-10-28,21.100000381469727,21.780000686645508,20.90999984741211,21.200000762939453,819477
2019-10-29,21.200000762939453,21.700000762939453,21.299999237060547,21.549999237060547,188143
2019-10-30,21.549999237060547,21.950000762939453,21.399999618530273,21.700000762939453,243732
2019-10-31,21.700000762939453,22.989999771118164,21.700000762939453,22.15999984741211,321702
2019-11-03,22.15999984741211,22.989999771118164,22.43000030517578,22.670000076293945,162672
2019-11-04,22.670000076293945,22.829999923706055,22.329999923706055,22.489999771118164,121824
2019-11-05,22.489999771118164,23.600000381469727,22.260000228881836,23.219999313354492,756107
2019-11-06,23.219999313354492,24.299999237060547,23.219999313354492,24.040000915527344,722421
2019-11-07,24.040000915527344,24.399999618530273,23.799999237060547,24.1200008392334,279320
2019-11-11,24.1200008392334,24.030000686645508,23.600000381469727,23.760000228881836,90356
2019-11-12,23.760000228881836,23.639999389648438,23.010000228881836,23.31999969482422,116061
2019-11-13,23.31999969482422,23.459999084472656,23.020000457763672,23.280000686645508,41895
2019-11-14,23.280000686645508,23.389999389648438,22.959999084472656,23.049999237060547,83779
2019-11-17,23.049999237060547,23.260000228881836,22.600000381469727,22.8700008392334,13980
2019-11-18,22.8700008392334,23.0,22.270000457763672,22.489999771118164,14860
2019-11-19,22.489999771118164,22.549999237060547,22.059999465942383,22.309999465942383,36033
2019-11-20,22.309999465942383,22.299999237060547,22.049999237060547,22.170000076293945,27355
2019-11-21,22.170000076293945,22.5,21.719999313354492,21.950000762939453,30902
2019-11-24,21.950000762939453,21.8799991607666,21.020000457763672,21.469999313354492,93698
2019-11-25,21.469999313354492,21.75,21.5,21.510000228881836,157089
2019-11-26,21.510000228881836,21.899999618530273,21.309999465942383,21.489999771118164,58597
2019-11-27,21.489999771118164,21.799999237060547,21.049999237060547,21.329999923706055,15542
2019-11-28,21.329999923706055,22.09000015258789,21.010000228881836,21.950000762939453,90953
2019-12-01,21.950000762939453,22.0,21.309999465942383,21.90999984741211,79530
2019-12-02,21.90999984741211,21.5,20.520000457763672,20.979999542236328,50947
2019-12-03,20.979999542236328,21.700000762939453,20.5,21.149999618530273,76907
2019-12-04,21.149999618530273,21.989999771118164,21.5,21.579999923706055,89314
2019-12-05,21.579999923706055,21.989999771118164,21.350000381469727,21.5,84987
2019-12-08,21.5,21.639999389648438,21.5,21.510000228881836,73547
2019-12-09,21.510000228881836,21.510000228881836,21.200000762939453,21.479999542236328,72467
2019-12-10,21.479999542236328,21.700000762939453,21.5,21.5,104225
2019-12-11,21.5,21.5,21.270000457763672,21.450000762939453,9860
2019-12-12,21.450000762939453,21.299999237060547,20.559999465942383,20.850000381469727,46106
2019-12-15,20.850000381469727,21.889999389648438,20.799999237060547,20.799999237060547,119586
2019-12-16,20.799999237060547,20.709999084472656,20.649999618530273,20.700000762939453,76201
2019-12-17,20.700000762939453,21.5,20.809999465942383,21.079999923706055,399606
2019-12-18,21.079999923706055,21.440000534057617,21.0,21.149999618530273,57380
2019-12-19,21.149999618530273,21.209999084472656,21.0,21.079999923706055,55190
2019-12-22,21.079999923706055,21.3799991607666,21.020000457763672,21.09000015258789,59292
2019-12-23,21.09000015258789,21.190000534057617,21.0,21.020000457763672,15847
2019-12-24,21.020000457763672,21.020000457763672,20.709999084472656,20.920000076293945,21950
2019-12-25,20.920000076293945,21.200000762939453,20.5,20.59000015258789,39000
2019-12-26,20.59000015258789,21.0,20.510000228881836,20.610000610351562,66300
2019-12-29,20.610000610351562,20.75,20.510000228881836,20.690000534057617,10870
2019-12-30,20.690000534057617,20.889999389648438,20.110000610351562,20.5,11462
2019-12-31,20.5,22.0,20.200000762939453,20.90999984741211,458759
2020-01-02,20.90999984741211,21.200000762939453,20.950000762939453,21.049999237060547,13815
2020-01-05,21.049999237060547,20.549999237060547,19.209999084472656,19.739999771118164,152334
2020-01-06,19.739999771118164,19.8700008392334,19.0,19.260000228881836,53611
2020-01-08,19.260000228881836,20.450000762939453,19.0,19.969999313354492,133485
2020-01-09,19.969999313354492,20.799999237060547,20.010000228881836,20.309999465942383,38027
2020-01-12,20.309999465942383,20.780000686645508,20.209999084472656,20.530000686645508,15600
2020-01-13,20.530000686645508,20.75,20.260000228881836,20.600000381469727,23538
2020-01-14,20.600000381469727,20.790000915527344,20.209999084472656,20.469999313354492,25875
2020-01-15,20.469999313354492,20.59000015258789,20.200000762939453,20.440000534057617,23439
2020-01-16,20.440000534057617,20.510000228881836,20.0,20.1299991607666,137789
2020-01-19,20.1299991607666,20.399999618530273,19.959999084472656,20.040000915527344,9690
2020-01-20,20.040000915527344,20.239999771118164,19.610000610351562,19.959999084472656,19679
2020-01-21,19.959999084472656,20.190000534057617,19.719999313354492,20.0,20045
2020-01-22,20.0,20.5,20.0,20.149999618530273,10063
2020-01-23,20.149999618530273,20.280000686645508,19.799999237060547,20.190000534057617,28326
2020-01-26,20.190000534057617,20.489999771118164,19.639999389648438,20.100000381469727,22299
2020-01-27,20.100000381469727,20.100000381469727,20.100000381469727,20.100000381469727,0
2020-01-28,19.889999389648438,20.18000030517578,19.84000015258789,19.8799991607666,4690
2020-01-29,19.8799991607666,19.8799991607666,19.8799991607666,19.8799991607666,0
2020-01-30,20.399999618530273,21.479999542236328,20.209999084472656,21.020000457763672,23077
2020-02-02,21.020000457763672,20.5,20.079999923706055,20.239999771118164,25638
2020-02-03,20.239999771118164,20.239999771118164,20.239999771118164,20.239999771118164,0
2020-02-04,20.34000015258789,20.670000076293945,20.059999465942383,20.299999237060547,105326
2020-02-05,20.299999237060547,20.299999237060547,19.920000076293945,20.030000686645508,104589
2020-02-06,20.030000686645508,20.030000686645508,20.030000686645508,20.030000686645508,0
2020-02-09,20.309999465942383,20.200000762939453,19.899999618530273,20.079999923706055,91232
2020-02-10,20.079999923706055,20.389999389648438,19.850000381469727,19.989999771118164,26804
2020-02-11,19.989999771118164,20.299999237060547,19.850000381469727,19.889999389648438,4072
2020-02-12,19.889999389648438,20.0,19.540000915527344,19.6299991607666,7941
2020-02-13,19.6299991607666,19.600000381469727,19.200000762939453,19.389999389648438,36250
2020-02-16,19.389999389648438,19.5,18.760000228881836,19.010000228881836,31935
2020-02-17,19.010000228881836,19.219999313354492,19.0,19.020000457763672,33925
2020-02-18,19.020000457763672,19.010000228881836,18.760000228881836,18.979999542236328,71062
2020-02-19,18.979999542236328,19.399999618530273,18.8799991607666,18.989999771118164,86565
2020-02-20,18.989999771118164,19.100000381469727,18.75,18.809999465942383,124583
2020-02-23,18.809999465942383,19.0,18.850000381469727,19.0,20520
2020-02-24,19.0,18.700000762939453,18.0,18.09000015258789,37797
2020-02-25,18.09000015258789,18.360000610351562,17.5,17.75,18949
2020-02-26,17.75,17.75,17.75,17.75,0
2020-02-27,17.219999313354492,17.489999771118164,16.520000457763672,16.729999542236328,136040
2020-03-01,16.729999542236328,16.0,15.109999656677246,15.399999618530273,48563
2020-03-02,15.399999618530273,16.0,15.0,15.380000114440918,54339
2020-03-03,15.380000114440918,16.5,15.600000381469727,16.059999465942383,500758
2020-03-04,16.059999465942383,16.059999465942383,16.059999465942383,16.059999465942383,0
2020-03-05,16.219999313354492,17.25,16.299999237060547,16.93000030517578,685627
2020-03-08,16.93000030517578,16.75,15.899999618530273,16.059999465942383,63736
2020-03-09,16.059999465942383,15.529999732971191,14.460000038146973,14.949999809265137,461806
2020-03-10,14.949999809265137,15.5,14.829999923706055,15.0,137696
2020-03-11,15.0,15.390000343322754,14.869999885559082,15.050000190734863,90670
2020-03-15,15.050000190734863,14.0,13.550000190734863,13.609999656677246,57280
2020-03-16,13.609999656677246,13.5,12.300000190734863,12.880000114440918,76725
2020-03-17,12.880000114440918,13.0,11.609999656677246,12.350000381469727,72829
2020-03-18,12.350000381469727,12.970000267028809,11.680000305175781,11.989999771118164,96129
2020-03-19,11.989999771118164,13.180000305175781,10.850000381469727,12.359999656677246,92148
2020-03-22,12.359999656677246,13.59000015258789,12.359999656677246,13.550000190734863,323504
2020-03-23,13.550000190734863,14.899999618530273,14.199999809265137,14.609999656677246,561837
2020-03-24,14.609999656677246,14.699999809265137,14.199999809265137,14.470000267028809,339581
2020-03-25,14.470000267028809,15.350000381469727,14.800000190734863,15.119999885559082,474752
2020-03-26,15.119999885559082,16.6299991607666,15.5,15.890000343322754,330765
2020-03-29,15.890000343322754,16.600000381469727,15.899999618530273,16.34000015258789,39334
2020-03-30,16.34000015258789,16.0,15.350000381469727,15.4399995803833,17051
2020-03-31,15.4399995803833,16.25,15.3100004196167,15.960000038146973,33464
2020-04-01,15.960000038146973,15.649999618530273,15.140000343322754,15.380000114440918,8736
2020-04-02,15.380000114440918,16.0,15.40999984741211,15.609999656677246,30611
2020-04-05,15.609999656677246,15.5,15.039999961853027,15.25,2000
2020-04-06,15.25,15.859999656677246,14.989999771118164,15.020000457763672,135423
2020-04-07,15.020000457763672,15.739999771118164,15.220000267028809,15.5600004196167,368477
2020-04-08,15.5600004196167,15.699999809265137,15.0,15.130000114440918,1017723
2020-04-09,15.130000114440918,15.430000305175781,15.020000457763672,15.25,87569
2020-04-12,15.25,15.1899995803833,14.899999618530273,15.029999732971191,20159
2020-04-13,15.029999732971191,15.59000015258789,14.970000267028809,15.390000343322754,149022
2020-04-14,15.390000343322754,16.600000381469727,15.829999923706055,16.309999465942383,537352
2020-04-15,16.309999465942383,16.579999923706055,15.800000190734863,16.040000915527344,92640
2020-04-16,16.040000915527344,16.200000762939453,15.800000190734863,16.040000915527344,199322
2020-04-21,16.040000915527344,15.600000381469727,15.399999618530273,15.489999771118164,74898
2020-04-22,15.489999771118164,15.59000015258789,15.180000305175781,15.329999923706055,437851
2020-04-23,15.329999923706055,16.010000228881836,15.3100004196167,15.760000228881836,443674
2020-04-26,15.760000228881836,16.280000686645508,15.84000015258789,15.989999771118164,156170
2020-04-27,15.989999771118164,16.200000762939453,15.800000190734863,16.020000457763672,298401
2020-04-28,16.020000457763672,16.68000030517578,15.949999809265137,16.260000228881836,663622
2020-04-29,16.260000228881836,16.299999237060547,15.5,15.850000381469727,830245
2020-04-30,15.850000381469727,15.9399995803833,15.350000381469727,15.600000381469727,528503
2020-05-03,15.600000381469727,15.380000114440918,14.039999961853027,14.84000015258789,896621
2020-05-04,14.84000015258789,15.100000381469727,14.680000305175781,14.84000015258789,228320
2020-05-05,14.84000015258789,14.979999542236328,14.399999618530273,14.569999694824219,299998
2020-05-06,14.569999694824219,14.75,14.050000190734863,14.390000343322754,481714
2020-05-07,14.390000343322754,14.199999809265137,13.399999618530273,13.720000267028809,973835
2020-05-10,13.720000267028809,13.850000381469727,12.5,12.899999618530273,722380
2020-05-11,12.899999618530273,13.170000076293945,11.609999656677246,11.899999618530273,4205004
2020-05-12,11.899999618530273,12.5,12.0,12.180000305175781,5477164
2020-05-13,12.180000305175781,12.229999542236328,11.25,11.710000038146973,4143143
2020-05-14,11.710000038146973,12.289999961853027,11.600000381469727,11.970000267028809,3190929
2020-05-17,11.970000267028809,12.050000190734863,11.800000190734863,11.930000305175781,664315
2020-05-18,11.930000305175781,11.960000038146973,11.600000381469727,11.75,919698
2020-05-19,11.75,12.0,11.800000190734863,11.869999885559082,1176703
2020-05-20,11.869999885559082,11.8100004196167,11.649999618530273,11.729999542236328,863025
2020-05-21,11.729999542236328,12.079999923706055,11.699999809265137,11.960000038146973,1622006
2020-05-31,11.960000038146973,12.460000038146973,12.100000381469727,12.25,1200448
2020-06-01,12.25,13.069999694824219,12.0,12.449999809265137,10114870
2020-06-02,12.449999809265137,12.989999771118164,12.680000305175781,12.84000015258789,2887219
2020-06-03,12.84000015258789,13.479999542236328,12.8100004196167,13.09000015258789,6130527
2020-06-04,13.09000015258789,13.75,13.199999809265137,13.5600004196167,6266276
2020-06-07,13.5600004196167,14.25,13.829999923706055,14.0600004196167,1905641
2020-06-08,14.0600004196167,14.289999961853027,13.699999809265137,13.930000305175781,2054726
2020-06-09,13.930000305175781,13.949999809265137,13.369999885559082,13.59000015258789,1150378
2020-06-10,13.59000015258789,13.789999961853027,13.449999809265137,13.630000114440918,917462
2020-06-11,13.630000114440918,13.600000381469727,13.460000038146973,13.529999732971191,525819
2020-06-14,13.529999732971191,14.279999732971191,13.270000457763672,13.930000305175781,2349353
2020-06-15,13.930000305175781,14.800000190734863,13.819999694824219,14.40999984741211,2579037
2020-06-16,14.40999984741211,14.949999809265137,14.119999885559082,14.420000076293945,1133808
2020-06-17,14.420000076293945,14.399999618530273,14.100000381469727,14.270000457763672,1300193
2020-06-18,14.270000457763672,14.369999885559082,14.130000114440918,14.229999542236328,956776
2020-06-21,14.229999542236328,14.6899995803833,14.0,14.380000114440918,1221174
2020-06-22,14.380000114440918,14.40999984741211,14.199999809265137,14.34000015258789,945345
2020-06-23,14.34000015258789,14.8100004196167,14.0,14.329999923706055,1967838
2020-06-24,14.329999923706055,15.029999732971191,14.460000038146973,14.829999923706055,892495
2020-06-25,14.829999923706055,14.850000381469727,14.319999694824219,14.670000076293945,549225
2020-06-28,14.670000076293945,14.5,14.300000190734863,14.40999984741211,38671
2020-06-29,14.40999984741211,14.5,14.199999809265137,14.380000114440918,154071
2020-06-30,14.380000114440918,14.75,14.300000190734863,14.4399995803833,238486
2020-07-05,14.4399995803833,14.859999656677246,14.529999732971191,14.75,648187
2020-07-06,14.75,15.3100004196167,14.529999732971191,15.119999885559082,956329
2020-07-07,15.119999885559082,15.6899995803833,15.199999809265137,15.479999542236328,666692
2020-07-08,15.479999542236328,15.609999656677246,14.899999618530273,15.1899995803833,592535
2020-07-09,15.1899995803833,15.1899995803833,14.699999809265137,14.90999984741211,404885
2020-07-12,14.90999984741211,16.170000076293945,15.109999656677246,15.789999961853027,1023830
2020-07-13,15.789999961853027,16.0,15.699999809265137,15.890000343322754,2863349
2020-07-14,15.890000343322754,15.899999618530273,14.899999618530273,15.180000305175781,639461
2020-07-15,15.180000305175781,15.25,14.0,14.460000038146973,530646
2020-07-16,14.460000038146973,15.050000190734863,14.399999618530273,14.670000076293945,251722
2020-07-19,14.670000076293945,15.069999694824219,14.5,14.789999961853027,580038
2020-07-20,14.789999961853027,15.0600004196167,14.880000114440918,15.0,572333
2020-07-21,15.0,15.029999732971191,14.65999984741211,14.819999694824219,104877
2020-07-22,14.819999694824219,14.850000381469727,14.600000381469727,14.699999809265137,70183
2020-07-26,14.699999809265137,15.5,14.699999809265137,15.180000305175781,564725
2020-07-27,15.180000305175781,15.300000190734863,14.869999885559082,15.0,164008
2020-07-28,15.0,15.0,14.850000381469727,14.979999542236328,178027
2020-07-29,14.979999542236328,15.0,14.819999694824219,14.930000305175781,192342
2020-08-04,14.930000305175781,15.0,14.880000114440918,14.90999984741211,22752
2020-08-05,14.90999984741211,15.149999618530273,14.829999923706055,14.949999809265137,618164
2020-08-06,14.949999809265137,15.399999618530273,15.0,15.149999618530273,352587
2020-08-09,15.149999618530273,16.399999618530273,15.350000381469727,15.90999984741211,904339
2020-08-10,15.90999984741211,17.3799991607666,16.040000915527344,17.040000915527344,1532929
2020-08-11,17.040000915527344,17.799999237060547,16.799999237060547,17.420000076293945,629171
2020-08-12,17.420000076293945,18.06999969482422,17.40999984741211,17.719999313354492,411145
2020-08-13,17.719999313354492,18.010000228881836,17.5,17.899999618530273,622615
2020-08-16,17.899999618530273,19.549999237060547,18.15999984741211,19.020000457763672,1425898
2020-08-17,19.020000457763672,18.790000915527344,18.170000076293945,18.43000030517578,194022
2020-08-18,18.43000030517578,18.549999237060547,17.899999618530273,18.06999969482422,462726
2020-08-19,18.06999969482422,18.360000610351562,17.760000228881836,17.920000076293945,430915
2020-08-23,17.920000076293945,18.5,17.920000076293945,18.25,552283
2020-08-24,18.25,18.899999618530273,18.5,18.6299991607666,345583
2020-08-25,18.6299991607666,18.5,17.75,17.950000762939453,292429
2020-08-26,17.950000762939453,18.0,17.649999618530273,17.799999237060547,974759
2020-08-27,17.799999237060547,18.0,17.649999618530273,17.8799991607666,246827
2020-08-30,17.8799991607666,18.5,17.5,18.030000686645508,613165
2020-08-31,18.030000686645508,18.0,17.600000381469727,17.780000686645508,104518
2020-09-01,17.780000686645508,17.93000030517578,17.5,17.780000686645508,645880
2020-09-02,17.780000686645508,18.0,17.600000381469727,17.850000381469727,1447579
2020-09-03,17.850000381469727,18.600000381469727,17.81999969482422,18.25,812423
2020-09-06,18.25,18.229999542236328,17.65999984741211,17.8700008392334,569547
2020-09-07,17.8700008392334,18.290000915527344,17.799999237060547,18.139999389648438,414413
2020-09-08,18.139999389648438,18.0,17.049999237060547,17.68000030517578,567253
2020-09-09,17.68000030517578,17.68000030517578,17.68000030517578,17.68000030517578,0
2020-09-10,18.09000015258789,19.200000762939453,18.549999237060547,18.940000534057617,936063
2020-09-13,18.940000534057617,19.079999923706055,18.5,18.700000762939453,539291
2020-09-14,18.700000762939453,18.700000762939453,18.0,18.3700008392334,110812
2020-09-15,18.3700008392334,18.940000534057617,18.450000762939453,18.780000686645508,525428
2020-09-16,18.780000686645508,19.299999237060547,18.889999389648438,19.110000610351562,871801
2020-09-17,19.110000610351562,19.200000762939453,18.75,18.979999542236328,1977374
2020-09-20,18.979999542236328,19.25,18.75,19.020000457763672,428723
2020-09-21,19.020000457763672,19.5,18.399999618530273,18.8799991607666,820898
2020-09-22,18.8799991607666,20.100000381469727,18.559999465942383,19.84000015258789,2749126
2020-09-23,19.84000015258789,20.25,19.5,19.899999618530273,776086
2020-09-24,19.899999618530273,20.899999618530273,19.75,20.31999969482422,2928345
2020-09-27,20.31999969482422,20.459999084472656,19.700000762939453,19.8700008392334,230974
2020-09-28,19.8700008392334,19.75,19.0,19.1200008392334,919412
2020-09-29,19.1200008392334,19.690000534057617,19.100000381469727,19.34000015258789,129371
2020-09-30,19.34000015258789,19.5,19.200000762939453,19.329999923706055,400767
2020-10-01,19.329999923706055,19.75,19.489999771118164,19.530000686645508,837270
2020-10-04,19.530000686645508,19.700000762939453,18.93000030517578,19.360000610351562,66342
2020-10-05,19.360000610351562,19.25,18.700000762939453,18.989999771118164,496483
2020-10-06,18.989999771118164,18.989999771118164,18.989999771118164,18.989999771118164,0
2020-10-07,18.90999984741211,19.5,18.700000762939453,18.93000030517578,594419
2020-10-11,18.93000030517578,18.969999313354492,18.610000610351562,18.770000457763672,179016
2020-10-12,18.770000457763672,18.899999618530273,18.0,18.389999389648438,1097215
2020-10-13,18.389999389648438,18.299999237060547,17.790000915527344,17.969999313354492,1162498
2020-10-14,17.969999313354492,18.489999771118164,17.84000015258789,18.200000762939453,147475
2020-10-15,18.200000762939453,18.299999237060547,17.950000762939453,18.030000686645508,241119
2020-10-18,18.030000686645508,18.100000381469727,17.799999237060547,17.969999313354492,222503
2020-10-19,17.969999313354492,18.139999389648438,17.850000381469727,17.979999542236328,310124
2020-10-20,17.979999542236328,17.5,16.850000381469727,17.09000015258789,288734
2020-10-21,17.09000015258789,17.579999923706055,17.100000381469727,17.350000381469727,353190
2020-10-22,17.350000381469727,17.450000762939453,16.530000686645508,16.920000076293945,417964
2020-10-25,16.920000076293945,17.0,16.25,16.56999969482422,87701
2020-10-26,16.56999969482422,17.0,16.5,16.709999084472656,179489
2020-10-27,16.709999084472656,17.200000762939453,16.700000762939453,17.100000381469727,258747
2020-10-28,17.100000381469727,17.399999618530273,17.0,17.190000534057617,253147
2020-11-01,17.190000534057617,16.899999618530273,16.65999984741211,16.809999465942383,84373
2020-11-02,16.809999465942383,18.299999237060547,16.969999313354492,17.93000030517578,2382342
2020-11-03,17.93000030517578,18.84000015258789,17.889999389648438,18.280000686645508,595410
2020-11-04,18.280000686645508,18.850000381469727,18.5,18.65999984741211,377355
2020-11-05,18.65999984741211,18.709999084472656,18.299999237060547,18.559999465942383,230870
2020-11-08,18.559999465942383,18.700000762939453,18.149999618530273,18.459999084472656,88762
2020-11-09,18.459999084472656,18.799999237060547,18.459999084472656,18.610000610351562,194495
2020-11-10,18.610000610351562,19.0,18.559999465942383,18.829999923706055,581488
2020-11-11,18.829999923706055,19.0,18.709999084472656,18.799999237060547,121493
2020-11-12,18.799999237060547,19.200000762939453,18.809999465942383,19.049999237060547,120371
2020-11-15,19.049999237060547,19.299999237060547,19.0,19.229999542236328,339947
2020-11-16,19.229999542236328,19.700000762939453,19.25,19.440000534057617,523882
2020-11-17,19.440000534057617,20.100000381469727,19.719999313354492,20.0,2145264
2020-11-18,20.0,20.100000381469727,19.56999969482422,19.809999465942383,60063
2020-11-19,19.809999465942383,19.899999618530273,19.5,19.59000015258789,261444
2020-11-22,19.59000015258789,19.56999969482422,19.209999084472656,19.350000381469727,28608
2020-11-23,19.350000381469727,19.8799991607666,19.5,19.709999084472656,255848
2020-11-24,19.709999084472656,20.0,19.5,19.84000015258789,145507
2020-11-25,19.84000015258789,20.899999618530273,19.610000610351562,20.190000534057617,404790
2020-11-26,20.190000534057617,21.209999084472656,20.0,20.709999084472656,646702
2020-11-29,20.709999084472656,21.0,20.0,20.469999313354492,316196
2020-11-30,20.469999313354492,20.5,20.010000228881836,20.329999923706055,251721
2020-12-01,20.329999923706055,20.489999771118164,20.0,20.079999923706055,166323
2020-12-02,20.079999923706055,20.170000076293945,19.850000381469727,20.010000228881836,109099
2020-12-03,20.010000228881836,20.399999618530273,19.700000762939453,20.309999465942383,58894
2020-12-06,20.309999465942383,22.34000015258789,20.049999237060547,21.739999771118164,1043280
2020-12-07,21.739999771118164,21.899999618530273,21.0,21.25,275370
2020-12-08,21.25,21.510000228881836,21.25,21.389999389648438,353390
2020-12-09,21.389999389648438,21.75,21.0,21.059999465942383,235168
2020-12-10,21.059999465942383,21.299999237060547,20.5,21.0,288818
2020-12-13,21.0,21.0,20.25,20.809999465942383,707483
2020-12-14,20.809999465942383,21.25,20.75,20.799999237060547,652988
2020-12-15,20.799999237060547,21.200000762939453,20.75,21.0,981030
2020-12-16,21.0,20.979999542236328,20.5,20.600000381469727,19711
2020-12-17,20.600000381469727,20.799999237060547,20.010000228881836,20.6200008392334,920624
2020-12-20,20.6200008392334,22.489999771118164,20.989999771118164,21.75,1021635
2020-12-21,21.75,21.200000762939453,19.709999084472656,20.68000030517578,517676
2020-12-22,20.68000030517578,20.969999313354492,20.299999237060547,20.729999542236328,330898
2020-12-23,20.729999542236328,20.84000015258789,20.600000381469727,20.719999313354492,337768
2020-12-24,20.719999313354492,20.899999618530273,20.6200008392334,20.850000381469727,78300
2020-12-27,20.850000381469727,20.799999237060547,20.299999237060547,20.3700008392334,19901
2020-12-28,20.3700008392334,20.729999542236328,20.040000915527344,20.510000228881836,40038
2020-12-29,20.510000228881836,20.690000534057617,20.15999984741211,20.510000228881836,408896
2020-12-30,20.510000228881836,20.709999084472656,20.360000610351562,20.479999542236328,390418
2020-12-31,20.479999542236328,20.700000762939453,20.219999313354492,20.68000030517578,870175
2021-01-03,20.68000030517578,21.0,20.649999618530273,20.780000686645508,85046
2021-01-04,20.780000686645508,20.850000381469727,20.299999237060547,20.610000610351562,130345
2021-01-05,20.610000610351562,20.600000381469727,20.209999084472656,20.469999313354492,418857
2021-01-06,20.469999313354492,20.850000381469727,20.520000457763672,20.670000076293945,672298
2021-01-10,20.670000076293945,20.850000381469727,19.809999465942383,20.1200008392334,892374
2021-01-11,20.1200008392334,20.100000381469727,19.90999984741211,20.020000457763672,122478
2021-01-12,20.020000457763672,20.59000015258789,19.950000762939453,20.100000381469727,876896
2021-01-13,20.100000381469727,20.670000076293945,20.0,20.459999084472656,902458
2021-01-14,20.459999084472656,20.739999771118164,20.450000762939453,20.600000381469727,245971
2021-01-17,20.600000381469727,21.700000762939453,20.739999771118164,21.469999313354492,1154104
2021-01-18,21.469999313354492,21.700000762939453,20.700000762939453,21.040000915527344,443685
2021-01-19,21.040000915527344,21.5,20.899999618530273,21.360000610351562,448465
2021-01-20,21.360000610351562,22.399999618530273,21.059999465942383,21.969999313354492,1057107
2021-01-21,21.969999313354492,22.299999237060547,21.5,21.989999771118164,534917
2021-01-24,21.989999771118164,22.0,21.700000762939453,21.959999084472656,193819
2021-01-25,21.959999084472656,21.959999084472656,21.959999084472656,21.959999084472656,0
2021-01-26,21.670000076293945,21.670000076293945,21.40999984741211,21.530000686645508,54817
2021-01-27,21.530000686645508,23.0,21.450000762939453,22.579999923706055,808732
2021-01-31,22.579999923706055,23.90999984741211,22.600000381469727,23.450000762939453,544271
2021-02-01,23.450000762939453,24.239999771118164,23.020000457763672,23.81999969482422,929857
2021-02-02,23.81999969482422,24.0,23.200000762939453,23.520000457763672,54057
2021-02-03,23.520000457763672,23.020000457763672,22.649999618530273,22.950000762939453,171939
2021-02-04,22.950000762939453,23.0,22.639999389648438,22.829999923706055,88322
2021-02-07,22.829999923706055,23.790000915527344,22.420000076293945,22.59000015258789,150240
2021-02-08,22.59000015258789,22.799999237060547,21.5,22.049999237060547,272506
2021-02-09,22.049999237060547,22.350000381469727,21.649999618530273,21.979999542236328,200345
2021-02-10,21.979999542236328,22.350000381469727,21.690000534057617,21.93000030517578,110454
2021-02-11,21.93000030517578,22.25,21.809999465942383,21.850000381469727,72452
2021-02-14,21.850000381469727,22.0,21.200000762939453,21.3700008392334,500427
2021-02-15,21.3700008392334,21.799999237060547,21.100000381469727,21.3700008392334,385147
2021-02-16,21.3700008392334,21.649999618530273,21.1200008392334,21.479999542236328,476030
2021-02-17,21.479999542236328,21.690000534057617,21.1200008392334,21.209999084472656,85997
2021-02-18,21.209999084472656,22.0,21.209999084472656,21.90999984741211,315318
2021-02-21,21.90999984741211,21.899999618530273,21.5,21.739999771118164,61400
2021-02-22,21.739999771118164,21.889999389648438,21.6299991607666,21.670000076293945,22196
2021-02-23,21.670000076293945,21.700000762939453,21.5,21.610000610351562,174125
2021-02-24,21.610000610351562,22.0,21.299999237060547,21.959999084472656,119539
2021-02-25,21.959999084472656,22.690000534057617,21.790000915527344,22.200000762939453,483104
2021-02-28,22.200000762939453,22.209999084472656,21.700000762939453,21.940000534057617,274103
2021-03-01,21.940000534057617,22.399999618530273,21.649999618530273,22.100000381469727,118845
2021-03-02,22.100000381469727,22.420000076293945,22.239999771118164,22.34000015258789,250900
2021-03-03,22.34000015258789,22.360000610351562,21.25,21.899999618530273,65306
2021-03-04,21.899999618530273,21.899999618530273,21.899999618530273,21.899999618530273,0
2021-03-07,21.790000915527344,23.06999969482422,21.8799991607666,22.459999084472656,462387
2021-03-08,22.459999084472656,23.0,21.010000228881836,22.639999389648438,152005
2021-03-09,22.639999389648438,22.0,21.0,21.479999542236328,470541
2021-03-10,21.479999542236328,21.979999542236328,19.34000015258789,21.59000015258789,1468825
2021-03-11,21.59000015258789,21.600000381469727,21.030000686645508,21.3799991607666,163694
2021-03-14,21.3799991607666,21.540000915527344,21.200000762939453,21.489999771118164,212938
2021-03-15,21.489999771118164,21.5,20.700000762939453,20.979999542236328,110938
2021-03-16,20.979999542236328,21.5,20.510000228881836,21.399999618530273,114022
2021-03-17,21.399999618530273,21.399999618530273,20.639999389648438,21.010000228881836,19788
2021-03-18,21.010000228881836,21.010000228881836,20.639999389648438,20.809999465942383,26066
2021-03-21,20.809999465942383,21.0,20.010000228881836,20.739999771118164,159455
2021-03-22,20.739999771118164,20.489999771118164,19.989999771118164,20.020000457763672,107866
2021-03-23,20.020000457763672,20.489999771118164,19.649999618530273,20.1200008392334,76605
2021-03-24,20.1200008392334,22.0,20.479999542236328,21.200000762939453,407934
2021-03-25,21.200000762939453,22.0,21.0,21.59000015258789,228723
2021-03-28,21.59000015258789,22.0,21.020000457763672,21.5,56909
2021-03-29,21.5,21.690000534057617,21.0,21.100000381469727,17995
2021-03-30,21.100000381469727,21.479999542236328,21.049999237060547,21.3799991607666,9050
2021-03-31,21.3799991607666,21.3799991607666,20.799999237060547,21.3799991607666,4272
2021-04-01,21.3799991607666,21.299999237060547,20.809999465942383,20.93000030517578,10741
2021-04-04,20.93000030517578,20.809999465942383,19.829999923706055,20.0,43755
2021-04-05,20.0,21.5,19.899999618530273,20.979999542236328,420444
2021-04-06,20.979999542236328,21.0,20.010000228881836,20.56999969482422,66277
2021-04-07,20.56999969482422,20.950000762939453,20.100000381469727,20.450000762939453,23378
2021-04-08,20.450000762939453,20.75,20.110000610351562,20.440000534057617,20377
2021-04-11,20.440000534057617,20.950000762939453,19.450000762939453,20.190000534057617,34648
2021-04-12,20.190000534057617,20.799999237060547,20.15999984741211,20.190000534057617,4740
2021-04-13,20.190000534057617,20.170000076293945,19.90999984741211,20.0,25564
2021-04-14,20.0,20.0,19.0,19.670000076293945,94847
2021-04-15,19.670000076293945,19.84000015258789,19.0,19.479999542236328,95419
2021-04-18,19.479999542236328,19.989999771118164,19.510000228881836,19.799999237060547,5180
2021-04-19,19.799999237060547,20.25,19.799999237060547,19.969999313354492,25248
2021-04-20,19.969999313354492,20.489999771118164,19.950000762939453,20.0,254568
2021-04-21,20.0,20.0,19.709999084472656,19.81999969482422,18005
2021-04-22,19.81999969482422,20.239999771118164,20.0,20.010000228881836,17749
2021-04-25,20.010000228881836,20.479999542236328,19.75,19.940000534057617,29080
2021-04-26,19.940000534057617,20.0,19.760000228881836,19.959999084472656,16295
2021-04-27,19.959999084472656,20.3799991607666,19.770000457763672,19.959999084472656,74395
2021-04-28,19.959999084472656,19.979999542236328,19.600000381469727,19.809999465942383,51507
2021-05-04,19.809999465942383,20.0,19.6299991607666,19.90999984741211,48732
2021-05-05,19.90999984741211,19.950000762939453,19.600000381469727,19.899999618530273,70676
2021-05-06,19.899999618530273,19.899999618530273,19.610000610351562,19.670000076293945,12369
2021-05-09,19.670000076293945,19.899999618530273,19.700000762939453,19.850000381469727,36459
2021-05-10,19.850000381469727,19.899999618530273,19.709999084472656,19.850000381469727,1709
2021-05-11,19.850000381469727,20.0,19.649999618530273,19.93000030517578,19453
2021-05-17,19.93000030517578,20.829999923706055,19.940000534057617,20.309999465942383,21670
2021-05-18,20.309999465942383,21.5,20.299999237060547,20.75,310409
2021-05-19,20.75,20.889999389648438,20.25,20.440000534057617,26638
2021-05-20,20.440000534057617,20.489999771118164,20.1299991607666,20.270000457763672,6414
2021-05-23,20.270000457763672,20.299999237060547,19.860000610351562,19.989999771118164,51601
2021-05-24,19.989999771118164,20.399999618530273,19.799999237060547,19.950000762939453,20398
2021-05-25,19.950000762939453,20.200000762939453,19.600000381469727,19.729999542236328,27118
2021-05-26,19.729999542236328,19.729999542236328,19.200000762939453,19.43000030517578,140597
2021-05-27,19.43000030517578,20.15999984741211,19.0,19.15999984741211,258528
2021-05-30,19.15999984741211,19.25,19.0,19.1200008392334,157835
2021-05-31,19.1200008392334,19.489999771118164,18.700000762939453,18.979999542236328,150290
2021-06-01,18.979999542236328,18.940000534057617,18.5,18.75,31463
2021-06-02,18.75,19.0,18.700000762939453,18.81999969482422,299662
2021-06-03,18.81999969482422,19.0,18.5,18.729999542236328,78709
2021-06-06,18.729999542236328,19.0,18.200000762939453,18.469999313354492,542481
2021-06-07,18.469999313354492,19.979999542236328,18.5,18.780000686645508,102864
2021-06-08,18.780000686645508,18.979999542236328,18.399999618530273,18.5,93262
2021-06-09,18.5,18.93000030517578,18.5,18.780000686645508,49627
2021-06-10,18.780000686645508,18.979999542236328,18.600000381469727,18.709999084472656,76034
2021-06-13,18.709999084472656,18.799999237060547,18.299999237060547,18.469999313354492,120348
2021-06-14,18.469999313354492,18.5,18.260000228881836,18.450000762939453,46146
2021-06-15,18.450000762939453,18.5,18.200000762939453,18.31999969482422,86482
2021-06-16,18.31999969482422,18.969999313354492,18.399999618530273,18.56999969482422,403924
2021-06-17,18.56999969482422,18.899999618530273,18.520000457763672,18.700000762939453,322482
2021-06-20,18.700000762939453,18.799999237060547,18.1200008392334,18.3799991607666,75755
2021-06-21,18.3799991607666,18.649999618530273,18.5,18.510000228881836,516066
2021-06-22,18.510000228881836,19.299999237060547,18.510000228881836,18.690000534057617,661969
2021-06-23,18.690000534057617,19.5,19.049999237060547,19.25,777419
2021-06-24,19.25,19.329999923706055,19.100000381469727,19.1200008392334,302593
2021-06-27,19.1200008392334,19.760000228881836,19.200000762939453,19.34000015258789,107537
2021-06-28,19.34000015258789,20.5,19.329999923706055,19.829999923706055,464685
2021-06-29,19.829999923706055,19.68000030517578,19.309999465942383,19.440000534057617,34870
2021-06-30,19.440000534057617,19.5,18.920000076293945,19.209999084472656,416872
2021-07-04,19.209999084472656,20.399999618530273,19.399999618530273,19.940000534057617,593738
2021-07-05,19.940000534057617,20.25,19.299999237060547,19.649999618530273,360867
2021-07-06,19.649999618530273,19.229999542236328,18.899999618530273,19.010000228881836,175057
2021-07-07,19.010000228881836,19.229999542236328,18.940000534057617,19.010000228881836,65720
2021-07-08,19.010000228881836,19.110000610351562,18.729999542236328,18.940000534057617,463737
2021-07-11,18.940000534057617,19.010000228881836,18.700000762939453,18.90999984741211,44291
2021-07-12,18.90999984741211,19.299999237060547,18.850000381469727,19.139999389648438,48798
2021-07-13,19.139999389648438,19.149999618530273,19.010000228881836,19.06999969482422,12438
2021-07-14,19.06999969482422,19.68000030517578,19.25,19.299999237060547,753659
2021-07-15,19.299999237060547,19.899999618530273,19.299999237060547,19.360000610351562,483267
2021-07-18,19.360000610351562,19.989999771118164,19.399999618530273,19.729999542236328,198332
2021-07-25,19.729999542236328,21.0,20.0,20.350000381469727,554018
2021-07-26,20.350000381469727,20.850000381469727,20.010000228881836,20.3700008392334,978214
2021-07-27,20.3700008392334,20.8700008392334,20.049999237060547,20.309999465942383,490437
2021-07-28,20.309999465942383,20.25,19.899999618530273,20.030000686645508,252813
2021-07-29,20.030000686645508,20.350000381469727,19.649999618530273,19.81999969482422,335080
2021-08-01,19.81999969482422,20.190000534057617,19.610000610351562,20.020000457763672,305052
2021-08-02,20.020000457763672,20.139999389648438,19.600000381469727,19.90999984741211,254652
2021-08-03,19.90999984741211,20.0,19.200000762939453,19.469999313354492,296639
2021-08-04,19.469999313354492,19.899999618530273,19.25,19.579999923706055,101336
2021-08-05,19.579999923706055,19.75,19.510000228881836,19.6200008392334,81899
2021-08-08,19.6200008392334,19.6200008392334,19.6200008392334,19.6200008392334,0
2021-08-09,19.6200008392334,19.6200008392334,19.6200008392334,19.6200008392334,0
2021-08-10,20.110000610351562,20.09000015258789,19.309999465942383,19.700000762939453,396253
2021-08-11,19.700000762939453,19.84000015258789,19.399999618530273,19.579999923706055,408390
2021-08-15,19.579999923706055,19.920000076293945,19.15999984741211,19.350000381469727,348347
2021-08-16,19.350000381469727,19.5,19.200000762939453,19.309999465942383,209693
2021-08-17,19.309999465942383,19.600000381469727,19.100000381469727,19.229999542236328,205881
2021-08-18,19.229999542236328,19.350000381469727,19.049999237060547,19.18000030517578,149081
2021-08-19,19.18000030517578,19.200000762939453,18.899999618530273,18.979999542236328,208304
2021-08-22,18.979999542236328,18.979999542236328,18.729999542236328,18.81999969482422,97551
2021-08-23,18.81999969482422,19.299999237060547,18.950000762939453,19.09000015258789,200783
2021-08-24,19.09000015258789,19.299999237060547,18.860000610351562,19.049999237060547,193614
2021-08-25,19.049999237060547,19.450000762939453,18.8799991607666,19.079999923706055,311626
2021-08-26,19.079999923706055,19.5,18.899999618530273,19.1299991607666,480148
2021-08-29,19.1299991607666,19.3799991607666,18.860000610351562,18.979999542236328,341057
2021-08-30,18.979999542236328,19.09000015258789,18.770000457763672,18.920000076293945,385857
2021-08-31,18.920000076293945,19.0,18.75,18.889999389648438,555756
2021-09-01,18.889999389648438,19.360000610351562,18.8799991607666,18.989999771118164,1341264
2021-09-02,18.989999771118164,19.299999237060547,19.059999465942383,19.239999771118164,1022785
2021-09-05,19.239999771118164,19.350000381469727,18.809999465942383,18.850000381469727,451190
2021-09-06,18.850000381469727,18.850000381469727,18.329999923706055,18.610000610351562,1221582
2021-09-07,18.610000610351562,18.799999237060547,18.610000610351562,18.700000762939453,252497
2021-09-08,18.700000762939453,18.84000015258789,18.670000076293945,18.700000762939453,89876
2021-09-09,18.700000762939453,18.81999969482422,18.600000381469727,18.610000610351562,214067
2021-09-12,18.610000610351562,18.75,18.5,18.639999389648438,56317
2021-09-13,18.639999389648438,18.950000762939453,18.649999618530273,18.829999923706055,133904
2021-09-14,18.829999923706055,19.059999465942383,18.700000762939453,18.700000762939453,374637
2021-09-15,18.700000762939453,18.799999237060547,18.600000381469727,18.68000030517578,394342
2021-09-16,18.68000030517578,18.81999969482422,18.399999618530273,18.59000015258789,154886
2021-09-19,18.59000015258789,19.860000610351562,18.399999618530273,19.329999923706055,2788806
2021-09-20,19.329999923706055,19.579999923706055,19.299999237060547,19.3700008392334,774389
2021-09-21,19.3700008392334,19.520000457763672,18.899999618530273,19.360000610351562,2413036
2021-09-22,19.360000610351562,19.739999771118164,19.40999984741211,19.559999465942383,315323
2021-09-23,19.559999465942383,19.899999618530273,19.65999984741211,19.709999084472656,297006
2021-09-26,19.709999084472656,19.899999618530273,19.540000915527344,19.600000381469727,301740
2021-09-27,19.600000381469727,19.700000762939453,19.399999618530273,19.479999542236328,198989
2021-09-28,19.479999542236328,20.5,19.149999618530273,20.0,11368941
2021-09-29,20.0,20.0,20.0,20.0,0
2021-09-30,19.979999542236328,20.0,19.600000381469727,19.8799991607666,135845
2021-10-03,19.8799991607666,20.399999618530273,19.989999771118164,20.100000381469727,364276
2021-10-04,20.100000381469727,20.290000915527344,19.899999618530273,19.899999618530273,68864
2021-10-05,19.899999618530273,20.18000030517578,19.899999618530273,20.0,253164
2021-10-06,20.0,20.200000762939453,19.850000381469727,19.950000762939453,127233
2021-10-10,19.950000762939453,20.450000762939453,19.799999237060547,19.940000534057617,745279
2021-10-11,19.940000534057617,20.0,19.770000457763672,19.780000686645508,152373
2021-10-12,19.780000686645508,19.989999771118164,19.75,19.799999237060547,253198
2021-10-13,19.799999237060547,20.540000915527344,19.790000915527344,20.31999969482422,857894
2021-10-14,20.31999969482422,21.700000762939453,20.200000762939453,21.1299991607666,2372879
2021-10-17,21.1299991607666,21.440000534057617,20.649999618530273,20.829999923706055,2039011
2021-10-18,20.829999923706055,20.829999923706055,20.829999923706055,20.829999923706055,0
2021-10-19,19.940000534057617,20.0,19.65999984741211,19.889999389648438,904087
2021-10-20,19.889999389648438,20.0,19.399999618530273,19.700000762939453,408595
2021-10-24,19.700000762939453,21.799999237060547,19.75,21.770000457763672,1949097
2021-10-25,21.770000457763672,22.790000915527344,21.6200008392334,21.989999771118164,1911713
2021-10-26,21.989999771118164,22.889999389648438,22.06999969482422,22.270000457763672,1021501
2021-10-27,22.270000457763672,22.5,21.40999984741211,21.639999389648438,391402
2021-10-28,21.639999389648438,21.760000228881836,21.010000228881836,21.5,422812
2021-10-31,21.5,20.610000610351562,19.600000381469727,20.200000762939453,3144644
2021-11-01,20.200000762939453,20.450000762939453,19.649999618530273,19.989999771118164,517493
2021-11-02,19.989999771118164,19.989999771118164,19.549999237060547,19.559999465942383,735825
2021-11-03,19.559999465942383,19.75,19.100000381469727,19.389999389648438,598160
2021-11-04,19.389999389648438,19.399999618530273,19.010000228881836,19.18000030517578,314132
2021-11-07,19.18000030517578,19.18000030517578,19.18000030517578,19.18000030517578,0
2021-11-08,19.18000030517578,19.18000030517578,19.18000030517578,19.18000030517578,0
2021-11-09,19.18000030517578,19.18000030517578,19.18000030517578,19.18000030517578,0
2021-11-10,19.350000381469727,19.5,19.020000457763672,19.5,129404
2021-11-11,19.5,19.56999969482422,19.110000610351562,19.3700008392334,141462
2021-11-14,19.3700008392334,20.489999771118164,19.3700008392334,20.489999771118164,586408
2021-11-15,20.489999771118164,20.850000381469727,19.920000076293945,20.479999542236328,357944
2021-11-16,20.479999542236328,20.479999542236328,19.799999237060547,20.0,543700
2021-11-17,20.0,20.170000076293945,19.559999465942383,20.0,391713
2021-11-18,20.0,20.0,20.0,20.0,0
2021-11-21,19.770000457763672,21.200000762939453,19.049999237060547,19.329999923706055,2643376
2021-11-22,19.329999923706055,19.510000228881836,19.200000762939453,19.3799991607666,428810
2021-11-23,19.3799991607666,19.75,19.0,19.15999984741211,425941
2021-11-24,19.15999984741211,19.469999313354492,19.010000228881836,19.219999313354492,247672
2021-11-25,19.219999313354492,19.450000762939453,19.079999923706055,19.15999984741211,392259
2021-11-28,19.15999984741211,19.15999984741211,19.15999984741211,19.15999984741211,0
2021-11-29,18.889999389648438,19.0,18.700000762939453,18.729999542236328,102041
2021-11-30,18.729999542236328,18.729999542236328,18.729999542236328,18.729999542236328,0
2021-12-01,18.729999542236328,18.729999542236328,18.729999542236328,18.729999542236328,0
2021-12-02,18.729999542236328,18.729999542236328,18.729999542236328,18.729999542236328,0
2021-12-05,18.799999237060547,18.899999618530273,18.670000076293945,18.700000762939453,159026
2021-12-06,18.700000762939453,18.899999618530273,18.690000534057617,18.790000915527344,406074
2021-12-07,18.790000915527344,18.989999771118164,17.899999618530273,18.989999771118164,1654331
2021-12-08,18.989999771118164,19.0,18.149999618530273,18.43000030517578,491109
2021-12-09,18.43000030517578,22.110000610351562,18.75,22.110000610351562,5475484
2021-12-12,22.110000610351562,21.889999389648438,19.809999465942383,20.84000015258789,9217088
2021-12-13,20.84000015258789,20.969999313354492,20.5,20.5,3816292
2021-12-14,20.5,20.469999313354492,19.799999237060547,19.969999313354492,2062149
2021-12-15,19.969999313354492,20.5,19.700000762939453,20.229999542236328,1925332
2021-12-16,20.229999542236328,21.0,20.110000610351562,20.360000610351562,3056436
2021-12-19,20.360000610351562,20.549999237060547,19.75,19.899999618530273,1193086
2021-12-20,19.899999618530273,20.280000686645508,19.59000015258789,19.979999542236328,1302570
2021-12-21,19.979999542236328,20.399999618530273,19.700000762939453,20.399999618530273,293563
2021-12-22,20.399999618530273,20.850000381469727,20.190000534057617,20.600000381469727,1185349
2021-12-23,20.600000381469727,20.600000381469727,20.0,20.0,637888
2021-12-26,20.0,20.440000534057617,20.06999969482422,20.350000381469727,658007
2021-12-27,20.350000381469727,20.989999771118164,20.100000381469727,20.5,740477
2021-12-28,20.5,22.1200008392334,20.350000381469727,21.450000762939453,3723489
2021-12-29,21.450000762939453,21.700000762939453,21.219999313354492,21.399999618530273,709048
2021-12-30,21.399999618530273,21.5,20.920000076293945,21.5,571975
2022-01-02,21.5,21.5,20.700000762939453,20.81999969482422,309119
2022-01-03,20.81999969482422,21.270000457763672,20.709999084472656,21.270000457763672,363506
2022-01-04,21.270000457763672,21.549999237060547,21.229999542236328,21.299999237060547,579798
2022-01-05,21.299999237060547,21.520000457763672,21.1299991607666,21.489999771118164,176878
2022-01-09,21.489999771118164,21.489999771118164,21.489999771118164,21.489999771118164,0
2022-01-10,20.940000534057617,21.25,20.899999618530273,21.25,588091
2022-01-11,21.25,21.5,21.030000686645508,21.479999542236328,757113
2022-01-12,21.479999542236328,21.84000015258789,21.309999465942383,21.84000015258789,1846971
2022-01-13,21.84000015258789,21.989999771118164,21.5,21.729999542236328,506228
2022-01-16,21.729999542236328,21.790000915527344,20.950000762939453,21.299999237060547,488181
2022-01-17,21.299999237060547,21.5,20.899999618530273,21.5,561871
2022-01-18,21.5,21.799999237060547,21.200000762939453,21.479999542236328,643341
2022-01-19,21.479999542236328,21.739999771118164,21.0,21.3799991607666,904532
2022-01-20,21.3799991607666,21.75,21.100000381469727,21.540000915527344,2272961
2022-01-23,21.540000915527344,21.5,21.209999084472656,21.360000610351562,194275
2022-01-24,21.360000610351562,21.489999771118164,21.239999771118164,21.489999771118164,382322
2022-01-25,21.489999771118164,21.649999618530273,21.170000076293945,21.469999313354492,1035732
2022-01-26,21.469999313354492,21.799999237060547,21.299999237060547,21.450000762939453,1360159
2022-01-30,21.450000762939453,21.549999237060547,21.040000915527344,21.200000762939453,461884
2022-01-31,21.200000762939453,21.350000381469727,20.899999618530273,21.139999389648438,965228
2022-02-01,21.139999389648438,21.34000015258789,21.100000381469727,21.34000015258789,195086
2022-02-02,21.34000015258789,21.399999618530273,20.940000534057617,21.030000686645508,420476
2022-02-03,21.030000686645508,21.15999984741211,20.8700008392334,21.010000228881836,645951
2022-02-06,21.010000228881836,21.139999389648438,20.829999923706055,20.940000534057617,788192
2022-02-07,20.940000534057617,20.979999542236328,20.530000686645508,20.920000076293945,641774
2022-02-08,20.920000076293945,20.889999389648438,20.600000381469727,20.780000686645508,377109
2022-02-09,20.780000686645508,21.290000915527344,20.5,20.510000228881836,1174680
2022-02-10,20.510000228881836,21.0,20.510000228881836,20.950000762939453,2364031
2022-02-13,20.950000762939453,20.799999237060547,20.25,20.799999237060547,328888
2022-02-14,20.799999237060547,21.0,20.450000762939453,20.729999542236328,480083
2022-02-15,20.729999542236328,21.0,20.5,21.0,462543
2022-02-16,21.0,21.5,20.850000381469727,21.209999084472656,1738462
2022-02-17,21.209999084472656,21.489999771118164,21.0,21.299999237060547,658715
2022-02-20,21.299999237060547,21.110000610351562,20.600000381469727,20.709999084472656,403004
2022-02-21,20.709999084472656,21.100000381469727,20.700000762939453,20.969999313354492,216575
2022-02-22,20.969999313354492,21.290000915527344,20.399999618530273,20.649999618530273,1935882
2022-02-23,20.649999618530273,20.790000915527344,20.600000381469727,20.790000915527344,425740
2022-02-24,20.790000915527344,21.0,19.5,20.799999237060547,1822973
2022-02-27,20.799999237060547,21.200000762939453,20.59000015258789,20.989999771118164,521475
2022-02-28,20.989999771118164,21.0,20.649999618530273,20.979999542236328,457924
2022-03-01,20.979999542236328,20.950000762939453,20.799999237060547,20.8700008392334,88584
2022-03-02,20.8700008392334,21.3700008392334,20.670000076293945,21.25,382856
2022-03-03,21.25,21.799999237060547,21.200000762939453,21.65999984741211,1372286
2022-03-06,21.65999984741211,22.0,21.5,21.600000381469727,1877815
2022-03-07,21.600000381469727,22.799999237060547,21.299999237060547,21.799999237060547,1926666
2022-03-08,21.799999237060547,21.799999237060547,21.799999237060547,21.799999237060547,0
2022-03-09,21.5,21.770000457763672,21.520000457763672,21.6200008392334,214611
2022-03-10,21.6200008392334,21.739999771118164,21.299999237060547,21.739999771118164,656009
2022-03-13,21.739999771118164,23.0,21.780000686645508,22.5,2815902
2022-03-14,22.5,22.6299991607666,22.5,22.6299991607666,789665
2022-03-15,22.6299991607666,24.0,21.969999313354492,24.0,4356834
2022-03-16,24.0,25.0,23.799999237060547,24.600000381469727,11529381
2022-03-17,24.600000381469727,25.100000381469727,24.350000381469727,24.59000015258789,3621941
2022-03-20,24.59000015258789,25.149999618530273,24.399999618530273,25.0,542617
2022-03-21,25.0,27.5,25.25,26.0,9027788
2022-03-22,26.0,26.799999237060547,25.299999237060547,25.549999237060547,2361144
2022-03-23,25.549999237060547,26.0,25.190000534057617,26.0,1230912
2022-03-24,26.0,26.989999771118164,26.030000686645508,26.139999389648438,1948299
2022-03-27,26.139999389648438,26.479999542236328,25.6299991607666,25.920000076293945,733317
2022-03-28,25.920000076293945,26.0,24.780000686645508,24.959999084472656,3266466
2022-03-29,24.959999084472656,25.700000762939453,24.75,25.399999618530273,1358984
2022-03-30,25.399999618530273,25.75,25.0,25.3700008392334,777011
2022-03-31,25.3700008392334,25.030000686645508,23.799999237060547,24.8700008392334,3897654
2022-04-03,24.8700008392334,25.459999084472656,24.399999618530273,25.399999618530273,337748
2022-04-04,25.399999618530273,25.5,25.170000076293945,25.309999465942383,114918
2022-04-05,25.309999465942383,25.299999237060547,24.75,25.0,524369
2022-04-06,25.0,25.270000457763672,24.639999389648438,24.920000076293945,544417
2022-04-07,24.920000076293945,24.920000076293945,24.200000762939453,24.40999984741211,2707057
2022-04-10,24.40999984741211,24.649999618530273,24.1299991607666,24.209999084472656,380920
2022-04-11,24.209999084472656,24.399999618530273,23.399999618530273,23.899999618530273,3247316
2022-04-12,23.899999618530273,25.049999237060547,24.0,24.75,631120
2022-04-13,24.75,25.219999313354492,24.399999618530273,24.989999771118164,1477464
2022-04-14,24.989999771118164,25.0,24.5,24.739999771118164,691515
2022-04-17,24.739999771118164,24.8799991607666,23.520000457763672,24.209999084472656,468632
2022-04-18,24.209999084472656,24.34000015258789,23.799999237060547,23.799999237060547,929120
2022-04-19,23.799999237060547,24.0,23.75,24.0,294525
2022-04-20,24.0,24.399999618530273,23.700000762939453,24.399999618530273,626545
2022-04-21,24.399999618530273,24.989999771118164,24.0,24.729999542236328,708779
2022-04-26,24.729999542236328,25.979999542236328,24.649999618530273,25.950000762939453,671478
2022-04-27,25.950000762939453,26.799999237060547,25.899999618530273,26.299999237060547,1229513
2022-04-28,26.299999237060547,30.010000228881836,26.5,28.290000915527344,4620909
2022-05-08,28.290000915527344,28.700000762939453,27.799999237060547,28.34000015258789,1498109
2022-05-09,28.34000015258789,29.010000228881836,28.0,28.100000381469727,2760934
2022-05-10,28.100000381469727,27.40999984741211,26.6299991607666,27.040000915527344,912021
2022-05-11,27.040000915527344,29.299999237060547,26.989999771118164,28.729999542236328,2256580
2022-05-12,28.729999542236328,28.799999237060547,26.8700008392334,27.950000762939453,4107902
2022-05-15,27.950000762939453,28.399999618530273,27.15999984741211,27.15999984741211,686320
2022-05-16,27.15999984741211,27.43000030517578,26.989999771118164,27.0,956995
2022-05-17,27.0,28.0,27.15999984741211,27.489999771118164,1006500
2022-05-18,27.489999771118164,27.739999771118164,27.079999923706055,27.200000762939453,488770
2022-05-19,27.200000762939453,27.360000610351562,26.709999084472656,26.950000762939453,2306964
2022-05-22,26.950000762939453,27.209999084472656,26.299999237060547,26.34000015258789,606349
2022-05-23,26.34000015258789,27.0,26.40999984741211,26.5,1136736
2022-05-24,26.5,26.84000015258789,26.030000686645508,26.100000381469727,1004547
2022-05-25,26.100000381469727,26.790000915527344,25.420000076293945,25.969999313354492,2891270
2022-05-26,25.969999313354492,26.350000381469727,25.020000457763672,25.25,1569043
2022-05-29,25.25,25.5,25.020000457763672,25.110000610351562,406471
2022-05-30,25.110000610351562,25.989999771118164,24.850000381469727,25.229999542236328,1343968
2022-05-31,25.229999542236328,26.5,25.100000381469727,26.0,823879
2022-06-01,26.0,26.389999389648438,25.700000762939453,25.729999542236328,898114
2022-06-02,25.729999542236328,25.979999542236328,25.5,25.84000015258789,146661
2022-06-05,25.84000015258789,25.84000015258789,25.84000015258789,25.84000015258789,0
2022-06-06,25.649999618530273,25.75,25.43000030517578,25.729999542236328,115538
2022-06-07,25.729999542236328,25.93000030517578,25.600000381469727,25.780000686645508,256962
2022-06-08,25.780000686645508,26.299999237060547,25.770000457763672,25.850000381469727,906695
2022-06-09,25.850000381469727,25.989999771118164,25.450000762939453,25.530000686645508,1030551
2022-06-12,25.530000686645508,25.399999618530273,24.420000076293945,24.690000534057617,1489348
2022-06-13,24.690000534057617,24.700000762939453,24.139999389648438,24.5,1334258
2022-06-14,24.5,24.59000015258789,24.200000762939453,24.350000381469727,318407
2022-06-15,24.350000381469727,25.0,24.350000381469727,25.0,662982
2022-06-16,25.0,25.200000762939453,24.65999984741211,24.700000762939453,519252
2022-06-19,24.700000762939453,24.700000762939453,24.0,24.079999923706055,355819
2022-06-20,24.079999923706055,24.459999084472656,23.729999542236328,23.899999618530273,817509
2022-06-21,23.899999618530273,24.450000762939453,23.40999984741211,23.799999237060547,2151998
2022-06-22,23.799999237060547,23.920000076293945,23.450000762939453,23.600000381469727,319026
2022-06-23,23.600000381469727,23.770000457763672,23.1299991607666,23.600000381469727,296764
2022-06-26,23.600000381469727,23.799999237060547,23.299999237060547,23.309999465942383,73195
2022-06-27,23.309999465942383,23.520000457763672,21.899999618530273,22.170000076293945,1432580
2022-06-28,22.170000076293945,22.3700008392334,21.200000762939453,22.299999237060547,1588982
2022-06-29,22.299999237060547,22.799999237060547,22.200000762939453,22.700000762939453,1358405
2022-07-03,22.700000762939453,22.780000686645508,21.6299991607666,21.81999969482422,443383
2022-07-04,21.81999969482422,22.049999237060547,21.299999237060547,21.360000610351562,327250
2022-07-05,21.360000610351562,21.729999542236328,21.0,21.18000030517578,1049915
2022-07-06,21.18000030517578,21.420000076293945,21.100000381469727,21.309999465942383,205159
2022-07-07,21.309999465942383,21.540000915527344,21.260000228881836,21.3799991607666,186950
2022-07-17,21.3799991607666,21.459999084472656,20.899999618530273,21.1200008392334,107349
2022-07-18,21.1200008392334,21.56999969482422,21.030000686645508,21.389999389648438,786599
2022-07-19,21.389999389648438,21.68000030517578,21.299999237060547,21.530000686645508,2591749
2022-07-20,21.530000686645508,22.5,21.600000381469727,22.030000686645508,1722086
2022-07-21,22.030000686645508,22.690000534057617,22.31999969482422,22.5,891426
2022-07-24,22.5,22.75,22.350000381469727,22.510000228881836,228784
2022-07-25,22.510000228881836,22.799999237060547,22.469999313354492,22.540000915527344,501741
2022-07-26,22.540000915527344,23.200000762939453,22.5,22.809999465942383,2576276
2022-07-27,22.809999465942383,22.809999465942383,22.309999465942383,22.440000534057617,624663
2022-07-28,22.440000534057617,23.5,22.600000381469727,22.860000610351562,2226819
2022-07-31,22.860000610351562,23.290000915527344,23.0,23.190000534057617,328847
2022-08-01,23.190000534057617,23.600000381469727,23.040000915527344,23.190000534057617,630809
2022-08-02,23.190000534057617,23.360000610351562,23.06999969482422,23.290000915527344,1411649
2022-08-03,23.290000915527344,23.639999389648438,23.15999984741211,23.559999465942383,1278062
2022-08-04,23.559999465942383,24.440000534057617,23.700000762939453,24.0,1872339
2022-08-07,24.0,24.739999771118164,24.0,24.190000534057617,5570335
2022-08-08,24.190000534057617,24.270000457763672,23.75,23.790000915527344,638465
2022-08-09,23.790000915527344,24.479999542236328,23.809999465942383,23.860000610351562,2759909
2022-08-10,23.860000610351562,24.959999084472656,24.010000228881836,24.200000762939453,2015464
2022-08-11,24.200000762939453,24.399999618530273,23.90999984741211,24.079999923706055,1019472
2022-08-14,24.079999923706055,24.329999923706055,24.0,24.170000076293945,1976553
2022-08-15,24.170000076293945,24.25,23.600000381469727,23.940000534057617,900681
2022-08-16,23.940000534057617,24.0,23.75,23.799999237060547,421654
2022-08-17,23.799999237060547,24.270000457763672,23.610000610351562,23.920000076293945,2543378
2022-08-18,23.920000076293945,23.920000076293945,23.920000076293945,23.920000076293945,0
2022-08-21,24.969999313354492,25.209999084472656,24.75,25.020000457763672,602845
2022-08-22,25.020000457763672,25.239999771118164,24.649999618530273,24.739999771118164,1142531
2022-08-23,24.739999771118164,24.739999771118164,24.739999771118164,24.739999771118164,0
2022-08-24,24.549999237060547,24.600000381469727,24.100000381469727,24.25,1084160
2022-08-25,24.25,25.0,24.260000228881836,24.90999984741211,1557932
2022-08-28,24.90999984741211,25.0,24.600000381469727,24.690000534057617,187980
2022-08-29,24.690000534057617,24.899999618530273,24.450000762939453,24.540000915527344,474354
2022-08-30,24.540000915527344,25.450000762939453,24.270000457763672,25.200000762939453,699688
2022-08-31,25.200000762939453,25.34000015258789,24.799999237060547,25.280000686645508,348503
2022-09-01,25.280000686645508,25.270000457763672,24.649999618530273,24.709999084472656,580446
2022-09-04,24.709999084472656,25.06999969482422,23.799999237060547,24.940000534057617,1913595
2022-09-05,24.940000534057617,25.229999542236328,24.700000762939453,24.760000228881836,2710933
2022-09-06,24.760000228881836,25.25,24.850000381469727,25.100000381469727,1163564
2022-09-07,25.100000381469727,25.299999237060547,24.8799991607666,24.93000030517578,349365
2022-09-08,24.93000030517578,25.139999389648438,24.850000381469727,25.079999923706055,771632
2022-09-11,25.079999923706055,25.610000610351562,25.079999923706055,25.399999618530273,869974
2022-09-12,25.399999618530273,25.6299991607666,24.799999237060547,25.0,1994765
2022-09-13,25.0,25.18000030517578,24.84000015258789,25.0,386962
2022-09-14,25.0,24.399999618530273,23.200000762939453,23.479999542236328,5262670
2022-09-15,23.479999542236328,24.0,23.280000686645508,23.899999618530273,2158077
2022-09-18,23.899999618530273,23.889999389648438,22.799999237060547,23.639999389648438,815356
2022-09-19,23.639999389648438,23.639999389648438,23.110000610351562,23.489999771118164,428919
2022-09-20,23.489999771118164,23.899999618530273,23.350000381469727,23.799999237060547,355582
2022-09-21,23.799999237060547,23.899999618530273,23.530000686645508,23.739999771118164,257763
2022-09-22,23.739999771118164,23.989999771118164,23.170000076293945,23.600000381469727,1679321
2022-09-25,23.600000381469727,24.600000381469727,23.5,24.399999618530273,1591994
2022-09-26,24.399999618530273,24.81999969482422,24.049999237060547,24.5,1411188
2022-09-27,24.5,24.520000457763672,24.200000762939453,24.520000457763672,382656
2022-09-28,24.520000457763672,24.520000457763672,24.100000381469727,24.399999618530273,933927
2022-09-29,24.399999618530273,24.799999237060547,24.260000228881836,24.799999237060547,729550
2022-10-02,24.799999237060547,24.799999237060547,24.450000762939453,24.719999313354492,319619
2022-10-03,24.719999313354492,24.989999771118164,24.540000915527344,24.989999771118164,547075
2022-10-04,24.989999771118164,25.799999237060547,25.0,25.59000015258789,509558
2022-10-05,25.59000015258789,25.8799991607666,25.6200008392334,25.670000076293945,373993
2022-10-09,25.670000076293945,25.799999237060547,25.239999771118164,25.739999771118164,315312
2022-10-10,25.739999771118164,25.899999618530273,25.600000381469727,25.84000015258789,935338
2022-10-11,25.84000015258789,25.950000762939453,25.510000228881836,25.700000762939453,362338
2022-10-12,25.700000762939453,25.780000686645508,25.100000381469727,25.670000076293945,468883
2022-10-13,25.670000076293945,25.969999313354492,25.450000762939453,25.639999389648438,741473
2022-10-16,25.639999389648438,26.350000381469727,25.510000228881836,26.1299991607666,943971
2022-10-17,26.1299991607666,26.450000762939453,26.0,26.290000915527344,1536781
2022-10-18,26.290000915527344,24.559999465942383,23.709999084472656,24.399999618530273,1436196
2022-10-19,24.399999618530273,25.0,24.34000015258789,24.43000030517578,1319931
2022-10-20,24.43000030517578,24.799999237060547,24.0,24.3700008392334,954698
2022-10-23,24.3700008392334,24.700000762939453,24.299999237060547,24.489999771118164,468580
2022-10-24,24.489999771118164,24.700000762939453,24.420000076293945,24.5,953398
2022-10-25,24.5,24.829999923706055,24.469999313354492,24.670000076293945,276578
2022-10-26,24.670000076293945,24.670000076293945,24.670000076293945,24.670000076293945,0
2022-10-27,24.690000534057617,29.610000610351562,24.75,26.399999618530273,4269860
2022-10-30,26.399999618530273,26.399999618530273,25.399999618530273,25.799999237060547,1793792
2022-10-31,25.799999237060547,27.0,25.81999969482422,27.0,1815164
2022-11-01,27.0,27.790000915527344,26.81999969482422,27.5,1725665
2022-11-02,27.5,28.5,27.149999618530273,27.700000762939453,1623766
2022-11-03,27.700000762939453,27.600000381469727,27.100000381469727,27.3700008392334,662959
2022-11-06,27.3700008392334,27.399999618530273,26.600000381469727,26.790000915527344,277844
2022-11-07,26.790000915527344,28.479999542236328,26.700000762939453,27.520000457763672,1108825
2022-11-08,27.520000457763672,27.799999237060547,26.799999237060547,26.889999389648438,853665
2022-11-09,26.889999389648438,27.440000534057617,26.420000076293945,27.389999389648438,975042
2022-11-10,27.389999389648438,28.5,27.059999465942383,28.139999389648438,1779230
2022-11-13,28.139999389648438,28.979999542236328,28.139999389648438,28.770000457763672,1115892
2022-11-14,28.770000457763672,29.459999084472656,28.709999084472656,28.93000030517578,2955207
2022-11-15,28.93000030517578,28.979999542236328,28.170000076293945,28.700000762939453,935958
2022-11-16,28.700000762939453,29.489999771118164,28.399999618530273,28.700000762939453,1339234
2022-11-17,28.700000762939453,29.489999771118164,28.799999237060547,29.450000762939453,865488
2022-11-20,29.450000762939453,31.8799991607666,29.309999465942383,29.809999465942383,1887659
2022-11-21,29.809999465942383,30.950000762939453,29.899999618530273,30.75,1786925
2022-11-22,30.75,31.0,30.399999618530273,30.709999084472656,948443
2022-11-23,30.709999084472656,31.149999618530273,30.469999313354492,30.760000228881836,643463
2022-11-24,30.760000228881836,30.989999771118164,30.540000915527344,30.809999465942383,624601
2022-11-27,30.809999465942383,32.099998474121094,30.780000686645508,32.06999969482422,690763
2022-11-28,32.06999969482422,32.5,31.799999237060547,32.5,884648
2022-11-29,32.5,34.0,32.5,34.0,1900359
2022-11-30,34.0,34.70000076293945,33.400001525878906,33.810001373291016,5838018
2022-12-01,33.810001373291016,35.400001525878906,33.65999984741211,34.95000076293945,1992122
2022-12-04,34.95000076293945,36.70000076293945,35.29999923706055,36.45000076293945,593183
2022-12-05,36.45000076293945,37.5,36.099998474121094,37.0,1384075
2022-12-06,37.0,37.189998626708984,36.400001525878906,36.52000045776367,936241
2022-12-07,36.52000045776367,37.75,36.54999923706055,37.540000915527344,1155267
2022-12-08,37.540000915527344,39.849998474121094,36.810001373291016,38.88999938964844,2039441
2022-12-11,38.88999938964844,39.4900016784668,38.29999923706055,38.72999954223633,628382
2022-12-12,38.72999954223633,38.5099983215332,36.52000045776367,37.849998474121094,1108814
2022-12-13,37.849998474121094,39.7400016784668,38.0,39.630001068115234,961985
2022-12-14,39.630001068115234,39.9900016784668,38.45000076293945,38.61000061035156,1037059
2022-12-15,38.61000061035156,39.099998474121094,36.650001525878906,37.880001068115234,1146199
2022-12-18,37.880001068115234,37.880001068115234,36.70000076293945,37.220001220703125,706049
2022-12-19,37.220001220703125,37.310001373291016,36.400001525878906,36.970001220703125,967853
2022-12-20,36.970001220703125,38.5,36.5,37.790000915527344,740774
2022-12-21,37.790000915527344,38.5,36.7599983215332,37.150001525878906,387448
2022-12-22,37.150001525878906,38.150001525878906,37.0,37.34000015258789,1465372
2022-12-25,37.34000015258789,39.38999938964844,36.75,39.0,2366524
2022-12-26,39.0,39.20000076293945,38.310001373291016,39.0,317375
2022-12-27,39.0,39.099998474121094,38.599998474121094,38.709999084472656,206120
2022-12-28,38.709999084472656,38.939998626708984,38.54999923706055,38.689998626708984,71205
2022-12-29,38.689998626708984,38.88999938964844,38.41999816894531,38.790000915527344,365072
2023-01-02,38.790000915527344,40.88999938964844,38.75,40.81999969482422,1852361
2023-01-03,40.81999969482422,41.59000015258789,40.5,41.11000061035156,1539644
2023-01-04,41.11000061035156,45.79999923706055,38.5,45.04999923706055,2725714
2023-01-05,45.04999923706055,47.9900016784668,45.0,45.20000076293945,1494245
2023-01-09,45.20000076293945,45.880001068115234,44.810001373291016,45.099998474121094,1435266
2023-01-10,45.099998474121094,45.25,43.5,44.290000915527344,1286388
2023-01-11,44.290000915527344,46.77000045776367,43.5,46.0,2981991
2023-01-12,46.0,46.349998474121094,43.209999084472656,45.0,3489246
2023-01-15,45.0,45.599998474121094,44.619998931884766,45.0099983215332,700212
2023-01-16,45.0099983215332,45.77000045776367,44.95000076293945,45.099998474121094,525771
2023-01-17,45.099998474121094,45.439998626708984,44.0,44.209999084472656,701204
2023-01-18,44.209999084472656,44.349998474121094,42.060001373291016,43.790000915527344,2993671
2023-01-19,43.790000915527344,43.97999954223633,42.220001220703125,43.79999923706055,1628262
2023-01-22,43.79999923706055,44.25,43.099998474121094,43.310001373291016,501515
2023-01-23,43.310001373291016,43.439998626708984,42.33000183105469,43.0,1101867
2023-01-24,43.0,43.88999938964844,42.220001220703125,42.75,1864471
2023-01-25,42.75,43.470001220703125,42.75,43.060001373291016,1748803
2023-01-29,43.060001373291016,43.689998626708984,43.119998931884766,43.27000045776367,2043139
2023-01-30,43.27000045776367,44.25,42.709999084472656,43.029998779296875,2922142
2023-01-31,43.029998779296875,43.099998474121094,41.79999923706055,42.97999954223633,1193103
2023-02-01,42.97999954223633,42.900001525878906,41.720001220703125,42.34000015258789,594471
2023-02-02,42.34000015258789,42.619998931884766,41.13999938964844,41.900001525878906,1152426
2023-02-05,41.900001525878906,41.77000045776367,39.25,40.779998779296875,2087044
2023-02-06,40.779998779296875,41.349998474121094,39.810001373291016,40.0,1546698
2023-02-07,40.0,40.75,39.900001525878906,40.2400016784668,2216799
2023-02-08,40.2400016784668,41.38999938964844,39.52000045776367,41.099998474121094,1930662
2023-02-09,41.099998474121094,42.290000915527344,41.060001373291016,42.0,2944831
2023-02-12,42.0,42.189998626708984,41.31999969482422,41.400001525878906,1002824
2023-02-13,41.400001525878906,41.900001525878906,40.880001068115234,41.27000045776367,593326
2023-02-14,41.27000045776367,41.619998931884766,41.29999923706055,41.369998931884766,765107
2023-02-15,41.369998931884766,42.4900016784668,41.400001525878906,41.630001068115234,1571313
2023-02-16,41.630001068115234,42.650001525878906,41.79999923706055,42.099998474121094,2404436
2023-02-19,42.099998474121094,42.68000030517578,41.720001220703125,41.79999923706055,584785
2023-02-20,41.79999923706055,41.970001220703125,40.0,41.18000030517578,1269105
2023-02-21,41.18000030517578,41.599998474121094,39.86000061035156,41.599998474121094,1258528
2023-02-22,41.599998474121094,42.0,40.20000076293945,41.0,1403521
2023-02-23,41.0,41.04999923706055,39.900001525878906,40.81999969482422,708692
2023-02-26,40.81999969482422,41.95000076293945,40.529998779296875,41.83000183105469,1143062
2023-02-27,41.83000183105469,42.18000030517578,41.29999923706055,41.540000915527344,1060005
2023-02-28,41.540000915527344,41.939998626708984,41.349998474121094,41.70000076293945,1573520
2023-03-01,41.70000076293945,41.880001068115234,40.90999984741211,40.90999984741211,1118868
2023-03-02,40.90999984741211,41.290000915527344,40.7599983215332,40.970001220703125,851097
2023-03-05,40.970001220703125,41.20000076293945,40.650001525878906,41.09000015258789,454605
2023-03-06,41.09000015258789,41.4900016784668,40.70000076293945,40.9900016784668,1206939
2023-03-07,40.9900016784668,41.150001525878906,40.150001525878906,40.150001525878906,2294779
2023-03-08,40.150001525878906,40.380001068115234,39.709999084472656,39.90999984741211,2485737
2023-03-09,39.90999984741211,41.36000061035156,39.900001525878906,41.0,2571860
2023-03-12,41.0,41.0,39.91999816894531,40.0,2989164
2023-03-13,40.0,40.20000076293945,37.93000030517578,39.20000076293945,4563395
2023-03-14,39.20000076293945,39.900001525878906,38.0,39.79999923706055,942873
2023-03-15,39.79999923706055,40.5,36.06999969482422,39.599998474121094,1211997
2023-03-16,39.599998474121094,39.400001525878906,37.0,39.400001525878906,938476
2023-03-19,39.400001525878906,39.58000183105469,37.5,39.43000030517578,464599
2023-03-20,39.43000030517578,40.47999954223633,38.900001525878906,39.36000061035156,1024214
2023-03-21,39.36000061035156,40.25,39.720001220703125,39.810001373291016,2208773
2023-03-22,39.810001373291016,40.2400016784668,39.61000061035156,39.65999984741211,1088575
2023-03-23,39.65999984741211,40.279998779296875,39.61000061035156,39.939998626708984,1272311
2023-03-26,39.939998626708984,41.70000076293945,40.0,41.0,2569064
2023-03-27,41.0,41.400001525878906,40.599998474121094,40.95000076293945,1792466
2023-03-28,40.95000076293945,41.189998626708984,40.47999954223633,40.75,1414630
2023-03-29,40.75,43.290000915527344,40.79999923706055,43.16999816894531,2532974
2023-03-30,43.16999816894531,44.369998931884766,42.439998626708984,43.810001373291016,2039701
2023-04-02,43.810001373291016,44.689998626708984,43.70000076293945,44.5,848548
2023-04-03,44.5,51.0,44.65999984741211,47.52000045776367,1789016
2023-04-04,47.52000045776367,47.599998474121094,45.880001068115234,46.869998931884766,1232534
2023-04-05,46.869998931884766,46.79999923706055,46.0,46.18000030517578,579851
2023-04-06,46.18000030517578,46.20000076293945,44.79999923706055,44.810001373291016,1073868
2023-04-09,44.810001373291016,44.97999954223633,43.65999984741211,43.68000030517578,709687
2023-04-10,43.68000030517578,44.58000183105469,43.63999938964844,44.09000015258789,647624
2023-04-11,44.09000015258789,45.970001220703125,44.11000061035156,45.43000030517578,841154
2023-04-12,45.43000030517578,45.900001525878906,44.70000076293945,44.79999923706055,821340
2023-04-13,44.79999923706055,46.38999938964844,44.79999923706055,45.880001068115234,535492
2023-04-18,45.880001068115234,49.47999954223633,46.29999923706055,48.720001220703125,1093699
2023-04-19,48.720001220703125,49.439998626708984,48.22999954223633,48.43000030517578,520647
2023-04-26,48.43000030517578,49.9900016784668,48.38999938964844,49.9900016784668,1004374
2023-04-27,49.9900016784668,50.9900016784668,49.5,50.38999938964844,1318315
2023-04-30,50.38999938964844,50.88999938964844,49.20000076293945,49.709999084472656,823467
2023-05-01,49.709999084472656,49.709999084472656,49.709999084472656,49.709999084472656,0
2023-05-02,47.369998931884766,48.5,46.5,48.40999984741211,1039464
2023-05-03,48.40999984741211,49.0,47.79999923706055,48.27000045776367,647152
2023-05-07,48.27000045776367,48.5,47.29999923706055,48.0,316906
2023-05-08,48.0,52.599998474121094,47.630001068115234,52.5,1643835
2023-05-09,52.5,52.849998474121094,49.900001525878906,50.02000045776367,1002305
2023-05-10,50.02000045776367,52.5,49.91999816894531,52.099998474121094,954020
2023-05-11,52.099998474121094,53.20000076293945,51.66999816894531,52.099998474121094,551145
2023-05-14,52.099998474121094,52.599998474121094,51.79999923706055,52.150001525878906,430672
2023-05-15,52.150001525878906,52.29999923706055,50.75,50.93000030517578,801019
2023-05-16,50.93000030517578,50.9900016784668,49.0,49.650001525878906,813459
2023-05-17,49.650001525878906,50.0,48.70000076293945,48.79999923706055,442777
2023-05-18,48.79999923706055,48.9900016784668,47.70000076293945,48.380001068115234,428277
2023-05-21,48.380001068115234,49.349998474121094,48.0099983215332,48.880001068115234,133381
2023-05-22,48.880001068115234,49.41999816894531,47.849998474121094,47.93000030517578,357788
2023-05-23,47.93000030517578,48.02000045776367,46.650001525878906,47.43000030517578,667771
2023-05-24,47.43000030517578,48.290000915527344,47.4900016784668,48.0,615431
2023-05-25,48.0,48.790000915527344,47.720001220703125,47.91999816894531,512392
2023-05-28,47.91999816894531,48.849998474121094,47.119998931884766,47.130001068115234,648164
2023-05-29,47.130001068115234,47.97999954223633,46.900001525878906,47.349998474121094,560856
2023-05-30,47.349998474121094,48.2400016784668,47.36000061035156,47.52000045776367,1295819
2023-05-31,47.52000045776367,47.9900016784668,46.459999084472656,47.470001220703125,2274418
2023-06-01,47.470001220703125,47.369998931884766,46.29999923706055,46.29999923706055,1486125
2023-06-04,46.29999923706055,46.900001525878906,44.650001525878906,44.65999984741211,2601432
2023-06-05,44.65999984741211,44.900001525878906,42.959999084472656,43.119998931884766,2783124
2023-06-06,43.119998931884766,44.439998626708984,43.02000045776367,43.29999923706055,2875931
2023-06-07,43.29999923706055,43.95000076293945,43.0,43.0,5338663
2023-06-08,43.0,43.5,42.41999816894531,43.04999923706055,1470054
2023-06-11,43.04999923706055,44.13999938964844,43.15999984741211,43.540000915527344,2199697
2023-06-12,43.540000915527344,44.599998474121094,43.7599983215332,44.599998474121094,1315528
2023-06-13,44.599998474121094,47.66999816894531,44.95000076293945,46.52000045776367,7419466
2023-06-14,46.52000045776367,46.959999084472656,45.5099983215332,45.79999923706055,2135618
2023-06-15,45.79999923706055,45.79999923706055,44.900001525878906,44.900001525878906,1363934
2023-06-18,44.900001525878906,45.75,45.0,45.119998931884766,1041236
2023-06-19,45.119998931884766,45.939998626708984,45.09000015258789,45.25,1537494
2023-06-20,45.25,45.599998474121094,44.939998626708984,44.959999084472656,780563
2023-06-21,44.959999084472656,45.09000015258789,43.70000076293945,43.709999084472656,1333239
2023-06-22,43.709999084472656,44.5,43.720001220703125,44.5,609894
2023-06-25,44.5,45.0,43.95000076293945,43.959999084472656,566387
2023-06-26,43.959999084472656,44.54999923706055,43.90999984741211,44.54999923706055,423175
2023-07-04,44.54999923706055,45.06999969482422,44.650001525878906,44.9900016784668,802510
2023-07-05,44.9900016784668,45.880001068115234,45.0,45.470001220703125,610679
2023-07-06,45.470001220703125,45.97999954223633,44.5099983215332,44.54999923706055,749746
2023-07-09,44.54999923706055,44.9900016784668,43.400001525878906,43.40999984741211,522979
2023-07-10,43.40999984741211,44.849998474121094,43.11000061035156,44.61000061035156,540654
2023-07-11,44.61000061035156,45.900001525878906,44.45000076293945,45.81999969482422,2351589
2023-07-12,45.81999969482422,46.9900016784668,45.849998474121094,46.599998474121094,2374881
2023-07-13,46.599998474121094,47.779998779296875,46.70000076293945,47.52000045776367,2117835
2023-07-16,47.52000045776367,49.150001525878906,47.81999969482422,48.29999923706055,2348220
2023-07-17,48.29999923706055,48.63999938964844,47.709999084472656,48.310001373291016,1027706
2023-07-18,48.310001373291016,48.540000915527344,48.15999984741211,48.459999084472656,674819
2023-07-19,48.459999084472656,48.459999084472656,48.459999084472656,48.459999084472656,0
2023-07-24,47.81999969482422,47.9900016784668,47.04999923706055,47.150001525878906,587034
2023-07-25,47.150001525878906,47.689998626708984,47.119998931884766,47.150001525878906,842847
2023-07-26,47.150001525878906,47.38999938964844,47.0099983215332,47.0099983215332,385390
2023-07-27,47.0099983215332,47.04999923706055,46.5,46.52000045776367,546843
2023-07-30,46.52000045776367,47.56999969482422,46.40999984741211,47.0,574692
2023-07-31,47.0,47.400001525878906,47.029998779296875,47.209999084472656,572779
2023-08-01,47.209999084472656,48.470001220703125,47.400001525878906,47.5099983215332,1599256
2023-08-02,47.5099983215332,47.5099983215332,46.54999923706055,46.66999816894531,913684
2023-08-03,46.66999816894531,46.939998626708984,46.150001525878906,46.939998626708984,368864
2023-08-06,46.939998626708984,47.4900016784668,46.599998474121094,47.45000076293945,453745
2023-08-07,47.45000076293945,48.189998626708984,47.470001220703125,47.90999984741211,653903
2023-08-08,47.90999984741211,48.119998931884766,47.29999923706055,47.84000015258789,606901
2023-08-09,47.84000015258789,48.88999938964844,47.5,48.599998474121094,1020192
2023-08-10,48.599998474121094,49.439998626708984,48.599998474121094,48.61000061035156,1183784
2023-08-13,48.61000061035156,50.380001068115234,48.97999954223633,49.810001373291016,1356703
2023-08-14,49.810001373291016,50.599998474121094,49.810001373291016,49.810001373291016,755661
2023-08-15,49.810001373291016,49.880001068115234,49.27000045776367,49.810001373291016,536810
2023-08-16,49.810001373291016,50.04999923706055,49.20000076293945,49.33000183105469,663452
2023-08-17,49.33000183105469,49.599998474121094,49.0,49.470001220703125,358607
2023-08-20,49.470001220703125,50.04999923706055,49.29999923706055,49.31999969482422,246731
2023-08-21,49.31999969482422,49.599998474121094,49.0,49.29999923706055,358599
2023-08-22,49.29999923706055,50.0,49.31999969482422,49.70000076293945,419879
2023-08-23,49.70000076293945,50.0,49.529998779296875,49.70000076293945,762390
2023-08-24,49.70000076293945,51.29999923706055,49.540000915527344,50.970001220703125,900747
2023-08-27,50.970001220703125,51.650001525878906,50.5,50.66999816894531,461437
2023-08-28,50.66999816894531,51.290000915527344,50.400001525878906,50.779998779296875,293340
2023-08-29,50.779998779296875,51.459999084472656,51.0,51.11000061035156,469541
2023-08-30,51.11000061035156,51.599998474121094,51.11000061035156,51.5,649015
2023-08-31,51.5,51.5,51.5,51.5,0
2023-09-03,52.75,52.9900016784668,51.869998931884766,52.09000015258789,385688
2023-09-04,52.09000015258789,52.900001525878906,51.79999923706055,52.70000076293945,309569
2023-09-05,52.70000076293945,52.75,52.150001525878906,52.380001068115234,302080
2023-09-06,52.380001068115234,52.709999084472656,52.11000061035156,52.5,433417
2023-09-07,52.5,54.2400016784668,52.599998474121094,53.70000076293945,1028398
2023-09-10,53.70000076293945,53.70000076293945,53.70000076293945,53.70000076293945,0
2023-09-11,57.0,58.349998474121094,56.5099983215332,57.06999969482422,953325
2023-09-12,57.06999969482422,57.04999923706055,56.060001373291016,56.599998474121094,375633
2023-09-13,56.599998474121094,57.0,56.25,56.5,615712
2023-09-14,56.5,59.0,56.2599983215332,58.0,845599
2023-09-17,58.0,59.849998474121094,58.029998779296875,59.4900016784668,842203
2023-09-18,59.4900016784668,60.0,58.939998626708984,59.20000076293945,768336
2023-09-19,59.20000076293945,62.9900016784668,59.310001373291016,62.43000030517578,1211989
2023-09-20,62.43000030517578,62.43000030517578,62.43000030517578,62.43000030517578,0
2023-09-21,62.43000030517578,62.43000030517578,62.43000030517578,62.43000030517578,0
2023-09-24,62.43000030517578,62.43000030517578,62.43000030517578,62.43000030517578,0
2023-09-25,67.0,69.0,67.11000061035156,68.4800033569336,574515
2023-09-26,68.4800033569336,70.88999938964844,68.5,69.5,1405097
2023-09-27,69.5,69.5,69.5,69.5,0
2023-10-01,69.5,69.5,69.5,69.5,0
2023-10-02,67.5,68.0,64.0,67.01000213623047,637345
2023-10-03,67.01000213623047,67.69999694824219,64.80000305175781,66.20999908447266,450410
2023-10-04,66.20999908447266,67.0,66.0,66.41000366210938,285066
2023-10-08,66.41000366210938,67.0,61.54999923706055,67.0,1534249
2023-10-09,67.0,66.80000305175781,65.05999755859375,65.61000061035156,481717
2023-10-10,65.61000061035156,68.5,65.62999725341797,67.61000061035156,998349
2023-10-11,67.61000061035156,68.98999786376953,67.6500015258789,68.0,508323
2023-10-12,68.0,70.30000305175781,66.0,69.80999755859375,949399
2023-10-15,69.80999755859375,75.5,70.08000183105469,74.01000213623047,1160771
2023-10-16,74.01000213623047,88.80999755859375,74.20999908447266,87.80000305175781,3886607
2023-10-17,87.80000305175781,93.0,83.51000213623047,88.0,3536376
2023-10-18,88.0,91.0,87.0,87.11000061035156,2024220
2023-10-19,87.11000061035156,87.11000061035156,87.11000061035156,87.11000061035156,0
2023-10-22,84.80999755859375,86.0,83.5,85.51000213623047,1179740
2023-10-23,85.51000213623047,93.0,86.19999694824219,92.11000061035156,2371275
2023-10-24,92.11000061035156,91.80000305175781,85.86000061035156,89.25,1933531
2023-10-25,89.25,99.8499984741211,88.0199966430664,96.19999694824219,1652873
2023-10-26,96.19999694824219,98.5,90.0,92.0,1482635
2023-10-29,92.0,92.9000015258789,85.16999816894531,86.0,1070238
2023-10-30,86.0,88.5,81.25,87.0,2328815
2023-10-31,87.0,88.0999984741211,76.62000274658203,77.0,3449885
2023-11-01,77.0,79.6500015258789,71.02999877929688,75.70999908447266,2206938
2023-11-02,75.70999908447266,77.98999786376953,74.05000305175781,74.9000015258789,967697
2023-11-05,74.9000015258789,78.83999633789062,75.29000091552734,77.0,1119103
2023-11-06,77.0,78.80000305175781,76.80000305175781,77.19999694824219,914677
2023-11-07,77.19999694824219,79.5,76.01000213623047,78.5,603044
2023-11-08,78.5,82.80000305175781,78.0,80.0,1661255
2023-11-09,80.0,85.0,80.4000015258789,82.20999908447266,2334437
2023-11-12,82.20999908447266,84.0,80.75,81.63999938964844,696171
2023-11-13,81.63999938964844,81.5,78.77999877929688,79.0,624716
2023-11-14,79.0,82.94999694824219,78.19999694824219,81.25,1171978
2023-11-15,81.25,82.9000015258789,81.5,82.0,565627
2023-11-16,82.0,84.80999755859375,81.9000015258789,83.55000305175781,1208190
2023-11-19,83.55000305175781,86.75,84.0,85.3499984741211,1329682
2023-11-20,85.3499984741211,86.66000366210938,83.0,84.98999786376953,986441
2023-11-21,84.98999786376953,85.80000305175781,82.9000015258789,85.43000030517578,855145
2023-11-22,85.43000030517578,86.69000244140625,84.19999694824219,84.33000183105469,780676
2023-11-23,84.33000183105469,85.5,84.0,84.25,370131
2023-11-26,84.25,84.80000305175781,83.61000061035156,84.0,481460
2023-11-27,84.0,84.37999725341797,82.0,82.0,664972
2023-11-28,82.0,82.5,79.0,79.25,1277691
2023-11-29,79.25,80.19999694824219,77.5,80.0,1423140
2023-11-30,80.0,81.77999877929688,79.0,79.3499984741211,975520
2023-12-03,79.3499984741211,80.30000305175781,76.01000213623047,77.20999908447266,781063
2023-12-04,77.20999908447266,78.48999786376953,77.20999908447266,78.05000305175781,579949
2023-12-05,78.05000305175781,79.0,77.22000122070312,77.80999755859375,842052
2023-12-06,77.80999755859375,78.3499984741211,73.19999694824219,73.5,1367997
2023-12-07,73.5,75.0,71.80000305175781,74.83000183105469,1222614
2023-12-10,74.83000183105469,75.0,70.05999755859375,71.0,1166944
2023-12-11,71.0,73.75,69.5,71.5,1350602
2023-12-12,71.5,72.97000122070312,71.51000213623047,71.9000015258789,1228029
2023-12-13,71.9000015258789,78.5,72.0,78.05000305175781,3222829
2023-12-14,78.05000305175781,78.79000091552734,75.80999755859375,76.94000244140625,1171175
2023-12-17,76.94000244140625,77.69999694824219,76.30000305175781,76.70999908447266,384811
2023-12-18,76.70999908447266,78.69999694824219,76.73999786376953,78.0999984741211,1151680
2023-12-19,78.0999984741211,80.0999984741211,77.87000274658203,78.01000213623047,1378863
2023-12-20,78.01000213623047,78.44000244140625,76.6500015258789,77.13999938964844,314354
2023-12-21,77.13999938964844,79.0,76.66000366210938,77.0,1170610
2023-12-24,77.0,77.0,77.0,77.0,0
2023-12-25,76.0,77.55000305175781,75.19999694824219,77.01000213623047,777935
2023-12-26,77.01000213623047,79.80000305175781,77.30999755859375,79.61000061035156,1001429
2023-12-27,79.61000061035156,83.4000015258789,80.0,82.62999725341797,1974130
2023-12-28,82.62999725341797,84.7699966430664,82.70999908447266,83.3499984741211,1580972
2023-12-31,83.3499984741211,85.8499984741211,83.61000061035156,84.0,952328
2024-01-02,84.0,85.0,83.0,83.4000015258789,365381
2024-01-03,83.4000015258789,84.4000015258789,83.25,83.51000213623047,368766
2024-01-04,83.51000213623047,83.5,81.75,82.0,445802
2024-01-08,82.0,83.0,80.80000305175781,82.19999694824219,512260
2024-01-09,82.19999694824219,85.5,82.0999984741211,84.94999694824219,1123259
2024-01-10,84.94999694824219,86.5,85.0999984741211,85.61000061035156,1084217
2024-01-11,85.61000061035156,87.75,84.75,87.58999633789062,1289268
2024-01-14,87.58999633789062,90.8499984741211,87.69999694824219,89.0999984741211,744423
2024-01-15,89.0999984741211,90.11000061035156,88.51000213623047,89.30999755859375,332658
2024-01-16,89.30999755859375,90.05000305175781,86.80000305175781,90.0,1477003
2024-01-17,90.0,90.88999938964844,88.55000305175781,90.0,1259699
2024-01-18,90.0,90.0,87.8499984741211,90.0,749892
2024-01-21,90.0,95.0,89.5999984741211,94.0,1025565
2024-01-22,94.0,96.5,93.0,94.0,872911
2024-01-23,94.0,94.1500015258789,90.94999694824219,92.0199966430664,596581
2024-01-24,92.0199966430664,92.8499984741211,91.0,92.0,292336
2024-01-28,92.0,99.9800033569336,92.44999694824219,98.98999786376953,1262986
2024-01-29,98.98999786376953,106.01000213623047,98.76000213623047,106.01000213623047,1400015
2024-01-30,106.01000213623047,107.0,102.0,106.69999694824219,1168040
2024-01-31,106.69999694824219,108.5,95.0,96.88999938964844,1921101
2024-02-01,96.88999938964844,99.69999694824219,87.0,98.94999694824219,2196809
2024-02-04,98.94999694824219,99.01000213623047,89.30000305175781,91.30999755859375,2167142
2024-02-05,91.30999755859375,93.19999694824219,90.01000213623047,91.0,916093
2024-02-06,91.0,92.5,84.51000213623047,85.02999877929688,1359980
2024-02-07,85.02999877929688,87.30000305175781,84.75,86.6500015258789,740142
2024-02-08,86.6500015258789,91.48999786376953,86.25,89.0,1140540
2024-02-11,89.0,92.0,89.01000213623047,90.5,625666
2024-02-12,90.5,90.98999786376953,88.0,90.23999786376953,423021
2024-02-13,90.23999786376953,90.9800033569336,89.62999725341797,90.0,435589
2024-02-14,90.0,91.19999694824219,90.05000305175781,91.1500015258789,359219
2024-02-15,91.1500015258789,91.88999938964844,90.51000213623047,90.80000305175781,412741
2024-02-18,90.80000305175781,90.80000305175781,90.80000305175781,90.80000305175781,0
2024-02-19,90.95999908447266,91.83000183105469,88.5,90.0,757947
2024-02-20,90.0,90.5,89.05999755859375,89.2699966430664,418148
2024-02-21,89.2699966430664,90.0,88.02999877929688,88.81999969482422,408728
2024-02-22,88.81999969482422,90.81999969482422,88.0,90.81999969482422,599581
2024-02-25,90.81999969482422,85.0,72.66000366210938,72.79000091552734,5623006
2024-02-26,72.79000091552734,74.5,70.0199966430664,72.20999908447266,3081388
2024-02-27,72.20999908447266,73.44999694824219,69.51000213623047,69.70999908447266,3815689
2024-02-28,69.70999908447266,70.83999633789062,66.0,66.30000305175781,2292349
2024-02-29,66.30000305175781,69.01000213623047,66.04000091552734,67.0,1889624
2024-03-03,67.0,66.98999786376953,62.880001068115234,63.79999923706055,999048
2024-03-04,63.79999923706055,69.29000091552734,63.5,68.0,1686948
2024-03-05,68.0,71.75,68.75,69.52999877929688,1623539
2024-03-06,69.52999877929688,80.98999786376953,70.0,70.0,4512679
2024-03-07,70.0,72.9800033569336,67.5,69.0,1683826
2024-03-10,69.0,73.01000213623047,69.12000274658203,73.01000213623047,1721518
2024-03-11,73.01000213623047,74.75,69.56999969482422,70.05000305175781,2337572
2024-03-12,70.05000305175781,70.9800033569336,64.63999938964844,65.69999694824219,1212327
2024-03-13,65.69999694824219,67.44000244140625,59.02000045776367,61.0,2437408
2024-03-14,61.0,63.47999954223633,59.5,63.20000076293945,1638465
2024-03-17,63.20000076293945,65.19999694824219,60.9900016784668,61.25,981899
2024-03-18,61.25,64.4000015258789,59.0,61.599998474121094,1352163
2024-03-19,61.599998474121094,65.5999984741211,60.029998779296875,65.0999984741211,800521
2024-03-20,65.0999984741211,67.30000305175781,63.0,64.0,929396
2024-03-21,64.0,68.0,62.0099983215332,67.0999984741211,1346282
2024-03-24,67.0999984741211,69.19000244140625,66.18000030517578,68.0,1193113
2024-03-25,68.0,69.0,66.04000091552734,68.98999786376953,809359
2024-03-26,68.98999786376953,69.5,67.0,67.98999786376953,1021244
2024-03-27,67.98999786376953,67.87999725341797,64.1500015258789,65.0199966430664,467327
2024-03-28,65.0199966430664,65.98999786376953,62.310001373291016,63.09000015258789,242985
2024-03-31,63.09000015258789,64.52999877929688,60.400001525878906,61.5,635242
2024-04-01,61.5,66.88999938964844,61.560001373291016,66.0,634583
2024-04-02,66.0,67.30000305175781,64.0999984741211,65.69999694824219,781491
2024-04-03,65.69999694824219,65.5,64.0,65.0,709696
2024-04-04,65.0,66.48999786376953,64.70999908447266,65.4000015258789,1084321
2024-04-07,65.4000015258789,71.69999694824219,65.94999694824219,70.25,2195713
2024-04-08,70.25,71.75,68.5,71.5,759952
2024-04-15,71.5,75.9800033569336,71.61000061035156,75.5,3398446
2024-04-16,75.5,75.83999633789062,72.5,73.55000305175781,2180955
2024-04-17,73.55000305175781,74.44999694824219,71.80999755859375,72.25,1897249
2024-04-18,72.25,72.94000244140625,66.91000366210938,69.0,2208640
2024-04-21,69.0,71.5,68.51000213623047,69.0,1082200
2024-04-22,69.0,69.98999786376953,67.11000061035156,67.31999969482422,493276
2024-04-23,67.31999969482422,67.31999969482422,62.560001373291016,63.0,1034381
2024-04-24,63.0,63.9900016784668,59.880001068115234,63.0,1712249
2024-04-28,63.0,63.0,63.0,63.0,0
2024-04-29,62.900001525878906,65.0,62.11000061035156,64.55000305175781,671302
2024-04-30,64.55000305175781,64.97000122070312,61.5,62.20000076293945,979838
2024-05-02,62.45000076293945,67.0,62.040000915527344,67.0,1233410
2024-05-07,67.0,68.0,65.0,65.95999908447266,604873
2024-05-08,65.95999908447266,66.9000015258789,64.16000366210938,64.5,301429
2024-05-09,64.5,67.4800033569336,64.0,66.52999877929688,905518
2024-05-12,66.52999877929688,67.19999694824219,62.5099983215332,63.06999969482422,496819
2024-05-13,63.06999969482422,63.599998474121094,60.11000061035156,62.560001373291016,760099
2024-05-14,62.560001373291016,62.9900016784668,61.529998779296875,61.70000076293945,174371
2024-05-15,61.70000076293945,62.150001525878906,61.02000045776367,62.0,422239
2024-05-16,62.0,64.98999786376953,62.060001373291016,64.94999694824219,920457
2024-05-19,64.94999694824219,69.68000030517578,65.0,68.95999908447266,2417058
2024-05-20,68.95999908447266,69.5,67.66000366210938,67.66000366210938,1186201
2024-05-21,67.66000366210938,69.91000366210938,67.0199966430664,68.0,1480520
2024-05-22,68.0,68.47000122070312,65.37000274658203,66.0,1030612
2024-05-23,66.0,67.44999694824219,65.0,65.0,566635
2024-05-26,65.0,65.0,65.0,65.0,0
2024-05-27,65.37000274658203,67.0,65.25,65.25,700261
2024-05-28,65.25,65.0,63.630001068115234,63.70000076293945,855285
2024-05-29,63.70000076293945,64.79000091552734,63.209999084472656,63.439998626708984,627249
2024-05-30,63.439998626708984,63.880001068115234,62.0,62.0,952887
2024-06-02,62.0,63.5,61.5,61.970001220703125,667416
2024-06-03,61.970001220703125,62.5,60.56999969482422,61.099998474121094,1074431
2024-06-04,61.099998474121094,63.0,61.20000076293945,61.79999923706055,1590613
2024-06-05,61.79999923706055,60.88999938964844,56.119998931884766,58.779998779296875,4578793
2024-06-06,58.779998779296875,59.29999923706055,57.119998931884766,57.720001220703125,1552824
2024-06-09,57.720001220703125,58.11000061035156,55.52000045776367,55.52000045776367,1378989
2024-06-10,55.52000045776367,56.95000076293945,54.119998931884766,55.20000076293945,1887073
2024-06-11,55.20000076293945,56.20000076293945,52.79999923706055,53.0,4201082
2024-06-12,53.0,54.20000076293945,52.61000061035156,52.90999984741211,1582337
2024-06-13,52.90999984741211,57.0,52.95000076293945,57.0,2934978
2024-06-23,57.0,58.0,56.02000045776367,57.459999084472656,1375720
2024-06-24,57.459999084472656,58.4900016784668,56.5,56.61000061035156,2359743
2024-06-25,56.61000061035156,58.0,54.33000183105469,57.599998474121094,2454751
2024-06-26,57.599998474121094,58.400001525878906,56.119998931884766,57.970001220703125,1949740
2024-06-27,57.970001220703125,59.689998626708984,57.79999923706055,58.599998474121094,1250111
2024-07-02,59.119998931884766,59.7400016784668,58.11000061035156,58.400001525878906,1006523
2024-07-03,58.400001525878906,61.0,58.18000030517578,59.970001220703125,2173223
2024-07-04,59.970001220703125,60.45000076293945,59.25,60.02000045776367,1874425
2024-07-07,60.02000045776367,61.0,58.0,58.20000076293945,2981408
2024-07-08,58.20000076293945,58.65999984741211,56.279998779296875,56.279998779296875,2140477
2024-07-09,56.279998779296875,56.900001525878906,54.70000076293945,54.70000076293945,2674729
2024-07-10,54.70000076293945,55.939998626708984,53.81999969482422,54.0,1950818
2024-07-14,54.0,54.849998474121094,53.29999923706055,53.43000030517578,1121015
2024-07-15,53.43000030517578,55.5,53.45000076293945,54.34000015258789,1553446
2024-07-16,54.34000015258789,54.77000045776367,53.83000183105469,53.83000183105469,1973847
2024-07-17,53.83000183105469,56.61000061035156,53.84000015258789,56.529998779296875,1857133
2024-07-18,56.529998779296875,57.5,56.099998474121094,56.709999084472656,1280937
2024-07-21,56.709999084472656,60.33000183105469,56.709999084472656,59.95000076293945,3313409
2024-07-22,59.95000076293945,60.5,58.59000015258789,59.04999923706055,1603712
2024-07-23,59.04999923706055,59.36000061035156,58.119998931884766,58.31999969482422,730724
2024-07-24,58.31999969482422,58.970001220703125,57.86000061035156,58.099998474121094,663829
2024-07-28,58.099998474121094,59.880001068115234,58.20000076293945,59.63999938964844,1031852
2024-07-29,59.63999938964844,61.400001525878906,59.79999923706055,60.25,1966766
2024-07-30,60.25,60.970001220703125,60.060001373291016,60.2599983215332,674347
2024-07-31,60.2599983215332,62.0,59.61000061035156,62.0,2213425
2024-08-01,62.0,62.959999084472656,60.5099983215332,60.5099983215332,1884258
2024-08-04,60.5099983215332,59.4900016784668,57.209999084472656,58.279998779296875,1601962
2024-08-05,58.279998779296875,58.279998779296875,54.040000915527344,56.470001220703125,2084917
2024-08-06,56.470001220703125,57.25,56.029998779296875,56.36000061035156,995956
2024-08-07,56.36000061035156,56.95000076293945,55.66999816894531,55.95000076293945,1611515
2024-08-08,55.95000076293945,56.5,55.119998931884766,55.599998474121094,2933718
2024-08-11,55.599998474121094,56.880001068115234,55.79999923706055,56.599998474121094,2339565
2024-08-12,56.599998474121094,57.70000076293945,55.599998474121094,55.650001525878906,3844698
2024-08-13,55.650001525878906,56.29999923706055,55.0,55.130001068115234,2178763
2024-08-14,55.130001068115234,57.970001220703125,55.040000915527344,57.900001525878906,9179972
2024-08-15,57.900001525878906,59.2400016784668,57.599998474121094,58.599998474121094,4383023
2024-08-18,58.599998474121094,59.16999816894531,57.400001525878906,57.40999984741211,2129115
2024-08-19,57.40999984741211,57.68000030517578,56.66999816894531,57.38999938964844,1263336
2024-08-20,57.38999938964844,58.59000015258789,57.20000076293945,58.5,1650155
2024-08-21,58.5,58.95000076293945,57.369998931884766,57.560001373291016,1693100
2024-08-22,57.560001373291016,57.70000076293945,56.849998474121094,57.0099983215332,868487
2024-08-25,57.0099983215332,58.11000061035156,57.060001373291016,57.900001525878906,923263
2024-08-26,57.900001525878906,58.400001525878906,57.0,57.099998474121094,894767
2024-08-27,57.099998474121094,57.72999954223633,57.119998931884766,57.29999923706055,875663
2024-08-28,57.29999923706055,58.70000076293945,57.34000015258789,58.36000061035156,1728029
2024-08-29,58.36000061035156,58.88999938964844,57.95000076293945,58.0,1484618
2024-09-01,58.0,60.970001220703125,58.40999984741211,60.900001525878906,3921901
2024-09-02,60.900001525878906,62.959999084472656,60.95000076293945,62.2400016784668,6246206
2024-09-03,62.2400016784668,66.48999786376953,61.849998474121094,65.27999877929688,4590720
2024-09-04,65.27999877929688,64.9000015258789,63.33000183105469,64.5,2196398
2024-09-05,64.5,64.80999755859375,63.599998474121094,63.599998474121094,805694
2024-09-08,63.599998474121094,64.19999694824219,62.02000045776367,63.0,1328717
2024-09-09,63.0,63.099998474121094,60.970001220703125,61.0,2475380
2024-09-10,61.0,61.70000076293945,59.369998931884766,59.5099983215332,2586796
2024-09-11,59.5099983215332,60.25,58.849998474121094,59.81999969482422,2253524
2024-09-12,59.81999969482422,60.18000030517578,58.70000076293945,59.0,1754233
2024-09-16,59.0,59.099998474121094,57.630001068115234,57.68000030517578,10605544
2024-09-17,57.68000030517578,59.4900016784668,57.68000030517578,58.70000076293945,5495230
2024-09-18,58.70000076293945,59.16999816894531,58.5,58.70000076293945,661836
2024-09-19,58.70000076293945,61.45000076293945,58.83000183105469,61.45000076293945,1514304
2024-09-22,61.45000076293945,61.599998474121094,60.119998931884766,60.5,1530393
2024-09-23,60.5,60.900001525878906,59.900001525878906,60.2599983215332,1369485
2024-09-24,60.47999954223633,62.029998779296875,60.599998474121094,61.54999923706055,2848921
2024-09-25,59.849998474121094,60.689998626708984,59.599998474121094,60.47999954223633,851905
2024-09-26,60.47999954223633,62.029998779296875,60.599998474121094,61.54999923706055,2848921
2024-09-29,61.54999923706055,64.4800033569336,63.27000045776367,64.0,2925814
2024-09-30,64.0,64.30000305175781,62.65999984741211,63.619998931884766,2026336
2024-10-01,63.619998931884766,63.900001525878906,63.099998474121094,63.290000915527344,888210
2024-10-02,63.290000915527344,63.0,61.65999984741211,61.70000076293945,1632481
2024-10-03,61.70000076293945,62.29999923706055,61.45000076293945,62.0,1192369
2024-10-07,62.0,62.880001068115234,62.02000045776367,62.130001068115234,791893
2024-10-08,62.130001068115234,62.4900016784668,60.11000061035156,61.0,1209144
2024-10-09,61.0,62.29999923706055,60.5099983215332,61.5,985507
2024-10-10,61.5,63.29999923706055,61.400001525878906,62.9900016784668,2396945
2024-10-13,62.9900016784668,64.0999984741211,62.900001525878906,63.599998474121094,2599863
2024-10-14,63.599998474121094,64.0999984741211,63.0,63.97999954223633,1643858
2024-10-15,63.97999954223633,64.87999725341797,64.04000091552734,64.4000015258789,1528768
2024-10-16,64.4000015258789,64.88999938964844,63.599998474121094,63.599998474121094,1560383
2024-10-17,63.599998474121094,65.48999786376953,63.709999084472656,65.08999633789062,2350844
2024-10-20,65.08999633789062,65.75,63.79999923706055,64.0,2395873
2024-10-21,64.0,64.25,63.0,63.29999923706055,2259474
2024-10-22,63.29999923706055,58.0,56.0099983215332,57.47999954223633,1787886
2024-10-23,57.47999954223633,58.150001525878906,56.709999084472656,56.959999084472656,1225474
2024-10-24,56.959999084472656,57.290000915527344,56.79999923706055,56.91999816894531,495562
2024-10-27,56.91999816894531,57.459999084472656,56.95000076293945,57.0,359391
2024-10-28,57.0,57.369998931884766,56.7599983215332,56.81999969482422,371321
2024-10-29,56.81999969482422,56.939998626708984,55.0,55.36000061035156,1032579
2024-10-30,55.36000061035156,55.86000061035156,55.02000045776367,55.119998931884766,740727
2024-10-31,55.119998931884766,57.0,55.04999923706055,57.0,923502
2024-11-03,57.0,57.400001525878906,56.279998779296875,56.33000183105469,788923
2024-11-04,56.33000183105469,56.779998779296875,55.880001068115234,55.880001068115234,523846
2024-11-05,55.880001068115234,56.25,55.810001373291016,55.880001068115234,229377
2024-11-06,55.880001068115234,56.349998474121094,55.84000015258789,55.900001525878906,402098
2024-11-07,55.900001525878906,56.79999923706055,55.900001525878906,56.06999969482422,730040
2024-11-10,56.06999969482422,56.38999938964844,55.599998474121094,55.810001373291016,1021359
2024-11-11,55.810001373291016,55.83000183105469,55.040000915527344,55.20000076293945,2053266
2024-11-12,55.20000076293945,55.380001068115234,54.650001525878906,55.0099983215332,1020655
2024-11-13,55.0099983215332,55.2400016784668,54.68000030517578,54.68000030517578,910623
2024-11-14,54.68000030517578,55.060001373291016,54.709999084472656,54.810001373291016,595700
2024-11-17,54.810001373291016,54.970001220703125,54.5,54.5099983215332,500277
2024-11-18,54.5099983215332,54.650001525878906,53.599998474121094,53.61000061035156,648963
2024-11-19,53.61000061035156,53.79999923706055,52.939998626708984,53.099998474121094,689719
2024-11-20,53.099998474121094,53.599998474121094,53.0,53.060001373291016,466169
2024-11-21,53.060001373291016,53.470001220703125,53.099998474121094,53.25,329744
2024-11-24,53.25,53.599998474121094,52.70000076293945,52.70000076293945,387714
2024-11-25,52.70000076293945,52.88999938964844,52.0099983215332,52.290000915527344,549722
2024-11-26,52.290000915527344,52.689998626708984,52.04999923706055,52.369998931884766,514005
2024-11-27,52.369998931884766,52.79999923706055,51.540000915527344,51.70000076293945,624618
2024-11-28,51.70000076293945,52.79999923706055,51.70000076293945,52.790000915527344,539106
2024-12-01,52.790000915527344,54.900001525878906,52.849998474121094,53.95000076293945,973366
2024-12-02,53.95000076293945,54.400001525878906,53.459999084472656,53.5,557901
2024-12-03,53.5,53.93000030517578,53.0,53.25,354282
2024-12-04,53.25,53.5,52.79999923706055,52.79999923706055,332092
2024-12-05,52.79999923706055,53.540000915527344,53.0,53.45000076293945,326103
2024-12-08,53.45000076293945,54.0,53.47999954223633,53.52000045776367,313068
2024-12-09,53.52000045776367,53.779998779296875,52.849998474121094,52.849998474121094,531141
2024-12-10,52.849998474121094,53.0,52.099998474121094,52.400001525878906,404221
2024-12-11,52.400001525878906,52.869998931884766,51.849998474121094,52.02000045776367,394842
2024-12-12,52.02000045776367,52.349998474121094,51.880001068115234,52.099998474121094,978915
2024-12-15,52.099998474121094,52.45000076293945,51.79999923706055,51.86000061035156,773018
2024-12-16,51.86000061035156,52.0,51.310001373291016,51.38999938964844,856887
2024-12-17,51.38999938964844,51.33000183105469,49.54999923706055,49.54999923706055,1786546
2024-12-18,49.54999923706055,49.959999084472656,48.5099983215332,48.9900016784668,1240243
2024-12-19,48.9900016784668,51.099998474121094,48.54999923706055,50.5099983215332,876811
2024-12-22,50.5099983215332,50.70000076293945,49.61000061035156,49.619998931884766,810348
2024-12-23,49.619998931884766,49.9900016784668,48.79999923706055,48.900001525878906,467994
2024-12-24,48.900001525878906,49.45000076293945,48.79999923706055,49.150001525878906,246820
2024-12-25,49.150001525878906,49.619998931884766,49.08000183105469,49.08000183105469,384321
2024-12-26,49.08000183105469,49.400001525878906,49.0,49.099998474121094,266129
2024-12-29,49.099998474121094,49.400001525878906,48.5,48.689998626708984,277862
2024-12-30,48.689998626708984,48.97999954223633,47.810001373291016,48.11000061035156,594836
2024-12-31,48.11000061035156,49.380001068115234,48.11000061035156,48.90999984741211,344522
2025-01-02,48.90999984741211,49.97999954223633,48.95000076293945,49.959999084472656,371228
2025-01-05,49.959999084472656,49.9900016784668,49.29999923706055,49.59000015258789,210408
2025-01-06,49.59000015258789,49.70000076293945,49.02000045776367,49.2400016784668,303817
2025-01-08,49.2400016784668,49.5,48.54999923706055,48.650001525878906,285086
2025-01-09,48.650001525878906,49.0,48.0099983215332,48.119998931884766,399268
2025-01-12,48.119998931884766,51.29999923706055,47.54999923706055,51.0,1466751
2025-01-13,51.0,54.400001525878906,51.04999923706055,51.5,3240226
2025-01-14,51.5,53.5,50.5,53.130001068115234,1132540
2025-01-15,53.130001068115234,54.790000915527344,52.7599983215332,54.0099983215332,1774231
2025-01-16,54.0099983215332,56.099998474121094,54.099998474121094,56.08000183105469,1996803
2025-01-19,54.0099983215332,56.939998626708984,54.099998474121094,56.709999084472656,2863677
2025-01-20,56.040000915527344,56.20000076293945,53.75,55.0,1294273
2025-01-21,55.0,55.0,53.5,54.0,1347820
2025-01-22,54.0,55.790000915527344,53.709999084472656,54.599998474121094,762280
2025-01-23,54.599998474121094,55.54999923706055,54.5,54.5099983215332,502397
2025-01-26,54.5099983215332,55.20000076293945,54.220001220703125,54.880001068115234,682716
2025-01-27,54.880001068115234,55.0,53.70000076293945,53.790000915527344,282147
2025-01-28,53.790000915527344,54.29999923706055,53.2599983215332,53.400001525878906,420250
2025-01-29,53.400001525878906,54.650001525878906,53.5,54.52000045776367,440319
2025-01-30,54.52000045776367,56.099998474121094,54.5099983215332,55.88999938964844,1621483
2025-02-02,55.88999938964844,57.0,55.27000045776367,55.70000076293945,1143576
2025-02-03,55.70000076293945,56.099998474121094,54.54999923706055,55.380001068115234,355686
2025-02-04,55.380001068115234,55.400001525878906,54.5,54.52000045776367,211161
2025-02-05,54.52000045776367,55.0,54.060001373291016,54.43000030517578,338931
2025-02-06,54.43000030517578,56.0,54.599998474121094,55.189998626708984,1662650
2025-02-09,55.189998626708984,55.779998779296875,55.04999923706055,55.75,481039
2025-02-10,55.75,56.9900016784668,55.75,56.099998474121094,1566381
2025-02-11,56.099998474121094,57.95000076293945,55.900001525878906,57.5,2229482
2025-02-12,57.5,57.47999954223633,55.0,56.0,870639
2025-02-13,56.0,57.27000045776367,56.0,56.75,880610
2025-02-16,56.75,58.0099983215332,56.810001373291016,57.900001525878906,967316
2025-02-17,57.900001525878906,58.0,57.349998474121094,57.400001525878906,835433
2025-02-18,57.400001525878906,58.38999938964844,57.400001525878906,58.0,1247931
2025-02-19,58.0,59.43000030517578,58.0,59.349998474121094,1340371
2025-02-20,59.349998474121094,59.400001525878906,58.810001373291016,59.0,448398
2025-02-23,59.0,59.279998779296875,58.29999923706055,58.5099983215332,410606
2025-02-24,58.5099983215332,58.900001525878906,58.5,58.5,251718
2025-02-25,58.5,58.70000076293945,57.27000045776367,57.47999954223633,321145
2025-02-26,57.47999954223633,58.290000915527344,57.099998474121094,58.220001220703125,335747
2025-02-27,58.220001220703125,58.79999923706055,57.70000076293945,58.79999923706055,735199
2025-03-02,58.79999923706055,59.099998474121094,58.0,58.75,182866
2025-03-03,58.75,61.09000015258789,58.599998474121094,61.0,1711138
2025-03-04,61.0,61.4900016784668,60.20000076293945,60.20000076293945,1218394
2025-03-05,60.20000076293945,61.0,58.75,60.939998626708984,725533
2025-03-06,60.939998626708984,61.900001525878906,60.70000076293945,61.5,641963
2025-03-09,61.5,61.72999954223633,59.77000045776367,60.5,605063
2025-03-10,60.5,60.599998474121094,59.54999923706055,59.95000076293945,345021
2025-03-11,59.95000076293945,59.900001525878906,59.150001525878906,59.29999923706055,192706
2025-03-12,59.29999923706055,60.41999816894531,59.29999923706055,59.52000045776367,513214
2025-03-13,59.52000045776367,60.400001525878906,58.70000076293945,58.72999954223633,363174
2025-03-16,58.72999954223633,59.58000183105469,58.5,59.20000076293945,193221
2025-03-17,59.20000076293945,59.20000076293945,58.20000076293945,58.209999084472656,228896
2025-03-18,58.209999084472656,58.4900016784668,57.36000061035156,57.43000030517578,342490
2025-03-19,57.43000030517578,57.70000076293945,56.029998779296875,56.04999923706055,506371
2025-03-20,56.04999923706055,57.25,56.04999923706055,57.08000183105469,462581
2025-03-23,57.08000183105469,57.5,56.529998779296875,57.0,254505
2025-03-24,57.0,57.470001220703125,55.619998931884766,55.7400016784668,380735
2025-03-25,55.7400016784668,56.0,55.04999923706055,55.2599983215332,255158
2025-03-26,55.2599983215332,57.88999938964844,54.79999923706055,56.0,476692
2025-03-27,56.0,57.20000076293945,56.08000183105469,56.86000061035156,270521
2025-04-03,56.86000061035156,56.849998474121094,56.0,56.150001525878906,242683
2025-04-06,56.150001525878906,55.400001525878906,53.36000061035156,54.29999923706055,522887
2025-04-07,54.29999923706055,53.79999923706055,51.77000045776367,52.75,1028305
2025-04-08,52.75,54.0,52.04999923706055,52.20000076293945,1378884
2025-04-09,52.20000076293945,52.599998474121094,51.209999084472656,51.209999084472656,470078
2025-04-10,51.209999084472656,53.22999954223633,52.0099983215332,52.040000915527344,540330
2025-04-13,52.040000915527344,52.88999938964844,52.25,52.68000030517578,354603
2025-04-14,52.68000030517578,52.93000030517578,52.380001068115234,52.810001373291016,225085
2025-04-15,52.810001373291016,53.099998474121094,52.70000076293945,52.849998474121094,272190
2025-04-16,52.849998474121094,52.970001220703125,52.04999923706055,52.060001373291016,291338
2025-04-17,52.060001373291016,52.529998779296875,52.04999923706055,52.11000061035156,334985
2025-04-22,52.11000061035156,52.619998931884766,51.63999938964844,51.650001525878906,570969
2025-04-23,51.650001525878906,52.599998474121094,51.70000076293945,52.599998474121094,654763
2025-04-27,52.599998474121094,53.529998779296875,52.79999923706055,53.22999954223633,339165
2025-04-28,53.22999954223633,53.5,52.5,52.90999984741211,679698
2025-04-29,52.90999984741211,54.13999938964844,52.90999984741211,54.0,814802
2025-04-30,54.0,54.209999084472656,53.599998474121094,53.970001220703125,686493
2025-05-04,53.970001220703125,55.0,53.66999816894531,54.9900016784668,1330977
2025-05-05,54.9900016784668,55.0,54.11000061035156,54.9900016784668,724671
2025-05-06,54.9900016784668,56.16999816894531,54.939998626708984,55.20000076293945,1146000
2025-05-07,55.20000076293945,55.790000915527344,53.83000183105469,53.869998931884766,847112
2025-05-08,53.869998931884766,54.5,53.2599983215332,53.400001525878906,232222
2025-05-11,53.400001525878906,54.0,53.0,53.380001068115234,372619
2025-05-12,53.380001068115234,54.20000076293945,53.29999923706055,54.0099983215332,426010
2025-05-13,54.0099983215332,54.54999923706055,53.54999923706055,53.54999923706055,685760
2025-05-14,53.54999923706055,53.95000076293945,52.119998931884766,52.310001373291016,740650
2025-05-15,52.310001373291016,52.79999923706055,52.29999923706055,52.79999923706055,272345
2025-05-18,52.79999923706055,53.099998474121094,51.560001373291016,51.95000076293945,675429
2025-05-19,51.95000076293945,52.189998626708984,50.650001525878906,51.0,594871
2025-05-20,51.0,51.38999938964844,50.81999969482422,51.040000915527344,239969
2025-05-21,51.040000915527344,51.099998474121094,49.66999816894531,49.810001373291016,1368089
2025-05-22,49.810001373291016,49.93000030517578,48.2599983215332,49.0,1657663
2025-05-25,49.0,49.310001373291016,48.0,48.5,1643499
2025-05-26,48.5,49.18000030517578,48.2599983215332,49.0,699847
2025-05-27,49.0,49.599998474121094,49.119998931884766,49.400001525878906,618671
2025-05-28,49.400001525878906,49.88999938964844,48.91999816894531,49.0,1105472
2025-05-29,49.0,49.27000045776367,48.099998474121094,48.31999969482422,971406
2025-06-01,48.31999969482422,48.84000015258789,48.189998626708984,48.400001525878906,583557
2025-06-02,48.400001525878906,49.45000076293945,48.5,49.0,648049
2025-06-03,49.0,49.470001220703125,49.029998779296875,49.09000015258789,379774
2025-06-04,49.09000015258789,49.88999938964844,48.970001220703125,49.88999938964844,592659
2025-06-10,49.88999938964844,50.86000061035156,49.91999816894531,50.7599983215332,1118897
2025-06-11,50.7599983215332,51.5,50.310001373291016,50.45000076293945,1795271
2025-06-12,50.45000076293945,51.0,49.68000030517578,49.900001525878906,1313367
2025-06-15,49.900001525878906,47.560001373291016,45.0099983215332,47.189998626708984,2076053
2025-06-16,47.189998626708984,47.900001525878906,46.29999923706055,47.0,1067858
2025-06-17,47.0,47.150001525878906,45.66999816894531,46.150001525878906,797541
2025-06-18,46.150001525878906,46.400001525878906,45.599998474121094,46.2400016784668,610150
2025-06-19,46.2400016784668,46.900001525878906,45.599998474121094,45.970001220703125,572742
2025-06-22,45.970001220703125,47.0,45.04999923706055,46.84000015258789,408343
2025-06-23,46.84000015258789,47.099998474121094,45.83000183105469,46.40999984741211,1425250
2025-06-24,46.40999984741211,47.95000076293945,47.0099983215332,47.88999938964844,1184487
2025-06-25,47.88999938964844,48.9900016784668,47.939998626708984,48.88999938964844,833208
2025-06-29,48.88999938964844,50.869998931884766,49.52000045776367,50.38999938964844,994006
2025-06-30,50.38999938964844,50.93000030517578,49.75,50.0,698204
2025-07-01,50.0,50.290000915527344,48.88999938964844,49.0,604699
2025-07-02,49.0,49.16999816894531,48.220001220703125,48.599998474121094,936429
2025-07-06,48.599998474121094,49.150001525878906,48.47999954223633,48.5099983215332,585431
2025-07-07,48.5099983215332,49.54999923706055,48.310001373291016,49.54999923706055,1241852
2025-07-09,49.54999923706055,49.9900016784668,49.099998474121094,49.099998474121094,608792
2025-07-10,49.099998474121094,50.400001525878906,49.099998474121094,50.25,1596825
2025-07-13,50.25,50.900001525878906,49.529998779296875,49.61000061035156,826426
2025-07-14,49.61000061035156,50.33000183105469,49.5099983215332,49.91999816894531,853288
2025-07-15,49.91999816894531,52.380001068115234,49.95000076293945,51.689998626708984,3766002
2025-07-16,51.689998626708984,52.83000183105469,51.5099983215332,51.65999984741211,2645987
2025-07-17,51.65999984741211,52.189998626708984,51.52000045776367,51.79999923706055,772644
2025-07-20,51.79999923706055,53.25,51.81999969482422,52.70000076293945,933683
2025-07-21,52.70000076293945,52.95000076293945,51.54999923706055,51.54999923706055,1061400
2025-07-22,51.54999923706055,51.959999084472656,50.31999969482422,50.5,1351126
2025-07-23,50.5,50.5,50.5,50.5,0
2025-07-27,50.54999923706055,51.79999923706055,50.630001068115234,51.29999923706055,1000169
2025-07-28,51.29999923706055,52.25,50.5,50.849998474121094,1136470
2025-07-29,50.849998474121094,51.13999938964844,50.04999923706055,50.20000076293945,813858
2025-07-30,50.20000076293945,51.0,49.70000076293945,50.0099983215332,703454
2025-07-31,50.0099983215332,50.599998474121094,49.5,49.70000076293945,575036
2025-08-03,49.70000076293945,49.70000076293945,49.70000076293945,49.70000076293945,0
2025-08-04,49.70000076293945,49.70000076293945,49.70000076293945,49.70000076293945,0
2025-08-05,49.70000076293945,49.70000076293945,49.70000076293945,49.70000076293945,0
2025-08-06,49.70000076293945,49.70000076293945,49.70000076293945,49.70000076293945,0
2025-08-07,49.70000076293945,49.70000076293945,49.70000076293945,49.70000076293945,0
2025-08-10,53.099998474121094,54.4900016784668,53.290000915527344,54.209999084472656,1917152
2025-08-11,54.209999084472656,54.47999954223633,53.0,53.599998474121094,761519
2025-08-12,53.599998474121094,54.0,53.5,53.56999969482422,598579
2025-08-13,53.56999969482422,53.900001525878906,50.5,52.61000061035156,564735
2025-08-14,52.61000061035156,52.9900016784668,51.869998931884766,52.4900016784668,498140
2025-08-17,52.4900016784668,52.97999954223633,52.099998474121094,52.88999938964844,414062
2025-08-18,52.88999938964844,53.20000076293945,52.20000076293945,52.400001525878906,232820
2025-08-19,52.400001525878906,52.70000076293945,52.25,52.5,774873
2025-08-20,52.5,52.869998931884766,51.79999923706055,51.900001525878906,772713
2025-08-21,51.900001525878906,52.380001068115234,51.560001373291016,52.2599983215332,240688
2025-08-24,52.2599983215332,52.630001068115234,51.79999923706055,51.86000061035156,546314
2025-08-25,51.86000061035156,52.38999938964844,51.70000076293945,52.25,386111
2025-08-26,52.25,52.400001525878906,51.849998474121094,52.20000076293945,340922
2025-08-27,52.20000076293945,52.29999923706055,51.849998474121094,52.11000061035156,312776
2025-08-28,52.11000061035156,52.59000015258789,51.959999084472656,52.59000015258789,295445
2025-08-31,52.59000015258789,53.0,52.099998474121094,52.130001068115234,516601
2025-09-01,52.130001068115234,52.75,52.15999984741211,52.630001068115234,395449
2025-09-02,52.630001068115234,54.0,52.5099983215332,53.88999938964844,1893792
2025-09-03,53.88999938964844,53.79999923706055,52.650001525878906,52.81999969482422,735886
2025-09-07,52.81999969482422,53.38999938964844,51.9900016784668,52.209999084472656,922030
2025-09-08,52.209999084472656,54.0,52.04999923706055,53.40999984741211,1125034
2025-09-09,53.40999984741211,53.79999923706055,52.45000076293945,52.5,681282
2025-09-10,52.5,52.959999084472656,51.900001525878906,52.880001068115234,328371
2025-09-11,52.880001068115234,53.5,52.5,53.5,549151
2025-09-14,53.5,54.08000183105469,53.0099983215332,54.04999923706055,754377
2025-09-15,54.04999923706055,54.79999923706055,53.869998931884766,54.47999954223633,1388146
2025-09-16,54.47999954223633,54.47999954223633,52.849998474121094,52.900001525878906,1114736
2025-09-17,52.900001525878906,53.619998931884766,52.52000045776367,53.5,448343
2025-09-18,53.5,53.959999084472656,51.91999816894531,52.29999923706055,1145682
2025-09-21,52.29999923706055,52.70000076293945,51.54999923706055,51.75,676848
2025-09-22,51.75,52.099998474121094,50.20000076293945,51.5,923858
2025-09-23,51.5,51.97999954223633,50.2599983215332,50.97999954223633,1366176
2025-09-24,50.97999954223633,51.75,50.65999984741211,51.47999954223633,1694524
2025-09-25,51.47999954223633,52.09000015258789,51.52000045776367,51.90999984741211,727585
2025-09-28,51.90999984741211,53.59000015258789,52.70000076293945,53.13999938964844,1325578
2025-09-29,53.13999938964844,53.66999816894531,52.400001525878906,52.880001068115234,1233769
2025-09-30,52.880001068115234,53.54999923706055,52.79999923706055,53.29999923706055,792468
2025-10-01,53.29999923706055,53.54999923706055,52.970001220703125,53.29999923706055,593624
2025-10-02,53.29999923706055,53.540000915527344,53.040000915527344,53.43000030517578,359635
2025-10-05,53.43000030517578,54.13999938964844,53.5,53.86000061035156,577201
2025-10-06,53.86000061035156,54.290000915527344,53.70000076293945,54.0,609948
2025-10-07,54.0,54.189998626708984,53.79999923706055,53.880001068115234,378199
2025-10-08,53.880001068115234,53.97999954223633,53.5,53.5,823216
2025-10-12,53.5,53.790000915527344,52.52000045776367,53.0,1438604
2025-10-13,53.0,53.459999084472656,52.25,52.56999969482422,1614840
2025-10-14,52.56999969482422,53.400001525878906,52.61000061035156,53.20000076293945,708986
2025-10-15,53.20000076293945,53.5,53.0099983215332,53.099998474121094,314651
2025-10-16,53.099998474121094,54.189998626708984,53.189998626708984,53.380001068115234,980037
2025-10-19,53.380001068115234,54.04999923706055,53.540000915527344,53.869998931884766,835518
2025-10-20,53.869998931884766,53.9900016784668,53.630001068115234,53.88999938964844,704557
2025-10-21,53.88999938964844,53.9900016784668,53.54999923706055,53.66999816894531,1963245
2025-10-22,53.66999816894531,50.099998474121094,48.119998931884766,49.900001525878906,2678665
2025-10-23,49.900001525878906,50.34000015258789,48.9900016784668,49.189998626708984,1083726
2025-10-26,49.189998626708984,49.5,48.95000076293945,49.22999954223633,586953
2025-10-27,49.22999954223633,49.47999954223633,48.25,48.310001373291016,1822557
2025-10-28,48.310001373291016,48.58000183105469,47.97999954223633,48.54999923706055,1278774
2025-10-29,48.54999923706055,48.84000015258789,48.18000030517578,48.5,587104
2025-10-30,48.5,48.86000061035156,48.47999954223633,48.599998474121094,496387
2025-11-02,48.599998474121094,48.91999816894531,48.5099983215332,48.61000061035156,323551
2025-11-03,48.61000061035156,48.689998626708984,47.52000045776367,47.599998474121094,1827682
2025-11-04,47.599998474121094,47.849998474121094,47.45000076293945,47.459999084472656,903564
2025-11-05,47.459999084472656,47.790000915527344,46.0,46.40999984741211,2321199
2025-11-06,46.40999984741211,47.04999923706055,46.45000076293945,46.72999954223633,1160725
2025-11-09,46.72999954223633,47.279998779296875,46.47999954223633,46.59000015258789,1518171
2025-11-10,46.59000015258789,46.91999816894531,46.04999923706055,46.38999938964844,2003312
2025-11-11,46.38999938964844,46.66999816894531,46.06999969482422,46.25,1878387
2025-11-12,46.25,46.540000915527344,46.20000076293945,46.29999923706055,851478
2025-11-13,46.29999923706055,46.56999969482422,46.20000076293945,46.20000076293945,776151
2025-11-16,46.20000076293945,46.4900016784668,46.11000061035156,46.18000030517578,797419
2025-11-17,46.18000030517578,46.43000030517578,46.0,46.040000915527344,858993
2025-11-18,46.040000915527344,46.97999954223633,46.040000915527344,46.599998474121094,1675397
2025-11-19,46.599998474121094,47.0,46.459999084472656,46.650001525878906,770523
2025-11-20,46.650001525878906,46.77000045776367,46.349998474121094,46.5,687517
2025-11-23,46.5,46.97999954223633,46.5099983215332,46.599998474121094,592607
2025-11-24,46.599998474121094,46.79999923706055,46.40999984741211,46.47999954223633,737532
2025-11-25,46.47999954223633,46.65999984741211,46.02000045776367,46.119998931884766,686682
2025-11-26,46.119998931884766,46.22999954223633,46.0,46.0099983215332,607312
2025-11-27,46.0099983215332,46.25,45.5,46.0,880249
2025-11-30,46.0,46.29999923706055,45.900001525878906,45.939998626708984,635230
2025-12-01,45.939998626708984,46.18000030517578,45.599998474121094,45.619998931884766,830938
2025-12-02,45.619998931884766,45.84000015258789,45.470001220703125,45.56999969482422,840586
2025-12-03,45.56999969482422,45.70000076293945,45.18000030517578,45.369998931884766,1145726
2025-12-04,45.369998931884766,45.650001525878906,45.29999923706055,45.63999938964844,638472
2025-12-07,45.63999938964844,47.0,45.650001525878906,47.0,874288
2025-12-08,47.0,47.20000076293945,46.630001068115234,47.0099983215332,700715
2025-12-09,47.0099983215332,47.650001525878906,46.900001525878906,47.31999969482422,874340
2025-12-10,47.31999969482422,47.79999923706055,47.0,47.790000915527344,975418
2025-12-11,47.790000915527344,48.470001220703125,47.560001373291016,48.2599983215332,1294076
2025-12-14,48.2599983215332,48.4900016784668,47.849998474121094,47.849998474121094,859909
2025-12-15,47.849998474121094,48.36000061035156,47.5,47.70000076293945,643361
2025-12-16,47.70000076293945,47.900001525878906,46.75,47.0,937574
2025-12-17,47.0,47.189998626708984,46.52000045776367,46.599998474121094,690673
2025-12-18,46.599998474121094,49.650001525878906,47.5,48.619998931884766,4227078
2025-12-21,48.619998931884766,49.63999938964844,48.75,49.58000183105469,1550450
2025-12-22,49.58000183105469,51.25,49.619998931884766,51.130001068115234,4636934
2025-12-23,51.130001068115234,52.45000076293945,51.209999084472656,52.400001525878906,3827651
2025-12-24,52.400001525878906,52.599998474121094,51.52000045776367,52.099998474121094,822664
2025-12-25,52.099998474121094,52.20000076293945,51.65999984741211,51.90999984741211,373060
2025-12-28,51.90999984741211,52.16999816894531,51.52000045776367,51.599998474121094,676753
2025-12-29,51.599998474121094,51.79999923706055,51.45000076293945,51.47999954223633,362614
2025-12-30,51.47999954223633,51.58000183105469,50.75,50.779998779296875,528797
2025-12-31,50.779998779296875,51.5,50.70000076293945,51.0,490093
2026-01-04,51.0,51.45000076293945,49.81999969482422,50.0,754286
2026-01-05,50.0,50.400001525878906,48.900001525878906,49.02000045776367,1069075
2026-01-06,49.02000045776367,50.5,49.08000183105469,50.5,548300
2026-01-08,50.5,52.54999923706055,50.5099983215332,52.22999954223633,2821271
2026-01-11,52.22999954223633,53.5,51.81999969482422,53.25,2736784
2026-01-12,53.25,53.650001525878906,51.5,52.029998779296875,2012783
2026-01-13,52.029998779296875,52.4900016784668,51.0,51.0099983215332,1027256
2026-01-14,51.0099983215332,51.0,49.400001525878906,50.22999954223633,1221248
2026-01-15,50.22999954223633,51.0,49.0099983215332,50.02000045776367,1672695
2026-01-18,50.02000045776367,52.4900016784668,50.029998779296875,51.79999923706055,1893569
2026-01-19,51.79999923706055,53.38999938964844,51.65999984741211,53.029998779296875,2721878
2026-01-20,53.029998779296875,53.880001068115234,52.040000915527344,53.5,2419019
2026-01-21,53.5,55.54999923706055,52.79999923706055,55.400001525878906,8019989
2026-01-22,55.400001525878906,59.380001068115234,55.90999984741211,58.939998626708984,7364550
2026-01-25,58.939998626708984,61.25,58.599998474121094,58.79999923706055,4768195
2026-01-26,58.79999923706055,59.599998474121094,58.119998931884766,59.0,2667034
2026-01-27,59.0,63.0,58.709999084472656,63.0,5376807
2026-01-28,63.0,65.69999694824219,63.0,64.16000366210938,3704768
2026-02-01,64.16000366210938,65.48999786376953,62.720001220703125,65.44999694824219,2495625
2026-02-02,65.44999694824219,66.48999786376953,64.13999938964844,66.48999786376953,1866619
2026-02-03,66.48999786376953,68.0,65.91999816894531,67.0999984741211,2514074
2026-02-04,67.0999984741211,67.69000244140625,65.0,65.97000122070312,2928616
2026-02-05,65.97000122070312,66.43000030517578,65.0,65.66000366210938,1460413
2026-02-08,65.66000366210938,69.75,65.76000213623047,69.44999694824219,2236223
2026-02-09,69.44999694824219,69.9000015258789,68.12000274658203,68.80000305175781,1309413
2026-02-10,68.80000305175781,69.69000244140625,68.51000213623047,69.30000305175781,1491399
2026-02-11,69.30000305175781,71.0,69.19999694824219,69.55000305175781,1348685
2026-02-12,69.55000305175781,70.83999633789062,62.0099983215332,69.72000122070312,1679242
2026-02-15,69.72000122070312,72.0,69.01000213623047,71.87000274658203,1471812
2026-02-16,71.87000274658203,72.5,70.0,70.30000305175781,1375902
2026-02-17,70.30000305175781,71.0,68.01000213623047,68.98999786376953,2490788
2026-02-18,68.98999786376953,70.0,66.52999877929688,68.69999694824219,3156971
2026-02-19,68.69999694824219,68.6500015258789,67.2300033569336,67.6500015258789,787214
2026-02-22,67.6500015258789,67.5,65.0,67.0,1852166
2026-02-23,67.0,71.88999938964844,66.94999694824219,70.0999984741211,4063205
2026-02-24,70.0999984741211,70.0999984741211,68.9000015258789,69.0199966430664,633215
2026-02-25,69.0199966430664,69.5,67.54000091552734,68.30000305175781,789319
2026-02-26,68.30000305175781,70.97000122070312,68.0,69.69999694824219,2253527
2026-03-01,69.69999694824219,68.80000305175781,63.70000076293945,68.80000305175781,2691409
2026-03-02,68.80000305175781,68.5999984741211,66.30000305175781,67.80000305175781,1484934
2026-03-03,67.80000305175781,79.80000305175781,66.6500015258789,77.88999938964844,5694239
2026-03-04,77.88999938964844,85.83999633789062,77.9000015258789,78.63999938964844,5681375
2026-03-05,78.63999938964844,81.26000213623047,77.51000213623047,77.93000030517578,1309296
2026-03-08,77.93000030517578,91.5,83.0,87.0,5281360
2026-03-09,87.0,91.80000305175781,82.0999984741211,84.0999984741211,3040448
2026-03-10,84.0999984741211,82.86000061035156,78.5,79.9000015258789,2091433
2026-03-11,79.9000015258789,85.0,80.5,85.0,1896414
2026-03-12,85.0,89.0,85.5,88.05999755859375,3972641
2026-03-15,88.05999755859375,90.3499984741211,85.52999877929688,86.0,3272704
2026-03-16,86.0,87.94999694824219,82.5,86.66999816894531,2032452
2026-03-17,86.66999816894531,87.98999786376953,85.5,87.55000305175781,1536297
2026-03-18,87.55000305175781,88.0999984741211,86.75,87.0,1015783
2026-03-19,87.0,87.0,87.0,87.0,0
2026-03-24,87.0,94.4000015258789,87.0,94.0,4170773
2026-03-25,94.0,95.0,91.25,92.5,1607902
2026-03-26,92.5,93.75,88.87999725341797,89.0,2890786
2026-03-29,89.0,89.83999633789062,83.5999984741211,85.04000091552734,6284552
2026-03-30,85.04000091552734,85.94999694824219,79.80000305175781,80.94999694824219,3927601
2026-03-31,80.94999694824219,83.0,79.5,81.69999694824219,3721316
2026-04-01,81.69999694824219,84.45999908447266,80.75,83.79000091552734,2995001
2026-04-02,83.79000091552734,84.25,81.5999984741211,82.0,2360566
2026-04-05,82.0,82.0999984741211,80.0999984741211,81.2699966430664,2441555
2026-04-06,81.2699966430664,84.30000305175781,81.0,82.5999984741211,2306211
2026-04-07,82.5999984741211,86.0,82.5,85.61000061035156,3214883
2026-04-08,85.61000061035156,84.80000305175781,80.0,82.63999938964844,5571442
2026-04-09,82.63999938964844,83.6500015258789,82.0,82.11000061035156,2091830
2026-04-14,82.11000061035156,83.9000015258789,82.5199966430664,83.80000305175781,1842312
2026-04-15,83.80000305175781,85.37999725341797,83.80000305175781,84.8499984741211,1393439
2026-04-16,84.8499984741211,85.30000305175781,82.9000015258789,83.94000244140625,1831513
2026-04-19,83.94000244140625,86.38999938964844,83.04000091552734,85.55999755859375,3321018
2026-04-20,85.55999755859375,85.54000091552734,83.51000213623047,85.0,986007
2026-04-21,85.0,90.94999694824219,84.80000305175781,88.55000305175781,2577687
2026-04-22,88.55000305175781,90.80000305175781,86.55000305175781,87.0,1278047
2026-04-23,87.0,89.4000015258789,86.0999984741211,86.12000274658203,1516915
2026-04-26,86.12000274658203,90.19999694824219,86.30000305175781,88.81999969482422,2479357
2026-04-27,88.81999969482422,90.0,88.05000305175781,89.5,853548
2026-04-28,89.5,92.0,89.51000213623047,90.51000213623047,2912443
2026-04-29,90.51000213623047,91.18000030517578,89.12000274658203,89.55999755859375,748585
2026-04-30,89.55999755859375,91.7699966430664,90.52999877929688,90.75,2168800
2026-05-03,90.75,92.0,89.4000015258789,89.48999786376953,940230
2026-05-04,89.48999786376953,90.30000305175781,87.01000213623047,87.01000213623047,1168513
2026-05-05,87.01000213623047,87.80000305175781,78.0,84.8499984741211,2617038
2026-05-06,84.8499984741211,85.69999694824219,82.0999984741211,83.41000366210938,1728554
2026-05-10,83.41000366210938,84.0,83.0,83.80000305175781,1338459
2026-05-11,83.80000305175781,86.86000061035156,84.38999938964844,86.0,1322920
2026-05-12,86.0,88.38999938964844,86.5,87.19000244140625,1161036
2026-05-13,87.19000244140625,87.95999908447266,85.4000015258789,85.5999984741211,641857
2026-05-14,85.5999984741211,86.97000122070312,84.80999755859375,85.80000305175781,607533
2026-05-17,85.80000305175781,88.69999694824219,86.25,88.19999694824219,2000111
2026-05-18,88.19999694824219,90.87000274658203,88.4000015258789,90.0,5046065
2026-05-19,90.0,90.25,88.0999984741211,88.98999786376953,1086414
2026-05-20,88.98999786376953,89.5,85.94999694824219,86.01000213623047,550410
2026-05-21,86.01000213623047,86.9800033569336,85.5999984741211,86.01000213623047,415187
2026-05-24,86.01000213623047,86.0,84.0,84.19999694824219,1272162
2026-05-25,84.19999694824219,86.0,81.5199966430664,86.0,2847643
2026-05-26,86.0,86.0,86.0,86.0,0
2026-05-27,86.0,86.0,86.0,86.0,0
2026-05-28,86.0,86.0,86.0,86.0,0
2026-06-01,86.0,84.5,83.05999755859375,83.5999984741211,1873083
2026-06-02,83.5999984741211,84.0,81.80999755859375,81.80999755859375,1839973
2026-06-03,81.80999755859375,82.5,81.52999877929688,81.69999694824219,1358125
2026-06-04,81.69999694824219,82.1500015258789,81.7300033569336,81.87000274658203,545150
2026-06-07,81.87000274658203,82.0,81.19999694824219,81.41000366210938,770680
2026-06-08,81.41000366210938,83.69999694824219,81.80000305175781,81.9000015258789,1088789
2026-06-09,81.9000015258789,82.27999877929688,81.19999694824219,81.19999694824219,716042
2026-06-10,81.19999694824219,81.48999786376953,79.0,79.0,966404
2026-06-11,79.0,80.0,75.80000305175781,76.5,1926060
2026-06-14,76.5,77.98999786376953,72.69999694824219,72.75,4581345
2026-06-15,72.75,73.75,72.19999694824219,72.73999786376953,2638937
2026-06-16,72.73999786376953,73.43000030517578,71.05999755859375,71.16000366210938,2102567
2026-06-17,71.16000366210938,71.16000366210938,71.16000366210938,71.16000366210938,0
2026-06-18,71.16000366210938,71.16000366210938,71.16000366210938,71.16000366210938,0
2026-06-21,70.5,72.19000244140625,70.5,71.48999786376953,3427006
2026-06-22,71.48999786376953,71.48999786376953,71.48999786376953,71.48999786376953,0
2026-06-23,68.55999755859375,69.37000274658203,68.01000213623047,68.5999984741211,1519250
2026-06-24,68.5999984741211,70.9000015258789,68.5,69.8499984741211,3193115
2026-06-25,69.8499984741211,70.4000015258789,68.58000183105469,69.05000305175781,1398171
2026-06-28,69.05000305175781,69.66999816894531,67.69000244140625,67.80000305175781,1006283
2026-06-29,67.80000305175781,68.4000015258789,66.66000366210938,66.9000015258789,1004557
2026-06-30,66.9000015258789,67.98999786376953,67.04000091552734,67.5999984741211,809435
2026-07-01,67.5999984741211,69.19000244140625,67.7300033569336,67.97000122070312,1477849
2026-07-05,67.97000122070312,69.75,68.19999694824219,69.69999694824219,1642001
2026-07-06,69.69999694824219,70.33999633789062,69.2699966430664,69.69999694824219,1384305
2026-07-07,69.69999694824219,71.0,69.5199966430664,69.72000122070312,2418900
2026-07-08,69.72000122070312,71.75,69.69999694824219,71.30000305175781,4243181
2026-07-09,71.30000305175781,71.80000305175781,69.7699966430664,70.02999877929688,2211253
2026-07-12,70.02999877929688,71.0,69.52999877929688,69.5999984741211,1422900
2026-07-13,69.5999984741211,70.30000305175781,69.01000213623047,69.05000305175781,1610005
2026-07-14,69.05000305175781,73.38999938964844,69.87999725341797,73.30999755859375,6632099
2026-07-15,73.30999755859375,73.75,72.0,72.0,3372265
2026-07-16,72.0,73.69999694824219,71.80999755859375,73.69999694824219,2725597
2026-07-19,73.69999694824219,75.58999633789062,74.01000213623047,74.61000061035156,2474822
2026-07-20,74.61000061035156,74.98999786376953,72.7300033569336,72.88999938964844,1855072
2026-07-21,72.88999938964844,72.98999786376953,71.0,72.87000274658203,1197152
2026-07-22,72.87000274658203,73.94999694824219,71.80000305175781,72.30000305175781,1267328
2026-07-26,72.30000305175781,72.9000015258789,70.70999908447266,70.87999725341797,3336318
2026-07-27,70.87999725341797,71.9000015258789,70.5999984741211,71.44999694824219,946581
2026-07-28,71.44999694824219,72.29000091552734,70.87999725341797,71.5199966430664,978286
2026-07-29,71.5199966430664,71.88999938964844,71.19999694824219,71.31999969482422,446962
2026-07-30,71.31999969482422,73.29000091552734,70.9000015258789,73.0,2221116
