date,open,high,low,close,volume
2015-01-04,4.073332786560059,4.066666126251221,4.066666126251221,4.073332786560059,750
2015-01-05,4.073332786560059,4.133333206176758,3.9386661052703857,4.001333236694336,69105
2015-01-06,4.001333236694336,4.0,3.9666659832000732,3.996000051498413,36975
2015-01-08,3.996000051498413,4.0,3.9533329010009766,3.99733304977417,40050
2015-01-11,3.99733304977417,4.001333236694336,3.9006659984588623,3.97666597366333,18330
2015-01-12,3.97666597366333,4.066666126251221,4.052000045776367,4.064665794372559,84525
2015-01-13,4.064665794372559,4.176000118255615,3.9666659832000732,4.056665897369385,61230
2015-01-14,4.056665897369385,4.00666618347168,3.9666659832000732,3.97666597366333,83295
2015-01-15,3.97666597366333,4.0,3.9073328971862793,3.934000015258789,139440
2015-01-18,3.934000015258789,3.9093329906463623,3.8499999046325684,3.869999885559082,241950
2015-01-19,3.869999885559082,3.866666078567505,3.799999952316284,3.8246660232543945,224625
2015-01-20,3.8246660232543945,3.865999937057495,3.743333101272583,3.795332908630371,105960
2015-01-21,3.795332908630371,3.7666659355163574,3.737333059310913,3.7666659355163574,822255
2015-01-22,3.7666659355163574,3.7666659355163574,3.75333309173584,3.7666659355163574,316590
2015-01-26,3.7666659355163574,4.132666110992432,3.742666006088257,3.8359999656677246,186480
2015-01-27,3.8359999656677246,3.866666078567505,3.7786660194396973,3.8226659297943115,3377385
2015-01-28,3.8226659297943115,3.8353331089019775,3.742666006088257,3.784666061401367,210225
2015-01-29,3.784666061401367,3.799999952316284,3.7239999771118164,3.737333059310913,241005
2015-02-01,3.737333059310913,3.866666078567505,3.799999952316284,3.864665985107422,2415885
2015-02-02,3.864665985107422,3.972666025161743,3.866666078567505,3.921999931335449,341580
2015-02-03,3.921999931335449,3.9600000381469727,3.8826661109924316,3.908665895462036,167355
2015-02-04,3.908665895462036,3.993333101272583,3.933332920074463,3.9513330459594727,134910
2015-02-05,3.9513330459594727,3.9986660480499268,3.933332920074463,3.9773330688476562,87720
2015-02-08,3.9773330688476562,3.993333101272583,3.937333106994629,3.9739999771118164,155625
2015-02-09,3.9739999771118164,3.9600000381469727,3.933332920074463,3.939332962036133,258435
2015-02-10,3.939332962036133,3.9800000190734863,3.867332935333252,3.904665946960449,45000
2015-02-11,3.904665946960449,3.933332920074463,3.8746659755706787,3.912666082382202,319320
2015-02-12,3.912666082382202,3.925333023071289,3.9100000858306885,3.912666082382202,2520
2015-02-15,3.912666082382202,3.8866660594940186,3.866666078567505,3.880000114440918,14865
2015-02-16,3.880000114440918,3.890000104904175,3.8433330059051514,3.865333080291748,21390
2015-02-17,3.865333080291748,3.846666097640991,3.7666659355163574,3.799333095550537,72690
2015-02-18,3.799333095550537,3.803333044052124,3.799999952316284,3.799999952316284,124950
2015-02-19,3.799999952316284,3.800666093826294,3.6933329105377197,3.751332998275757,149475
2015-02-22,3.751332998275757,3.999332904815674,3.7666659355163574,3.8126659393310547,157275
2015-02-23,3.8126659393310547,3.7733330726623535,3.7666659355163574,3.7673330307006836,72750
2015-02-24,3.7673330307006836,3.7799999713897705,3.733333110809326,3.7773330211639404,83805
2015-02-25,3.7773330211639404,3.7799999713897705,3.740000009536743,3.76200008392334,5640
2015-02-26,3.76200008392334,3.794666051864624,3.733333110809326,3.759999990463257,145965
2015-03-01,3.759999990463257,3.734666109085083,3.733333110809326,3.759999990463257,2010
2015-03-02,3.759999990463257,3.75,3.667332887649536,3.740000009536743,56220
2015-03-03,3.740000009536743,3.733333110809326,3.7233328819274902,3.7320001125335693,254355
2015-03-04,3.7320001125335693,3.7300000190734863,3.7033329010009766,3.722666025161743,35040
2015-03-05,3.722666025161743,3.7339999675750732,3.733333110809326,3.733333110809326,47655
2015-03-08,3.733333110809326,3.733333110809326,3.7079999446868896,3.7300000190734863,37395
2015-03-09,3.7300000190734863,3.7300000190734863,3.7200000286102295,3.7279999256134033,3945
2015-03-10,3.7279999256134033,3.733333110809326,3.684000015258789,3.7239999771118164,102825
2015-03-11,3.7239999771118164,3.7260000705718994,3.683332920074463,3.7193329334259033,16440
2015-03-12,3.7193329334259033,3.733333110809326,3.722666025161743,3.72933292388916,372210
2015-03-15,3.72933292388916,3.73533296585083,3.733333110809326,3.7339999675750732,28485
2015-03-16,3.7339999675750732,3.6933329105377197,3.6933329105377197,3.7339999675750732,1230
2015-03-17,3.7339999675750732,3.7320001125335693,3.6933329105377197,3.7093329429626465,21855
2015-03-18,3.7093329429626465,3.7179999351501465,3.666666030883789,3.680000066757202,34860
2015-03-19,3.680000066757202,3.680000066757202,3.680000066757202,3.680000066757202,0
2015-03-22,3.627332925796509,3.6333329677581787,3.5866661071777344,3.609333038330078,11430
2015-03-23,3.609333038330078,3.5933330059051514,3.5133330821990967,3.565999984741211,37905
2015-03-24,3.565999984741211,3.5333330631256104,3.4406659603118896,3.4719998836517334,266670
2015-03-25,3.4719998836517334,3.4533329010009766,3.4000000953674316,3.4153330326080322,30720
2015-03-26,3.4153330326080322,3.4000000953674316,3.3420000076293945,3.356666088104248,292605
2015-03-29,3.4000000953674316,3.450000047683716,3.4000000953674316,3.4059998989105225,7605
2015-03-30,3.4059998989105225,3.4100000858306885,3.4000000953674316,3.4006659984588623,14475
2015-03-31,3.4006659984588623,3.4666659832000732,3.300666093826294,3.3366661071777344,296385
2015-04-01,3.3366661071777344,3.4000000953674316,3.3353331089019775,3.3499999046325684,57165
2015-04-02,3.3499999046325684,3.3373329639434814,3.3373329639434814,3.3373329639434814,7515
2015-04-05,3.3373329639434814,3.3380000591278076,3.299999952316284,3.328000068664551,25080
2015-04-06,3.328000068664551,3.3333330154418945,3.2666659355163574,3.2673330307006836,165000
2015-04-07,3.2673330307006836,3.3933329582214355,3.3326659202575684,3.348665952682495,34320
2015-04-08,3.348665952682495,3.4000000953674316,3.366666078567505,3.3926661014556885,88290
2015-04-09,3.3926661014556885,3.4200000762939453,3.4000000953674316,3.4019999504089355,72090
2015-04-14,3.4019999504089355,3.4019999504089355,3.373332977294922,3.385999917984009,86265
2015-04-15,3.385999917984009,3.3926661014556885,3.3333330154418945,3.363332986831665,73380
2015-04-16,3.363332986831665,3.3333330154418945,3.3333330154418945,3.3333330154418945,85500
2015-04-19,3.3333330154418945,3.3333330154418945,3.3066658973693848,3.3273329734802246,160080
2015-04-20,3.3273329734802246,3.3366661071777344,3.233333110809326,3.2873330116271973,56670
2015-04-21,3.2873330116271973,3.299999952316284,3.167332887649536,3.242666006088257,58605
2015-04-22,3.242666006088257,3.25333309173584,3.25333309173584,3.25333309173584,3345
2015-04-23,3.25333309173584,3.299333095550537,3.233333110809326,3.25333309173584,20760
2015-04-26,3.25333309173584,3.2033329010009766,3.2033329010009766,3.25333309173584,555
2015-04-27,3.25333309173584,3.2033329010009766,3.100666046142578,3.124000072479248,23250
2015-04-28,3.124000072479248,3.069999933242798,3.0666658878326416,3.0673329830169678,16455
2015-04-29,3.0673329830169678,3.1346659660339355,3.0666658878326416,3.0980000495910645,93885
2015-04-30,3.0980000495910645,3.1393330097198486,3.1333329677581787,3.134000062942505,99930
2015-05-03,3.134000062942505,3.200000047683716,3.0713329315185547,3.107332944869995,167250
2015-05-04,3.107332944869995,3.187999963760376,3.0673329830169678,3.0813329219818115,79035
2015-05-05,3.0813329219818115,3.200000047683716,3.0999999046325684,3.1459999084472656,313575
2015-05-06,3.1459999084472656,3.109999895095825,3.060666084289551,3.0799999237060547,227970
2015-05-07,3.0799999237060547,3.0673329830169678,3.059999942779541,3.0666658878326416,71850
2015-05-10,3.0666658878326416,3.0733330249786377,3.0333330631256104,3.043333053588867,51480
2015-05-11,3.043333053588867,3.0666658878326416,3.0266659259796143,3.0339999198913574,2773980
2015-05-12,3.0339999198913574,3.0339999198913574,3.0106658935546875,3.0179998874664307,253425
2015-05-13,3.0179998874664307,3.0073330402374268,2.986665964126587,3.001332998275757,96465
2015-05-14,3.001332998275757,3.0653328895568848,2.983333110809326,2.989332914352417,420150
2015-05-17,2.989332914352417,3.065999984741211,2.986665964126587,3.0260000228881836,27435
2015-05-18,3.0260000228881836,3.1926660537719727,3.113332986831665,3.131333112716675,506820
2015-05-19,3.131333112716675,3.200000047683716,3.0399999618530273,3.108665943145752,191805
2015-05-20,3.108665943145752,3.0666658878326416,3.057332992553711,3.065999984741211,147045
2015-05-21,3.065999984741211,3.1333329677581787,3.065999984741211,3.117332935333252,278700
2015-05-24,3.117332935333252,3.1333329677581787,3.0999999046325684,3.129333019256592,97530
2015-05-25,3.129333019256592,3.1333329677581787,3.101332902908325,3.121999979019165,132420
2015-05-26,3.121999979019165,3.0999999046325684,3.0999999046325684,3.0999999046325684,40500
2015-05-27,3.0999999046325684,3.0999999046325684,3.096666097640991,3.0999999046325684,63450
2015-05-28,3.0999999046325684,3.0999999046325684,3.0733330249786377,3.0973329544067383,134745
2015-05-31,3.0973329544067383,3.0866661071777344,3.0399999618530273,3.0726659297943115,51645
2015-06-01,3.0726659297943115,3.1333329677581787,3.0993330478668213,3.1019999980926514,468420
2015-06-02,3.1019999980926514,3.0999999046325684,3.0866661071777344,3.0999999046325684,96855
2015-06-03,3.0999999046325684,3.0999999046325684,3.0833330154418945,3.0999999046325684,302760
2015-06-04,3.0999999046325684,3.0999999046325684,3.0733330249786377,3.0993330478668213,315765
2015-06-07,3.0993330478668213,3.0999999046325684,3.063333034515381,3.0713329315185547,158610
2015-06-08,3.0713329315185547,3.1333329677581787,3.0866661071777344,3.124000072479248,61275
2015-06-09,3.124000072479248,3.1326661109924316,3.0999999046325684,3.125333070755005,220500
2015-06-10,3.125333070755005,3.1500000953674316,3.107332944869995,3.121332883834839,43050
2015-06-11,3.121332883834839,3.1333329677581787,3.109999895095825,3.130000114440918,52875
2015-06-14,3.130000114440918,3.0999999046325684,3.0673329830169678,3.0866661071777344,219630
2015-06-15,3.0866661071777344,3.1326661109924316,3.0999999046325684,3.117332935333252,88350
2015-06-16,3.117332935333252,3.166666030883789,3.131333112716675,3.1433329582214355,127500
2015-06-17,3.1433329582214355,3.1926660537719727,3.1333329677581787,3.1513330936431885,611340
2015-06-18,3.1513330936431885,3.1513330936431885,3.1506659984588623,3.1513330936431885,398535
2015-06-21,3.1513330936431885,3.200000047683716,3.1333329677581787,3.177333116531372,64785
2015-06-22,3.177333116531372,3.166666030883789,3.0999999046325684,3.1446659564971924,662085
2015-06-23,3.1446659564971924,3.116666078567505,3.072000026702881,3.094666004180908,36390
2015-06-24,3.094666004180908,3.0833330154418945,2.9366660118103027,3.0,564660
2015-06-25,3.0,3.0,2.933332920074463,2.9366660118103027,883275
2015-06-28,2.9366660118103027,2.982666015625,2.921999931335449,2.936000108718872,497805
2015-06-29,2.936000108718872,2.8933329582214355,2.799999952316284,2.8273329734802246,421395
2015-06-30,2.8273329734802246,2.8273329734802246,2.8273329734802246,2.8273329734802246,0
2015-07-02,2.8273329734802246,3.0,2.819999933242798,2.8786659240722656,1659525
2015-07-05,2.8786659240722656,2.8806660175323486,2.867332935333252,2.8746659755706787,7425
2015-07-06,2.8746659755706787,2.992000102996826,2.8166658878326416,2.8320000171661377,20145
2015-07-07,2.8320000171661377,2.8320000171661377,2.673332929611206,2.751332998275757,289350
2015-07-08,2.751332998275757,2.733333110809326,2.5,2.540666103363037,1159815
2015-07-09,2.540666103363037,2.625999927520752,2.5566658973693848,2.594666004180908,83550
2015-07-12,2.594666004180908,2.600666046142578,2.5333330631256104,2.553999900817871,84000
2015-07-13,2.553999900817871,2.5399999618530273,2.490000009536743,2.5166659355163574,253155
2015-07-14,2.5166659355163574,2.5339999198913574,2.5133330821990967,2.5286660194396973,288930
2015-07-15,2.5286660194396973,2.6393330097198486,2.5833330154418945,2.5999999046325684,102825
2015-07-16,2.5999999046325684,2.629333019256592,2.5666658878326416,2.5913329124450684,210435
2015-07-19,2.5913329124450684,2.5913329124450684,2.5913329124450684,2.5913329124450684,0
2015-07-20,2.5913329124450684,2.5913329124450684,2.5913329124450684,2.5913329124450684,0
2015-07-21,2.5913329124450684,2.5999999046325684,2.553333044052124,2.568000078201294,733260
2015-07-22,2.568000078201294,2.5999999046325684,2.5799999237060547,2.5993330478668213,189495
2015-07-26,2.5993330478668213,2.6333329677581787,2.5733330249786377,2.596666097640991,701985
2015-07-27,2.596666097640991,2.6326661109924316,2.5866661071777344,2.601332902908325,890685
2015-07-28,2.601332902908325,2.631999969482422,2.5333330631256104,2.561332941055298,483630
2015-07-29,2.561332941055298,2.5999999046325684,2.5333330631256104,2.5439999103546143,381705
2015-07-30,2.5439999103546143,2.5933330059051514,2.5333330631256104,2.538666009902954,631575
2015-08-02,2.538666009902954,2.5399999618530273,2.5,2.5139999389648438,115755
2015-08-03,2.5139999389648438,2.5006659030914307,2.4666659832000732,2.4673330783843994,910350
2015-08-04,2.4673330783843994,2.5199999809265137,2.4673330783843994,2.496000051498413,61530
2015-08-05,2.496000051498413,2.496000051498413,2.496000051498413,2.496000051498413,0
2015-08-06,2.496000051498413,2.496000051498413,2.496000051498413,2.496000051498413,0
2015-08-09,2.4820001125335693,2.5,2.433332920074463,2.437999963760376,280455
2015-08-10,2.437999963760376,2.50333309173584,2.4433329105377197,2.4686660766601562,47325
2015-08-11,2.4686660766601562,2.5053329467773438,2.4606659412384033,2.49466609954834,35295
2015-08-12,2.49466609954834,2.489332914352417,2.450000047683716,2.4653329849243164,34950
2015-08-13,2.4653329849243164,2.5066659450531006,2.444000005722046,2.4733328819274902,231570
2015-08-16,2.4733328819274902,2.4466660022735596,2.359999895095825,2.413332939147949,156495
2015-08-17,2.413332939147949,2.4200000762939453,2.4000000953674316,2.4073328971862793,41145
2015-08-18,2.4073328971862793,2.4666659832000732,2.3833329677581787,2.410665988922119,90900
2015-08-19,2.410665988922119,2.4000000953674316,2.353332996368408,2.380000114440918,37800
2015-08-20,2.380000114440918,2.4000000953674316,2.356666088104248,2.3973329067230225,540420
2015-08-23,2.3973329067230225,2.359999895095825,2.23533296585083,2.2899999618530273,130980
2015-08-24,2.2899999618530273,2.299333095550537,2.180000066757202,2.2239999771118164,159210
2015-08-25,2.2239999771118164,2.2666659355163574,2.2006659507751465,2.2639999389648438,104865
2015-08-26,2.2639999389648438,2.2666659355163574,2.200000047683716,2.2360000610351562,249210
2015-08-27,2.2360000610351562,2.2799999713897705,2.230665922164917,2.25333309173584,226875
2015-08-30,2.25333309173584,2.2666659355163574,2.25,2.2639999389648438,61785
2015-08-31,2.2639999389648438,2.3399999141693115,2.240665912628174,2.309999942779541,399840
2015-09-01,2.309999942779541,2.4000000953674316,2.2893331050872803,2.3359999656677246,241905
2015-09-02,2.3359999656677246,2.353332996368408,2.3333330154418945,2.3340001106262207,842790
2015-09-03,2.3340001106262207,2.3833329677581787,2.3333330154418945,2.348665952682495,446475
2015-09-06,2.348665952682495,2.374000072479248,2.346666097640991,2.361332893371582,343380
2015-09-07,2.361332893371582,2.3966660499572754,2.3266661167144775,2.3413329124450684,237060
2015-09-08,2.3413329124450684,2.3173329830169678,2.2733330726623535,2.2980000972747803,533070
2015-09-09,2.2980000972747803,2.319999933242798,2.2733330726623535,2.299999952316284,86760
2015-09-10,2.299999952316284,2.3333330154418945,2.2899999618530273,2.313999891281128,194490
2015-09-13,2.313999891281128,2.3333330154418945,2.3066658973693848,2.322000026702881,127905
2015-09-14,2.322000026702881,2.353332996368408,2.301332950592041,2.312000036239624,63345
2015-09-15,2.312000036239624,2.313333034515381,2.2666659355163574,2.288666009902954,343905
2015-09-16,2.288666009902954,2.3333330154418945,2.2839999198913574,2.3299999237060547,188640
2015-09-17,2.3299999237060547,2.3333330154418945,2.3066658973693848,2.318000078201294,61635
2015-09-20,2.318000078201294,2.549333095550537,2.366666078567505,2.5186660289764404,2283045
2015-09-21,2.5999999046325684,2.5999999046325684,2.4366660118103027,2.490665912628174,2662230
2015-09-27,2.490665912628174,2.490665912628174,2.490665912628174,2.490665912628174,0
2015-09-28,2.4519999027252197,2.5,2.417332887649536,2.4486660957336426,1577730
2015-09-29,2.4486660957336426,2.437333106994629,2.3206660747528076,2.362665891647339,4696065
2015-09-30,2.362665891647339,2.366666078567505,2.2666659355163574,2.313333034515381,4350885
2015-10-01,2.313333034515381,2.3320000171661377,2.2320001125335693,2.2673330307006836,5556720
2015-10-04,2.2673330307006836,2.2679998874664307,2.2233328819274902,2.23866605758667,5748930
2015-10-05,2.23866605758667,2.3166658878326416,2.2586660385131836,2.2939999103546143,3378690
2015-10-07,2.2939999103546143,2.3299999237060547,2.290666103363037,2.302000045776367,3355035
2015-10-08,2.302000045776367,2.3313329219818115,2.286665916442871,2.3086659908294678,2330460
2015-10-11,2.3086659908294678,2.356666088104248,2.309999942779541,2.3326659202575684,3742590
2015-10-12,2.3326659202575684,2.059333086013794,1.9993330240249634,2.007999897003174,1843365
2015-10-13,2.007999897003174,2.0293331146240234,1.986665964126587,2.0,1153500
2015-10-15,2.0,2.0146660804748535,1.9806660413742065,1.9966659545898438,773865
2015-10-18,1.9966659545898438,2.0086660385131836,1.9900000095367432,2.0,2988900
2015-10-19,2.0,2.0799999237060547,2.0,2.0253329277038574,2330310
2015-10-20,2.0253329277038574,2.072000026702881,2.0246660709381104,2.044666051864624,609465
2015-10-21,2.044666051864624,2.052665948867798,2.0133330821990967,2.0333330631256104,948810
2015-10-22,2.0333330631256104,2.0320000648498535,2.0139999389648438,2.0226659774780273,696405
2015-10-25,2.0226659774780273,2.065999984741211,2.0333330631256104,2.053333044052124,455190
2015-10-26,2.053333044052124,2.0586659908294678,2.0166659355163574,2.0239999294281006,597825
2015-10-27,2.0239999294281006,2.0266659259796143,2.0,2.0046660900115967,556785
2015-10-28,2.0046660900115967,2.032665967941284,1.9933329820632935,2.0053329467773438,939000
2015-10-29,2.0053329467773438,2.0266659259796143,1.995332956314087,2.00333309173584,761295
2015-11-01,2.00333309173584,2.00600004196167,1.9993330240249634,2.0,1146945
2015-11-02,2.0,2.0139999389648438,2.0,2.0006659030914307,144000
2015-11-03,2.0006659030914307,2.009999990463257,2.0,2.0006659030914307,351810
2015-11-04,2.0006659030914307,2.009999990463257,2.0,2.0006659030914307,169035
2015-11-05,2.0006659030914307,2.0260000228881836,2.0006659030914307,2.007999897003174,228975
2015-11-08,2.007999897003174,2.001332998275757,1.9566659927368164,1.9746659994125366,363810
2015-11-09,1.9746659994125366,1.9793330430984497,1.9466660022735596,1.9653329849243164,1158225
2015-11-10,1.9653329849243164,1.98533296585083,1.899999976158142,1.920665979385376,2116755
2015-11-11,1.920665979385376,1.9333330392837524,1.8966660499572754,1.9086660146713257,238695
2015-11-12,1.9086660146713257,1.9520000219345093,1.9240000247955322,1.934000015258789,403425
2015-11-15,1.934000015258789,1.9326659440994263,1.826665997505188,1.8726660013198853,255300
2015-11-16,1.8726660013198853,1.899999976158142,1.8333330154418945,1.854665994644165,179295
2015-11-17,1.854665994644165,1.8600000143051147,1.7999999523162842,1.8186659812927246,748290
2015-11-18,1.8186659812927246,1.8333330154418945,1.7933330535888672,1.803333044052124,505665
2015-11-19,1.803333044052124,1.8639999628067017,1.8200000524520874,1.8493330478668213,136905
2015-11-22,1.8493330478668213,1.9653329849243164,1.8213330507278442,1.8853329420089722,106095
2015-11-23,1.8853329420089722,1.9066660404205322,1.8193329572677612,1.832666039466858,645225
2015-11-24,1.832666039466858,1.8366659879684448,1.822666049003601,1.8333330154418945,273375
2015-11-25,1.8333330154418945,1.8386659622192383,1.8200000524520874,1.8286659717559814,153150
2015-11-26,1.8286659717559814,1.8433330059051514,1.8126660585403442,1.8279999494552612,279930
2015-11-29,1.8279999494552612,1.8133330345153809,1.7866660356521606,1.801332950592041,187305
2015-11-30,1.801332950592041,1.7933330535888672,1.666666030883789,1.7186659574508667,2543205
2015-12-01,1.7186659574508667,1.72666597366333,1.7086659669876099,1.7200000286102295,110670
2015-12-02,1.7200000286102295,1.7993329763412476,1.7333329916000366,1.766666054725647,328845
2015-12-03,1.766666054725647,1.829332947731018,1.7466659545898438,1.7833329439163208,287550
2015-12-06,1.7833329439163208,1.7999999523162842,1.7680000066757202,1.7773330211639404,180120
2015-12-07,1.7773330211639404,1.7699999809265137,1.7599999904632568,1.7660000324249268,185610
2015-12-08,1.7660000324249268,1.7660000324249268,1.7139999866485596,1.7359999418258667,213285
2015-12-09,1.7359999418258667,1.7333329916000366,1.7166659832000732,1.7313330173492432,131850
2015-12-10,1.7313330173492432,1.7333329916000366,1.7000000476837158,1.7079999446868896,287415
2015-12-13,1.7079999446868896,1.7120000123977661,1.6333329677581787,1.6626659631729126,824955
2015-12-14,1.6626659631729126,1.666666030883789,1.6399999856948853,1.6533329486846924,232500
2015-12-15,1.6533329486846924,1.666666030883789,1.6306660175323486,1.6406660079956055,895065
2015-12-16,1.6406660079956055,1.6633330583572388,1.6333329677581787,1.649999976158142,262140
2015-12-17,1.649999976158142,1.6646660566329956,1.6346659660339355,1.6460000276565552,367485
2015-12-20,1.6460000276565552,1.6619999408721924,1.6239999532699585,1.6546659469604492,88005
2015-12-21,1.6546659469604492,1.6566660404205322,1.6333329677581787,1.6393330097198486,391410
2015-12-22,1.6393330097198486,1.6526659727096558,1.6273330450057983,1.6373330354690552,303090
2015-12-24,1.6373330354690552,1.6566660404205322,1.6333329677581787,1.6399999856948853,402120
2015-12-27,1.6399999856948853,1.6579999923706055,1.638666033744812,1.647333025932312,226905
2015-12-28,1.647333025932312,1.6546659469604492,1.638666033744812,1.6466660499572754,129345
2015-12-29,1.6466660499572754,1.6799999475479126,1.6380000114440918,1.6553330421447754,321060
2015-12-30,1.6553330421447754,1.6920000314712524,1.666666030883789,1.675333023071289,271920
2015-12-31,1.675333023071289,1.6820000410079956,1.6546659469604492,1.6746660470962524,2364435
2016-01-03,1.6746660470962524,1.72666597366333,1.666666030883789,1.7039999961853027,1201065
2016-01-04,1.7039999961853027,1.7166659832000732,1.666666030883789,1.6979999542236328,907065
2016-01-05,1.6979999542236328,1.8673330545425415,1.713333010673523,1.8406660556793213,3923910
2016-01-06,1.8406660556793213,1.9413330554962158,1.860666036605835,1.8960000276565552,1825680
2016-01-10,1.8960000276565552,1.9533330202102661,1.8666659593582153,1.909999966621399,2050125
2016-01-11,1.909999966621399,1.899999976158142,1.766666054725647,1.8220000267028809,1371975
2016-01-12,1.8220000267028809,1.8406660556793213,1.766666054725647,1.8020000457763672,728595
2016-01-13,1.8020000457763672,1.8533329963684082,1.666666030883789,1.7020000219345093,934275
2016-01-14,1.7020000219345093,1.7000000476837158,1.5833330154418945,1.6160000562667847,1122960
2016-01-17,1.6160000562667847,1.5833330154418945,1.4700000286102295,1.544666051864624,914295
2016-01-18,1.544666051864624,1.544666051864624,1.544666051864624,1.544666051864624,0
2016-01-19,1.5679999589920044,1.6333329677581787,1.5733330249786377,1.6026660203933716,1732095
2016-01-20,1.6026660203933716,1.5779999494552612,1.5066659450531006,1.5326659679412842,552960
2016-01-21,1.5326659679412842,1.565999984741211,1.5333329439163208,1.5479999780654907,392040
2016-01-24,1.5933330059051514,1.6540000438690186,1.5666660070419312,1.6033329963684082,1367130
2016-01-26,1.6033329963684082,1.5859999656677246,1.548666000366211,1.5740000009536743,3311640
2016-01-27,1.5740000009536743,1.5933330059051514,1.559999942779541,1.5733330249786377,840630
2016-01-28,1.5733330249786377,1.6266659498214722,1.5606659650802612,1.5980000495910645,2410995
2016-01-31,1.632665991783142,1.659999966621399,1.5746660232543945,1.6166659593582153,1250265
2016-02-01,1.6166659593582153,1.5933330059051514,1.559999942779541,1.5753329992294312,568785
2016-02-02,1.5753329992294312,1.5986659526824951,1.5613329410552979,1.576665997505188,763275
2016-02-03,1.576665997505188,1.5800000429153442,1.5399999618530273,1.562000036239624,2035545
2016-02-04,1.562000036239624,1.5846660137176514,1.5479999780654907,1.5593329668045044,1157175
2016-02-07,1.5593329668045044,1.5666660070419312,1.5299999713897705,1.542665958404541,658755
2016-02-08,1.542665958404541,1.5399999618530273,1.5133329629898071,1.531999945640564,1049550
2016-02-09,1.531999945640564,1.5333329439163208,1.5086660385131836,1.5206660032272339,441600
2016-02-10,1.5206660032272339,1.5306659936904907,1.5066659450531006,1.5160000324249268,254880
2016-02-11,1.5160000324249268,1.5073330402374268,1.4199999570846558,1.4739999771118164,1024260
2016-02-14,1.4739999771118164,1.4666659832000732,1.4466660022735596,1.4579999446868896,275835
2016-02-15,1.4579999446868896,1.482666015625,1.4533330202102661,1.465999960899353,279285
2016-02-16,1.465999960899353,1.523332953453064,1.4733330011367798,1.4980000257492065,2844600
2016-02-17,1.4980000257492065,1.5160000324249268,1.4933329820632935,1.503999948501587,1208985
2016-02-18,1.503999948501587,1.5286660194396973,1.4933329820632935,1.5080000162124634,314745
2016-02-21,1.5080000162124634,1.5199999809265137,1.49399995803833,1.5066659450531006,500415
2016-02-22,1.5066659450531006,1.5160000324249268,1.495332956314087,1.5013329982757568,294585
2016-02-23,1.5013329982757568,1.5160000324249268,1.4666659832000732,1.4946659803390503,1722345
2016-02-24,1.4946659803390503,1.4926660060882568,1.4586659669876099,1.4693330526351929,204585
2016-02-25,1.4693330526351929,1.496000051498413,1.4666659832000732,1.4786659479141235,410925
2016-02-28,1.4786659479141235,1.5013329982757568,1.4806660413742065,1.4966659545898438,320700
2016-02-29,1.4966659545898438,1.5666660070419312,1.4993330240249634,1.5273330211639404,1030605
2016-03-01,1.5273330211639404,1.6799999475479126,1.5206660032272339,1.6433329582214355,3571275
2016-03-02,1.6433329582214355,1.7653330564498901,1.6153329610824585,1.7193330526351929,3169620
2016-03-03,1.7193330526351929,1.6799999475479126,1.6200000047683716,1.6613329648971558,402750
2016-03-06,1.6613329648971558,1.7259999513626099,1.6866660118103027,1.698665976524353,672600
2016-03-07,1.698665976524353,1.7186659574508667,1.6339999437332153,1.6713329553604126,314205
2016-03-08,1.6713329553604126,1.7239999771118164,1.6993329524993896,1.707332968711853,1771695
2016-03-09,1.707332968711853,1.7113330364227295,1.6813329458236694,1.6979999542236328,729165
2016-03-10,1.6979999542236328,1.7400000095367432,1.7166659832000732,1.7306660413742065,1340415
2016-03-13,1.7306660413742065,1.766666054725647,1.7000000476837158,1.7293330430984497,504135
2016-03-14,1.7293330430984497,1.8166660070419312,1.7506660223007202,1.7960000038146973,1871010
2016-03-15,1.7960000038146973,1.7999999523162842,1.7359999418258667,1.7660000324249268,709410
2016-03-16,1.7660000324249268,1.7533329725265503,1.7000000476837158,1.7333329916000366,1308045
2016-03-17,1.7333329916000366,1.7633329629898071,1.7273329496383667,1.736665964126587,1943700
2016-03-20,1.736665964126587,1.773332953453064,1.687999963760376,1.7319999933242798,879450
2016-03-21,1.7319999933242798,1.72666597366333,1.7000000476837158,1.7086659669876099,971160
2016-03-22,1.7086659669876099,1.7253329753875732,1.675333023071289,1.6813329458236694,2131095
2016-03-23,1.6813329458236694,1.766666054725647,1.675333023071289,1.732666015625,2802705
2016-03-24,1.7913329601287842,1.7999999523162842,1.7400000095367432,1.773332953453064,1315995
2016-03-27,1.773332953453064,1.7920000553131104,1.7000000476837158,1.7333329916000366,1260330
2016-03-28,1.7333329916000366,1.75,1.7066659927368164,1.7346659898757935,194925
2016-03-29,1.7346659898757935,1.7566659450531006,1.7086659669876099,1.73866605758667,893655
2016-03-30,1.73866605758667,1.7400000095367432,1.713333010673523,1.722000002861023,413310
2016-03-31,1.722000002861023,1.7566659450531006,1.715999960899353,1.7413330078125,375450
2016-04-03,1.7413330078125,1.766666054725647,1.7213330268859863,1.7433329820632935,429705
2016-04-04,1.7433329820632935,1.746000051498413,1.7233330011367798,1.7319999933242798,240555
2016-04-05,1.7319999933242798,1.7346659898757935,1.7173329591751099,1.7293330430984497,524145
2016-04-06,1.7293330430984497,1.7246659994125366,1.6533329486846924,1.684000015258789,1474470
2016-04-07,1.684000015258789,1.698665976524353,1.6679999828338623,1.6813329458236694,5309130
2016-04-10,1.6813329458236694,1.6933330297470093,1.676666021347046,1.6866660118103027,268650
2016-04-11,1.6866660118103027,1.694000005722046,1.6686660051345825,1.6779999732971191,778800
2016-04-12,1.6779999732971191,1.694000005722046,1.670665979385376,1.687999963760376,113985
2016-04-13,1.687999963760376,1.7533329725265503,1.7120000123977661,1.736665964126587,832230
2016-04-14,1.736665964126587,1.805999994277954,1.7333329916000366,1.7833329439163208,1953675
2016-04-17,1.7833329439163208,1.8793330192565918,1.7833329439163208,1.8473329544067383,1806060
2016-04-18,1.8473329544067383,1.9093329906463623,1.8339999914169312,1.8653329610824585,826740
2016-04-19,1.8653329610824585,1.878000020980835,1.8466659784317017,1.8660000562667847,455655
2016-04-20,1.8660000562667847,1.8666659593582153,1.8133330345153809,1.835332989692688,483945
2016-04-21,1.835332989692688,1.8799999952316284,1.8333330154418945,1.8666659593582153,1730880
2016-04-24,1.8666659593582153,1.8660000562667847,1.8259999752044678,1.8373329639434814,558960
2016-04-26,1.8373329639434814,1.8373329639434814,1.8373329639434814,1.8373329639434814,0
2016-04-27,1.8406660556793213,1.858665943145752,1.8200000524520874,1.8373329639434814,404235
2016-04-28,1.8373329639434814,1.858665943145752,1.8186659812927246,1.8386659622192383,274695
2016-05-01,1.8386659622192383,1.8386659622192383,1.8386659622192383,1.8386659622192383,0
2016-05-03,1.8386659622192383,1.858665943145752,1.7940000295639038,1.8086659908294678,538365
2016-05-04,1.8086659908294678,1.801332950592041,1.766666054725647,1.781999945640564,502650
2016-05-05,1.781999945640564,1.832666039466858,1.7899999618530273,1.8020000457763672,235905
2016-05-08,1.8020000457763672,1.8233330249786377,1.7999999523162842,1.8046660423278809,89775
2016-05-09,1.8046660423278809,1.8086659908294678,1.797333002090454,1.8053330183029175,442140
2016-05-10,1.8053330183029175,1.8066660165786743,1.7566659450531006,1.7813329696655273,258915
2016-05-11,1.7813329696655273,1.7866660356521606,1.7599999904632568,1.7713329792022705,14265
2016-05-12,1.7713329792022705,1.8066660165786743,1.7766660451889038,1.797333002090454,127620
2016-05-15,1.797333002090454,1.7999999523162842,1.777999997138977,1.7906659841537476,52335
2016-05-16,1.7906659841537476,1.8066660165786743,1.7879999876022339,1.8020000457763672,383160
2016-05-17,1.8020000457763672,1.8833329677581787,1.7999999523162842,1.840000033378601,965955
2016-05-18,1.840000033378601,1.8700000047683716,1.850000023841858,1.8626660108566284,742500
2016-05-19,1.8626660108566284,1.9326659440994263,1.803333044052124,1.8713330030441284,591945
2016-05-22,1.8713330030441284,1.9406659603118896,1.899999976158142,1.9279999732971191,693555
2016-05-23,1.9279999732971191,1.9526660442352295,1.9279999732971191,1.935333013534546,1587060
2016-05-24,1.935333013534546,2.0266659259796143,1.9333330392837524,1.9800000190734863,1334175
2016-05-25,1.9800000190734863,2.1246659755706787,2.0,2.0886659622192383,1895970
2016-05-26,2.0886659622192383,2.0999999046325684,2.0266659259796143,2.062000036239624,514050
2016-05-29,2.062000036239624,2.0859999656677246,1.9900000095367432,2.0193328857421875,513975
2016-05-30,2.0193328857421875,2.0666658878326416,2.0046660900115967,2.0360000133514404,191400
2016-05-31,2.0360000133514404,2.0666658878326416,2.0173330307006836,2.0380001068115234,1522560
2016-06-01,2.0380001068115234,2.053333044052124,2.0226659774780273,2.034666061401367,671670
2016-06-02,2.0380001068115234,2.0380001068115234,2.0380001068115234,2.0380001068115234,0
2016-06-05,2.0420000553131104,2.102665901184082,2.0646660327911377,2.0813329219818115,743265
2016-06-06,2.0813329219818115,2.140000104904175,2.0673329830169678,2.116666078567505,502275
2016-06-07,2.116666078567505,2.131999969482422,2.096666097640991,2.119999885559082,107250
2016-06-08,2.1500000953674316,2.1500000953674316,2.1326661109924316,2.134000062942505,1270350
2016-06-09,2.1886661052703857,2.1886661052703857,2.1406660079956055,2.1659998893737793,475410
2016-06-12,2.1659998893737793,2.2219998836517334,2.1700000762939453,2.1953330039978027,630105
2016-06-13,2.1953330039978027,2.2060000896453857,2.140000104904175,2.174665927886963,1489515
2016-06-14,2.174665927886963,2.174665927886963,2.174665927886963,2.174665927886963,0
2016-06-15,2.1953330039978027,2.1953330039978027,2.1953330039978027,2.1953330039978027,0
2016-06-16,2.1953330039978027,2.1953330039978027,2.1953330039978027,2.1953330039978027,0
2016-06-19,2.1953330039978027,2.1953330039978027,2.1953330039978027,2.1953330039978027,0
2016-06-20,2.0333330631256104,2.0333330631256104,1.987333059310913,2.0046660900115967,1644165
2016-06-21,2.0046660900115967,2.0333330631256104,1.9806660413742065,2.002000093460083,457815
2016-06-22,2.002000093460083,2.0166659355163574,1.9666659832000732,1.9753329753875732,1064250
2016-06-23,1.9753329753875732,1.9753329753875732,1.9753329753875732,1.9753329753875732,0
2016-06-26,1.9753329753875732,1.9753329753875732,1.9753329753875732,1.9753329753875732,0
2016-06-27,1.940000057220459,1.9833329916000366,1.940000057220459,1.957332968711853,83100
2016-06-28,1.957332968711853,1.9733330011367798,1.9626660346984863,1.9666659832000732,337650
2016-06-29,1.9666659832000732,1.9666659832000732,1.9666659832000732,1.9666659832000732,0
2016-06-30,1.9666659832000732,1.9666659832000732,1.9666659832000732,1.9666659832000732,0
2016-07-03,1.965999960899353,2.0799999237060547,2.0,2.0646660327911377,478605
2016-07-04,2.0646660327911377,2.0646660327911377,2.0646660327911377,2.0646660327911377,0
2016-07-05,2.0646660327911377,2.0646660327911377,2.0646660327911377,2.0646660327911377,0
2016-07-10,2.0859999656677246,2.1600000858306885,2.119999885559082,2.1373329162597656,646080
2016-07-11,2.1373329162597656,2.233333110809326,2.0999999046325684,2.1593329906463623,3509355
2016-07-12,2.1593329906463623,2.288666009902954,2.1866660118103027,2.249332904815674,2270865
2016-07-13,2.249332904815674,2.25600004196167,2.233333110809326,2.234666109085083,1083285
2016-07-14,2.234666109085083,2.234666109085083,2.234666109085083,2.234666109085083,0
2016-07-17,2.234666109085083,2.234666109085083,2.234666109085083,2.234666109085083,0
2016-07-18,2.234666109085083,2.234666109085083,2.234666109085083,2.234666109085083,0
2016-07-19,2.290666103363037,2.301332950592041,2.2806661128997803,2.2960000038146973,246705
2016-07-20,2.2960000038146973,2.2960000038146973,2.2960000038146973,2.2960000038146973,0
2016-07-21,2.2960000038146973,2.2960000038146973,2.2960000038146973,2.2960000038146973,0
2016-07-24,2.2960000038146973,2.2960000038146973,2.2960000038146973,2.2960000038146973,0
2016-07-25,2.2786660194396973,2.299999952316284,2.2686660289764404,2.2920000553131104,238980
2016-07-26,2.2920000553131104,2.2920000553131104,2.2920000553131104,2.2920000553131104,0
2016-07-27,2.3306660652160645,2.3986659049987793,2.3326659202575684,2.362665891647339,384240
2016-07-28,2.362665891647339,2.3726658821105957,2.286665916442871,2.3320000171661377,1921890
2016-07-31,2.3320000171661377,2.3320000171661377,2.3320000171661377,2.3320000171661377,0
2016-08-01,2.3986659049987793,2.434000015258789,2.4140000343322754,2.430000066757202,924750
2016-08-02,2.430000066757202,2.4493329524993896,2.366666078567505,2.3940000534057617,484770
2016-08-03,2.3940000534057617,2.4093329906463623,2.373332977294922,2.3906660079956055,106380
2016-08-04,2.3906660079956055,2.3906660079956055,2.3906660079956055,2.3906660079956055,0
2016-08-07,2.3906660079956055,2.3906660079956055,2.3906660079956055,2.3906660079956055,0
2016-08-08,2.3906660079956055,2.3906660079956055,2.3906660079956055,2.3906660079956055,0
2016-08-09,2.5153329372406006,2.5339999198913574,2.4913330078125,2.5299999713897705,2071590
2016-08-10,2.5299999713897705,2.5299999713897705,2.5299999713897705,2.5299999713897705,0
2016-08-11,2.5299999713897705,2.5299999713897705,2.5299999713897705,2.5299999713897705,0
2016-08-14,2.5280001163482666,2.549999952316284,2.5166659355163574,2.532665967941284,176265
2016-08-15,2.532665967941284,2.5333330631256104,2.496000051498413,2.5179998874664307,305460
2016-08-16,2.5179998874664307,2.546665906906128,2.4966659545898438,2.5186660289764404,1407270
2016-08-17,2.5186660289764404,2.5186660289764404,2.5186660289764404,2.5186660289764404,0
2016-08-18,2.497999906539917,2.482666015625,2.4466660022735596,2.4573330879211426,673665
2016-08-21,2.4573330879211426,2.4573330879211426,2.4573330879211426,2.4573330879211426,0
2016-08-22,2.4573330879211426,2.4573330879211426,2.4573330879211426,2.4573330879211426,0
2016-08-23,2.4619998931884766,2.4673330783843994,2.4566659927368164,2.4660000801086426,461160
2016-08-24,2.4660000801086426,2.5333330631256104,2.4660000801086426,2.5126659870147705,610905
2016-08-25,2.5126659870147705,2.558000087738037,2.5213329792022705,2.544666051864624,5740350
2016-08-28,2.544666051864624,2.544666051864624,2.544666051864624,2.544666051864624,0
2016-08-29,2.544666051864624,2.544666051864624,2.544666051864624,2.544666051864624,0
2016-08-30,2.544666051864624,2.544666051864624,2.544666051864624,2.544666051864624,0
2016-08-31,2.5399999618530273,2.559333086013794,2.5266659259796143,2.536665916442871,622095
2016-09-01,2.536665916442871,2.569999933242798,2.536665916442871,2.553333044052124,424125
2016-09-04,2.553333044052124,2.5666658878326416,2.553999900817871,2.5626659393310547,12270
2016-09-05,2.5626659393310547,2.6326661109924316,2.5666658878326416,2.5873329639434814,1904640
2016-09-06,2.5873329639434814,2.6266660690307617,2.5713329315185547,2.6040000915527344,480360
2016-09-07,2.6040000915527344,2.6040000915527344,2.6040000915527344,2.6040000915527344,0
2016-09-08,2.568000078201294,2.534666061401367,2.493333101272583,2.5213329792022705,673575
2016-09-13,2.5213329792022705,2.5213329792022705,2.5213329792022705,2.5213329792022705,0
2016-09-14,2.5213329792022705,2.5793330669403076,2.5133330821990967,2.560666084289551,26445
2016-09-15,2.560666084289551,2.5666658878326416,2.4700000286102295,2.5333330631256104,147990
2016-09-18,2.50333309173584,2.5199999809265137,2.5006659030914307,2.507999897003174,24345
2016-09-19,2.5053329467773438,2.5333330631256104,2.5106658935546875,2.5260000228881836,113250
2016-09-20,2.5260000228881836,2.5260000228881836,2.5260000228881836,2.5260000228881836,0
2016-09-21,2.5260000228881836,2.5260000228881836,2.5260000228881836,2.5260000228881836,0
2016-09-22,2.5260000228881836,2.5260000228881836,2.5260000228881836,2.5260000228881836,0
2016-09-25,2.5260000228881836,2.5260000228881836,2.5260000228881836,2.5260000228881836,0
2016-09-26,2.5260000228881836,2.5260000228881836,2.5260000228881836,2.5260000228881836,0
2016-09-27,2.561332941055298,2.8173329830169678,2.598665952682495,2.731333017349243,86287200
2016-09-28,2.731333017349243,2.6526660919189453,2.619999885559082,2.634000062942505,1040445
2016-09-29,2.634000062942505,2.682666063308716,2.6286659240722656,2.6579999923706055,2568240
2016-10-02,2.6579999923706055,2.6579999923706055,2.6579999923706055,2.6579999923706055,0
2016-10-03,2.6579999923706055,2.6579999923706055,2.6579999923706055,2.6579999923706055,0
2016-10-04,2.686000108718872,2.7320001125335693,2.666666030883789,2.6846659183502197,1246320
2016-10-05,2.6846659183502197,2.6846659183502197,2.6846659183502197,2.6846659183502197,0
2016-10-09,2.6846659183502197,2.6846659183502197,2.6846659183502197,2.6846659183502197,0
2016-10-10,2.7939999103546143,2.8266661167144775,2.7573330402374268,2.801332950592041,782880
2016-10-11,2.801332950592041,2.786665916442871,2.7466659545898438,2.7739999294281006,628110
2016-10-12,2.7739999294281006,2.7739999294281006,2.7739999294281006,2.7739999294281006,0
2016-10-13,2.7739999294281006,2.7739999294281006,2.7739999294281006,2.7739999294281006,0
2016-10-16,2.7553329467773438,2.7833330631256104,2.7566659450531006,2.7673330307006836,3757875
2016-10-17,2.7673330307006836,2.4466660022735596,2.4006659984588623,2.4079999923706055,1839915
2016-10-18,2.4079999923706055,2.4079999923706055,2.4079999923706055,2.4079999923706055,0
2016-10-19,2.368000030517578,2.4633328914642334,2.367332935333252,2.421999931335449,595455
2016-10-20,2.421999931335449,2.5833330154418945,2.433332920074463,2.5239999294281006,697635
2016-10-23,2.5239999294281006,2.549999952316284,2.5333330631256104,2.5360000133514404,149115
2016-10-24,2.5360000133514404,2.5333330631256104,2.49399995803833,2.532665967941284,300375
2016-10-25,2.532665967941284,2.5320000648498535,2.49399995803833,2.507999897003174,177855
2016-10-26,2.507999897003174,2.5333330631256104,2.5006659030914307,2.532665967941284,470550
2016-10-27,2.532665967941284,2.683332920074463,2.5333330631256104,2.628000020980835,797490
2016-10-30,2.628000020980835,2.640000104904175,2.5999999046325684,2.602665901184082,253425
2016-10-31,2.602665901184082,2.6593329906463623,2.631999969482422,2.640000104904175,569895
2016-11-01,2.640000104904175,2.640000104904175,2.624000072479248,2.631999969482422,1021995
2016-11-02,2.631999969482422,2.631999969482422,2.631999969482422,2.631999969482422,0
2016-11-03,2.6080000400543213,2.6080000400543213,2.6080000400543213,2.6080000400543213,31064700
2016-11-06,2.561332941055298,2.5999999046325684,2.4679999351501465,2.552665948867798,222720
2016-11-07,2.552665948867798,2.5999999046325684,2.5339999198913574,2.5673329830169678,823380
2016-11-08,2.5673329830169678,2.5959999561309814,2.5399999618530273,2.5646660327911377,490395
2016-11-09,2.5646660327911377,2.8206660747528076,2.592665910720825,2.7160000801086426,2864430
2016-11-10,2.7160000801086426,2.987333059310913,2.932666063308716,2.98533296585083,1579455
2016-11-13,3.2833330631256104,3.611332893371582,3.233333110809326,3.532665967941284,3915570
2016-11-14,3.532665967941284,3.799999952316284,3.433332920074463,3.5773329734802246,1554945
2016-11-15,3.5773329734802246,3.72933292388916,3.420665979385376,3.5046660900115967,1471575
2016-11-16,3.5046660900115967,3.6600000858306885,3.5353329181671143,3.5460000038146973,512670
2016-11-17,3.5460000038146973,3.5933330059051514,3.4666659832000732,3.480665922164917,715995
2016-11-20,3.480665922164917,3.5266659259796143,3.4666659832000732,3.47933292388916,555000
2016-11-21,3.47933292388916,3.5333330631256104,3.4666659832000732,3.51200008392334,686820
2016-11-22,3.51200008392334,3.51200008392334,3.51200008392334,3.51200008392334,0
2016-11-23,3.532665967941284,3.700000047683716,3.536665916442871,3.6573328971862793,988365
2016-11-24,3.6573328971862793,3.734666109085083,3.544666051864624,3.6346659660339355,1539600
2016-11-27,3.6346659660339355,3.6500000953674316,3.5333330631256104,3.5793330669403076,270735
2016-11-28,3.5793330669403076,3.7233328819274902,3.5566658973693848,3.667332887649536,1060965
2016-11-29,3.667332887649536,3.7593328952789307,3.5999999046325684,3.687333106994629,1205655
2016-11-30,3.687333106994629,4.056000232696533,3.732666015625,3.972666025161743,1828710
2016-12-01,3.972666025161743,3.972666025161743,3.972666025161743,3.972666025161743,0
2016-12-04,4.368666172027588,4.796000003814697,4.499332904815674,4.5893330574035645,1495755
2016-12-05,4.5893330574035645,4.558666229248047,4.139999866485596,4.3379998207092285,765750
2016-12-06,4.3379998207092285,4.400000095367432,4.079999923706055,4.191999912261963,480840
2016-12-07,4.191999912261963,4.233333110809326,3.8166658878326416,3.992666006088257,1243860
2016-12-08,3.992666006088257,4.066666126251221,3.866666078567505,3.981333017349243,3775440
2016-12-11,3.981333017349243,3.981333017349243,3.981333017349243,3.981333017349243,0
2016-12-12,3.981333017349243,3.981333017349243,3.981333017349243,3.981333017349243,0
2016-12-13,4.142665863037109,4.142665863037109,4.0,4.045332908630371,289005
2016-12-14,4.045332908630371,4.125999927520752,3.934000015258789,4.01533317565918,215340
2016-12-15,4.01533317565918,4.01533317565918,4.01533317565918,4.01533317565918,0
2016-12-18,3.99399995803833,4.093332767486572,4.00666618347168,4.037333011627197,64380
2016-12-19,4.037333011627197,4.166666030883789,4.00666618347168,4.101333141326904,1399380
2016-12-20,4.101333141326904,4.251999855041504,4.159999847412109,4.196000099182129,992475
2016-12-21,4.196000099182129,4.266665935516357,4.199999809265137,4.236000061035156,349365
2016-12-22,4.236000061035156,4.606666088104248,4.266665935516357,4.496665954589844,1742580
2016-12-25,4.688665866851807,5.130000114440918,4.680665969848633,4.962666034698486,3889365
2016-12-26,5.130000114440918,5.130000114440918,5.0106658935546875,5.067333221435547,969045
2016-12-27,5.067333221435547,5.266665935516357,5.033332824707031,5.144000053405762,1958835
2016-12-28,5.144000053405762,5.066666126251221,4.866665840148926,4.948666095733643,1125735
2016-12-29,4.948666095733643,4.9679999351501465,4.900666236877441,4.932000160217285,831615
2017-01-02,4.932000160217285,5.166666030883789,4.866665840148926,5.050000190734863,1271085
2017-01-03,5.050000190734863,5.017333030700684,4.933332920074463,4.993332862854004,2728590
2017-01-04,4.993332862854004,5.031332969665527,4.920000076293945,4.97333288192749,243480
2017-01-05,4.97333288192749,5.0,4.926665782928467,4.938665866851807,3235530
2017-01-09,4.975333213806152,5.0,4.906665802001953,4.946000099182129,1287990
2017-01-10,4.946000099182129,5.0,4.900000095367432,4.936666011810303,1027560
2017-01-11,4.936666011810303,5.320000171661377,4.935332775115967,5.168665885925293,3142170
2017-01-12,5.168665885925293,5.363333225250244,5.150000095367432,5.311333179473877,3302775
2017-01-15,5.311333179473877,5.366665840148926,5.233333110809326,5.327332973480225,1267575
2017-01-16,5.327332973480225,5.3333330154418945,5.066666126251221,5.254000186920166,698010
2017-01-17,5.254000186920166,5.266665935516357,5.167333126068115,5.208000183105469,801450
2017-01-18,5.208000183105469,5.313333034515381,5.00066614151001,5.190000057220459,1249485
2017-01-19,5.190000057220459,5.066666126251221,4.867332935333252,4.987332820892334,753210
2017-01-22,4.987332820892334,5.356666088104248,4.933332920074463,5.285999774932861,1914285
2017-01-23,5.285999774932861,5.595333099365234,5.3373332023620605,5.47066593170166,1897215
2017-01-24,5.47066593170166,5.71999979019165,5.510000228881836,5.627333164215088,2764845
2017-01-26,5.627333164215088,5.72333288192749,5.559999942779541,5.604666233062744,1679820
2017-01-29,5.604666233062744,5.604666233062744,5.604666233062744,5.604666233062744,0
2017-01-30,5.668000221252441,5.579999923706055,5.440000057220459,5.492000102996826,549375
2017-01-31,5.492000102996826,5.533332824707031,5.366665840148926,5.4720001220703125,655530
2017-02-01,5.4720001220703125,5.733333110809326,5.47666597366333,5.631332874298096,1253085
2017-02-02,5.631332874298096,6.193999767303467,5.599332809448242,6.02400016784668,2940480
2017-02-05,6.266665935516357,6.8933329582214355,6.266665935516357,6.800000190734863,2773455
2017-02-06,7.340665817260742,8.074666023254395,7.133333206176758,7.679999828338623,3290550
2017-02-07,7.679999828338623,7.800000190734863,6.949999809265137,7.348666191101074,3741945
2017-02-08,7.348666191101074,7.533332824707031,6.900000095367432,7.214000225067139,5898540
2017-02-09,7.214000225067139,7.400000095367432,6.935332775115967,7.169332981109619,3688995
2017-02-12,7.169332981109619,7.1453328132629395,6.567333221435547,6.863333225250244,3930450
2017-02-13,6.863333225250244,6.836666107177734,6.5,6.642000198364258,3871860
2017-02-14,6.642000198364258,6.800000190734863,6.0706658363342285,6.361332893371582,3373200
2017-02-15,6.361332893371582,6.383333206176758,6.1346659660339355,6.258666038513184,2610390
2017-02-16,6.258666038513184,6.453332901000977,6.234665870666504,6.3286662101745605,3363435
2017-02-19,6.3286662101745605,6.433332920074463,6.168000221252441,6.271999835968018,2941140
2017-02-20,6.271999835968018,6.315332889556885,6.0,6.157332897186279,2415870
2017-02-21,6.157332897186279,6.772665977478027,6.263332843780518,6.522665977478027,7281990
2017-02-22,7.174665927886963,7.466666221618652,6.767333030700684,7.131332874298096,10931550
2017-02-23,7.131332874298096,7.199999809265137,6.533332824707031,6.935999870300293,5996775
2017-02-26,6.935999870300293,7.00066614151001,6.544000148773193,6.768665790557861,4575570
2017-02-27,6.768665790557861,6.766665935516357,6.26800012588501,6.522665977478027,2923665
2017-02-28,6.522665977478027,6.552666187286377,6.1433329582214355,6.416666030883789,2197650
2017-03-01,6.416666030883789,6.626666069030762,6.367332935333252,6.469333171844482,1104795
2017-03-02,6.469333171844482,6.733333110809326,6.5,6.593332767486572,5807265
2017-03-05,6.593332767486572,6.666666030883789,6.484000205993652,6.567999839782715,1260465
2017-03-06,6.567999839782715,6.585999965667725,6.426665782928467,6.484665870666504,2692335
2017-03-07,6.484665870666504,6.733333110809326,6.46999979019165,6.600666046142578,4526715
2017-03-08,6.600666046142578,7.199999809265137,6.533332824707031,6.939332962036133,7524840
2017-03-09,7.246665954589844,7.3333330154418945,6.929999828338623,7.116665840148926,7399800
2017-03-12,7.116665840148926,7.086666107177734,6.788000106811523,6.934666156768799,2698680
2017-03-13,6.934666156768799,7.170000076293945,6.933332920074463,7.050665855407715,5966880
2017-03-14,7.050665855407715,7.026666164398193,6.800000190734863,6.918665885925293,3736440
2017-03-15,6.918665885925293,7.03000020980835,6.7779998779296875,6.870666027069092,4160460
2017-03-16,6.870666027069092,7.199999809265137,6.863999843597412,7.046666145324707,6398250
2017-03-19,7.046666145324707,7.316666126251221,7.132666110992432,7.230000019073486,4086495
2017-03-20,7.230000019073486,7.460000038146973,7.071332931518555,7.293333053588867,6180390
2017-03-21,7.293333053588867,7.45866584777832,7.133333206176758,7.228000164031982,4427100
2017-03-22,7.228000164031982,7.199999809265137,6.999332904815674,7.104000091552734,3616545
2017-03-23,7.104000091552734,7.186666011810303,7.047999858856201,7.0920000076293945,2617320
2017-03-26,7.0920000076293945,7.133333206176758,7.0,7.046000003814697,2609595
2017-03-27,7.046000003814697,7.026000022888184,6.800000190734863,6.865333080291748,3850950
2017-03-29,6.865333080291748,6.865333080291748,6.865333080291748,6.865333080291748,0
2017-03-30,6.97066593170166,7.065999984741211,6.916666030883789,6.986666202545166,3598155
2017-04-02,6.986666202545166,7.096665859222412,6.947332859039307,7.020666122436523,1544250
2017-04-03,7.020666122436523,7.065332889556885,6.966666221618652,7.001333236694336,2992650
2017-04-04,7.032666206359863,7.059999942779541,6.883333206176758,6.97599983215332,6352380
2017-04-05,6.97599983215332,7.066666126251221,6.867332935333252,6.96466588973999,3830685
2017-04-06,6.96466588973999,7.313333034515381,6.932665824890137,7.104000091552734,11532015
2017-04-09,7.104000091552734,7.382666110992432,6.986666202545166,7.169332981109619,6522405
2017-04-10,7.169332981109619,7.166666030883789,6.966666221618652,7.056665897369385,2943405
2017-04-11,7.056665897369385,7.133333206176758,7.017333030700684,7.052666187286377,2605560
2017-04-12,7.325333118438721,7.366000175476074,7.008666038513184,7.150666236877441,8098395
2017-04-13,7.150666236877441,7.092666149139404,6.916666030883789,7.0,3488085
2017-04-18,7.0,7.186666011810303,6.866665840148926,6.953999996185303,7320030
2017-04-19,6.953332901000977,6.97333288192749,6.699999809265137,6.800000190734863,1614520
2017-04-20,6.800000190734863,6.800000190734863,6.266665935516357,6.453332901000977,5989657
2017-04-23,6.453332901000977,6.306665897369385,5.933332920074463,6.059999942779541,4880109
2017-04-24,6.059999942779541,6.199999809265137,5.933332920074463,6.039999961853027,2603457
2017-04-26,6.039999961853027,6.353332996368408,6.0,6.21999979019165,6738226
2017-04-27,6.21999979019165,6.340000152587891,6.059999942779541,6.206665992736816,2626060
2017-04-30,6.206665992736816,6.166666030883789,6.0,6.086666107177734,2028222
2017-05-02,6.086666107177734,6.186666011810303,6.019999980926514,6.093332767486572,1311762
2017-05-03,6.093332767486572,6.206665992736816,6.0,6.093332767486572,2922178
2017-05-04,6.093332767486572,6.199999809265137,6.066666126251221,6.133333206176758,2162215
2017-05-07,6.133333206176758,6.199999809265137,6.099999904632568,6.146666049957275,1775254
2017-05-08,6.146666049957275,6.293333053588867,6.166666030883789,6.22666597366333,2496996
2017-05-09,6.22666597366333,6.433332920074463,6.266665935516357,6.366665840148926,3644428
2017-05-10,6.366665840148926,6.400000095367432,6.2133331298828125,6.293333053588867,3054180
2017-05-11,6.293333053588867,6.3933329582214355,6.233333110809326,6.313333034515381,2513649
2017-05-14,6.313333034515381,6.340000152587891,6.21999979019165,6.25333309173584,1215267
2017-05-15,6.25333309173584,6.313333034515381,6.193333148956299,6.22666597366333,1344267
2017-05-16,6.22666597366333,6.286665916442871,6.206665992736816,6.233333110809326,894669
2017-05-17,6.233333110809326,6.266665935516357,6.139999866485596,6.179999828338623,1713487
2017-05-18,6.179999828338623,6.199999809265137,6.099999904632568,6.146666049957275,1277478
2017-05-21,6.146666049957275,6.380000114440918,6.113333225250244,6.313333034515381,2920405
2017-05-22,6.313333034515381,6.260000228881836,5.960000038146973,6.119999885559082,2047053
2017-05-23,6.119999885559082,6.25333309173584,6.106666088104248,6.179999828338623,1265605
2017-05-24,6.179999828338623,6.579999923706055,6.25333309173584,6.440000057220459,5186290
2017-05-25,6.606666088104248,6.659999847412109,6.493332862854004,6.593332767486572,3219471
2017-05-28,6.593332767486572,6.586666107177734,6.413332939147949,6.493332862854004,804595
2017-05-29,6.493332862854004,6.566666126251221,6.366665840148926,6.433332920074463,1396524
2017-05-30,6.433332920074463,6.4466657638549805,6.3333330154418945,6.373332977294922,514093
2017-05-31,6.373332977294922,6.4466657638549805,6.2733330726623535,6.3333330154418945,1452838
2017-06-01,6.3333330154418945,6.466666221618652,6.3333330154418945,6.406665802001953,758707
2017-06-04,6.406665802001953,6.426665782928467,6.346665859222412,6.366665840148926,274587
2017-06-05,6.366665840148926,6.426665782928467,6.28000020980835,6.353332996368408,2747847
2017-06-06,6.353332996368408,6.3866658210754395,6.293333053588867,6.326665878295898,713166
2017-06-07,6.326665878295898,6.373332977294922,6.28000020980835,6.326665878295898,1091053
2017-06-08,6.326665878295898,6.366665840148926,6.300000190734863,6.320000171661377,1296838
2017-06-11,6.320000171661377,6.360000133514404,6.266665935516357,6.286665916442871,1115467
2017-06-12,6.286665916442871,6.466666221618652,6.266665935516357,6.373332977294922,3638491
2017-06-13,6.373332977294922,6.599999904632568,6.373332977294922,6.519999980926514,3940008
2017-06-14,6.519999980926514,6.760000228881836,6.559999942779541,6.659999847412109,4982113
2017-06-15,6.659999847412109,7.146666049957275,6.633333206176758,6.97333288192749,7793935
2017-06-18,7.066666126251221,7.119999885559082,6.853332996368408,6.960000038146973,1320994
2017-06-19,6.960000038146973,6.960000038146973,6.960000038146973,6.960000038146973,0
2017-06-20,6.880000114440918,6.933332920074463,6.786665916442871,6.826665878295898,746917
2017-06-21,6.826665878295898,6.980000019073486,6.800000190734863,6.873332977294922,1045264
2017-06-22,6.873332977294922,6.926665782928467,6.800000190734863,6.826665878295898,682827
2017-06-28,6.826665878295898,6.960000038146973,6.800000190734863,6.8866658210754395,650376
2017-06-29,6.8866658210754395,6.8866658210754395,6.8866658210754395,6.8866658210754395,0
2017-07-02,6.8866658210754395,7.199999809265137,6.926665782928467,7.086666107177734,2260623
2017-07-03,7.086666107177734,7.066666126251221,6.933332920074463,7.00666618347168,1166652
2017-07-04,7.00666618347168,7.22666597366333,7.066666126251221,7.146666049957275,2148234
2017-07-05,7.146666049957275,7.179999828338623,6.980000019073486,7.026666164398193,558276
2017-07-06,7.026666164398193,7.133333206176758,6.966666221618652,7.026666164398193,1218879
2017-07-09,7.026666164398193,7.233333110809326,6.866665840148926,7.073332786560059,2480236
2017-07-10,7.073332786560059,7.186666011810303,7.046666145324707,7.093332767486572,1332409
2017-07-11,7.093332767486572,7.199999809265137,7.0,7.099999904632568,1931020
2017-07-12,7.099999904632568,7.119999885559082,6.960000038146973,7.013332843780518,787530
2017-07-13,7.013332843780518,7.246665954589844,7.033332824707031,7.166666030883789,3381264
2017-07-16,7.166666030883789,7.293333053588867,7.079999923706055,7.159999847412109,2205957
2017-07-17,7.159999847412109,7.166666030883789,6.953332901000977,7.019999980926514,3224680
2017-07-18,7.019999980926514,7.066666126251221,6.800000190734863,6.8933329582214355,1538428
2017-07-19,6.8933329582214355,6.986666202545166,6.873332977294922,6.926665782928467,963949
2017-07-20,6.926665782928467,7.059999942779541,6.900000095367432,6.9466657638549805,788899
2017-07-24,6.9466657638549805,6.993332862854004,6.900000095367432,6.933332920074463,959163
2017-07-25,6.933332920074463,7.013332843780518,6.8866658210754395,6.933332920074463,1593922
2017-07-26,6.933332920074463,7.00666618347168,6.913332939147949,6.97333288192749,1506876
2017-07-27,6.97333288192749,7.026666164398193,6.866665840148926,6.913332939147949,1352154
2017-07-30,6.913332939147949,6.933332920074463,6.800000190734863,6.8333330154418945,979756
2017-07-31,6.8333330154418945,6.926665782928467,6.800000190734863,6.853332996368408,914244
2017-08-01,6.853332996368408,7.00666618347168,6.866665840148926,6.953332901000977,2457186
2017-08-02,6.953332901000977,7.0,6.78000020980835,6.826665878295898,3378918
2017-08-03,6.826665878295898,6.966666221618652,6.820000171661377,6.920000076293945,1474017
2017-08-06,6.920000076293945,7.106666088104248,6.960000038146973,7.026666164398193,2418552
2017-08-07,7.026666164398193,7.026666164398193,7.026666164398193,7.026666164398193,0
2017-08-08,7.093332767486572,7.1533331871032715,7.019999980926514,7.093332767486572,2127646
2017-08-09,7.093332767486572,7.126666069030762,7.026666164398193,7.073332786560059,1108029
2017-08-10,7.073332786560059,7.079999923706055,7.0,7.033332824707031,862222
2017-08-13,7.033332824707031,7.059999942779541,6.8866658210754395,6.9466657638549805,814393
2017-08-14,6.9466657638549805,7.033332824707031,6.900000095367432,6.97333288192749,1154359
2017-08-15,6.97333288192749,6.97333288192749,6.97333288192749,6.97333288192749,0
2017-08-16,7.059999942779541,7.173333168029785,7.026666164398193,7.099999904632568,1118566
2017-08-17,7.099999904632568,7.139999866485596,6.980000019073486,7.079999923706055,1026603
2017-08-20,7.079999923706055,7.173333168029785,6.993332862854004,7.086666107177734,942106
2017-08-21,7.086666107177734,7.113333225250244,6.993332862854004,7.079999923706055,1211832
2017-08-22,7.079999923706055,7.126666069030762,7.053332805633545,7.086666107177734,219100
2017-08-23,7.086666107177734,7.113333225250244,6.933332920074463,6.993332862854004,775542
2017-08-24,6.993332862854004,7.039999961853027,6.853332996368408,6.900000095367432,822970
2017-08-27,6.900000095367432,6.993332862854004,6.920000076293945,6.953332901000977,224266
2017-08-28,6.953332901000977,7.0,6.913332939147949,6.953332901000977,421755
2017-08-29,6.953332901000977,7.019999980926514,6.933332920074463,6.986666202545166,832836
2017-08-30,6.986666202545166,7.013332843780518,6.933332920074463,6.97333288192749,1309233
2017-09-03,6.97333288192749,6.97333288192749,6.97333288192749,6.97333288192749,0
2017-09-04,6.97333288192749,6.97333288192749,6.97333288192749,6.97333288192749,0
2017-09-05,6.97333288192749,7.0,6.880000114440918,6.966666221618652,1790244
2017-09-06,6.966666221618652,6.986666202545166,6.920000076293945,6.953332901000977,660604
2017-09-07,6.953332901000977,7.019999980926514,6.960000038146973,6.993332862854004,2401165
2017-09-10,7.046666145324707,7.113333225250244,7.0,7.039999961853027,809560
2017-09-11,7.039999961853027,7.066666126251221,6.97333288192749,7.00666618347168,1999197
2017-09-12,6.9466657638549805,7.093332767486572,6.880000114440918,6.993332862854004,8780611
2017-09-13,6.993332862854004,7.4466657638549805,7.0,7.239999771118164,12078772
2017-09-14,7.440000057220459,7.646666049957275,7.420000076293945,7.526666164398193,6554145
2017-09-17,7.706665992736816,7.733333110809326,7.433332920074463,7.559999942779541,2505511
2017-09-18,7.559999942779541,7.599999904632568,7.433332920074463,7.5,1848060
2017-09-19,7.5,7.5,7.5,7.5,0
2017-09-20,7.646666049957275,7.800000190734863,7.579999923706055,7.739999771118164,2262759
2017-09-24,7.739999771118164,7.960000038146973,7.7133331298828125,7.826665878295898,1800352
2017-09-25,7.826665878295898,7.8933329582214355,7.686666011810303,7.793333053588867,1290129
2017-09-26,7.793333053588867,8.079999923706055,7.820000171661377,7.966666221618652,3146371
2017-09-27,7.966666221618652,8.00666618347168,7.866665840148926,7.926665782928467,2274981
2017-09-28,7.926665782928467,8.033332824707031,7.880000114440918,7.926665782928467,1220760
2017-10-01,7.926665782928467,8.433333396911621,7.933332920074463,8.260000228881836,3152467
2017-10-02,8.433333396911621,8.5,8.133333206176758,8.319999694824219,1382629
2017-10-03,8.319999694824219,8.380000114440918,8.173333168029785,8.293333053588867,805431
2017-10-04,8.293333053588867,8.859999656677246,8.273332595825195,8.613332748413086,3219891
2017-10-08,8.880000114440918,9.600000381469727,8.880000114440918,9.333333015441895,2831985
2017-10-09,9.333333015441895,9.766666412353516,9.199999809265137,9.399999618530273,3739935
2017-10-10,9.399999618530273,9.5,9.133333206176758,9.266666412353516,2234899
2017-10-11,9.166666030883789,9.266666412353516,9.046666145324707,9.126666069030762,2238463
2017-10-12,9.126666069030762,9.206665992736816,9.100000381469727,9.153332710266113,1125663
2017-10-15,9.153332710266113,9.286665916442871,9.079999923706055,9.15999984741211,2133958
2017-10-16,8.733332633972168,8.733332633972168,8.273332595825195,8.44666576385498,2276199
2017-10-17,8.44666576385498,8.420000076293945,8.033332824707031,8.286665916442871,1626864
2017-10-18,8.286665916442871,8.5,8.233332633972168,8.34666633605957,1184473
2017-10-19,8.34666633605957,8.41333293914795,8.166666030883789,8.233332633972168,1453803
2017-10-22,8.233332633972168,8.260000228881836,8.033332824707031,8.10666561126709,673912
2017-10-23,8.10666561126709,8.5,8.133333206176758,8.286665916442871,2671843
2017-10-24,8.286665916442871,8.633333206176758,8.366665840148926,8.520000457763672,2830905
2017-10-25,8.520000457763672,8.553333282470703,8.399999618530273,8.486665725708008,1444338
2017-10-26,8.486665725708008,8.746665954589844,8.533332824707031,8.686665534973145,3022995
2017-10-29,8.686665534973145,8.880000114440918,8.666666030883789,8.766666412353516,995335
2017-10-30,8.766666412353516,9.039999961853027,8.833333015441895,8.94666576385498,2851917
2017-10-31,8.94666576385498,9.0,8.666666030883789,8.786665916442871,1636308
2017-11-01,8.786665916442871,8.853333473205566,8.626666069030762,8.69333267211914,1111728
2017-11-02,8.69333267211914,8.833333015441895,8.600000381469727,8.699999809265137,1138660
2017-11-05,8.699999809265137,8.766666412353516,8.539999961853027,8.640000343322754,764842
2017-11-06,8.640000343322754,8.800000190734863,8.34000015258789,8.573332786560059,1427418
2017-11-07,8.573332786560059,8.713333129882812,8.453332901000977,8.600000381469727,1409484
2017-11-08,8.600000381469727,8.666666030883789,8.44666576385498,8.526665687561035,1131706
2017-11-09,8.526665687561035,8.739999771118164,8.526665687561035,8.633333206176758,1183350
2017-11-12,8.633333206176758,8.633333206176758,8.373332977294922,8.460000038146973,1097653
2017-11-13,8.460000038146973,8.666666030883789,8.460000038146973,8.566665649414062,1149246
2017-11-14,8.566665649414062,8.566665649414062,8.566665649414062,8.566665649414062,0
2017-11-15,8.539999961853027,9.00666618347168,8.686665534973145,8.833333015441895,4331374
2017-11-16,8.833333015441895,8.906665802001953,8.713333129882812,8.813332557678223,1218103
2017-11-19,8.813332557678223,9.013333320617676,8.733332633972168,8.906665802001953,1435632
2017-11-20,8.906665802001953,8.886666297912598,8.5,8.686665534973145,1314280
2017-11-21,8.686665534973145,8.713333129882812,8.433333396911621,8.546666145324707,1579185
2017-11-22,8.546666145324707,8.586666107177734,8.44666576385498,8.50666618347168,802581
2017-11-23,8.50666618347168,8.766666412353516,8.573332786560059,8.686665534973145,2070738
2017-11-26,8.686665534973145,8.813332557678223,8.600000381469727,8.713333129882812,718632
2017-11-27,8.713333129882812,8.713333129882812,8.713333129882812,8.713333129882812,0
2017-11-28,9.020000457763672,9.133333206176758,8.819999694824219,8.979999542236328,3949371
2017-11-29,8.979999542236328,8.993332862854004,8.766666412353516,8.84666633605957,1953553
2017-11-30,8.84666633605957,8.84666633605957,8.84666633605957,8.84666633605957,0
2017-12-03,8.84666633605957,8.906665802001953,8.779999732971191,8.84000015258789,472116
2017-12-04,8.84000015258789,8.866665840148926,8.653332710266113,8.726666450500488,837090
2017-12-05,8.726666450500488,8.800000190734863,8.600000381469727,8.673333168029785,2171176
2017-12-06,8.673333168029785,8.84666633605957,8.633333206176758,8.720000267028809,3435697
2017-12-07,8.720000267028809,8.733332633972168,8.553333282470703,8.646665573120117,1378495
2017-12-10,8.646665573120117,8.746665954589844,8.619999885559082,8.673333168029785,567655
2017-12-11,8.673333168029785,8.673333168029785,8.673333168029785,8.673333168029785,0
2017-12-12,8.613332748413086,8.699999809265137,8.566665649414062,8.633333206176758,1627864
2017-12-13,8.633333206176758,8.779999732971191,8.600000381469727,8.673333168029785,1656985
2017-12-14,8.673333168029785,8.773332595825195,8.619999885559082,8.69333267211914,2477677
2017-12-17,8.69333267211914,8.786665916442871,8.646665573120117,8.720000267028809,944118
2017-12-18,8.720000267028809,9.199999809265137,8.69333267211914,9.020000457763672,8736480
2017-12-19,9.326665878295898,9.553333282470703,9.173333168029785,9.359999656677246,9658239
2017-12-20,9.359999656677246,9.359999656677246,9.359999656677246,9.359999656677246,0
2017-12-21,9.186665534973145,9.273332595825195,9.066665649414062,9.140000343322754,1290456
2017-12-24,9.140000343322754,9.206665992736816,9.073332786560059,9.133333206176758,1191204
2017-12-25,9.133333206176758,9.233332633972168,9.119999885559082,9.166666030883789,1337962
2017-12-26,9.166666030883789,9.233332633972168,9.10666561126709,9.166666030883789,1676391
2017-12-27,9.166666030883789,9.266666412353516,9.100000381469727,9.173333168029785,1508398
2017-12-28,9.173333168029785,9.300000190734863,9.09333324432373,9.166666030883789,1463568
2017-12-31,9.166666030883789,9.319999694824219,9.186665534973145,9.25333309173584,772879
2018-01-01,9.25333309173584,9.25333309173584,9.25333309173584,9.25333309173584,0
2018-01-02,9.25333309173584,9.25333309173584,9.25333309173584,9.25333309173584,0
2018-01-03,9.206665992736816,9.19333267211914,8.94666576385498,9.033332824707031,2554633
2018-01-04,8.989999771118164,9.130000114440918,8.579999923706055,8.8100004196167,2384814
2018-01-07,8.8100004196167,8.8100004196167,8.8100004196167,8.8100004196167,0
2018-01-08,8.8100004196167,8.850000381469727,8.600000381469727,8.680000305175781,1467480
2018-01-09,8.680000305175781,8.8100004196167,8.649999618530273,8.710000038146973,1119613
2018-01-10,8.710000038146973,8.890000343322754,8.670000076293945,8.800000190734863,1434926
2018-01-11,8.800000190734863,9.199999809265137,8.84000015258789,9.100000381469727,2987175
2018-01-14,9.100000381469727,9.229999542236328,9.039999961853027,9.140000343322754,1060116
2018-01-15,9.140000343322754,9.119999885559082,8.880000114440918,8.960000038146973,812995
2018-01-16,8.960000038146973,9.1899995803833,8.899999618530273,9.050000190734863,1332016
2018-01-17,9.050000190734863,9.420000076293945,9.0,9.289999961853027,3821102
2018-01-18,9.289999961853027,9.5,9.170000076293945,9.319999694824219,2828180
2018-01-21,9.319999694824219,9.319999694824219,9.319999694824219,9.319999694824219,0
2018-01-22,9.15999984741211,9.239999771118164,8.899999618530273,9.029999732971191,2700624
2018-01-23,9.029999732971191,9.149999618530273,9.0,9.0600004196167,933536
2018-01-24,9.0600004196167,9.170000076293945,9.039999961853027,9.100000381469727,692665
2018-01-25,9.100000381469727,9.100000381469727,9.100000381469727,9.100000381469727,0
2018-01-28,9.100000381469727,9.270000457763672,9.100000381469727,9.199999809265137,959704
2018-01-29,9.199999809265137,9.350000381469727,9.170000076293945,9.260000228881836,2742790
2018-01-30,9.260000228881836,9.770000457763672,9.289999961853027,9.550000190734863,6667663
2018-01-31,9.550000190734863,9.890000343322754,9.5,9.710000038146973,2896257
2018-02-01,9.710000038146973,9.729999542236328,9.40999984741211,9.529999732971191,1206552
2018-02-04,9.359999656677246,9.359999656677246,9.130000114440918,9.229999542236328,1705029
2018-02-05,9.229999542236328,9.359999656677246,9.199999809265137,9.289999961853027,1201354
2018-02-06,9.0600004196167,9.329999923706055,8.90999984741211,9.170000076293945,2182224
2018-02-07,9.170000076293945,9.449999809265137,9.109999656677246,9.239999771118164,943013
2018-02-08,9.239999771118164,9.279999732971191,9.109999656677246,9.180000305175781,1611724
2018-02-11,9.109999656677246,9.239999771118164,8.970000267028809,9.09000015258789,1232211
2018-02-12,9.09000015258789,9.3100004196167,9.0600004196167,9.229999542236328,2226390
2018-02-13,9.229999542236328,9.300000190734863,9.029999732971191,9.149999618530273,1658385
2018-02-14,9.149999618530273,9.149999618530273,9.149999618530273,9.149999618530273,0
2018-02-15,9.170000076293945,9.369999885559082,9.149999618530273,9.260000228881836,1355290
2018-02-18,9.260000228881836,9.359999656677246,9.109999656677246,9.1899995803833,1400706
2018-02-19,9.1899995803833,9.239999771118164,9.130000114440918,9.1899995803833,1571157
2018-02-20,9.1899995803833,9.1899995803833,9.1899995803833,9.1899995803833,0
2018-02-21,9.170000076293945,9.1899995803833,9.010000228881836,9.069999694824219,755934
2018-02-22,9.069999694824219,9.149999618530273,8.970000267028809,9.050000190734863,1789854
2018-02-25,9.050000190734863,9.210000038146973,9.100000381469727,9.149999618530273,537315
2018-02-26,9.149999618530273,9.220000267028809,9.069999694824219,9.149999618530273,990915
2018-02-27,9.149999618530273,9.199999809265137,9.0600004196167,9.100000381469727,918652
2018-02-28,9.100000381469727,9.130000114440918,8.970000267028809,9.020000457763672,2094812
2018-03-01,9.020000457763672,9.069999694824219,8.899999618530273,8.960000038146973,1328543
2018-03-04,8.960000038146973,9.229999542236328,8.899999618530273,9.109999656677246,1541763
2018-03-05,9.109999656677246,9.359999656677246,9.130000114440918,9.25,2395668
2018-03-06,9.25,9.260000228881836,9.149999618530273,9.1899995803833,748528
2018-03-07,9.1899995803833,9.220000267028809,9.0600004196167,9.130000114440918,642846
2018-03-08,9.130000114440918,9.149999618530273,8.989999771118164,9.039999961853027,1736865
2018-03-11,9.039999961853027,9.109999656677246,9.0,9.039999961853027,367725
2018-03-12,9.039999961853027,9.350000381469727,9.050000190734863,9.25,2763130
2018-03-13,9.25,9.25,9.25,9.25,0
2018-03-14,9.420000076293945,9.600000381469727,9.229999542236328,9.449999809265137,5199415
2018-03-15,9.449999809265137,9.399999618530273,9.229999542236328,9.329999923706055,1016782
2018-03-18,9.329999923706055,9.449999809265137,9.25,9.319999694824219,1618440
2018-03-19,9.449999809265137,9.449999809265137,9.279999732971191,9.369999885559082,2501976
2018-03-20,9.369999885559082,10.300000190734863,9.399999618530273,9.850000381469727,8971286
2018-03-21,10.470000267028809,10.829999923706055,10.039999961853027,10.4399995803833,5347004
2018-03-22,10.4399995803833,10.550000190734863,10.020000457763672,10.25,3459323
2018-03-25,10.25,10.40999984741211,9.920000076293945,10.25,1980902
2018-03-26,10.25,10.380000114440918,10.100000381469727,10.1899995803833,788261
2018-03-27,10.1899995803833,10.270000457763672,9.920000076293945,10.039999961853027,1851507
2018-03-28,10.029999732971191,10.079999923706055,9.8100004196167,9.90999984741211,898709
2018-03-29,9.899999618530273,10.399999618530273,9.899999618530273,10.1899995803833,2679404
2018-04-01,10.1899995803833,10.930000305175781,10.25,10.670000076293945,3879099
2018-04-02,10.670000076293945,11.3100004196167,10.699999809265137,10.989999771118164,3654479
2018-04-03,10.989999771118164,10.819999694824219,10.369999885559082,10.520000457763672,3073978
2018-04-04,10.520000457763672,10.739999771118164,10.0,10.239999771118164,2591521
2018-04-05,10.239999771118164,10.289999961853027,10.0,10.149999618530273,929620
2018-04-08,10.149999618530273,10.149999618530273,10.149999618530273,10.149999618530273,0
2018-04-09,10.149999618530273,10.149999618530273,10.149999618530273,10.149999618530273,0
2018-04-10,10.149999618530273,10.739999771118164,10.25,10.619999885559082,3009038
2018-04-11,10.619999885559082,11.050000190734863,10.680000305175781,10.890000343322754,4272579
2018-04-12,10.970000267028809,11.34000015258789,10.899999618530273,11.180000305175781,4255165
2018-04-15,11.180000305175781,11.449999809265137,10.850000381469727,11.050000190734863,1339484
2018-04-16,11.050000190734863,11.170000076293945,10.949999809265137,11.039999961853027,838069
2018-04-17,11.039999961853027,11.399999618530273,11.0,11.180000305175781,1808179
2018-04-18,11.180000305175781,11.199999809265137,10.720000267028809,10.890000343322754,1685270
2018-04-19,10.890000343322754,11.0,10.699999809265137,10.84000015258789,1173380
2018-04-22,10.84000015258789,11.199999809265137,10.869999885559082,11.020000457763672,1013496
2018-04-23,11.020000457763672,11.140000343322754,10.869999885559082,11.0,1471209
2018-04-24,11.0,11.1899995803833,10.899999618530273,11.050000190734863,940235
2018-04-25,11.050000190734863,11.050000190734863,11.050000190734863,11.050000190734863,0
2018-04-26,11.050000190734863,11.300000190734863,11.020000457763672,11.119999885559082,954123
2018-04-29,11.119999885559082,11.279999732971191,11.050000190734863,11.100000381469727,522961
2018-04-30,11.100000381469727,11.210000038146973,11.029999732971191,11.130000114440918,576446
2018-05-01,11.130000114440918,11.130000114440918,11.130000114440918,11.130000114440918,0
2018-05-02,11.130000114440918,11.260000228881836,11.0,11.119999885559082,748080
2018-05-03,11.119999885559082,11.149999618530273,10.899999618530273,10.979999542236328,607309
2018-05-06,10.979999542236328,11.399999618530273,10.9399995803833,11.220000267028809,1778335
2018-05-07,11.220000267028809,11.520000457763672,11.020000457763672,11.329999923706055,3229897
2018-05-08,11.329999923706055,11.75,11.4399995803833,11.640000343322754,2534768
2018-05-09,11.640000343322754,12.100000381469727,11.399999618530273,11.779999732971191,3294771
2018-05-10,11.779999732971191,12.100000381469727,11.430000305175781,11.920000076293945,2653850
2018-05-13,11.920000076293945,12.220000267028809,11.979999542236328,12.109999656677246,1167333
2018-05-14,12.109999656677246,12.210000038146973,11.760000228881836,11.9399995803833,1034856
2018-05-15,11.9399995803833,12.09000015258789,11.850000381469727,11.989999771118164,1686066
2018-05-16,11.989999771118164,12.34000015258789,11.899999618530273,12.149999618530273,881413
2018-05-17,12.149999618530273,12.59000015258789,12.199999809265137,12.399999618530273,1162294
2018-05-20,12.399999618530273,12.75,12.460000038146973,12.619999885559082,267824
2018-05-21,12.619999885559082,12.720000267028809,12.470000267028809,12.569999694824219,393437
2018-05-22,12.569999694824219,12.569999694824219,12.329999923706055,12.529999732971191,2890533
2018-05-23,12.529999732971191,12.699999809265137,12.40999984741211,12.59000015258789,523544
2018-05-24,12.59000015258789,12.6899995803833,12.390000343322754,12.510000228881836,511156
2018-05-27,12.510000228881836,12.510000228881836,12.0,12.260000228881836,703881
2018-05-28,12.260000228881836,12.199999809265137,12.029999732971191,12.100000381469727,296259
2018-05-29,12.100000381469727,12.399999618530273,12.140000343322754,12.270000457763672,294572
2018-05-30,12.270000457763672,12.6899995803833,12.229999542236328,12.449999809265137,1602661
2018-05-31,12.449999809265137,12.630000114440918,12.34000015258789,12.489999771118164,1563250
2018-06-03,12.489999771118164,12.630000114440918,12.390000343322754,12.420000076293945,160040
2018-06-04,12.489999771118164,12.630000114440918,12.390000343322754,12.420000076293945,160040
2018-06-05,12.260000228881836,12.300000190734863,11.75,11.859999656677246,1294421
2018-06-06,11.859999656677246,12.180000305175781,11.210000038146973,11.710000038146973,671573
2018-06-07,11.710000038146973,11.600000381469727,11.0,11.359999656677246,1587927
2018-06-10,11.359999656677246,11.640000343322754,11.4399995803833,11.539999961853027,246134
2018-06-11,11.539999961853027,11.539999961853027,11.539999961853027,11.539999961853027,0
2018-06-12,11.6899995803833,11.829999923706055,11.699999809265137,11.75,112699
2018-06-13,11.75,11.899999618530273,11.609999656677246,11.770000457763672,127547
2018-06-14,11.770000457763672,11.75,11.399999618530273,11.520000457763672,1134914
2018-06-17,11.520000457763672,11.520000457763672,11.520000457763672,11.520000457763672,0
2018-06-18,11.520000457763672,11.520000457763672,11.520000457763672,11.520000457763672,0
2018-06-19,11.520000457763672,11.760000228881836,11.449999809265137,11.59000015258789,243509
2018-06-20,11.59000015258789,11.779999732971191,11.529999732971191,11.619999885559082,141082
2018-06-21,11.619999885559082,11.800000190734863,11.579999923706055,11.6899995803833,237438
2018-06-24,11.6899995803833,11.699999809265137,11.460000038146973,11.550000190734863,361681
2018-06-25,11.550000190734863,12.239999771118164,11.59000015258789,11.979999542236328,1270055
2018-06-26,11.979999542236328,12.199999809265137,11.670000076293945,11.920000076293945,628009
2018-06-27,11.920000076293945,12.0,11.460000038146973,11.609999656677246,930860
2018-06-28,11.609999656677246,11.850000381469727,11.600000381469727,11.720000267028809,626994
2018-07-01,11.720000267028809,11.720000267028809,11.720000267028809,11.720000267028809,0
2018-07-02,11.720000267028809,11.960000038146973,11.710000038146973,11.850000381469727,940754
2018-07-03,11.850000381469727,11.899999618530273,11.720000267028809,11.779999732971191,308774
2018-07-04,11.779999732971191,11.75,11.600000381469727,11.670000076293945,213353
2018-07-05,11.670000076293945,11.930000305175781,11.600000381469727,11.710000038146973,1636656
2018-07-08,11.710000038146973,11.880000114440918,11.5,11.640000343322754,477427
2018-07-09,11.640000343322754,11.800000190734863,11.3100004196167,11.609999656677246,521946
2018-07-10,11.609999656677246,12.0,11.680000305175781,11.899999618530273,883200
2018-07-11,11.899999618530273,12.170000076293945,11.800000190734863,11.960000038146973,807728
2018-07-12,11.960000038146973,12.0,11.779999732971191,11.850000381469727,215015
2018-07-15,11.850000381469727,11.899999618530273,11.710000038146973,11.800000190734863,231990
2018-07-16,11.800000190734863,11.800000190734863,11.600000381469727,11.670000076293945,193145
2018-07-17,11.670000076293945,11.680000305175781,11.449999809265137,11.539999961853027,304593
2018-07-18,11.539999961853027,11.789999961853027,11.640000343322754,11.729999542236328,913736
2018-07-19,11.729999542236328,11.760000228881836,11.5600004196167,11.710000038146973,582082
2018-07-22,11.710000038146973,11.649999618530273,11.529999732971191,11.59000015258789,109582
2018-07-23,11.59000015258789,11.59000015258789,11.59000015258789,11.59000015258789,0
2018-07-24,11.59000015258789,11.75,11.550000190734863,11.59000015258789,423679
2018-07-25,11.59000015258789,11.699999809265137,11.100000381469727,11.220000267028809,547196
2018-07-26,11.220000267028809,11.4399995803833,11.069999694824219,11.3100004196167,301327
2018-07-29,11.3100004196167,11.399999618530273,11.199999809265137,11.270000457763672,360832
2018-07-30,11.270000457763672,11.199999809265137,10.800000190734863,10.949999809265137,943442
2018-07-31,10.949999809265137,11.09000015258789,10.920000076293945,11.010000228881836,612866
2018-08-01,11.010000228881836,11.170000076293945,10.869999885559082,10.960000038146973,579162
2018-08-02,10.960000038146973,10.970000267028809,10.800000190734863,10.859999656677246,358333
2018-08-05,10.859999656677246,10.930000305175781,10.470000267028809,10.59000015258789,998046
2018-08-06,10.59000015258789,10.670000076293945,10.4399995803833,10.539999961853027,200004
2018-08-07,10.539999961853027,10.65999984741211,10.5,10.59000015258789,551463
2018-08-08,10.59000015258789,10.760000228881836,10.5600004196167,10.65999984741211,816324
2018-08-09,10.65999984741211,10.850000381469727,10.59000015258789,10.729999542236328,602780
2018-08-12,10.729999542236328,10.829999923706055,10.579999923706055,10.75,645346
2018-08-13,10.75,10.859999656677246,10.5,10.699999809265137,621488
2018-08-14,10.699999809265137,10.859999656677246,10.680000305175781,10.739999771118164,519743
2018-08-15,10.739999771118164,10.800000190734863,10.609999656677246,10.710000038146973,516373
2018-08-16,10.710000038146973,10.75,10.569999694824219,10.609999656677246,225090
2018-08-19,10.609999656677246,10.729999542236328,10.5600004196167,10.619999885559082,92716
2018-08-20,10.619999885559082,10.619999885559082,10.619999885559082,10.619999885559082,0
2018-08-21,10.619999885559082,10.619999885559082,10.619999885559082,10.619999885559082,0
2018-08-22,10.619999885559082,10.619999885559082,10.619999885559082,10.619999885559082,0
2018-08-23,10.619999885559082,10.619999885559082,10.619999885559082,10.619999885559082,0
2018-08-26,10.710000038146973,10.710000038146973,10.710000038146973,10.710000038146973,0
2018-08-27,10.710000038146973,10.710000038146973,10.710000038146973,10.710000038146973,0
2018-08-28,10.710000038146973,10.710000038146973,10.710000038146973,10.710000038146973,0
2018-08-29,10.710000038146973,10.710000038146973,10.710000038146973,10.710000038146973,0
2018-08-30,10.710000038146973,10.710000038146973,10.710000038146973,10.710000038146973,0
2018-09-02,11.510000228881836,11.680000305175781,11.260000228881836,11.359999656677246,270023
2018-09-03,11.359999656677246,11.460000038146973,11.199999809265137,11.300000190734863,562790
2018-09-04,11.300000190734863,11.460000038146973,11.289999961853027,11.369999885559082,1070495
2018-09-05,11.369999885559082,11.550000190734863,11.359999656677246,11.460000038146973,893022
2018-09-06,11.460000038146973,11.600000381469727,11.460000038146973,11.520000457763672,278725
2018-09-09,11.520000457763672,11.789999961853027,11.399999618530273,11.6899995803833,1536443
2018-09-10,11.6899995803833,11.729999542236328,11.0,11.199999809265137,2369333
2018-09-11,11.199999809265137,11.199999809265137,11.199999809265137,11.199999809265137,0
2018-09-12,11.199999809265137,11.199999809265137,10.75,10.9399995803833,1643265
2018-09-13,10.9399995803833,11.069999694824219,10.789999961853027,10.920000076293945,1217642
2018-09-16,10.920000076293945,11.09000015258789,10.630000114440918,10.920000076293945,2167433
2018-09-17,10.920000076293945,11.369999885559082,10.5,11.0600004196167,1931056
2018-09-18,11.0600004196167,11.390000343322754,11.0,11.210000038146973,1436678
2018-09-19,11.210000038146973,11.180000305175781,10.609999656677246,10.899999618530273,3008886
2018-09-20,10.899999618530273,11.260000228881836,10.800000190734863,11.100000381469727,9317862
2018-09-23,11.100000381469727,11.180000305175781,10.949999809265137,11.020000457763672,163516
2018-09-24,11.020000457763672,11.170000076293945,10.949999809265137,11.0600004196167,955506
2018-09-25,11.0600004196167,11.170000076293945,11.020000457763672,11.079999923706055,1007334
2018-09-26,11.079999923706055,11.140000343322754,10.979999542236328,11.039999961853027,1142694
2018-09-27,11.039999961853027,11.180000305175781,10.930000305175781,11.029999732971191,911681
2018-09-30,11.029999732971191,11.210000038146973,11.020000457763672,11.109999656677246,1028227
2018-10-01,11.109999656677246,10.569999694824219,10.25,10.390000343322754,804772
2018-10-02,10.390000343322754,10.600000381469727,10.300000190734863,10.5,716428
2018-10-03,10.5,10.800000190734863,10.600000381469727,10.739999771118164,1013555
2018-10-04,10.739999771118164,10.789999961853027,10.619999885559082,10.720000267028809,537948
2018-10-08,10.720000267028809,10.699999809265137,10.25,10.40999984741211,656034
2018-10-09,10.40999984741211,10.5,10.100000381469727,10.220000267028809,901262
2018-10-10,10.220000267028809,10.25,9.850000381469727,9.949999809265137,1052633
2018-10-11,9.949999809265137,9.859999656677246,9.5,9.670000076293945,469699
2018-10-15,9.859999656677246,9.739999771118164,9.520000457763672,9.630000114440918,71609
2018-10-16,9.630000114440918,9.920000076293945,9.699999809265137,9.800000190734863,267286
2018-10-17,9.800000190734863,9.850000381469727,9.710000038146973,9.770000457763672,69047
2018-10-18,9.770000457763672,10.170000076293945,9.649999618530273,9.90999984741211,951777
2018-10-21,9.90999984741211,9.699999809265137,9.449999809265137,9.600000381469727,290415
2018-10-23,8.789999961853027,8.789999961853027,7.760000228881836,7.949999809265137,10635820
2018-10-24,7.949999809265137,7.860000133514404,7.159999847412109,7.449999809265137,5133008
2018-10-25,7.449999809265137,7.199999809265137,6.860000133514404,7.059999942779541,5588156
2018-10-28,7.059999942779541,7.21999979019165,6.929999828338623,7.03000020980835,3331424
2018-10-29,7.03000020980835,7.039999961853027,6.820000171661377,6.900000095367432,4024515
2018-10-30,6.900000095367432,7.019999980926514,6.809999942779541,6.920000076293945,3039055
2018-10-31,6.920000076293945,7.090000152587891,6.920000076293945,6.989999771118164,2380735
2018-11-01,6.989999771118164,7.050000190734863,6.900000095367432,6.96999979019165,1643007
2018-11-04,6.96999979019165,7.010000228881836,6.900000095367432,6.960000038146973,934473
2018-11-05,6.960000038146973,7.090000152587891,6.96999979019165,7.03000020980835,1543960
2018-11-06,7.03000020980835,7.489999771118164,7.070000171661377,7.28000020980835,5300807
2018-11-07,7.28000020980835,7.5,7.21999979019165,7.380000114440918,3733243
2018-11-08,7.380000114440918,7.380000114440918,7.099999904632568,7.210000038146973,2625016
2018-11-11,7.210000038146973,7.210000038146973,7.03000020980835,7.090000152587891,1050024
2018-11-12,7.090000152587891,7.179999828338623,7.090000152587891,7.139999866485596,1160672
2018-11-13,7.139999866485596,7.159999847412109,6.900000095367432,6.980000019073486,1604023
2018-11-14,6.980000019073486,6.949999809265137,6.840000152587891,6.900000095367432,1081559
2018-11-15,6.900000095367432,7.03000020980835,6.900000095367432,6.960000038146973,882659
2018-11-18,6.960000038146973,7.090000152587891,6.980000019073486,7.03000020980835,1074814
2018-11-19,7.03000020980835,7.179999828338623,7.0,7.079999923706055,2154234
2018-11-20,7.079999923706055,7.079999923706055,7.079999923706055,7.079999923706055,0
2018-11-21,7.079999923706055,7.03000020980835,6.949999809265137,6.989999771118164,1675947
2018-11-22,6.989999771118164,7.090000152587891,6.880000114440918,6.949999809265137,1971611
2018-11-25,6.949999809265137,6.900000095367432,6.5,6.690000057220459,1967716
2018-11-26,6.690000057220459,6.699999809265137,6.489999771118164,6.579999923706055,1438187
2018-11-27,6.579999923706055,6.659999847412109,6.539999961853027,6.599999904632568,1364660
2018-11-28,6.599999904632568,6.730000019073486,6.539999961853027,6.639999866485596,1562716
2018-11-29,6.639999866485596,6.670000076293945,6.510000228881836,6.559999942779541,839024
2018-12-02,6.559999942779541,6.539999961853027,6.429999828338623,6.46999979019165,581129
2018-12-03,6.46999979019165,6.650000095367432,6.260000228881836,6.510000228881836,1595641
2018-12-04,6.510000228881836,6.389999866485596,6.090000152587891,6.179999828338623,1685294
2018-12-05,6.179999828338623,6.150000095367432,5.920000076293945,6.050000190734863,1678532
2018-12-06,6.050000190734863,6.139999866485596,5.889999866485596,5.989999771118164,1522596
2018-12-09,5.989999771118164,5.929999828338623,5.75,5.840000152587891,552522
2018-12-10,5.840000152587891,6.239999771118164,5.880000114440918,6.110000133514404,2456294
2018-12-11,6.110000133514404,6.260000228881836,6.119999885559082,6.190000057220459,1086879
2018-12-12,6.190000057220459,6.309999942779541,6.090000152587891,6.210000038146973,2064128
2018-12-13,6.210000038146973,6.389999866485596,6.199999809265137,6.300000190734863,1822060
2018-12-16,6.300000190734863,6.389999866485596,6.130000114440918,6.269999980926514,1360717
2018-12-17,6.269999980926514,6.460000038146973,6.329999923706055,6.409999847412109,1458586
2018-12-18,6.409999847412109,6.559999942779541,6.329999923706055,6.489999771118164,3410922
2018-12-19,6.489999771118164,6.539999961853027,6.28000020980835,6.389999866485596,1790343
2018-12-20,6.389999866485596,6.400000095367432,6.21999979019165,6.329999923706055,1208538
2018-12-23,6.329999923706055,6.380000114440918,6.130000114440918,6.230000019073486,1205168
2018-12-24,6.230000019073486,6.260000228881836,6.090000152587891,6.170000076293945,925620
2018-12-25,6.170000076293945,6.190000057220459,6.070000171661377,6.119999885559082,1468297
2018-12-26,6.119999885559082,6.25,6.130000114440918,6.190000057220459,1281136
2018-12-27,6.190000057220459,6.260000228881836,6.150000095367432,6.199999809265137,1344651
2018-12-30,6.199999809265137,6.230000019073486,6.139999866485596,6.170000076293945,516100
2018-12-31,6.170000076293945,6.28000020980835,6.199999809265137,6.239999771118164,1234263
2019-01-01,6.239999771118164,6.239999771118164,6.239999771118164,6.239999771118164,0
2019-01-02,6.239999771118164,6.449999809265137,6.28000020980835,6.380000114440918,2520824
2019-01-03,6.380000114440918,6.559999942779541,6.400000095367432,6.480000019073486,2718795
2019-01-06,6.480000019073486,6.599999904632568,6.460000038146973,6.510000228881836,1021300
2019-01-07,6.510000228881836,6.510000228881836,6.510000228881836,6.510000228881836,0
2019-01-08,6.510000228881836,6.630000114440918,6.489999771118164,6.579999923706055,2281604
2019-01-09,6.579999923706055,6.659999847412109,6.449999809265137,6.570000171661377,1583727
2019-01-10,6.570000171661377,6.550000190734863,6.449999809265137,6.489999771118164,576363
2019-01-13,6.489999771118164,6.579999923706055,6.429999828338623,6.489999771118164,641310
2019-01-14,6.489999771118164,6.5,6.28000020980835,6.360000133514404,2241496
2019-01-15,6.360000133514404,6.400000095367432,6.300000190734863,6.329999923706055,355936
2019-01-16,6.329999923706055,6.400000095367432,6.239999771118164,6.300000190734863,733285
2019-01-17,6.300000190734863,6.369999885559082,6.199999809265137,6.239999771118164,703602
2019-01-20,6.239999771118164,6.309999942779541,6.139999866485596,6.190000057220459,582382
2019-01-21,6.190000057220459,6.21999979019165,6.139999866485596,6.179999828338623,375764
2019-01-22,6.179999828338623,6.21999979019165,6.070000171661377,6.130000114440918,583671
2019-01-23,6.130000114440918,6.099999904632568,5.519999980926514,5.679999828338623,8850026
2019-01-24,5.679999828338623,5.679999828338623,5.679999828338623,5.679999828338623,0
2019-01-27,5.679999828338623,5.769999980926514,5.599999904632568,5.679999828338623,2043221
2019-01-28,5.679999828338623,5.710000038146973,5.550000190734863,5.590000152587891,1904046
2019-01-29,5.590000152587891,5.699999809265137,5.570000171661377,5.639999866485596,1831083
2019-01-30,5.639999866485596,5.849999904632568,5.690000057220459,5.769999980926514,2896784
2019-01-31,5.769999980926514,5.789999961853027,5.659999847412109,5.71999979019165,1491874
2019-02-03,5.71999979019165,5.849999904632568,5.710000038146973,5.769999980926514,1194664
2019-02-04,5.769999980926514,5.900000095367432,5.75,5.829999923706055,1813655
2019-02-05,5.829999923706055,6.090000152587891,5.900000095367432,6.010000228881836,5966223
2019-02-06,6.010000228881836,6.119999885559082,5.960000038146973,6.039999961853027,2357137
2019-02-07,6.039999961853027,6.190000057220459,6.03000020980835,6.119999885559082,2706608
2019-02-10,6.119999885559082,6.21999979019165,6.090000152587891,6.150000095367432,1989461
2019-02-11,6.150000095367432,6.179999828338623,6.03000020980835,6.110000133514404,2138431
2019-02-12,6.110000133514404,6.190000057220459,6.070000171661377,6.150000095367432,1691396
2019-02-13,6.150000095367432,6.360000133514404,6.150000095367432,6.28000020980835,3554376
2019-02-14,6.28000020980835,6.440000057220459,6.28000020980835,6.349999904632568,2237272
2019-02-17,6.349999904632568,6.429999828338623,6.300000190734863,6.349999904632568,1240030
2019-02-18,6.349999904632568,6.420000076293945,6.269999980926514,6.349999904632568,1449521
2019-02-19,6.349999904632568,6.360000133514404,6.28000020980835,6.300000190734863,718625
2019-02-20,6.300000190734863,6.369999885559082,6.230000019073486,6.269999980926514,1661850
2019-02-21,6.269999980926514,6.409999847412109,6.210000038146973,6.269999980926514,1371732
2019-02-24,6.269999980926514,6.269999980926514,6.179999828338623,6.21999979019165,714036
2019-02-25,6.21999979019165,6.289999961853027,6.150000095367432,6.21999979019165,811316
2019-02-26,6.21999979019165,6.340000152587891,6.170000076293945,6.230000019073486,830943
2019-02-27,6.230000019073486,6.25,6.170000076293945,6.190000057220459,898816
2019-02-28,6.190000057220459,6.199999809265137,6.059999942779541,6.130000114440918,831215
2019-03-03,6.130000114440918,6.190000057220459,5.880000114440918,5.989999771118164,1315749
2019-03-04,5.989999771118164,6.039999961853027,5.809999942779541,5.909999847412109,1409011
2019-03-05,5.909999847412109,6.0,5.849999904632568,5.900000095367432,1327913
2019-03-06,5.900000095367432,5.960000038146973,5.840000152587891,5.869999885559082,975064
2019-03-07,5.869999885559082,6.0,5.900000095367432,5.949999809265137,1354487
2019-03-10,5.949999809265137,6.079999923706055,5.989999771118164,6.039999961853027,920540
2019-03-11,6.039999961853027,6.119999885559082,5.980000019073486,6.03000020980835,2120499
2019-03-12,6.03000020980835,6.079999923706055,5.96999979019165,6.010000228881836,1059406
2019-03-13,6.010000228881836,6.090000152587891,5.929999828338623,6.0,914767
2019-03-14,6.0,6.309999942779541,5.989999771118164,6.190000057220459,8593970
2019-03-17,6.190000057220459,6.320000171661377,6.190000057220459,6.25,2170478
2019-03-18,6.25,6.360000133514404,6.170000076293945,6.260000228881836,2287131
2019-03-19,6.260000228881836,6.239999771118164,6.059999942779541,6.110000133514404,1156121
2019-03-20,6.110000133514404,6.210000038146973,6.090000152587891,6.130000114440918,2880932
2019-03-21,6.130000114440918,6.170000076293945,6.079999923706055,6.130000114440918,704179
2019-03-24,6.130000114440918,6.21999979019165,6.050000190734863,6.099999904632568,526688
2019-03-25,6.099999904632568,6.079999923706055,5.900000095367432,5.949999809265137,1623087
2019-03-26,5.949999809265137,6.0,5.849999904632568,5.929999828338623,514415
2019-03-27,5.929999828338623,6.03000020980835,5.880000114440918,5.909999847412109,761849
2019-03-28,5.909999847412109,6.019999980926514,5.880000114440918,5.960000038146973,553591
2019-03-31,5.960000038146973,6.119999885559082,5.960000038146973,6.039999961853027,764255
2019-04-01,6.039999961853027,6.019999980926514,5.929999828338623,5.989999771118164,389280
2019-04-02,5.989999771118164,6.079999923706055,5.980000019073486,6.010000228881836,337411
2019-04-03,6.010000228881836,6.239999771118164,5.989999771118164,6.119999885559082,2505977
2019-04-04,6.119999885559082,6.269999980926514,6.119999885559082,6.210000038146973,1414812
2019-04-07,6.210000038146973,6.269999980926514,6.079999923706055,6.150000095367432,771247
2019-04-08,6.150000095367432,6.199999809265137,6.050000190734863,6.119999885559082,362371
2019-04-09,6.119999885559082,6.190000057220459,6.019999980926514,6.119999885559082,670111
2019-04-10,6.119999885559082,6.239999771118164,6.130000114440918,6.179999828338623,1504887
2019-04-11,6.179999828338623,6.210000038146973,6.139999866485596,6.170000076293945,373737
2019-04-14,6.170000076293945,6.210000038146973,6.130000114440918,6.170000076293945,208191
2019-04-15,6.170000076293945,6.150000095367432,6.079999923706055,6.099999904632568,413241
2019-04-16,6.099999904632568,6.179999828338623,6.010000228881836,6.099999904632568,1133896
2019-04-17,6.099999904632568,6.159999847412109,6.0,6.090000152587891,1131932
2019-04-18,6.090000152587891,6.150000095367432,5.679999828338623,5.909999847412109,5496578
2019-04-21,5.909999847412109,5.800000190734863,5.659999847412109,5.710000038146973,678811
2019-04-22,5.710000038146973,5.800000190734863,5.659999847412109,5.730000019073486,419327
2019-04-23,5.730000019073486,5.769999980926514,5.550000190734863,5.630000114440918,868355
2019-04-24,5.630000114440918,5.659999847412109,5.559999942779541,5.610000133514404,699041
2019-04-25,5.610000133514404,5.610000133514404,5.610000133514404,5.610000133514404,0
2019-04-28,5.610000133514404,5.610000133514404,5.610000133514404,5.610000133514404,0
2019-04-29,5.610000133514404,5.610000133514404,5.610000133514404,5.610000133514404,0
2019-04-30,5.610000133514404,5.650000095367432,5.519999980926514,5.559999942779541,566336
2019-05-01,5.559999942779541,5.559999942779541,5.559999942779541,5.559999942779541,0
2019-05-02,5.559999942779541,5.619999885559082,5.519999980926514,5.559999942779541,345427
2019-05-05,5.559999942779541,5.550000190734863,5.269999980926514,5.340000152587891,979964
2019-05-06,5.340000152587891,5.300000190734863,5.019999980926514,5.130000114440918,514336
2019-05-07,5.130000114440918,5.130000114440918,4.860000133514404,5.0,575346
2019-05-08,5.0,4.900000095367432,4.5,4.610000133514404,1533298
2019-05-09,4.610000133514404,4.699999809265137,4.300000190734863,4.53000020980835,1151568
2019-05-12,4.53000020980835,4.699999809265137,4.559999942779541,4.599999904632568,756523
2019-05-13,4.599999904632568,4.559999942779541,4.389999866485596,4.460000038146973,799994
2019-05-14,4.460000038146973,4.570000171661377,4.429999828338623,4.480000019073486,527593
2019-05-15,4.480000019073486,4.539999961853027,4.25,4.320000171661377,626369
2019-05-16,4.320000171661377,4.349999904632568,4.059999942779541,4.159999847412109,1115785
2019-05-19,4.159999847412109,4.159999847412109,3.8499999046325684,4.0,2624619
2019-05-20,4.0,3.950000047683716,3.809999942779541,3.869999885559082,1005280
2019-05-21,3.869999885559082,4.25,3.9200000762939453,4.139999866485596,4037671
2019-05-22,4.139999866485596,4.449999809265137,4.260000228881836,4.369999885559082,1840731
2019-05-23,4.369999885559082,4.690000057220459,4.380000114440918,4.570000171661377,2540357
2019-05-26,4.570000171661377,4.800000190734863,4.650000095367432,4.739999771118164,987788
2019-05-27,4.739999771118164,4.739999771118164,4.5,4.590000152587891,1813381
2019-05-28,4.590000152587891,4.920000076293945,4.659999847412109,4.820000171661377,2518454
2019-05-29,4.820000171661377,5.0,4.679999828338623,4.840000152587891,1559668
2019-05-30,4.840000152587891,4.789999961853027,4.510000228881836,4.630000114440918,850949
2019-06-02,4.630000114440918,4.599999904632568,4.46999979019165,4.539999961853027,274057
2019-06-03,4.539999961853027,4.630000114440918,4.53000020980835,4.599999904632568,526761
2019-06-04,4.599999904632568,4.599999904632568,4.599999904632568,4.599999904632568,0
2019-06-05,4.599999904632568,4.599999904632568,4.599999904632568,4.599999904632568,0
2019-06-06,4.599999904632568,4.599999904632568,4.599999904632568,4.599999904632568,0
2019-06-09,4.599999904632568,4.75,4.630000114440918,4.710000038146973,362598
2019-06-10,4.710000038146973,4.849999904632568,4.699999809265137,4.730000019073486,2790019
2019-06-11,4.730000019073486,4.800000190734863,4.539999961853027,4.630000114440918,1920216
2019-06-12,4.630000114440918,4.639999866485596,4.550000190734863,4.599999904632568,527348
2019-06-13,4.599999904632568,4.630000114440918,4.480000019073486,4.53000020980835,1053440
2019-06-16,4.53000020980835,4.679999828338623,4.519999980926514,4.610000133514404,794123
2019-06-17,4.610000133514404,4.659999847412109,4.579999923706055,4.610000133514404,470130
2019-06-18,4.610000133514404,4.630000114440918,4.5,4.559999942779541,426143
2019-06-19,4.559999942779541,4.619999885559082,4.460000038146973,4.53000020980835,679544
2019-06-20,4.53000020980835,4.590000152587891,4.449999809265137,4.53000020980835,964220
2019-06-23,4.53000020980835,4.610000133514404,4.480000019073486,4.53000020980835,366980
2019-06-24,4.53000020980835,4.599999904632568,4.420000076293945,4.489999771118164,359480
2019-06-25,4.489999771118164,4.53000020980835,4.300000190734863,4.349999904632568,605811
2019-06-26,4.349999904632568,4.510000228881836,4.389999866485596,4.449999809265137,318396
2019-06-27,4.449999809265137,4.570000171661377,4.420000076293945,4.5,658525
2019-06-30,4.5,4.5,4.5,4.5,0
2019-07-01,4.5,4.5,4.5,4.5,0
2019-07-02,4.5,4.579999923706055,4.46999979019165,4.53000020980835,695626
2019-07-03,4.53000020980835,4.579999923706055,4.480000019073486,4.53000020980835,918794
2019-07-04,4.53000020980835,4.559999942779541,4.360000133514404,4.429999828338623,761554
2019-07-07,4.429999828338623,4.5,4.380000114440918,4.420000076293945,108535
2019-07-08,4.420000076293945,4.489999771118164,4.420000076293945,4.449999809265137,280215
2019-07-09,4.449999809265137,4.519999980926514,4.409999847412109,4.449999809265137,921111
2019-07-10,4.449999809265137,4.429999828338623,4.320000171661377,4.380000114440918,397694
2019-07-11,4.380000114440918,4.400000095367432,4.079999923706055,4.170000076293945,1077809
2019-07-14,4.170000076293945,4.21999979019165,4.0,4.070000171661377,459153
2019-07-15,4.070000171661377,4.170000076293945,4.0,4.110000133514404,649473
2019-07-16,4.110000133514404,4.190000057220459,4.079999923706055,4.130000114440918,283379
2019-07-17,4.130000114440918,4.159999847412109,4.039999961853027,4.079999923706055,489100
2019-07-18,4.079999923706055,4.150000095367432,4.050000190734863,4.090000152587891,185362
2019-07-21,4.090000152587891,4.050000190734863,3.990000009536743,4.010000228881836,746885
2019-07-22,4.010000228881836,4.079999923706055,4.0,4.03000020980835,543151
2019-07-23,4.03000020980835,4.03000020980835,4.03000020980835,4.03000020980835,0
2019-07-24,4.03000020980835,4.119999885559082,3.9000000953674316,4.010000228881836,764653
2019-07-25,4.010000228881836,3.9800000190734863,3.869999885559082,3.9000000953674316,556531
2019-07-28,3.9000000953674316,3.9700000286102295,3.819999933242798,3.880000114440918,435674
2019-07-29,3.880000114440918,3.950000047683716,3.819999933242798,3.859999895095825,715768
2019-07-30,3.859999895095825,3.9000000953674316,3.5999999046325684,3.75,1071755
2019-07-31,3.75,3.7300000190734863,3.549999952316284,3.6500000953674316,904337
2019-08-01,3.6500000953674316,3.809999942779541,3.6600000858306885,3.7200000286102295,1358774
2019-08-04,3.7200000286102295,3.7799999713897705,3.6700000762939453,3.7200000286102295,681059
2019-08-05,3.7200000286102295,3.700000047683716,3.630000114440918,3.6500000953674316,802688
2019-08-06,3.6500000953674316,3.819999933242798,3.619999885559082,3.7300000190734863,949327
2019-08-07,3.7300000190734863,3.859999895095825,3.7200000286102295,3.819999933242798,1907409
2019-08-08,3.819999933242798,4.179999828338623,3.869999885559082,4.03000020980835,2916350
2019-08-11,4.03000020980835,4.03000020980835,4.03000020980835,4.03000020980835,0
2019-08-12,4.03000020980835,4.03000020980835,4.03000020980835,4.03000020980835,0
2019-08-13,4.03000020980835,4.03000020980835,4.03000020980835,4.03000020980835,0
2019-08-14,4.03000020980835,4.400000095367432,4.130000114440918,4.28000020980835,1859030
2019-08-15,4.28000020980835,4.349999904632568,4.139999866485596,4.210000038146973,1390640
2019-08-18,4.210000038146973,4.320000171661377,4.21999979019165,4.269999980926514,1007379
2019-08-19,4.269999980926514,4.340000152587891,4.190000057220459,4.269999980926514,1026446
2019-08-20,4.269999980926514,4.639999866485596,4.380000114440918,4.53000020980835,4962497
2019-08-21,4.53000020980835,4.690000057220459,4.5,4.599999904632568,2674761
2019-08-22,4.599999904632568,4.639999866485596,4.519999980926514,4.559999942779541,1015816
2019-08-25,4.559999942779541,4.659999847412109,4.380000114440918,4.480000019073486,1241869
2019-08-26,4.480000019073486,4.460000038146973,4.360000133514404,4.409999847412109,995586
2019-08-27,4.409999847412109,4.460000038146973,4.300000190734863,4.360000133514404,1630994
2019-08-28,4.360000133514404,4.480000019073486,4.340000152587891,4.420000076293945,1663389
2019-08-29,4.420000076293945,4.510000228881836,4.360000133514404,4.420000076293945,2541650
2019-09-01,4.420000076293945,4.420000076293945,4.420000076293945,4.420000076293945,0
2019-09-02,4.449999809265137,4.559999942779541,4.400000095367432,4.489999771118164,2580550
2019-09-03,4.489999771118164,4.670000076293945,4.53000020980835,4.610000133514404,4115568
2019-09-04,4.610000133514404,4.650000095367432,4.539999961853027,4.590000152587891,916102
2019-09-05,4.590000152587891,4.599999904632568,4.550000190734863,4.570000171661377,684164
2019-09-08,4.570000171661377,4.610000133514404,4.539999961853027,4.570000171661377,438305
2019-09-09,4.570000171661377,4.650000095367432,4.559999942779541,4.610000133514404,886744
2019-09-10,4.610000133514404,4.670000076293945,4.579999923706055,4.630000114440918,1206070
2019-09-11,4.630000114440918,4.619999885559082,4.480000019073486,4.53000020980835,1486984
2019-09-12,4.53000020980835,4.550000190734863,4.460000038146973,4.489999771118164,917120
2019-09-15,4.489999771118164,4.519999980926514,4.429999828338623,4.460000038146973,195603
2019-09-16,4.460000038146973,4.579999923706055,4.460000038146973,4.510000228881836,768783
2019-09-17,4.510000228881836,4.559999942779541,4.159999847412109,4.349999904632568,1390671
2019-09-18,4.349999904632568,4.349999904632568,4.150000095367432,4.210000038146973,844753
2019-09-19,4.210000038146973,4.329999923706055,3.799999952316284,4.289999961853027,789629
2019-09-22,4.289999961853027,4.199999809265137,3.7799999713897705,3.890000104904175,1734601
2019-09-23,3.890000104904175,3.990000009536743,3.609999895095825,3.7899999618530273,1881483
2019-09-24,3.7899999618530273,3.8499999046325684,3.6500000953674316,3.75,1228002
2019-09-25,3.75,3.930000066757202,3.75,3.859999895095825,700043
2019-09-26,3.859999895095825,3.9600000381469727,3.819999933242798,3.9100000858306885,773708
2019-09-29,3.9100000858306885,4.230000019073486,4.0,4.150000095367432,1928539
2019-09-30,4.150000095367432,4.28000020980835,4.150000095367432,4.21999979019165,867853
2019-10-01,4.21999979019165,4.309999942779541,4.170000076293945,4.269999980926514,450817
2019-10-02,4.269999980926514,4.230000019073486,4.110000133514404,4.150000095367432,516779
2019-10-03,4.150000095367432,4.260000228881836,4.050000190734863,4.179999828338623,1433860
2019-10-07,4.179999828338623,4.400000095367432,4.269999980926514,4.329999923706055,1176284
2019-10-08,4.329999923706055,4.369999885559082,4.230000019073486,4.300000190734863,654653
2019-10-09,4.300000190734863,4.309999942779541,4.199999809265137,4.260000228881836,619624
2019-10-10,4.260000228881836,4.369999885559082,4.260000228881836,4.309999942779541,862209
2019-10-13,4.309999942779541,4.320000171661377,4.25,4.289999961853027,528829
2019-10-14,4.289999961853027,4.380000114440918,4.239999771118164,4.309999942779541,1186878
2019-10-15,4.309999942779541,4.389999866485596,4.300000190734863,4.349999904632568,863900
2019-10-16,4.349999904632568,4.5,4.389999866485596,4.440000057220459,1765127
2019-10-17,4.440000057220459,4.489999771118164,4.360000133514404,4.409999847412109,1187017
2019-10-20,4.409999847412109,4.449999809265137,4.340000152587891,4.400000095367432,1351165
2019-10-21,4.400000095367432,4.46999979019165,4.360000133514404,4.400000095367432,2261924
2019-10-22,4.400000095367432,4.150000095367432,4.059999942779541,4.099999904632568,1290865
2019-10-23,4.099999904632568,4.070000171661377,4.019999980926514,4.039999961853027,397912
2019-10-24,4.039999961853027,4.079999923706055,4.03000020980835,4.039999961853027,255598
2019-10-27,4.039999961853027,4.090000152587891,4.03000020980835,4.050000190734863,489509
2019-10-28,4.050000190734863,4.090000152587891,4.050000190734863,4.059999942779541,414022
2019-10-29,4.059999942779541,4.320000171661377,4.079999923706055,4.239999771118164,6921281
2019-10-30,4.239999771118164,4.440000057220459,4.25,4.360000133514404,5511693
2019-10-31,4.360000133514404,4.630000114440918,4.260000228881836,4.480000019073486,7168991
2019-11-03,4.480000019073486,4.800000190734863,4.610000133514404,4.71999979019165,6375632
2019-11-04,4.71999979019165,4.710000038146973,4.480000019073486,4.550000190734863,1990674
2019-11-05,4.550000190734863,4.699999809265137,4.489999771118164,4.590000152587891,3355420
2019-11-06,4.590000152587891,4.880000114440918,4.590000152587891,4.789999961853027,6077899
2019-11-07,4.789999961853027,4.980000019073486,4.760000228881836,4.889999866485596,7180081
2019-11-11,4.889999866485596,4.800000190734863,4.610000133514404,4.679999828338623,5277759
2019-11-12,4.679999828338623,4.650000095367432,4.510000228881836,4.579999923706055,2568240
2019-11-13,4.579999923706055,4.639999866485596,4.449999809265137,4.519999980926514,3754732
2019-11-14,4.519999980926514,4.5,4.099999904632568,4.340000152587891,3183747
2019-11-17,4.340000152587891,4.369999885559082,4.130000114440918,4.199999809265137,2729825
2019-11-18,4.199999809265137,4.230000019073486,4.099999904632568,4.139999866485596,1099752
2019-11-19,4.139999866485596,4.21999979019165,4.110000133514404,4.150000095367432,920707
2019-11-20,4.150000095367432,4.239999771118164,4.150000095367432,4.199999809265137,1598722
2019-11-21,4.199999809265137,4.269999980926514,4.159999847412109,4.230000019073486,1445231
2019-11-24,4.230000019073486,4.300000190734863,4.199999809265137,4.260000228881836,869993
2019-11-25,4.260000228881836,4.260000228881836,4.159999847412109,4.190000057220459,800854
2019-11-26,4.190000057220459,4.199999809265137,3.869999885559082,4.0,8742120
2019-11-27,4.0,3.9700000286102295,3.799999952316284,3.869999885559082,3569625
2019-11-28,3.869999885559082,3.950000047683716,3.8399999141693115,3.9000000953674316,1140087
2019-12-01,3.9000000953674316,3.950000047683716,3.819999933242798,3.880000114440918,1146795
2019-12-02,3.880000114440918,3.880000114440918,3.549999952316284,3.690000057220459,3462211
2019-12-03,3.690000057220459,3.799999952316284,3.549999952316284,3.680000066757202,1906062
2019-12-04,3.680000066757202,3.880000114440918,3.7100000381469727,3.799999952316284,2089922
2019-12-05,3.799999952316284,3.9700000286102295,3.740000009536743,3.8499999046325684,3775926
2019-12-08,3.8499999046325684,3.869999885559082,3.7300000190734863,3.7799999713897705,910012
2019-12-09,3.7799999713897705,3.799999952316284,3.6600000858306885,3.7100000381469727,1206811
2019-12-10,3.7100000381469727,3.7699999809265137,3.700000047683716,3.7300000190734863,1199907
2019-12-11,3.7300000190734863,3.880000114440918,3.619999885559082,3.7300000190734863,3114520
2019-12-12,3.7300000190734863,3.7300000190734863,3.6500000953674316,3.690000057220459,753652
2019-12-15,3.690000057220459,3.740000009536743,3.680000066757202,3.7100000381469727,681724
2019-12-16,3.7100000381469727,3.740000009536743,3.6700000762939453,3.7100000381469727,1221214
2019-12-17,3.7100000381469727,3.7899999618530273,3.700000047683716,3.759999990463257,1254547
2019-12-18,3.759999990463257,3.8499999046325684,3.759999990463257,3.819999933242798,1456574
2019-12-19,3.819999933242798,3.819999933242798,3.7200000286102295,3.75,1495303
2019-12-22,3.75,3.8299999237060547,3.75,3.799999952316284,1360659
2019-12-23,3.799999952316284,3.799999952316284,3.700000047683716,3.740000009536743,832404
2019-12-24,3.740000009536743,3.7200000286102295,3.6600000858306885,3.690000057220459,262771
2019-12-25,3.690000057220459,3.759999990463257,3.690000057220459,3.7300000190734863,711052
2019-12-26,3.7300000190734863,3.740000009536743,3.690000057220459,3.7100000381469727,365740
2019-12-29,3.7100000381469727,3.759999990463257,3.6500000953674316,3.680000066757202,748548
2019-12-30,3.680000066757202,3.7100000381469727,3.6500000953674316,3.680000066757202,541615
2019-12-31,3.680000066757202,3.7300000190734863,3.5999999046325684,3.630000114440918,1486070
2020-01-02,3.630000114440918,3.700000047683716,3.5999999046325684,3.640000104904175,445065
2020-01-05,3.640000104904175,3.569999933242798,3.2200000286102295,3.319999933242798,2740470
2020-01-06,3.319999933242798,3.319999933242798,3.0999999046325684,3.240000009536743,1856229
2020-01-08,3.240000009536743,3.4000000953674316,3.1600000858306885,3.3299999237060547,1385996
2020-01-09,3.3299999237060547,3.5199999809265137,3.4200000762939453,3.4700000286102295,1564728
2020-01-12,3.4700000286102295,3.5399999618530273,3.440000057220459,3.5,928472
2020-01-13,3.5,3.5399999618530273,3.4200000762939453,3.450000047683716,782533
2020-01-14,3.450000047683716,3.5,3.4200000762939453,3.450000047683716,252078
2020-01-15,3.450000047683716,3.4800000190734863,3.4000000953674316,3.440000057220459,567061
2020-01-16,3.440000057220459,3.4700000286102295,3.4200000762939453,3.430000066757202,155109
2020-01-19,3.430000066757202,3.5,3.380000114440918,3.440000057220459,678237
2020-01-20,3.440000057220459,3.4000000953674316,3.309999942779541,3.3399999141693115,282218
2020-01-21,3.3399999141693115,3.3299999237060547,3.2200000286102295,3.2899999618530273,733106
2020-01-22,3.2899999618530273,3.4000000953674316,3.319999933242798,3.359999895095825,385075
2020-01-23,3.359999895095825,3.4000000953674316,3.3299999237060547,3.369999885559082,419566
2020-01-26,3.369999885559082,3.450000047683716,3.3499999046325684,3.390000104904175,363463
2020-01-27,3.390000104904175,3.4200000762939453,3.2899999618530273,3.319999933242798,468737
2020-01-28,3.319999933242798,3.390000104904175,3.299999952316284,3.3499999046325684,352781
2020-01-29,3.3499999046325684,3.549999952316284,3.359999895095825,3.4700000286102295,2034364
2020-01-30,3.4700000286102295,3.7300000190734863,3.509999990463257,3.6500000953674316,4897224
2020-02-02,3.6500000953674316,3.630000114440918,3.509999990463257,3.569999933242798,1160986
2020-02-03,3.569999933242798,3.569999933242798,3.569999933242798,3.569999933242798,0
2020-02-04,3.640000104904175,3.6600000858306885,3.5399999618530273,3.5799999237060547,826880
2020-02-05,3.5799999237060547,3.619999885559082,3.5399999618530273,3.569999933242798,640298
2020-02-06,3.569999933242798,3.569999933242798,3.569999933242798,3.569999933242798,0
2020-02-09,3.5799999237060547,3.6500000953674316,3.5299999713897705,3.5799999237060547,790573
2020-02-10,3.5799999237060547,3.5799999237060547,3.450000047683716,3.4800000190734863,645997
2020-02-11,3.4800000190734863,3.5299999713897705,3.4100000858306885,3.450000047683716,1207148
2020-02-12,3.450000047683716,3.440000057220459,3.3299999237060547,3.359999895095825,1244054
2020-02-13,3.359999895095825,3.4000000953674316,3.309999942779541,3.3399999141693115,784131
2020-02-16,3.3399999141693115,3.319999933242798,3.190000057220459,3.2300000190734863,1064174
2020-02-17,3.2300000190734863,3.369999885559082,3.2300000190734863,3.299999952316284,424272
2020-02-18,3.299999952316284,3.3299999237060547,3.1600000858306885,3.200000047683716,759973
2020-02-19,3.200000047683716,3.25,3.1700000762939453,3.2100000381469727,368451
2020-02-20,3.2100000381469727,3.25,3.2100000381469727,3.2200000286102295,227539
2020-02-23,3.2200000286102295,3.259999990463257,3.1500000953674316,3.190000057220459,468370
2020-02-24,3.190000057220459,3.1500000953674316,3.009999990463257,3.069999933242798,1256923
2020-02-25,3.069999933242798,3.1500000953674316,3.069999933242798,3.109999895095825,1139294
2020-02-26,3.109999895095825,3.109999895095825,3.109999895095825,3.109999895095825,0
2020-02-27,3.0299999713897705,3.0799999237060547,2.880000114440918,2.940000057220459,1720820
2020-03-01,2.940000057220459,2.7899999618530273,2.6500000953674316,2.6700000762939453,1486674
2020-03-02,2.6700000762939453,2.75,2.4100000858306885,2.5899999141693115,1741613
2020-03-03,2.5899999141693115,2.690000057220459,2.5999999046325684,2.640000104904175,959679
2020-03-04,2.640000104904175,2.6500000953674316,2.5399999618530273,2.569999933242798,2228408
2020-03-05,2.569999933242798,2.6700000762939453,2.609999895095825,2.6500000953674316,1039357
2020-03-08,2.6500000953674316,2.5,2.4000000953674316,2.440000057220459,745286
2020-03-09,2.440000057220459,2.299999952316284,2.200000047683716,2.2300000190734863,1689670
2020-03-10,2.2300000190734863,2.3399999141693115,2.119999885559082,2.2300000190734863,1858866
2020-03-11,2.2300000190734863,2.3299999237060547,2.0999999046325684,2.180000066757202,2893418
2020-03-15,2.180000066757202,2.059999942779541,1.850000023841858,1.899999976158142,2335434
2020-03-16,1.899999976158142,1.899999976158142,1.7100000381469727,1.75,2396915
2020-03-17,1.75,1.7200000286102295,1.600000023841858,1.6399999856948853,1347192
2020-03-18,1.6399999856948853,1.7200000286102295,1.5,1.559999942779541,1944737
2020-03-19,1.559999942779541,1.7100000381469727,1.409999966621399,1.6200000047683716,2004237
2020-03-22,1.6200000047683716,1.7699999809265137,1.659999966621399,1.74399995803833,1619666
2020-03-23,1.74399995803833,2.0179998874664307,1.809999942779541,1.9279999732971191,2248429
2020-03-24,1.9279999732971191,2.0199999809265137,1.8819999694824219,1.9600000381469727,1639887
2020-03-25,1.9600000381469727,2.1500000953674316,1.9910000562667847,2.0850000381469727,2361831
2020-03-26,2.0850000381469727,2.180000066757202,2.0999999046325684,2.1510000228881836,1522932
2020-03-29,2.1510000228881836,2.1500000953674316,2.059999942779541,2.109999895095825,968385
2020-03-30,2.109999895095825,2.109999895095825,2.049999952316284,2.069999933242798,750101
2020-03-31,2.069999933242798,2.200000047683716,2.109999895095825,2.1600000858306885,1300823
2020-04-01,2.1600000858306885,2.1700000762939453,2.0799999237060547,2.109999895095825,1291744
2020-04-02,2.109999895095825,2.1700000762939453,2.109999895095825,2.140000104904175,1549977
2020-04-05,2.140000104904175,2.1500000953674316,2.0299999713897705,2.059999942779541,1829783
2020-04-06,2.059999942779541,2.240000009536743,2.069999933242798,2.1700000762939453,3356404
2020-04-07,2.1700000762939453,2.380000114440918,2.200000047683716,2.309999942779541,3067046
2020-04-08,2.309999942779541,2.430000066757202,2.309999942779541,2.369999885559082,2680873
2020-04-09,2.369999885559082,2.4200000762939453,2.2899999618530273,2.3399999141693115,1099177
2020-04-12,2.3399999141693115,2.3499999046325684,2.25,2.2699999809265137,1779360
2020-04-13,2.2699999809265137,2.3499999046325684,2.2799999713897705,2.319999933242798,2216966
2020-04-14,2.319999933242798,2.4700000286102295,2.309999942779541,2.4000000953674316,3646362
2020-04-15,2.4000000953674316,2.450000047683716,2.3299999237060547,2.369999885559082,2172802
2020-04-16,2.369999885559082,2.4000000953674316,2.3299999237060547,2.359999895095825,1454122
2020-04-21,2.359999895095825,2.309999942779541,2.1700000762939453,2.259999990463257,1623385
2020-04-22,2.259999990463257,2.309999942779541,2.180000066757202,2.25,2251149
2020-04-23,2.25,2.369999885559082,2.2699999809265137,2.3399999141693115,1537224
2020-04-26,2.3399999141693115,2.4600000381469727,2.380000114440918,2.430000066757202,2337605
2020-04-27,2.430000066757202,2.450000047683716,2.3299999237060547,2.369999885559082,1576759
2020-04-28,2.369999885559082,2.440000057220459,2.3399999141693115,2.4100000858306885,1703254
2020-04-29,2.4100000858306885,2.569999933242798,2.4000000953674316,2.490000009536743,7625575
2020-04-30,2.490000009536743,2.690000057220459,2.490000009536743,2.609999895095825,8833198
2020-05-03,2.609999895095825,2.700000047683716,2.4100000858306885,2.559999942779541,4580235
2020-05-04,2.559999942779541,2.569999933242798,2.3499999046325684,2.440000057220459,2633916
2020-05-05,2.440000057220459,2.5199999809265137,2.4100000858306885,2.4800000190734863,2098370
2020-05-06,2.4800000190734863,2.609999895095825,2.509999990463257,2.569999933242798,4189478
2020-05-07,2.569999933242798,2.549999952316284,2.319999933242798,2.369999885559082,4890668
2020-05-10,2.369999885559082,2.4100000858306885,2.2699999809265137,2.319999933242798,1857581
2020-05-11,2.319999933242798,2.3399999141693115,2.190000057220459,2.2699999809265137,1235324
2020-05-12,2.2699999809265137,2.4000000953674316,2.3499999046325684,2.369999885559082,1075065
2020-05-13,2.369999885559082,2.380000114440918,2.2100000381469727,2.2899999618530273,955635
2020-05-14,2.2899999618530273,2.319999933242798,2.2100000381469727,2.240000009536743,1526420
2020-05-17,2.240000009536743,2.2799999713897705,2.2200000286102295,2.240000009536743,614172
2020-05-18,2.240000009536743,2.2799999713897705,2.200000047683716,2.2100000381469727,802114
2020-05-19,2.2100000381469727,2.299999952316284,2.240000009536743,2.259999990463257,636182
2020-05-20,2.259999990463257,2.25,2.2100000381469727,2.2200000286102295,415457
2020-05-21,2.2200000286102295,2.2699999809265137,2.190000057220459,2.2300000190734863,1138651
2020-05-31,2.2300000190734863,2.3399999141693115,2.2699999809265137,2.309999942779541,1359455
2020-06-01,2.309999942779541,2.359999895095825,2.259999990463257,2.3299999237060547,966362
2020-06-02,2.3299999237060547,2.430000066757202,2.3399999141693115,2.4000000953674316,2050067
2020-06-03,2.4000000953674316,2.509999990463257,2.4100000858306885,2.4600000381469727,3359014
2020-06-04,2.4600000381469727,2.5,2.4100000858306885,2.450000047683716,2503068
2020-06-07,2.450000047683716,2.609999895095825,2.490000009536743,2.549999952316284,4599171
2020-06-08,2.549999952316284,2.6600000858306885,2.5299999713897705,2.609999895095825,3880097
2020-06-09,2.609999895095825,2.619999885559082,2.490000009536743,2.549999952316284,1818314
2020-06-10,2.549999952316284,2.5399999618530273,2.450000047683716,2.490000009536743,875477
2020-06-11,2.490000009536743,2.450000047683716,2.299999952316284,2.369999885559082,4996014
2020-06-14,2.369999885559082,2.380000114440918,2.299999952316284,2.3399999141693115,1343919
2020-06-15,2.3399999141693115,2.390000104904175,2.299999952316284,2.3399999141693115,1034250
2020-06-16,2.3399999141693115,2.4200000762939453,2.359999895095825,2.380000114440918,1184471
2020-06-17,2.380000114440918,2.4000000953674316,2.3299999237060547,2.359999895095825,979501
2020-06-18,2.359999895095825,2.390000104904175,2.3299999237060547,2.359999895095825,1045363
2020-06-21,2.359999895095825,2.369999885559082,2.2899999618530273,2.3399999141693115,993578
2020-06-22,2.3399999141693115,2.4100000858306885,2.2699999809265137,2.319999933242798,1681802
2020-06-23,2.319999933242798,2.3499999046325684,2.2699999809265137,2.299999952316284,1351825
2020-06-24,2.299999952316284,2.390000104904175,2.319999933242798,2.359999895095825,1604753
2020-06-25,2.359999895095825,2.359999895095825,2.2799999713897705,2.309999942779541,1268625
2020-06-28,2.309999942779541,2.3299999237060547,2.2699999809265137,2.2899999618530273,818732
2020-06-29,2.2899999618530273,2.309999942779541,2.25,2.2699999809265137,1371981
2020-06-30,2.2699999809265137,2.299999952316284,2.25,2.2699999809265137,1230133
2020-07-05,2.2699999809265137,2.440000057220459,2.299999952316284,2.390000104904175,4338070
2020-07-06,2.390000104904175,2.430000066757202,2.369999885559082,2.4000000953674316,3040699
2020-07-07,2.4000000953674316,2.440000057220459,2.3399999141693115,2.4000000953674316,1856265
2020-07-08,2.4000000953674316,2.440000057220459,2.3399999141693115,2.4000000953674316,1791781
2020-07-09,2.4000000953674316,2.380000114440918,2.259999990463257,2.2899999618530273,3712875
2020-07-12,2.2899999618530273,2.390000104904175,2.309999942779541,2.359999895095825,2207759
2020-07-13,2.359999895095825,2.509999990463257,2.359999895095825,2.450000047683716,9452127
2020-07-14,2.450000047683716,2.4700000286102295,2.3499999046325684,2.4100000858306885,3747129
2020-07-15,2.4100000858306885,2.4200000762939453,2.1700000762939453,2.240000009536743,4258848
2020-07-16,2.240000009536743,2.2899999618530273,2.1700000762939453,2.240000009536743,2029533
2020-07-19,2.240000009536743,2.2799999713897705,2.0999999046325684,2.180000066757202,2172763
2020-07-20,2.180000066757202,2.2300000190734863,2.1600000858306885,2.200000047683716,1216499
2020-07-21,2.200000047683716,2.2799999713897705,2.2100000381469727,2.25,1876150
2020-07-22,2.25,2.2799999713897705,2.240000009536743,2.259999990463257,1335827
2020-07-26,2.259999990463257,2.359999895095825,2.259999990463257,2.319999933242798,3452452
2020-07-27,2.319999933242798,2.369999885559082,2.2899999618530273,2.3299999237060547,1478009
2020-07-28,2.3299999237060547,2.390000104904175,2.2899999618530273,2.359999895095825,1896240
2020-07-29,2.359999895095825,2.4600000381469727,2.359999895095825,2.4100000858306885,6447967
2020-08-04,2.4100000858306885,2.4700000286102295,2.4100000858306885,2.430000066757202,3641575
2020-08-05,2.430000066757202,2.440000057220459,2.359999895095825,2.4000000953674316,1821695
2020-08-06,2.4000000953674316,2.450000047683716,2.390000104904175,2.4100000858306885,1475088
2020-08-09,2.4100000858306885,2.490000009536743,2.390000104904175,2.450000047683716,5054174
2020-08-10,2.450000047683716,2.569999933242798,2.440000057220459,2.509999990463257,10310941
2020-08-11,2.509999990463257,2.5999999046325684,2.5299999713897705,2.559999942779541,4723796
2020-08-12,2.559999942779541,2.569999933242798,2.4800000190734863,2.5199999809265137,2563010
2020-08-13,2.5199999809265137,2.5199999809265137,2.4600000381469727,2.5,1904510
2020-08-16,2.5,2.5999999046325684,2.5,2.559999942779541,3459917
2020-08-17,2.559999942779541,2.5899999141693115,2.4600000381469727,2.5299999713897705,2016319
2020-08-18,2.5299999713897705,2.5299999713897705,2.450000047683716,2.490000009536743,1314107
2020-08-19,2.490000009536743,2.559999942779541,2.5,2.5299999713897705,2530561
2020-08-23,2.5299999713897705,2.7799999713897705,2.559999942779541,2.700000047683716,9820975
2020-08-24,2.700000047683716,2.859999895095825,2.7100000381469727,2.7899999618530273,7025372
2020-08-25,2.7899999618530273,2.880000114440918,2.7300000190734863,2.809999942779541,4960063
2020-08-26,2.809999942779541,2.8299999237060547,2.7100000381469727,2.7699999809265137,4417486
2020-08-27,2.7699999809265137,2.8399999141693115,2.7100000381469727,2.7899999618530273,3408699
2020-08-30,2.7899999618530273,2.930000066757202,2.7799999713897705,2.869999885559082,8068451
2020-08-31,2.869999885559082,2.940000057220459,2.7799999713897705,2.8299999237060547,3565037
2020-09-01,2.8299999237060547,2.8299999237060547,2.7200000286102295,2.7799999713897705,1991647
2020-09-02,2.7799999713897705,2.930000066757202,2.75,2.869999885559082,4026694
2020-09-03,2.869999885559082,2.930000066757202,2.7699999809265137,2.8499999046325684,2458088
2020-09-06,2.8499999046325684,2.75,2.630000114440918,2.690000057220459,4951468
2020-09-07,2.690000057220459,2.75,2.5999999046325684,2.6500000953674316,3035303
2020-09-08,2.6500000953674316,2.680000066757202,2.4600000381469727,2.5399999618530273,4301543
2020-09-09,2.5399999618530273,2.5399999618530273,2.5399999618530273,2.5399999618530273,0
2020-09-10,2.5799999237060547,2.690000057220459,2.609999895095825,2.6500000953674316,3253117
2020-09-13,2.6500000953674316,2.700000047683716,2.609999895095825,2.6500000953674316,1903254
2020-09-14,2.6500000953674316,2.6700000762939453,2.5299999713897705,2.569999933242798,1730412
2020-09-15,2.569999933242798,2.619999885559082,2.5399999618530273,2.5799999237060547,1669364
2020-09-16,2.5799999237060547,2.619999885559082,2.549999952316284,2.5899999141693115,1295046
2020-09-17,2.5899999141693115,2.5999999046325684,2.549999952316284,2.569999933242798,1131723
2020-09-20,2.569999933242798,2.640000104904175,2.559999942779541,2.5999999046325684,1534628
2020-09-21,2.5999999046325684,2.6500000953674316,2.4600000381469727,2.5399999618530273,2040047
2020-09-22,2.5399999618530273,2.7899999618530273,2.4600000381469727,2.7200000286102295,9226512
2020-09-23,2.7200000286102295,2.9100000858306885,2.7100000381469727,2.7799999713897705,5666766
2020-09-24,2.7799999713897705,2.8299999237060547,2.6600000858306885,2.75,2869554
2020-09-27,2.75,2.799999952316284,2.6700000762939453,2.7100000381469727,1156418
2020-09-28,2.7100000381469727,2.75,2.6500000953674316,2.690000057220459,1287108
2020-09-29,2.690000057220459,2.700000047683716,2.619999885559082,2.6500000953674316,1410060
2020-09-30,2.6500000953674316,2.6500000953674316,2.5899999141693115,2.619999885559082,1171689
2020-10-01,2.619999885559082,2.7100000381469727,2.640000104904175,2.6700000762939453,1337557
2020-10-04,2.6700000762939453,2.759999990463257,2.6500000953674316,2.700000047683716,2474272
2020-10-05,2.700000047683716,2.700000047683716,2.640000104904175,2.6700000762939453,1010710
2020-10-06,2.6700000762939453,2.6700000762939453,2.6700000762939453,2.6700000762939453,0
2020-10-07,2.6700000762939453,2.7100000381469727,2.6600000858306885,2.690000057220459,1311701
2020-10-11,2.690000057220459,2.75,2.680000066757202,2.7200000286102295,1485340
2020-10-12,2.7200000286102295,2.819999933242798,2.700000047683716,2.7699999809265137,3902808
2020-10-13,2.7699999809265137,2.740000009536743,2.6600000858306885,2.690000057220459,1103487
2020-10-14,2.690000057220459,2.7200000286102295,2.6700000762939453,2.700000047683716,1774430
2020-10-15,2.700000047683716,2.7300000190734863,2.640000104904175,2.680000066757202,2415698
2020-10-18,2.680000066757202,2.700000047683716,2.5999999046325684,2.6500000953674316,1214288
2020-10-19,2.6500000953674316,2.640000104904175,2.559999942779541,2.5999999046325684,1802185
2020-10-20,2.5999999046325684,2.5999999046325684,2.5299999713897705,2.559999942779541,722136
2020-10-21,2.559999942779541,2.5799999237060547,2.4000000953674316,2.5,1770526
2020-10-22,2.5,2.509999990463257,2.3299999237060547,2.4000000953674316,2396909
2020-10-25,2.4000000953674316,2.4100000858306885,2.299999952316284,2.369999885559082,1201086
2020-10-26,2.369999885559082,2.440000057220459,2.3499999046325684,2.390000104904175,905644
2020-10-27,2.390000104904175,2.4700000286102295,2.390000104904175,2.4200000762939453,2680379
2020-10-28,2.4200000762939453,2.430000066757202,2.359999895095825,2.390000104904175,1155889
2020-11-01,2.390000104904175,2.359999895095825,2.309999942779541,2.3299999237060547,664239
2020-11-02,2.3299999237060547,2.5,2.319999933242798,2.4000000953674316,3546454
2020-11-03,2.4000000953674316,2.430000066757202,2.309999942779541,2.390000104904175,887885
2020-11-04,2.390000104904175,2.4000000953674316,2.369999885559082,2.390000104904175,102453
2020-11-05,2.390000104904175,2.4200000762939453,2.359999895095825,2.369999885559082,555748
2020-11-08,2.369999885559082,2.4100000858306885,2.359999895095825,2.380000114440918,408709
2020-11-09,2.380000114440918,2.4700000286102295,2.4100000858306885,2.440000057220459,2097237
2020-11-10,2.440000057220459,2.5399999618530273,2.4800000190734863,2.509999990463257,3033220
2020-11-11,2.509999990463257,2.5799999237060547,2.4800000190734863,2.5399999618530273,2407773
2020-11-12,2.5399999618530273,2.5899999141693115,2.5299999713897705,2.559999942779541,1068179
2020-11-15,2.559999942779541,2.5999999046325684,2.5299999713897705,2.559999942779541,1505188
2020-11-16,2.559999942779541,2.5899999141693115,2.5399999618530273,2.569999933242798,942409
2020-11-17,2.569999933242798,2.630000114440918,2.559999942779541,2.5899999141693115,2847916
2020-11-18,2.5899999141693115,2.569999933242798,2.5199999809265137,2.549999952316284,1577550
2020-11-19,2.549999952316284,2.569999933242798,2.490000009536743,2.5199999809265137,1213945
2020-11-22,2.5199999809265137,2.5199999809265137,2.4800000190734863,2.490000009536743,741538
2020-11-23,2.490000009536743,2.549999952316284,2.490000009536743,2.509999990463257,2004409
2020-11-24,2.509999990463257,2.5999999046325684,2.5299999713897705,2.569999933242798,2340736
2020-11-25,2.569999933242798,2.6500000953674316,2.559999942779541,2.609999895095825,4483975
2020-11-26,2.609999895095825,2.75,2.549999952316284,2.6700000762939453,10258103
2020-11-29,2.6700000762939453,2.799999952316284,2.7100000381469727,2.759999990463257,4742946
2020-11-30,2.759999990463257,2.7799999713897705,2.6600000858306885,2.690000057220459,2942999
2020-12-01,2.690000057220459,2.7300000190734863,2.6600000858306885,2.700000047683716,1898807
2020-12-02,2.700000047683716,2.7300000190734863,2.619999885559082,2.6700000762939453,3644998
2020-12-03,2.6700000762939453,2.7300000190734863,2.640000104904175,2.700000047683716,2773760
2020-12-06,2.700000047683716,2.7799999713897705,2.700000047683716,2.75,3728182
2020-12-07,2.75,2.799999952316284,2.740000009536743,2.7699999809265137,2323747
2020-12-08,2.7699999809265137,3.0399999618530273,2.75,2.950000047683716,20902226
2020-12-09,2.950000047683716,3.0999999046325684,2.9200000762939453,3.0299999713897705,9275015
2020-12-10,3.0299999713897705,3.200000047683716,2.9200000762939453,3.109999895095825,14181517
2020-12-13,3.109999895095825,3.390000104904175,3.1700000762939453,3.299999952316284,12129495
2020-12-14,3.299999952316284,3.299999952316284,3.130000114440918,3.200000047683716,9234855
2020-12-15,3.200000047683716,3.299999952316284,3.140000104904175,3.2200000286102295,6381020
2020-12-16,3.2200000286102295,3.259999990463257,3.0999999046325684,3.1700000762939453,7967560
2020-12-17,3.1700000762939453,3.200000047683716,3.0899999141693115,3.1500000953674316,3754440
2020-12-20,3.1500000953674316,3.25,3.140000104904175,3.180000066757202,3296889
2020-12-21,3.180000066757202,3.1500000953674316,2.869999885559082,2.9100000858306885,4849163
2020-12-22,2.9100000858306885,2.930000066757202,2.7799999713897705,2.880000114440918,3548072
2020-12-23,2.880000114440918,3.049999952316284,2.9000000953674316,2.9800000190734863,5531858
2020-12-24,2.9800000190734863,3.0399999618530273,2.859999895095825,2.930000066757202,4392725
2020-12-27,2.930000066757202,2.950000047683716,2.7899999618530273,2.8499999046325684,2569258
2020-12-28,2.8499999046325684,3.0199999809265137,2.869999885559082,2.950000047683716,4832826
2020-12-29,2.950000047683716,3.190000057220459,3.049999952316284,3.130000114440918,9785120
2020-12-30,3.130000114440918,3.240000009536743,3.0999999046325684,3.1700000762939453,7451868
2020-12-31,3.1700000762939453,3.1600000858306885,3.0899999141693115,3.119999885559082,3685443
2021-01-03,3.119999885559082,3.180000066757202,3.109999895095825,3.140000104904175,2102682
2021-01-04,3.140000104904175,3.1600000858306885,3.059999942779541,3.109999895095825,3173792
2021-01-05,3.109999895095825,3.2100000381469727,3.0799999237060547,3.1700000762939453,5331145
2021-01-06,3.1700000762939453,3.369999885559082,3.200000047683716,3.2799999713897705,23864656
2021-01-10,3.2799999713897705,3.5199999809265137,3.390000104904175,3.4600000381469727,11013861
2021-01-11,3.4600000381469727,3.4800000190734863,3.299999952316284,3.369999885559082,9519017
2021-01-12,3.369999885559082,3.359999895095825,3.259999990463257,3.319999933242798,4035988
2021-01-13,3.319999933242798,3.359999895095825,3.25,3.2799999713897705,2747899
2021-01-14,3.2799999713897705,3.440000057220459,3.25,3.359999895095825,6547070
2021-01-17,3.359999895095825,3.390000104904175,3.2699999809265137,3.309999942779541,4184190
2021-01-18,3.309999942779541,3.299999952316284,3.2100000381469727,3.25,3263857
2021-01-19,3.25,3.299999952316284,3.2200000286102295,3.2699999809265137,1858244
2021-01-20,3.2699999809265137,3.319999933242798,3.259999990463257,3.2899999618530273,2218160
2021-01-21,3.2899999618530273,3.319999933242798,3.240000009536743,3.2799999713897705,1639931
2021-01-24,3.2799999713897705,3.2899999618530273,3.2300000190734863,3.25,1631257
2021-01-25,3.25,3.25,3.25,3.25,0
2021-01-26,3.2200000286102295,3.25,3.200000047683716,3.2200000286102295,1832254
2021-01-27,3.2200000286102295,3.2899999618530273,3.2200000286102295,3.25,2327466
2021-01-31,3.25,3.2799999713897705,3.180000066757202,3.2300000190734863,2669749
2021-02-01,3.2300000190734863,3.369999885559082,3.240000009536743,3.319999933242798,5276817
2021-02-02,3.319999933242798,3.4100000858306885,3.319999933242798,3.359999895095825,2700647
2021-02-03,3.359999895095825,3.380000114440918,3.259999990463257,3.309999942779541,3569303
2021-02-04,3.309999942779541,3.299999952316284,3.240000009536743,3.259999990463257,1318327
2021-02-07,3.259999990463257,3.319999933242798,3.259999990463257,3.299999952316284,2392861
2021-02-08,3.299999952316284,3.4200000762939453,3.240000009536743,3.3499999046325684,7304615
2021-02-09,3.3499999046325684,3.309999942779541,3.25,3.2799999713897705,1612099
2021-02-10,3.2799999713897705,3.3299999237060547,3.259999990463257,3.299999952316284,1822827
2021-02-11,3.299999952316284,3.3499999046325684,3.2699999809265137,3.309999942779541,1391287
2021-02-14,3.309999942779541,3.3399999141693115,3.2300000190734863,3.2699999809265137,1377475
2021-02-15,3.2699999809265137,3.2899999618530273,3.180000066757202,3.240000009536743,1349573
2021-02-16,3.240000009536743,3.299999952316284,3.2200000286102295,3.2699999809265137,819243
2021-02-17,3.2699999809265137,3.259999990463257,3.1700000762939453,3.2100000381469727,1420395
2021-02-18,3.2100000381469727,3.25,3.1500000953674316,3.2100000381469727,2286184
2021-02-21,3.2100000381469727,3.25,3.190000057220459,3.2200000286102295,1039441
2021-02-22,3.2200000286102295,3.2100000381469727,3.140000104904175,3.180000066757202,1468340
2021-02-23,3.180000066757202,3.200000047683716,3.0899999141693115,3.119999885559082,1632353
2021-02-24,3.119999885559082,3.1500000953674316,3.0799999237060547,3.109999895095825,860251
2021-02-25,3.109999895095825,3.180000066757202,3.109999895095825,3.140000104904175,1447321
2021-02-28,3.140000104904175,3.119999885559082,2.9700000286102295,3.0299999713897705,2565023
2021-03-01,3.0299999713897705,3.049999952316284,2.9800000190734863,3.009999990463257,1050039
2021-03-02,3.009999990463257,3.0999999046325684,2.950000047683716,3.0299999713897705,2194331
2021-03-03,3.0299999713897705,3.049999952316284,2.819999933242798,2.940000057220459,1625795
2021-03-04,2.940000057220459,2.940000057220459,2.940000057220459,2.940000057220459,0
2021-03-07,2.9000000953674316,3.2300000190734863,2.9700000286102295,3.130000114440918,6432406
2021-03-08,3.130000114440918,3.309999942779541,3.119999885559082,3.2300000190734863,5903483
2021-03-09,3.2300000190734863,3.259999990463257,3.0999999046325684,3.1600000858306885,1203878
2021-03-10,3.1600000858306885,3.190000057220459,3.059999942779541,3.130000114440918,1179676
2021-03-11,3.130000114440918,3.200000047683716,3.0899999141693115,3.140000104904175,814430
2021-03-14,3.140000104904175,3.119999885559082,3.0,3.059999942779541,1448134
2021-03-15,3.059999942779541,3.140000104904175,2.930000066757202,3.0299999713897705,1501989
2021-03-16,3.0299999713897705,3.0399999618530273,2.9000000953674316,2.9800000190734863,805689
2021-03-17,2.9800000190734863,3.0399999618530273,2.950000047683716,2.990000009536743,900110
2021-03-18,2.990000009536743,2.990000009536743,2.9200000762939453,2.940000057220459,650823
2021-03-21,2.940000057220459,2.990000009536743,2.75,2.869999885559082,788741
2021-03-22,2.869999885559082,2.759999990463257,2.5899999141693115,2.6600000858306885,1909991
2021-03-23,2.6600000858306885,2.7899999618530273,2.4200000762939453,2.619999885559082,2211514
2021-03-24,2.619999885559082,2.7699999809265137,2.569999933242798,2.6500000953674316,1327563
2021-03-25,2.6500000953674316,2.6500000953674316,2.5,2.5799999237060547,2375779
2021-03-28,2.5799999237060547,2.6600000858306885,2.5899999141693115,2.609999895095825,1423195
2021-03-29,2.609999895095825,2.640000104904175,2.5799999237060547,2.5999999046325684,2451599
2021-03-30,2.5999999046325684,2.6500000953674316,2.5899999141693115,2.609999895095825,2055226
2021-03-31,2.609999895095825,2.609999895095825,2.549999952316284,2.5799999237060547,1158289
2021-04-01,2.5799999237060547,2.640000104904175,2.5899999141693115,2.609999895095825,907694
2021-04-04,2.609999895095825,2.609999895095825,2.5299999713897705,2.559999942779541,967891
2021-04-05,2.559999942779541,2.5399999618530273,2.3499999046325684,2.4200000762939453,1961311
2021-04-06,2.4200000762939453,2.4700000286102295,2.3299999237060547,2.4100000858306885,806017
2021-04-07,2.4100000858306885,2.569999933242798,2.4000000953674316,2.4700000286102295,1784467
2021-04-08,2.4700000286102295,2.5299999713897705,2.4600000381469727,2.5,848507
2021-04-11,2.5,2.5799999237060547,2.509999990463257,2.549999952316284,1177655
2021-04-12,2.549999952316284,2.799999952316284,2.5799999237060547,2.7200000286102295,4740043
2021-04-13,2.7200000286102295,3.2799999713897705,2.990000009536743,3.130000114440918,13619644
2021-04-14,3.130000114440918,3.069999933242798,2.819999933242798,2.890000104904175,12259068
2021-04-15,2.890000104904175,2.9000000953674316,2.7200000286102295,2.809999942779541,1114148
2021-04-18,2.809999942779541,2.930000066757202,2.799999952316284,2.869999885559082,2618768
2021-04-19,2.869999885559082,2.940000057220459,2.869999885559082,2.890000104904175,3116678
2021-04-20,2.890000104904175,3.109999895095825,2.8299999237060547,3.009999990463257,4474785
2021-04-21,3.009999990463257,3.1600000858306885,3.0,3.0899999141693115,2165271
2021-04-22,3.0899999141693115,3.0899999141693115,3.0199999809265137,3.0399999618530273,874799
2021-04-25,3.0399999618530273,3.0899999141693115,2.9600000381469727,3.0,899804
2021-04-26,3.0,3.0,2.940000057220459,2.9800000190734863,1019330
2021-04-27,2.9800000190734863,3.0799999237060547,2.950000047683716,3.0299999713897705,782701
2021-04-28,3.0299999713897705,3.0199999809265137,2.9700000286102295,2.990000009536743,508025
2021-05-04,2.990000009536743,3.0299999713897705,2.9600000381469727,3.0,939811
2021-05-05,3.0,3.049999952316284,2.990000009536743,3.009999990463257,743204
2021-05-06,3.009999990463257,3.1500000953674316,3.0199999809265137,3.119999885559082,1994224
2021-05-09,3.119999885559082,3.1500000953674316,3.0899999141693115,3.119999885559082,763524
2021-05-10,3.119999885559082,3.140000104904175,3.0799999237060547,3.0999999046325684,1043349
2021-05-11,3.0999999046325684,3.1700000762939453,3.069999933242798,3.109999895095825,5071266
2021-05-17,3.109999895095825,3.140000104904175,3.069999933242798,3.0899999141693115,2033588
2021-05-18,3.0899999141693115,3.2200000286102295,3.0999999046325684,3.1600000858306885,4933624
2021-05-19,3.1600000858306885,3.240000009536743,3.0999999046325684,3.180000066757202,3643612
2021-05-20,3.180000066757202,3.1600000858306885,3.0799999237060547,3.119999885559082,2852083
2021-05-23,3.119999885559082,3.1700000762939453,3.109999895095825,3.130000114440918,1300915
2021-05-24,3.130000114440918,3.180000066757202,2.9600000381469727,3.0399999618530273,2056739
2021-05-25,3.0399999618530273,2.990000009536743,2.8299999237060547,2.9200000762939453,1565141
2021-05-26,2.9200000762939453,3.0199999809265137,2.9100000858306885,2.950000047683716,548299
2021-05-27,2.950000047683716,2.9600000381469727,2.880000114440918,2.9000000953674316,1349178
2021-05-30,2.9000000953674316,3.049999952316284,2.890000104904175,2.9600000381469727,1055834
2021-05-31,2.9600000381469727,3.0199999809265137,2.890000104904175,2.930000066757202,1012571
2021-06-01,2.930000066757202,2.9600000381469727,2.869999885559082,2.9200000762939453,1020037
2021-06-02,2.9200000762939453,2.950000047683716,2.799999952316284,2.869999885559082,1794424
2021-06-03,2.869999885559082,2.859999895095825,2.799999952316284,2.8299999237060547,1571367
2021-06-06,2.8299999237060547,2.9000000953674316,2.8399999141693115,2.869999885559082,1479044
2021-06-07,2.869999885559082,2.930000066757202,2.869999885559082,2.890000104904175,1715089
2021-06-08,2.890000104904175,2.940000057220459,2.8299999237060547,2.890000104904175,1369006
2021-06-09,2.890000104904175,3.0799999237060547,2.890000104904175,3.009999990463257,5199981
2021-06-10,3.009999990463257,3.0299999713897705,2.940000057220459,2.9800000190734863,1259157
2021-06-13,2.9800000190734863,3.009999990463257,2.8499999046325684,2.9000000953674316,1104626
2021-06-14,2.9000000953674316,2.940000057220459,2.8499999046325684,2.9100000858306885,433729
2021-06-15,2.9100000858306885,2.9100000858306885,2.7799999713897705,2.8299999237060547,880376
2021-06-16,2.8299999237060547,2.940000057220459,2.799999952316284,2.890000104904175,2043452
2021-06-17,2.890000104904175,3.049999952316284,2.890000104904175,2.9800000190734863,4214841
2021-06-20,2.9800000190734863,3.059999942779541,2.930000066757202,3.009999990463257,3048209
2021-06-21,3.009999990463257,3.1700000762939453,3.009999990463257,3.109999895095825,4496082
2021-06-22,3.109999895095825,3.380000114440918,3.059999942779541,3.2300000190734863,8978573
2021-06-23,3.2300000190734863,3.4800000190734863,3.2799999713897705,3.369999885559082,15484849
2021-06-24,3.369999885559082,3.4600000381469727,3.319999933242798,3.369999885559082,4619152
2021-06-27,3.369999885559082,3.369999885559082,3.25,3.2899999618530273,4553232
2021-06-28,3.2899999618530273,3.299999952316284,3.180000066757202,3.2300000190734863,2332976
2021-06-29,3.2300000190734863,3.200000047683716,3.0899999141693115,3.140000104904175,3339381
2021-06-30,3.140000104904175,3.2200000286102295,3.109999895095825,3.1600000858306885,3661108
2021-07-04,3.1600000858306885,3.25,3.1600000858306885,3.2100000381469727,2445188
2021-07-05,3.2100000381469727,3.3299999237060547,3.200000047683716,3.2699999809265137,5394834
2021-07-06,3.2699999809265137,3.2100000381469727,3.140000104904175,3.180000066757202,2045888
2021-07-07,3.180000066757202,3.25,3.1600000858306885,3.2200000286102295,2397033
2021-07-08,3.2200000286102295,3.2699999809265137,3.1500000953674316,3.2200000286102295,3225642
2021-07-11,3.2200000286102295,3.2100000381469727,3.140000104904175,3.1700000762939453,976600
2021-07-12,3.1700000762939453,3.2100000381469727,3.1500000953674316,3.180000066757202,1012420
2021-07-13,3.180000066757202,3.25,3.1600000858306885,3.2200000286102295,962661
2021-07-14,3.2200000286102295,3.299999952316284,3.25,3.2699999809265137,1316570
2021-07-15,3.2699999809265137,3.4700000286102295,3.299999952316284,3.4100000858306885,6911120
2021-07-18,3.4100000858306885,3.7200000286102295,3.359999895095825,3.619999885559082,7941000
2021-07-25,3.619999885559082,3.819999933242798,3.619999885559082,3.700000047683716,3898836
2021-07-26,3.700000047683716,3.7300000190734863,3.569999933242798,3.619999885559082,3724283
2021-07-27,3.619999885559082,3.640000104904175,3.569999933242798,3.5999999046325684,6335100
2021-07-28,3.5999999046325684,3.609999895095825,3.450000047683716,3.509999990463257,15592056
2021-07-29,3.509999990463257,3.6700000762939453,3.490000009536743,3.569999933242798,13436607
2021-08-01,3.569999933242798,3.700000047683716,3.569999933242798,3.640000104904175,4350146
2021-08-02,3.640000104904175,3.9100000858306885,3.6700000762939453,3.799999952316284,11027886
2021-08-03,3.799999952316284,3.9000000953674316,3.7100000381469727,3.7799999713897705,6397164
2021-08-04,3.7799999713897705,3.859999895095825,3.7100000381469727,3.7899999618530273,5423796
2021-08-05,3.7899999618530273,3.9200000762939453,3.759999990463257,3.880000114440918,5527697
2021-08-08,3.880000114440918,3.880000114440918,3.880000114440918,3.880000114440918,0
2021-08-09,3.880000114440918,3.880000114440918,3.880000114440918,3.880000114440918,0
2021-08-10,3.740000009536743,3.759999990463257,3.630000114440918,3.7200000286102295,4509244
2021-08-11,3.7200000286102295,3.7899999618530273,3.690000057220459,3.7100000381469727,2425848
2021-08-15,3.7100000381469727,3.8299999237060547,3.700000047683716,3.75,1005425
2021-08-16,3.75,3.740000009536743,3.619999885559082,3.6700000762939453,1076105
2021-08-17,3.6700000762939453,3.690000057220459,3.5999999046325684,3.619999885559082,1303988
2021-08-18,3.619999885559082,3.690000057220459,3.609999895095825,3.619999885559082,686928
2021-08-19,3.619999885559082,3.5999999046325684,3.509999990463257,3.5399999618530273,1375239
2021-08-22,3.5399999618530273,3.549999952316284,3.4100000858306885,3.450000047683716,2465679
2021-08-23,3.450000047683716,3.509999990463257,3.380000114440918,3.440000057220459,3150654
2021-08-24,3.440000057220459,3.440000057220459,3.299999952316284,3.380000114440918,6311771
2021-08-25,3.380000114440918,3.7100000381469727,3.430000066757202,3.6500000953674316,14095691
2021-08-26,3.6500000953674316,3.799999952316284,3.619999885559082,3.7300000190734863,6194897
2021-08-29,3.7300000190734863,3.8499999046325684,3.630000114440918,3.7699999809265137,7687414
2021-08-30,3.7699999809265137,3.8499999046325684,3.6500000953674316,3.7300000190734863,3754860
2021-08-31,3.7300000190734863,3.809999942779541,3.630000114440918,3.680000066757202,1647233
2021-09-01,3.680000066757202,3.740000009536743,3.6500000953674316,3.690000057220459,1146285
2021-09-02,3.690000057220459,3.799999952316284,3.7100000381469727,3.75,2767699
2021-09-05,3.75,3.7699999809265137,3.559999942779541,3.5999999046325684,1576382
2021-09-06,3.5999999046325684,3.5999999046325684,3.450000047683716,3.549999952316284,1886988
2021-09-07,3.549999952316284,3.5899999141693115,3.4800000190734863,3.559999942779541,654464
2021-09-08,3.559999942779541,3.619999885559082,3.5799999237060547,3.5999999046325684,1118221
2021-09-09,3.5999999046325684,3.5899999141693115,3.5399999618530273,3.549999952316284,814150
2021-09-12,3.549999952316284,3.569999933242798,3.5299999713897705,3.549999952316284,523130
2021-09-13,3.549999952316284,3.5999999046325684,3.5399999618530273,3.549999952316284,2596780
2021-09-14,3.549999952316284,3.759999990463257,3.569999933242798,3.640000104904175,5022670
2021-09-15,3.640000104904175,3.75,3.630000114440918,3.6500000953674316,1539781
2021-09-16,3.6500000953674316,3.7699999809265137,3.5,3.5,20257796
2021-09-19,3.5,3.6600000858306885,3.509999990463257,3.559999942779541,6096137
2021-09-20,3.559999942779541,3.619999885559082,3.4100000858306885,3.4600000381469727,1459403
2021-09-21,3.4600000381469727,3.4600000381469727,3.4600000381469727,3.4600000381469727,0
2021-09-22,3.200000047683716,3.309999942779541,3.2200000286102295,3.2899999618530273,1433331
2021-09-23,3.2899999618530273,3.549999952316284,3.2799999713897705,3.490000009536743,7394113
2021-09-26,3.490000009536743,3.5799999237060547,3.4600000381469727,3.4800000190734863,1796196
2021-09-27,3.4800000190734863,3.5199999809265137,3.4000000953674316,3.440000057220459,2263121
2021-09-28,3.440000057220459,3.440000057220459,3.440000057220459,3.440000057220459,0
2021-09-29,3.440000057220459,3.440000057220459,3.440000057220459,3.440000057220459,0
2021-09-30,3.6600000858306885,3.819999933242798,3.5799999237060547,3.799999952316284,8229296
2021-10-03,3.799999952316284,3.869999885559082,3.7300000190734863,3.799999952316284,3404300
2021-10-04,3.799999952316284,3.799999952316284,3.700000047683716,3.799999952316284,2471143
2021-10-05,3.799999952316284,3.9800000190734863,3.799999952316284,3.890000104904175,6233935
2021-10-06,3.890000104904175,4.0,3.859999895095825,3.890000104904175,3873321
2021-10-10,3.890000104904175,4.070000171661377,3.9000000953674316,4.0,5699280
2021-10-11,4.0,4.099999904632568,4.0,4.059999942779541,2752971
2021-10-12,4.059999942779541,4.070000171661377,3.890000104904175,3.9000000953674316,2851241
2021-10-13,3.9000000953674316,4.130000114440918,3.9100000858306885,4.099999904632568,4795037
2021-10-14,4.099999904632568,4.179999828338623,4.070000171661377,4.110000133514404,3577085
2021-10-17,4.110000133514404,4.179999828338623,4.059999942779541,4.099999904632568,2659653
2021-10-18,4.099999904632568,4.099999904632568,4.099999904632568,4.099999904632568,0
2021-10-19,4.0,4.199999809265137,3.9800000190734863,4.050000190734863,5597947
2021-10-20,4.050000190734863,4.099999904632568,3.9000000953674316,4.070000171661377,3149809
2021-10-24,4.070000171661377,4.150000095367432,4.050000190734863,4.099999904632568,1895330
2021-10-25,4.099999904632568,4.170000076293945,3.9100000858306885,3.990000009536743,6062297
2021-10-26,3.990000009536743,4.300000190734863,4.0,4.179999828338623,6505436
2021-10-27,4.179999828338623,4.269999980926514,4.079999923706055,4.090000152587891,2134536
2021-10-28,4.090000152587891,4.269999980926514,4.099999904632568,4.199999809265137,3860942
2021-10-31,4.199999809265137,4.199999809265137,4.050000190734863,4.150000095367432,1669301
2021-11-01,4.150000095367432,4.309999942779541,4.190000057220459,4.25,3060098
2021-11-02,4.25,4.480000019073486,4.300000190734863,4.369999885559082,9506566
2021-11-03,4.369999885559082,4.400000095367432,4.25,4.309999942779541,2629718
2021-11-04,4.309999942779541,4.329999923706055,4.119999885559082,4.300000190734863,3478124
2021-11-07,4.300000190734863,4.300000190734863,4.300000190734863,4.300000190734863,0
2021-11-08,4.300000190734863,4.300000190734863,4.300000190734863,4.300000190734863,0
2021-11-09,4.300000190734863,4.300000190734863,4.300000190734863,4.300000190734863,0
2021-11-10,3.930000066757202,3.950000047683716,3.6500000953674316,3.799999952316284,2477097
2021-11-11,3.799999952316284,3.990000009536743,3.799999952316284,3.9600000381469727,1234695
2021-11-14,3.9600000381469727,4.0,3.8399999141693115,3.8499999046325684,1502421
2021-11-15,3.8499999046325684,3.9000000953674316,3.759999990463257,3.7799999713897705,807341
2021-11-16,3.7799999713897705,3.7799999713897705,3.640000104904175,3.6700000762939453,642733
2021-11-17,3.6700000762939453,3.7699999809265137,3.680000066757202,3.759999990463257,456668
2021-11-18,3.759999990463257,3.819999933242798,3.6500000953674316,3.6600000858306885,625878
2021-11-21,3.6600000858306885,3.7200000286102295,3.509999990463257,3.5799999237060547,631864
2021-11-22,3.5799999237060547,3.680000066757202,3.5199999809265137,3.6500000953674316,322731
2021-11-23,3.6500000953674316,3.799999952316284,3.6700000762939453,3.740000009536743,479873
2021-11-24,3.740000009536743,3.7699999809265137,3.680000066757202,3.700000047683716,247337
2021-11-25,3.700000047683716,3.7699999809265137,3.680000066757202,3.700000047683716,529738
2021-11-28,3.700000047683716,3.700000047683716,3.700000047683716,3.700000047683716,0
2021-11-29,3.509999990463257,3.5999999046325684,3.359999895095825,3.4200000762939453,2517711
2021-11-30,3.4200000762939453,3.4200000762939453,3.4200000762939453,3.4200000762939453,0
2021-12-01,3.4200000762939453,3.4200000762939453,3.4200000762939453,3.4200000762939453,0
2021-12-02,3.490000009536743,3.549999952316284,3.450000047683716,3.4700000286102295,1695454
2021-12-05,3.4700000286102295,3.490000009536743,3.430000066757202,3.490000009536743,835962
2021-12-06,3.490000009536743,3.5299999713897705,3.430000066757202,3.450000047683716,1717821
2021-12-07,3.450000047683716,3.6500000953674316,3.5,3.5399999618530273,4909635
2021-12-08,3.5399999618530273,3.609999895095825,3.5,3.5899999141693115,3156705
2021-12-09,3.5899999141693115,3.740000009536743,3.609999895095825,3.700000047683716,2152318
2021-12-12,3.700000047683716,3.809999942779541,3.690000057220459,3.740000009536743,2892684
2021-12-13,3.740000009536743,3.75,3.619999885559082,3.619999885559082,2100434
2021-12-14,3.619999885559082,3.700000047683716,3.5899999141693115,3.5999999046325684,830088
2021-12-15,3.5999999046325684,3.6500000953674316,3.559999942779541,3.569999933242798,556257
2021-12-16,3.569999933242798,3.6700000762939453,3.609999895095825,3.630000114440918,607560
2021-12-19,3.630000114440918,3.7200000286102295,3.609999895095825,3.619999885559082,862593
2021-12-20,3.619999885559082,3.5899999141693115,3.4000000953674316,3.430000066757202,4354065
2021-12-21,3.430000066757202,3.509999990463257,3.4100000858306885,3.4200000762939453,2852229
2021-12-22,3.4200000762939453,3.490000009536743,3.4100000858306885,3.4800000190734863,1471961
2021-12-23,3.4800000190734863,3.559999942779541,3.4800000190734863,3.5399999618530273,1994932
2021-12-26,3.5399999618530273,3.640000104904175,3.509999990463257,3.549999952316284,2166863
2021-12-27,3.549999952316284,3.6600000858306885,3.5299999713897705,3.549999952316284,2054186
2021-12-28,3.549999952316284,3.680000066757202,3.559999942779541,3.640000104904175,2867644
2021-12-29,3.640000104904175,3.690000057220459,3.630000114440918,3.640000104904175,1622825
2021-12-30,3.640000104904175,3.700000047683716,3.619999885559082,3.6600000858306885,1500836
2022-01-02,3.6600000858306885,3.759999990463257,3.630000114440918,3.700000047683716,2730503
2022-01-03,3.700000047683716,3.7699999809265137,3.700000047683716,3.75,2376099
2022-01-04,3.75,4.039999961853027,3.75,3.990000009536743,12381940
2022-01-05,3.990000009536743,4.03000020980835,3.880000114440918,3.9000000953674316,6862032
2022-01-09,3.9000000953674316,3.9000000953674316,3.9000000953674316,3.9000000953674316,0
2022-01-10,3.8399999141693115,3.9800000190734863,3.859999895095825,3.9100000858306885,5118297
2022-01-11,3.9100000858306885,3.930000066757202,3.8299999237060547,3.869999885559082,1458973
2022-01-12,3.869999885559082,4.099999904632568,3.890000104904175,4.079999923706055,16133253
2022-01-13,4.079999923706055,4.170000076293945,3.990000009536743,4.019999980926514,7262461
2022-01-16,4.019999980926514,4.090000152587891,3.9700000286102295,4.079999923706055,5408778
2022-01-17,4.079999923706055,4.210000038146973,4.079999923706055,4.099999904632568,8986496
2022-01-18,4.099999904632568,4.199999809265137,4.079999923706055,4.119999885559082,4322609
2022-01-19,4.119999885559082,4.119999885559082,3.990000009536743,4.010000228881836,4024412
2022-01-20,4.010000228881836,4.039999961853027,3.880000114440918,3.890000104904175,10273741
2022-01-23,3.890000104904175,3.880000114440918,3.740000009536743,3.759999990463257,5521275
2022-01-24,3.759999990463257,3.799999952316284,3.6700000762939453,3.7300000190734863,7148551
2022-01-25,3.7300000190734863,3.740000009536743,3.609999895095825,3.6500000953674316,2653021
2022-01-26,3.6500000953674316,3.680000066757202,3.630000114440918,3.6500000953674316,1068097
2022-01-30,3.6500000953674316,3.7899999618530273,3.6600000858306885,3.680000066757202,8016406
2022-01-31,3.680000066757202,3.7899999618530273,3.6500000953674316,3.7799999713897705,1866805
2022-02-01,3.7799999713897705,3.8399999141693115,3.7799999713897705,3.8399999141693115,2276112
2022-02-02,3.8399999141693115,3.940000057220459,3.8499999046325684,3.8499999046325684,3893744
2022-02-03,3.8499999046325684,3.880000114440918,3.7699999809265137,3.799999952316284,1847484
2022-02-06,3.799999952316284,3.9200000762939453,3.819999933242798,3.9000000953674316,1708841
2022-02-07,3.9000000953674316,3.940000057220459,3.819999933242798,3.8399999141693115,1996325
2022-02-08,3.8399999141693115,3.8499999046325684,3.7699999809265137,3.7799999713897705,1409238
2022-02-09,3.7799999713897705,3.8499999046325684,3.7799999713897705,3.7899999618530273,1218234
2022-02-10,3.7899999618530273,3.8299999237060547,3.640000104904175,3.6700000762939453,2997823
2022-02-13,3.6700000762939453,3.75,3.609999895095825,3.640000104904175,2682962
2022-02-14,3.640000104904175,3.700000047683716,3.569999933242798,3.6700000762939453,1715003
2022-02-15,3.6700000762939453,3.7899999618530273,3.700000047683716,3.75,1641025
2022-02-16,3.75,3.819999933242798,3.700000047683716,3.7200000286102295,1760621
2022-02-17,3.7200000286102295,3.7899999618530273,3.6600000858306885,3.75,1126627
2022-02-20,3.75,3.7899999618530273,3.630000114440918,3.640000104904175,1359040
2022-02-21,3.640000104904175,3.700000047683716,3.619999885559082,3.6600000858306885,946576
2022-02-22,3.6600000858306885,3.6500000953674316,3.5199999809265137,3.5799999237060547,4759709
2022-02-23,3.5799999237060547,3.619999885559082,3.549999952316284,3.5899999141693115,1780283
2022-02-24,3.5899999141693115,3.549999952316284,3.4000000953674316,3.5,4476807
2022-02-27,3.5,3.630000114440918,3.5399999618530273,3.5799999237060547,1179825
2022-02-28,3.5799999237060547,3.569999933242798,3.5299999713897705,3.549999952316284,1027088
2022-03-01,3.549999952316284,3.680000066757202,3.549999952316284,3.5999999046325684,1739233
2022-03-02,3.5999999046325684,3.75,3.609999895095825,3.700000047683716,2564667
2022-03-03,3.700000047683716,3.940000057220459,3.740000009536743,3.9200000762939453,8747610
2022-03-06,3.9200000762939453,3.9800000190734863,3.859999895095825,3.930000066757202,1695713
2022-03-07,3.930000066757202,4.050000190734863,3.819999933242798,3.8399999141693115,5046029
2022-03-08,3.8399999141693115,3.8399999141693115,3.8399999141693115,3.8399999141693115,0
2022-03-09,3.740000009536743,3.9000000953674316,3.759999990463257,3.869999885559082,3457381
2022-03-10,3.869999885559082,3.869999885559082,3.7799999713897705,3.809999942779541,3753573
2022-03-13,3.809999942779541,3.9000000953674316,3.7699999809265137,3.7899999618530273,1409817
2022-03-14,3.7899999618530273,3.7899999618530273,3.75,3.75,1392203
2022-03-15,3.75,3.75,3.559999942779541,3.630000114440918,2410927
2022-03-16,3.630000114440918,3.8499999046325684,3.640000104904175,3.799999952316284,3815623
2022-03-17,3.799999952316284,3.890000104904175,3.7200000286102295,3.740000009536743,4078642
2022-03-20,3.740000009536743,3.799999952316284,3.7300000190734863,3.759999990463257,1075404
2022-03-21,3.759999990463257,4.380000114440918,3.799999952316284,4.28000020980835,16683396
2022-03-22,4.28000020980835,4.440000057220459,4.150000095367432,4.159999847412109,11721405
2022-03-23,4.159999847412109,4.25,4.079999923706055,4.230000019073486,6977059
2022-03-24,4.230000019073486,4.400000095367432,4.239999771118164,4.269999980926514,11503071
2022-03-27,4.269999980926514,4.360000133514404,4.190000057220459,4.329999923706055,7842217
2022-03-28,4.329999923706055,4.460000038146973,4.070000171661377,4.079999923706055,15096704
2022-03-29,4.079999923706055,4.210000038146973,3.9600000381469727,4.179999828338623,5539209
2022-03-30,4.179999828338623,4.239999771118164,4.070000171661377,4.099999904632568,2654720
2022-03-31,4.099999904632568,4.139999866485596,3.880000114440918,3.9200000762939453,5009798
2022-04-03,3.9200000762939453,3.990000009536743,3.890000104904175,3.9200000762939453,2078540
2022-04-04,3.9200000762939453,3.9600000381469727,3.819999933242798,3.8399999141693115,2799850
2022-04-05,3.8399999141693115,3.9000000953674316,3.7799999713897705,3.799999952316284,4549514
2022-04-06,3.799999952316284,3.869999885559082,3.7899999618530273,3.809999942779541,2406136
2022-04-07,3.809999942779541,3.8499999046325684,3.7300000190734863,3.7899999618530273,5337162
2022-04-10,3.7899999618530273,3.799999952316284,3.6700000762939453,3.700000047683716,2017617
2022-04-11,3.700000047683716,3.75,3.5799999237060547,3.609999895095825,2523261
2022-04-12,3.609999895095825,3.6700000762939453,3.5799999237060547,3.609999895095825,3255970
2022-04-13,3.609999895095825,3.690000057220459,3.569999933242798,3.609999895095825,2740675
2022-04-14,3.609999895095825,3.5799999237060547,3.2799999713897705,3.2799999713897705,11271513
2022-04-17,3.2799999713897705,3.440000057220459,3.2100000381469727,3.2899999618530273,9076580
2022-04-18,3.2899999618530273,3.5799999237060547,3.3399999141693115,3.5799999237060547,6321821
2022-04-19,3.5799999237060547,3.690000057220459,3.559999942779541,3.5799999237060547,4866544
2022-04-20,3.5799999237060547,3.5999999046325684,3.4700000286102295,3.490000009536743,2049997
2022-04-21,3.490000009536743,3.5899999141693115,3.5,3.5299999713897705,2223619
2022-04-26,3.5299999713897705,3.7200000286102295,3.5299999713897705,3.7200000286102295,4645737
2022-04-27,3.7200000286102295,3.75,3.640000104904175,3.7100000381469727,3152199
2022-04-28,3.7100000381469727,3.9200000762939453,3.680000066757202,3.890000104904175,6382826
2022-05-08,3.890000104904175,3.950000047683716,3.809999942779541,3.9100000858306885,3757497
2022-05-09,3.9100000858306885,3.940000057220459,3.7799999713897705,3.819999933242798,2885668
2022-05-10,3.819999933242798,3.8299999237060547,3.75,3.7799999713897705,1241708
2022-05-11,3.7799999713897705,3.940000057220459,3.7699999809265137,3.9200000762939453,3431583
2022-05-12,3.9200000762939453,3.9100000858306885,3.759999990463257,3.8499999046325684,3413102
2022-05-15,3.8499999046325684,4.0,3.8299999237060547,3.8399999141693115,8014940
2022-05-16,3.8399999141693115,3.859999895095825,3.7899999618530273,3.8299999237060547,3476435
2022-05-17,3.8299999237060547,3.890000104904175,3.8299999237060547,3.8499999046325684,1530150
2022-05-18,3.8499999046325684,3.9100000858306885,3.8399999141693115,3.890000104904175,1780071
2022-05-19,3.890000104904175,3.859999895095825,3.7799999713897705,3.809999942779541,2765479
2022-05-22,3.809999942779541,3.8499999046325684,3.7200000286102295,3.7300000190734863,2741202
2022-05-23,3.7300000190734863,3.7699999809265137,3.640000104904175,3.7100000381469727,4039580
2022-05-24,3.7100000381469727,3.7200000286102295,3.569999933242798,3.619999885559082,3034693
2022-05-25,3.619999885559082,3.6600000858306885,3.509999990463257,3.5299999713897705,2699257
2022-05-26,3.5299999713897705,3.569999933242798,3.4200000762939453,3.509999990463257,3184921
2022-05-29,3.509999990463257,3.559999942779541,3.4800000190734863,3.5399999618530273,1501853
2022-05-30,3.5399999618530273,3.640000104904175,3.509999990463257,3.630000114440918,1826496
2022-05-31,3.630000114440918,3.680000066757202,3.619999885559082,3.6700000762939453,963109
2022-06-01,3.6700000762939453,3.6700000762939453,3.549999952316284,3.5899999141693115,1027134
2022-06-02,3.5899999141693115,3.5899999141693115,3.5,3.569999933242798,871316
2022-06-05,3.569999933242798,3.569999933242798,3.569999933242798,3.569999933242798,0
2022-06-06,3.569999933242798,3.619999885559082,3.569999933242798,3.5799999237060547,617699
2022-06-07,3.5799999237060547,3.6700000762939453,3.569999933242798,3.6500000953674316,728880
2022-06-08,3.6500000953674316,3.799999952316284,3.6500000953674316,3.7899999618530273,2270096
2022-06-09,3.7899999618530273,3.809999942779541,3.7200000286102295,3.75,868917
2022-06-12,3.75,3.75,3.680000066757202,3.700000047683716,1357176
2022-06-13,3.700000047683716,3.7200000286102295,3.630000114440918,3.630000114440918,976554
2022-06-14,3.630000114440918,3.6700000762939453,3.619999885559082,3.640000104904175,886546
2022-06-15,3.640000104904175,3.690000057220459,3.569999933242798,3.5999999046325684,2452415
2022-06-16,3.5999999046325684,3.640000104904175,3.569999933242798,3.5799999237060547,1287188
2022-06-19,3.5799999237060547,3.609999895095825,3.509999990463257,3.5199999809265137,1367521
2022-06-20,3.5199999809265137,3.549999952316284,3.4800000190734863,3.5,814075
2022-06-21,3.5,3.5999999046325684,3.5199999809265137,3.549999952316284,1369128
2022-06-22,3.549999952316284,3.559999942779541,3.4600000381469727,3.4800000190734863,2505761
2022-06-23,3.4800000190734863,3.5199999809265137,3.430000066757202,3.5,923296
2022-06-26,3.5,3.549999952316284,3.4800000190734863,3.5,665483
2022-06-27,3.5,3.509999990463257,3.450000047683716,3.4700000286102295,855620
2022-06-28,3.4700000286102295,3.4800000190734863,3.3399999141693115,3.440000057220459,1836983
2022-06-29,3.440000057220459,3.569999933242798,3.450000047683716,3.559999942779541,1184053
2022-07-03,3.559999942779541,3.619999885559082,3.5,3.559999942779541,1848348
2022-07-04,3.559999942779541,3.569999933242798,3.440000057220459,3.4800000190734863,1244857
2022-07-05,3.4800000190734863,3.549999952316284,3.4600000381469727,3.509999990463257,837967
2022-07-06,3.509999990463257,3.5899999141693115,3.490000009536743,3.569999933242798,2141920
2022-07-07,3.569999933242798,3.5899999141693115,3.5399999618530273,3.569999933242798,895220
2022-07-17,3.569999933242798,3.5899999141693115,3.5199999809265137,3.5399999618530273,390431
2022-07-18,3.5399999618530273,3.5999999046325684,3.5399999618530273,3.569999933242798,650203
2022-07-19,3.569999933242798,3.6600000858306885,3.5899999141693115,3.640000104904175,689550
2022-07-20,3.640000104904175,3.740000009536743,3.6600000858306885,3.7300000190734863,1901724
2022-07-21,3.7300000190734863,3.940000057220459,3.7100000381469727,3.9100000858306885,4701178
2022-07-24,3.9100000858306885,3.930000066757202,3.8499999046325684,3.869999885559082,894850
2022-07-25,3.869999885559082,3.9000000953674316,3.799999952316284,3.809999942779541,900814
2022-07-26,3.809999942779541,3.9000000953674316,3.799999952316284,3.859999895095825,1290162
2022-07-27,3.859999895095825,3.890000104904175,3.819999933242798,3.8299999237060547,442591
2022-07-28,3.8299999237060547,3.869999885559082,3.809999942779541,3.8299999237060547,520112
2022-07-31,3.8299999237060547,3.9600000381469727,3.8499999046325684,3.9000000953674316,3276656
2022-08-01,3.9000000953674316,3.9700000286102295,3.859999895095825,3.890000104904175,2890449
2022-08-02,3.890000104904175,3.9200000762939453,3.869999885559082,3.890000104904175,992993
2022-08-03,3.890000104904175,3.9100000858306885,3.869999885559082,3.869999885559082,672800
2022-08-04,3.869999885559082,3.9700000286102295,3.880000114440918,3.950000047683716,2898112
2022-08-07,3.950000047683716,4.070000171661377,3.9800000190734863,4.019999980926514,5433620
2022-08-08,4.019999980926514,4.039999961853027,3.950000047683716,3.9700000286102295,2646274
2022-08-09,3.9700000286102295,4.039999961853027,3.9000000953674316,3.930000066757202,3084146
2022-08-10,3.930000066757202,3.9600000381469727,3.9000000953674316,3.9100000858306885,1183244
2022-08-11,3.9100000858306885,3.9700000286102295,3.9000000953674316,3.950000047683716,1342751
2022-08-14,3.950000047683716,4.150000095367432,3.9600000381469727,4.150000095367432,5132268
2022-08-15,4.150000095367432,4.150000095367432,4.03000020980835,4.039999961853027,2855051
2022-08-16,4.039999961853027,4.050000190734863,3.9600000381469727,3.9700000286102295,913978
2022-08-17,3.9700000286102295,4.03000020980835,3.940000057220459,4.0,1895891
2022-08-18,4.0,4.0,4.0,4.0,0
2022-08-21,3.990000009536743,4.170000076293945,4.019999980926514,4.139999866485596,4069351
2022-08-22,4.139999866485596,4.179999828338623,4.079999923706055,4.090000152587891,1741179
2022-08-23,4.090000152587891,4.090000152587891,4.090000152587891,4.090000152587891,0
2022-08-24,4.03000020980835,4.070000171661377,3.9700000286102295,3.990000009536743,1650623
2022-08-25,3.990000009536743,4.079999923706055,4.0,4.050000190734863,1495695
2022-08-28,4.050000190734863,4.059999942779541,4.0,4.019999980926514,670457
2022-08-29,4.019999980926514,4.059999942779541,4.0,4.03000020980835,2129659
2022-08-30,4.03000020980835,4.130000114440918,4.010000228881836,4.099999904632568,2084480
2022-08-31,4.099999904632568,4.139999866485596,4.050000190734863,4.070000171661377,1319756
2022-09-01,4.070000171661377,4.090000152587891,4.019999980926514,4.03000020980835,1402432
2022-09-04,4.03000020980835,4.070000171661377,3.990000009536743,4.039999961853027,1340231
2022-09-05,4.039999961853027,4.099999904632568,4.050000190734863,4.099999904632568,1237889
2022-09-06,4.099999904632568,4.230000019073486,4.139999866485596,4.190000057220459,4319207
2022-09-07,4.190000057220459,4.300000190734863,4.159999847412109,4.25,3946931
2022-09-08,4.25,4.28000020980835,4.170000076293945,4.179999828338623,2222258
2022-09-11,4.179999828338623,4.320000171661377,4.21999979019165,4.25,2096109
2022-09-12,4.25,4.289999961853027,4.21999979019165,4.230000019073486,1659992
2022-09-13,4.230000019073486,4.25,4.199999809265137,4.210000038146973,1138838
2022-09-14,4.210000038146973,4.190000057220459,4.130000114440918,4.139999866485596,2055733
2022-09-15,4.139999866485596,4.190000057220459,4.079999923706055,4.190000057220459,1713902
2022-09-18,4.190000057220459,4.190000057220459,3.9600000381469727,4.03000020980835,3376198
2022-09-19,4.03000020980835,4.070000171661377,3.930000066757202,4.059999942779541,1553796
2022-09-20,4.059999942779541,4.090000152587891,4.010000228881836,4.070000171661377,735860
2022-09-21,4.070000171661377,4.079999923706055,4.039999961853027,4.050000190734863,485953
2022-09-22,4.050000190734863,4.130000114440918,4.0,4.119999885559082,1356649
2022-09-25,4.119999885559082,4.179999828338623,4.090000152587891,4.099999904632568,2690008
2022-09-26,4.099999904632568,4.190000057220459,4.119999885559082,4.119999885559082,1956555
2022-09-27,4.119999885559082,4.179999828338623,4.119999885559082,4.119999885559082,988019
2022-09-28,4.119999885559082,4.130000114440918,4.050000190734863,4.099999904632568,2186492
2022-09-29,4.099999904632568,4.150000095367432,4.059999942779541,4.150000095367432,1697874
2022-10-02,4.150000095367432,4.139999866485596,4.050000190734863,4.059999942779541,1520408
2022-10-03,4.059999942779541,4.139999866485596,4.050000190734863,4.059999942779541,2071293
2022-10-04,4.059999942779541,4.159999847412109,4.099999904632568,4.130000114440918,2194089
2022-10-05,4.130000114440918,4.210000038146973,4.150000095367432,4.210000038146973,2096460
2022-10-09,4.210000038146973,4.349999904632568,4.179999828338623,4.269999980926514,2534537
2022-10-10,4.269999980926514,4.329999923706055,4.230000019073486,4.239999771118164,1438745
2022-10-11,4.239999771118164,4.269999980926514,4.190000057220459,4.21999979019165,1442762
2022-10-12,4.21999979019165,4.25,4.139999866485596,4.159999847412109,1061404
2022-10-13,4.159999847412109,4.230000019073486,4.159999847412109,4.21999979019165,1112826
2022-10-16,4.21999979019165,4.300000190734863,4.230000019073486,4.28000020980835,2687720
2022-10-17,4.28000020980835,4.309999942779541,4.239999771118164,4.269999980926514,4579381
2022-10-18,4.269999980926514,3.869999885559082,3.7799999713897705,3.799999952316284,7793433
2022-10-19,3.799999952316284,3.8399999141693115,3.75,3.809999942779541,2459074
2022-10-20,3.809999942779541,3.8499999046325684,3.7899999618530273,3.8499999046325684,1543057
2022-10-23,3.8499999046325684,3.8499999046325684,3.799999952316284,3.809999942779541,733468
2022-10-24,3.809999942779541,3.8299999237060547,3.7799999713897705,3.7899999618530273,904066
2022-10-25,3.7899999618530273,3.799999952316284,3.7300000190734863,3.7899999618530273,1486073
2022-10-26,3.7899999618530273,3.7899999618530273,3.7899999618530273,3.7899999618530273,0
2022-10-27,3.7899999618530273,4.139999866485596,3.8499999046325684,4.050000190734863,11868091
2022-10-30,4.050000190734863,4.139999866485596,3.9200000762939453,3.9600000381469727,8384702
2022-10-31,3.9600000381469727,4.070000171661377,3.9100000858306885,4.019999980926514,3321699
2022-11-01,4.019999980926514,4.099999904632568,4.03000020980835,4.050000190734863,3585187
2022-11-02,4.050000190734863,4.079999923706055,3.9600000381469727,3.9600000381469727,3335111
2022-11-03,3.9600000381469727,4.0,3.9200000762939453,4.0,1545657
2022-11-06,4.0,4.010000228881836,3.9000000953674316,3.9100000858306885,1326658
2022-11-07,3.9100000858306885,4.039999961853027,3.9100000858306885,4.010000228881836,1987495
2022-11-08,4.010000228881836,4.070000171661377,3.9700000286102295,3.9800000190734863,2412344
2022-11-09,3.9800000190734863,3.9800000190734863,3.9100000858306885,3.940000057220459,2000987
2022-11-10,3.940000057220459,4.059999942779541,3.940000057220459,4.010000228881836,2170386
2022-11-13,4.010000228881836,4.099999904632568,4.039999961853027,4.070000171661377,1719465
2022-11-14,4.070000171661377,4.090000152587891,4.03000020980835,4.070000171661377,1387385
2022-11-15,4.070000171661377,4.099999904632568,4.010000228881836,4.010000228881836,1842066
2022-11-16,4.010000228881836,4.28000020980835,4.019999980926514,4.260000228881836,9383546
2022-11-17,4.260000228881836,4.309999942779541,4.139999866485596,4.230000019073486,3105503
2022-11-20,4.230000019073486,4.239999771118164,4.159999847412109,4.170000076293945,1602176
2022-11-21,4.170000076293945,4.239999771118164,4.150000095367432,4.210000038146973,2619375
2022-11-22,4.210000038146973,4.25,4.199999809265137,4.230000019073486,2061987
2022-11-23,4.230000019073486,4.300000190734863,4.150000095367432,4.21999979019165,4868721
2022-11-24,4.21999979019165,4.380000114440918,4.21999979019165,4.300000190734863,5468071
2022-11-27,4.300000190734863,4.739999771118164,4.320000171661377,4.699999809265137,16630873
2022-11-28,4.699999809265137,4.869999885559082,4.639999866485596,4.679999828338623,8233634
2022-11-29,4.679999828338623,4.800000190734863,4.610000133514404,4.639999866485596,5122571
2022-11-30,4.639999866485596,4.710000038146973,4.610000133514404,4.639999866485596,2639835
2022-12-01,4.639999866485596,5.130000114440918,4.699999809265137,5.090000152587891,16861782
2022-12-04,5.090000152587891,5.699999809265137,5.269999980926514,5.650000095367432,11489809
2022-12-05,5.650000095367432,5.849999904632568,5.420000076293945,5.559999942779541,10425487
2022-12-06,5.559999942779541,5.760000228881836,5.46999979019165,5.730000019073486,9578647
2022-12-07,5.730000019073486,5.880000114440918,5.579999923706055,5.71999979019165,11140112
2022-12-08,5.71999979019165,6.179999828338623,5.679999828338623,6.159999847412109,10987445
2022-12-11,6.159999847412109,6.75,6.119999885559082,6.159999847412109,14374276
2022-12-12,6.159999847412109,6.25,5.869999885559082,6.21999979019165,9312783
2022-12-13,6.21999979019165,6.53000020980835,6.380000114440918,6.440000057220459,6982045
2022-12-14,6.440000057220459,6.579999923706055,6.25,6.28000020980835,6282079
2022-12-15,6.28000020980835,6.449999809265137,6.03000020980835,6.090000152587891,6919293
2022-12-18,6.090000152587891,6.21999979019165,5.860000133514404,6.159999847412109,5359933
2022-12-19,6.159999847412109,6.269999980926514,5.949999809265137,6.170000076293945,5552005
2022-12-20,6.170000076293945,6.5,6.050000190734863,6.090000152587891,11738460
2022-12-21,6.090000152587891,6.139999866485596,5.940000057220459,6.019999980926514,4374133
2022-12-22,6.019999980926514,6.110000133514404,5.929999828338623,5.940000057220459,3718857
2022-12-25,5.940000057220459,6.0,5.699999809265137,5.869999885559082,3899151
2022-12-26,5.869999885559082,6.070000171661377,5.849999904632568,6.039999961853027,2444904
2022-12-27,6.039999961853027,6.289999961853027,6.059999942779541,6.139999866485596,4356308
2022-12-28,6.139999866485596,6.409999847412109,6.159999847412109,6.369999885559082,5558393
2022-12-29,6.369999885559082,6.480000019073486,6.300000190734863,6.320000171661377,3452009
2023-01-02,6.320000171661377,6.53000020980835,6.300000190734863,6.440000057220459,5062466
2023-01-03,6.440000057220459,6.679999828338623,6.449999809265137,6.570000171661377,4732888
2023-01-04,6.570000171661377,6.980000019073486,6.059999942779541,6.909999847412109,10657254
2023-01-05,6.909999847412109,7.389999866485596,7.039999961853027,7.199999809265137,10831982
2023-01-09,7.199999809265137,7.550000190734863,7.21999979019165,7.260000228881836,9173512
2023-01-10,7.260000228881836,7.329999923706055,6.96999979019165,7.010000228881836,4447909
2023-01-11,7.010000228881836,7.699999809265137,6.909999847412109,7.5,8307556
2023-01-12,7.5,7.929999828338623,7.300000190734863,7.840000152587891,8541977
2023-01-15,7.840000152587891,7.980000019073486,7.599999904632568,7.699999809265137,6608230
2023-01-16,7.699999809265137,8.15999984741211,7.75,7.929999828338623,10177920
2023-01-17,7.929999828338623,8.0600004196167,7.829999923706055,7.849999904632568,4104805
2023-01-18,7.849999904632568,7.960000038146973,7.25,7.360000133514404,8552201
2023-01-19,7.360000133514404,7.559999942779541,7.239999771118164,7.489999771118164,6564294
2023-01-22,7.489999771118164,7.699999809265137,7.409999847412109,7.449999809265137,2912483
2023-01-23,7.449999809265137,7.599999904632568,7.400000095367432,7.440000057220459,4986649
2023-01-24,7.440000057220459,7.739999771118164,7.480000019073486,7.519999980926514,12148316
2023-01-25,7.519999980926514,7.690000057220459,7.559999942779541,7.630000114440918,6336110
2023-01-29,7.630000114440918,7.739999771118164,7.579999923706055,7.71999979019165,4149319
2023-01-30,7.71999979019165,7.789999961853027,7.28000020980835,7.400000095367432,7892666
2023-01-31,7.400000095367432,7.590000152587891,7.28000020980835,7.46999979019165,3489600
2023-02-01,7.46999979019165,7.630000114440918,7.260000228881836,7.539999961853027,4204328
2023-02-02,7.539999961853027,7.599999904632568,7.329999923706055,7.400000095367432,3529689
2023-02-05,7.400000095367432,7.550000190734863,7.119999885559082,7.420000076293945,3194941
2023-02-06,7.420000076293945,7.710000038146973,7.449999809265137,7.670000076293945,4873194
2023-02-07,7.670000076293945,7.880000114440918,7.710000038146973,7.730000019073486,4556930
2023-02-08,7.730000019073486,7.789999961853027,7.519999980926514,7.630000114440918,3714452
2023-02-09,7.630000114440918,7.989999771118164,7.599999904632568,7.989999771118164,6213461
2023-02-12,7.989999771118164,8.1899995803833,7.889999866485596,7.909999847412109,6108783
2023-02-13,7.909999847412109,8.069999694824219,7.730000019073486,7.769999980926514,5092014
2023-02-14,7.769999980926514,7.880000114440918,7.730000019073486,7.849999904632568,2436505
2023-02-15,7.849999904632568,8.069999694824219,7.869999885559082,8.050000190734863,5107281
2023-02-16,8.050000190734863,8.729999542236328,8.069999694824219,8.640000343322754,17128856
2023-02-19,8.640000343322754,8.880000114440918,8.390000343322754,8.420000076293945,7396188
2023-02-20,8.420000076293945,8.510000228881836,8.109999656677246,8.34000015258789,3961389
2023-02-21,8.34000015258789,8.460000038146973,8.210000038146973,8.420000076293945,4182126
2023-02-22,8.420000076293945,8.649999618530273,8.149999618530273,8.350000381469727,5356166
2023-02-23,8.350000381469727,8.390000343322754,8.170000076293945,8.329999923706055,2395802
2023-02-26,8.329999923706055,8.479999542236328,8.270000457763672,8.329999923706055,3170445
2023-02-27,8.329999923706055,8.5,8.300000190734863,8.470000267028809,3193235
2023-02-28,8.470000267028809,8.579999923706055,8.420000076293945,8.489999771118164,2680370
2023-03-01,8.489999771118164,8.550000190734863,8.40999984741211,8.510000228881836,2613730
2023-03-02,8.510000228881836,8.829999923706055,8.569999694824219,8.699999809265137,5164794
2023-03-05,8.699999809265137,8.779999732971191,8.569999694824219,8.600000381469727,2592037
2023-03-06,8.600000381469727,8.739999771118164,8.5,8.609999656677246,2272393
2023-03-07,8.609999656677246,8.649999618530273,8.449999809265137,8.5,3035179
2023-03-08,8.5,8.5,8.199999809265137,8.260000228881836,3261641
2023-03-09,8.260000228881836,8.579999923706055,8.220000267028809,8.489999771118164,2343021
2023-03-12,8.489999771118164,8.489999771118164,8.220000267028809,8.3100004196167,1655346
2023-03-13,8.3100004196167,8.4399995803833,7.519999980926514,8.149999618530273,3799802
2023-03-14,8.149999618530273,8.140000343322754,7.670000076293945,8.0,1794463
2023-03-15,8.0,8.220000267028809,6.409999847412109,7.190000057220459,2824906
2023-03-16,7.190000057220459,7.710000038146973,6.75,7.269999980926514,5972960
2023-03-19,7.269999980926514,7.340000152587891,6.929999828338623,7.070000171661377,3513696
2023-03-20,7.070000171661377,7.389999866485596,7.0,7.230000019073486,4955599
2023-03-21,7.230000019073486,7.53000020980835,7.329999923706055,7.5,1802309
2023-03-22,7.5,7.619999885559082,7.199999809265137,7.230000019073486,2774428
2023-03-23,7.230000019073486,7.449999809265137,7.21999979019165,7.380000114440918,777092
2023-03-26,7.380000114440918,8.399999618530273,7.460000038146973,8.100000381469727,4877065
2023-03-27,8.100000381469727,8.699999809265137,8.069999694824219,8.359999656677246,5857451
2023-03-28,8.359999656677246,8.880000114440918,8.15999984741211,8.739999771118164,5935448
2023-03-29,8.739999771118164,9.850000381469727,8.75,9.380000114440918,7646065
2023-03-30,9.380000114440918,9.739999771118164,8.90999984741211,9.050000190734863,9486093
2023-04-02,9.050000190734863,9.449999809265137,9.0600004196167,9.34000015258789,3025827
2023-04-03,9.34000015258789,10.0,9.479999542236328,9.619999885559082,6583535
2023-04-04,9.619999885559082,9.699999809265137,9.329999923706055,9.380000114440918,2029809
2023-04-05,9.380000114440918,9.4399995803833,9.130000114440918,9.1899995803833,2434833
2023-04-06,9.1899995803833,9.359999656677246,9.100000381469727,9.1899995803833,2227316
2023-04-09,9.1899995803833,9.270000457763672,8.920000076293945,9.069999694824219,1129888
2023-04-10,9.069999694824219,9.34000015258789,9.079999923706055,9.15999984741211,2348579
2023-04-11,9.15999984741211,9.609999656677246,9.229999542236328,9.510000228881836,3455720
2023-04-12,9.510000228881836,9.600000381469727,9.300000190734863,9.390000343322754,3366721
2023-04-13,9.390000343322754,9.649999618530273,9.319999694824219,9.600000381469727,5428320
2023-04-18,9.600000381469727,10.09000015258789,9.579999923706055,9.989999771118164,6343711
2023-04-19,9.989999771118164,10.229999542236328,9.899999618530273,10.130000114440918,4845174
2023-04-26,10.130000114440918,10.279999732971191,9.9399995803833,10.180000305175781,2888228
2023-04-27,10.180000305175781,10.789999961853027,10.199999809265137,10.739999771118164,7165916
2023-04-30,10.739999771118164,11.079999923706055,10.479999542236328,10.520000457763672,4870472
2023-05-01,10.520000457763672,10.520000457763672,10.520000457763672,10.520000457763672,0
2023-05-02,9.390000343322754,9.640000343322754,9.350000381469727,9.420000076293945,9158926
2023-05-03,9.420000076293945,9.619999885559082,9.079999923706055,9.3100004196167,9496345
2023-05-07,9.3100004196167,9.319999694824219,9.0,9.09000015258789,8719054
2023-05-08,9.09000015258789,9.760000228881836,9.149999618530273,9.75,10543985
2023-05-09,9.75,9.970000267028809,9.40999984741211,9.40999984741211,8163755
2023-05-10,9.40999984741211,9.609999656677246,9.270000457763672,9.600000381469727,5722908
2023-05-11,9.600000381469727,9.6899995803833,9.319999694824219,9.319999694824219,6597982
2023-05-14,9.319999694824219,9.449999809265137,9.010000228881836,9.1899995803833,8119681
2023-05-15,9.1899995803833,9.319999694824219,8.890000343322754,8.930000305175781,7482115
2023-05-16,8.930000305175781,8.899999618530273,8.520000457763672,8.699999809265137,10059254
2023-05-17,8.699999809265137,8.8100004196167,8.25,8.34000015258789,5399709
2023-05-18,8.34000015258789,8.4399995803833,8.050000190734863,8.34000015258789,5025675
2023-05-21,8.34000015258789,8.489999771118164,8.239999771118164,8.260000228881836,4378618
2023-05-22,8.260000228881836,8.430000305175781,8.149999618530273,8.149999618530273,5100071
2023-05-23,8.149999618530273,8.25,8.0,8.199999809265137,4386173
2023-05-24,8.199999809265137,8.5,8.210000038146973,8.5,3966565
2023-05-25,8.5,8.600000381469727,8.3100004196167,8.34000015258789,4760819
2023-05-28,8.34000015258789,8.420000076293945,8.199999809265137,8.25,4209854
2023-05-29,8.25,8.34000015258789,8.130000114440918,8.239999771118164,5451223
2023-05-30,8.239999771118164,8.569999694824219,8.300000190734863,8.5,7404374
2023-05-31,8.5,8.640000343322754,8.329999923706055,8.359999656677246,5755065
2023-06-01,8.359999656677246,8.470000267028809,8.350000381469727,8.369999885559082,1952593
2023-06-04,8.369999885559082,8.5,8.25,8.359999656677246,3253106
2023-06-05,8.359999656677246,8.40999984741211,8.100000381469727,8.170000076293945,3534708
2023-06-06,8.170000076293945,8.369999885559082,8.140000343322754,8.260000228881836,9207485
2023-06-07,8.260000228881836,8.350000381469727,8.149999618530273,8.149999618530273,4073065
2023-06-08,8.149999618530273,8.319999694824219,8.149999618530273,8.300000190734863,3173539
2023-06-11,8.300000190734863,8.550000190734863,8.350000381469727,8.479999542236328,6083388
2023-06-12,8.479999542236328,8.640000343322754,8.460000038146973,8.520000457763672,2466588
2023-06-13,8.520000457763672,8.710000038146973,8.510000228881836,8.539999961853027,5826665
2023-06-14,8.539999961853027,8.619999885559082,8.399999618530273,8.430000305175781,3729714
2023-06-15,8.430000305175781,8.460000038146973,8.300000190734863,8.300000190734863,2586468
2023-06-18,8.300000190734863,8.399999618530273,8.289999961853027,8.399999618530273,2786190
2023-06-19,8.399999618530273,8.4399995803833,8.279999732971191,8.3100004196167,3420475
2023-06-20,8.3100004196167,8.380000114440918,8.289999961853027,8.300000190734863,3005935
2023-06-21,8.300000190734863,8.350000381469727,8.149999618530273,8.149999618530273,2444301
2023-06-22,8.149999618530273,8.199999809265137,8.050000190734863,8.149999618530273,3311652
2023-06-25,8.149999618530273,8.260000228881836,8.0600004196167,8.069999694824219,2718413
2023-06-26,8.069999694824219,8.130000114440918,8.0600004196167,8.119999885559082,2509349
2023-07-04,8.119999885559082,8.25,8.050000190734863,8.079999923706055,2494651
2023-07-05,8.079999923706055,8.220000267028809,8.050000190734863,8.079999923706055,3148665
2023-07-06,8.079999923706055,8.15999984741211,8.0,8.0,2119070
2023-07-09,8.0,8.020000457763672,7.599999904632568,7.659999847412109,2557779
2023-07-10,7.659999847412109,7.949999809265137,7.599999904632568,7.880000114440918,1254946
2023-07-11,7.880000114440918,8.229999542236328,7.829999923706055,8.140000343322754,4256004
2023-07-12,8.140000343322754,8.220000267028809,8.0600004196167,8.0600004196167,2276407
2023-07-13,8.0600004196167,8.75,8.100000381469727,8.680000305175781,14527766
2023-07-16,8.680000305175781,8.770000457763672,8.449999809265137,8.470000267028809,4928453
2023-07-17,8.470000267028809,8.5600004196167,8.399999618530273,8.479999542236328,2038881
2023-07-18,8.479999542236328,8.640000343322754,8.460000038146973,8.569999694824219,2555780
2023-07-19,8.569999694824219,8.569999694824219,8.569999694824219,8.569999694824219,0
2023-07-24,8.5,8.539999961853027,8.34000015258789,8.399999618530273,734874
2023-07-25,8.399999618530273,8.579999923706055,8.390000343322754,8.4399995803833,1563155
2023-07-26,8.4399995803833,8.489999771118164,8.369999885559082,8.479999542236328,1327513
2023-07-27,8.479999542236328,8.539999961853027,8.420000076293945,8.539999961853027,1911131
2023-07-30,8.539999961853027,9.0,8.539999961853027,8.890000343322754,9326126
2023-07-31,8.890000343322754,8.970000267028809,8.729999542236328,8.869999885559082,2321871
2023-08-01,8.869999885559082,8.899999618530273,8.329999923706055,8.399999618530273,16793031
2023-08-02,8.399999618530273,8.420000076293945,8.029999732971191,8.069999694824219,8096828
2023-08-03,8.069999694824219,8.149999618530273,8.020000457763672,8.079999923706055,2371298
2023-08-06,8.079999923706055,8.1899995803833,8.069999694824219,8.180000305175781,2189710
2023-08-07,8.180000305175781,8.279999732971191,8.170000076293945,8.210000038146973,2130198
2023-08-08,8.210000038146973,8.350000381469727,8.170000076293945,8.1899995803833,2163042
2023-08-09,8.1899995803833,8.239999771118164,8.100000381469727,8.100000381469727,2251936
2023-08-10,8.100000381469727,8.220000267028809,8.079999923706055,8.100000381469727,1811033
2023-08-13,8.100000381469727,8.289999961853027,8.130000114440918,8.220000267028809,1613342
2023-08-14,8.220000267028809,8.34000015258789,8.199999809265137,8.210000038146973,2204413
2023-08-15,8.210000038146973,8.289999961853027,8.15999984741211,8.180000305175781,1464593
2023-08-16,8.180000305175781,8.25,8.119999885559082,8.149999618530273,1166871
2023-08-17,8.149999618530273,8.210000038146973,8.069999694824219,8.119999885559082,713120
2023-08-20,8.119999885559082,8.199999809265137,8.119999885559082,8.119999885559082,636219
2023-08-21,8.119999885559082,8.180000305175781,8.079999923706055,8.100000381469727,817439
2023-08-22,8.100000381469727,8.220000267028809,8.109999656677246,8.140000343322754,1595139
2023-08-23,8.140000343322754,8.359999656677246,8.170000076293945,8.1899995803833,3129320
2023-08-24,8.1899995803833,8.260000228881836,8.149999618530273,8.170000076293945,1062700
2023-08-27,8.170000076293945,8.319999694824219,8.199999809265137,8.289999961853027,2120703
2023-08-28,8.289999961853027,8.4399995803833,8.270000457763672,8.270000457763672,2255784
2023-08-29,8.270000457763672,8.369999885559082,8.25,8.260000228881836,1923951
2023-08-30,8.260000228881836,8.319999694824219,8.210000038146973,8.239999771118164,1977989
2023-08-31,8.239999771118164,8.239999771118164,8.239999771118164,8.239999771118164,0
2023-09-03,8.270000457763672,8.460000038146973,8.260000228881836,8.34000015258789,4612372
2023-09-04,8.34000015258789,8.430000305175781,8.300000190734863,8.3100004196167,1792796
2023-09-05,8.3100004196167,8.390000343322754,8.270000457763672,8.270000457763672,1147601
2023-09-06,8.270000457763672,8.430000305175781,8.270000457763672,8.380000114440918,2470907
2023-09-07,8.380000114440918,8.550000190734863,8.380000114440918,8.539999961853027,2982568
2023-09-10,8.539999961853027,8.539999961853027,8.539999961853027,8.539999961853027,0
2023-09-11,8.789999961853027,8.890000343322754,8.680000305175781,8.789999961853027,4244413
2023-09-12,8.789999961853027,8.890000343322754,8.670000076293945,8.859999656677246,2908970
2023-09-13,8.859999656677246,8.970000267028809,8.850000381469727,8.899999618530273,3754803
2023-09-14,8.899999618530273,8.949999809265137,8.760000228881836,8.789999961853027,1193693
2023-09-17,8.789999961853027,8.949999809265137,8.779999732971191,8.829999923706055,1938091
2023-09-18,8.829999923706055,8.90999984741211,8.84000015258789,8.869999885559082,1273228
2023-09-19,8.869999885559082,8.90999984741211,8.800000190734863,8.899999618530273,1750190
2023-09-20,8.899999618530273,8.899999618530273,8.899999618530273,8.899999618530273,0
2023-09-21,8.899999618530273,8.899999618530273,8.899999618530273,8.899999618530273,0
2023-09-24,8.899999618530273,8.899999618530273,8.899999618530273,8.899999618530273,0
2023-09-25,9.529999732971191,9.850000381469727,9.460000038146973,9.529999732971191,3510332
2023-09-26,9.529999732971191,9.710000038146973,9.220000267028809,9.3100004196167,3676356
2023-09-27,9.3100004196167,9.3100004196167,9.3100004196167,9.3100004196167,0
2023-10-01,9.3100004196167,9.3100004196167,9.3100004196167,9.3100004196167,0
2023-10-02,9.600000381469727,9.699999809265137,8.920000076293945,9.289999961853027,3618445
2023-10-03,9.289999961853027,9.300000190734863,8.5600004196167,8.5600004196167,3766298
2023-10-04,8.5600004196167,9.09000015258789,8.5600004196167,9.0600004196167,1972005
2023-10-08,9.0600004196167,9.010000228881836,8.100000381469727,8.850000381469727,2785803
2023-10-09,8.850000381469727,8.850000381469727,8.569999694824219,8.789999961853027,1521567
2023-10-10,8.789999961853027,9.039999961853027,8.670000076293945,8.970000267028809,1912937
2023-10-11,8.970000267028809,9.050000190734863,8.600000381469727,8.640000343322754,2121149
2023-10-12,8.640000343322754,8.800000190734863,8.460000038146973,8.600000381469727,2391926
2023-10-15,8.600000381469727,9.449999809265137,8.899999618530273,9.0600004196167,5355092
2023-10-16,9.0600004196167,9.600000381469727,9.109999656677246,9.369999885559082,6837435
2023-10-17,9.369999885559082,9.850000381469727,9.140000343322754,9.850000381469727,8279335
2023-10-18,9.850000381469727,10.59000015258789,9.850000381469727,10.260000228881836,23079500
2023-10-19,10.260000228881836,10.260000228881836,10.260000228881836,10.260000228881836,0
2023-10-22,10.510000228881836,10.949999809265137,10.529999732971191,10.609999656677246,5702027
2023-10-23,10.609999656677246,11.649999618530273,10.710000038146973,11.489999771118164,24761898
2023-10-24,11.489999771118164,12.359999656677246,11.640000343322754,12.15999984741211,18565158
2023-10-25,12.15999984741211,12.510000228881836,11.930000305175781,12.079999923706055,9833718
2023-10-26,12.079999923706055,12.279999732971191,11.510000228881836,11.6899995803833,6863032
2023-10-29,11.6899995803833,11.8100004196167,11.140000343322754,11.319999694824219,6384219
2023-10-30,11.319999694824219,12.0,11.300000190734863,11.899999618530273,7245516
2023-10-31,11.899999618530273,12.199999809265137,11.170000076293945,11.25,6048562
2023-11-01,11.25,11.699999809265137,11.149999618530273,11.510000228881836,3899896
2023-11-02,11.510000228881836,11.699999809265137,11.279999732971191,11.279999732971191,4185267
2023-11-05,11.279999732971191,11.600000381469727,10.850000381469727,11.199999809265137,7741247
2023-11-06,11.199999809265137,10.930000305175781,10.199999809265137,10.270000457763672,8650811
2023-11-07,10.270000457763672,10.399999618530273,9.930000305175781,10.180000305175781,7220066
2023-11-08,10.180000305175781,10.399999618530273,10.050000190734863,10.15999984741211,8124955
2023-11-09,10.15999984741211,10.260000228881836,9.930000305175781,9.949999809265137,8015180
2023-11-12,9.949999809265137,10.130000114440918,9.649999618530273,9.770000457763672,5873135
2023-11-13,9.770000457763672,9.819999694824219,9.670000076293945,9.720000267028809,3298651
2023-11-14,9.720000267028809,10.239999771118164,9.720000267028809,10.020000457763672,7529458
2023-11-15,10.020000457763672,10.210000038146973,9.8100004196167,9.880000114440918,5585209
2023-11-16,9.880000114440918,9.979999542236328,9.850000381469727,9.880000114440918,5107561
2023-11-19,9.880000114440918,10.220000267028809,9.890000343322754,10.220000267028809,11846423
2023-11-20,10.220000267028809,10.479999542236328,10.0600004196167,10.109999656677246,11583347
2023-11-21,10.109999656677246,10.180000305175781,9.960000038146973,10.0,10928317
2023-11-22,10.0,10.119999885559082,9.989999771118164,10.0600004196167,4961310
2023-11-23,10.0600004196167,10.170000076293945,10.0600004196167,10.109999656677246,4792662
2023-11-26,10.109999656677246,10.210000038146973,10.039999961853027,10.050000190734863,4080593
2023-11-27,10.050000190734863,10.140000343322754,9.899999618530273,9.949999809265137,5049428
2023-11-28,9.949999809265137,10.050000190734863,9.869999885559082,9.90999984741211,4158824
2023-11-29,9.90999984741211,10.25,9.9399995803833,10.25,7967294
2023-11-30,10.25,10.75,10.319999694824219,10.630000114440918,20116956
2023-12-03,10.630000114440918,10.949999809265137,10.630000114440918,10.869999885559082,8573445
2023-12-04,10.869999885559082,10.979999542236328,10.739999771118164,10.75,5748243
2023-12-05,10.75,10.829999923706055,10.5600004196167,10.579999923706055,5341291
2023-12-06,10.579999923706055,10.670000076293945,10.199999809265137,10.220000267028809,5051172
2023-12-07,10.220000267028809,10.220000267028809,9.90999984741211,10.220000267028809,4588572
2023-12-10,10.220000267028809,10.279999732971191,9.899999618530273,9.930000305175781,2899528
2023-12-11,9.930000305175781,9.899999618530273,9.569999694824219,9.600000381469727,3361696
2023-12-12,9.600000381469727,9.829999923706055,9.5,9.529999732971191,3061225
2023-12-13,9.529999732971191,9.979999542236328,9.5600004196167,9.960000038146973,5863230
2023-12-14,9.960000038146973,10.09000015258789,9.819999694824219,9.859999656677246,3215349
2023-12-17,9.859999656677246,10.069999694824219,9.899999618530273,9.989999771118164,1803888
2023-12-18,9.989999771118164,10.199999809265137,9.989999771118164,10.0600004196167,3032151
2023-12-19,10.0600004196167,10.15999984741211,9.960000038146973,9.970000267028809,2923199
2023-12-20,9.970000267028809,10.079999923706055,9.949999809265137,9.960000038146973,2863143
2023-12-21,9.960000038146973,10.069999694824219,9.770000457763672,9.829999923706055,3726518
2023-12-24,9.829999923706055,9.829999923706055,9.829999923706055,9.829999923706055,0
2023-12-25,9.34000015258789,9.380000114440918,8.920000076293945,9.15999984741211,4040960
2023-12-26,9.15999984741211,9.399999618530273,9.199999809265137,9.380000114440918,6361177
2023-12-27,9.380000114440918,9.930000305175781,9.420000076293945,9.90999984741211,3933597
2023-12-28,9.90999984741211,9.970000267028809,9.779999732971191,9.84000015258789,3008109
2023-12-31,9.84000015258789,9.899999618530273,9.800000190734863,9.859999656677246,2265893
2024-01-02,9.859999656677246,10.100000381469727,9.899999618530273,10.0600004196167,2005886
2024-01-03,10.0600004196167,10.149999618530273,10.020000457763672,10.050000190734863,1939994
2024-01-04,10.050000190734863,10.15999984741211,10.020000457763672,10.029999732971191,1581511
2024-01-08,10.029999732971191,10.069999694824219,9.9399995803833,9.970000267028809,1499163
2024-01-09,9.970000267028809,10.140000343322754,9.979999542236328,10.130000114440918,1654483
2024-01-10,10.130000114440918,10.350000381469727,10.15999984741211,10.170000076293945,3878781
2024-01-11,10.170000076293945,10.229999542236328,10.0,10.100000381469727,1610729
2024-01-14,10.100000381469727,10.279999732971191,10.069999694824219,10.149999618530273,6356464
2024-01-15,10.149999618530273,10.229999542236328,10.09000015258789,10.130000114440918,4307446
2024-01-16,10.130000114440918,10.550000190734863,10.050000190734863,10.5,15334815
2024-01-17,10.5,10.699999809265137,10.359999656677246,10.399999618530273,10092559
2024-01-18,10.399999618530273,10.479999542236328,10.3100004196167,10.369999885559082,2177702
2024-01-21,10.369999885559082,10.949999809265137,10.449999809265137,10.9399995803833,14437801
2024-01-22,10.9399995803833,11.119999885559082,10.720000267028809,10.779999732971191,14584345
2024-01-23,10.779999732971191,10.899999618530273,10.550000190734863,10.5600004196167,5176597
2024-01-24,10.5600004196167,10.75,10.550000190734863,10.720000267028809,4390994
2024-01-28,10.720000267028809,11.899999618530273,10.880000114440918,11.359999656677246,20446637
2024-01-29,11.359999656677246,11.550000190734863,11.010000228881836,11.069999694824219,12368338
2024-01-30,11.069999694824219,11.199999809265137,10.770000457763672,10.800000190734863,9456689
2024-01-31,10.800000190734863,10.930000305175781,9.5,9.630000114440918,19639231
2024-02-01,9.630000114440918,10.069999694824219,8.0,10.0,11441774
2024-02-04,10.0,10.039999961853027,9.649999618530273,9.770000457763672,4345484
2024-02-05,9.770000457763672,9.9399995803833,9.779999732971191,9.84000015258789,3441949
2024-02-06,9.84000015258789,10.180000305175781,9.380000114440918,9.470000267028809,8299765
2024-02-07,9.470000267028809,9.850000381469727,9.489999771118164,9.800000190734863,3130911
2024-02-08,9.800000190734863,10.0,9.770000457763672,9.899999618530273,2638252
2024-02-11,9.899999618530273,9.949999809265137,9.609999656677246,9.6899995803833,2848785
2024-02-12,9.6899995803833,9.75,9.390000343322754,9.600000381469727,2384530
2024-02-13,9.600000381469727,9.859999656677246,9.600000381469727,9.710000038146973,2935375
2024-02-14,9.710000038146973,10.180000305175781,9.710000038146973,10.180000305175781,7932627
2024-02-15,10.180000305175781,10.350000381469727,10.039999961853027,10.050000190734863,7794278
2024-02-18,10.050000190734863,10.050000190734863,10.050000190734863,10.050000190734863,0
2024-02-19,9.90999984741211,10.149999618530273,9.899999618530273,10.050000190734863,20626348
2024-02-20,10.050000190734863,10.329999923706055,10.0,10.0,8106261
2024-02-21,10.0,10.079999923706055,9.899999618530273,9.930000305175781,4220526
2024-02-22,9.930000305175781,10.079999923706055,9.880000114440918,9.960000038146973,5088608
2024-02-25,9.960000038146973,9.600000381469727,9.0,9.0,10174757
2024-02-26,9.0,9.5600004196167,9.09000015258789,9.319999694824219,7113182
2024-02-27,9.319999694824219,9.5,9.149999618530273,9.199999809265137,5260822
2024-02-28,9.199999809265137,9.369999885559082,9.140000343322754,9.270000457763672,3328775
2024-02-29,9.270000457763672,9.40999984741211,9.0600004196167,9.239999771118164,2929938
2024-03-03,9.239999771118164,9.289999961853027,8.880000114440918,8.920000076293945,4334313
2024-03-04,8.920000076293945,9.350000381469727,8.930000305175781,9.350000381469727,4621314
2024-03-05,9.350000381469727,9.40999984741211,9.149999618530273,9.25,2522849
2024-03-06,9.25,10.1899995803833,9.270000457763672,9.369999885559082,11780473
2024-03-07,9.369999885559082,9.65999984741211,9.170000076293945,9.25,2700523
2024-03-10,9.25,9.460000038146973,9.229999542236328,9.34000015258789,3463355
2024-03-11,9.34000015258789,9.489999771118164,9.09000015258789,9.170000076293945,6380249
2024-03-12,9.170000076293945,9.25,8.899999618530273,8.899999618530273,2647781
2024-03-13,8.899999618530273,8.949999809265137,8.15999984741211,8.199999809265137,6165164
2024-03-14,8.199999809265137,8.350000381469727,8.0,8.170000076293945,6300776
2024-03-17,8.170000076293945,8.279999732971191,7.840000152587891,7.840000152587891,5886675
2024-03-18,7.840000152587891,7.900000095367432,7.039999961853027,7.039999961853027,4768795
2024-03-19,7.039999961853027,7.320000171661377,6.949999809265137,7.300000190734863,7172248
2024-03-20,7.300000190734863,7.510000228881836,7.150000095367432,7.210000038146973,4594248
2024-03-21,7.210000038146973,7.420000076293945,7.119999885559082,7.400000095367432,4264189
2024-03-24,7.400000095367432,7.760000228881836,7.46999979019165,7.75,7028152
2024-03-25,7.75,7.829999923706055,7.639999866485596,7.78000020980835,2423274
2024-03-26,7.78000020980835,7.849999904632568,7.579999923706055,7.599999904632568,4016368
2024-03-27,7.599999904632568,7.619999885559082,7.349999904632568,7.519999980926514,3960768
2024-03-28,7.519999980926514,7.550000190734863,7.380000114440918,7.489999771118164,1501704
2024-03-31,7.489999771118164,7.53000020980835,7.25,7.329999923706055,1262999
2024-04-01,7.329999923706055,7.579999923706055,7.329999923706055,7.559999942779541,1593735
2024-04-02,7.559999942779541,7.849999904632568,7.510000228881836,7.769999980926514,3667760
2024-04-03,7.769999980926514,7.860000133514404,7.659999847412109,7.840000152587891,3355481
2024-04-04,7.840000152587891,8.130000114440918,7.860000133514404,7.949999809265137,5472747
2024-04-07,7.949999809265137,8.359999656677246,8.039999961853027,8.210000038146973,7801534
2024-04-08,8.210000038146973,8.329999923706055,8.149999618530273,8.3100004196167,2502968
2024-04-15,8.3100004196167,8.470000267028809,8.279999732971191,8.470000267028809,6882688
2024-04-16,8.470000267028809,8.489999771118164,8.329999923706055,8.350000381469727,3656368
2024-04-17,8.350000381469727,8.40999984741211,8.300000190734863,8.350000381469727,3091423
2024-04-18,8.350000381469727,8.399999618530273,7.71999979019165,7.800000190734863,2984519
2024-04-21,7.800000190734863,8.0600004196167,7.900000095367432,8.029999732971191,3286407
2024-04-22,8.029999732971191,8.100000381469727,7.869999885559082,7.900000095367432,1169214
2024-04-23,7.900000095367432,7.949999809265137,7.139999866485596,7.269999980926514,2989250
2024-04-24,7.269999980926514,7.340000152587891,6.96999979019165,7.159999847412109,4247364
2024-04-28,7.159999847412109,7.159999847412109,7.159999847412109,7.159999847412109,0
2024-04-29,7.010000228881836,7.21999979019165,7.0,7.210000038146973,5662641
2024-04-30,7.210000038146973,7.380000114440918,6.880000114440918,6.889999866485596,5222390
2024-05-02,7.019999980926514,7.170000076293945,6.96999979019165,7.110000133514404,2163288
2024-05-07,7.110000133514404,7.340000152587891,7.039999961853027,7.179999828338623,6298948
2024-05-08,7.179999828338623,7.260000228881836,7.139999866485596,7.150000095367432,2018960
2024-05-09,7.150000095367432,7.21999979019165,7.070000171661377,7.119999885559082,1517417
2024-05-12,7.119999885559082,7.179999828338623,6.849999904632568,6.849999904632568,1365982
2024-05-13,6.849999904632568,6.940000057220459,6.579999923706055,6.800000190734863,1799514
2024-05-14,6.800000190734863,6.889999866485596,6.610000133514404,6.639999866485596,1230536
2024-05-15,6.639999866485596,6.679999828338623,6.550000190734863,6.579999923706055,1523129
2024-05-16,6.579999923706055,6.860000133514404,6.590000152587891,6.840000152587891,1937311
2024-05-19,6.840000152587891,8.199999809265137,6.860000133514404,8.199999809265137,17514716
2024-05-20,8.199999809265137,8.390000343322754,7.960000038146973,8.300000190734863,9315823
2024-05-21,8.300000190734863,9.109999656677246,8.25,8.760000228881836,20646869
2024-05-22,8.760000228881836,8.760000228881836,8.40999984741211,8.59000015258789,5016208
2024-05-23,8.59000015258789,8.680000305175781,8.380000114440918,8.4399995803833,2894466
2024-05-26,8.4399995803833,8.4399995803833,8.4399995803833,8.4399995803833,0
2024-05-27,9.079999923706055,9.1899995803833,8.640000343322754,8.859999656677246,6093466
2024-05-28,8.859999656677246,8.920000076293945,8.5,8.869999885559082,2391798
2024-05-29,8.869999885559082,9.300000190734863,8.850000381469727,9.09000015258789,13665151
2024-05-30,9.09000015258789,9.180000305175781,8.9399995803833,9.100000381469727,4596644
2024-06-02,9.100000381469727,9.850000381469727,9.149999618530273,9.619999885559082,23509074
2024-06-03,9.619999885559082,9.680000305175781,9.279999732971191,9.350000381469727,7171224
2024-06-04,9.350000381469727,9.510000228881836,9.239999771118164,9.300000190734863,4990718
2024-06-05,9.300000190734863,9.350000381469727,8.699999809265137,9.100000381469727,8433558
2024-06-06,9.100000381469727,9.170000076293945,8.819999694824219,8.819999694824219,3870467
2024-06-09,8.819999694824219,8.899999618530273,8.649999618530273,8.729999542236328,4846278
2024-06-10,8.729999542236328,9.25,8.699999809265137,9.1899995803833,8324813
2024-06-11,9.1899995803833,9.350000381469727,9.029999732971191,9.149999618530273,4851431
2024-06-12,9.149999618530273,9.229999542236328,9.069999694824219,9.100000381469727,2894457
2024-06-13,9.100000381469727,9.399999618530273,9.029999732971191,9.199999809265137,4267608
2024-06-23,9.199999809265137,9.369999885559082,9.1899995803833,9.3100004196167,1416992
2024-06-24,9.3100004196167,9.470000267028809,9.25,9.25,3685342
2024-06-25,9.25,9.289999961853027,9.0,9.220000267028809,1777736
2024-06-26,9.220000267028809,9.699999809265137,9.170000076293945,9.520000457763672,13141076
2024-06-27,9.520000457763672,9.800000190734863,9.520000457763672,9.699999809265137,4387041
2024-07-02,9.5,9.59000015258789,9.180000305175781,9.199999809265137,4381169
2024-07-03,9.199999809265137,9.300000190734863,9.09000015258789,9.130000114440918,2564309
2024-07-04,9.130000114440918,9.399999618530273,9.130000114440918,9.220000267028809,4059758
2024-07-07,9.220000267028809,9.289999961853027,9.020000457763672,9.020000457763672,2025764
2024-07-08,9.020000457763672,9.199999809265137,9.020000457763672,9.0600004196167,2751871
2024-07-09,9.0600004196167,9.119999885559082,8.8100004196167,8.829999923706055,3143202
2024-07-10,8.829999923706055,9.029999732971191,8.680000305175781,8.699999809265137,2310841
2024-07-14,8.699999809265137,8.84000015258789,8.520000457763672,8.539999961853027,1648266
2024-07-15,8.539999961853027,8.710000038146973,8.5600004196167,8.619999885559082,915203
2024-07-16,8.619999885559082,8.699999809265137,8.59000015258789,8.649999618530273,807822
2024-07-17,8.649999618530273,8.859999656677246,8.600000381469727,8.800000190734863,1888422
2024-07-18,8.800000190734863,8.960000038146973,8.75,8.75,1442671
2024-07-21,8.75,8.930000305175781,8.710000038146973,8.84000015258789,4270840
2024-07-22,8.84000015258789,9.359999656677246,8.859999656677246,9.100000381469727,9360963
2024-07-23,9.100000381469727,9.229999542236328,9.079999923706055,9.079999923706055,1787402
2024-07-24,9.079999923706055,9.170000076293945,8.920000076293945,8.930000305175781,1463471
2024-07-28,8.930000305175781,9.270000457763672,8.869999885559082,8.90999984741211,4196927
2024-07-29,8.90999984741211,9.100000381469727,8.869999885559082,8.899999618530273,2788549
2024-07-30,8.899999618530273,9.09000015258789,8.880000114440918,9.069999694824219,2990439
2024-07-31,9.069999694824219,9.239999771118164,9.020000457763672,9.239999771118164,3760925
2024-08-01,9.239999771118164,9.390000343322754,9.140000343322754,9.140000343322754,4281728
2024-08-04,9.140000343322754,9.0,8.720000267028809,8.800000190734863,3027140
2024-08-05,8.800000190734863,8.779999732971191,7.5,8.289999961853027,3205822
2024-08-06,8.289999961853027,8.960000038146973,8.319999694824219,8.90999984741211,4824227
2024-08-07,8.90999984741211,9.0,8.770000457763672,8.869999885559082,2485851
2024-08-08,8.869999885559082,9.0,8.800000190734863,8.8100004196167,1187901
2024-08-11,8.8100004196167,9.100000381469727,8.84000015258789,9.0,1729966
2024-08-12,9.0,9.140000343322754,9.0,9.050000190734863,1786566
2024-08-13,9.050000190734863,9.119999885559082,8.890000343322754,8.920000076293945,837323
2024-08-14,8.920000076293945,9.210000038146973,8.930000305175781,9.199999809265137,2308813
2024-08-15,9.199999809265137,9.489999771118164,9.239999771118164,9.359999656677246,7630779
2024-08-18,9.359999656677246,9.489999771118164,9.229999542236328,9.279999732971191,1568175
2024-08-19,9.279999732971191,9.630000114440918,9.279999732971191,9.510000228881836,5322544
2024-08-20,9.510000228881836,9.65999984741211,9.34000015258789,9.539999961853027,2235300
2024-08-21,9.539999961853027,9.609999656677246,9.449999809265137,9.470000267028809,2756376
2024-08-22,9.470000267028809,9.550000190734863,9.399999618530273,9.4399995803833,1173927
2024-08-25,9.4399995803833,9.510000228881836,9.390000343322754,9.449999809265137,1873062
2024-08-26,9.449999809265137,9.5,9.279999732971191,9.359999656677246,1326004
2024-08-27,9.359999656677246,9.520000457763672,9.300000190734863,9.399999618530273,1541440
2024-08-28,9.399999618530273,9.470000267028809,9.319999694824219,9.399999618530273,945793
2024-08-29,9.399999618530273,9.619999885559082,9.329999923706055,9.350000381469727,5318813
2024-09-01,9.350000381469727,9.489999771118164,9.3100004196167,9.390000343322754,2032741
2024-09-02,9.390000343322754,9.739999771118164,9.460000038146973,9.619999885559082,7779549
2024-09-03,9.619999885559082,9.789999961853027,9.619999885559082,9.710000038146973,4066771
2024-09-04,9.710000038146973,9.699999809265137,9.489999771118164,9.670000076293945,3194602
2024-09-05,9.670000076293945,9.899999618530273,9.699999809265137,9.770000457763672,4716707
2024-09-08,9.770000457763672,9.859999656677246,9.5,9.59000015258789,2917853
2024-09-09,9.59000015258789,9.680000305175781,9.460000038146973,9.479999542236328,2214408
2024-09-10,9.479999542236328,9.600000381469727,9.210000038146973,9.220000267028809,2132885
2024-09-11,9.220000267028809,9.270000457763672,9.0,9.029999732971191,5742090
2024-09-12,9.029999732971191,9.149999618530273,8.720000267028809,8.720000267028809,10276679
2024-09-16,8.720000267028809,8.789999961853027,8.539999961853027,8.600000381469727,2270042
2024-09-17,8.600000381469727,8.720000267028809,8.529999732971191,8.569999694824219,2475169
2024-09-18,8.569999694824219,8.770000457763672,8.59000015258789,8.6899995803833,4181358
2024-09-19,8.6899995803833,8.899999618530273,8.699999809265137,8.8100004196167,4037265
2024-09-22,8.8100004196167,8.989999771118164,8.869999885559082,8.920000076293945,2971113
2024-09-23,8.920000076293945,9.039999961853027,8.84000015258789,8.890000343322754,2818031
2024-09-24,8.90999984741211,8.989999771118164,8.880000114440918,8.90999984741211,2207284
2024-09-25,8.890000343322754,9.0,8.899999618530273,8.90999984741211,1870249
2024-09-26,8.90999984741211,8.989999771118164,8.880000114440918,8.90999984741211,2207284
2024-09-29,8.90999984741211,8.960000038146973,8.859999656677246,8.90999984741211,1527354
2024-09-30,8.90999984741211,8.970000267028809,8.880000114440918,8.890000343322754,2170399
2024-10-01,8.890000343322754,8.960000038146973,8.890000343322754,8.90999984741211,1214165
2024-10-02,8.90999984741211,9.470000267028809,8.819999694824219,9.130000114440918,12880078
2024-10-03,9.130000114440918,9.329999923706055,9.149999618530273,9.229999542236328,2199661
2024-10-07,9.229999542236328,9.319999694824219,9.100000381469727,9.199999809265137,1594961
2024-10-08,9.199999809265137,9.25,8.699999809265137,8.779999732971191,3815756
2024-10-09,8.779999732971191,8.970000267028809,8.779999732971191,8.930000305175781,2695678
2024-10-10,8.930000305175781,8.4399995803833,8.199999809265137,8.279999732971191,4281052
2024-10-13,8.279999732971191,8.369999885559082,8.020000457763672,8.020000457763672,1099246
2024-10-14,8.020000457763672,8.25,7.900000095367432,8.130000114440918,1455853
2024-10-15,8.130000114440918,8.229999542236328,8.0,8.039999961853027,2161507
2024-10-16,8.039999961853027,8.199999809265137,8.029999732971191,8.039999961853027,2386135
2024-10-17,8.039999961853027,8.069999694824219,7.849999904632568,7.869999885559082,3568449
2024-10-20,7.869999885559082,8.0,7.5,7.599999904632568,4623167
2024-10-21,7.599999904632568,7.730000019073486,7.539999961853027,7.699999809265137,1641787
2024-10-22,7.699999809265137,7.829999923706055,7.710000038146973,7.829999923706055,3050397
2024-10-23,7.829999923706055,8.0600004196167,7.800000190734863,7.889999866485596,2952721
2024-10-24,7.889999866485596,8.0,7.849999904632568,7.96999979019165,2592417
2024-10-27,7.96999979019165,8.050000190734863,7.840000152587891,7.849999904632568,6633716
2024-10-28,7.849999904632568,7.900000095367432,7.599999904632568,7.679999828338623,6982074
2024-10-29,7.679999828338623,7.71999979019165,7.519999980926514,7.519999980926514,8119202
2024-10-30,7.519999980926514,7.590000152587891,7.5,7.539999961853027,3214447
2024-10-31,7.539999961853027,7.809999942779541,7.550000190734863,7.760000228881836,5211673
2024-11-03,7.760000228881836,7.949999809265137,7.760000228881836,7.900000095367432,6655006
2024-11-04,7.900000095367432,7.980000019073486,7.800000190734863,7.800000190734863,5264480
2024-11-05,7.800000190734863,7.860000133514404,7.739999771118164,7.75,1841409
2024-11-06,7.75,7.869999885559082,7.760000228881836,7.789999961853027,1887961
2024-11-07,7.789999961853027,7.849999904632568,7.78000020980835,7.800000190734863,1803395
2024-11-10,7.800000190734863,7.860000133514404,7.730000019073486,7.75,2379320
2024-11-11,7.75,7.829999923706055,7.71999979019165,7.730000019073486,3602393
2024-11-12,7.730000019073486,8.069999694824219,7.710000038146973,8.039999961853027,7024191
2024-11-13,8.039999961853027,8.149999618530273,7.920000076293945,7.949999809265137,6992949
2024-11-14,7.949999809265137,8.210000038146973,7.949999809265137,8.020000457763672,6608020
2024-11-17,8.020000457763672,8.109999656677246,7.929999828338623,8.100000381469727,3377938
2024-11-18,8.100000381469727,8.149999618530273,8.050000190734863,8.100000381469727,6622856
2024-11-19,8.100000381469727,8.140000343322754,7.980000019073486,8.010000228881836,4512490
2024-11-20,8.010000228881836,8.09000015258789,7.880000114440918,7.900000095367432,3056003
2024-11-21,7.900000095367432,8.010000228881836,7.869999885559082,7.869999885559082,1297070
2024-11-24,7.869999885559082,7.949999809265137,7.760000228881836,7.769999980926514,820318
2024-11-25,7.769999980926514,7.840000152587891,7.71999979019165,7.71999979019165,1116572
2024-11-26,7.71999979019165,7.840000152587891,7.739999771118164,7.739999771118164,975021
2024-11-27,7.739999771118164,7.809999942779541,7.579999923706055,7.630000114440918,1734515
2024-11-28,7.630000114440918,7.659999847412109,7.519999980926514,7.630000114440918,2126558
2024-12-01,7.630000114440918,7.739999771118164,7.659999847412109,7.679999828338623,2402416
2024-12-02,7.679999828338623,7.820000171661377,7.710000038146973,7.730000019073486,1518698
2024-12-03,7.730000019073486,7.760000228881836,7.659999847412109,7.659999847412109,1036454
2024-12-04,7.659999847412109,7.739999771118164,7.670000076293945,7.670000076293945,708336
2024-12-05,7.670000076293945,7.800000190734863,7.679999828338623,7.789999961853027,1449328
2024-12-08,7.789999961853027,7.920000076293945,7.800000190734863,7.809999942779541,1580688
2024-12-09,7.809999942779541,7.869999885559082,7.710000038146973,7.710000038146973,895586
2024-12-10,7.710000038146973,7.769999980926514,7.630000114440918,7.650000095367432,1518815
2024-12-11,7.650000095367432,7.699999809265137,7.599999904632568,7.599999904632568,795739
2024-12-12,7.599999904632568,7.690000057220459,7.599999904632568,7.619999885559082,1139561
2024-12-15,7.619999885559082,7.690000057220459,7.590000152587891,7.630000114440918,646926
2024-12-16,7.630000114440918,7.679999828338623,7.599999904632568,7.599999904632568,738819
2024-12-17,7.599999904632568,7.800000190734863,7.579999923706055,7.789999961853027,2471244
2024-12-18,7.789999961853027,7.849999904632568,7.599999904632568,7.619999885559082,1729665
2024-12-19,7.619999885559082,7.670000076293945,7.519999980926514,7.659999847412109,1218746
2024-12-22,7.659999847412109,7.739999771118164,7.619999885559082,7.630000114440918,432686
2024-12-23,7.630000114440918,7.710000038146973,7.610000133514404,7.699999809265137,1696477
2024-12-24,7.699999809265137,7.699999809265137,7.539999961853027,7.599999904632568,811302
2024-12-25,7.599999904632568,7.800000190734863,7.599999904632568,7.769999980926514,1833167
2024-12-26,7.769999980926514,7.800000190734863,7.679999828338623,7.690000057220459,460855
2024-12-29,7.690000057220459,7.760000228881836,7.579999923706055,7.579999923706055,511049
2024-12-30,7.579999923706055,7.650000095367432,7.199999809265137,7.25,1749445
2024-12-31,7.25,7.489999771118164,7.260000228881836,7.369999885559082,1277099
2025-01-02,7.369999885559082,7.599999904632568,7.400000095367432,7.519999980926514,740413
2025-01-05,7.519999980926514,7.610000133514404,7.519999980926514,7.519999980926514,1216384
2025-01-06,7.519999980926514,7.570000171661377,7.429999828338623,7.429999828338623,1005215
2025-01-08,7.429999828338623,7.519999980926514,7.409999847412109,7.440000057220459,713591
2025-01-09,7.440000057220459,7.489999771118164,7.429999828338623,7.449999809265137,628476
2025-01-12,7.449999809265137,7.769999980926514,7.369999885559082,7.760000228881836,4615832
2025-01-13,7.760000228881836,7.920000076293945,7.53000020980835,7.53000020980835,5428172
2025-01-14,7.53000020980835,7.699999809265137,7.429999828338623,7.539999961853027,1216198
2025-01-15,7.539999961853027,7.849999904632568,7.570000171661377,7.800000190734863,2330847
2025-01-16,7.800000190734863,7.909999847412109,7.78000020980835,7.800000190734863,2027203
2025-01-19,7.800000190734863,7.909999847412109,7.78000020980835,7.849999904632568,2665818
2025-01-20,7.809999942779541,7.860000133514404,7.690000057220459,7.690000057220459,927181
2025-01-21,7.690000057220459,7.769999980926514,7.659999847412109,7.699999809265137,590871
2025-01-22,7.699999809265137,7.789999961853027,7.710000038146973,7.75,862741
2025-01-23,7.75,7.809999942779541,7.690000057220459,7.699999809265137,1154453
2025-01-26,7.699999809265137,8.350000381469727,7.730000019073486,8.270000457763672,13901243
2025-01-27,8.270000457763672,8.390000343322754,8.0,8.0,6314396
2025-01-28,8.0,8.270000457763672,7.980000019073486,8.270000457763672,3413318
2025-01-29,8.270000457763672,8.270000457763672,8.100000381469727,8.130000114440918,2756030
2025-01-30,8.130000114440918,8.199999809265137,7.989999771118164,8.0,1672209
2025-02-02,8.0,8.210000038146973,7.869999885559082,8.039999961853027,2801545
2025-02-03,8.039999961853027,8.199999809265137,7.900000095367432,7.920000076293945,3429382
2025-02-04,7.920000076293945,8.079999923706055,7.889999866485596,7.920000076293945,1370138
2025-02-05,7.920000076293945,8.020000457763672,7.869999885559082,7.880000114440918,1066164
2025-02-06,7.880000114440918,7.940000057220459,7.769999980926514,7.800000190734863,3426035
2025-02-09,7.800000190734863,7.929999828338623,7.739999771118164,7.75,2617579
2025-02-10,7.75,7.829999923706055,7.71999979019165,7.75,1769269
2025-02-11,7.75,7.849999904632568,7.659999847412109,7.659999847412109,3888916
2025-02-12,7.659999847412109,7.829999923706055,7.510000228881836,7.800000190734863,4482605
2025-02-13,7.800000190734863,7.929999828338623,7.75,7.800000190734863,2892979
2025-02-16,7.800000190734863,7.889999866485596,7.769999980926514,7.800000190734863,7037166
2025-02-17,7.800000190734863,7.869999885559082,7.75,7.75,2071585
2025-02-18,7.75,8.050000190734863,7.739999771118164,7.980000019073486,4541935
2025-02-19,7.980000019073486,8.149999618530273,7.989999771118164,8.010000228881836,2390978
2025-02-20,8.010000228881836,8.119999885559082,7.980000019073486,8.109999656677246,2072657
2025-02-23,8.109999656677246,8.130000114440918,8.010000228881836,8.079999923706055,1704124
2025-02-24,8.079999923706055,8.100000381469727,7.960000038146973,7.960000038146973,1109368
2025-02-25,7.960000038146973,8.079999923706055,7.960000038146973,8.0,2749679
2025-02-26,8.0,8.039999961853027,7.900000095367432,7.900000095367432,805661
2025-02-27,7.900000095367432,8.010000228881836,7.900000095367432,7.900000095367432,602479
2025-03-02,7.900000095367432,8.0,7.900000095367432,7.949999809265137,378608
2025-03-03,7.949999809265137,8.039999961853027,7.929999828338623,7.940000057220459,1138817
2025-03-04,7.940000057220459,7.989999771118164,7.849999904632568,7.880000114440918,2013415
2025-03-05,7.880000114440918,7.960000038146973,7.730000019073486,7.739999771118164,1890705
2025-03-06,7.739999771118164,7.829999923706055,7.699999809265137,7.760000228881836,6005793
2025-03-09,7.760000228881836,7.829999923706055,7.75,7.760000228881836,1323974
2025-03-10,7.760000228881836,7.920000076293945,7.760000228881836,7.860000133514404,1958407
2025-03-11,7.860000133514404,7.900000095367432,7.800000190734863,7.900000095367432,722929
2025-03-12,7.900000095367432,7.900000095367432,7.809999942779541,7.809999942779541,881090
2025-03-13,7.809999942779541,7.929999828338623,7.769999980926514,7.820000171661377,2569862
2025-03-16,7.820000171661377,8.020000457763672,7.820000171661377,7.940000057220459,2459563
2025-03-17,7.940000057220459,8.020000457763672,7.840000152587891,7.849999904632568,1467947
2025-03-18,7.849999904632568,7.900000095367432,7.769999980926514,7.78000020980835,2874941
2025-03-19,7.78000020980835,7.840000152587891,7.730000019073486,7.730000019073486,2345822
2025-03-20,7.730000019073486,7.800000190734863,7.659999847412109,7.690000057220459,1627420
2025-03-23,7.690000057220459,7.840000152587891,7.650000095367432,7.730000019073486,2560381
2025-03-24,7.730000019073486,7.78000020980835,7.659999847412109,7.679999828338623,884078
2025-03-25,7.679999828338623,7.730000019073486,7.659999847412109,7.679999828338623,950549
2025-03-26,7.679999828338623,7.710000038146973,7.650000095367432,7.699999809265137,692753
2025-03-27,7.699999809265137,8.010000228881836,7.710000038146973,8.0,3197265
2025-04-03,8.0,8.0,7.860000133514404,7.929999828338623,976870
2025-04-06,7.929999828338623,7.75,7.400000095367432,7.539999961853027,2396227
2025-04-07,7.539999961853027,7.610000133514404,7.360000133514404,7.570000171661377,1545157
2025-04-08,7.570000171661377,7.710000038146973,7.599999904632568,7.670000076293945,1958451
2025-04-09,7.670000076293945,7.699999809265137,7.300000190734863,7.420000076293945,3023429
2025-04-10,7.420000076293945,7.650000095367432,7.53000020980835,7.550000190734863,1114355
2025-04-13,7.550000190734863,7.659999847412109,7.590000152587891,7.630000114440918,948811
2025-04-14,7.630000114440918,7.690000057220459,7.630000114440918,7.690000057220459,825106
2025-04-15,7.690000057220459,7.760000228881836,7.650000095367432,7.710000038146973,989169
2025-04-16,7.710000038146973,7.739999771118164,7.639999866485596,7.679999828338623,903053
2025-04-17,7.679999828338623,7.699999809265137,7.599999904632568,7.639999866485596,946018
2025-04-22,7.639999866485596,7.690000057220459,7.599999904632568,7.650000095367432,577672
2025-04-23,7.650000095367432,7.730000019073486,7.630000114440918,7.730000019073486,899798
2025-04-27,7.730000019073486,7.849999904632568,7.699999809265137,7.800000190734863,1480355
2025-04-28,7.800000190734863,7.849999904632568,7.71999979019165,7.800000190734863,1075330
2025-04-29,7.800000190734863,7.820000171661377,7.75,7.800000190734863,991939
2025-04-30,7.800000190734863,7.800000190734863,7.739999771118164,7.75,919533
2025-05-04,7.75,7.849999904632568,7.75,7.769999980926514,1021861
2025-05-05,7.769999980926514,7.829999923706055,7.710000038146973,7.739999771118164,1183647
2025-05-06,7.739999771118164,7.800000190734863,7.71999979019165,7.71999979019165,1077811
2025-05-07,7.71999979019165,7.769999980926514,7.650000095367432,7.659999847412109,2178055
2025-05-08,7.659999847412109,7.679999828338623,7.5,7.619999885559082,1987974
2025-05-11,7.619999885559082,7.670000076293945,7.539999961853027,7.559999942779541,780150
2025-05-12,7.559999942779541,7.610000133514404,7.53000020980835,7.559999942779541,804418
2025-05-13,7.559999942779541,7.599999904632568,7.519999980926514,7.519999980926514,1006016
2025-05-14,7.519999980926514,7.599999904632568,7.5,7.5,1394587
2025-05-15,7.5,7.53000020980835,7.460000038146973,7.46999979019165,1142816
2025-05-18,7.46999979019165,7.599999904632568,7.429999828338623,7.429999828338623,1334047
2025-05-19,7.429999828338623,7.489999771118164,7.400000095367432,7.400000095367432,778296
2025-05-20,7.400000095367432,7.5,7.400000095367432,7.420000076293945,1025570
2025-05-21,7.420000076293945,7.460000038146973,7.389999866485596,7.420000076293945,1275784
2025-05-22,7.420000076293945,7.449999809265137,7.400000095367432,7.440000057220459,898300
2025-05-25,7.440000057220459,7.579999923706055,7.429999828338623,7.53000020980835,1475881
2025-05-26,7.53000020980835,7.579999923706055,7.510000228881836,7.519999980926514,768602
2025-05-27,7.519999980926514,7.53000020980835,7.489999771118164,7.519999980926514,680933
2025-05-28,7.519999980926514,7.559999942779541,7.5,7.5,949336
2025-05-29,7.5,7.53000020980835,7.460000038146973,7.460000038146973,966066
2025-06-01,7.460000038146973,7.5,7.409999847412109,7.449999809265137,596934
2025-06-02,7.449999809265137,7.53000020980835,7.429999828338623,7.449999809265137,917190
2025-06-03,7.449999809265137,7.550000190734863,7.46999979019165,7.480000019073486,912765
2025-06-04,7.480000019073486,7.519999980926514,7.460000038146973,7.489999771118164,796879
2025-06-10,7.489999771118164,7.590000152587891,7.519999980926514,7.559999942779541,1734371
2025-06-11,7.559999942779541,7.630000114440918,7.53000020980835,7.539999961853027,1733392
2025-06-12,7.539999961853027,7.539999961853027,7.420000076293945,7.440000057220459,1427616
2025-06-15,7.440000057220459,7.309999942779541,7.010000228881836,7.21999979019165,1684670
2025-06-16,7.21999979019165,7.380000114440918,7.190000057220459,7.190000057220459,1061994
2025-06-17,7.190000057220459,7.239999771118164,7.079999923706055,7.090000152587891,878677
2025-06-18,7.090000152587891,7.139999866485596,7.019999980926514,7.059999942779541,848276
2025-06-19,7.059999942779541,7.099999904632568,6.96999979019165,7.010000228881836,1033667
2025-06-22,7.010000228881836,7.070000171661377,6.809999942779541,7.050000190734863,1047359
2025-06-23,7.050000190734863,7.619999885559082,7.099999904632568,7.610000133514404,7001870
2025-06-24,7.610000133514404,7.630000114440918,7.519999980926514,7.550000190734863,1669330
2025-06-25,7.550000190734863,7.590000152587891,7.489999771118164,7.539999961853027,1469392
2025-06-29,7.539999961853027,7.760000228881836,7.559999942779541,7.650000095367432,3508114
2025-06-30,7.650000095367432,7.679999828338623,7.400000095367432,7.429999828338623,5450817
2025-07-01,7.429999828338623,7.480000019073486,7.360000133514404,7.360000133514404,1685796
2025-07-02,7.360000133514404,7.429999828338623,7.369999885559082,7.389999866485596,852752
2025-07-06,7.389999866485596,7.449999809265137,7.400000095367432,7.409999847412109,1284724
2025-07-07,7.409999847412109,7.71999979019165,7.389999866485596,7.699999809265137,9442763
2025-07-09,7.699999809265137,7.880000114440918,7.619999885559082,7.699999809265137,5083683
2025-07-10,7.699999809265137,7.739999771118164,7.599999904632568,7.599999904632568,1891772
2025-07-13,7.599999904632568,7.650000095367432,7.5,7.550000190734863,2607197
2025-07-14,7.550000190734863,7.769999980926514,7.519999980926514,7.590000152587891,5986754
2025-07-15,7.590000152587891,7.820000171661377,7.630000114440918,7.710000038146973,17002266
2025-07-16,7.710000038146973,8.069999694824219,7.730000019073486,7.869999885559082,44218112
2025-07-17,7.869999885559082,8.0,7.769999980926514,7.769999980926514,18047070
2025-07-20,7.769999980926514,7.849999904632568,7.75,7.75,12842334
2025-07-21,7.75,7.820000171661377,7.659999847412109,7.679999828338623,20391084
2025-07-22,7.679999828338623,7.75,7.519999980926514,7.519999980926514,33608017
2025-07-23,7.519999980926514,7.519999980926514,7.519999980926514,7.519999980926514,0
2025-07-27,7.5,7.760000228881836,7.53000020980835,7.650000095367432,14420544
2025-07-28,7.650000095367432,7.809999942779541,7.53000020980835,7.550000190734863,20391971
2025-07-29,7.550000190734863,7.590000152587891,7.440000057220459,7.46999979019165,9663171
2025-07-30,7.46999979019165,7.639999866485596,7.210000038146973,7.25,16906679
2025-07-31,7.25,7.420000076293945,7.230000019073486,7.369999885559082,10810829
2025-08-03,7.369999885559082,7.369999885559082,7.369999885559082,7.369999885559082,0
2025-08-04,7.369999885559082,7.369999885559082,7.369999885559082,7.369999885559082,0
2025-08-05,7.369999885559082,7.369999885559082,7.369999885559082,7.369999885559082,0
2025-08-06,7.369999885559082,7.369999885559082,7.369999885559082,7.369999885559082,0
2025-08-07,7.369999885559082,7.369999885559082,7.369999885559082,7.369999885559082,0
2025-08-10,7.380000114440918,7.420000076293945,7.360000133514404,7.369999885559082,4421056
2025-08-11,7.369999885559082,7.409999847412109,7.309999942779541,7.309999942779541,10647703
2025-08-12,7.309999942779541,7.360000133514404,7.300000190734863,7.300000190734863,5433186
2025-08-13,7.300000190734863,7.349999904632568,7.25,7.260000228881836,4790572
2025-08-14,7.260000228881836,7.320000171661377,7.230000019073486,7.269999980926514,3005252
2025-08-17,7.269999980926514,7.289999961853027,7.239999771118164,7.269999980926514,2830524
2025-08-18,7.269999980926514,7.5,7.289999961853027,7.5,8767109
2025-08-19,7.5,7.659999847412109,7.46999979019165,7.480000019073486,10076452
2025-08-20,7.480000019073486,7.519999980926514,7.420000076293945,7.440000057220459,5976452
2025-08-21,7.440000057220459,7.480000019073486,7.400000095367432,7.409999847412109,2832588
2025-08-24,7.409999847412109,7.489999771118164,7.400000095367432,7.449999809265137,2398241
2025-08-25,7.449999809265137,7.46999979019165,7.389999866485596,7.420000076293945,2425029
2025-08-26,7.420000076293945,7.440000057220459,7.329999923706055,7.329999923706055,2648596
2025-08-27,7.329999923706055,7.409999847412109,7.340000152587891,7.380000114440918,2079599
2025-08-28,7.380000114440918,7.46999979019165,7.380000114440918,7.400000095367432,3410705
2025-08-31,7.400000095367432,7.460000038146973,7.340000152587891,7.360000133514404,2186391
2025-09-01,7.360000133514404,7.400000095367432,7.309999942779541,7.380000114440918,1844989
2025-09-02,7.380000114440918,7.420000076293945,7.349999904632568,7.369999885559082,1615393
2025-09-03,7.369999885559082,7.389999866485596,7.300000190734863,7.309999942779541,2089598
2025-09-07,7.309999942779541,7.360000133514404,7.289999961853027,7.309999942779541,1516134
2025-09-08,7.309999942779541,7.340000152587891,7.300000190734863,7.320000171661377,1761846
2025-09-09,7.320000171661377,7.360000133514404,7.309999942779541,7.309999942779541,1918538
2025-09-10,7.309999942779541,7.449999809265137,7.309999942779541,7.420000076293945,2134598
2025-09-11,7.420000076293945,7.460000038146973,7.409999847412109,7.409999847412109,1345377
2025-09-14,7.409999847412109,7.449999809265137,7.409999847412109,7.429999828338623,1047843
2025-09-15,7.429999828338623,7.449999809265137,7.380000114440918,7.389999866485596,1464675
2025-09-16,7.389999866485596,7.409999847412109,7.300000190734863,7.349999904632568,2412521
2025-09-17,7.349999904632568,7.460000038146973,7.309999942779541,7.440000057220459,2554650
2025-09-18,7.440000057220459,7.5,7.420000076293945,7.429999828338623,2019258
2025-09-21,7.429999828338623,7.480000019073486,7.409999847412109,7.420000076293945,990317
2025-09-22,7.420000076293945,7.460000038146973,7.380000114440918,7.389999866485596,1307901
2025-09-23,7.389999866485596,7.449999809265137,7.349999904632568,7.380000114440918,1156973
2025-09-24,7.380000114440918,7.480000019073486,7.380000114440918,7.480000019073486,2243577
2025-09-25,7.480000019073486,7.630000114440918,7.489999771118164,7.519999980926514,3869462
2025-09-28,7.519999980926514,7.650000095367432,7.570000171661377,7.579999923706055,3784332
2025-09-29,7.579999923706055,7.659999847412109,7.53000020980835,7.550000190734863,4792329
2025-09-30,7.550000190734863,7.610000133514404,7.550000190734863,7.570000171661377,5248273
2025-10-01,7.570000171661377,7.610000133514404,7.519999980926514,7.550000190734863,4142639
2025-10-02,7.550000190734863,7.610000133514404,7.53000020980835,7.559999942779541,1763694
2025-10-05,7.559999942779541,7.690000057220459,7.579999923706055,7.690000057220459,3408551
2025-10-06,7.690000057220459,7.78000020980835,7.670000076293945,7.699999809265137,7276364
2025-10-07,7.699999809265137,7.75,7.670000076293945,7.679999828338623,2516053
2025-10-08,7.679999828338623,7.690000057220459,7.619999885559082,7.619999885559082,3669189
2025-10-12,7.619999885559082,7.639999866485596,7.539999961853027,7.559999942779541,6998296
2025-10-13,7.559999942779541,6.920000076293945,6.769999980926514,6.900000095367432,8265182
2025-10-14,6.900000095367432,6.949999809265137,6.880000114440918,6.880000114440918,2724602
2025-10-15,6.880000114440918,6.889999866485596,6.840000152587891,6.860000133514404,1617553
2025-10-16,6.860000133514404,6.889999866485596,6.829999923706055,6.840000152587891,2146723
2025-10-19,6.840000152587891,6.920000076293945,6.849999904632568,6.909999847412109,2165313
2025-10-20,6.909999847412109,6.960000038146973,6.900000095367432,6.900000095367432,2610415
2025-10-21,6.900000095367432,6.909999847412109,6.869999885559082,6.880000114440918,2052207
2025-10-22,6.880000114440918,6.920000076293945,6.849999904632568,6.849999904632568,2998561
2025-10-23,6.849999904632568,6.920000076293945,6.840000152587891,6.900000095367432,3096126
2025-10-26,6.900000095367432,7.039999961853027,6.909999847412109,6.980000019073486,6345091
2025-10-27,6.980000019073486,7.03000020980835,6.909999847412109,6.940000057220459,2523855
2025-10-28,6.940000057220459,7.090000152587891,6.96999979019165,7.019999980926514,9422608
2025-10-29,7.019999980926514,7.070000171661377,6.989999771118164,7.010000228881836,2038286
2025-10-30,7.010000228881836,7.039999961853027,6.989999771118164,7.0,1667233
2025-11-02,7.0,7.039999961853027,6.889999866485596,6.949999809265137,2421658
2025-11-03,6.949999809265137,6.989999771118164,6.889999866485596,6.940000057220459,1515239
2025-11-04,6.940000057220459,7.010000228881836,6.909999847412109,6.929999828338623,2655788
2025-11-05,6.929999828338623,6.980000019073486,6.849999904632568,6.869999885559082,2443377
2025-11-06,6.869999885559082,6.929999828338623,6.860000133514404,6.900000095367432,1476356
2025-11-09,6.900000095367432,6.960000038146973,6.880000114440918,6.880000114440918,1707031
2025-11-10,6.880000114440918,6.920000076293945,6.849999904632568,6.880000114440918,1070382
2025-11-11,6.880000114440918,6.909999847412109,6.860000133514404,6.880000114440918,1708076
2025-11-12,6.880000114440918,6.909999847412109,6.860000133514404,6.869999885559082,2086959
2025-11-13,6.869999885559082,6.889999866485596,6.860000133514404,6.869999885559082,1227768
2025-11-16,6.869999885559082,6.900000095367432,6.860000133514404,6.869999885559082,1124031
2025-11-17,6.869999885559082,6.909999847412109,6.860000133514404,6.860000133514404,1796775
2025-11-18,6.860000133514404,6.949999809265137,6.849999904632568,6.849999904632568,2705146
2025-11-19,6.849999904632568,6.889999866485596,6.849999904632568,6.860000133514404,1213301
2025-11-20,6.860000133514404,6.880000114440918,6.840000152587891,6.849999904632568,2320376
2025-11-23,6.849999904632568,6.889999866485596,6.840000152587891,6.840000152587891,1395195
2025-11-24,6.840000152587891,6.880000114440918,6.800000190734863,6.809999942779541,2088371
2025-11-25,6.809999942779541,6.849999904632568,6.789999961853027,6.789999961853027,1832358
2025-11-26,6.789999961853027,6.820000171661377,6.769999980926514,6.769999980926514,1363213
2025-11-27,6.769999980926514,6.800000190734863,6.760000228881836,6.769999980926514,1338868
2025-11-30,6.769999980926514,6.820000171661377,6.75,6.760000228881836,1718563
2025-12-01,6.760000228881836,6.789999961853027,6.75,6.760000228881836,1616431
2025-12-02,6.760000228881836,6.789999961853027,6.71999979019165,6.71999979019165,1895633
2025-12-03,6.71999979019165,6.739999771118164,6.659999847412109,6.679999828338623,1763798
2025-12-04,6.679999828338623,6.730000019073486,6.659999847412109,6.690000057220459,1367245
2025-12-07,6.690000057220459,6.820000171661377,6.699999809265137,6.820000171661377,1562066
2025-12-08,6.820000171661377,7.050000190734863,6.849999904632568,6.869999885559082,6201736
2025-12-09,6.869999885559082,6.980000019073486,6.869999885559082,6.900000095367432,1561286
2025-12-10,6.900000095367432,7.050000190734863,6.900000095367432,7.050000190734863,6720462
2025-12-11,7.050000190734863,7.119999885559082,6.980000019073486,6.989999771118164,2612840
2025-12-14,6.989999771118164,7.099999904632568,7.0,7.019999980926514,2602674
2025-12-15,7.019999980926514,7.070000171661377,6.980000019073486,7.0,1395428
2025-12-16,7.0,7.079999923706055,6.940000057220459,6.940000057220459,2954017
2025-12-17,6.940000057220459,6.989999771118164,6.840000152587891,6.860000133514404,4673073
2025-12-18,6.860000133514404,7.070000171661377,6.869999885559082,6.949999809265137,7756056
2025-12-21,6.949999809265137,7.019999980926514,6.929999828338623,6.940000057220459,1710903
2025-12-22,6.940000057220459,7.03000020980835,6.929999828338623,6.929999828338623,4582851
2025-12-23,6.929999828338623,7.019999980926514,6.940000057220459,6.940000057220459,5645124
2025-12-24,6.940000057220459,7.0,6.860000133514404,6.900000095367432,9356256
2025-12-25,6.900000095367432,7.010000228881836,6.880000114440918,6.949999809265137,4972653
2025-12-28,6.949999809265137,7.010000228881836,6.929999828338623,6.949999809265137,4618271
2025-12-29,6.949999809265137,7.0,6.949999809265137,6.960000038146973,3026073
2025-12-30,6.960000038146973,7.0,6.920000076293945,6.920000076293945,2860855
2025-12-31,6.920000076293945,6.960000038146973,6.929999828338623,6.929999828338623,1546103
2026-01-04,6.929999828338623,6.980000019073486,6.929999828338623,6.949999809265137,2533544
2026-01-05,6.949999809265137,7.28000020980835,7.010000228881836,7.119999885559082,17878955
2026-01-06,7.119999885559082,7.210000038146973,7.099999904632568,7.150000095367432,4200887
2026-01-08,7.150000095367432,7.199999809265137,7.090000152587891,7.110000133514404,4440884
2026-01-11,7.110000133514404,7.159999847412109,7.079999923706055,7.090000152587891,5632535
2026-01-12,7.090000152587891,7.139999866485596,7.010000228881836,7.070000171661377,2791022
2026-01-13,7.070000171661377,7.070000171661377,6.889999866485596,6.909999847412109,4175629
2026-01-14,6.909999847412109,6.949999809265137,6.800000190734863,6.840000152587891,3963167
2026-01-15,6.840000152587891,6.889999866485596,6.800000190734863,6.800000190734863,1744811
2026-01-18,6.800000190734863,6.96999979019165,6.820000171661377,6.840000152587891,1068916
2026-01-19,6.840000152587891,6.949999809265137,6.849999904632568,6.909999847412109,1926584
2026-01-20,6.909999847412109,6.96999979019165,6.880000114440918,6.949999809265137,1957651
2026-01-21,6.949999809265137,6.96999979019165,6.880000114440918,6.949999809265137,1599655
2026-01-22,6.949999809265137,7.159999847412109,6.96999979019165,7.079999923706055,6773369
2026-01-25,7.079999923706055,7.380000114440918,7.119999885559082,7.199999809265137,13290462
2026-01-26,7.199999809265137,7.269999980926514,7.150000095367432,7.170000076293945,3149065
2026-01-27,7.170000076293945,7.190000057220459,7.070000171661377,7.119999885559082,2465888
2026-01-28,7.119999885559082,7.239999771118164,7.059999942779541,7.070000171661377,4140893
2026-02-01,7.070000171661377,7.179999828338623,6.960000038146973,7.0,2696760
2026-02-02,7.0,7.050000190734863,6.96999979019165,7.039999961853027,2993540
2026-02-03,7.039999961853027,7.150000095367432,7.03000020980835,7.039999961853027,4646287
2026-02-04,7.039999961853027,7.150000095367432,7.059999942779541,7.099999904632568,5087474
2026-02-05,7.099999904632568,7.150000095367432,7.019999980926514,7.019999980926514,3580801
2026-02-08,7.019999980926514,7.199999809265137,7.050000190734863,7.170000076293945,5345551
2026-02-09,7.170000076293945,7.300000190734863,7.150000095367432,7.210000038146973,8055736
2026-02-10,7.210000038146973,7.25,7.179999828338623,7.190000057220459,3272068
2026-02-11,7.190000057220459,7.21999979019165,7.090000152587891,7.110000133514404,6211871
2026-02-12,7.110000133514404,7.179999828338623,7.079999923706055,7.099999904632568,3507161
2026-02-15,7.099999904632568,7.21999979019165,7.079999923706055,7.110000133514404,14261343
2026-02-16,7.110000133514404,7.369999885559082,7.139999866485596,7.239999771118164,29967877
2026-02-17,7.239999771118164,7.510000228881836,7.210000038146973,7.409999847412109,20883034
2026-02-18,7.409999847412109,7.539999961853027,7.389999866485596,7.449999809265137,15552758
2026-02-19,7.449999809265137,7.510000228881836,7.199999809265137,7.21999979019165,8316045
2026-02-22,7.21999979019165,7.28000020980835,7.099999904632568,7.150000095367432,7386993
2026-02-23,7.150000095367432,7.25,7.150000095367432,7.25,3955966
2026-02-24,7.25,7.46999979019165,7.230000019073486,7.329999923706055,11538214
2026-02-25,7.329999923706055,7.480000019073486,7.039999961853027,7.130000114440918,62176889
2026-02-26,7.130000114440918,7.239999771118164,7.099999904632568,7.110000133514404,7941745
2026-03-01,7.110000133514404,7.079999923706055,6.789999961853027,7.03000020980835,7420677
2026-03-02,7.03000020980835,7.110000133514404,6.989999771118164,7.039999961853027,4318982
2026-03-03,7.039999961853027,7.46999979019165,6.949999809265137,7.389999866485596,21552959
2026-03-04,7.389999866485596,7.849999904632568,7.5,7.53000020980835,33229029
2026-03-05,7.53000020980835,7.699999809265137,7.480000019073486,7.610000133514404,12537659
2026-03-08,7.610000133514404,8.850000381469727,8.079999923706055,8.8100004196167,60034686
2026-03-09,8.8100004196167,9.850000381469727,9.050000190734863,9.3100004196167,84259785
2026-03-10,9.3100004196167,8.930000305175781,8.350000381469727,8.569999694824219,33435271
2026-03-11,8.569999694824219,9.0,8.59000015258789,8.880000114440918,32050162
2026-03-12,8.880000114440918,9.399999618530273,9.119999885559082,9.119999885559082,42297837
2026-03-15,9.119999885559082,9.510000228881836,9.15999984741211,9.380000114440918,34063498
2026-03-16,9.380000114440918,9.640000343322754,9.130000114440918,9.199999809265137,33308985
2026-03-17,9.199999809265137,9.300000190734863,8.90999984741211,9.0,16605421
2026-03-18,9.0,9.039999961853027,8.630000114440918,8.770000457763672,18773626
2026-03-19,8.770000457763672,8.770000457763672,8.770000457763672,8.770000457763672,0
2026-03-24,8.770000457763672,8.890000343322754,8.649999618530273,8.75,24910660
2026-03-25,8.75,8.850000381469727,8.539999961853027,8.600000381469727,16735821
2026-03-26,8.600000381469727,8.649999618530273,8.460000038146973,8.5,12270991
2026-03-29,8.5,8.760000228881836,8.539999961853027,8.649999618530273,28322668
2026-03-30,8.649999618530273,8.720000267028809,8.270000457763672,8.300000190734863,18056079
2026-03-31,8.300000190734863,8.399999618530273,8.199999809265137,8.279999732971191,11951880
2026-04-01,8.279999732971191,8.420000076293945,8.289999961853027,8.380000114440918,10598323
2026-04-02,8.380000114440918,8.640000343322754,8.430000305175781,8.489999771118164,15032851
2026-04-05,8.489999771118164,8.739999771118164,8.479999542236328,8.699999809265137,8165379
2026-04-06,8.699999809265137,8.75,8.5600004196167,8.569999694824219,5571326
2026-04-07,8.569999694824219,8.680000305175781,8.5600004196167,8.600000381469727,9302167
2026-04-08,8.600000381469727,8.5,8.079999923706055,8.289999961853027,21166013
2026-04-09,8.289999961853027,8.390000343322754,8.1899995803833,8.229999542236328,11608151
2026-04-14,8.229999542236328,8.329999923706055,8.199999809265137,8.25,8744320
2026-04-15,8.25,8.350000381469727,8.210000038146973,8.34000015258789,7972063
2026-04-16,8.34000015258789,8.390000343322754,8.199999809265137,8.25,12578051
2026-04-19,8.25,8.25,8.149999618530273,8.199999809265137,9288763
2026-04-20,8.199999809265137,7.980000019073486,7.860000133514404,7.880000114440918,8270336
2026-04-21,7.880000114440918,7.900000095367432,7.679999828338623,7.71999979019165,12410592
2026-04-22,7.71999979019165,7.949999809265137,7.739999771118164,7.829999923706055,10281966
2026-04-23,7.829999923706055,8.109999656677246,7.900000095367432,8.039999961853027,12027334
2026-04-26,8.039999961853027,8.25,8.09000015258789,8.170000076293945,12349402
2026-04-27,8.170000076293945,8.390000343322754,8.199999809265137,8.350000381469727,22576455
2026-04-28,8.350000381469727,8.510000228881836,8.359999656677246,8.399999618530273,19064014
2026-04-29,8.399999618530273,8.4399995803833,8.279999732971191,8.3100004196167,9406856
2026-04-30,8.3100004196167,8.819999694824219,8.470000267028809,8.600000381469727,27797165
2026-05-03,8.600000381469727,8.670000076293945,8.510000228881836,8.5600004196167,7446430
2026-05-04,8.5600004196167,8.699999809265137,8.460000038146973,8.640000343322754,15001587
2026-05-05,8.640000343322754,8.770000457763672,8.569999694824219,8.600000381469727,9463317
2026-05-06,8.600000381469727,8.649999618530273,8.239999771118164,8.260000228881836,17328893
2026-05-10,8.260000228881836,8.399999618530273,8.289999961853027,8.399999618530273,5806174
2026-05-11,8.399999618530273,8.649999618530273,8.479999542236328,8.5600004196167,10713912
2026-05-12,8.5600004196167,8.619999885559082,8.489999771118164,8.59000015258789,9630033
2026-05-13,8.59000015258789,8.649999618530273,8.5,8.529999732971191,8500343
2026-05-14,8.529999732971191,8.609999656677246,8.449999809265137,8.5,15520540
2026-05-17,8.5,8.9399995803833,8.529999732971191,8.850000381469727,25290886
2026-05-18,8.850000381469727,9.149999618530273,8.859999656677246,8.869999885559082,23863608
2026-05-19,8.869999885559082,8.869999885559082,8.680000305175781,8.699999809265137,7883658
2026-05-20,8.699999809265137,8.75,8.319999694824219,8.399999618530273,6116299
2026-05-21,8.399999618530273,8.449999809265137,8.300000190734863,8.40999984741211,5261531
2026-05-24,8.40999984741211,8.390000343322754,8.149999618530273,8.25,5418302
2026-05-25,8.25,8.289999961853027,8.119999885559082,8.260000228881836,4546917
2026-05-26,8.260000228881836,8.260000228881836,8.260000228881836,8.260000228881836,0
2026-05-27,8.260000228881836,8.260000228881836,8.260000228881836,8.260000228881836,0
2026-05-28,8.260000228881836,8.260000228881836,8.260000228881836,8.260000228881836,0
2026-06-01,8.260000228881836,8.59000015258789,8.25,8.460000038146973,8157350
2026-06-02,8.460000038146973,8.520000457763672,8.390000343322754,8.40999984741211,5215389
2026-06-03,8.40999984741211,8.529999732971191,8.25,8.390000343322754,6130798
2026-06-04,8.390000343322754,8.4399995803833,8.300000190734863,8.319999694824219,4636428
2026-06-07,8.319999694824219,8.350000381469727,8.140000343322754,8.1899995803833,6627868
2026-06-08,8.1899995803833,8.489999771118164,8.289999961853027,8.3100004196167,10737985
2026-06-09,8.3100004196167,8.359999656677246,8.100000381469727,8.260000228881836,3363644
2026-06-10,8.260000228881836,8.390000343322754,8.09000015258789,8.140000343322754,5681391
2026-06-11,8.140000343322754,8.1899995803833,7.920000076293945,7.949999809265137,9105850
2026-06-14,7.949999809265137,8.0600004196167,7.840000152587891,7.900000095367432,7257323
2026-06-15,7.900000095367432,7.949999809265137,7.710000038146973,7.809999942779541,9731983
2026-06-16,7.809999942779541,7.96999979019165,7.809999942779541,7.849999904632568,4042362
2026-06-17,7.849999904632568,7.849999904632568,7.849999904632568,7.849999904632568,0
2026-06-18,7.849999904632568,7.849999904632568,7.849999904632568,7.849999904632568,0
2026-06-21,7.800000190734863,7.900000095367432,7.739999771118164,7.800000190734863,7896776
2026-06-22,7.800000190734863,7.800000190734863,7.800000190734863,7.800000190734863,0
2026-06-23,7.769999980926514,7.829999923706055,7.579999923706055,7.599999904632568,7795533
2026-06-24,7.599999904632568,7.739999771118164,7.590000152587891,7.670000076293945,3810306
2026-06-25,7.670000076293945,7.710000038146973,7.53000020980835,7.599999904632568,3710574
2026-06-28,7.599999904632568,7.630000114440918,7.420000076293945,7.429999828338623,3414731
2026-06-29,7.429999828338623,7.579999923706055,7.420000076293945,7.519999980926514,2997776
2026-06-30,7.519999980926514,7.75,7.550000190734863,7.75,4412412
2026-07-01,7.75,7.840000152587891,7.650000095367432,7.78000020980835,3388140
2026-07-05,7.78000020980835,7.869999885559082,7.800000190734863,7.849999904632568,4001775
2026-07-06,7.849999904632568,7.880000114440918,7.739999771118164,7.760000228881836,6340158
2026-07-07,7.760000228881836,7.849999904632568,7.699999809265137,7.75,7108610
2026-07-08,7.75,8.15999984741211,7.789999961853027,8.130000114440918,19946906
2026-07-09,8.130000114440918,8.15999984741211,7.949999809265137,7.949999809265137,11582353
2026-07-12,7.949999809265137,8.09000015258789,7.949999809265137,8.020000457763672,6116039
2026-07-13,8.020000457763672,8.15999984741211,8.029999732971191,8.050000190734863,6945041
2026-07-14,8.050000190734863,8.489999771118164,8.220000267028809,8.350000381469727,17373294
2026-07-15,8.350000381469727,8.380000114440918,8.130000114440918,8.180000305175781,7988959
2026-07-16,8.180000305175781,8.25,8.15999984741211,8.210000038146973,6235415
2026-07-19,8.210000038146973,8.449999809265137,8.300000190734863,8.359999656677246,8210235
2026-07-20,8.359999656677246,8.470000267028809,8.260000228881836,8.279999732971191,7029184
2026-07-21,8.279999732971191,8.300000190734863,8.15999984741211,8.239999771118164,6422476
2026-07-22,8.239999771118164,8.390000343322754,8.279999732971191,8.369999885559082,7013633
2026-07-26,8.369999885559082,8.430000305175781,8.34000015258789,8.359999656677246,6142139
2026-07-27,8.359999656677246,8.329999923706055,8.25,8.300000190734863,4077756
2026-07-28,8.300000190734863,8.3100004196167,8.229999542236328,8.229999542236328,3577016
2026-07-29,8.229999542236328,8.329999923706055,8.229999542236328,8.329999923706055,4211518
2026-07-30,8.329999923706055,9.039999961853027,8.550000190734863,8.90999984741211,44465398
