date,open,high,low,close,volume
2017-01-22,6.309999942779541,6.699999809265137,6.110000133514404,6.449999809265137,484450
2017-01-23,6.449999809265137,6.980000019073486,6.449999809265137,6.730000019073486,337289
2017-01-24,6.730000019073486,7.090000152587891,6.599999904632568,6.849999904632568,907058
2017-01-26,6.849999904632568,7.090000152587891,6.840000152587891,6.949999809265137,759096
2017-01-29,6.949999809265137,6.949999809265137,6.949999809265137,6.949999809265137,0
2017-01-30,6.849999904632568,6.869999885559082,6.21999979019165,6.590000152587891,303098
2017-01-31,6.590000152587891,6.590000152587891,6.590000152587891,6.590000152587891,0
2017-02-01,6.309999942779541,6.480000019073486,6.0,6.199999809265137,205325
2017-02-02,6.199999809265137,6.590000152587891,6.289999961853027,6.489999771118164,183513
2017-02-05,6.489999771118164,6.599999904632568,6.349999904632568,6.449999809265137,1339726
2017-02-06,6.449999809265137,6.900000095367432,6.349999904632568,6.710000038146973,602653
2017-02-07,6.710000038146973,7.380000114440918,6.75,7.309999942779541,1824403
2017-02-08,7.309999942779541,8.029999732971191,7.369999885559082,7.699999809265137,1555082
2017-02-09,7.699999809265137,8.390000343322754,7.699999809265137,8.180000305175781,3994533
2017-02-12,8.180000305175781,8.5,7.849999904632568,8.199999809265137,1903808
2017-02-13,8.199999809265137,8.989999771118164,7.900000095367432,8.390000343322754,3359414
2017-02-14,8.390000343322754,9.0,8.550000190734863,8.739999771118164,1279695
2017-02-15,8.739999771118164,9.100000381469727,8.600000381469727,8.890000343322754,1113456
2017-02-16,8.890000343322754,9.369999885559082,9.050000190734863,9.229999542236328,282501
2017-02-19,9.229999542236328,9.300000190734863,8.600000381469727,8.930000305175781,278299
2017-02-20,8.930000305175781,8.770000457763672,8.149999618530273,8.539999961853027,163561
2017-02-21,8.539999961853027,8.850000381469727,8.430000305175781,8.539999961853027,145347
2017-02-22,8.539999961853027,8.600000381469727,7.900000095367432,8.130000114440918,89573
2017-02-23,8.130000114440918,8.699999809265137,8.130000114440918,8.40999984741211,352705
2017-02-26,8.40999984741211,8.779999732971191,8.100000381469727,8.430000305175781,25010
2017-02-27,8.430000305175781,8.6899995803833,7.900000095367432,8.319999694824219,92884
2017-02-28,8.319999694824219,8.229999542236328,8.0,8.079999923706055,261818
2017-03-01,8.079999923706055,8.350000381469727,8.069999694824219,8.119999885559082,90508
2017-03-02,8.119999885559082,8.350000381469727,7.949999809265137,8.010000228881836,591391
2017-03-05,8.010000228881836,8.100000381469727,7.789999961853027,7.980000019073486,410654
2017-03-06,7.980000019073486,7.96999979019165,7.599999904632568,7.739999771118164,530334
2017-03-07,7.739999771118164,7.739999771118164,7.25,7.539999961853027,617673
2017-03-08,7.539999961853027,8.210000038146973,7.400000095367432,7.670000076293945,3080509
2017-03-09,8.130000114440918,8.40999984741211,7.840000152587891,8.170000076293945,1181807
2017-03-12,8.170000076293945,8.0,7.71999979019165,7.880000114440918,397439
2017-03-13,7.880000114440918,8.100000381469727,7.610000133514404,7.849999904632568,1669648
2017-03-14,7.849999904632568,7.789999961853027,7.5,7.659999847412109,1195685
2017-03-15,7.659999847412109,7.650000095367432,7.320000171661377,7.53000020980835,1270829
2017-03-16,7.53000020980835,7.699999809265137,7.360000133514404,7.550000190734863,4901801
2017-03-19,7.550000190734863,7.820000171661377,7.539999961853027,7.699999809265137,4307052
2017-03-20,7.699999809265137,7.840000152587891,7.639999866485596,7.710000038146973,4870525
2017-03-21,7.840000152587891,8.600000381469727,7.840000152587891,8.130000114440918,7496218
2017-03-22,8.5,8.600000381469727,8.210000038146973,8.40999984741211,2551592
2017-03-23,8.40999984741211,8.699999809265137,8.34000015258789,8.5600004196167,2697326
2017-03-26,8.5600004196167,8.930000305175781,8.5600004196167,8.770000457763672,1479626
2017-03-27,8.770000457763672,8.789999961853027,8.34000015258789,8.539999961853027,929891
2017-03-29,8.630000114440918,8.9399995803833,8.609999656677246,8.789999961853027,1620325
2017-03-30,8.789999961853027,9.1899995803833,8.880000114440918,9.039999961853027,2350809
2017-04-02,9.039999961853027,9.430000305175781,9.140000343322754,9.279999732971191,1199282
2017-04-03,9.279999732971191,9.359999656677246,8.850000381469727,9.170000076293945,2271080
2017-04-04,9.170000076293945,9.180000305175781,8.699999809265137,8.90999984741211,3597041
2017-04-05,8.90999984741211,8.930000305175781,8.1899995803833,8.470000267028809,3130272
2017-04-06,8.470000267028809,8.5,8.199999809265137,8.329999923706055,1572406
2017-04-09,8.329999923706055,8.390000343322754,7.960000038146973,8.130000114440918,1068030
2017-04-10,8.130000114440918,8.300000190734863,8.029999732971191,8.1899995803833,1551214
2017-04-11,8.1899995803833,8.399999618530273,8.229999542236328,8.3100004196167,3525662
2017-04-12,8.3100004196167,8.369999885559082,8.0,8.140000343322754,1694824
2017-04-13,8.140000343322754,8.300000190734863,8.0600004196167,8.170000076293945,2933962
2017-04-18,8.170000076293945,8.40999984741211,8.140000343322754,8.289999961853027,1697264
2017-04-19,8.289999961853027,8.279999732971191,8.09000015258789,8.1899995803833,815217
2017-04-20,8.1899995803833,8.470000267028809,8.170000076293945,8.329999923706055,1909389
2017-04-23,8.329999923706055,8.359999656677246,7.929999828338623,8.079999923706055,1331849
2017-04-24,8.079999923706055,8.15999984741211,7.900000095367432,8.0,1063367
2017-04-26,8.0,8.25,8.039999961853027,8.15999984741211,879198
2017-04-27,8.15999984741211,8.619999885559082,8.199999809265137,8.5,4089067
2017-04-30,8.5,8.760000228881836,8.5,8.640000343322754,2309941
2017-05-02,8.640000343322754,8.800000190734863,8.449999809265137,8.579999923706055,1523112
2017-05-03,8.579999923706055,8.710000038146973,8.449999809265137,8.630000114440918,1355506
2017-05-04,8.630000114440918,8.760000228881836,8.630000114440918,8.699999809265137,1574910
2017-05-07,8.699999809265137,8.850000381469727,8.609999656677246,8.770000457763672,727674
2017-05-08,8.770000457763672,9.020000457763672,8.800000190734863,8.920000076293945,1294426
2017-05-09,8.920000076293945,9.1899995803833,8.930000305175781,9.050000190734863,1565813
2017-05-10,9.050000190734863,9.050000190734863,8.729999542236328,8.880000114440918,855122
2017-05-11,8.880000114440918,9.180000305175781,8.800000190734863,8.979999542236328,1661670
2017-05-14,8.979999542236328,9.300000190734863,9.079999923706055,9.199999809265137,1200571
2017-05-15,9.199999809265137,9.25,8.949999809265137,9.109999656677246,438763
2017-05-16,9.109999656677246,9.130000114440918,8.90999984741211,9.010000228881836,545365
2017-05-17,9.010000228881836,9.199999809265137,8.970000267028809,9.09000015258789,647563
2017-05-18,9.09000015258789,9.050000190734863,8.869999885559082,8.970000267028809,306086
2017-05-21,8.970000267028809,9.039999961853027,8.850000381469727,8.949999809265137,164265
2017-05-22,8.949999809265137,8.869999885559082,8.119999885559082,8.489999771118164,417410
2017-05-23,8.489999771118164,8.609999656677246,8.300000190734863,8.470000267028809,661632
2017-05-24,8.470000267028809,8.699999809265137,8.470000267028809,8.569999694824219,570080
2017-05-25,8.569999694824219,8.739999771118164,8.510000228881836,8.619999885559082,475794
2017-05-28,8.619999885559082,8.899999618530273,8.520000457763672,8.800000190734863,327822
2017-05-29,8.800000190734863,8.859999656677246,8.510000228881836,8.720000267028809,347572
2017-05-30,8.720000267028809,8.729999542236328,8.5600004196167,8.630000114440918,165230
2017-05-31,8.630000114440918,8.609999656677246,8.420000076293945,8.5,324097
2017-06-01,8.5,8.65999984741211,8.4399995803833,8.510000228881836,169683
2017-06-04,8.510000228881836,8.600000381469727,8.319999694824219,8.449999809265137,508194
2017-06-05,8.449999809265137,8.539999961853027,8.359999656677246,8.4399995803833,224713
2017-06-06,8.4399995803833,8.600000381469727,8.5,8.539999961853027,362389
2017-06-07,8.539999961853027,8.649999618530273,8.5,8.569999694824219,534423
2017-06-08,8.569999694824219,8.800000190734863,8.550000190734863,8.65999984741211,764702
2017-06-11,8.65999984741211,9.079999923706055,8.699999809265137,8.9399995803833,1291483
2017-06-12,8.9399995803833,9.029999732971191,8.710000038146973,8.869999885559082,708988
2017-06-13,8.869999885559082,9.75,8.979999542236328,9.609999656677246,4218013
2017-06-14,9.609999656677246,9.8100004196167,9.390000343322754,9.5600004196167,2768222
2017-06-15,9.5600004196167,9.65999984741211,9.300000190734863,9.4399995803833,1450034
2017-06-18,9.4399995803833,9.5,9.15999984741211,9.260000228881836,886992
2017-06-19,9.260000228881836,9.329999923706055,9.119999885559082,9.199999809265137,582265
2017-06-20,9.199999809265137,9.199999809265137,8.960000038146973,9.039999961853027,792038
2017-06-21,9.039999961853027,9.199999809265137,8.970000267028809,9.100000381469727,592992
2017-06-22,9.100000381469727,9.170000076293945,8.84000015258789,9.0,372445
2017-06-28,9.0,9.140000343322754,8.899999618530273,9.020000457763672,322592
2017-06-29,9.020000457763672,9.020000457763672,9.020000457763672,9.020000457763672,0
2017-07-02,9.020000457763672,9.140000343322754,8.869999885559082,8.979999542236328,470008
2017-07-03,8.979999542236328,9.050000190734863,8.869999885559082,8.970000267028809,348528
2017-07-04,8.970000267028809,9.220000267028809,9.010000228881836,9.100000381469727,1005889
2017-07-05,9.100000381469727,9.25,8.899999618530273,9.050000190734863,639214
2017-07-06,9.050000190734863,9.039999961853027,8.720000267028809,8.8100004196167,719295
2017-07-09,8.8100004196167,8.800000190734863,8.5,8.59000015258789,461212
2017-07-10,8.59000015258789,8.800000190734863,8.449999809265137,8.579999923706055,482850
2017-07-11,8.579999923706055,8.65999984741211,8.170000076293945,8.390000343322754,2758181
2017-07-12,8.390000343322754,8.3100004196167,8.029999732971191,8.130000114440918,1086959
2017-07-13,8.130000114440918,8.460000038146973,8.020000457763672,8.25,1652606
2017-07-16,8.25,8.239999771118164,8.010000228881836,8.09000015258789,869824
2017-07-17,8.09000015258789,8.1899995803833,7.989999771118164,8.069999694824219,1777144
2017-07-18,8.069999694824219,8.170000076293945,7.5,7.849999904632568,2140401
2017-07-19,7.849999904632568,7.78000020980835,7.559999942779541,7.670000076293945,931852
2017-07-20,7.670000076293945,8.029999732971191,7.78000020980835,7.909999847412109,2017932
2017-07-24,7.909999847412109,8.100000381469727,7.940000057220459,8.020000457763672,628450
2017-07-25,8.020000457763672,8.25,8.069999694824219,8.140000343322754,1547480
2017-07-26,8.140000343322754,8.300000190734863,8.15999984741211,8.25,943416
2017-07-27,8.25,8.279999732971191,8.010000228881836,8.199999809265137,1865645
2017-07-30,8.199999809265137,8.199999809265137,7.949999809265137,8.029999732971191,874110
2017-07-31,8.029999732971191,8.149999618530273,8.0,8.09000015258789,406769
2017-08-01,8.09000015258789,8.289999961853027,8.140000343322754,8.25,1640562
2017-08-02,8.25,8.520000457763672,8.260000228881836,8.449999809265137,1770597
2017-08-03,8.449999809265137,8.529999732971191,8.399999618530273,8.4399995803833,609214
2017-08-06,8.4399995803833,8.420000076293945,8.199999809265137,8.319999694824219,113117
2017-08-07,8.319999694824219,8.4399995803833,8.300000190734863,8.359999656677246,702244
2017-08-08,8.359999656677246,8.460000038146973,8.25,8.399999618530273,388650
2017-08-09,8.399999618530273,8.399999618530273,8.239999771118164,8.3100004196167,191839
2017-08-10,8.3100004196167,8.319999694824219,8.229999542236328,8.270000457763672,153228
2017-08-13,8.270000457763672,8.25,8.100000381469727,8.140000343322754,60385
2017-08-14,8.140000343322754,8.25,8.029999732971191,8.170000076293945,588026
2017-08-15,8.170000076293945,8.170000076293945,8.170000076293945,8.170000076293945,0
2017-08-16,7.980000019073486,8.100000381469727,7.900000095367432,7.989999771118164,123798
2017-08-17,7.989999771118164,8.039999961853027,7.949999809265137,8.0,203025
2017-08-20,8.0,7.949999809265137,7.659999847412109,7.739999771118164,214349
2017-08-21,7.739999771118164,7.900000095367432,7.699999809265137,7.739999771118164,56463
2017-08-22,7.739999771118164,8.25,7.699999809265137,8.050000190734863,438725
2017-08-23,8.050000190734863,8.470000267028809,8.15999984741211,8.25,862720
2017-08-24,8.25,8.289999961853027,8.109999656677246,8.25,286276
2017-08-27,8.25,8.369999885559082,8.109999656677246,8.1899995803833,57323
2017-08-28,8.1899995803833,8.25,8.109999656677246,8.210000038146973,46629
2017-08-29,8.210000038146973,8.25,8.1899995803833,8.220000267028809,30700
2017-08-30,8.220000267028809,8.430000305175781,8.199999809265137,8.239999771118164,636051
2017-09-03,8.239999771118164,8.239999771118164,8.239999771118164,8.239999771118164,0
2017-09-04,8.239999771118164,8.239999771118164,8.239999771118164,8.239999771118164,0
2017-09-05,8.239999771118164,8.460000038146973,8.199999809265137,8.229999542236328,83450
2017-09-06,8.229999542236328,8.260000228881836,8.25,8.25,30200
2017-09-07,8.25,8.5,8.25,8.260000228881836,2080480
2017-09-10,8.260000228881836,8.550000190734863,8.3100004196167,8.390000343322754,409633
2017-09-11,8.390000343322754,8.40999984741211,8.210000038146973,8.3100004196167,44876
2017-09-12,8.3100004196167,8.449999809265137,8.079999923706055,8.3100004196167,263278
2017-09-13,8.3100004196167,8.609999656677246,8.399999618530273,8.529999732971191,619845
2017-09-14,8.529999732971191,9.0,8.600000381469727,8.890000343322754,2240788
2017-09-17,8.890000343322754,9.0,8.779999732971191,8.869999885559082,80835
2017-09-18,8.869999885559082,9.09000015258789,8.949999809265137,9.0,1136441
2017-09-19,9.0,9.0,9.0,9.0,0
2017-09-20,8.770000457763672,8.710000038146973,8.5,8.59000015258789,122569
2017-09-24,8.59000015258789,8.680000305175781,8.520000457763672,8.619999885559082,62090
2017-09-25,8.619999885559082,8.739999771118164,8.600000381469727,8.619999885559082,159199
2017-09-26,8.619999885559082,9.029999732971191,8.699999809265137,8.970000267028809,1202185
2017-09-27,8.970000267028809,9.1899995803833,8.899999618530273,9.0600004196167,442148
2017-09-28,9.0600004196167,9.399999618530273,8.729999542236328,9.149999618530273,346236
2017-10-01,9.149999618530273,9.149999618530273,8.84000015258789,9.0,513530
2017-10-02,9.0,9.0,8.65999984741211,8.819999694824219,324798
2017-10-03,8.819999694824219,9.050000190734863,8.609999656677246,8.930000305175781,517248
2017-10-04,8.930000305175781,9.0,8.819999694824219,8.920000076293945,115876
2017-10-08,8.920000076293945,9.25,8.770000457763672,9.079999923706055,146736
2017-10-09,9.079999923706055,9.210000038146973,9.119999885559082,9.149999618530273,349079
2017-10-10,9.149999618530273,9.369999885559082,9.170000076293945,9.270000457763672,360962
2017-10-11,9.270000457763672,9.5,9.260000228881836,9.40999984741211,325860
2017-10-12,9.40999984741211,9.300000190734863,9.119999885559082,9.229999542236328,79005
2017-10-15,9.229999542236328,9.399999618530273,9.15999984741211,9.350000381469727,290950
2017-10-16,9.350000381469727,9.399999618530273,8.800000190734863,9.039999961853027,179780
2017-10-17,9.039999961853027,9.0,8.710000038146973,8.819999694824219,45987
2017-10-18,8.819999694824219,9.0,8.699999809265137,8.800000190734863,77473
2017-10-19,8.800000190734863,9.0,8.680000305175781,8.890000343322754,128833
2017-10-22,8.890000343322754,9.34000015258789,8.609999656677246,9.220000267028809,418270
2017-10-23,9.220000267028809,9.350000381469727,9.079999923706055,9.199999809265137,109925
2017-10-24,9.199999809265137,9.25,8.869999885559082,9.1899995803833,145928
2017-10-25,9.1899995803833,9.199999809265137,8.829999923706055,9.0,80636
2017-10-26,9.0,9.199999809265137,9.0,9.119999885559082,142000
2017-10-29,9.119999885559082,9.119999885559082,8.899999618530273,9.039999961853027,614333
2017-10-30,9.039999961853027,9.300000190734863,9.0,9.180000305175781,1037339
2017-10-31,9.180000305175781,9.34000015258789,9.100000381469727,9.220000267028809,118794
2017-11-01,9.220000267028809,9.75,9.329999923706055,9.539999961853027,2186027
2017-11-02,9.539999961853027,9.59000015258789,9.199999809265137,9.460000038146973,761043
2017-11-05,9.460000038146973,9.5,9.020000457763672,9.180000305175781,182842
2017-11-06,9.180000305175781,9.5600004196167,9.210000038146973,9.479999542236328,184952
2017-11-07,9.479999542236328,9.899999618530273,9.039999961853027,9.739999771118164,926859
2017-11-08,9.739999771118164,10.710000038146973,9.800000190734863,10.579999923706055,1636271
2017-11-09,10.579999923706055,11.0,10.069999694824219,10.699999809265137,1126047
2017-11-12,10.699999809265137,10.5,10.260000228881836,10.350000381469727,59006
2017-11-13,10.350000381469727,10.229999542236328,9.899999618530273,10.020000457763672,1356000
2017-11-14,10.020000457763672,10.020000457763672,10.020000457763672,10.020000457763672,0
2017-11-15,10.029999732971191,10.0,9.65999984741211,9.760000228881836,934819
2017-11-16,9.760000228881836,9.75,9.670000076293945,9.699999809265137,96330
2017-11-19,9.699999809265137,9.899999618530273,9.5,9.699999809265137,1511749
2017-11-20,9.699999809265137,9.75,9.399999618530273,9.699999809265137,2901
2017-11-21,9.699999809265137,9.699999809265137,9.449999809265137,9.510000228881836,757355
2017-11-22,9.510000228881836,9.819999694824219,9.489999771118164,9.59000015258789,738123
2017-11-23,9.59000015258789,9.949999809265137,9.600000381469727,9.8100004196167,302850
2017-11-26,9.8100004196167,9.789999961853027,9.510000228881836,9.600000381469727,221894
2017-11-27,9.600000381469727,9.600000381469727,9.600000381469727,9.600000381469727,0
2017-11-28,9.819999694824219,10.100000381469727,9.600000381469727,10.0,1119632
2017-11-29,10.0,10.0,9.649999618530273,9.970000267028809,491500
2017-11-30,9.970000267028809,9.970000267028809,9.970000267028809,9.970000267028809,0
2017-12-03,9.970000267028809,9.949999809265137,9.699999809265137,9.760000228881836,42863
2017-12-04,9.739999771118164,9.920000076293945,9.65999984741211,9.720000267028809,162849
2017-12-05,9.720000267028809,9.920000076293945,9.649999618530273,9.899999618530273,463326
2017-12-06,9.899999618530273,10.489999771118164,9.75,10.279999732971191,1122633
2017-12-07,10.279999732971191,10.300000190734863,10.0,10.079999923706055,364912
2017-12-10,10.079999923706055,10.739999771118164,10.300000190734863,10.40999984741211,487700
2017-12-11,10.40999984741211,10.40999984741211,10.40999984741211,10.40999984741211,0
2017-12-12,10.270000457763672,10.649999618530273,10.300000190734863,10.399999618530273,716495
2017-12-13,10.399999618530273,11.25,10.5,10.9399995803833,2979596
2017-12-14,10.9399995803833,11.25,10.609999656677246,10.890000343322754,64750
2017-12-17,10.890000343322754,11.09000015258789,10.5600004196167,11.0,615626
2017-12-18,11.0,11.5,10.890000343322754,11.239999771118164,619076
2017-12-19,11.239999771118164,11.399999618530273,10.34000015258789,10.630000114440918,224531
2017-12-20,10.630000114440918,10.770000457763672,10.329999923706055,10.520000457763672,27852
2017-12-21,10.520000457763672,10.40999984741211,10.300000190734863,10.359999656677246,22250
2017-12-24,10.359999656677246,10.630000114440918,10.239999771118164,10.510000228881836,10428
2017-12-25,10.510000228881836,10.510000228881836,10.25,10.390000343322754,7060
2017-12-26,10.390000343322754,10.800000190734863,9.800000190734863,10.350000381469727,166323
2017-12-27,10.350000381469727,10.029999732971191,9.899999618530273,10.0,1661725
2017-12-28,10.0,10.140000343322754,9.899999618530273,10.0,146500
2017-12-31,10.0,10.050000190734863,9.600000381469727,9.989999771118164,1908567
2018-01-01,9.989999771118164,9.989999771118164,9.989999771118164,9.989999771118164,0
2018-01-02,9.989999771118164,9.989999771118164,9.989999771118164,9.989999771118164,0
2018-01-03,9.6899995803833,9.59000015258789,9.260000228881836,9.460000038146973,64541
2018-01-04,9.460000038146973,9.720000267028809,9.300000190734863,9.680000305175781,91178
2018-01-07,9.680000305175781,9.680000305175781,9.680000305175781,9.680000305175781,0
2018-01-08,9.680000305175781,9.970000267028809,9.649999618530273,9.8100004196167,412544
2018-01-09,9.8100004196167,10.0,9.800000190734863,9.9399995803833,1317694
2018-01-10,9.9399995803833,9.979999542236328,9.5,9.920000076293945,462999
2018-01-11,9.920000076293945,9.979999542236328,9.850000381469727,9.899999618530273,558282
2018-01-14,9.899999618530273,10.1899995803833,9.989999771118164,10.100000381469727,335626
2018-01-15,10.100000381469727,10.5,10.100000381469727,10.270000457763672,728092
2018-01-16,10.270000457763672,10.470000267028809,10.220000267028809,10.380000114440918,254425
2018-01-17,10.380000114440918,10.600000381469727,10.260000228881836,10.5,593548
2018-01-18,10.5,10.699999809265137,10.40999984741211,10.5,974025
2018-01-21,10.5,10.5,10.5,10.5,0
2018-01-22,10.489999771118164,10.399999618530273,10.3100004196167,10.380000114440918,34567
2018-01-23,10.380000114440918,10.399999618530273,10.100000381469727,10.220000267028809,252746
2018-01-24,10.220000267028809,10.489999771118164,10.300000190734863,10.399999618530273,1311189
2018-01-25,10.399999618530273,10.399999618530273,10.399999618530273,10.399999618530273,0
2018-01-28,10.399999618530273,10.600000381469727,10.170000076293945,10.380000114440918,1301034
2018-01-29,10.380000114440918,10.399999618530273,10.199999809265137,10.25,1050700
2018-01-30,10.25,10.25,10.15999984741211,10.25,736011
2018-01-31,10.25,10.119999885559082,9.75,9.869999885559082,226540
2018-02-01,9.869999885559082,10.0,9.899999618530273,10.0,608518
2018-02-04,10.0,10.010000228881836,9.5,9.539999961853027,57553
2018-02-05,9.539999961853027,9.899999618530273,9.420000076293945,9.5600004196167,70638
2018-02-06,9.5600004196167,9.630000114440918,9.010000228881836,9.5,1087791
2018-02-07,9.5,9.84000015258789,9.529999732971191,9.710000038146973,4325
2018-02-08,9.710000038146973,10.050000190734863,9.600000381469727,9.899999618530273,179773
2018-02-11,9.899999618530273,9.899999618530273,9.899999618530273,9.899999618530273,0
2018-02-12,9.899999618530273,10.0,9.850000381469727,9.90999984741211,263972
2018-02-13,9.90999984741211,10.0,9.649999618530273,9.970000267028809,3379671
2018-02-14,9.970000267028809,10.300000190734863,10.0,10.039999961853027,138510
2018-02-15,10.039999961853027,10.40999984741211,10.0600004196167,10.260000228881836,5500
2018-02-18,10.260000228881836,10.079999923706055,10.0,10.050000190734863,13300
2018-02-19,10.050000190734863,11.050000190734863,10.050000190734863,10.75,698350
2018-02-20,10.75,10.75,10.75,10.75,0
2018-02-21,10.960000038146973,10.899999618530273,10.569999694824219,10.960000038146973,1500
2018-02-22,10.960000038146973,10.930000305175781,10.600000381469727,10.630000114440918,2626955
2018-02-25,10.630000114440918,10.710000038146973,10.600000381469727,10.649999618530273,1543025
2018-02-26,10.649999618530273,10.890000343322754,10.550000190734863,10.710000038146973,2045058
2018-02-27,10.710000038146973,10.569999694824219,10.329999923706055,10.5,42745
2018-02-28,10.5,10.489999771118164,9.859999656677246,10.029999732971191,153613
2018-03-01,10.029999732971191,10.25,10.0,10.140000343322754,21581
2018-03-04,10.140000343322754,10.300000190734863,10.010000228881836,10.0600004196167,35657
2018-03-05,10.0600004196167,10.300000190734863,9.800000190734863,9.949999809265137,324801
2018-03-06,9.949999809265137,9.90999984741211,9.670000076293945,9.800000190734863,80155
2018-03-07,9.800000190734863,10.289999961853027,9.65999984741211,9.729999542236328,2047515
2018-03-08,9.729999542236328,10.300000190734863,9.75,9.960000038146973,223063
2018-03-11,9.960000038146973,10.300000190734863,10.0,10.170000076293945,161743
2018-03-12,10.170000076293945,10.640000343322754,10.119999885559082,10.359999656677246,99169
2018-03-13,10.359999656677246,10.479999542236328,10.170000076293945,10.300000190734863,145400
2018-03-14,10.300000190734863,10.220000267028809,10.0,10.029999732971191,48165
2018-03-15,10.029999732971191,10.5,9.960000038146973,10.289999961853027,2007342
2018-03-18,10.289999961853027,10.4399995803833,10.0,10.149999618530273,721117
2018-03-19,10.149999618530273,10.25,10.0,10.119999885559082,82352
2018-03-20,10.119999885559082,10.25,10.0,10.100000381469727,26591
2018-03-21,10.100000381469727,10.180000305175781,10.0,10.050000190734863,339231
2018-03-22,10.050000190734863,10.149999618530273,9.680000305175781,10.0,345631
2018-03-25,10.0,10.569999694824219,10.0,10.220000267028809,695566
2018-03-26,10.220000267028809,10.449999809265137,10.100000381469727,10.300000190734863,1078207
2018-03-27,10.300000190734863,10.25,9.90999984741211,10.0,822380
2018-03-28,10.0,10.199999809265137,9.930000305175781,10.010000228881836,11405
2018-03-29,9.989999771118164,10.75,10.170000076293945,10.420000076293945,176273
2018-04-01,10.420000076293945,11.050000190734863,10.25,10.920000076293945,352761
2018-04-02,10.920000076293945,10.930000305175781,10.699999809265137,10.800000190734863,427340
2018-04-03,10.800000190734863,10.9399995803833,10.529999732971191,10.8100004196167,37352
2018-04-04,10.8100004196167,10.569999694824219,10.399999618530273,10.510000228881836,57897
2018-04-05,10.510000228881836,10.880000114440918,10.399999618530273,10.5600004196167,25060
2018-04-08,10.5600004196167,10.5600004196167,10.5600004196167,10.5600004196167,0
2018-04-09,10.5600004196167,10.5600004196167,10.5600004196167,10.5600004196167,0
2018-04-10,10.5600004196167,11.609999656677246,10.510000228881836,11.220000267028809,492727
2018-04-11,11.220000267028809,11.970000267028809,11.0,11.359999656677246,315386
2018-04-12,11.359999656677246,12.100000381469727,11.4399995803833,11.90999984741211,181020
2018-04-15,11.90999984741211,12.0,11.329999923706055,11.489999771118164,19890
2018-04-16,11.489999771118164,11.899999618530273,11.40999984741211,11.779999732971191,6340
2018-04-17,11.779999732971191,12.199999809265137,11.720000267028809,12.0,1331283
2018-04-18,12.0,12.239999771118164,11.899999618530273,12.0,463989
2018-04-19,12.0,12.300000190734863,12.0,12.029999732971191,322600
2018-04-22,12.029999732971191,12.5,12.300000190734863,12.460000038146973,36110
2018-04-23,12.460000038146973,12.59000015258789,12.3100004196167,12.470000267028809,23839
2018-04-24,12.470000267028809,13.0,12.59000015258789,12.789999961853027,358270
2018-04-25,12.789999961853027,12.789999961853027,12.789999961853027,12.789999961853027,0
2018-04-26,12.789999961853027,13.0,11.920000076293945,12.510000228881836,55100
2018-04-29,12.510000228881836,12.510000228881836,12.510000228881836,12.510000228881836,0
2018-04-30,12.510000228881836,12.510000228881836,12.510000228881836,12.510000228881836,0
2018-05-01,12.510000228881836,12.510000228881836,12.510000228881836,12.510000228881836,0
2018-05-02,12.510000228881836,12.789999961853027,12.5,12.550000190734863,284938
2018-05-03,12.550000190734863,12.899999618530273,12.5,12.59000015258789,65796
2018-05-06,12.59000015258789,12.5,12.449999809265137,12.489999771118164,104001
2018-05-07,12.489999771118164,12.489999771118164,12.050000190734863,12.069999694824219,10010
2018-05-08,12.069999694824219,12.5,12.0600004196167,12.40999984741211,9421
2018-05-09,12.40999984741211,12.5,11.989999771118164,12.079999923706055,110558
2018-05-10,12.079999923706055,12.0,11.5,11.5,1113129
2018-05-13,11.5,11.5,11.489999771118164,11.5,613348
2018-05-14,11.5,11.5,11.5,11.5,687000
2018-05-15,11.5,11.5,11.0,11.479999542236328,498259
2018-05-16,11.479999542236328,11.479999542236328,11.479999542236328,11.479999542236328,0
2018-05-17,11.479999542236328,11.5,11.489999771118164,11.479999542236328,600
2018-05-20,11.479999542236328,11.5,11.0,11.319999694824219,96176
2018-05-21,11.319999694824219,11.050000190734863,11.050000190734863,11.319999694824219,56
2018-05-22,11.319999694824219,11.5,11.25,11.479999542236328,10000
2018-05-23,11.479999542236328,11.479999542236328,11.479999542236328,11.479999542236328,0
2018-05-24,11.479999542236328,11.510000228881836,11.399999618530273,11.470000267028809,2042383
2018-05-27,11.470000267028809,11.329999923706055,11.329999923706055,11.470000267028809,1015
2018-05-28,11.470000267028809,11.470000267028809,11.470000267028809,11.470000267028809,0
2018-05-29,11.470000267028809,11.15999984741211,11.050000190734863,11.079999923706055,4000
2018-05-30,11.079999923706055,11.380000114440918,10.800000190734863,11.029999732971191,1271983
2018-05-31,11.029999732971191,11.25,10.789999961853027,11.220000267028809,1309621
2018-06-03,11.220000267028809,11.220000267028809,11.220000267028809,11.220000267028809,0
2018-06-04,11.220000267028809,11.220000267028809,11.220000267028809,11.220000267028809,0
2018-06-05,10.920000076293945,10.800000190734863,10.5,10.75,235593
2018-06-06,10.75,10.760000228881836,10.75,10.75,72792
2018-06-07,10.75,11.0,10.75,10.789999961853027,620900
2018-06-10,10.789999961853027,10.789999961853027,10.789999961853027,10.789999961853027,0
2018-06-11,10.789999961853027,10.789999961853027,10.789999961853027,10.789999961853027,0
2018-06-12,10.930000305175781,11.100000381469727,10.850000381469727,11.100000381469727,1209200
2018-06-13,11.100000381469727,10.850000381469727,10.850000381469727,11.100000381469727,1000
2018-06-14,11.100000381469727,11.5,11.0,11.369999885559082,7495
2018-06-17,11.369999885559082,11.369999885559082,11.369999885559082,11.369999885559082,0
2018-06-18,11.369999885559082,11.369999885559082,11.369999885559082,11.369999885559082,0
2018-06-19,11.369999885559082,11.699999809265137,10.800000190734863,10.8100004196167,663834
2018-06-20,10.8100004196167,10.850000381469727,10.649999618530273,10.789999961853027,87472
2018-06-21,10.789999961853027,11.0,10.5,10.539999961853027,92745
2018-06-24,10.539999961853027,10.619999885559082,10.539999961853027,10.5600004196167,49965
2018-06-25,10.5600004196167,10.789999961853027,10.5600004196167,10.5600004196167,1500
2018-06-26,10.5600004196167,10.609999656677246,10.5,10.600000381469727,207902
2018-06-27,10.600000381469727,10.5,10.0,10.100000381469727,183132
2018-06-28,10.100000381469727,10.100000381469727,10.0,10.0,350687
2018-07-01,10.0,10.0,10.0,10.0,0
2018-07-02,10.0,10.079999923706055,10.0,10.029999732971191,101508
2018-07-03,10.029999732971191,10.5,10.029999732971191,10.029999732971191,148833
2018-07-04,10.029999732971191,10.119999885559082,10.119999885559082,10.029999732971191,600
2018-07-05,10.029999732971191,10.390000343322754,10.020000457763672,10.050000190734863,375229
2018-07-08,10.050000190734863,10.5,10.050000190734863,10.0600004196167,116443
2018-07-09,10.0600004196167,10.460000038146973,10.0,10.039999961853027,195509
2018-07-10,10.039999961853027,10.390000343322754,10.109999656677246,10.149999618530273,6630
2018-07-11,10.149999618530273,10.380000114440918,10.119999885559082,10.130000114440918,8854
2018-07-12,10.130000114440918,10.380000114440918,10.109999656677246,10.170000076293945,5680
2018-07-15,10.170000076293945,10.470000267028809,10.0,10.010000228881836,5620
2018-07-16,10.010000228881836,10.0,10.0,10.0,11268
2018-07-17,10.0,10.890000343322754,10.0,10.520000457763672,470883
2018-07-18,10.520000457763672,11.25,10.890000343322754,11.0600004196167,496340
2018-07-19,11.0600004196167,11.289999961853027,10.550000190734863,10.989999771118164,304604
2018-07-22,10.989999771118164,11.25,11.229999542236328,10.989999771118164,180
2018-07-23,10.989999771118164,10.989999771118164,10.989999771118164,10.989999771118164,0
2018-07-24,10.989999771118164,11.199999809265137,10.569999694824219,10.989999771118164,2050
2018-07-25,10.989999771118164,10.899999618530273,10.010000228881836,10.550000190734863,180342
2018-07-26,10.550000190734863,11.09000015258789,10.010000228881836,10.140000343322754,100880
2018-07-29,10.140000343322754,10.899999618530273,10.170000076293945,10.199999809265137,6533
2018-07-30,10.199999809265137,10.670000076293945,10.260000228881836,10.350000381469727,10167
2018-07-31,10.350000381469727,11.300000190734863,10.59000015258789,11.029999732971191,498197
2018-08-01,11.029999732971191,11.699999809265137,11.020000457763672,11.029999732971191,386
2018-08-02,11.029999732971191,11.300000190734863,10.84000015258789,10.989999771118164,103720
2018-08-05,10.989999771118164,11.479999542236328,11.25,11.279999732971191,179490
2018-08-06,11.279999732971191,11.5,11.100000381469727,11.34000015258789,253070
2018-08-07,11.34000015258789,12.020000457763672,11.579999923706055,11.800000190734863,42520
2018-08-08,11.800000190734863,12.050000190734863,11.569999694824219,12.0,879379
2018-08-09,12.0,12.210000038146973,10.899999618530273,11.390000343322754,260605
2018-08-12,11.390000343322754,11.0,10.90999984741211,11.390000343322754,2200
2018-08-13,11.390000343322754,11.010000228881836,11.0,11.0,14662
2018-08-14,11.0,11.399999618530273,11.020000457763672,11.0,2050
2018-08-15,11.0,11.0,11.0,11.0,0
2018-08-16,11.15999984741211,11.050000190734863,11.0,11.029999732971191,50040
2018-08-19,11.029999732971191,11.0,11.0,11.029999732971191,1010
2018-08-20,11.029999732971191,11.029999732971191,11.029999732971191,11.029999732971191,0
2018-08-21,11.029999732971191,11.029999732971191,11.029999732971191,11.029999732971191,0
2018-08-22,11.029999732971191,11.029999732971191,11.029999732971191,11.029999732971191,0
2018-08-23,11.029999732971191,11.029999732971191,11.029999732971191,11.029999732971191,0
2018-08-26,11.0,11.0,11.0,11.0,0
2018-08-27,11.0,11.0,11.0,11.0,0
2018-08-28,11.0,11.0,11.0,11.0,0
2018-08-29,11.0,11.0,11.0,11.0,0
2018-08-30,11.0,11.0,11.0,11.0,0
2018-09-02,11.050000190734863,10.949999809265137,10.90999984741211,11.050000190734863,1050
2018-09-03,11.050000190734863,11.0,10.960000038146973,11.050000190734863,2307
2018-09-04,11.050000190734863,11.0,11.0,11.0,3418
2018-09-05,11.0,11.010000228881836,10.90999984741211,10.989999771118164,10911
2018-09-06,10.989999771118164,11.289999961853027,11.0,11.0,507254
2018-09-09,11.0,10.90999984741211,10.90999984741211,11.0,94
2018-09-10,11.0,11.619999885559082,11.100000381469727,11.0,510
2018-09-11,11.0,11.0,11.0,11.0,0
2018-09-12,11.0,11.619999885559082,11.0,11.0,468300
2018-09-13,11.0,11.0,11.0,11.0,406
2018-09-16,11.0,11.0,10.949999809265137,10.960000038146973,8013
2018-09-17,10.960000038146973,11.229999542236328,11.0,11.0,106196
2018-09-18,11.0,10.8100004196167,9.90999984741211,11.0,1520
2018-09-19,11.0,10.5,10.5,10.5,45655
2018-09-20,10.5,11.0,10.829999923706055,10.949999809265137,17509
2018-09-23,10.949999809265137,11.149999618530273,11.109999656677246,11.149999618530273,175000
2018-09-24,11.149999618530273,10.550000190734863,10.40999984741211,10.550000190734863,81380
2018-09-25,10.550000190734863,10.979999542236328,10.550000190734863,10.619999885559082,15200
2018-09-26,10.619999885559082,10.970000267028809,10.5,10.739999771118164,378710
2018-09-27,10.739999771118164,10.800000190734863,10.600000381469727,10.800000190734863,382489
2018-09-30,10.800000190734863,10.800000190734863,9.75,9.779999732971191,5406
2018-10-01,9.779999732971191,10.699999809265137,9.789999961853027,9.859999656677246,770311
2018-10-02,9.859999656677246,10.5,9.510000228881836,9.869999885559082,142745
2018-10-03,9.869999885559082,10.0,9.0,9.75,155776
2018-10-04,9.75,10.0,9.199999809265137,9.760000228881836,55270
2018-10-08,9.760000228881836,9.020000457763672,9.0,9.0,26314
2018-10-09,9.0,9.5,9.0,9.119999885559082,43804
2018-10-10,9.119999885559082,9.5600004196167,9.550000190734863,9.119999885559082,1180
2018-10-11,9.119999885559082,9.5,9.020000457763672,9.5,264486
2018-10-15,9.739999771118164,10.100000381469727,9.739999771118164,9.890000343322754,8382
2018-10-16,9.890000343322754,10.479999542236328,10.0,10.319999694824219,601669
2018-10-17,10.319999694824219,10.399999618530273,9.529999732971191,9.979999542236328,597708
2018-10-18,9.979999542236328,9.550000190734863,9.15999984741211,9.369999885559082,378166
2018-10-21,9.369999885559082,9.390000343322754,9.390000343322754,9.369999885559082,400
2018-10-23,9.359999656677246,9.5,9.199999809265137,9.300000190734863,644627
2018-10-24,9.300000190734863,9.300000190734863,9.220000267028809,9.300000190734863,470533
2018-10-25,9.300000190734863,9.399999618530273,9.1899995803833,9.300000190734863,581800
2018-10-28,9.300000190734863,9.300000190734863,9.300000190734863,9.300000190734863,650
2018-10-29,9.300000190734863,9.350000381469727,9.300000190734863,9.300000190734863,995
2018-10-30,9.300000190734863,9.300000190734863,9.300000190734863,9.300000190734863,0
2018-10-31,9.300000190734863,9.5,9.300000190734863,9.329999923706055,585701
2018-11-01,9.329999923706055,9.550000190734863,9.550000190734863,9.550000190734863,30010
2018-11-04,9.550000190734863,9.550000190734863,9.550000190734863,9.550000190734863,0
2018-11-05,9.550000190734863,9.550000190734863,9.550000190734863,9.550000190734863,0
2018-11-06,9.550000190734863,9.350000381469727,9.220000267028809,9.289999961853027,2436790
2018-11-07,9.289999961853027,9.6899995803833,9.199999809265137,9.420000076293945,50000
2018-11-08,9.420000076293945,9.600000381469727,9.199999809265137,9.40999984741211,63034
2018-11-11,9.40999984741211,9.489999771118164,9.489999771118164,9.489999771118164,3600
2018-11-12,9.489999771118164,9.489999771118164,9.25,9.399999618530273,1461542
2018-11-13,9.399999618530273,9.880000114440918,9.220000267028809,9.369999885559082,88428
2018-11-14,9.369999885559082,9.229999542236328,8.720000267028809,8.970000267028809,40159
2018-11-15,8.970000267028809,8.859999656677246,8.75,8.829999923706055,87797
2018-11-18,8.829999923706055,9.180000305175781,8.800000190734863,8.979999542236328,154732
2018-11-19,8.979999542236328,9.25,9.140000343322754,9.220000267028809,19100
2018-11-20,9.220000267028809,9.220000267028809,9.220000267028809,9.220000267028809,0
2018-11-21,9.220000267028809,9.5,9.0,9.3100004196167,99850
2018-11-22,9.3100004196167,9.699999809265137,9.199999809265137,9.489999771118164,97407
2018-11-25,9.489999771118164,9.6899995803833,9.300000190734863,9.550000190734863,55796
2018-11-26,9.550000190734863,9.770000457763672,9.6899995803833,9.710000038146973,25100
2018-11-27,9.710000038146973,9.90999984741211,9.800000190734863,9.880000114440918,34433
2018-11-28,9.880000114440918,10.010000228881836,9.699999809265137,9.960000038146973,35000
2018-11-29,9.960000038146973,10.0,9.699999809265137,9.720000267028809,7218
2018-12-02,9.720000267028809,10.0,10.0,9.720000267028809,2000
2018-12-03,9.720000267028809,9.649999618530273,9.449999809265137,9.520000457763672,38224
2018-12-04,9.520000457763672,9.520000457763672,9.520000457763672,9.520000457763672,0
2018-12-05,9.520000457763672,9.520000457763672,9.520000457763672,9.520000457763672,0
2018-12-06,9.520000457763672,9.449999809265137,8.720000267028809,9.029999732971191,14000
2018-12-09,9.029999732971191,9.050000190734863,9.0,9.029999732971191,2000
2018-12-10,9.029999732971191,9.300000190734863,9.199999809265137,9.210000038146973,5963
2018-12-11,9.210000038146973,9.399999618530273,9.199999809265137,9.210000038146973,192395
2018-12-12,9.210000038146973,9.84000015258789,9.649999618530273,9.789999961853027,23782
2018-12-13,9.789999961853027,10.050000190734863,9.789999961853027,10.0,2011703
2018-12-16,10.0,10.149999618530273,10.0,10.069999694824219,5800
2018-12-17,10.069999694824219,10.100000381469727,10.0,10.010000228881836,1396395
2018-12-18,10.010000228881836,10.079999923706055,10.0,10.0,1315465
2018-12-19,10.0,10.0,9.899999618530273,10.0,256650
2018-12-20,10.0,10.0,9.8100004196167,10.0,468958
2018-12-23,10.0,10.0,9.800000190734863,9.989999771118164,117510
2018-12-24,9.989999771118164,10.0,9.229999542236328,9.949999809265137,49100
2018-12-25,9.949999809265137,9.350000381469727,9.350000381469727,9.949999809265137,534
2018-12-26,9.949999809265137,9.800000190734863,9.800000190734863,9.800000190734863,7434
2018-12-27,9.800000190734863,10.239999771118164,9.800000190734863,10.0,816500
2018-12-30,10.0,10.0,10.0,10.0,0
2018-12-31,10.0,10.989999771118164,10.100000381469727,10.800000190734863,93530
2019-01-01,10.800000190734863,10.800000190734863,10.800000190734863,10.800000190734863,0
2019-01-02,10.800000190734863,10.949999809265137,10.949999809265137,10.800000190734863,1500
2019-01-03,10.800000190734863,10.75,9.989999771118164,10.0,3458760
2019-01-06,10.0,10.050000190734863,10.0,10.010000228881836,15408
2019-01-07,10.010000228881836,10.010000228881836,10.010000228881836,10.010000228881836,0
2019-01-08,10.010000228881836,10.149999618530273,10.020000457763672,10.09000015258789,5600
2019-01-09,10.09000015258789,10.420000076293945,10.010000228881836,10.079999923706055,12211
2019-01-10,10.079999923706055,10.100000381469727,9.920000076293945,9.979999542236328,29188
2019-01-13,9.979999542236328,10.010000228881836,9.960000038146973,9.970000267028809,6130
2019-01-14,9.970000267028809,10.050000190734863,9.90999984741211,10.010000228881836,130300
2019-01-15,10.010000228881836,10.0,9.260000228881836,9.90999984741211,30385
2019-01-16,9.90999984741211,9.90999984741211,9.90999984741211,9.90999984741211,0
2019-01-17,9.90999984741211,9.90999984741211,9.90999984741211,9.90999984741211,0
2019-01-20,9.90999984741211,9.90999984741211,9.90999984741211,9.90999984741211,0
2019-01-21,9.90999984741211,9.5,9.5,9.90999984741211,500
2019-01-22,9.90999984741211,9.90999984741211,9.699999809265137,9.869999885559082,60860
2019-01-23,9.869999885559082,10.0,9.5,9.8100004196167,7820
2019-01-24,9.8100004196167,9.8100004196167,9.8100004196167,9.8100004196167,0
2019-01-27,9.8100004196167,10.0,9.899999618530273,9.989999771118164,28448
2019-01-28,9.989999771118164,10.0,9.979999542236328,9.989999771118164,405866
2019-01-29,9.989999771118164,10.0,10.0,10.0,184505
2019-01-30,10.0,10.0,10.0,10.0,0
2019-01-31,10.0,10.0,9.989999771118164,10.0,52000
2019-02-03,10.0,9.869999885559082,9.869999885559082,10.0,2500
2019-02-04,10.0,10.0,9.600000381469727,9.989999771118164,26700
2019-02-05,9.989999771118164,10.0,9.989999771118164,10.0,2477850
2019-02-06,10.0,10.239999771118164,9.90999984741211,10.0,2438851
2019-02-07,10.0,10.0,9.859999656677246,10.0,353338
2019-02-10,10.0,10.229999542236328,10.100000381469727,10.100000381469727,1096500
2019-02-11,10.100000381469727,10.100000381469727,10.100000381469727,10.100000381469727,215000
2019-02-12,10.100000381469727,10.300000190734863,10.039999961853027,10.300000190734863,2924809
2019-02-13,10.300000190734863,10.899999618530273,10.350000381469727,10.600000381469727,421050
2019-02-14,10.600000381469727,10.600000381469727,10.300000190734863,10.59000015258789,618317
2019-02-17,10.59000015258789,11.0,10.59000015258789,10.8100004196167,2753704
2019-02-18,10.8100004196167,11.25,10.850000381469727,11.010000228881836,488639
2019-02-19,11.010000228881836,11.0,11.0,11.0,109755
2019-02-20,11.0,10.850000381469727,10.5,11.0,1000
2019-02-21,11.0,11.25,10.720000267028809,11.0,47610
2019-02-24,11.0,11.0,10.75,11.0,1111550
2019-02-25,11.0,11.0,10.989999771118164,11.0,53179
2019-02-26,11.0,10.680000305175781,10.680000305175781,11.0,24
2019-02-27,11.0,10.850000381469727,10.550000190734863,11.0,2057
2019-02-28,11.0,11.0,11.0,11.0,0
2019-03-03,11.0,11.199999809265137,11.0,11.0,549074
2019-03-04,11.0,11.0,11.0,11.0,0
2019-03-05,11.0,10.430000305175781,10.430000305175781,11.0,148
2019-03-06,11.0,11.0,10.699999809265137,11.0,392418
2019-03-07,11.0,11.0,10.989999771118164,11.0,239379
2019-03-10,11.0,11.0,11.0,11.0,3055
2019-03-11,11.0,11.350000381469727,11.020000457763672,11.0,1850
2019-03-12,11.0,11.270000457763672,11.0,11.020000457763672,524850
2019-03-13,11.020000457763672,11.699999809265137,11.100000381469727,11.470000267028809,307035
2019-03-14,11.470000267028809,11.5,11.0,11.0600004196167,3410
2019-03-17,11.0600004196167,11.0600004196167,11.0600004196167,11.0600004196167,0
2019-03-18,11.0600004196167,11.550000190734863,11.149999618530273,11.489999771118164,950590
2019-03-19,11.489999771118164,11.699999809265137,11.300000190734863,11.5,488209
2019-03-20,11.5,11.84000015258789,11.699999809265137,11.710000038146973,5220
2019-03-21,11.710000038146973,11.75,11.5,11.520000457763672,4711
2019-03-24,11.520000457763672,11.520000457763672,11.520000457763672,11.520000457763672,225000
2019-03-25,11.520000457763672,11.520000457763672,11.520000457763672,11.520000457763672,0
2019-03-26,11.520000457763672,11.649999618530273,11.649999618530273,11.520000457763672,260
2019-03-27,11.520000457763672,11.520000457763672,11.520000457763672,11.520000457763672,0
2019-03-28,11.520000457763672,11.989999771118164,11.600000381469727,11.729999542236328,4530
2019-03-31,11.729999542236328,11.989999771118164,11.510000228881836,11.720000267028809,325190
2019-04-01,11.720000267028809,11.25,11.25,11.720000267028809,25
2019-04-02,11.720000267028809,11.720000267028809,10.550000190734863,11.720000267028809,410659
2019-04-03,11.720000267028809,11.720000267028809,11.720000267028809,11.720000267028809,860386
2019-04-04,11.720000267028809,11.720000267028809,11.550000190734863,11.720000267028809,473510
2019-04-07,11.720000267028809,11.720000267028809,11.720000267028809,11.720000267028809,0
2019-04-08,11.720000267028809,11.720000267028809,11.6899995803833,11.699999809265137,520070
2019-04-09,11.699999809265137,11.699999809265137,11.6899995803833,11.699999809265137,173159
2019-04-10,11.699999809265137,11.699999809265137,11.5,11.699999809265137,65140
2019-04-11,11.699999809265137,11.699999809265137,11.6899995803833,11.699999809265137,300
2019-04-14,11.699999809265137,11.899999618530273,11.600000381469727,11.710000038146973,6050
2019-04-15,11.710000038146973,11.680000305175781,11.520000457763672,11.710000038146973,1093
2019-04-16,11.710000038146973,11.609999656677246,11.210000038146973,11.569999694824219,6420
2019-04-17,11.569999694824219,11.869999885559082,10.479999542236328,11.569999694824219,408
2019-04-18,11.569999694824219,11.569999694824219,11.5,11.569999694824219,208
2019-04-21,11.569999694824219,11.6899995803833,10.699999809265137,10.84000015258789,3541
2019-04-22,10.84000015258789,11.6899995803833,10.600000381469727,11.020000457763672,10898
2019-04-23,11.020000457763672,11.5,11.5,11.020000457763672,210
2019-04-24,11.020000457763672,11.5,10.109999656677246,11.020000457763672,67
2019-04-25,11.020000457763672,11.020000457763672,11.020000457763672,11.020000457763672,0
2019-04-28,11.020000457763672,11.020000457763672,11.020000457763672,11.020000457763672,0
2019-04-29,11.020000457763672,11.020000457763672,11.020000457763672,11.020000457763672,0
2019-04-30,11.020000457763672,11.020000457763672,11.020000457763672,11.020000457763672,0
2019-05-01,11.020000457763672,11.020000457763672,11.020000457763672,11.020000457763672,0
2019-05-02,11.020000457763672,11.020000457763672,11.020000457763672,11.020000457763672,0
2019-05-05,11.020000457763672,10.399999618530273,10.0,11.020000457763672,129
2019-05-06,11.020000457763672,11.020000457763672,11.020000457763672,11.020000457763672,0
2019-05-07,11.020000457763672,10.220000267028809,10.0,11.020000457763672,369
2019-05-08,11.020000457763672,10.119999885559082,10.119999885559082,11.020000457763672,100
2019-05-09,11.020000457763672,11.899999618530273,10.069999694824219,11.670000076293945,20110
2019-05-12,11.670000076293945,10.829999923706055,10.8100004196167,11.670000076293945,1300
2019-05-13,11.670000076293945,10.8100004196167,10.510000228881836,11.670000076293945,510
2019-05-14,11.670000076293945,10.550000190734863,10.520000457763672,11.670000076293945,90
2019-05-15,11.670000076293945,10.550000190734863,10.550000190734863,11.670000076293945,50
2019-05-16,11.670000076293945,10.550000190734863,10.510000228881836,10.510000228881836,4365
2019-05-19,10.510000228881836,10.699999809265137,10.5,10.640000343322754,3057
2019-05-20,10.640000343322754,10.520000457763672,10.5,10.510000228881836,17277
2019-05-21,10.510000228881836,10.0,9.460000038146973,10.510000228881836,485
2019-05-22,10.510000228881836,10.100000381469727,9.529999732971191,9.539999961853027,6435
2019-05-23,9.539999961853027,9.529999732971191,9.0,9.050000190734863,926563
2019-05-26,9.050000190734863,9.9399995803833,9.100000381469727,9.520000457763672,4141
2019-05-27,9.520000457763672,9.5,9.199999809265137,9.210000038146973,777781
2019-05-28,9.210000038146973,9.949999809265137,9.149999618530273,9.600000381469727,163855
2019-05-29,9.600000381469727,9.300000190734863,9.300000190734863,9.600000381469727,300
2019-05-30,9.600000381469727,10.399999618530273,9.300000190734863,10.229999542236328,5020
2019-06-02,10.229999542236328,10.229999542236328,10.229999542236328,10.229999542236328,0
2019-06-03,10.229999542236328,10.300000190734863,9.800000190734863,10.229999542236328,64
2019-06-04,10.229999542236328,10.229999542236328,10.229999542236328,10.229999542236328,0
2019-06-05,10.229999542236328,10.229999542236328,10.229999542236328,10.229999542236328,0
2019-06-06,10.229999542236328,10.229999542236328,10.229999542236328,10.229999542236328,0
2019-06-09,10.229999542236328,11.0,9.399999618530273,10.079999923706055,21266
2019-06-10,10.079999923706055,10.199999809265137,10.0,10.010000228881836,535992
2019-06-11,10.010000228881836,10.010000228881836,10.010000228881836,10.010000228881836,0
2019-06-12,10.010000228881836,10.010000228881836,10.010000228881836,10.010000228881836,0
2019-06-13,10.010000228881836,9.5,9.5,10.010000228881836,105
2019-06-16,10.010000228881836,9.5,9.119999885559082,10.010000228881836,50
2019-06-17,10.010000228881836,10.0,10.0,10.0,130000
2019-06-18,10.0,10.0,10.0,10.0,0
2019-06-19,10.0,10.0,10.0,10.0,0
2019-06-20,10.0,10.0,10.0,10.0,0
2019-06-23,10.0,10.0,9.210000038146973,10.0,11702
2019-06-24,10.0,10.0,10.0,10.0,0
2019-06-25,10.0,9.600000381469727,9.600000381469727,9.600000381469727,1490200
2019-06-26,9.600000381469727,10.0,9.220000267028809,9.84000015258789,99180
2019-06-27,9.84000015258789,10.0,9.899999618530273,9.9399995803833,179553
2019-06-30,9.9399995803833,9.9399995803833,9.9399995803833,9.9399995803833,0
2019-07-01,9.9399995803833,9.9399995803833,9.9399995803833,9.9399995803833,0
2019-07-02,9.9399995803833,9.9399995803833,9.9399995803833,9.9399995803833,0
2019-07-03,9.9399995803833,9.899999618530273,9.899999618530273,9.9399995803833,10
2019-07-04,9.9399995803833,9.300000190734863,9.289999961853027,9.9399995803833,1000
2019-07-07,9.9399995803833,9.9399995803833,9.9399995803833,9.9399995803833,0
2019-07-08,9.9399995803833,9.9399995803833,9.9399995803833,9.9399995803833,0
2019-07-09,9.9399995803833,9.34000015258789,9.34000015258789,9.9399995803833,50
2019-07-10,9.9399995803833,9.9399995803833,9.9399995803833,9.9399995803833,0
2019-07-11,9.9399995803833,10.0,10.0,10.0,120606
2019-07-14,10.0,10.0,10.0,10.0,0
2019-07-15,10.0,9.989999771118164,9.529999732971191,9.989999771118164,10388
2019-07-16,9.989999771118164,9.989999771118164,9.390000343322754,9.869999885559082,31440
2019-07-17,9.869999885559082,9.600000381469727,9.390000343322754,9.460000038146973,324248
2019-07-18,9.460000038146973,9.649999618530273,9.420000076293945,9.649999618530273,26010
2019-07-21,9.649999618530273,9.199999809265137,9.029999732971191,9.649999618530273,40
2019-07-22,9.649999618530273,9.649999618530273,9.649999618530273,9.649999618530273,0
2019-07-23,9.649999618530273,9.649999618530273,9.649999618530273,9.649999618530273,0
2019-07-24,9.649999618530273,9.649999618530273,9.649999618530273,9.649999618530273,0
2019-07-25,9.649999618530273,9.199999809265137,9.199999809265137,9.649999618530273,2500
2019-07-28,9.649999618530273,9.550000190734863,9.550000190734863,9.550000190734863,5500
2019-07-29,9.550000190734863,9.5,9.199999809265137,9.489999771118164,123770
2019-07-30,9.489999771118164,9.489999771118164,9.199999809265137,9.449999809265137,120700
2019-07-31,9.449999809265137,9.430000305175781,9.25,9.420000076293945,116497
2019-08-01,9.420000076293945,9.420000076293945,9.420000076293945,9.420000076293945,0
2019-08-04,9.420000076293945,9.420000076293945,9.420000076293945,9.420000076293945,0
2019-08-05,9.420000076293945,9.420000076293945,9.390000343322754,9.40999984741211,442530
2019-08-06,9.40999984741211,9.390000343322754,9.210000038146973,9.390000343322754,51800
2019-08-07,9.390000343322754,9.390000343322754,9.390000343322754,9.390000343322754,0
2019-08-08,9.390000343322754,9.399999618530273,9.390000343322754,9.399999618530273,75030
2019-08-11,9.399999618530273,9.399999618530273,9.399999618530273,9.399999618530273,0
2019-08-12,9.399999618530273,9.399999618530273,9.399999618530273,9.399999618530273,0
2019-08-13,9.399999618530273,9.399999618530273,9.399999618530273,9.399999618530273,0
2019-08-14,9.399999618530273,9.399999618530273,9.0,9.130000114440918,295270
2019-08-15,9.130000114440918,9.199999809265137,9.0,9.09000015258789,9885
2019-08-18,9.09000015258789,9.020000457763672,8.90999984741211,9.0,226685
2019-08-19,9.0,9.239999771118164,9.0,9.0,3282
2019-08-20,9.0,9.149999618530273,8.819999694824219,9.020000457763672,46850
2019-08-21,9.020000457763672,9.0,8.90999984741211,9.0,204465
2019-08-22,9.0,9.0,8.930000305175781,8.9399995803833,10935
2019-08-25,8.9399995803833,9.0,8.720000267028809,8.989999771118164,269894
2019-08-26,8.989999771118164,8.899999618530273,8.899999618530273,8.989999771118164,800
2019-08-27,8.989999771118164,9.0,8.899999618530273,8.970000267028809,710896
2019-08-28,8.970000267028809,9.020000457763672,8.880000114440918,9.0,3438215
2019-08-29,9.0,9.0,8.949999809265137,9.0,1544321
2019-09-01,9.0,9.0,9.0,9.0,0
2019-09-02,9.0,9.0,8.800000190734863,8.989999771118164,157144
2019-09-03,8.989999771118164,8.850000381469727,8.850000381469727,8.989999771118164,1000
2019-09-04,8.989999771118164,8.84000015258789,8.800000190734863,8.989999771118164,2000
2019-09-05,8.989999771118164,9.199999809265137,8.989999771118164,9.199999809265137,803023
2019-09-08,9.199999809265137,9.0,9.0,9.0,9780
2019-09-09,9.0,9.239999771118164,9.0,9.199999809265137,1009526
2019-09-10,9.199999809265137,9.199999809265137,9.199999809265137,9.199999809265137,0
2019-09-11,9.199999809265137,9.180000305175781,9.180000305175781,9.180000305175781,3699
2019-09-12,9.180000305175781,8.90999984741211,8.899999618530273,9.180000305175781,2117
2019-09-15,9.180000305175781,8.899999618530273,8.800000190734863,9.180000305175781,2030
2019-09-16,9.180000305175781,9.0,8.600000381469727,9.0,1291397
2019-09-17,9.0,9.0,8.65999984741211,8.989999771118164,42837
2019-09-18,8.989999771118164,8.989999771118164,8.699999809265137,8.989999771118164,500850
2019-09-19,8.989999771118164,9.0,8.699999809265137,8.949999809265137,107093
2019-09-22,8.949999809265137,8.609999656677246,8.510000228881836,8.510000228881836,70100
2019-09-23,8.510000228881836,8.5,8.5,8.5,102462
2019-09-24,8.5,8.699999809265137,7.710000038146973,8.670000076293945,63033
2019-09-25,8.670000076293945,8.489999771118164,7.900000095367432,8.1899995803833,29000
2019-09-26,8.1899995803833,8.100000381469727,8.0,8.020000457763672,15180
2019-09-29,8.020000457763672,8.5,8.300000190734863,8.489999771118164,10800
2019-09-30,8.489999771118164,8.489999771118164,8.489999771118164,8.489999771118164,0
2019-10-01,8.489999771118164,8.890000343322754,8.489999771118164,8.489999771118164,1550
2019-10-02,8.489999771118164,8.149999618530273,8.100000381469727,8.109999656677246,8800
2019-10-03,8.109999656677246,8.399999618530273,8.050000190734863,8.050000190734863,336355
2019-10-07,8.050000190734863,8.489999771118164,8.0,8.029999732971191,152501
2019-10-08,8.029999732971191,8.100000381469727,8.0,8.0,1297400
2019-10-09,8.0,8.0,8.0,8.0,0
2019-10-10,8.0,8.0,8.0,8.0,0
2019-10-13,8.0,8.0,8.0,8.0,0
2019-10-14,8.0,8.0,7.989999771118164,8.0,53742
2019-10-15,8.0,8.380000114440918,8.0,8.329999923706055,62950
2019-10-16,8.329999923706055,8.300000190734863,8.050000190734863,8.329999923706055,2900
2019-10-17,8.329999923706055,8.329999923706055,8.329999923706055,8.329999923706055,0
2019-10-20,8.329999923706055,8.329999923706055,8.329999923706055,8.329999923706055,0
2019-10-21,8.329999923706055,8.279999732971191,8.050000190734863,8.329999923706055,1540
2019-10-22,8.329999923706055,8.0,8.0,8.329999923706055,1000
2019-10-23,8.329999923706055,8.050000190734863,7.840000152587891,8.0,328699
2019-10-24,8.0,8.279999732971191,8.279999732971191,8.0,36
2019-10-27,8.0,8.020000457763672,7.920000076293945,8.0,10734
2019-10-28,8.020000457763672,8.270000457763672,8.020000457763672,8.100000381469727,523251
2019-10-29,8.100000381469727,8.199999809265137,8.039999961853027,8.100000381469727,984368
2019-10-30,8.100000381469727,8.270000457763672,8.100000381469727,8.109999656677246,16645
2019-10-31,8.109999656677246,8.109999656677246,8.109999656677246,8.109999656677246,0
2019-11-03,8.109999656677246,8.100000381469727,8.100000381469727,8.100000381469727,18000
2019-11-04,8.100000381469727,8.25,8.100000381469727,8.100000381469727,87950
2019-11-05,8.100000381469727,8.119999885559082,8.119999885559082,8.100000381469727,1000
2019-11-06,8.100000381469727,8.390000343322754,8.100000381469727,8.260000228881836,17635
2019-11-07,8.260000228881836,8.25,8.25,8.25,83000
2019-11-11,8.25,8.460000038146973,8.260000228881836,8.399999618530273,410190
2019-11-12,8.399999618530273,8.449999809265137,8.449999809265137,8.449999809265137,14434
2019-11-13,8.449999809265137,8.479999542236328,8.449999809265137,8.460000038146973,17300
2019-11-14,8.460000038146973,8.5,8.109999656677246,8.430000305175781,13603
2019-11-17,8.430000305175781,8.279999732971191,8.199999809265137,8.229999542236328,16974
2019-11-18,8.229999542236328,8.579999923706055,8.399999618530273,8.449999809265137,1038838
2019-11-19,8.449999809265137,8.75,8.739999771118164,8.739999771118164,7379
2019-11-20,8.739999771118164,9.25,8.75,9.210000038146973,1173408
2019-11-21,9.210000038146973,9.199999809265137,9.0,9.15999984741211,418781
2019-11-24,9.15999984741211,9.100000381469727,8.75,8.829999923706055,14650
2019-11-25,8.829999923706055,8.829999923706055,8.770000457763672,8.829999923706055,155860
2019-11-26,8.829999923706055,8.770000457763672,8.699999809265137,8.760000228881836,5650
2019-11-27,8.760000228881836,8.710000038146973,8.710000038146973,8.760000228881836,2500
2019-11-28,8.760000228881836,9.0,8.899999618530273,9.0,13000
2019-12-01,9.0,9.0,9.0,9.0,0
2019-12-02,9.0,8.319999694824219,8.3100004196167,9.0,720
2019-12-03,9.0,9.0,8.300000190734863,8.720000267028809,83355
2019-12-04,8.720000267028809,9.0,9.0,9.0,50640
2019-12-05,9.0,9.0,8.989999771118164,9.0,225000
2019-12-08,9.0,8.319999694824219,8.319999694824219,9.0,124
2019-12-09,9.0,9.0,9.0,9.0,0
2019-12-10,9.0,9.0,8.789999961853027,8.920000076293945,90000
2019-12-11,8.920000076293945,9.0,8.319999694824219,8.920000076293945,60
2019-12-12,8.920000076293945,8.920000076293945,8.920000076293945,8.920000076293945,0
2019-12-15,8.920000076293945,8.920000076293945,8.920000076293945,8.920000076293945,0
2019-12-16,8.920000076293945,8.920000076293945,8.920000076293945,8.920000076293945,83000
2019-12-17,8.920000076293945,8.920000076293945,8.329999923706055,8.90999984741211,300820
2019-12-18,8.90999984741211,8.90999984741211,8.90999984741211,8.90999984741211,0
2019-12-19,8.90999984741211,8.420000076293945,8.34000015258789,8.90999984741211,671
2019-12-22,8.90999984741211,8.90999984741211,8.90999984741211,8.90999984741211,0
2019-12-23,8.90999984741211,8.34000015258789,8.34000015258789,8.90999984741211,4
2019-12-24,8.90999984741211,8.989999771118164,8.90999984741211,8.90999984741211,2172728
2019-12-25,8.90999984741211,8.90999984741211,8.90999984741211,8.90999984741211,0
2019-12-26,8.90999984741211,8.989999771118164,8.5,8.90999984741211,763
2019-12-29,8.90999984741211,8.90999984741211,8.90999984741211,8.90999984741211,0
2019-12-30,8.90999984741211,8.90999984741211,8.90999984741211,8.90999984741211,0
2019-12-31,8.90999984741211,8.90999984741211,8.90999984741211,8.90999984741211,0
2020-01-02,8.90999984741211,8.90999984741211,8.5,8.90999984741211,38425
2020-01-05,8.90999984741211,8.90999984741211,8.90999984741211,8.90999984741211,0
2020-01-06,8.90999984741211,8.90999984741211,8.90999984741211,8.90999984741211,0
2020-01-08,8.90999984741211,8.899999618530273,8.899999618530273,8.90999984741211,30
2020-01-09,8.90999984741211,8.869999885559082,8.869999885559082,8.90999984741211,10
2020-01-12,8.90999984741211,8.989999771118164,8.600000381469727,8.90999984741211,2000
2020-01-13,8.90999984741211,8.90999984741211,8.90999984741211,8.90999984741211,0
2020-01-14,8.90999984741211,8.90999984741211,8.90999984741211,8.90999984741211,0
2020-01-15,8.90999984741211,8.600000381469727,8.600000381469727,8.90999984741211,50
2020-01-16,8.90999984741211,8.90999984741211,8.90999984741211,8.90999984741211,0
2020-01-19,8.90999984741211,8.90999984741211,8.899999618530273,8.899999618530273,60000
2020-01-20,8.899999618530273,8.899999618530273,8.899999618530273,8.899999618530273,0
2020-01-21,8.899999618530273,8.699999809265137,8.3100004196167,8.699999809265137,25500
2020-01-22,8.699999809265137,8.699999809265137,8.319999694824219,8.699999809265137,181371
2020-01-23,8.699999809265137,8.699999809265137,8.600000381469727,8.680000305175781,181200
2020-01-26,8.680000305175781,8.420000076293945,8.420000076293945,8.680000305175781,500
2020-01-27,8.680000305175781,8.5,8.3100004196167,8.680000305175781,501
2020-01-28,8.680000305175781,8.680000305175781,8.680000305175781,8.680000305175781,0
2020-01-29,8.680000305175781,8.699999809265137,8.489999771118164,8.65999984741211,397870
2020-01-30,8.65999984741211,8.899999618530273,8.34000015258789,8.850000381469727,37846
2020-02-02,8.850000381469727,8.4399995803833,8.430000305175781,8.850000381469727,1140
2020-02-03,8.850000381469727,8.850000381469727,8.850000381469727,8.850000381469727,0
2020-02-04,8.850000381469727,8.850000381469727,8.850000381469727,8.850000381469727,0
2020-02-05,8.850000381469727,8.850000381469727,8.850000381469727,8.850000381469727,0
2020-02-06,8.850000381469727,8.850000381469727,8.850000381469727,8.850000381469727,0
2020-02-09,8.850000381469727,8.850000381469727,8.850000381469727,8.850000381469727,0
2020-02-10,8.850000381469727,8.420000076293945,8.40999984741211,8.420000076293945,7705
2020-02-11,8.420000076293945,8.40999984741211,8.300000190734863,8.3100004196167,344860
2020-02-12,8.3100004196167,8.3100004196167,8.3100004196167,8.3100004196167,0
2020-02-13,8.3100004196167,8.279999732971191,8.279999732971191,8.3100004196167,57
2020-02-16,8.3100004196167,8.3100004196167,8.3100004196167,8.3100004196167,0
2020-02-17,8.3100004196167,8.199999809265137,8.199999809265137,8.199999809265137,106700
2020-02-18,8.199999809265137,8.199999809265137,8.199999809265137,8.199999809265137,0
2020-02-19,8.149999618530273,8.149999618530273,8.0,8.050000190734863,2253258
2020-02-20,8.050000190734863,8.050000190734863,8.039999961853027,8.050000190734863,8129
2020-02-23,8.050000190734863,8.050000190734863,8.050000190734863,8.050000190734863,106580
2020-02-24,8.050000190734863,8.050000190734863,8.050000190734863,8.050000190734863,0
2020-02-25,8.050000190734863,8.050000190734863,8.050000190734863,8.050000190734863,0
2020-02-26,8.050000190734863,8.0,8.0,8.050000190734863,500
2020-02-27,8.050000190734863,8.0,7.900000095367432,7.909999847412109,14650
2020-03-01,7.909999847412109,7.909999847412109,7.909999847412109,7.909999847412109,0
2020-03-02,7.909999847412109,8.0,8.0,7.909999847412109,166
2020-03-03,7.909999847412109,7.909999847412109,7.909999847412109,7.909999847412109,0
2020-03-04,7.909999847412109,7.909999847412109,7.909999847412109,7.909999847412109,0
2020-03-05,7.909999847412109,7.909999847412109,7.909999847412109,7.909999847412109,0
2020-03-08,7.909999847412109,7.519999980926514,7.199999809265137,7.909999847412109,1095
2020-03-09,7.909999847412109,7.909999847412109,7.909999847412109,7.909999847412109,0
2020-03-10,7.909999847412109,7.980000019073486,7.130000114440918,7.929999828338623,7465
2020-03-11,7.929999828338623,7.949999809265137,7.139999866485596,7.409999847412109,21365
2020-03-15,7.409999847412109,7.130000114440918,7.130000114440918,7.409999847412109,1480
2020-03-16,7.409999847412109,7.119999885559082,7.119999885559082,7.409999847412109,220
2020-03-17,7.409999847412109,6.900000095367432,6.670000076293945,6.880000114440918,11800
2020-03-18,6.880000114440918,6.659999847412109,6.659999847412109,6.659999847412109,6000
2020-03-19,6.659999847412109,6.480000019073486,6.0,6.210000038146973,90154
2020-03-22,6.210000038146973,6.300000190734863,6.199999809265137,6.210000038146973,2000
2020-03-23,6.210000038146973,6.300000190734863,6.099999904632568,6.230000019073486,8150
2020-03-24,6.230000019073486,6.119999885559082,6.099999904632568,6.230000019073486,2850
2020-03-25,6.230000019073486,6.25,6.0,6.230000019073486,16510
2020-03-26,6.230000019073486,6.0,5.650000095367432,5.769999980926514,86046
2020-03-29,5.769999980926514,5.920000076293945,5.650000095367432,5.769999980926514,1214
2020-03-30,5.769999980926514,5.699999809265137,5.199999809265137,5.46999979019165,54130
2020-03-31,5.46999979019165,5.239999771118164,4.929999828338623,5.050000190734863,1392060
2020-04-01,5.050000190734863,5.050000190734863,4.699999809265137,4.789999961853027,113915
2020-04-02,4.789999961853027,5.099999904632568,4.760000228881836,4.909999847412109,1285175
2020-04-05,4.909999847412109,5.050000190734863,4.769999980926514,4.940000057220459,1541529
2020-04-06,4.940000057220459,5.099999904632568,4.96999979019165,5.019999980926514,669584
2020-04-07,5.019999980926514,5.179999828338623,5.0,5.070000171661377,3273029
2020-04-08,5.070000171661377,5.179999828338623,4.949999809265137,5.050000190734863,1327856
2020-04-09,5.050000190734863,5.019999980926514,4.880000114440918,4.96999979019165,2675160
2020-04-12,4.96999979019165,5.460000038146973,5.010000228881836,5.309999942779541,5685877
2020-04-13,5.309999942779541,5.690000057220459,5.199999809265137,5.409999847412109,4421481
2020-04-14,5.409999847412109,5.659999847412109,5.309999942779541,5.519999980926514,2727873
2020-04-15,5.519999980926514,5.599999904632568,5.289999961853027,5.369999885559082,1332686
2020-04-16,5.369999885559082,5.5,5.309999942779541,5.420000076293945,1412500
2020-04-21,5.420000076293945,5.5,5.300000190734863,5.389999866485596,1350695
2020-04-22,5.389999866485596,5.46999979019165,5.340000152587891,5.389999866485596,483943
2020-04-23,5.389999866485596,5.75,5.380000114440918,5.619999885559082,1621233
2020-04-26,5.619999885559082,5.820000171661377,5.650000095367432,5.75,819687
2020-04-27,5.75,5.880000114440918,5.659999847412109,5.75,485430
2020-04-28,5.75,6.0,5.75,5.900000095367432,774181
2020-04-29,5.900000095367432,6.0,5.800000190734863,5.880000114440918,736946
2020-04-30,5.880000114440918,5.940000057220459,5.690000057220459,5.900000095367432,383604
2020-05-03,5.900000095367432,5.900000095367432,5.519999980926514,5.739999771118164,868169
2020-05-04,5.739999771118164,5.75,5.519999980926514,5.670000076293945,513615
2020-05-05,5.670000076293945,5.940000057220459,5.760000228881836,5.880000114440918,840719
2020-05-06,5.880000114440918,6.420000076293945,5.820000171661377,6.210000038146973,1551116
2020-05-07,6.210000038146973,6.170000076293945,5.900000095367432,5.960000038146973,1021465
2020-05-10,5.960000038146973,6.019999980926514,5.849999904632568,5.980000019073486,259319
2020-05-11,5.980000019073486,5.940000057220459,5.849999904632568,5.900000095367432,38186
2020-05-12,5.900000095367432,6.150000095367432,5.849999904632568,6.019999980926514,1290237
2020-05-13,6.019999980926514,6.010000228881836,5.809999942779541,5.909999847412109,156078
2020-05-14,5.909999847412109,5.900000095367432,5.860000133514404,5.900000095367432,93730
2020-05-17,5.900000095367432,6.0,5.900000095367432,5.96999979019165,14150
2020-05-18,5.96999979019165,6.0,5.900000095367432,5.949999809265137,70529
2020-05-19,5.949999809265137,6.0,5.929999828338623,5.960000038146973,102964
2020-05-20,5.960000038146973,5.989999771118164,5.860000133514404,5.929999828338623,54111
2020-05-21,5.929999828338623,5.96999979019165,5.820000171661377,5.920000076293945,211608
2020-05-31,5.920000076293945,6.0,5.800000190734863,5.980000019073486,504416
2020-06-01,5.980000019073486,5.949999809265137,5.849999904632568,5.889999866485596,44265
2020-06-02,5.889999866485596,6.119999885559082,5.900000095367432,6.0,342651
2020-06-03,6.0,6.050000190734863,5.900000095367432,6.0,890941
2020-06-04,6.0,5.980000019073486,5.900000095367432,5.920000076293945,29363
2020-06-07,5.920000076293945,6.099999904632568,5.800000190734863,5.989999771118164,182005
2020-06-08,5.989999771118164,6.010000228881836,5.900000095367432,5.909999847412109,169320
2020-06-09,5.909999847412109,5.989999771118164,5.900000095367432,5.900000095367432,88410
2020-06-10,5.900000095367432,6.050000190734863,5.949999809265137,6.0,762943
2020-06-11,6.0,6.150000095367432,5.920000076293945,6.079999923706055,27000
2020-06-14,6.079999923706055,6.119999885559082,5.880000114440918,6.0,21924
2020-06-15,6.0,6.0,5.829999923706055,5.900000095367432,1129475
2020-06-16,5.900000095367432,6.0,5.800000190734863,5.929999828338623,197886
2020-06-17,5.929999828338623,6.050000190734863,5.900000095367432,5.900000095367432,217468
2020-06-18,5.900000095367432,6.0,5.900000095367432,5.929999828338623,114779
2020-06-21,5.929999828338623,5.960000038146973,5.900000095367432,5.949999809265137,11317
2020-06-22,5.949999809265137,5.909999847412109,5.800000190734863,5.829999923706055,71906
2020-06-23,5.829999923706055,6.0,5.849999904632568,5.900000095367432,161135
2020-06-24,5.900000095367432,6.070000171661377,5.920000076293945,5.989999771118164,114732
2020-06-25,5.989999771118164,6.0,5.800000190734863,5.900000095367432,90625
2020-06-28,5.900000095367432,5.900000095367432,5.809999942779541,5.889999866485596,17800
2020-06-29,5.889999866485596,5.900000095367432,5.800000190734863,5.900000095367432,20401
2020-06-30,5.900000095367432,5.989999771118164,5.800000190734863,5.929999828338623,87861
2020-07-05,5.929999828338623,6.239999771118164,5.909999847412109,6.099999904632568,146613
2020-07-06,6.099999904632568,6.309999942779541,6.190000057220459,6.289999961853027,90383
2020-07-07,6.289999961853027,6.400000095367432,6.019999980926514,6.25,273961
2020-07-08,6.25,6.300000190734863,6.179999828338623,6.260000228881836,220667
2020-07-09,6.260000228881836,6.260000228881836,6.010000228881836,6.059999942779541,64684
2020-07-12,6.059999942779541,6.230000019073486,6.070000171661377,6.230000019073486,50708
2020-07-13,6.230000019073486,6.590000152587891,6.199999809265137,6.309999942779541,313966
2020-07-14,6.309999942779541,6.440000057220459,6.25,6.260000228881836,62477
2020-07-15,6.260000228881836,6.300000190734863,6.099999904632568,6.179999828338623,660748
2020-07-16,6.179999828338623,6.25,6.199999809265137,6.210000038146973,130636
2020-07-19,6.210000038146973,6.099999904632568,6.099999904632568,6.099999904632568,12910
2020-07-20,6.099999904632568,6.130000114440918,6.130000114440918,6.130000114440918,420998
2020-07-21,6.130000114440918,6.25,6.099999904632568,6.170000076293945,398819
2020-07-22,6.170000076293945,6.150000095367432,6.099999904632568,6.099999904632568,1021500
2020-07-26,6.099999904632568,6.300000190734863,6.050000190734863,6.289999961853027,20800
2020-07-27,6.289999961853027,6.130000114440918,6.119999885559082,6.119999885559082,20800
2020-07-28,6.119999885559082,6.289999961853027,6.099999904632568,6.25,180840
2020-07-29,6.25,6.269999980926514,6.199999809265137,6.21999979019165,7730
2020-08-04,6.21999979019165,6.349999904632568,6.25,6.260000228881836,141174
2020-08-05,6.260000228881836,6.300000190734863,6.159999847412109,6.210000038146973,188450
2020-08-06,6.210000038146973,6.25,6.099999904632568,6.21999979019165,477510
2020-08-09,6.21999979019165,6.300000190734863,6.150000095367432,6.260000228881836,75294
2020-08-10,6.260000228881836,6.300000190734863,6.260000228881836,6.269999980926514,206800
2020-08-11,6.269999980926514,6.269999980926514,6.170000076293945,6.210000038146973,243789
2020-08-12,6.210000038146973,6.25,6.199999809265137,6.210000038146973,65100
2020-08-13,6.210000038146973,6.300000190734863,6.150000095367432,6.21999979019165,168381
2020-08-16,6.21999979019165,6.289999961853027,6.110000133514404,6.21999979019165,21085
2020-08-17,6.21999979019165,6.170000076293945,6.010000228881836,6.099999904632568,296852
2020-08-18,6.099999904632568,6.130000114440918,6.0,6.099999904632568,420900
2020-08-19,6.099999904632568,6.099999904632568,6.0,6.090000152587891,786548
2020-08-23,6.090000152587891,6.150000095367432,6.039999961853027,6.090000152587891,788911
2020-08-24,6.090000152587891,6.139999866485596,6.050000190734863,6.090000152587891,1082278
2020-08-25,6.090000152587891,6.099999904632568,6.039999961853027,6.090000152587891,501954
2020-08-26,6.090000152587891,6.559999942779541,6.090000152587891,6.349999904632568,1199497
2020-08-27,6.349999904632568,6.75,6.28000020980835,6.489999771118164,848512
2020-08-30,6.489999771118164,6.690000057220459,6.400000095367432,6.460000038146973,129434
2020-08-31,6.460000038146973,6.420000076293945,6.300000190734863,6.349999904632568,59174
2020-09-01,6.349999904632568,6.449999809265137,6.050000190734863,6.190000057220459,161943
2020-09-02,6.190000057220459,6.25,6.119999885559082,6.190000057220459,545472
2020-09-03,6.190000057220459,6.130000114440918,6.0,6.050000190734863,56533
2020-09-06,6.050000190734863,6.099999904632568,5.849999904632568,5.940000057220459,60520
2020-09-07,5.940000057220459,6.139999866485596,5.949999809265137,6.099999904632568,5300
2020-09-08,6.099999904632568,6.099999904632568,5.550000190734863,5.820000171661377,240440
2020-09-09,5.820000171661377,5.820000171661377,5.820000171661377,5.820000171661377,0
2020-09-10,5.880000114440918,6.039999961853027,5.809999942779541,5.96999979019165,46780
2020-09-13,5.96999979019165,5.980000019073486,5.880000114440918,5.920000076293945,6942
2020-09-14,5.920000076293945,5.900000095367432,5.849999904632568,5.869999885559082,17629
2020-09-15,5.869999885559082,5.980000019073486,5.829999923706055,5.900000095367432,780443
2020-09-16,5.900000095367432,6.0,5.849999904632568,5.949999809265137,326013
2020-09-17,5.949999809265137,6.110000133514404,5.800000190734863,6.0,382501
2020-09-20,6.0,6.050000190734863,5.869999885559082,6.010000228881836,30767
2020-09-21,6.010000228881836,5.940000057220459,5.860000133514404,5.869999885559082,12000
2020-09-22,5.869999885559082,6.170000076293945,6.0,6.059999942779541,27948
2020-09-23,6.059999942779541,6.150000095367432,6.0,6.010000228881836,271018
2020-09-24,6.010000228881836,6.019999980926514,6.0,6.010000228881836,3044
2020-09-27,6.010000228881836,5.940000057220459,5.789999961853027,5.809999942779541,5811
2020-09-28,5.809999942779541,6.099999904632568,5.800000190734863,5.889999866485596,48906
2020-09-29,5.889999866485596,6.0,5.760000228881836,5.949999809265137,12501
2020-09-30,5.949999809265137,6.150000095367432,5.849999904632568,5.989999771118164,30267
2020-10-01,5.989999771118164,6.050000190734863,5.960000038146973,6.0,1689305
2020-10-04,6.0,5.909999847412109,5.849999904632568,5.889999866485596,22499
2020-10-05,5.889999866485596,6.230000019073486,6.0,6.070000171661377,33866
2020-10-06,6.070000171661377,6.070000171661377,6.070000171661377,6.070000171661377,0
2020-10-07,6.010000228881836,6.059999942779541,6.0,6.019999980926514,23935
2020-10-11,6.019999980926514,6.059999942779541,6.0,6.03000020980835,62940
2020-10-12,6.03000020980835,6.099999904632568,6.0,6.099999904632568,584725
2020-10-13,6.099999904632568,6.099999904632568,6.0,6.050000190734863,26780
2020-10-14,6.050000190734863,6.099999904632568,6.019999980926514,6.059999942779541,352916
2020-10-15,6.059999942779541,6.099999904632568,5.929999828338623,6.0,60990
2020-10-18,6.0,6.0,5.860000133514404,5.909999847412109,38446
2020-10-19,5.909999847412109,6.0,5.800000190734863,5.829999923706055,10965
2020-10-20,5.829999923706055,5.960000038146973,5.800000190734863,5.829999923706055,2635
2020-10-21,5.829999923706055,5.800000190734863,5.800000190734863,5.829999923706055,1480
2020-10-22,5.829999923706055,5.800000190734863,5.510000228881836,5.71999979019165,292588
2020-10-25,5.71999979019165,5.920000076293945,5.510000228881836,5.789999961853027,55316
2020-10-26,5.789999961853027,5.789999961853027,5.789999961853027,5.789999961853027,0
2020-10-27,5.789999961853027,5.800000190734863,5.610000133514404,5.75,12459
2020-10-28,5.75,5.75,5.510000228881836,5.679999828338623,127698
2020-11-01,5.679999828338623,5.800000190734863,5.539999961853027,5.75,10975
2020-11-02,5.75,5.78000020980835,5.5,5.519999980926514,540904
2020-11-03,5.519999980926514,5.579999923706055,5.489999771118164,5.5,320150
2020-11-04,5.5,5.5,5.400000095367432,5.5,343394
2020-11-05,5.5,5.550000190734863,5.409999847412109,5.489999771118164,133618
2020-11-08,5.489999771118164,5.420000076293945,5.400000095367432,5.420000076293945,46785
2020-11-09,5.420000076293945,5.539999961853027,5.429999828338623,5.489999771118164,186484
2020-11-10,5.489999771118164,5.679999828338623,5.550000190734863,5.619999885559082,32136
2020-11-11,5.619999885559082,5.679999828338623,5.570000171661377,5.599999904632568,26180
2020-11-12,5.599999904632568,5.639999866485596,5.46999979019165,5.5,511510
2020-11-15,5.5,5.570000171661377,5.46999979019165,5.5,36097
2020-11-16,5.5,5.5,5.449999809265137,5.480000019073486,50353
2020-11-17,5.480000019073486,5.550000190734863,5.400000095367432,5.440000057220459,346074
2020-11-18,5.440000057220459,5.46999979019165,5.300000190734863,5.380000114440918,296359
2020-11-19,5.380000114440918,5.449999809265137,5.300000190734863,5.340000152587891,403943
2020-11-22,5.340000152587891,5.449999809265137,5.300000190734863,5.360000133514404,57232
2020-11-23,5.360000133514404,5.389999866485596,5.320000171661377,5.340000152587891,74931
2020-11-24,5.340000152587891,5.340000152587891,5.28000020980835,5.309999942779541,194563
2020-11-25,5.309999942779541,5.329999923706055,5.150000095367432,5.21999979019165,264829
2020-11-26,5.21999979019165,5.21999979019165,5.0,5.110000133514404,178409
2020-11-29,5.110000133514404,5.239999771118164,5.099999904632568,5.110000133514404,18973
2020-11-30,5.110000133514404,5.369999885559082,5.179999828338623,5.300000190734863,129250
2020-12-01,5.300000190734863,5.46999979019165,5.300000190734863,5.309999942779541,513397
2020-12-02,5.309999942779541,5.400000095367432,5.25,5.340000152587891,155524
2020-12-03,5.340000152587891,5.400000095367432,5.25,5.369999885559082,72551
2020-12-06,5.369999885559082,5.400000095367432,5.300000190734863,5.360000133514404,175468
2020-12-07,5.360000133514404,5.449999809265137,5.269999980926514,5.320000171661377,1570487
2020-12-08,5.320000171661377,5.570000171661377,5.400000095367432,5.5,948614
2020-12-09,5.5,5.480000019073486,5.25,5.349999904632568,257888
2020-12-10,5.349999904632568,5.300000190734863,5.0,5.059999942779541,1820395
2020-12-13,5.059999942779541,5.190000057220459,5.050000190734863,5.079999923706055,1745370
2020-12-14,5.079999923706055,5.199999809265137,5.059999942779541,5.130000114440918,890767
2020-12-15,5.130000114440918,5.150000095367432,5.050000190734863,5.130000114440918,915531
2020-12-16,5.130000114440918,5.130000114440918,5.03000020980835,5.070000171661377,591729
2020-12-17,5.070000171661377,5.059999942779541,5.0,5.019999980926514,447006
2020-12-20,5.019999980926514,5.099999904632568,5.050000190734863,5.090000152587891,792264
2020-12-21,5.090000152587891,5.050000190734863,4.710000038146973,4.909999847412109,588335
2020-12-22,4.909999847412109,5.079999923706055,4.769999980926514,4.960000038146973,349724
2020-12-23,4.960000038146973,5.119999885559082,4.900000095367432,4.96999979019165,1856436
2020-12-24,4.96999979019165,5.199999809265137,5.0,5.099999904632568,576652
2020-12-27,5.099999904632568,5.090000152587891,4.909999847412109,4.989999771118164,400562
2020-12-28,4.989999771118164,5.130000114440918,5.0,5.070000171661377,492131
2020-12-29,5.070000171661377,5.199999809265137,5.050000190734863,5.110000133514404,1941409
2020-12-30,5.110000133514404,5.239999771118164,5.099999904632568,5.139999866485596,2111618
2020-12-31,5.139999866485596,5.170000076293945,5.079999923706055,5.119999885559082,2593519
2021-01-03,5.119999885559082,5.159999847412109,5.070000171661377,5.119999885559082,352685
2021-01-04,5.119999885559082,5.159999847412109,5.050000190734863,5.110000133514404,290450
2021-01-05,5.110000133514404,5.090000152587891,5.010000228881836,5.039999961853027,393421
2021-01-06,5.039999961853027,5.150000095367432,5.019999980926514,5.130000114440918,297832
2021-01-10,5.130000114440918,5.199999809265137,5.079999923706055,5.190000057220459,509204
2021-01-11,5.190000057220459,5.329999923706055,5.179999828338623,5.230000019073486,1238429
2021-01-12,5.230000019073486,5.289999961853027,5.099999904632568,5.199999809265137,335127
2021-01-13,5.199999809265137,5.400000095367432,5.179999828338623,5.329999923706055,2622834
2021-01-14,5.329999923706055,5.519999980926514,5.309999942779541,5.429999828338623,2723516
2021-01-17,5.429999828338623,5.610000133514404,5.429999828338623,5.5,1979580
2021-01-18,5.5,5.519999980926514,5.28000020980835,5.360000133514404,1528595
2021-01-19,5.360000133514404,5.449999809265137,5.28000020980835,5.369999885559082,744625
2021-01-20,5.369999885559082,5.449999809265137,5.269999980926514,5.329999923706055,1342933
2021-01-21,5.329999923706055,5.539999961853027,5.329999923706055,5.449999809265137,1769651
2021-01-24,5.449999809265137,5.5,5.349999904632568,5.409999847412109,427793
2021-01-25,5.409999847412109,5.409999847412109,5.409999847412109,5.409999847412109,0
2021-01-26,5.440000057220459,5.550000190734863,5.400000095367432,5.480000019073486,1120132
2021-01-27,5.480000019073486,5.639999866485596,5.510000228881836,5.590000152587891,1160394
2021-01-31,5.590000152587891,5.71999979019165,5.460000038146973,5.590000152587891,1842028
2021-02-01,5.590000152587891,5.739999771118164,5.590000152587891,5.679999828338623,1237430
2021-02-02,5.679999828338623,5.78000020980835,5.699999809265137,5.71999979019165,988293
2021-02-03,5.71999979019165,5.75,5.610000133514404,5.699999809265137,1405392
2021-02-04,5.699999809265137,5.699999809265137,5.5,5.559999942779541,511484
2021-02-07,5.559999942779541,5.599999904632568,5.46999979019165,5.510000228881836,489013
2021-02-08,5.510000228881836,5.670000076293945,5.25,5.46999979019165,1697190
2021-02-09,5.46999979019165,5.420000076293945,5.21999979019165,5.329999923706055,661325
2021-02-10,5.329999923706055,5.440000057220459,5.320000171661377,5.389999866485596,222984
2021-02-11,5.389999866485596,5.460000038146973,5.320000171661377,5.380000114440918,554142
2021-02-14,5.380000114440918,5.409999847412109,5.230000019073486,5.300000190734863,1488589
2021-02-15,5.300000190734863,5.309999942779541,5.159999847412109,5.21999979019165,418437
2021-02-16,5.21999979019165,5.28000020980835,5.130000114440918,5.199999809265137,584488
2021-02-17,5.199999809265137,5.190000057220459,5.079999923706055,5.119999885559082,716089
2021-02-18,5.119999885559082,5.5,5.039999961853027,5.25,795036
2021-02-21,5.25,5.380000114440918,5.199999809265137,5.300000190734863,905262
2021-02-22,5.300000190734863,5.360000133514404,5.21999979019165,5.289999961853027,510418
2021-02-23,5.289999961853027,5.309999942779541,5.150000095367432,5.21999979019165,181179
2021-02-24,5.21999979019165,5.289999961853027,5.150000095367432,5.199999809265137,255673
2021-02-25,5.199999809265137,5.440000057220459,5.210000038146973,5.329999923706055,3432196
2021-02-28,5.329999923706055,5.429999828338623,5.25,5.320000171661377,1593972
2021-03-01,5.320000171661377,5.489999771118164,5.300000190734863,5.400000095367432,2411123
2021-03-02,5.400000095367432,5.539999961853027,5.239999771118164,5.369999885559082,2341994
2021-03-03,5.369999885559082,5.349999904632568,5.019999980926514,5.159999847412109,1160772
2021-03-04,5.159999847412109,5.159999847412109,5.159999847412109,5.159999847412109,0
2021-03-07,5.099999904632568,5.210000038146973,5.059999942779541,5.119999885559082,1370395
2021-03-08,5.119999885559082,5.170000076293945,5.0,5.070000171661377,1194510
2021-03-09,5.070000171661377,5.170000076293945,4.920000076293945,5.070000171661377,2769142
2021-03-10,5.070000171661377,4.96999979019165,4.829999923706055,4.880000114440918,3616169
2021-03-11,4.880000114440918,4.900000095367432,4.739999771118164,4.809999942779541,1128931
2021-03-14,4.809999942779541,4.849999904632568,4.599999904632568,4.690000057220459,2663032
2021-03-15,4.690000057220459,4.800000190734863,4.599999904632568,4.679999828338623,2556526
2021-03-16,4.679999828338623,4.889999866485596,4.670000076293945,4.78000020980835,961867
2021-03-17,4.78000020980835,4.929999828338623,4.71999979019165,4.789999961853027,1448870
2021-03-18,4.789999961853027,4.75,4.630000114440918,4.679999828338623,638477
2021-03-21,4.679999828338623,4.699999809265137,4.260000228881836,4.440000057220459,1036563
2021-03-22,4.440000057220459,4.400000095367432,4.199999809265137,4.320000171661377,842168
2021-03-23,4.320000171661377,4.489999771118164,4.150000095367432,4.329999923706055,1311859
2021-03-24,4.329999923706055,4.539999961853027,4.429999828338623,4.489999771118164,1160977
2021-03-25,4.489999771118164,4.539999961853027,4.380000114440918,4.440000057220459,1731232
2021-03-28,4.440000057220459,4.539999961853027,4.400000095367432,4.449999809265137,776949
2021-03-29,4.449999809265137,4.550000190734863,4.460000038146973,4.5,690770
2021-03-30,4.5,4.539999961853027,4.46999979019165,4.5,1250993
2021-03-31,4.5,4.46999979019165,4.400000095367432,4.420000076293945,406882
2021-04-01,4.420000076293945,4.480000019073486,4.369999885559082,4.409999847412109,623248
2021-04-04,4.409999847412109,4.46999979019165,4.269999980926514,4.309999942779541,372462
2021-04-05,4.309999942779541,4.269999980926514,4.139999866485596,4.190000057220459,592292
2021-04-06,4.190000057220459,4.230000019073486,4.03000020980835,4.119999885559082,393616
2021-04-07,4.119999885559082,4.25,4.090000152587891,4.179999828338623,216249
2021-04-08,4.179999828338623,4.320000171661377,4.199999809265137,4.25,457179
2021-04-11,4.25,4.449999809265137,4.329999923706055,4.400000095367432,386049
2021-04-12,4.400000095367432,4.449999809265137,4.340000152587891,4.389999866485596,386616
2021-04-13,4.389999866485596,4.400000095367432,4.300000190734863,4.320000171661377,237681
2021-04-14,4.320000171661377,4.389999866485596,4.150000095367432,4.210000038146973,1137042
2021-04-15,4.210000038146973,4.289999961853027,4.150000095367432,4.179999828338623,1141837
2021-04-18,4.179999828338623,4.329999923706055,4.230000019073486,4.28000020980835,169635
2021-04-19,4.28000020980835,4.360000133514404,4.269999980926514,4.320000171661377,829006
2021-04-20,4.320000171661377,4.25,4.159999847412109,4.199999809265137,731420
2021-04-21,4.199999809265137,4.260000228881836,4.159999847412109,4.199999809265137,815798
2021-04-22,4.199999809265137,4.199999809265137,4.150000095367432,4.179999828338623,474076
2021-04-25,4.179999828338623,4.239999771118164,4.150000095367432,4.179999828338623,258813
2021-04-26,4.179999828338623,4.199999809265137,4.099999904632568,4.139999866485596,375940
2021-04-27,4.139999866485596,4.210000038146973,4.130000114440918,4.159999847412109,189301
2021-04-28,4.159999847412109,4.199999809265137,4.139999866485596,4.150000095367432,85245
2021-05-04,4.150000095367432,4.190000057220459,4.099999904632568,4.139999866485596,421247
2021-05-05,4.139999866485596,4.190000057220459,4.070000171661377,4.130000114440918,228513
2021-05-06,4.130000114440918,4.150000095367432,4.070000171661377,4.110000133514404,357115
2021-05-09,4.110000133514404,4.150000095367432,4.119999885559082,4.139999866485596,82701
2021-05-10,4.139999866485596,4.150000095367432,4.099999904632568,4.119999885559082,447357
2021-05-11,4.119999885559082,4.260000228881836,4.119999885559082,4.199999809265137,1567001
2021-05-17,4.199999809265137,4.300000190734863,4.210000038146973,4.25,646350
2021-05-18,4.25,4.340000152587891,4.239999771118164,4.289999961853027,1199766
2021-05-19,4.289999961853027,4.440000057220459,4.289999961853027,4.360000133514404,2898962
2021-05-20,4.360000133514404,4.340000152587891,4.260000228881836,4.300000190734863,991796
2021-05-23,4.300000190734863,4.309999942779541,4.170000076293945,4.230000019073486,1244123
2021-05-24,4.230000019073486,4.230000019073486,4.019999980926514,4.110000133514404,1304234
2021-05-25,4.110000133514404,4.110000133514404,3.809999942779541,3.9700000286102295,1706314
2021-05-26,3.9700000286102295,3.990000009536743,3.799999952316284,3.890000104904175,940520
2021-05-27,3.890000104904175,3.890000104904175,3.759999990463257,3.819999933242798,691552
2021-05-30,3.819999933242798,3.8399999141693115,3.759999990463257,3.799999952316284,557221
2021-05-31,3.799999952316284,3.940000057220459,3.7699999809265137,3.809999942779541,1934496
2021-06-01,3.809999942779541,3.8299999237060547,3.7100000381469727,3.759999990463257,362395
2021-06-02,3.759999990463257,3.8499999046325684,3.75,3.7899999618530273,796197
2021-06-03,3.7899999618530273,4.099999904632568,3.8499999046325684,4.010000228881836,3414220
2021-06-06,4.010000228881836,4.199999809265137,4.050000190734863,4.119999885559082,4329718
2021-06-07,4.119999885559082,4.150000095367432,4.010000228881836,4.090000152587891,3051890
2021-06-08,4.090000152587891,4.119999885559082,4.0,4.039999961853027,865545
2021-06-09,4.039999961853027,4.440000057220459,4.010000228881836,4.340000152587891,4317114
2021-06-10,4.340000152587891,4.630000114440918,4.380000114440918,4.46999979019165,3002578
2021-06-13,4.46999979019165,4.480000019073486,4.21999979019165,4.300000190734863,1396452
2021-06-14,4.300000190734863,4.440000057220459,4.199999809265137,4.329999923706055,737431
2021-06-15,4.329999923706055,4.389999866485596,4.019999980926514,4.159999847412109,1129713
2021-06-16,4.159999847412109,4.110000133514404,3.950000047683716,4.010000228881836,1308662
2021-06-17,4.010000228881836,4.179999828338623,4.0,4.079999923706055,1105242
2021-06-20,4.079999923706055,4.150000095367432,3.950000047683716,4.019999980926514,328603
2021-06-21,4.019999980926514,4.139999866485596,3.9800000190734863,4.039999961853027,492606
2021-06-22,4.039999961853027,4.179999828338623,4.059999942779541,4.119999885559082,664465
2021-06-23,4.119999885559082,4.139999866485596,4.070000171661377,4.090000152587891,992054
2021-06-24,4.090000152587891,4.130000114440918,4.070000171661377,4.099999904632568,345322
2021-06-27,4.099999904632568,4.150000095367432,4.079999923706055,4.110000133514404,654741
2021-06-28,4.110000133514404,4.130000114440918,4.059999942779541,4.099999904632568,384030
2021-06-29,4.099999904632568,4.150000095367432,4.050000190734863,4.110000133514404,328794
2021-06-30,4.110000133514404,4.159999847412109,4.090000152587891,4.110000133514404,158999
2021-07-04,4.110000133514404,4.159999847412109,4.110000133514404,4.139999866485596,330038
2021-07-05,4.139999866485596,4.159999847412109,4.070000171661377,4.110000133514404,1218532
2021-07-06,4.110000133514404,4.070000171661377,3.950000047683716,4.0,465374
2021-07-07,4.0,4.039999961853027,4.0,4.010000228881836,232988
2021-07-08,4.010000228881836,4.050000190734863,3.930000066757202,3.950000047683716,1907586
2021-07-11,3.950000047683716,4.070000171661377,3.950000047683716,4.03000020980835,307936
2021-07-12,4.03000020980835,4.059999942779541,3.9800000190734863,4.010000228881836,151429
2021-07-13,4.010000228881836,4.039999961853027,3.9800000190734863,4.0,115377
2021-07-14,4.0,4.190000057220459,4.0,4.110000133514404,679476
2021-07-15,4.110000133514404,4.139999866485596,4.0,4.039999961853027,461745
2021-07-18,4.039999961853027,4.099999904632568,4.0,4.019999980926514,266870
2021-07-25,4.019999980926514,4.150000095367432,4.070000171661377,4.119999885559082,455254
2021-07-26,4.119999885559082,4.150000095367432,4.079999923706055,4.110000133514404,129899
2021-07-27,4.110000133514404,4.440000057220459,4.079999923706055,4.260000228881836,2405689
2021-07-28,4.260000228881836,4.400000095367432,4.289999961853027,4.349999904632568,475827
2021-07-29,4.349999904632568,4.570000171661377,4.320000171661377,4.440000057220459,1436076
2021-08-01,4.440000057220459,4.489999771118164,4.329999923706055,4.380000114440918,244238
2021-08-02,4.380000114440918,4.380000114440918,4.199999809265137,4.28000020980835,584231
2021-08-03,4.28000020980835,4.300000190734863,4.179999828338623,4.239999771118164,320088
2021-08-04,4.239999771118164,4.380000114440918,4.199999809265137,4.260000228881836,362424
2021-08-05,4.260000228881836,4.300000190734863,4.210000038146973,4.260000228881836,240507
2021-08-08,4.260000228881836,4.260000228881836,4.260000228881836,4.260000228881836,0
2021-08-09,4.260000228881836,4.260000228881836,4.260000228881836,4.260000228881836,0
2021-08-10,4.340000152587891,4.389999866485596,4.320000171661377,4.369999885559082,550533
2021-08-11,4.369999885559082,4.369999885559082,4.230000019073486,4.28000020980835,136293
2021-08-15,4.28000020980835,4.300000190734863,4.230000019073486,4.25,214431
2021-08-16,4.25,4.289999961853027,4.230000019073486,4.260000228881836,122895
2021-08-17,4.260000228881836,4.320000171661377,4.269999980926514,4.300000190734863,188375
2021-08-18,4.300000190734863,4.309999942779541,4.260000228881836,4.28000020980835,67132
2021-08-19,4.28000020980835,4.300000190734863,4.21999979019165,4.25,371580
2021-08-22,4.25,4.25,4.139999866485596,4.190000057220459,228693
2021-08-23,4.190000057220459,4.199999809265137,4.130000114440918,4.170000076293945,138148
2021-08-24,4.170000076293945,4.25,4.139999866485596,4.190000057220459,489281
2021-08-25,4.190000057220459,4.230000019073486,4.099999904632568,4.159999847412109,1003402
2021-08-26,4.159999847412109,4.199999809265137,4.050000190734863,4.099999904632568,1292848
2021-08-29,4.099999904632568,4.119999885559082,4.039999961853027,4.090000152587891,359274
2021-08-30,4.090000152587891,4.119999885559082,4.059999942779541,4.110000133514404,304975
2021-08-31,4.110000133514404,4.119999885559082,4.0,4.039999961853027,901095
2021-09-01,4.039999961853027,4.119999885559082,3.950000047683716,4.050000190734863,326301
2021-09-02,4.050000190734863,4.150000095367432,4.039999961853027,4.099999904632568,349699
2021-09-05,4.099999904632568,4.150000095367432,4.070000171661377,4.079999923706055,411963
2021-09-06,4.079999923706055,4.079999923706055,3.950000047683716,4.039999961853027,494612
2021-09-07,4.039999961853027,4.110000133514404,4.019999980926514,4.099999904632568,364928
2021-09-08,4.099999904632568,4.289999961853027,4.090000152587891,4.21999979019165,653832
2021-09-09,4.21999979019165,4.25,4.110000133514404,4.130000114440918,234993
2021-09-12,4.130000114440918,4.199999809265137,4.070000171661377,4.090000152587891,133928
2021-09-13,4.090000152587891,4.170000076293945,4.050000190734863,4.150000095367432,342279
2021-09-14,4.150000095367432,4.190000057220459,4.099999904632568,4.130000114440918,283333
2021-09-15,4.130000114440918,4.190000057220459,4.090000152587891,4.150000095367432,1095791
2021-09-16,4.150000095367432,4.599999904632568,4.090000152587891,4.360000133514404,3072384
2021-09-19,4.360000133514404,4.449999809265137,4.090000152587891,4.139999866485596,1208271
2021-09-20,4.139999866485596,4.130000114440918,4.039999961853027,4.059999942779541,608081
2021-09-21,4.059999942779541,4.059999942779541,4.059999942779541,4.059999942779541,0
2021-09-22,3.9600000381469727,4.079999923706055,3.950000047683716,4.010000228881836,292156
2021-09-23,4.010000228881836,4.139999866485596,4.019999980926514,4.099999904632568,457912
2021-09-26,4.099999904632568,4.170000076293945,4.059999942779541,4.079999923706055,123382
2021-09-27,4.079999923706055,4.130000114440918,4.019999980926514,4.039999961853027,178063
2021-09-28,4.039999961853027,4.039999961853027,4.039999961853027,4.039999961853027,0
2021-09-29,4.039999961853027,4.039999961853027,4.039999961853027,4.039999961853027,0
2021-09-30,4.059999942779541,4.150000095367432,4.010000228881836,4.130000114440918,199118
2021-10-03,4.130000114440918,4.170000076293945,4.0,4.0,355551
2021-10-04,4.0,4.0,4.0,4.0,0
2021-10-05,3.950000047683716,4.0,3.9600000381469727,3.9800000190734863,106865
2021-10-06,3.9800000190734863,4.070000171661377,3.950000047683716,3.9800000190734863,91255
2021-10-10,3.9800000190734863,4.059999942779541,4.0,4.010000228881836,83134
2021-10-11,4.010000228881836,4.050000190734863,3.9000000953674316,3.990000009536743,161734
2021-10-12,3.990000009536743,4.0,3.950000047683716,3.9600000381469727,104508
2021-10-13,3.9600000381469727,4.059999942779541,3.9700000286102295,4.050000190734863,564839
2021-10-14,4.050000190734863,4.079999923706055,4.0,4.03000020980835,291322
2021-10-17,4.03000020980835,4.079999923706055,4.010000228881836,4.059999942779541,168517
2021-10-18,4.059999942779541,4.059999942779541,4.059999942779541,4.059999942779541,0
2021-10-19,4.150000095367432,4.25,4.0,4.019999980926514,556206
2021-10-20,4.019999980926514,4.179999828338623,4.0,4.090000152587891,476985
2021-10-24,4.090000152587891,4.179999828338623,4.039999961853027,4.110000133514404,137210
2021-10-25,4.110000133514404,4.199999809265137,4.039999961853027,4.190000057220459,1038201
2021-10-26,4.190000057220459,4.210000038146973,4.079999923706055,4.110000133514404,630314
2021-10-27,4.110000133514404,4.199999809265137,4.059999942779541,4.199999809265137,2143587
2021-10-28,4.199999809265137,4.449999809265137,4.190000057220459,4.329999923706055,4841726
2021-10-31,4.329999923706055,4.400000095367432,4.25,4.300000190734863,433508
2021-11-01,4.300000190734863,4.5,4.300000190734863,4.449999809265137,2312279
2021-11-02,4.449999809265137,4.5,4.409999847412109,4.460000038146973,780148
2021-11-03,4.460000038146973,4.480000019073486,4.199999809265137,4.289999961853027,563883
2021-11-04,4.289999961853027,4.320000171661377,4.199999809265137,4.230000019073486,135130
2021-11-07,4.230000019073486,4.230000019073486,4.230000019073486,4.230000019073486,0
2021-11-08,4.230000019073486,4.230000019073486,4.230000019073486,4.230000019073486,0
2021-11-09,4.230000019073486,4.230000019073486,4.230000019073486,4.230000019073486,0
2021-11-10,4.300000190734863,4.300000190734863,4.099999904632568,4.170000076293945,336849
2021-11-11,4.170000076293945,4.320000171661377,4.119999885559082,4.21999979019165,201844
2021-11-14,4.21999979019165,4.289999961853027,4.099999904632568,4.170000076293945,153841
2021-11-15,4.170000076293945,4.199999809265137,4.110000133514404,4.139999866485596,122441
2021-11-16,4.139999866485596,4.179999828338623,4.070000171661377,4.099999904632568,215281
2021-11-17,4.099999904632568,4.199999809265137,4.099999904632568,4.139999866485596,135688
2021-11-18,4.139999866485596,4.139999866485596,4.139999866485596,4.139999866485596,0
2021-11-21,4.099999904632568,4.179999828338623,4.050000190734863,4.099999904632568,51335
2021-11-22,4.099999904632568,4.099999904632568,4.079999923706055,4.099999904632568,29204
2021-11-23,4.099999904632568,4.179999828338623,4.090000152587891,4.099999904632568,30610
2021-11-24,4.099999904632568,4.179999828338623,4.099999904632568,4.099999904632568,117460
2021-11-25,4.099999904632568,4.170000076293945,4.099999904632568,4.150000095367432,165388
2021-11-28,4.150000095367432,4.150000095367432,4.150000095367432,4.150000095367432,0
2021-11-29,4.079999923706055,4.150000095367432,4.070000171661377,4.079999923706055,57595
2021-11-30,4.079999923706055,4.079999923706055,4.079999923706055,4.079999923706055,0
2021-12-01,4.079999923706055,4.079999923706055,4.079999923706055,4.079999923706055,0
2021-12-02,4.150000095367432,4.21999979019165,4.099999904632568,4.119999885559082,284780
2021-12-05,4.119999885559082,4.28000020980835,4.139999866485596,4.159999847412109,227745
2021-12-06,4.159999847412109,4.25,4.139999866485596,4.159999847412109,207752
2021-12-07,4.159999847412109,4.360000133514404,4.139999866485596,4.150000095367432,1029069
2021-12-08,4.150000095367432,4.199999809265137,4.090000152587891,4.199999809265137,374292
2021-12-09,4.199999809265137,4.199999809265137,4.139999866485596,4.159999847412109,99815
2021-12-12,4.159999847412109,4.199999809265137,4.119999885559082,4.130000114440918,88439
2021-12-13,4.130000114440918,4.179999828338623,4.110000133514404,4.119999885559082,77316
2021-12-14,4.119999885559082,4.179999828338623,4.099999904632568,4.099999904632568,187746
2021-12-15,4.099999904632568,4.199999809265137,4.079999923706055,4.130000114440918,182123
2021-12-16,4.130000114440918,4.179999828338623,4.110000133514404,4.139999866485596,199886
2021-12-19,4.139999866485596,4.179999828338623,4.110000133514404,4.139999866485596,151265
2021-12-20,4.139999866485596,4.170000076293945,4.079999923706055,4.119999885559082,166140
2021-12-21,4.119999885559082,4.139999866485596,4.070000171661377,4.099999904632568,128033
2021-12-22,4.099999904632568,4.190000057220459,4.070000171661377,4.159999847412109,365459
2021-12-23,4.159999847412109,4.159999847412109,4.119999885559082,4.150000095367432,177391
2021-12-26,4.150000095367432,4.21999979019165,4.150000095367432,4.179999828338623,114744
2021-12-27,4.179999828338623,4.239999771118164,4.150000095367432,4.150000095367432,301196
2021-12-28,4.150000095367432,4.199999809265137,4.150000095367432,4.150000095367432,75258
2021-12-29,4.150000095367432,4.210000038146973,4.119999885559082,4.119999885559082,380417
2021-12-30,4.119999885559082,4.150000095367432,4.099999904632568,4.110000133514404,256054
2022-01-02,4.110000133514404,4.179999828338623,4.130000114440918,4.150000095367432,158594
2022-01-03,4.150000095367432,4.179999828338623,4.119999885559082,4.139999866485596,152660
2022-01-04,4.139999866485596,4.28000020980835,4.170000076293945,4.210000038146973,2881420
2022-01-05,4.210000038146973,4.309999942779541,4.210000038146973,4.25,4126243
2022-01-09,4.25,4.25,4.25,4.25,0
2022-01-10,4.25,4.25,4.25,4.25,0
2022-01-11,4.329999923706055,4.349999904632568,4.25,4.269999980926514,1283170
2022-01-12,4.269999980926514,4.300000190734863,4.21999979019165,4.230000019073486,1727524
2022-01-13,4.230000019073486,4.260000228881836,4.150000095367432,4.199999809265137,505215
2022-01-16,4.199999809265137,4.230000019073486,4.150000095367432,4.159999847412109,406553
2022-01-17,4.159999847412109,4.25,4.130000114440918,4.210000038146973,721223
2022-01-18,4.210000038146973,4.28000020980835,4.150000095367432,4.199999809265137,1029250
2022-01-19,4.199999809265137,4.199999809265137,4.150000095367432,4.199999809265137,689350
2022-01-20,4.199999809265137,4.199999809265137,4.139999866485596,4.190000057220459,438668
2022-01-23,4.190000057220459,4.199999809265137,4.130000114440918,4.170000076293945,574394
2022-01-24,4.170000076293945,4.260000228881836,4.150000095367432,4.239999771118164,3292412
2022-01-25,4.239999771118164,4.260000228881836,4.199999809265137,4.210000038146973,541675
2022-01-26,4.210000038146973,4.289999961853027,4.21999979019165,4.230000019073486,1379927
2022-01-30,4.230000019073486,4.25,4.199999809265137,4.199999809265137,1336168
2022-01-31,4.199999809265137,4.21999979019165,4.179999828338623,4.199999809265137,427526
2022-02-01,4.199999809265137,4.28000020980835,4.199999809265137,4.260000228881836,1960707
2022-02-02,4.260000228881836,4.329999923706055,4.25,4.260000228881836,2961832
2022-02-03,4.260000228881836,4.300000190734863,4.230000019073486,4.239999771118164,1180101
2022-02-06,4.239999771118164,4.289999961853027,4.230000019073486,4.260000228881836,650710
2022-02-07,4.260000228881836,4.300000190734863,4.239999771118164,4.25,445992
2022-02-08,4.25,4.300000190734863,4.260000228881836,4.300000190734863,861751
2022-02-09,4.300000190734863,4.400000095367432,4.269999980926514,4.289999961853027,2105947
2022-02-10,4.289999961853027,4.320000171661377,4.239999771118164,4.25,606537
2022-02-13,4.25,4.25,4.150000095367432,4.150000095367432,1013414
2022-02-14,4.150000095367432,4.150000095367432,4.039999961853027,4.130000114440918,724798
2022-02-15,4.130000114440918,4.199999809265137,4.110000133514404,4.179999828338623,235518
2022-02-16,4.179999828338623,4.210000038146973,4.110000133514404,4.119999885559082,215345
2022-02-17,4.119999885559082,4.25,4.130000114440918,4.230000019073486,917034
2022-02-20,4.230000019073486,4.230000019073486,4.139999866485596,4.159999847412109,602829
2022-02-21,4.159999847412109,4.239999771118164,4.130000114440918,4.159999847412109,857092
2022-02-22,4.159999847412109,4.199999809265137,4.099999904632568,4.119999885559082,679228
2022-02-23,4.119999885559082,4.150000095367432,4.119999885559082,4.139999866485596,585331
2022-02-24,4.139999866485596,4.039999961853027,3.8499999046325684,3.880000114440918,897491
2022-02-27,3.880000114440918,3.990000009536743,3.930000066757202,3.950000047683716,576186
2022-02-28,3.950000047683716,3.9700000286102295,3.9000000953674316,3.950000047683716,77001
2022-03-01,3.950000047683716,4.050000190734863,3.930000066757202,4.050000190734863,2818921
2022-03-02,4.050000190734863,4.070000171661377,3.859999895095825,3.890000104904175,1904645
2022-03-03,3.890000104904175,3.940000057220459,3.859999895095825,3.880000114440918,911571
2022-03-06,3.880000114440918,3.9000000953674316,3.740000009536743,3.759999990463257,1605218
2022-03-07,3.759999990463257,3.7100000381469727,3.559999942779541,3.609999895095825,1371583
2022-03-08,3.609999895095825,3.609999895095825,3.609999895095825,3.609999895095825,0
2022-03-09,3.5899999141693115,3.7200000286102295,3.5999999046325684,3.640000104904175,2908885
2022-03-10,3.640000104904175,3.700000047683716,3.630000114440918,3.680000066757202,422045
2022-03-13,3.680000066757202,3.700000047683716,3.569999933242798,3.5999999046325684,198781
2022-03-14,3.5999999046325684,3.5999999046325684,3.5399999618530273,3.5399999618530273,152344
2022-03-15,3.5399999618530273,3.5399999618530273,3.4000000953674316,3.490000009536743,295556
2022-03-16,3.490000009536743,3.640000104904175,3.4700000286102295,3.5999999046325684,763941
2022-03-17,3.5999999046325684,3.7200000286102295,3.5999999046325684,3.680000066757202,1003449
2022-03-20,3.680000066757202,3.880000114440918,3.6500000953674316,3.740000009536743,1451497
2022-03-21,3.740000009536743,3.8499999046325684,3.7100000381469727,3.7200000286102295,3244239
2022-03-22,3.7200000286102295,3.950000047683716,3.7100000381469727,3.8499999046325684,4367643
2022-03-23,3.8499999046325684,3.9000000953674316,3.75,3.7899999618530273,1123641
2022-03-24,3.7899999618530273,3.890000104904175,3.799999952316284,3.809999942779541,679309
2022-03-27,3.809999942779541,3.869999885559082,3.799999952316284,3.809999942779541,391688
2022-03-28,3.809999942779541,3.950000047683716,3.799999952316284,3.8499999046325684,1526038
2022-03-29,3.8499999046325684,3.9600000381469727,3.8399999141693115,3.9000000953674316,1745568
2022-03-30,3.9000000953674316,4.03000020980835,3.9100000858306885,3.990000009536743,1327780
2022-03-31,3.990000009536743,4.0,3.9100000858306885,3.940000057220459,2923797
2022-04-03,3.940000057220459,4.550000190734863,4.079999923706055,4.5,16772994
2022-04-04,4.5,4.590000152587891,4.360000133514404,4.400000095367432,2993197
2022-04-05,4.400000095367432,4.579999923706055,4.400000095367432,4.519999980926514,3377703
2022-04-06,4.519999980926514,4.570000171661377,4.46999979019165,4.510000228881836,1869845
2022-04-07,4.510000228881836,4.559999942779541,4.480000019073486,4.510000228881836,2004993
2022-04-10,4.510000228881836,4.699999809265137,4.480000019073486,4.579999923706055,7068596
2022-04-11,4.579999923706055,4.639999866485596,4.46999979019165,4.510000228881836,2407371
2022-04-12,4.510000228881836,4.590000152587891,4.489999771118164,4.559999942779541,1263350
2022-04-13,4.559999942779541,4.570000171661377,4.510000228881836,4.53000020980835,2580911
2022-04-14,4.53000020980835,4.53000020980835,4.440000057220459,4.489999771118164,2035871
2022-04-17,4.489999771118164,4.579999923706055,4.409999847412109,4.480000019073486,1525057
2022-04-18,4.480000019073486,4.519999980926514,4.449999809265137,4.480000019073486,675266
2022-04-19,4.480000019073486,4.599999904632568,4.480000019073486,4.599999904632568,1098100
2022-04-20,4.599999904632568,4.599999904632568,4.519999980926514,4.550000190734863,490581
2022-04-21,4.550000190734863,4.599999904632568,4.519999980926514,4.550000190734863,453247
2022-04-26,4.550000190734863,4.590000152587891,4.449999809265137,4.510000228881836,924473
2022-04-27,4.510000228881836,4.539999961853027,4.460000038146973,4.53000020980835,197957
2022-04-28,4.53000020980835,4.550000190734863,4.460000038146973,4.5,1904627
2022-05-08,4.5,4.550000190734863,4.480000019073486,4.539999961853027,251267
2022-05-09,4.539999961853027,4.559999942779541,4.489999771118164,4.539999961853027,620620
2022-05-10,4.539999961853027,4.570000171661377,4.519999980926514,4.559999942779541,410619
2022-05-11,4.559999942779541,4.610000133514404,4.519999980926514,4.570000171661377,1304607
2022-05-12,4.570000171661377,4.599999904632568,4.519999980926514,4.559999942779541,162834
2022-05-15,4.559999942779541,4.559999942779541,4.5,4.510000228881836,490010
2022-05-16,4.510000228881836,4.570000171661377,4.480000019073486,4.510000228881836,240923
2022-05-17,4.510000228881836,4.550000190734863,4.5,4.510000228881836,616460
2022-05-18,4.510000228881836,4.550000190734863,4.5,4.5,170930
2022-05-19,4.5,4.5,4.389999866485596,4.46999979019165,1633700
2022-05-22,4.46999979019165,4.489999771118164,4.420000076293945,4.460000038146973,187357
2022-05-23,4.460000038146973,4.46999979019165,4.429999828338623,4.460000038146973,54961
2022-05-24,4.460000038146973,4.489999771118164,4.420000076293945,4.440000057220459,98171
2022-05-25,4.440000057220459,4.420000076293945,4.300000190734863,4.389999866485596,249017
2022-05-26,4.389999866485596,4.400000095367432,4.320000171661377,4.389999866485596,47551
2022-05-29,4.389999866485596,4.349999904632568,4.28000020980835,4.389999866485596,64218
2022-05-30,4.389999866485596,4.449999809265137,4.329999923706055,4.389999866485596,255989
2022-05-31,4.389999866485596,4.440000057220459,4.300000190734863,4.400000095367432,2335437
2022-06-01,4.400000095367432,4.480000019073486,4.360000133514404,4.400000095367432,500089
2022-06-02,4.400000095367432,4.449999809265137,4.369999885559082,4.429999828338623,485274
2022-06-05,4.429999828338623,4.429999828338623,4.429999828338623,4.429999828338623,0
2022-06-06,4.429999828338623,4.429999828338623,4.400000095367432,4.400000095367432,124033
2022-06-07,4.400000095367432,4.440000057220459,4.349999904632568,4.389999866485596,145950
2022-06-08,4.389999866485596,4.440000057220459,4.369999885559082,4.409999847412109,458689
2022-06-09,4.409999847412109,4.440000057220459,4.389999866485596,4.409999847412109,48357
2022-06-12,4.409999847412109,4.409999847412109,4.389999866485596,4.409999847412109,7301
2022-06-13,4.409999847412109,4.539999961853027,4.360000133514404,4.53000020980835,1180536
2022-06-14,4.53000020980835,4.519999980926514,4.5,4.510000228881836,272783
2022-06-15,4.510000228881836,4.650000095367432,4.5,4.599999904632568,425692
2022-06-16,4.599999904632568,4.599999904632568,4.519999980926514,4.599999904632568,767206
2022-06-19,4.599999904632568,4.699999809265137,4.5,4.659999847412109,934350
2022-06-20,4.659999847412109,4.760000228881836,4.599999904632568,4.71999979019165,579953
2022-06-21,4.71999979019165,4.760000228881836,4.619999885559082,4.670000076293945,247400
2022-06-22,4.670000076293945,4.699999809265137,4.610000133514404,4.630000114440918,253165
2022-06-23,4.630000114440918,4.699999809265137,4.559999942779541,4.630000114440918,665882
2022-06-26,4.630000114440918,4.679999828338623,4.619999885559082,4.639999866485596,380536
2022-06-27,4.639999866485596,4.599999904632568,4.550000190734863,4.559999942779541,443205
2022-06-28,4.559999942779541,4.599999904632568,4.539999961853027,4.559999942779541,344689
2022-06-29,4.559999942779541,4.659999847412109,4.559999942779541,4.650000095367432,502262
2022-07-03,4.650000095367432,4.840000152587891,4.570000171661377,4.800000190734863,1858769
2022-07-04,4.800000190734863,4.800000190734863,4.690000057220459,4.71999979019165,628563
2022-07-05,4.71999979019165,4.710000038146973,4.639999866485596,4.650000095367432,737796
2022-07-06,4.650000095367432,4.650000095367432,4.579999923706055,4.599999904632568,494454
2022-07-07,4.599999904632568,4.71999979019165,4.599999904632568,4.650000095367432,257812
2022-07-17,4.650000095367432,4.690000057220459,4.639999866485596,4.650000095367432,105751
2022-07-18,4.650000095367432,4.699999809265137,4.610000133514404,4.630000114440918,483234
2022-07-19,4.630000114440918,4.699999809265137,4.630000114440918,4.659999847412109,133185
2022-07-20,4.659999847412109,4.679999828338623,4.619999885559082,4.639999866485596,190426
2022-07-21,4.639999866485596,4.699999809265137,4.639999866485596,4.670000076293945,390272
2022-07-24,4.670000076293945,4.739999771118164,4.650000095367432,4.670000076293945,229294
2022-07-25,4.670000076293945,4.71999979019165,4.670000076293945,4.710000038146973,514511
2022-07-26,4.710000038146973,4.739999771118164,4.670000076293945,4.699999809265137,900584
2022-07-27,4.699999809265137,4.730000019073486,4.670000076293945,4.699999809265137,77863
2022-07-28,4.699999809265137,4.710000038146973,4.670000076293945,4.699999809265137,41700
2022-07-31,4.699999809265137,4.71999979019165,4.679999828338623,4.699999809265137,48287
2022-08-01,4.699999809265137,4.769999980926514,4.699999809265137,4.71999979019165,1059642
2022-08-02,4.71999979019165,4.739999771118164,4.71999979019165,4.730000019073486,191896
2022-08-03,4.730000019073486,4.75,4.699999809265137,4.699999809265137,155797
2022-08-04,4.699999809265137,4.820000171661377,4.699999809265137,4.760000228881836,576939
2022-08-07,4.760000228881836,4.789999961853027,4.730000019073486,4.760000228881836,223909
2022-08-08,4.760000228881836,4.800000190734863,4.699999809265137,4.699999809265137,664529
2022-08-09,4.699999809265137,4.739999771118164,4.670000076293945,4.699999809265137,239150
2022-08-10,4.699999809265137,4.699999809265137,4.599999904632568,4.619999885559082,848694
2022-08-11,4.619999885559082,4.679999828338623,4.599999904632568,4.599999904632568,596470
2022-08-14,4.599999904632568,4.670000076293945,4.590000152587891,4.599999904632568,35228
2022-08-15,4.599999904632568,4.699999809265137,4.599999904632568,4.679999828338623,879054
2022-08-16,4.679999828338623,4.860000133514404,4.699999809265137,4.809999942779541,5597126
2022-08-17,4.809999942779541,4.840000152587891,4.800000190734863,4.820000171661377,2331709
2022-08-18,4.820000171661377,4.820000171661377,4.820000171661377,4.820000171661377,0
2022-08-21,4.840000152587891,4.880000114440918,4.840000152587891,4.869999885559082,764749
2022-08-22,4.869999885559082,4.880000114440918,4.840000152587891,4.849999904632568,641835
2022-08-23,4.849999904632568,4.849999904632568,4.849999904632568,4.849999904632568,0
2022-08-24,4.840000152587891,4.849999904632568,4.840000152587891,4.840000152587891,289295
2022-08-25,4.840000152587891,4.849999904632568,4.829999923706055,4.849999904632568,319347
2022-08-28,4.849999904632568,4.880000114440918,4.849999904632568,4.860000133514404,169212
2022-08-29,4.860000133514404,4.849999904632568,4.840000152587891,4.840000152587891,183461
2022-08-30,4.840000152587891,4.849999904632568,4.829999923706055,4.840000152587891,344729
2022-08-31,4.840000152587891,4.860000133514404,4.840000152587891,4.849999904632568,124397
2022-09-01,4.849999904632568,4.889999866485596,4.849999904632568,4.860000133514404,882083
2022-09-04,4.860000133514404,4.900000095367432,4.860000133514404,4.860000133514404,44459
2022-09-05,4.860000133514404,4.900000095367432,4.849999904632568,4.860000133514404,284647
2022-09-06,4.860000133514404,4.889999866485596,4.860000133514404,4.869999885559082,71642
2022-09-07,4.869999885559082,4.989999771118164,4.869999885559082,4.920000076293945,709818
2022-09-08,4.920000076293945,5.400000095367432,5.0,5.349999904632568,1521763
2022-09-11,5.349999904632568,5.400000095367432,5.340000152587891,5.380000114440918,543152
2022-09-12,5.380000114440918,5.400000095367432,5.349999904632568,5.389999866485596,896219
2022-09-13,5.389999866485596,5.389999866485596,5.300000190734863,5.389999866485596,4521
2022-09-14,5.389999866485596,5.420000076293945,5.320000171661377,5.389999866485596,36518
2022-09-15,5.389999866485596,5.429999828338623,5.159999847412109,5.389999866485596,23054
2022-09-18,5.389999866485596,5.349999904632568,5.179999828338623,5.389999866485596,6576
2022-09-19,5.389999866485596,5.289999961853027,4.599999904632568,5.389999866485596,12241
2022-09-20,5.389999866485596,5.199999809265137,5.130000114440918,5.389999866485596,9691
2022-09-21,5.389999866485596,5.289999961853027,5.119999885559082,5.389999866485596,23488
2022-09-22,5.389999866485596,5.239999771118164,5.150000095367432,5.389999866485596,14801
2022-09-25,5.389999866485596,5.289999961853027,5.050000190734863,5.389999866485596,23382
2022-09-26,5.389999866485596,5.210000038146973,5.010000228881836,5.389999866485596,4163
2022-09-27,5.389999866485596,5.300000190734863,5.210000038146973,5.389999866485596,20990
2022-09-28,5.389999866485596,5.28000020980835,5.099999904632568,5.389999866485596,17257
2022-09-29,5.389999866485596,5.239999771118164,5.059999942779541,5.389999866485596,18281
2022-10-02,5.389999866485596,5.199999809265137,5.050000190734863,5.389999866485596,26188
2022-10-03,5.389999866485596,5.190000057220459,5.150000095367432,5.389999866485596,175
2022-10-04,5.389999866485596,5.150000095367432,5.050000190734863,5.389999866485596,10258
2022-10-05,5.389999866485596,5.269999980926514,5.099999904632568,5.389999866485596,5589
2022-10-09,5.389999866485596,5.260000228881836,5.099999904632568,5.389999866485596,19139
2022-10-10,5.389999866485596,5.25,5.059999942779541,5.389999866485596,24924
2022-10-11,5.389999866485596,5.230000019073486,5.059999942779541,5.389999866485596,13641
2022-10-12,5.389999866485596,5.230000019073486,5.099999904632568,5.389999866485596,9787
2022-10-13,5.389999866485596,5.199999809265137,5.059999942779541,5.389999866485596,543
2022-10-16,5.389999866485596,5.230000019073486,5.110000133514404,5.199999809265137,74507
2022-10-17,5.199999809265137,5.150000095367432,5.0,5.199999809265137,49761
2022-10-18,5.199999809265137,5.099999904632568,5.0,5.199999809265137,53677
2022-10-19,5.199999809265137,5.150000095367432,4.980000019073486,5.0,61200
2022-10-20,5.0,5.090000152587891,5.0,5.0,47951
2022-10-23,5.0,5.070000171661377,4.949999809265137,4.949999809265137,66956
2022-10-24,4.949999809265137,5.0,4.849999904632568,4.909999847412109,239636
2022-10-25,4.909999847412109,5.0,4.849999904632568,4.909999847412109,36287
2022-10-26,4.909999847412109,4.909999847412109,4.909999847412109,4.909999847412109,0
2022-10-27,4.909999847412109,4.940000057220459,4.840000152587891,4.909999847412109,43934
2022-10-30,4.909999847412109,4.949999809265137,4.869999885559082,4.909999847412109,56607
2022-10-31,4.909999847412109,4.940000057220459,4.860000133514404,4.909999847412109,39622
2022-11-01,4.909999847412109,4.96999979019165,4.849999904632568,4.909999847412109,39744
2022-11-02,4.909999847412109,4.920000076293945,4.860000133514404,4.900000095367432,553540
2022-11-03,4.900000095367432,4.929999828338623,4.889999866485596,4.900000095367432,89090
2022-11-06,4.900000095367432,4.980000019073486,4.860000133514404,4.900000095367432,3737
2022-11-07,4.900000095367432,4.96999979019165,4.849999904632568,4.900000095367432,300482
2022-11-08,4.900000095367432,4.980000019073486,4.889999866485596,4.900000095367432,171122
2022-11-09,4.900000095367432,4.900000095367432,4.849999904632568,4.900000095367432,3805
2022-11-10,4.900000095367432,4.940000057220459,4.869999885559082,4.900000095367432,4938
2022-11-13,4.900000095367432,4.940000057220459,4.869999885559082,4.900000095367432,3660
2022-11-14,4.900000095367432,4.940000057220459,4.869999885559082,4.900000095367432,57561
2022-11-15,4.900000095367432,4.940000057220459,4.869999885559082,4.900000095367432,56389
2022-11-16,4.900000095367432,4.989999771118164,4.880000114440918,4.949999809265137,317399
2022-11-17,4.949999809265137,5.019999980926514,4.960000038146973,4.949999809265137,24953
2022-11-20,4.949999809265137,5.230000019073486,5.019999980926514,4.949999809265137,37192
2022-11-21,4.949999809265137,5.190000057220459,4.960000038146973,4.949999809265137,15481
2022-11-22,4.949999809265137,5.119999885559082,5.0,4.949999809265137,24248
2022-11-23,4.949999809265137,5.070000171661377,5.0,4.949999809265137,25042
2022-11-24,4.949999809265137,5.170000076293945,5.0,4.949999809265137,42144
2022-11-27,4.949999809265137,5.25,5.010000228881836,5.199999809265137,78838
2022-11-28,5.199999809265137,5.389999866485596,5.199999809265137,5.340000152587891,64681
2022-11-29,5.340000152587891,5.460000038146973,5.25,5.449999809265137,112048
2022-11-30,5.449999809265137,5.489999771118164,5.300000190734863,5.449999809265137,9902
2022-12-01,5.449999809265137,5.440000057220459,5.260000228881836,5.449999809265137,4795
2022-12-04,5.449999809265137,6.539999961853027,5.329999923706055,5.739999771118164,98382
2022-12-05,5.739999771118164,5.809999942779541,5.570000171661377,5.739999771118164,49986
2022-12-06,5.739999771118164,5.75,5.5,5.53000020980835,54012
2022-12-07,5.53000020980835,5.699999809265137,5.590000152587891,5.53000020980835,38768
2022-12-08,5.53000020980835,5.699999809265137,5.349999904632568,5.53000020980835,43418
2022-12-11,5.53000020980835,5.699999809265137,5.400000095367432,5.53000020980835,24181
2022-12-12,5.53000020980835,5.630000114440918,5.409999847412109,5.449999809265137,57083
2022-12-13,5.449999809265137,5.619999885559082,5.429999828338623,5.449999809265137,31472
2022-12-14,5.449999809265137,5.630000114440918,5.420000076293945,5.5,75025
2022-12-15,5.5,5.960000038146973,5.5,5.699999809265137,529581
2022-12-18,5.699999809265137,5.900000095367432,5.699999809265137,5.789999961853027,259562
2022-12-19,5.789999961853027,6.099999904632568,5.489999771118164,5.840000152587891,286526
2022-12-20,5.840000152587891,5.96999979019165,5.539999961853027,5.599999904632568,297089
2022-12-21,5.599999904632568,5.650000095367432,5.309999942779541,5.380000114440918,414325
2022-12-22,5.380000114440918,5.800000190734863,5.309999942779541,5.449999809265137,684428
2022-12-25,5.449999809265137,5.599999904632568,5.400000095367432,5.460000038146973,134842
2022-12-26,5.460000038146973,5.550000190734863,5.429999828338623,5.5,74654
2022-12-27,5.5,5.599999904632568,5.460000038146973,5.5,1027078
2022-12-28,5.5,5.559999942779541,5.460000038146973,5.5,50150
2022-12-29,5.5,5.650000095367432,5.5,5.519999980926514,78290
2023-01-02,5.519999980926514,5.650000095367432,5.53000020980835,5.590000152587891,106373
2023-01-03,5.590000152587891,5.610000133514404,5.550000190734863,5.570000171661377,99003
2023-01-04,5.570000171661377,5.599999904632568,5.400000095367432,5.519999980926514,151388
2023-01-05,5.519999980926514,5.599999904632568,5.519999980926514,5.579999923706055,61173
2023-01-09,5.579999923706055,5.610000133514404,5.460000038146973,5.579999923706055,46822
2023-01-10,5.579999923706055,5.570000171661377,5.139999866485596,5.579999923706055,38281
2023-01-11,5.579999923706055,5.650000095367432,5.239999771118164,5.579999923706055,140233
2023-01-12,5.579999923706055,5.559999942779541,5.0,5.190000057220459,441462
2023-01-15,5.190000057220459,5.489999771118164,5.110000133514404,5.139999866485596,63451
2023-01-16,5.139999866485596,5.21999979019165,5.110000133514404,5.139999866485596,38315
2023-01-17,5.139999866485596,5.420000076293945,5.199999809265137,5.139999866485596,56370
2023-01-18,5.139999866485596,5.360000133514404,4.699999809265137,5.349999904632568,113485
2023-01-19,5.349999904632568,5.449999809265137,5.010000228881836,5.349999904632568,17859
2023-01-22,5.349999904632568,5.489999771118164,5.300000190734863,5.349999904632568,38380
2023-01-23,5.349999904632568,5.400000095367432,5.309999942779541,5.349999904632568,34434
2023-01-24,5.349999904632568,5.440000057220459,5.309999942779541,5.349999904632568,26161
2023-01-25,5.349999904632568,5.449999809265137,5.300000190734863,5.360000133514404,81787
2023-01-29,5.360000133514404,5.599999904632568,5.28000020980835,5.510000228881836,184398
2023-01-30,5.510000228881836,5.550000190734863,5.300000190734863,5.329999923706055,58106
2023-01-31,5.329999923706055,5.440000057220459,5.199999809265137,5.230000019073486,78373
2023-02-01,5.230000019073486,5.340000152587891,5.199999809265137,5.230000019073486,41663
2023-02-02,5.230000019073486,5.550000190734863,5.230000019073486,5.329999923706055,206746
2023-02-05,5.329999923706055,5.510000228881836,5.199999809265137,5.349999904632568,117697
2023-02-06,5.349999904632568,5.550000190734863,5.260000228881836,5.429999828338623,81599
2023-02-07,5.429999828338623,5.789999961853027,5.369999885559082,5.590000152587891,275638
2023-02-08,5.590000152587891,5.650000095367432,5.449999809265137,5.5,56291
2023-02-09,5.5,5.590000152587891,5.389999866485596,5.5,52131
2023-02-12,5.5,5.639999866485596,5.5,5.590000152587891,58270
2023-02-13,5.590000152587891,5.639999866485596,5.480000019073486,5.590000152587891,51784
2023-02-14,5.590000152587891,5.610000133514404,5.449999809265137,5.599999904632568,188424
2023-02-15,5.599999904632568,5.679999828338623,5.510000228881836,5.610000133514404,324559
2023-02-16,5.610000133514404,5.769999980926514,5.630000114440918,5.730000019073486,196403
2023-02-19,5.730000019073486,5.940000057220459,5.710000038146973,5.75,233237
2023-02-20,5.75,5.880000114440918,5.670000076293945,5.690000057220459,59966
2023-02-21,5.690000057220459,5.900000095367432,5.579999923706055,5.690000057220459,46978
2023-02-22,5.690000057220459,5.880000114440918,5.5,5.519999980926514,63068
2023-02-23,5.519999980926514,5.639999866485596,5.429999828338623,5.510000228881836,75510
2023-02-26,5.510000228881836,5.800000190734863,5.590000152587891,5.699999809265137,151286
2023-02-27,5.699999809265137,5.849999904632568,5.699999809265137,5.760000228881836,103683
2023-02-28,5.760000228881836,5.840000152587891,5.599999904632568,5.760000228881836,31618
2023-03-01,5.760000228881836,5.880000114440918,5.599999904632568,5.760000228881836,30225
2023-03-02,5.760000228881836,5.829999923706055,5.699999809265137,5.760000228881836,27884
2023-03-05,5.760000228881836,6.400000095367432,5.710000038146973,6.300000190734863,425554
2023-03-06,6.300000190734863,6.46999979019165,6.21999979019165,6.320000171661377,144454
2023-03-07,6.320000171661377,6.5,6.119999885559082,6.130000114440918,77527
2023-03-08,6.130000114440918,6.289999961853027,6.0,6.070000171661377,52891
2023-03-09,6.070000171661377,6.239999771118164,6.039999961853027,6.090000152587891,60707
2023-03-12,6.090000152587891,6.389999866485596,6.0,6.03000020980835,72668
2023-03-13,6.03000020980835,6.190000057220459,5.699999809265137,5.730000019073486,102968
2023-03-14,5.730000019073486,5.900000095367432,5.599999904632568,5.730000019073486,64499
2023-03-15,5.730000019073486,6.119999885559082,5.599999904632568,5.730000019073486,138212
2023-03-16,5.730000019073486,5.800000190734863,5.5,5.630000114440918,70120
2023-03-19,5.630000114440918,6.0,5.599999904632568,5.860000133514404,72421
2023-03-20,5.860000133514404,6.0,5.699999809265137,5.860000133514404,42506
2023-03-21,5.860000133514404,5.980000019073486,5.809999942779541,5.860000133514404,29845
2023-03-22,5.860000133514404,5.96999979019165,5.800000190734863,5.860000133514404,40164
2023-03-23,5.860000133514404,5.949999809265137,5.78000020980835,5.829999923706055,57609
2023-03-26,5.829999923706055,5.980000019073486,5.829999923706055,5.829999923706055,32450
2023-03-27,5.829999923706055,6.099999904632568,5.869999885559082,5.929999828338623,196803
2023-03-28,5.929999828338623,5.989999771118164,5.820000171661377,5.929999828338623,35833
2023-03-29,5.929999828338623,6.0,5.789999961853027,5.800000190734863,161781
2023-03-30,5.800000190734863,5.900000095367432,5.619999885559082,5.710000038146973,135009
2023-04-02,5.710000038146973,5.840000152587891,5.650000095367432,5.710000038146973,304418
2023-04-03,5.710000038146973,5.829999923706055,5.699999809265137,5.809999942779541,170877
2023-04-04,5.809999942779541,5.889999866485596,5.75,5.809999942779541,88057
2023-04-05,5.809999942779541,5.889999866485596,5.769999980926514,5.809999942779541,102499
2023-04-06,5.809999942779541,5.989999771118164,5.78000020980835,5.880000114440918,152673
2023-04-09,5.880000114440918,5.96999979019165,5.769999980926514,5.840000152587891,161947
2023-04-10,5.840000152587891,5.929999828338623,5.800000190734863,5.849999904632568,327544
2023-04-11,5.849999904632568,5.980000019073486,5.820000171661377,5.920000076293945,182695
2023-04-12,5.920000076293945,7.099999904632568,5.960000038146973,6.260000228881836,1313767
2023-04-13,6.260000228881836,6.489999771118164,6.110000133514404,6.25,476439
2023-04-18,6.25,6.28000020980835,6.119999885559082,6.130000114440918,674710
2023-04-19,6.130000114440918,6.949999809265137,6.199999809265137,6.309999942779541,810839
2023-04-26,6.309999942779541,7.25,6.349999904632568,6.980000019073486,2134621
2023-04-27,6.980000019073486,7.869999885559082,7.099999904632568,7.75,1434940
2023-04-30,7.75,8.489999771118164,7.769999980926514,8.199999809265137,1706148
2023-05-01,8.199999809265137,8.199999809265137,8.199999809265137,8.199999809265137,0
2023-05-02,8.119999885559082,8.390000343322754,8.0600004196167,8.100000381469727,329590
2023-05-03,8.100000381469727,8.260000228881836,7.900000095367432,8.0,487206
2023-05-07,8.0,8.079999923706055,7.849999904632568,7.980000019073486,171450
2023-05-08,7.980000019073486,8.149999618530273,7.900000095367432,8.119999885559082,522642
2023-05-09,8.119999885559082,8.1899995803833,7.989999771118164,8.050000190734863,640818
2023-05-10,8.050000190734863,7.849999904632568,7.400000095367432,7.610000133514404,387927
2023-05-11,7.610000133514404,7.639999866485596,7.25,7.320000171661377,337803
2023-05-14,7.320000171661377,7.400000095367432,7.130000114440918,7.21999979019165,147735
2023-05-15,7.21999979019165,7.369999885559082,7.019999980926514,7.079999923706055,458988
2023-05-16,7.079999923706055,7.199999809265137,6.800000190734863,7.090000152587891,201650
2023-05-17,7.090000152587891,7.25,6.570000171661377,6.75,235071
2023-05-18,6.75,6.889999866485596,6.630000114440918,6.78000020980835,259617
2023-05-21,6.78000020980835,7.090000152587891,6.699999809265137,7.0,404497
2023-05-22,7.0,7.269999980926514,6.800000190734863,6.909999847412109,448952
2023-05-23,6.909999847412109,7.150000095367432,6.909999847412109,6.989999771118164,116482
2023-05-24,6.989999771118164,7.150000095367432,6.949999809265137,6.96999979019165,144664
2023-05-25,6.96999979019165,7.139999866485596,6.78000020980835,6.800000190734863,413106
2023-05-28,6.800000190734863,6.889999866485596,6.739999771118164,6.78000020980835,303287
2023-05-29,6.78000020980835,7.0,6.659999847412109,6.949999809265137,221515
2023-05-30,6.949999809265137,7.019999980926514,6.880000114440918,6.960000038146973,333841
2023-05-31,6.960000038146973,7.21999979019165,6.960000038146973,7.070000171661377,255140
2023-06-01,7.070000171661377,7.210000038146973,7.0,7.03000020980835,234316
2023-06-04,7.03000020980835,7.190000057220459,7.050000190734863,7.079999923706055,184612
2023-06-05,7.079999923706055,7.159999847412109,7.03000020980835,7.070000171661377,135108
2023-06-06,7.070000171661377,7.119999885559082,7.010000228881836,7.090000152587891,83418
2023-06-07,7.090000152587891,7.150000095367432,6.96999979019165,7.019999980926514,121175
2023-06-08,7.019999980926514,7.150000095367432,6.949999809265137,7.090000152587891,110194
2023-06-11,7.090000152587891,7.75,7.150000095367432,7.269999980926514,510131
2023-06-12,7.269999980926514,7.519999980926514,7.25,7.349999904632568,90221
2023-06-13,7.349999904632568,7.400000095367432,7.099999904632568,7.159999847412109,238742
2023-06-14,7.159999847412109,7.25,7.099999904632568,7.179999828338623,122712
2023-06-15,7.179999828338623,7.230000019073486,7.099999904632568,7.130000114440918,79418
2023-06-18,7.130000114440918,7.449999809265137,7.199999809265137,7.320000171661377,201414
2023-06-19,7.320000171661377,7.599999904632568,7.300000190734863,7.349999904632568,318882
2023-06-20,7.349999904632568,7.449999809265137,7.260000228881836,7.309999942779541,170930
2023-06-21,7.309999942779541,7.420000076293945,7.199999809265137,7.25,49112
2023-06-22,7.25,7.5,7.099999904632568,7.420000076293945,177103
2023-06-25,7.420000076293945,7.480000019073486,7.269999980926514,7.340000152587891,81621
2023-06-26,7.340000152587891,7.699999809265137,7.269999980926514,7.679999828338623,609319
2023-07-04,7.679999828338623,8.020000457763672,7.690000057220459,8.0,846057
2023-07-05,8.0,9.239999771118164,8.0600004196167,8.510000228881836,847480
2023-07-06,8.510000228881836,9.100000381469727,8.350000381469727,8.600000381469727,555266
2023-07-09,8.600000381469727,8.59000015258789,6.880000114440918,7.900000095367432,285166
2023-07-10,7.900000095367432,8.350000381469727,7.699999809265137,7.980000019073486,175991
2023-07-11,7.980000019073486,8.5,7.809999942779541,8.40999984741211,442028
2023-07-12,8.40999984741211,8.550000190734863,8.15999984741211,8.460000038146973,165547
2023-07-13,8.460000038146973,8.619999885559082,8.199999809265137,8.369999885559082,578839
2023-07-16,8.369999885559082,8.600000381469727,8.199999809265137,8.3100004196167,137979
2023-07-17,8.3100004196167,8.460000038146973,8.039999961853027,8.210000038146973,145578
2023-07-18,8.210000038146973,8.34000015258789,8.119999885559082,8.220000267028809,62384
2023-07-19,8.220000267028809,8.220000267028809,8.220000267028809,8.220000267028809,0
2023-07-24,8.25,8.800000190734863,8.15999984741211,8.59000015258789,294377
2023-07-25,8.59000015258789,8.720000267028809,8.399999618530273,8.470000267028809,113721
2023-07-26,8.470000267028809,8.630000114440918,8.399999618530273,8.5,81808
2023-07-27,8.5,8.630000114440918,8.25,8.369999885559082,46065
2023-07-30,8.369999885559082,8.600000381469727,8.199999809265137,8.350000381469727,61398
2023-07-31,8.350000381469727,8.5,8.229999542236328,8.270000457763672,106127
2023-08-01,8.270000457763672,8.329999923706055,8.15999984741211,8.180000305175781,105006
2023-08-02,8.180000305175781,8.5,8.0,8.109999656677246,106583
2023-08-03,8.109999656677246,8.140000343322754,8.0,8.029999732971191,62175
2023-08-06,8.029999732971191,8.34000015258789,8.0,8.220000267028809,93220
2023-08-07,8.220000267028809,8.420000076293945,8.09000015258789,8.260000228881836,171868
2023-08-08,8.260000228881836,8.630000114440918,8.199999809265137,8.260000228881836,841197
2023-08-09,8.260000228881836,8.359999656677246,8.199999809265137,8.210000038146973,125204
2023-08-10,8.210000038146973,8.300000190734863,8.119999885559082,8.1899995803833,143066
2023-08-13,8.1899995803833,8.300000190734863,8.050000190734863,8.100000381469727,238517
2023-08-14,8.100000381469727,8.1899995803833,7.860000133514404,8.0600004196167,643195
2023-08-15,8.0600004196167,8.180000305175781,7.900000095367432,7.980000019073486,356929
2023-08-16,7.980000019073486,8.100000381469727,7.860000133514404,7.920000076293945,704635
2023-08-17,7.920000076293945,8.050000190734863,7.869999885559082,7.929999828338623,167400
2023-08-20,7.929999828338623,8.149999618530273,7.849999904632568,7.96999979019165,177290
2023-08-21,7.96999979019165,8.0,7.860000133514404,7.900000095367432,144039
2023-08-22,7.900000095367432,7.949999809265137,7.789999961853027,7.800000190734863,244597
2023-08-23,7.800000190734863,7.880000114440918,7.639999866485596,7.739999771118164,176094
2023-08-24,7.739999771118164,7.78000020980835,7.650000095367432,7.699999809265137,67781
2023-08-27,7.699999809265137,7.789999961853027,7.650000095367432,7.690000057220459,126794
2023-08-28,7.690000057220459,8.5,7.670000076293945,7.889999866485596,336834
2023-08-29,7.889999866485596,8.0600004196167,7.900000095367432,8.010000228881836,128369
2023-08-30,8.010000228881836,8.09000015258789,7.929999828338623,7.949999809265137,93174
2023-08-31,7.949999809265137,7.949999809265137,7.949999809265137,7.949999809265137,0
2023-09-03,7.96999979019165,8.010000228881836,7.909999847412109,7.96999979019165,18663
2023-09-04,7.96999979019165,8.020000457763672,7.900000095367432,7.929999828338623,76521
2023-09-05,7.929999828338623,8.279999732971191,7.900000095367432,8.170000076293945,339088
2023-09-06,8.170000076293945,8.449999809265137,8.0600004196167,8.109999656677246,239216
2023-09-07,8.109999656677246,8.15999984741211,8.010000228881836,8.079999923706055,39149
2023-09-10,8.079999923706055,8.079999923706055,8.079999923706055,8.079999923706055,0
2023-09-11,8.100000381469727,8.1899995803833,8.010000228881836,8.010000228881836,134420
2023-09-12,8.010000228881836,8.199999809265137,8.0,8.0,171434
2023-09-13,8.0,8.170000076293945,8.010000228881836,8.09000015258789,51334
2023-09-14,8.09000015258789,8.130000114440918,8.029999732971191,8.039999961853027,90089
2023-09-17,8.039999961853027,9.239999771118164,8.029999732971191,8.90999984741211,1117931
2023-09-18,8.90999984741211,9.199999809265137,8.760000228881836,8.890000343322754,351184
2023-09-19,8.890000343322754,9.289999961853027,8.739999771118164,8.960000038146973,367264
2023-09-20,8.960000038146973,8.960000038146973,8.960000038146973,8.960000038146973,0
2023-09-21,8.960000038146973,8.960000038146973,8.960000038146973,8.960000038146973,0
2023-09-24,8.960000038146973,8.960000038146973,8.960000038146973,8.960000038146973,0
2023-09-25,9.119999885559082,9.149999618530273,8.899999618530273,9.0,169709
2023-09-26,9.0,9.180000305175781,8.710000038146973,8.850000381469727,111561
2023-09-27,8.850000381469727,8.850000381469727,8.850000381469727,8.850000381469727,0
2023-10-01,8.850000381469727,8.850000381469727,8.850000381469727,8.850000381469727,0
2023-10-02,8.850000381469727,9.0,8.510000228881836,8.65999984741211,45785
2023-10-03,8.65999984741211,8.65999984741211,8.050000190734863,8.229999542236328,614913
2023-10-04,8.229999542236328,8.270000457763672,8.0,8.079999923706055,232467
2023-10-08,8.079999923706055,8.350000381469727,7.699999809265137,7.889999866485596,249912
2023-10-09,7.889999866485596,8.199999809265137,7.900000095367432,7.960000038146973,90487
2023-10-10,7.960000038146973,8.149999618530273,7.900000095367432,7.960000038146973,116541
2023-10-11,7.960000038146973,8.300000190734863,7.96999979019165,8.100000381469727,103680
2023-10-12,8.100000381469727,8.199999809265137,7.800000190734863,7.920000076293945,159606
2023-10-15,7.920000076293945,8.100000381469727,7.800000190734863,7.840000152587891,107535
2023-10-16,7.840000152587891,8.0,7.849999904632568,7.96999979019165,132634
2023-10-17,7.96999979019165,8.149999618530273,8.0,8.029999732971191,193947
2023-10-18,8.029999732971191,8.149999618530273,7.980000019073486,8.010000228881836,204158
2023-10-19,8.010000228881836,8.010000228881836,8.010000228881836,8.010000228881836,0
2023-10-22,8.020000457763672,8.149999618530273,8.010000228881836,8.0600004196167,40790
2023-10-23,8.0600004196167,8.100000381469727,7.949999809265137,8.050000190734863,178837
2023-10-24,8.050000190734863,8.210000038146973,8.039999961853027,8.079999923706055,207880
2023-10-25,8.079999923706055,8.4399995803833,8.079999923706055,8.270000457763672,138171
2023-10-26,8.270000457763672,8.399999618530273,8.140000343322754,8.25,96148
2023-10-29,8.25,8.550000190734863,8.25,8.510000228881836,197152
2023-10-30,8.510000228881836,8.600000381469727,8.460000038146973,8.470000267028809,120942
2023-10-31,8.470000267028809,8.59000015258789,8.319999694824219,8.399999618530273,94149
2023-11-01,8.399999618530273,8.59000015258789,8.3100004196167,8.4399995803833,126216
2023-11-02,8.4399995803833,8.949999809265137,8.380000114440918,8.789999961853027,671458
2023-11-05,8.789999961853027,8.989999771118164,8.779999732971191,8.930000305175781,291030
2023-11-06,8.930000305175781,9.0,8.579999923706055,8.739999771118164,164512
2023-11-07,8.739999771118164,8.850000381469727,8.649999618530273,8.680000305175781,82478
2023-11-08,8.680000305175781,8.789999961853027,8.539999961853027,8.609999656677246,99132
2023-11-09,8.609999656677246,8.699999809265137,8.449999809265137,8.529999732971191,202482
2023-11-12,8.529999732971191,8.600000381469727,8.449999809265137,8.5,64077
2023-11-13,8.5,8.630000114440918,8.479999542236328,8.550000190734863,38433
2023-11-14,8.550000190734863,8.729999542236328,8.5,8.630000114440918,79487
2023-11-15,8.630000114440918,8.800000190734863,8.649999618530273,8.779999732971191,134673
2023-11-16,8.779999732971191,9.300000190734863,8.800000190734863,8.869999885559082,289602
2023-11-19,8.869999885559082,8.979999542236328,8.8100004196167,8.850000381469727,123447
2023-11-20,8.850000381469727,10.600000381469727,8.8100004196167,9.640000343322754,1038924
2023-11-21,9.640000343322754,11.260000228881836,9.550000190734863,10.319999694824219,1435493
2023-11-22,10.319999694824219,11.539999961853027,10.170000076293945,11.239999771118164,583030
2023-11-23,11.239999771118164,11.6899995803833,10.819999694824219,10.979999542236328,850244
2023-11-26,10.979999542236328,11.25,10.699999809265137,10.789999961853027,545227
2023-11-27,10.789999961853027,11.25,10.800000190734863,11.010000228881836,961584
2023-11-28,11.010000228881836,12.699999809265137,11.010000228881836,12.119999885559082,1611871
2023-11-29,12.119999885559082,13.399999618530273,11.9399995803833,12.770000457763672,1027691
2023-11-30,12.770000457763672,12.739999771118164,11.899999618530273,12.15999984741211,474740
2023-12-03,12.15999984741211,12.800000190734863,11.770000457763672,12.020000457763672,352665
2023-12-04,12.020000457763672,12.289999961853027,11.699999809265137,11.829999923706055,209955
2023-12-05,11.829999923706055,11.899999618530273,11.5,11.579999923706055,230967
2023-12-06,11.579999923706055,11.800000190734863,11.149999618530273,11.239999771118164,106316
2023-12-07,11.239999771118164,11.300000190734863,10.75,11.020000457763672,110644
2023-12-10,11.020000457763672,11.289999961853027,10.720000267028809,10.90999984741211,129782
2023-12-11,10.90999984741211,11.149999618530273,10.75,10.869999885559082,88052
2023-12-12,10.869999885559082,11.300000190734863,10.899999618530273,10.949999809265137,115610
2023-12-13,10.949999809265137,11.289999961853027,10.899999618530273,11.170000076293945,284980
2023-12-14,11.170000076293945,11.84000015258789,11.010000228881836,11.609999656677246,299570
2023-12-17,11.609999656677246,12.239999771118164,11.609999656677246,11.930000305175781,314391
2023-12-18,11.930000305175781,12.600000381469727,11.899999618530273,12.130000114440918,560092
2023-12-19,12.130000114440918,12.289999961853027,11.5,11.520000457763672,264859
2023-12-20,11.520000457763672,11.930000305175781,11.5,11.680000305175781,79908
2023-12-21,11.680000305175781,11.850000381469727,11.0,11.270000457763672,127722
2023-12-24,11.270000457763672,11.270000457763672,11.270000457763672,11.270000457763672,0
2023-12-25,10.989999771118164,11.289999961853027,10.890000343322754,10.970000267028809,168609
2023-12-26,10.970000267028809,11.15999984741211,10.850000381469727,10.970000267028809,98804
2023-12-27,10.970000267028809,11.399999618530273,10.949999809265137,11.0,212532
2023-12-28,11.0,11.199999809265137,10.930000305175781,11.0,323559
2023-12-31,11.0,11.6899995803833,10.90999984741211,11.029999732971191,124502
2024-01-02,11.029999732971191,11.59000015258789,11.029999732971191,11.319999694824219,168803
2024-01-03,11.319999694824219,11.649999618530273,11.329999923706055,11.420000076293945,257692
2024-01-04,11.420000076293945,11.5,11.25,11.289999961853027,73317
2024-01-08,11.289999961853027,11.5,11.239999771118164,11.289999961853027,95401
2024-01-09,11.289999961853027,11.449999809265137,11.270000457763672,11.300000190734863,115940
2024-01-10,11.300000190734863,11.680000305175781,11.350000381469727,11.399999618530273,246987
2024-01-11,11.399999618530273,11.550000190734863,11.0,11.210000038146973,225652
2024-01-14,11.210000038146973,11.699999809265137,11.270000457763672,11.34000015258789,191726
2024-01-15,11.34000015258789,11.640000343322754,11.350000381469727,11.430000305175781,179038
2024-01-16,11.430000305175781,11.529999732971191,11.300000190734863,11.399999618530273,164367
2024-01-17,11.399999618530273,11.5600004196167,11.380000114440918,11.399999618530273,186310
2024-01-18,11.399999618530273,11.550000190734863,11.390000343322754,11.520000457763672,103766
2024-01-21,11.520000457763672,12.399999618530273,11.569999694824219,11.8100004196167,464229
2024-01-22,11.8100004196167,12.100000381469727,11.75,11.800000190734863,239524
2024-01-23,11.800000190734863,12.0,11.5,11.520000457763672,159736
2024-01-24,11.520000457763672,11.760000228881836,11.350000381469727,11.399999618530273,211582
2024-01-28,11.399999618530273,11.989999771118164,11.399999618530273,11.420000076293945,351064
2024-01-29,11.420000076293945,11.880000114440918,11.369999885559082,11.420000076293945,282874
2024-01-30,11.420000076293945,12.0,11.40999984741211,11.699999809265137,368410
2024-01-31,11.699999809265137,13.0,10.899999618530273,10.920000076293945,563530
2024-02-01,10.920000076293945,11.229999542236328,10.5,11.0,313988
2024-02-04,11.0,11.300000190734863,10.630000114440918,11.199999809265137,202653
2024-02-05,11.199999809265137,11.539999961853027,11.109999656677246,11.3100004196167,61496
2024-02-06,11.3100004196167,11.489999771118164,11.130000114440918,11.199999809265137,94473
2024-02-07,11.199999809265137,11.350000381469727,11.010000228881836,11.100000381469727,124160
2024-02-08,11.100000381469727,11.319999694824219,11.0,11.039999961853027,82768
2024-02-11,11.039999961853027,11.34000015258789,11.100000381469727,11.220000267028809,89424
2024-02-12,11.220000267028809,11.289999961853027,11.109999656677246,11.1899995803833,44790
2024-02-13,11.1899995803833,12.100000381469727,11.15999984741211,11.8100004196167,499125
2024-02-14,11.8100004196167,12.399999618530273,11.989999771118164,12.15999984741211,329348
2024-02-15,12.15999984741211,12.319999694824219,11.90999984741211,12.09000015258789,232590
2024-02-18,12.09000015258789,12.09000015258789,12.09000015258789,12.09000015258789,0
2024-02-19,13.979999542236328,16.770000457763672,14.199999809265137,16.770000457763672,2405226
2024-02-20,16.770000457763672,20.1200008392334,17.299999237060547,18.950000762939453,2491367
2024-02-21,18.950000762939453,19.899999618530273,17.600000381469727,17.790000915527344,2035509
2024-02-22,17.790000915527344,18.799999237060547,17.040000915527344,17.350000381469727,1403329
2024-02-25,17.350000381469727,17.329999923706055,14.510000228881836,16.020000457763672,607804
2024-02-26,16.020000457763672,18.299999237060547,15.800000190734863,17.969999313354492,1717708
2024-02-27,17.969999313354492,19.799999237060547,17.0,18.0,2221636
2024-02-28,18.0,18.489999771118164,16.030000686645508,16.34000015258789,473083
2024-02-29,16.34000015258789,16.899999618530273,15.600000381469727,16.399999618530273,433817
2024-03-03,16.399999618530273,17.700000762939453,16.450000762939453,16.6200008392334,399535
2024-03-04,16.6200008392334,16.950000762939453,16.5,16.670000076293945,234472
2024-03-05,16.670000076293945,17.5,16.5,16.579999923706055,228023
2024-03-06,16.579999923706055,16.889999389648438,15.100000381469727,15.449999809265137,592280
2024-03-07,15.449999809265137,16.0,15.010000228881836,15.119999885559082,231317
2024-03-10,15.119999885559082,16.200000762939453,14.90999984741211,15.0,976275
2024-03-11,15.0,15.279999732971191,13.5,13.800000190734863,1289606
2024-03-12,13.800000190734863,16.5,13.649999618530273,15.5600004196167,2812558
2024-03-13,15.5600004196167,16.600000381469727,13.640000343322754,15.609999656677246,1613890
2024-03-14,15.609999656677246,15.609999656677246,14.0,15.050000190734863,416373
2024-03-17,15.050000190734863,15.739999771118164,14.399999618530273,14.489999771118164,221250
2024-03-18,14.489999771118164,14.489999771118164,12.300000190734863,12.569999694824219,827445
2024-03-19,12.569999694824219,12.550000190734863,11.350000381469727,12.289999961853027,360770
2024-03-20,12.289999961853027,12.779999732971191,12.0,12.199999809265137,472153
2024-03-21,12.199999809265137,12.5,12.0,12.229999542236328,344337
2024-03-24,12.229999542236328,13.289999961853027,12.369999885559082,12.619999885559082,476744
2024-03-25,12.619999885559082,12.979999542236328,12.5,12.630000114440918,241551
2024-03-26,12.630000114440918,13.899999618530273,12.75,13.029999732971191,662221
2024-03-27,13.029999732971191,13.15999984741211,12.100000381469727,12.229999542236328,392341
2024-03-28,12.229999542236328,12.489999771118164,11.800000190734863,12.010000228881836,144282
2024-03-31,12.010000228881836,12.100000381469727,11.0,11.220000267028809,117420
2024-04-01,11.220000267028809,12.09000015258789,11.010000228881836,11.600000381469727,296704
2024-04-02,11.600000381469727,12.100000381469727,11.369999885559082,11.460000038146973,284448
2024-04-03,11.460000038146973,11.699999809265137,11.220000267028809,11.369999885559082,172081
2024-04-04,11.369999885559082,12.699999809265137,11.300000190734863,12.319999694824219,1032181
2024-04-07,12.319999694824219,12.399999618530273,11.600000381469727,11.819999694824219,261419
2024-04-08,11.819999694824219,12.100000381469727,11.710000038146973,11.920000076293945,175989
2024-04-15,11.920000076293945,12.25,11.84000015258789,12.029999732971191,287625
2024-04-16,12.029999732971191,12.949999809265137,12.0600004196167,12.640000343322754,790411
2024-04-17,12.640000343322754,12.9399995803833,12.520000457763672,12.770000457763672,394239
2024-04-18,12.770000457763672,13.739999771118164,11.829999923706055,12.34000015258789,896147
2024-04-21,12.34000015258789,12.800000190734863,12.300000190734863,12.390000343322754,195042
2024-04-22,12.390000343322754,12.699999809265137,11.819999694824219,12.140000343322754,142268
2024-04-23,12.140000343322754,12.289999961853027,11.199999809265137,11.300000190734863,268919
2024-04-24,11.300000190734863,11.789999961853027,10.399999618530273,11.050000190734863,218931
2024-04-28,11.050000190734863,11.050000190734863,11.050000190734863,11.050000190734863,0
2024-04-29,10.6899995803833,11.100000381469727,10.550000190734863,10.880000114440918,340044
2024-04-30,10.880000114440918,11.850000381469727,10.600000381469727,10.670000076293945,606582
2024-05-02,10.550000190734863,11.25,10.569999694824219,10.729999542236328,375887
2024-05-07,10.729999542236328,10.989999771118164,10.550000190734863,10.789999961853027,300900
2024-05-08,10.789999961853027,11.1899995803833,10.789999961853027,11.069999694824219,523782
2024-05-09,11.069999694824219,10.899999618530273,10.510000228881836,10.710000038146973,380800
2024-05-12,10.710000038146973,10.800000190734863,10.0600004196167,10.140000343322754,303367
2024-05-13,10.140000343322754,10.300000190734863,9.399999618530273,9.609999656677246,300399
2024-05-14,9.609999656677246,9.800000190734863,8.600000381469727,9.239999771118164,185436
2024-05-15,9.239999771118164,9.600000381469727,9.039999961853027,9.149999618530273,287910
2024-05-16,9.149999618530273,9.59000015258789,9.199999809265137,9.5600004196167,148494
2024-05-19,9.5600004196167,9.880000114440918,9.569999694824219,9.819999694824219,391511
2024-05-20,9.819999694824219,10.34000015258789,9.75,9.960000038146973,470814
2024-05-21,9.960000038146973,10.15999984741211,9.859999656677246,9.920000076293945,256642
2024-05-22,9.920000076293945,10.25,9.859999656677246,9.930000305175781,197820
2024-05-23,9.930000305175781,10.100000381469727,9.890000343322754,9.930000305175781,201721
2024-05-26,9.930000305175781,9.930000305175781,9.930000305175781,9.930000305175781,0
2024-05-27,10.09000015258789,10.800000190734863,10.100000381469727,10.300000190734863,635360
2024-05-28,10.300000190734863,10.170000076293945,9.029999732971191,9.989999771118164,331633
2024-05-29,9.989999771118164,10.390000343322754,9.949999809265137,10.020000457763672,1868255
2024-05-30,10.020000457763672,10.050000190734863,9.75,9.859999656677246,138771
2024-06-02,9.859999656677246,10.0,9.100000381469727,9.630000114440918,107940
2024-06-03,9.630000114440918,9.770000457763672,9.529999732971191,9.569999694824219,93303
2024-06-04,9.569999694824219,9.899999618530273,9.600000381469727,9.800000190734863,71312
2024-06-05,9.800000190734863,9.970000267028809,9.25,9.479999542236328,213156
2024-06-06,9.479999542236328,9.720000267028809,9.350000381469727,9.4399995803833,67235
2024-06-09,9.4399995803833,9.539999961853027,9.119999885559082,9.199999809265137,71000
2024-06-10,9.199999809265137,9.529999732971191,9.010000228881836,9.5,262745
2024-06-11,9.5,10.1899995803833,9.420000076293945,9.9399995803833,316324
2024-06-12,9.9399995803833,10.489999771118164,10.039999961853027,10.140000343322754,352720
2024-06-13,10.140000343322754,10.25,9.510000228881836,9.890000343322754,288701
2024-06-23,9.890000343322754,10.050000190734863,9.880000114440918,9.9399995803833,141779
2024-06-24,9.9399995803833,10.050000190734863,9.550000190734863,9.880000114440918,105795
2024-06-25,9.880000114440918,9.979999542236328,9.600000381469727,9.869999885559082,58656
2024-06-26,9.869999885559082,10.399999618530273,9.920000076293945,10.109999656677246,344789
2024-06-27,10.109999656677246,10.600000381469727,10.210000038146973,10.329999923706055,471613
2024-07-02,10.680000305175781,11.420000076293945,10.8100004196167,11.300000190734863,1048490
2024-07-03,11.300000190734863,11.649999618530273,10.739999771118164,10.9399995803833,442190
2024-07-04,10.9399995803833,11.25,11.0,11.020000457763672,268082
2024-07-07,11.020000457763672,11.229999542236328,10.8100004196167,11.15999984741211,175488
2024-07-08,11.15999984741211,11.25,10.84000015258789,11.039999961853027,230907
2024-07-09,11.039999961853027,11.100000381469727,10.8100004196167,11.029999732971191,109732
2024-07-10,11.029999732971191,11.109999656677246,10.569999694824219,10.869999885559082,100179
2024-07-14,10.869999885559082,10.930000305175781,10.699999809265137,10.869999885559082,25282
2024-07-15,10.869999885559082,10.800000190734863,10.359999656677246,10.479999542236328,75500
2024-07-16,10.479999542236328,10.800000190734863,10.380000114440918,10.630000114440918,109171
2024-07-17,10.630000114440918,10.760000228881836,10.550000190734863,10.680000305175781,67360
2024-07-18,10.680000305175781,11.069999694824219,10.729999542236328,10.859999656677246,141375
2024-07-21,10.859999656677246,11.050000190734863,10.829999923706055,10.90999984741211,247105
2024-07-22,10.90999984741211,11.170000076293945,10.90999984741211,10.949999809265137,183868
2024-07-23,10.949999809265137,11.199999809265137,10.850000381469727,11.119999885559082,158036
2024-07-24,11.119999885559082,11.989999771118164,11.119999885559082,11.229999542236328,437369
2024-07-28,11.229999542236328,11.350000381469727,11.0600004196167,11.140000343322754,78639
2024-07-29,11.140000343322754,11.449999809265137,11.050000190734863,11.140000343322754,111691
2024-07-30,11.140000343322754,11.75,11.020000457763672,11.699999809265137,655062
2024-07-31,11.699999809265137,11.949999809265137,11.569999694824219,11.680000305175781,376755
2024-08-01,11.680000305175781,11.880000114440918,11.600000381469727,11.619999885559082,138070
2024-08-04,11.619999885559082,11.449999809265137,10.199999809265137,11.0600004196167,279177
2024-08-05,11.0600004196167,11.0,10.069999694824219,10.510000228881836,291318
2024-08-06,10.510000228881836,11.5,10.399999618530273,11.220000267028809,299412
2024-08-07,11.220000267028809,11.430000305175781,11.0600004196167,11.359999656677246,178498
2024-08-08,11.359999656677246,11.300000190734863,11.100000381469727,11.170000076293945,63237
2024-08-11,11.170000076293945,11.5,11.100000381469727,11.239999771118164,138640
2024-08-12,11.239999771118164,11.5,11.180000305175781,11.229999542236328,151736
2024-08-13,11.229999542236328,11.319999694824219,11.010000228881836,11.119999885559082,111807
2024-08-14,11.119999885559082,11.899999618530273,11.020000457763672,11.510000228881836,1385679
2024-08-15,11.510000228881836,11.760000228881836,11.319999694824219,11.390000343322754,275545
2024-08-18,11.390000343322754,11.470000267028809,11.100000381469727,11.199999809265137,237947
2024-08-19,11.199999809265137,11.550000190734863,11.0,11.15999984741211,239691
2024-08-20,11.15999984741211,11.220000267028809,11.079999923706055,11.15999984741211,91492
2024-08-21,11.15999984741211,11.369999885559082,10.899999618530273,11.079999923706055,166175
2024-08-22,11.079999923706055,11.420000076293945,11.100000381469727,11.130000114440918,179077
2024-08-25,11.130000114440918,11.59000015258789,11.149999618530273,11.260000228881836,264608
2024-08-26,11.260000228881836,11.600000381469727,11.100000381469727,11.260000228881836,170304
2024-08-27,11.260000228881836,11.390000343322754,11.140000343322754,11.199999809265137,167037
2024-08-28,11.199999809265137,11.390000343322754,11.15999984741211,11.1899995803833,250700
2024-08-29,11.1899995803833,11.239999771118164,11.140000343322754,11.170000076293945,65656
2024-09-01,11.170000076293945,11.390000343322754,11.100000381469727,11.1899995803833,150661
2024-09-02,11.1899995803833,11.300000190734863,11.100000381469727,11.130000114440918,156233
2024-09-03,11.130000114440918,11.489999771118164,11.149999618530273,11.380000114440918,210758
2024-09-04,11.380000114440918,12.649999618530273,11.270000457763672,12.539999961853027,1660571
2024-09-05,12.539999961853027,13.670000076293945,12.550000190734863,13.510000228881836,1504378
2024-09-08,13.510000228881836,14.489999771118164,13.300000190734863,13.979999542236328,1178949
2024-09-09,13.979999542236328,14.890000343322754,13.920000076293945,14.579999923706055,1380547
2024-09-10,14.579999923706055,14.899999618530273,14.100000381469727,14.619999885559082,463953
2024-09-11,14.619999885559082,14.600000381469727,14.0,14.40999984741211,265492
2024-09-12,14.40999984741211,14.699999809265137,14.399999618530273,14.699999809265137,299179
2024-09-16,14.699999809265137,15.479999542236328,14.329999923706055,14.9399995803833,429973
2024-09-17,14.9399995803833,15.050000190734863,14.600000381469727,14.920000076293945,286217
2024-09-18,14.920000076293945,15.600000381469727,14.710000038146973,15.510000228881836,309625
2024-09-19,15.510000228881836,15.75,15.109999656677246,15.739999771118164,197393
2024-09-22,15.739999771118164,15.989999771118164,15.609999656677246,15.760000228881836,110429
2024-09-23,15.760000228881836,15.75,14.5,15.609999656677246,177398
2024-09-24,15.84000015258789,17.989999771118164,15.600000381469727,16.799999237060547,632799
2024-09-25,15.600000381469727,15.979999542236328,15.149999618530273,15.84000015258789,123150
2024-09-26,15.84000015258789,17.989999771118164,15.600000381469727,16.799999237060547,632799
2024-09-29,16.799999237060547,17.690000534057617,15.770000457763672,16.56999969482422,551444
2024-09-30,16.56999969482422,16.799999237060547,16.06999969482422,16.450000762939453,171795
2024-10-01,16.450000762939453,16.790000915527344,16.09000015258789,16.31999969482422,128577
2024-10-02,16.31999969482422,16.5,15.029999732971191,15.3100004196167,145141
2024-10-03,15.3100004196167,17.0,15.3100004196167,15.880000114440918,200555
2024-10-07,15.880000114440918,17.299999237060547,15.609999656677246,17.0,1824087
2024-10-08,17.0,19.75,17.200000762939453,19.0,1933930
2024-10-09,19.0,19.790000915527344,18.049999237060547,19.219999313354492,1002492
2024-10-10,19.219999313354492,19.3700008392334,15.5,18.6200008392334,1269024
2024-10-13,18.6200008392334,18.700000762939453,17.829999923706055,18.030000686645508,1283520
2024-10-14,18.030000686645508,20.5,17.549999237060547,19.010000228881836,3008011
2024-10-15,19.010000228881836,19.440000534057617,17.700000762939453,18.030000686645508,755233
2024-10-16,18.030000686645508,21.6299991607666,21.6299991607666,21.6299991607666,75959
2024-10-17,21.6299991607666,25.950000762939453,25.950000762939453,25.950000762939453,814554
2024-10-20,25.950000762939453,29.450000762939453,26.200000762939453,27.899999618530273,6353007
2024-10-21,27.899999618530273,28.5,27.25,27.309999465942383,2184909
2024-10-22,27.309999465942383,27.700000762939453,26.520000457763672,27.0,1057435
2024-10-23,27.0,27.5,26.56999969482422,26.75,442772
2024-10-24,26.75,27.1299991607666,26.65999984741211,26.790000915527344,334221
2024-10-27,26.790000915527344,27.299999237060547,26.799999237060547,27.049999237060547,302461
2024-10-28,27.049999237060547,27.290000915527344,26.850000381469727,27.0,173678
2024-10-29,27.0,27.09000015258789,26.799999237060547,26.809999465942383,248474
2024-10-30,26.809999465942383,26.950000762939453,26.75,26.829999923706055,82740
2024-10-31,26.829999923706055,26.889999389648438,26.65999984741211,26.860000610351562,120871
2024-11-03,26.860000610351562,27.09000015258789,26.809999465942383,26.850000381469727,161626
2024-11-04,26.850000381469727,27.0,26.729999542236328,26.809999465942383,66488
2024-11-05,26.809999465942383,27.0,26.75,26.8799991607666,176217
2024-11-06,26.8799991607666,27.0,26.790000915527344,26.81999969482422,165353
2024-11-07,26.81999969482422,28.190000534057617,26.799999237060547,27.360000610351562,1309910
2024-11-10,27.360000610351562,27.56999969482422,27.1200008392334,27.3700008392334,217870
2024-11-11,27.3700008392334,27.469999313354492,27.010000228881836,27.239999771118164,119443
2024-11-12,27.239999771118164,27.56999969482422,27.1200008392334,27.5,252198
2024-11-13,27.5,27.700000762939453,27.239999771118164,27.440000534057617,150518
2024-11-14,27.440000534057617,27.5,27.350000381469727,27.3700008392334,67058
2024-11-17,27.3700008392334,27.469999313354492,27.200000762939453,27.229999542236328,66354
2024-11-18,27.229999542236328,27.43000030517578,27.100000381469727,27.1299991607666,76390
2024-11-19,27.1299991607666,27.530000686645508,27.0,27.459999084472656,331264
2024-11-20,27.459999084472656,27.5,27.309999465942383,27.420000076293945,63688
2024-11-21,27.420000076293945,27.520000457763672,27.299999237060547,27.5,245069
2024-11-24,27.5,27.649999618530273,27.329999923706055,27.469999313354492,66082
2024-11-25,27.469999313354492,27.540000915527344,27.200000762939453,27.290000915527344,59084
2024-11-26,27.290000915527344,27.5,27.06999969482422,27.100000381469727,123359
2024-11-27,27.100000381469727,27.40999984741211,26.75,27.31999969482422,131992
2024-11-28,27.31999969482422,27.450000762939453,26.8700008392334,27.0,166822
2024-12-01,27.0,27.200000762939453,26.90999984741211,26.979999542236328,154233
2024-12-02,26.979999542236328,27.229999542236328,26.8700008392334,26.969999313354492,121606
2024-12-03,26.969999313354492,27.100000381469727,26.899999618530273,26.920000076293945,133844
2024-12-04,26.920000076293945,27.18000030517578,26.90999984741211,26.979999542236328,54191
2024-12-05,26.979999542236328,27.200000762939453,26.899999618530273,26.979999542236328,106763
2024-12-08,26.979999542236328,27.5,27.0,27.0,137743
2024-12-09,27.0,27.450000762939453,27.06999969482422,27.149999618530273,109779
2024-12-10,27.149999618530273,27.43000030517578,26.899999618530273,26.969999313354492,95759
2024-12-11,26.969999313354492,27.309999465942383,26.940000534057617,27.06999969482422,55294
2024-12-12,27.06999969482422,27.389999389648438,27.0,27.010000228881836,121337
2024-12-15,27.010000228881836,27.360000610351562,27.0,27.270000457763672,121264
2024-12-16,27.270000457763672,27.360000610351562,27.059999465942383,27.25,28743
2024-12-17,27.25,27.360000610351562,27.18000030517578,27.25,44614
2024-12-18,27.25,27.299999237060547,27.040000915527344,27.06999969482422,25331
2024-12-19,27.06999969482422,27.59000015258789,26.950000762939453,27.510000228881836,203173
2024-12-22,27.510000228881836,27.760000228881836,27.309999465942383,27.5,305211
2024-12-23,27.5,27.59000015258789,27.0,27.110000610351562,254535
2024-12-24,27.110000610351562,27.290000915527344,27.030000686645508,27.040000915527344,56390
2024-12-25,27.040000915527344,27.420000076293945,27.040000915527344,27.239999771118164,105527
2024-12-26,27.239999771118164,27.360000610351562,27.049999237060547,27.110000610351562,37538
2024-12-29,27.110000610351562,27.5,27.049999237060547,27.469999313354492,585513
2024-12-30,27.469999313354492,27.469999313354492,27.15999984741211,27.299999237060547,50678
2024-12-31,27.299999237060547,27.5,27.200000762939453,27.479999542236328,60124
2025-01-02,27.479999542236328,28.0,27.489999771118164,27.700000762939453,148726
2025-01-05,27.700000762939453,27.799999237060547,27.399999618530273,27.700000762939453,128726
2025-01-06,27.700000762939453,27.770000457763672,27.399999618530273,27.479999542236328,43164
2025-01-08,27.479999542236328,27.889999389648438,27.469999313354492,27.489999771118164,42696
2025-01-09,27.489999771118164,27.719999313354492,27.25,27.5,173573
2025-01-12,27.5,27.56999969482422,27.030000686645508,27.43000030517578,263921
2025-01-13,27.43000030517578,27.510000228881836,27.170000076293945,27.190000534057617,69565
2025-01-14,27.190000534057617,27.299999237060547,23.229999542236328,26.940000534057617,197148
2025-01-15,26.940000534057617,27.209999084472656,26.600000381469727,27.190000534057617,68170
2025-01-16,27.190000534057617,27.260000228881836,26.899999618530273,27.1200008392334,29832
2025-01-19,27.190000534057617,27.3799991607666,26.899999618530273,27.010000228881836,71628
2025-01-20,27.010000228881836,27.200000762939453,26.940000534057617,26.969999313354492,67420
2025-01-21,26.969999313354492,27.100000381469727,26.8799991607666,26.899999618530273,107014
2025-01-22,26.899999618530273,27.079999923706055,26.5,26.790000915527344,216379
2025-01-23,26.790000915527344,27.309999465942383,26.799999237060547,27.15999984741211,192086
2025-01-26,27.15999984741211,27.200000762939453,26.940000534057617,27.100000381469727,80817
2025-01-27,27.100000381469727,27.1299991607666,26.920000076293945,27.010000228881836,25432
2025-01-28,27.010000228881836,27.229999542236328,26.920000076293945,27.030000686645508,31320
2025-01-29,27.030000686645508,27.149999618530273,27.0,27.010000228881836,27937
2025-01-30,27.010000228881836,27.3799991607666,27.030000686645508,27.329999923706055,87814
2025-02-02,27.329999923706055,27.399999618530273,27.0,27.09000015258789,73384
2025-02-03,27.09000015258789,27.270000457763672,26.90999984741211,26.989999771118164,110985
2025-02-04,26.989999771118164,27.1299991607666,26.899999618530273,26.979999542236328,80970
2025-02-05,26.979999542236328,27.18000030517578,26.799999237060547,27.049999237060547,53628
2025-02-06,27.049999237060547,27.600000381469727,27.0,27.280000686645508,231073
2025-02-09,27.280000686645508,27.5,23.329999923706055,23.479999542236328,297146
2025-02-10,23.479999542236328,27.280000686645508,26.270000457763672,26.3700008392334,565010
2025-02-11,26.3700008392334,26.809999465942383,25.0,25.0,279179
2025-02-12,25.0,26.8799991607666,25.100000381469727,26.09000015258789,275502
2025-02-13,26.09000015258789,26.5,25.850000381469727,26.1200008392334,152895
2025-02-16,26.1200008392334,27.299999237060547,26.200000762939453,27.200000762939453,183319
2025-02-17,27.200000762939453,27.579999923706055,27.079999923706055,27.5,288972
2025-02-18,27.5,27.489999771118164,26.399999618530273,27.059999465942383,112112
2025-02-19,27.059999465942383,27.350000381469727,27.0,27.0,109073
2025-02-20,27.0,27.5,26.950000762939453,27.489999771118164,338468
2025-02-23,27.489999771118164,27.5,27.110000610351562,27.5,477746
2025-02-24,27.5,27.690000534057617,27.0,27.010000228881836,159686
2025-02-25,27.010000228881836,27.459999084472656,27.040000915527344,27.299999237060547,103866
2025-02-26,27.299999237060547,27.43000030517578,27.06999969482422,27.1200008392334,59304
2025-02-27,27.1200008392334,27.299999237060547,26.950000762939453,27.0,167055
2025-03-02,27.0,27.459999084472656,27.049999237060547,27.09000015258789,159924
2025-03-03,27.09000015258789,27.200000762939453,27.079999923706055,27.100000381469727,132708
2025-03-04,27.100000381469727,27.200000762939453,27.049999237060547,27.18000030517578,61737
2025-03-05,27.18000030517578,27.3700008392334,27.110000610351562,27.25,200649
2025-03-06,27.25,27.579999923706055,27.25,27.5,167499
2025-03-09,27.5,27.489999771118164,27.0,27.030000686645508,137619
2025-03-10,27.030000686645508,27.100000381469727,26.549999237060547,26.760000228881836,149116
2025-03-11,26.760000228881836,26.950000762939453,26.700000762939453,26.850000381469727,78393
2025-03-12,26.850000381469727,27.239999771118164,26.799999237060547,27.239999771118164,114297
2025-03-13,27.239999771118164,27.200000762939453,26.610000610351562,26.760000228881836,153557
2025-03-16,26.760000228881836,26.989999771118164,26.610000610351562,26.93000030517578,28113
2025-03-17,26.93000030517578,26.979999542236328,26.639999389648438,26.690000534057617,86351
2025-03-18,26.690000534057617,26.700000762939453,26.309999465942383,26.479999542236328,104113
2025-03-19,26.479999542236328,26.8799991607666,26.3700008392334,26.5,54081
2025-03-20,26.5,26.940000534057617,26.3700008392334,26.6299991607666,51510
2025-03-23,26.6299991607666,26.8799991607666,26.219999313354492,26.469999313354492,144564
2025-03-24,26.469999313354492,26.690000534057617,26.350000381469727,26.399999618530273,29141
2025-03-25,26.399999618530273,26.600000381469727,26.1200008392334,26.239999771118164,47216
2025-03-26,26.239999771118164,26.450000762939453,25.899999618530273,26.0,126752
2025-03-27,26.0,26.459999084472656,26.0,26.18000030517578,39943
2025-04-03,26.18000030517578,27.200000762939453,26.1200008392334,27.139999389648438,123674
2025-04-06,27.139999389648438,26.799999237060547,25.290000915527344,26.290000915527344,111095
2025-04-07,26.290000915527344,26.25,25.229999542236328,26.09000015258789,59051
2025-04-08,26.09000015258789,26.200000762939453,25.530000686645508,25.940000534057617,56331
2025-04-09,25.940000534057617,25.770000457763672,23.559999465942383,23.989999771118164,286004
2025-04-10,23.989999771118164,24.989999771118164,23.420000076293945,23.649999618530273,372474
2025-04-13,23.649999618530273,23.729999542236328,20.200000762939453,22.8799991607666,728716
2025-04-14,22.8799991607666,23.0,22.459999084472656,22.780000686645508,216838
2025-04-15,22.780000686645508,22.75,22.299999237060547,22.40999984741211,183164
2025-04-16,22.40999984741211,22.68000030517578,22.399999618530273,22.459999084472656,103251
2025-04-17,22.459999084472656,22.59000015258789,22.399999618530273,22.450000762939453,97618
2025-04-22,22.450000762939453,22.649999618530273,22.40999984741211,22.5,114167
2025-04-23,22.5,23.190000534057617,22.56999969482422,23.040000915527344,195255
2025-04-27,23.040000915527344,23.850000381469727,23.09000015258789,23.469999313354492,136162
2025-04-28,23.469999313354492,23.5,23.229999542236328,23.299999237060547,56341
2025-04-29,23.299999237060547,23.399999618530273,22.860000610351562,22.989999771118164,217534
2025-04-30,22.989999771118164,23.200000762939453,22.799999237060547,22.969999313354492,306539
2025-05-04,22.969999313354492,23.34000015258789,22.559999465942383,22.780000686645508,201879
2025-05-05,22.780000686645508,22.920000076293945,22.399999618530273,22.459999084472656,169061
2025-05-06,22.459999084472656,22.799999237060547,22.399999618530273,22.719999313354492,255484
2025-05-07,22.719999313354492,24.950000762939453,22.709999084472656,23.399999618530273,1130351
2025-05-08,23.399999618530273,23.690000534057617,22.780000686645508,22.90999984741211,183836
2025-05-11,22.90999984741211,23.68000030517578,22.799999237060547,22.93000030517578,92739
2025-05-12,22.93000030517578,23.0,22.5,22.540000915527344,150459
2025-05-13,22.540000915527344,22.84000015258789,22.420000076293945,22.450000762939453,108294
2025-05-14,22.450000762939453,22.649999618530273,22.239999771118164,22.309999465942383,102048
2025-05-15,22.309999465942383,22.479999542236328,22.239999771118164,22.399999618530273,105351
2025-05-18,22.399999618530273,23.389999389648438,22.309999465942383,22.399999618530273,238704
2025-05-19,22.399999618530273,22.700000762939453,22.170000076293945,22.270000457763672,77414
2025-05-20,22.270000457763672,22.5,22.219999313354492,22.270000457763672,95984
2025-05-21,22.270000457763672,22.59000015258789,22.309999465942383,22.489999771118164,138034
2025-05-22,22.489999771118164,21.850000381469727,21.049999237060547,21.59000015258789,76563
2025-05-25,21.59000015258789,21.780000686645508,21.450000762939453,21.5,138435
2025-05-26,21.5,21.68000030517578,21.5,21.5,39336
2025-05-27,21.5,21.600000381469727,21.360000610351562,21.440000534057617,64970
2025-05-28,21.440000534057617,21.600000381469727,21.399999618530273,21.420000076293945,72944
2025-05-29,21.420000076293945,21.59000015258789,21.209999084472656,21.360000610351562,98852
2025-06-01,21.360000610351562,21.549999237060547,21.049999237060547,21.229999542236328,18024
2025-06-02,21.229999542236328,21.399999618530273,21.100000381469727,21.139999389648438,43355
2025-06-03,21.139999389648438,21.360000610351562,20.799999237060547,21.190000534057617,199315
2025-06-04,21.190000534057617,21.190000534057617,20.899999618530273,21.030000686645508,28125
2025-06-10,21.030000686645508,21.270000457763672,20.93000030517578,21.020000457763672,99777
2025-06-11,21.020000457763672,21.139999389648438,20.799999237060547,20.809999465942383,99551
2025-06-12,20.809999465942383,20.899999618530273,20.25,20.280000686645508,113858
2025-06-15,20.280000686645508,19.989999771118164,18.5,19.559999465942383,158973
2025-06-16,19.559999465942383,19.979999542236328,19.0,19.399999618530273,127526
2025-06-17,19.399999618530273,19.399999618530273,18.6200008392334,18.709999084472656,56764
2025-06-18,18.709999084472656,18.8700008392334,18.5,18.829999923706055,109280
2025-06-19,18.829999923706055,18.84000015258789,18.399999618530273,18.600000381469727,46478
2025-06-22,18.600000381469727,18.770000457763672,18.049999237060547,18.489999771118164,81760
2025-06-23,18.489999771118164,21.399999618530273,18.610000610351562,20.06999969482422,1289925
2025-06-24,20.06999969482422,20.479999542236328,19.68000030517578,19.809999465942383,373789
2025-06-25,19.809999465942383,20.59000015258789,19.889999389648438,20.389999389648438,699335
2025-06-29,20.389999389648438,21.950000762939453,20.43000030517578,20.989999771118164,608489
2025-06-30,20.989999771118164,21.3700008392334,20.649999618530273,20.690000534057617,101185
2025-07-01,20.690000534057617,21.0,20.40999984741211,20.459999084472656,52959
2025-07-02,20.459999084472656,21.049999237060547,20.530000686645508,20.829999923706055,100967
2025-07-06,20.829999923706055,21.0,20.600000381469727,20.670000076293945,82067
2025-07-07,20.670000076293945,21.350000381469727,20.0,21.25,324934
2025-07-09,21.25,21.68000030517578,20.540000915527344,21.479999542236328,179781
2025-07-10,21.479999542236328,21.68000030517578,21.0,21.030000686645508,180549
2025-07-13,21.030000686645508,21.420000076293945,20.799999237060547,20.829999923706055,86495
2025-07-14,20.829999923706055,20.950000762939453,20.530000686645508,20.65999984741211,79038
2025-07-15,20.65999984741211,20.81999969482422,20.34000015258789,20.420000076293945,244549
2025-07-16,20.420000076293945,20.690000534057617,20.34000015258789,20.3700008392334,77758
2025-07-17,20.3700008392334,21.020000457763672,20.149999618530273,20.950000762939453,561620
2025-07-20,20.950000762939453,22.600000381469727,20.799999237060547,21.6200008392334,653077
2025-07-21,21.6200008392334,21.729999542236328,21.229999542236328,21.360000610351562,186878
2025-07-22,21.360000610351562,21.549999237060547,20.799999237060547,20.850000381469727,83206
2025-07-23,20.850000381469727,20.850000381469727,20.850000381469727,20.850000381469727,0
2025-07-27,20.780000686645508,21.229999542236328,20.6200008392334,21.200000762939453,334974
2025-07-28,21.200000762939453,22.200000762939453,21.059999465942383,21.850000381469727,963329
2025-07-29,21.850000381469727,22.290000915527344,21.299999237060547,22.170000076293945,626723
2025-07-30,22.170000076293945,22.200000762939453,21.510000228881836,21.670000076293945,183099
2025-07-31,21.670000076293945,21.959999084472656,21.31999969482422,21.559999465942383,67691
2025-08-03,21.559999465942383,21.559999465942383,21.559999465942383,21.559999465942383,0
2025-08-04,21.559999465942383,21.559999465942383,21.559999465942383,21.559999465942383,0
2025-08-05,21.559999465942383,21.559999465942383,21.559999465942383,21.559999465942383,0
2025-08-06,21.559999465942383,21.559999465942383,21.559999465942383,21.559999465942383,0
2025-08-07,21.559999465942383,21.559999465942383,21.559999465942383,21.559999465942383,0
2025-08-10,21.559999465942383,21.670000076293945,21.25,21.329999923706055,174552
2025-08-11,21.329999923706055,21.5,21.030000686645508,21.1299991607666,108401
2025-08-12,21.1299991607666,21.700000762939453,21.020000457763672,21.170000076293945,106819
2025-08-13,21.170000076293945,21.34000015258789,21.020000457763672,21.100000381469727,56805
2025-08-14,21.100000381469727,21.469999313354492,20.799999237060547,20.989999771118164,235157
2025-08-17,20.989999771118164,21.299999237060547,20.790000915527344,20.829999923706055,78745
2025-08-18,20.829999923706055,21.0,20.610000610351562,20.6299991607666,143700
2025-08-19,20.6299991607666,20.850000381469727,20.5,20.520000457763672,175893
2025-08-20,20.520000457763672,20.799999237060547,20.350000381469727,20.489999771118164,76923
2025-08-21,20.489999771118164,20.760000228881836,20.299999237060547,20.389999389648438,138567
2025-08-24,20.389999389648438,20.600000381469727,20.200000762939453,20.299999237060547,98478
2025-08-25,20.299999237060547,20.479999542236328,20.200000762939453,20.260000228881836,114976
2025-08-26,20.260000228881836,20.469999313354492,20.149999618530273,20.170000076293945,82191
2025-08-27,20.170000076293945,20.399999618530273,20.0,20.1299991607666,174259
2025-08-28,20.1299991607666,20.3700008392334,20.0,20.239999771118164,63316
2025-08-31,20.239999771118164,20.489999771118164,20.170000076293945,20.200000762939453,68081
2025-09-01,20.200000762939453,20.489999771118164,20.010000228881836,20.100000381469727,36110
2025-09-02,20.100000381469727,20.329999923706055,20.0,20.09000015258789,56252
2025-09-03,20.09000015258789,20.329999923706055,19.90999984741211,20.0,80630
2025-09-07,20.0,20.110000610351562,19.899999618530273,20.0,12066
2025-09-08,20.0,20.049999237060547,19.829999923706055,19.84000015258789,84784
2025-09-09,19.84000015258789,20.0,19.809999465942383,19.940000534057617,35255
2025-09-10,19.940000534057617,20.040000915527344,19.809999465942383,19.940000534057617,13918
2025-09-11,19.940000534057617,20.579999923706055,20.049999237060547,20.15999984741211,68665
2025-09-14,20.15999984741211,20.479999542236328,20.040000915527344,20.06999969482422,26579
2025-09-15,20.06999969482422,20.329999923706055,19.790000915527344,19.81999969482422,160752
2025-09-16,19.81999969482422,20.200000762939453,19.709999084472656,19.809999465942383,74341
2025-09-17,19.809999465942383,20.100000381469727,19.610000610351562,19.719999313354492,44853
2025-09-18,19.719999313354492,19.950000762939453,19.739999771118164,19.8799991607666,27729
2025-09-21,19.8799991607666,20.25,19.899999618530273,19.959999084472656,38625
2025-09-22,19.959999084472656,20.18000030517578,19.899999618530273,19.950000762939453,53322
2025-09-23,19.950000762939453,20.190000534057617,19.950000762939453,19.969999313354492,75341
2025-09-24,19.969999313354492,22.0,20.0,20.5,9549682
2025-09-25,20.5,21.200000762939453,20.709999084472656,21.049999237060547,454385
2025-09-28,21.049999237060547,21.190000534057617,20.6200008392334,20.760000228881836,61491
2025-09-29,20.760000228881836,21.34000015258789,20.639999389648438,21.06999969482422,136057
2025-09-30,21.06999969482422,21.690000534057617,21.0,21.6200008392334,154493
2025-10-01,21.6200008392334,21.690000534057617,20.940000534057617,21.0,351193
2025-10-02,21.0,21.399999618530273,20.850000381469727,21.34000015258789,196516
2025-10-05,21.34000015258789,21.489999771118164,21.100000381469727,21.329999923706055,84997
2025-10-06,21.329999923706055,22.0,21.25,21.809999465942383,330866
2025-10-07,21.809999465942383,21.850000381469727,21.420000076293945,21.520000457763672,122167
2025-10-08,21.520000457763672,22.0,21.31999969482422,21.90999984741211,406536
2025-10-12,21.90999984741211,22.100000381469727,21.520000457763672,22.06999969482422,219464
2025-10-13,22.06999969482422,22.75,22.020000457763672,22.739999771118164,822152
2025-10-14,22.739999771118164,22.799999237060547,22.299999237060547,22.469999313354492,261546
2025-10-15,22.469999313354492,22.649999618530273,22.270000457763672,22.309999465942383,62003
2025-10-16,22.309999465942383,22.5,21.549999237060547,22.079999923706055,169934
2025-10-19,22.079999923706055,22.049999237060547,21.719999313354492,21.850000381469727,73657
2025-10-20,21.850000381469727,22.040000915527344,21.799999237060547,22.040000915527344,81633
2025-10-21,22.040000915527344,22.5,21.8799991607666,22.139999389648438,99891
2025-10-22,22.139999389648438,22.520000457763672,22.049999237060547,22.270000457763672,71299
2025-10-23,22.270000457763672,22.540000915527344,22.25,22.5,102549
2025-10-26,22.5,23.280000686645508,22.149999618530273,22.40999984741211,899805
2025-10-27,22.40999984741211,22.739999771118164,21.950000762939453,22.190000534057617,462268
2025-10-28,22.190000534057617,22.399999618530273,21.899999618530273,22.0,153664
2025-10-29,22.0,22.280000686645508,21.950000762939453,22.270000457763672,406281
2025-10-30,22.270000457763672,22.799999237060547,22.100000381469727,22.649999618530273,690930
2025-11-02,22.649999618530273,23.65999984741211,22.600000381469727,23.5,1102515
2025-11-03,23.5,23.979999542236328,23.549999237060547,23.8700008392334,547021
2025-11-04,23.8700008392334,24.0,23.270000457763672,23.549999237060547,262996
2025-11-05,23.549999237060547,24.399999618530273,22.950000762939453,23.110000610351562,286228
2025-11-06,23.110000610351562,23.75,23.110000610351562,23.610000610351562,154466
2025-11-09,23.610000610351562,23.889999389648438,23.399999618530273,23.520000457763672,118127
2025-11-10,23.520000457763672,23.739999771118164,23.299999237060547,23.450000762939453,107526
2025-11-11,23.450000762939453,23.799999237060547,23.5,23.520000457763672,101372
2025-11-12,23.520000457763672,23.790000915527344,23.489999771118164,23.729999542236328,31265
2025-11-13,23.729999542236328,23.979999542236328,23.56999969482422,23.59000015258789,58440
2025-11-16,23.59000015258789,23.84000015258789,23.420000076293945,23.469999313354492,59073
2025-11-17,23.469999313354492,23.780000686645508,23.450000762939453,23.6200008392334,108962
2025-11-18,23.6200008392334,23.670000076293945,20.81999969482422,22.799999237060547,260357
2025-11-19,22.799999237060547,23.200000762939453,22.799999237060547,23.020000457763672,131099
2025-11-20,23.020000457763672,23.229999542236328,21.510000228881836,23.139999389648438,140871
2025-11-23,23.139999389648438,23.290000915527344,23.0,23.049999237060547,63135
2025-11-24,23.049999237060547,23.25,22.799999237060547,23.0,162390
2025-11-25,23.0,23.399999618530273,22.809999465942383,23.139999389648438,114120
2025-11-26,23.139999389648438,23.5,23.0,23.260000228881836,143300
2025-11-27,23.260000228881836,23.5,23.100000381469727,23.309999465942383,68723
2025-11-30,23.309999465942383,24.0,23.06999969482422,23.6200008392334,204145
2025-12-01,23.6200008392334,23.989999771118164,23.600000381469727,23.65999984741211,30822
2025-12-02,23.65999984741211,23.940000534057617,23.6200008392334,23.700000762939453,61578
2025-12-03,23.700000762939453,23.940000534057617,23.68000030517578,23.790000915527344,68516
2025-12-04,23.790000915527344,23.799999237060547,23.5,23.520000457763672,75450
2025-12-07,23.520000457763672,23.93000030517578,23.5,23.809999465942383,77945
2025-12-08,23.809999465942383,23.93000030517578,23.6200008392334,23.850000381469727,108929
2025-12-09,23.850000381469727,23.979999542236328,23.559999465942383,23.899999618530273,24280
2025-12-10,23.899999618530273,24.0,23.790000915527344,23.989999771118164,54618
2025-12-11,23.989999771118164,24.0,23.719999313354492,23.790000915527344,40534
2025-12-14,23.790000915527344,24.799999237060547,23.719999313354492,24.520000457763672,382690
2025-12-15,24.520000457763672,26.0,23.860000610351562,25.649999618530273,868382
2025-12-16,25.649999618530273,25.940000534057617,25.110000610351562,25.75,193030
2025-12-17,25.75,25.979999542236328,25.309999465942383,25.43000030517578,119210
2025-12-18,25.43000030517578,25.700000762939453,25.049999237060547,25.469999313354492,58069
2025-12-21,25.469999313354492,25.799999237060547,25.399999618530273,25.600000381469727,53769
2025-12-22,25.600000381469727,26.100000381469727,25.6200008392334,25.780000686645508,134543
2025-12-23,25.780000686645508,26.75,25.700000762939453,26.700000762939453,251522
2025-12-24,26.700000762939453,27.06999969482422,26.170000076293945,26.719999313354492,214926
2025-12-25,26.719999313354492,26.899999618530273,26.34000015258789,26.420000076293945,54793
2025-12-28,26.420000076293945,26.700000762939453,26.299999237060547,26.43000030517578,42059
2025-12-29,26.43000030517578,26.600000381469727,26.010000228881836,26.200000762939453,14881
2025-12-30,26.200000762939453,26.520000457763672,26.100000381469727,26.209999084472656,77978
2025-12-31,26.209999084472656,26.979999542236328,25.799999237060547,26.020000457763672,52198
2026-01-04,26.020000457763672,26.8799991607666,25.0,25.649999618530273,112076
2026-01-05,25.649999618530273,25.989999771118164,25.200000762939453,25.260000228881836,68598
2026-01-06,25.260000228881836,26.0,25.299999237060547,25.65999984741211,239135
2026-01-08,25.65999984741211,26.43000030517578,25.709999084472656,25.90999984741211,48313
2026-01-11,25.90999984741211,26.8799991607666,25.649999618530273,25.940000534057617,119636
2026-01-12,25.940000534057617,26.399999618530273,25.510000228881836,25.969999313354492,65886
2026-01-13,25.969999313354492,25.969999313354492,25.5,25.549999237060547,69536
2026-01-14,25.549999237060547,26.0,25.09000015258789,25.110000610351562,103603
2026-01-15,25.110000610351562,25.549999237060547,25.030000686645508,25.100000381469727,44277
2026-01-18,25.100000381469727,25.790000915527344,25.270000457763672,25.440000534057617,63828
2026-01-19,25.440000534057617,25.8799991607666,25.40999984741211,25.700000762939453,46479
2026-01-20,25.700000762939453,26.34000015258789,25.799999237060547,26.020000457763672,141725
2026-01-21,26.020000457763672,26.350000381469727,25.639999389648438,25.940000534057617,103696
2026-01-22,25.940000534057617,26.350000381469727,25.399999618530273,25.420000076293945,172826
2026-01-25,25.420000076293945,25.899999618530273,25.399999618530273,25.770000457763672,30662
2026-01-26,25.770000457763672,25.889999389648438,25.0,25.010000228881836,141797
2026-01-27,25.010000228881836,25.149999618530273,24.799999237060547,24.959999084472656,25135
2026-01-28,24.959999084472656,25.1200008392334,24.579999923706055,24.940000534057617,50570
2026-02-01,24.940000534057617,25.200000762939453,24.600000381469727,24.989999771118164,45795
2026-02-02,24.989999771118164,25.09000015258789,24.239999771118164,24.940000534057617,31323
2026-02-03,24.940000534057617,25.040000915527344,24.690000534057617,24.81999969482422,67189
2026-02-04,24.81999969482422,25.479999542236328,24.81999969482422,25.020000457763672,50258
2026-02-05,25.020000457763672,25.420000076293945,24.979999542236328,25.360000610351562,105207
2026-02-08,25.360000610351562,27.5,25.049999237060547,26.510000228881836,728827
2026-02-09,26.510000228881836,26.649999618530273,26.020000457763672,26.200000762939453,136803
2026-02-10,26.200000762939453,26.700000762939453,25.649999618530273,25.93000030517578,247016
2026-02-11,25.93000030517578,26.350000381469727,25.510000228881836,25.65999984741211,87861
2026-02-12,25.65999984741211,26.350000381469727,25.549999237060547,25.969999313354492,54366
2026-02-15,25.969999313354492,26.25,25.809999465942383,26.020000457763672,63931
2026-02-16,26.020000457763672,26.149999618530273,25.600000381469727,25.760000228881836,31434
2026-02-17,25.760000228881836,25.959999084472656,25.549999237060547,25.649999618530273,41866
2026-02-18,25.649999618530273,25.850000381469727,25.600000381469727,25.809999465942383,27719
2026-02-19,25.809999465942383,25.979999542236328,25.299999237060547,25.549999237060547,22882
2026-02-22,25.549999237060547,25.299999237060547,24.40999984741211,24.709999084472656,55258
2026-02-23,24.709999084472656,25.239999771118164,24.549999237060547,24.729999542236328,43295
2026-02-24,24.729999542236328,24.989999771118164,24.709999084472656,24.850000381469727,18920
2026-02-25,24.850000381469727,24.850000381469727,24.010000228881836,24.15999984741211,22451
2026-02-26,24.15999984741211,25.399999618530273,23.799999237060547,24.979999542236328,64735
2026-03-01,24.979999542236328,24.649999618530273,22.049999237060547,23.950000762939453,64838
2026-03-02,23.950000762939453,24.25,23.709999084472656,23.959999084472656,80200
2026-03-03,23.959999084472656,24.520000457763672,23.75,24.010000228881836,24896
2026-03-04,24.010000228881836,24.5,23.90999984741211,24.389999389648438,29807
2026-03-05,24.389999389648438,24.690000534057617,24.079999923706055,24.440000534057617,23952
2026-03-08,24.440000534057617,24.690000534057617,23.5,23.510000228881836,199270
2026-03-09,23.510000228881836,24.0,23.0,23.149999618530273,109383
2026-03-10,23.149999618530273,24.34000015258789,22.670000076293945,23.510000228881836,48454
2026-03-11,23.510000228881836,24.190000534057617,23.510000228881836,23.739999771118164,17721
2026-03-12,23.739999771118164,24.0,23.700000762939453,23.739999771118164,12161
2026-03-15,23.739999771118164,24.0,23.920000076293945,23.959999084472656,24151
2026-03-16,23.959999084472656,24.239999771118164,23.5,23.760000228881836,15831
2026-03-17,23.760000228881836,24.25,23.75,24.06999969482422,50461
2026-03-18,24.06999969482422,24.200000762939453,23.719999313354492,24.0,16618
2026-03-19,24.0,24.0,24.0,24.0,0
2026-03-24,24.0,24.09000015258789,23.5,24.010000228881836,60787
2026-03-25,24.010000228881836,24.5,23.559999465942383,24.25,50394
2026-03-26,24.25,24.489999771118164,24.0,24.010000228881836,35955
2026-03-29,24.010000228881836,24.489999771118164,23.8700008392334,23.989999771118164,33462
2026-03-30,23.989999771118164,24.25,23.5,23.700000762939453,23436
2026-03-31,23.700000762939453,23.90999984741211,23.200000762939453,23.270000457763672,24197
2026-04-01,23.270000457763672,24.459999084472656,23.280000686645508,24.329999923706055,53672
2026-04-02,24.329999923706055,24.399999618530273,23.510000228881836,24.1200008392334,42043
2026-04-05,24.1200008392334,24.3799991607666,24.049999237060547,24.1200008392334,4304
2026-04-06,24.1200008392334,24.3700008392334,23.559999465942383,23.889999389648438,26270
2026-04-07,23.889999389648438,24.0,23.520000457763672,23.760000228881836,38572
2026-04-08,23.760000228881836,24.290000915527344,23.709999084472656,23.75,194532
2026-04-09,23.75,23.989999771118164,23.65999984741211,23.709999084472656,51721
2026-04-14,23.709999084472656,24.989999771118164,23.549999237060547,24.1299991607666,772386
2026-04-15,24.1299991607666,24.950000762939453,24.40999984741211,24.899999618530273,252111
2026-04-16,24.899999618530273,25.309999465942383,24.899999618530273,24.940000534057617,116786
2026-04-19,24.940000534057617,25.65999984741211,25.0,25.34000015258789,136714
2026-04-20,25.34000015258789,25.600000381469727,25.079999923706055,25.329999923706055,129959
2026-04-21,25.329999923706055,25.600000381469727,25.15999984741211,25.219999313354492,81971
2026-04-22,25.219999313354492,25.5,24.700000762939453,24.860000610351562,135681
2026-04-23,24.860000610351562,25.0,24.799999237060547,24.809999465942383,58430
2026-04-26,24.809999465942383,25.100000381469727,24.799999237060547,24.829999923706055,96508
2026-04-27,24.829999923706055,25.389999389648438,24.829999923706055,24.950000762939453,26419
2026-04-28,24.950000762939453,24.950000762939453,24.799999237060547,24.81999969482422,66830
2026-04-29,24.81999969482422,25.0,24.799999237060547,24.920000076293945,51388
2026-04-30,24.920000076293945,25.18000030517578,24.809999465942383,25.030000686645508,55813
2026-05-03,25.030000686645508,25.5,24.700000762939453,25.290000915527344,90633
2026-05-04,25.290000915527344,25.450000762939453,25.049999237060547,25.149999618530273,90062
2026-05-05,25.149999618530273,25.25,24.5,24.84000015258789,85509
2026-05-06,24.84000015258789,25.0,24.75,24.8700008392334,40372
2026-05-10,24.8700008392334,25.489999771118164,25.0,25.139999389648438,54917
2026-05-11,25.139999389648438,25.600000381469727,25.020000457763672,25.260000228881836,143751
2026-05-12,25.260000228881836,26.399999618530273,25.200000762939453,26.0,382192
2026-05-13,26.0,26.489999771118164,25.549999237060547,25.84000015258789,113765
2026-05-14,25.84000015258789,26.25,25.6200008392334,25.75,101654
2026-05-17,25.75,26.299999237060547,25.760000228881836,26.020000457763672,92516
2026-05-18,26.020000457763672,26.25,25.510000228881836,25.65999984741211,53371
2026-05-19,25.65999984741211,25.920000076293945,25.459999084472656,25.709999084472656,41921
2026-05-20,25.709999084472656,25.90999984741211,25.450000762939453,25.489999771118164,42297
2026-05-21,25.489999771118164,25.5,24.75,24.940000534057617,46762
2026-05-24,24.940000534057617,25.899999618530273,25.110000610351562,25.479999542236328,64740
2026-05-25,25.479999542236328,25.850000381469727,25.209999084472656,25.450000762939453,59750
2026-05-26,25.450000762939453,25.450000762939453,25.450000762939453,25.450000762939453,0
2026-05-27,25.450000762939453,25.450000762939453,25.450000762939453,25.450000762939453,0
2026-05-28,25.450000762939453,25.450000762939453,25.450000762939453,25.450000762939453,0
2026-06-01,25.450000762939453,26.0,25.020000457763672,25.459999084472656,75682
2026-06-02,25.459999084472656,25.690000534057617,25.200000762939453,25.25,84501
2026-06-03,25.25,25.56999969482422,24.90999984741211,25.0,98834
2026-06-04,25.0,25.260000228881836,24.700000762939453,24.959999084472656,60513
2026-06-07,24.959999084472656,25.25,24.450000762939453,24.510000228881836,172469
2026-06-08,24.510000228881836,24.68000030517578,24.239999771118164,24.469999313354492,32386
2026-06-09,24.469999313354492,25.25,24.420000076293945,24.68000030517578,112984
2026-06-10,24.68000030517578,25.049999237060547,24.030000686645508,24.049999237060547,207722
2026-06-11,24.049999237060547,24.420000076293945,23.700000762939453,23.90999984741211,80858
2026-06-14,23.90999984741211,24.719999313354492,24.209999084472656,24.329999923706055,69313
2026-06-15,24.329999923706055,24.700000762939453,24.229999542236328,24.350000381469727,23624
2026-06-16,24.350000381469727,24.5,24.260000228881836,24.469999313354492,26332
2026-06-17,24.469999313354492,24.469999313354492,24.469999313354492,24.469999313354492,0
2026-06-18,24.469999313354492,24.469999313354492,24.469999313354492,24.469999313354492,0
2026-06-21,25.6299991607666,26.299999237060547,25.75,26.190000534057617,242947
2026-06-22,26.190000534057617,26.190000534057617,26.190000534057617,26.190000534057617,0
2026-06-23,26.5,27.799999237060547,26.5,27.40999984741211,899084
2026-06-24,27.40999984741211,27.700000762939453,27.25,27.360000610351562,196632
2026-06-25,27.360000610351562,27.469999313354492,26.899999618530273,26.90999984741211,312775
2026-06-28,26.90999984741211,27.360000610351562,26.350000381469727,26.59000015258789,108975
2026-06-29,26.59000015258789,26.979999542236328,26.059999465942383,26.860000610351562,119177
2026-06-30,26.860000610351562,27.139999389648438,26.510000228881836,26.950000762939453,76732
2026-07-01,26.950000762939453,27.5,26.770000457763672,27.229999542236328,152975
2026-07-05,27.229999542236328,27.5,27.100000381469727,27.209999084472656,142134
2026-07-06,27.209999084472656,27.829999923706055,27.1200008392334,27.299999237060547,578342
2026-07-07,27.299999237060547,27.690000534057617,27.010000228881836,27.1200008392334,116478
2026-07-08,27.1200008392334,27.34000015258789,26.729999542236328,26.75,162853
2026-07-09,26.75,27.190000534057617,26.65999984741211,26.93000030517578,129339
2026-07-12,26.93000030517578,27.200000762939453,26.6200008392334,26.90999984741211,113158
2026-07-13,26.90999984741211,27.170000076293945,26.709999084472656,27.040000915527344,59680
2026-07-14,27.040000915527344,27.0,26.719999313354492,26.81999969482422,55769
2026-07-15,26.81999969482422,27.0,26.350000381469727,26.489999771118164,136917
2026-07-16,26.489999771118164,27.06999969482422,26.559999465942383,27.030000686645508,81652
2026-07-19,27.030000686645508,27.139999389648438,26.600000381469727,26.739999771118164,82644
2026-07-20,26.739999771118164,26.989999771118164,26.600000381469727,26.68000030517578,43804
2026-07-21,26.68000030517578,26.899999618530273,26.600000381469727,26.68000030517578,45986
2026-07-22,26.68000030517578,26.950000762939453,26.65999984741211,26.860000610351562,55013
2026-07-26,26.860000610351562,27.200000762939453,26.799999237060547,27.020000457763672,124582
2026-07-27,27.020000457763672,27.25,26.6299991607666,27.0,99091
2026-07-28,27.0,27.139999389648438,26.760000228881836,26.799999237060547,51547
2026-07-29,26.799999237060547,26.93000030517578,26.5,26.520000457763672,63686
2026-07-30,26.520000457763672,26.68000030517578,26.360000610351562,26.549999237060547,85372
