date,open,high,low,close,volume
2015-04-02,10.75,11.399999618530273,10.399999618530273,10.744999885559082,25254522
2015-04-05,10.744999885559082,10.845000267028809,10.260000228881836,10.619999885559082,2680466
2015-04-06,10.619999885559082,10.920000076293945,10.399999618530273,10.555000305175781,849116
2015-04-07,10.555000305175781,11.609999656677246,10.579999923706055,11.329999923706055,1770874
2015-04-08,11.329999923706055,12.460000038146973,11.335000038146973,12.255000114440918,1352742
2015-04-09,12.255000114440918,12.0,11.574999809265137,11.78499984741211,926082
2015-04-14,11.78499984741211,12.744999885559082,11.649999618530273,12.095000267028809,1185240
2015-04-15,12.095000267028809,13.0,12.399999618530273,12.699999809265137,3772512
2015-04-16,12.699999809265137,12.994999885559082,12.75,12.8100004196167,933180
2015-04-19,12.8100004196167,13.125,12.765000343322754,12.835000038146973,89458
2015-04-20,12.835000038146973,12.970000267028809,12.585000038146973,12.725000381469727,308098
2015-04-21,12.725000381469727,12.845000267028809,12.5,12.545000076293945,420922
2015-04-22,12.545000076293945,12.9399995803833,12.515000343322754,12.729999542236328,602898
2015-04-23,12.729999542236328,13.0,12.824999809265137,12.9350004196167,364860
2015-04-26,12.9350004196167,13.0,12.5,12.529999732971191,163264
2015-04-27,12.529999732971191,12.75,12.5,12.545000076293945,229572
2015-04-28,12.545000076293945,12.545000076293945,12.03499984741211,12.430000305175781,421100
2015-04-29,12.430000305175781,12.600000381469727,11.949999809265137,12.1899995803833,691248
2015-04-30,12.1899995803833,12.75,12.5,12.664999961853027,70622
2015-05-03,12.664999961853027,12.265000343322754,12.0649995803833,12.244999885559082,28892
2015-05-04,12.244999885559082,12.225000381469727,12.140000343322754,12.15999984741211,12820
2015-05-05,12.15999984741211,12.619999885559082,12.010000228881836,12.21500015258789,2185370
2015-05-06,12.21500015258789,13.4350004196167,12.600000381469727,13.210000038146973,466186
2015-05-07,13.210000038146973,14.25,13.0,13.59000015258789,776044
2015-05-10,13.59000015258789,13.649999618530273,13.5,13.524999618530273,197994
2015-05-11,13.524999618530273,14.399999618530273,13.505000114440918,14.21500015258789,580578
2015-05-12,14.21500015258789,15.005000114440918,14.0,14.194999694824219,1245878
2015-05-13,14.194999694824219,14.899999618530273,14.125,14.505000114440918,260008
2015-05-14,14.505000114440918,14.25,13.75,14.005000114440918,506634
2015-05-17,14.005000114440918,15.0,13.555000305175781,13.734999656677246,146766
2015-05-18,13.734999656677246,14.194999694824219,13.5,13.975000381469727,458140
2015-05-19,13.975000381469727,14.0,13.5,13.600000381469727,266980
2015-05-20,13.600000381469727,14.199999809265137,13.5,13.75,304288
2015-05-21,13.75,14.239999771118164,13.75,13.864999771118164,1083272
2015-05-24,13.864999771118164,14.0,13.555000305175781,13.819999694824219,340228
2015-05-25,13.819999694824219,13.75,13.5,13.510000228881836,976156
2015-05-26,13.510000228881836,13.75,13.5,13.585000038146973,781844
2015-05-27,13.585000038146973,13.75,13.5,13.725000381469727,688202
2015-05-28,13.725000381469727,14.175000190734863,13.600000381469727,13.944999694824219,853270
2015-05-31,13.944999694824219,14.244999885559082,13.800000190734863,14.015000343322754,44644
2015-06-01,14.015000343322754,14.149999618530273,13.899999618530273,14.005000114440918,437028
2015-06-02,14.005000114440918,14.100000381469727,14.0,14.0,289660
2015-06-03,14.0,14.050000190734863,13.989999771118164,14.0,224696
2015-06-04,14.0,14.039999961853027,14.0,14.0,781088
2015-06-07,14.0,13.895000457763672,13.5,13.510000228881836,49272
2015-06-08,13.510000228881836,14.0,13.550000190734863,13.78499984741211,305742
2015-06-09,13.78499984741211,13.944999694824219,13.65999984741211,13.75,209962
2015-06-10,13.75,13.925000190734863,13.75,13.760000228881836,301006
2015-06-11,13.760000228881836,13.994999885559082,13.585000038146973,13.680000305175781,303500
2015-06-14,13.680000305175781,13.75,13.5,13.515000343322754,79108
2015-06-15,13.515000343322754,14.005000114440918,13.925000190734863,14.0,731086
2015-06-16,14.0,14.850000381469727,14.0,14.425000190734863,578996
2015-06-17,14.425000190734863,14.795000076293945,14.0,14.574999809265137,1230430
2015-06-18,14.574999809265137,14.949999809265137,14.25,14.864999771118164,313730
2015-06-21,14.864999771118164,15.0,14.510000228881836,14.875,244110
2015-06-22,14.875,15.25,14.550000190734863,14.954999923706055,436028
2015-06-23,14.954999923706055,15.0,14.585000038146973,14.625,606040
2015-06-24,14.625,14.699999809265137,14.550000190734863,14.625,1378908
2015-06-25,14.625,15.100000381469727,14.5,14.720000267028809,300544
2015-06-28,14.720000267028809,14.850000381469727,14.699999809265137,14.729999542236328,2602
2015-06-29,14.729999542236328,14.505000114440918,14.494999885559082,14.5,113222
2015-06-30,14.5,14.5,14.5,14.5,0
2015-07-02,14.5,14.510000228881836,14.5,14.505000114440918,416468
2015-07-05,14.505000114440918,15.005000114440918,14.5,14.795000076293945,203608
2015-07-06,14.795000076293945,14.505000114440918,14.350000381469727,14.460000038146973,1114150
2015-07-07,14.460000038146973,15.0,14.350000381469727,14.5,287294
2015-07-08,14.5,14.0,14.0,14.0,6236
2015-07-09,14.0,14.505000114440918,14.25,14.4350004196167,101426
2015-07-12,14.4350004196167,14.274999618530273,14.0,14.104999542236328,126416
2015-07-13,14.104999542236328,14.175000190734863,14.079999923706055,14.170000076293945,177088
2015-07-14,14.170000076293945,14.170000076293945,14.170000076293945,14.170000076293945,0
2015-07-15,14.170000076293945,14.505000114440918,14.494999885559082,14.5,407312
2015-07-16,14.5,15.5,14.850000381469727,15.005000114440918,106430
2015-07-19,15.005000114440918,15.005000114440918,15.005000114440918,15.005000114440918,0
2015-07-20,15.005000114440918,15.005000114440918,15.005000114440918,15.005000114440918,0
2015-07-21,15.005000114440918,15.494999885559082,15.0,15.005000114440918,57544
2015-07-22,15.005000114440918,15.005000114440918,15.0,15.005000114440918,138030
2015-07-26,15.005000114440918,15.0,15.0,15.005000114440918,1666
2015-07-27,15.005000114440918,15.125,15.0,15.005000114440918,527364
2015-07-28,15.005000114440918,15.005000114440918,15.005000114440918,15.005000114440918,100
2015-07-29,15.005000114440918,16.5049991607666,15.225000381469727,16.264999389648438,147314
2015-07-30,16.264999389648438,17.889999389648438,16.0049991607666,17.459999084472656,125096
2015-08-02,17.459999084472656,17.75,17.399999618530273,17.469999313354492,669360
2015-08-03,17.469999313354492,17.625,16.5049991607666,17.4950008392334,959684
2015-08-04,17.4950008392334,17.75,17.5,17.735000610351562,401798
2015-08-05,17.735000610351562,17.735000610351562,17.735000610351562,17.735000610351562,0
2015-08-06,17.735000610351562,17.735000610351562,17.735000610351562,17.735000610351562,0
2015-08-09,17.584999084472656,17.5,17.0,17.454999923706055,63026
2015-08-10,17.454999923706055,17.0,17.0,17.454999923706055,70
2015-08-11,17.454999923706055,17.75,17.0,17.4950008392334,382330
2015-08-12,17.4950008392334,17.4950008392334,17.4950008392334,17.4950008392334,0
2015-08-13,17.4950008392334,17.485000610351562,16.450000762939453,17.299999237060547,2227200
2015-08-16,17.299999237060547,16.125,16.125,16.125,4012
2015-08-17,16.125,16.75,16.5,16.5049991607666,460906
2015-08-18,16.5049991607666,16.25,15.524999618530273,15.984999656677246,5900
2015-08-19,15.984999656677246,15.649999618530273,15.5,15.505000114440918,1137672
2015-08-20,15.505000114440918,15.5,15.010000228881836,15.46500015258789,133456
2015-08-23,15.46500015258789,15.96500015258789,14.25,15.170000076293945,227052
2015-08-24,15.170000076293945,16.0,14.994999885559082,15.050000190734863,24740
2015-08-25,15.050000190734863,16.25,15.25,15.6850004196167,242436
2015-08-26,15.6850004196167,16.0,15.675000190734863,15.90999984741211,89088
2015-08-27,15.90999984741211,17.4950008392334,15.949999809265137,15.954999923706055,129276
2015-08-30,15.954999923706055,16.0,15.5,16.0,464608
2015-08-31,16.0,16.25,16.0,16.0,459976
2015-09-01,16.0,16.0,16.0,16.0,2000
2015-09-02,16.0,15.989999771118164,15.494999885559082,15.539999961853027,7390
2015-09-03,15.539999961853027,16.024999618530273,15.75,16.010000228881836,32798
2015-09-06,16.010000228881836,16.0,15.975000381469727,16.010000228881836,1200
2015-09-07,16.010000228881836,16.0,15.994999885559082,16.0,541812
2015-09-08,16.0,16.0,15.75,15.75,1001200
2015-09-09,15.75,16.0,16.0,16.0,384572
2015-09-10,16.0,16.5,16.010000228881836,16.469999313354492,18726
2015-09-13,16.469999313354492,16.5049991607666,16.5,16.5,70536
2015-09-14,16.5,16.635000228881836,16.625,16.625,78480
2015-09-15,16.625,16.625,16.625,16.625,0
2015-09-16,16.625,16.625,16.274999618530273,16.510000228881836,122600
2015-09-17,16.510000228881836,16.9950008392334,16.5,16.575000762939453,52038
2015-09-20,16.575000762939453,16.5,16.25,16.389999389648438,10400
2015-09-21,16.389999389648438,16.5,16.0,16.165000915527344,79600
2015-09-27,16.184999465942383,16.184999465942383,16.184999465942383,16.184999465942383,0
2015-09-28,16.184999465942383,16.485000610351562,16.0,16.05500030517578,521324
2015-09-29,16.05500030517578,16.5,16.15999984741211,16.270000457763672,490956
2015-09-30,16.270000457763672,17.5,16.5,17.0049991607666,219838
2015-10-01,17.0049991607666,16.5,16.5,16.5,40376
2015-10-04,16.5,16.2549991607666,16.25,16.25,29534
2015-10-05,16.25,16.350000381469727,16.0,16.05500030517578,254966
2015-10-07,16.05500030517578,16.594999313354492,16.450000762939453,16.5,369762
2015-10-08,16.5,16.75,16.5,16.665000915527344,590390
2015-10-11,16.665000915527344,16.989999771118164,16.575000762939453,16.8799991607666,9460
2015-10-12,16.8799991607666,16.625,16.5,16.5,367688
2015-10-13,16.5,17.0,16.5,16.610000610351562,1458848
2015-10-15,16.610000610351562,16.549999237060547,16.5,16.510000228881836,12446
2015-10-18,16.510000228881836,16.510000228881836,16.0,16.059999465942383,43520
2015-10-19,16.059999465942383,16.5,16.5,16.5,1446028
2015-10-20,16.5,16.850000381469727,16.5,16.614999771118164,469196
2015-10-21,16.614999771118164,17.100000381469727,16.5,16.985000610351562,708106
2015-10-22,16.985000610351562,17.125,16.25,16.899999618530273,92760
2015-10-25,16.899999618530273,17.5,16.260000228881836,17.0049991607666,222354
2015-10-26,17.0049991607666,17.0049991607666,16.94499969482422,17.0,745162
2015-10-27,17.0,16.75,16.0,16.450000762939453,22530
2015-10-28,16.450000762939453,16.5,16.454999923706055,16.450000762939453,800
2015-10-29,16.450000762939453,16.75,16.600000381469727,16.75,314440
2015-11-01,16.75,16.700000762939453,16.260000228881836,16.75,1000
2015-11-02,16.75,16.899999618530273,16.5,16.75,1100
2015-11-03,16.75,16.7549991607666,16.725000381469727,16.75,454278
2015-11-04,16.75,17.700000762939453,16.75,16.985000610351562,21250
2015-11-05,16.985000610351562,16.850000381469727,16.760000228881836,16.825000762939453,21620
2015-11-08,16.825000762939453,16.5,16.5,16.5,12800
2015-11-09,16.5,16.825000762939453,16.5,16.7549991607666,759542
2015-11-10,16.7549991607666,17.5,16.5,16.6299991607666,890352
2015-11-11,16.6299991607666,16.799999237060547,16.7549991607666,16.6299991607666,218
2015-11-12,16.6299991607666,17.69499969482422,17.489999771118164,17.510000228881836,1500
2015-11-15,17.510000228881836,17.510000228881836,17.510000228881836,17.510000228881836,0
2015-11-16,17.510000228881836,16.309999465942383,16.260000228881836,16.274999618530273,3000
2015-11-17,16.274999618530273,16.55500030517578,16.5,16.549999237060547,186984
2015-11-18,16.549999237060547,16.5,16.25,16.270000457763672,234254
2015-11-19,16.270000457763672,17.0,16.4950008392334,16.920000076293945,102008
2015-11-22,16.920000076293945,16.920000076293945,16.920000076293945,16.920000076293945,0
2015-11-23,16.920000076293945,16.774999618530273,16.7549991607666,16.760000228881836,1910
2015-11-24,16.760000228881836,16.75,16.049999237060547,16.469999313354492,196432
2015-11-25,16.469999313354492,16.5,16.0049991607666,16.125,237722
2015-11-26,16.125,16.5,16.03499984741211,16.450000762939453,154820
2015-11-29,16.450000762939453,16.0049991607666,16.0,16.450000762939453,1352
2015-11-30,16.450000762939453,16.450000762939453,16.450000762939453,16.450000762939453,0
2015-12-01,16.450000762939453,15.279999732971191,15.279999732971191,16.450000762939453,360
2015-12-02,16.450000762939453,16.5,15.899999618530273,16.040000915527344,3078866
2015-12-03,16.040000915527344,17.0,16.09000015258789,16.565000534057617,75300
2015-12-06,16.565000534057617,16.565000534057617,16.565000534057617,16.565000534057617,0
2015-12-07,16.565000534057617,17.0,16.75,17.0,660000
2015-12-08,17.0,16.950000762939453,16.5,16.5,1278548
2015-12-09,16.5,16.149999618530273,16.049999237060547,16.149999618530273,129350
2015-12-10,16.149999618530273,16.5,16.260000228881836,16.485000610351562,14770
2015-12-13,16.485000610351562,16.25,16.0,16.2450008392334,97704
2015-12-14,16.2450008392334,16.600000381469727,16.174999237060547,16.545000076293945,158698
2015-12-15,16.545000076293945,16.545000076293945,16.545000076293945,16.545000076293945,0
2015-12-16,16.5,16.5,16.065000534057617,16.375,172904
2015-12-17,16.375,16.53499984741211,16.5,16.530000686645508,74420
2015-12-20,16.530000686645508,16.5,16.05500030517578,16.530000686645508,800
2015-12-21,16.530000686645508,16.25,16.0,16.18000030517578,3206
2015-12-22,16.18000030517578,16.450000762939453,16.0,16.2549991607666,90688
2015-12-24,16.2549991607666,16.850000381469727,16.350000381469727,16.719999313354492,14570
2015-12-27,16.719999313354492,16.75,15.28499984741211,16.645000457763672,1364
2015-12-28,16.645000457763672,16.645000457763672,16.645000457763672,16.645000457763672,0
2015-12-29,16.645000457763672,16.7450008392334,16.25,16.264999389648438,102084
2015-12-30,16.264999389648438,16.5,16.0,16.094999313354492,25390
2015-12-31,16.094999313354492,16.75,16.0,16.354999542236328,294006
2016-01-03,16.354999542236328,16.485000610351562,16.010000228881836,16.30500030517578,37054
2016-01-04,16.30500030517578,16.25,16.0,16.010000228881836,9482
2016-01-05,16.010000228881836,16.5,16.25,16.434999465942383,113560
2016-01-06,16.434999465942383,16.280000686645508,16.25,16.270000457763672,55660
2016-01-10,16.270000457763672,16.25,16.010000228881836,16.040000915527344,2000
2016-01-11,16.040000915527344,16.25,16.0,16.149999618530273,91202
2016-01-12,16.149999618530273,15.875,15.385000228881836,15.84000015258789,110980
2016-01-13,15.84000015258789,15.005000114440918,15.0,15.005000114440918,20264
2016-01-14,15.005000114440918,14.25,14.015000343322754,14.135000228881836,8200
2016-01-17,14.135000228881836,14.5,13.5,14.414999961853027,41432
2016-01-18,14.414999961853027,14.414999961853027,14.414999961853027,14.414999961853027,0
2016-01-19,14.734999656677246,14.520000457763672,14.505000114440918,14.510000228881836,9900
2016-01-20,14.510000228881836,14.994999885559082,14.104999542236328,14.510000228881836,440
2016-01-21,14.510000228881836,14.510000228881836,14.494999885559082,14.505000114440918,75510
2016-01-24,14.505000114440918,14.75,13.75,14.329999923706055,38036
2016-01-26,14.329999923706055,14.25,14.0,14.149999618530273,184558
2016-01-27,14.149999618530273,14.149999618530273,14.149999618530273,14.149999618530273,0
2016-01-28,14.149999618530273,14.5,14.25,14.354999542236328,148428
2016-01-31,14.354999542236328,14.354999542236328,14.354999542236328,14.354999542236328,0
2016-02-01,14.354999542236328,14.375,13.75,14.244999885559082,38458
2016-02-02,14.244999885559082,14.244999885559082,14.244999885559082,14.244999885559082,0
2016-02-03,14.244999885559082,14.510000228881836,14.489999771118164,14.5,25146
2016-02-04,14.5,15.25,14.5,14.654999732971191,20534
2016-02-07,14.654999732971191,14.654999732971191,14.654999732971191,14.654999732971191,0
2016-02-08,14.654999732971191,14.654999732971191,13.779999732971191,14.649999618530273,213968
2016-02-09,14.649999618530273,14.5,14.5,14.649999618530273,200
2016-02-10,14.649999618530273,14.649999618530273,14.649999618530273,14.649999618530273,0
2016-02-11,14.649999618530273,14.024999618530273,14.0,14.005000114440918,1600
2016-02-14,14.005000114440918,14.005000114440918,14.005000114440918,14.005000114440918,0
2016-02-15,14.005000114440918,14.005000114440918,14.005000114440918,14.005000114440918,0
2016-02-16,14.005000114440918,14.5,14.475000381469727,14.5,2001000
2016-02-17,14.5,14.5,14.25,14.444999694824219,627830
2016-02-18,14.444999694824219,14.449999809265137,14.225000381469727,14.324999809265137,580800
2016-02-21,14.324999809265137,14.239999771118164,13.104999542236328,14.180000305175781,10580
2016-02-22,14.180000305175781,14.0,14.0,14.0,297430
2016-02-23,14.0,13.5,13.5,13.5,100000
2016-02-24,13.5,13.5,13.300000190734863,13.4399995803833,7616
2016-02-25,13.4399995803833,14.0,13.875,13.9350004196167,200000
2016-02-28,13.9350004196167,13.850000381469727,13.505000114440918,13.550000190734863,3464
2016-02-29,13.550000190734863,13.984999656677246,13.925000190734863,13.984999656677246,262872
2016-03-01,13.984999656677246,13.454999923706055,13.274999618530273,13.984999656677246,1460
2016-03-02,13.984999656677246,13.75,13.744999885559082,13.75,1260500
2016-03-03,13.75,15.125,13.875,14.729999542236328,1006150
2016-03-06,14.729999542236328,14.994999885559082,14.755000114440918,14.8149995803833,53522
2016-03-07,14.8149995803833,14.949999809265137,14.5,14.609999656677246,14604
2016-03-08,14.609999656677246,14.404999732971191,14.274999618530273,14.380000114440918,10632
2016-03-09,14.380000114440918,15.494999885559082,14.375,14.515000343322754,941464
2016-03-10,14.515000343322754,15.399999618530273,15.0,15.024999618530273,395116
2016-03-13,15.024999618530273,15.25,15.0,15.029999732971191,72984
2016-03-14,15.029999732971191,15.774999618530273,15.449999809265137,15.680000305175781,398274
2016-03-15,15.680000305175781,16.0049991607666,15.630000114440918,15.854999542236328,54000
2016-03-16,15.854999542236328,17.440000534057617,16.25,16.760000228881836,1068694
2016-03-17,16.760000228881836,17.5,17.020000457763672,17.485000610351562,189660
2016-03-20,17.485000610351562,17.485000610351562,16.5,16.56999969482422,58926
2016-03-21,16.56999969482422,17.4950008392334,17.0,17.485000610351562,818000
2016-03-22,17.485000610351562,17.4950008392334,16.915000915527344,17.485000610351562,1000
2016-03-23,17.485000610351562,17.25,17.0,17.25,1039460
2016-03-24,17.25,17.25,16.649999618530273,17.1299991607666,24372
2016-03-27,17.1299991607666,17.440000534057617,16.774999618530273,17.229999542236328,10278
2016-03-28,17.229999542236328,17.475000381469727,17.469999313354492,17.469999313354492,116000
2016-03-29,17.469999313354492,17.5,17.450000762939453,17.469999313354492,191640
2016-03-30,17.469999313354492,17.5,17.25,17.434999465942383,59378
2016-03-31,17.434999465942383,17.5,17.135000228881836,17.485000610351562,44004
2016-04-03,17.485000610351562,16.5,16.2549991607666,16.264999389648438,10000
2016-04-04,16.264999389648438,16.5,16.024999618530273,16.079999923706055,12000
2016-04-05,16.079999923706055,16.625,16.450000762939453,16.510000228881836,49160
2016-04-06,16.510000228881836,16.75,16.5,16.5,210442
2016-04-07,16.5,16.565000534057617,16.5,16.5049991607666,245360
2016-04-10,16.5049991607666,16.5049991607666,16.5049991607666,16.5049991607666,0
2016-04-11,16.5049991607666,16.549999237060547,16.5,16.5049991607666,57570
2016-04-12,16.5049991607666,17.0,16.5,16.53499984741211,3180
2016-04-13,16.53499984741211,16.75,16.0,16.65999984741211,238082
2016-04-14,16.65999984741211,16.5,16.325000762939453,16.4950008392334,107852
2016-04-17,16.4950008392334,16.514999389648438,16.5,16.5,2842
2016-04-18,16.5,16.625,15.300000190734863,16.239999771118164,206120
2016-04-19,16.239999771118164,16.5,15.850000381469727,16.274999618530273,15704
2016-04-20,16.274999618530273,16.625,16.5,16.510000228881836,23160
2016-04-21,16.510000228881836,16.510000228881836,16.510000228881836,16.510000228881836,0
2016-04-24,16.510000228881836,16.450000762939453,16.0049991607666,16.059999465942383,10500
2016-04-26,16.059999465942383,16.059999465942383,16.059999465942383,16.059999465942383,0
2016-04-27,16.075000762939453,16.625,16.075000762939453,16.5,283940
2016-04-28,16.5,17.65999984741211,16.375,16.90999984741211,800000
2016-05-01,16.90999984741211,16.90999984741211,16.90999984741211,16.90999984741211,0
2016-05-03,16.90999984741211,17.190000534057617,16.7450008392334,17.15999984741211,501128
2016-05-04,17.15999984741211,16.899999618530273,16.75,16.899999618530273,168200
2016-05-05,16.899999618530273,18.59000015258789,15.529999732971191,18.489999771118164,299166
2016-05-08,18.489999771118164,19.8799991607666,19.0,19.475000381469727,1000
2016-05-09,19.475000381469727,19.625,19.4950008392334,19.5,600556
2016-05-10,19.5,19.899999618530273,19.5,19.760000228881836,2530
2016-05-11,19.760000228881836,19.985000610351562,19.25,19.764999389648438,52652
2016-05-12,19.764999389648438,19.25,18.75,18.989999771118164,5796
2016-05-15,18.989999771118164,18.885000228881836,18.100000381469727,18.2549991607666,7244
2016-05-16,18.2549991607666,18.2549991607666,18.125,18.2450008392334,79422
2016-05-17,18.2450008392334,18.125,17.9950008392334,18.0,1043962
2016-05-18,18.0,17.75,17.5,17.514999389648438,60960
2016-05-19,17.514999389648438,17.514999389648438,17.5,17.514999389648438,41090
2016-05-22,17.514999389648438,18.420000076293945,18.420000076293945,17.514999389648438,240
2016-05-23,17.514999389648438,17.514999389648438,17.405000686645508,17.475000381469727,63030
2016-05-24,17.475000381469727,18.5,17.44499969482422,17.735000610351562,661428
2016-05-25,17.735000610351562,18.649999618530273,18.325000762939453,18.4950008392334,331190
2016-05-26,18.5,18.399999618530273,17.40999984741211,17.93000030517578,30041
2016-05-29,17.93000030517578,18.3799991607666,18.0,18.149999618530273,2328
2016-05-30,18.149999618530273,18.100000381469727,17.5,17.850000381469727,10067
2016-05-31,17.850000381469727,18.0,17.549999237060547,17.850000381469727,50798118
2016-06-01,17.850000381469727,17.850000381469727,17.850000381469727,17.850000381469727,0
2016-06-02,17.850000381469727,17.850000381469727,17.850000381469727,17.850000381469727,0
2016-06-05,17.940000534057617,18.399999618530273,17.600000381469727,17.979999542236328,21401
2016-06-06,17.979999542236328,17.799999237060547,17.399999618530273,17.510000228881836,76006
2016-06-07,17.510000228881836,17.510000228881836,17.510000228881836,17.510000228881836,0
2016-06-08,17.510000228881836,17.510000228881836,17.510000228881836,17.510000228881836,0
2016-06-09,17.510000228881836,17.510000228881836,17.510000228881836,17.510000228881836,0
2016-06-12,17.780000686645508,18.0,17.0,17.030000686645508,29751
2016-06-13,17.030000686645508,17.030000686645508,17.030000686645508,17.030000686645508,0
2016-06-15,17.030000686645508,17.030000686645508,17.030000686645508,17.030000686645508,0
2016-06-16,17.030000686645508,17.030000686645508,17.030000686645508,17.030000686645508,0
2016-06-19,17.030000686645508,17.030000686645508,17.030000686645508,17.030000686645508,0
2016-06-20,17.030000686645508,17.030000686645508,17.030000686645508,17.030000686645508,0
2016-06-21,17.030000686645508,17.030000686645508,17.030000686645508,17.030000686645508,0
2016-06-22,16.0,15.970000267028809,15.0,15.149999618530273,1497
2016-06-23,15.149999618530273,15.149999618530273,15.149999618530273,15.149999618530273,0
2016-06-26,15.149999618530273,15.149999618530273,15.149999618530273,15.149999618530273,0
2016-06-27,15.050000190734863,15.789999961853027,14.020000457763672,14.3100004196167,3668
2016-06-28,14.3100004196167,15.0,14.75,14.819999694824219,62323
2016-06-29,14.819999694824219,14.819999694824219,14.819999694824219,14.819999694824219,0
2016-06-30,14.819999694824219,14.819999694824219,14.819999694824219,14.819999694824219,0
2016-07-03,15.0,15.0,14.520000457763672,14.989999771118164,159534
2016-07-04,14.989999771118164,14.989999771118164,14.989999771118164,14.989999771118164,0
2016-07-05,14.989999771118164,14.989999771118164,14.989999771118164,14.989999771118164,0
2016-07-10,14.989999771118164,15.25,15.0,14.989999771118164,3705
2016-07-11,14.989999771118164,15.0,14.710000038146973,14.989999771118164,5250
2016-07-12,14.989999771118164,14.899999618530273,14.899999618530273,14.989999771118164,270
2016-07-13,14.989999771118164,15.0,14.609999656677246,14.75,34440
2016-07-14,14.75,14.75,14.75,14.75,0
2016-07-17,14.75,14.75,14.75,14.75,0
2016-07-18,14.75,14.75,14.75,14.75,0
2016-07-19,14.369999885559082,15.0,14.5,14.8100004196167,1671227
2016-07-21,14.520000457763672,14.5,14.15999984741211,14.4399995803833,24665
2016-07-24,14.4399995803833,14.4399995803833,14.4399995803833,14.4399995803833,0
2016-07-25,14.4399995803833,14.970000267028809,14.699999809265137,14.9399995803833,1565000
2016-07-26,14.9399995803833,14.890000343322754,14.6899995803833,14.699999809265137,173277
2016-07-27,14.699999809265137,14.550000190734863,14.34000015258789,14.4399995803833,13795
2016-07-28,14.4399995803833,14.600000381469727,14.270000457763672,14.4399995803833,500134
2016-08-01,14.4399995803833,14.550000190734863,14.25,14.460000038146973,48339
2016-08-02,14.460000038146973,14.5,14.25,14.5,426860
2016-08-03,14.5,14.25,13.800000190734863,13.949999809265137,52582
2016-08-04,13.949999809265137,13.949999809265137,13.949999809265137,13.949999809265137,0
2016-08-07,13.949999809265137,13.949999809265137,13.949999809265137,13.949999809265137,0
2016-08-08,13.569999694824219,13.5,12.800000190734863,13.050000190734863,49662
2016-08-09,13.050000190734863,12.800000190734863,11.75,11.899999618530273,92560
2016-08-10,11.899999618530273,11.899999618530273,11.899999618530273,11.899999618530273,0
2016-08-14,10.569999694824219,10.649999618530273,10.350000381469727,10.449999809265137,301214
2016-08-15,10.449999809265137,10.449999809265137,10.050000190734863,10.260000228881836,325422
2016-08-16,10.260000228881836,10.1899995803833,9.5,9.779999732971191,472188
2016-08-17,9.779999732971191,9.779999732971191,9.779999732971191,9.779999732971191,0
2016-08-18,10.109999656677246,11.119999885559082,10.15999984741211,10.850000381469727,1261054
2016-08-21,10.850000381469727,10.850000381469727,10.850000381469727,10.850000381469727,0
2016-08-22,10.850000381469727,10.850000381469727,10.850000381469727,10.850000381469727,0
2016-08-23,11.289999961853027,11.449999809265137,10.819999694824219,11.050000190734863,170089
2016-08-24,11.050000190734863,11.020000457763672,10.510000228881836,10.970000267028809,770264
2016-08-25,10.970000267028809,10.989999771118164,10.210000038146973,10.5600004196167,108503
2016-08-28,10.5600004196167,10.5600004196167,10.5600004196167,10.5600004196167,0
2016-08-29,10.5600004196167,10.5600004196167,10.5600004196167,10.5600004196167,0
2016-08-30,10.609999656677246,10.819999694824219,10.430000305175781,10.520000457763672,609435
2016-08-31,10.520000457763672,10.800000190734863,10.430000305175781,10.510000228881836,142955
2016-09-01,10.510000228881836,10.5,10.380000114440918,10.40999984741211,241148
2016-09-04,10.40999984741211,10.5,10.300000190734863,10.399999618530273,38345
2016-09-05,10.399999618530273,10.550000190734863,10.319999694824219,10.399999618530273,228185
2016-09-06,10.399999618530273,10.3100004196167,10.0,10.220000267028809,76923
2016-09-07,10.220000267028809,10.220000267028809,10.220000267028809,10.220000267028809,0
2016-09-08,9.829999923706055,10.199999809265137,9.75,9.949999809265137,669224
2016-09-13,9.949999809265137,9.949999809265137,9.949999809265137,9.949999809265137,0
2016-09-14,9.949999809265137,10.130000114440918,10.0,10.029999732971191,12672
2016-09-15,10.029999732971191,10.0,9.800000190734863,10.0,761506
2016-09-18,10.0,10.0,10.0,10.0,0
2016-09-19,9.989999771118164,9.930000305175781,9.3100004196167,9.510000228881836,43968
2016-09-20,9.510000228881836,9.510000228881836,9.510000228881836,9.510000228881836,0
2016-09-21,9.510000228881836,9.510000228881836,9.510000228881836,9.510000228881836,0
2016-09-22,9.510000228881836,9.510000228881836,9.510000228881836,9.510000228881836,0
2016-09-25,9.670000076293945,10.0,9.510000228881836,9.989999771118164,1047804
2016-09-26,9.989999771118164,9.989999771118164,9.989999771118164,9.989999771118164,0
2016-09-27,9.979999542236328,10.0,9.670000076293945,9.890000343322754,756476
2016-09-28,9.890000343322754,9.899999618530273,9.710000038146973,9.890000343322754,1721
2016-09-29,9.890000343322754,9.65999984741211,9.510000228881836,9.569999694824219,16677
2016-10-02,9.569999694824219,9.569999694824219,9.569999694824219,9.569999694824219,0
2016-10-03,9.569999694824219,9.569999694824219,9.569999694824219,9.569999694824219,0
2016-10-04,9.739999771118164,9.890000343322754,9.5,9.579999923706055,11650
2016-10-05,9.579999923706055,9.579999923706055,9.579999923706055,9.579999923706055,0
2016-10-10,9.720000267028809,9.819999694824219,9.5,9.6899995803833,1080825
2016-10-11,9.6899995803833,9.739999771118164,9.5,9.739999771118164,352953
2016-10-12,9.739999771118164,9.8100004196167,9.680000305175781,9.6899995803833,1252424
2016-10-13,9.6899995803833,9.6899995803833,9.6899995803833,9.6899995803833,0
2016-10-16,9.850000381469727,9.529999732971191,9.25,9.34000015258789,16793
2016-10-17,9.34000015258789,9.270000457763672,8.5,8.649999618530273,426825
2016-10-18,8.649999618530273,8.649999618530273,8.649999618530273,8.649999618530273,0
2016-10-19,8.199999809265137,8.210000038146973,7.800000190734863,8.0600004196167,483483
2016-10-20,8.0600004196167,8.25,8.010000228881836,8.25,393255
2016-10-23,8.25,8.199999809265137,8.020000457763672,8.039999961853027,3675
2016-10-24,8.039999961853027,8.420000076293945,7.5,7.949999809265137,24247
2016-10-25,7.949999809265137,8.5,8.050000190734863,8.25,1096545
2016-10-26,8.25,8.550000190734863,8.3100004196167,8.40999984741211,4426
2016-10-27,8.40999984741211,9.199999809265137,8.449999809265137,8.979999542236328,46294
2016-10-30,8.979999542236328,9.239999771118164,9.0,9.020000457763672,119052
2016-10-31,9.020000457763672,9.449999809265137,9.0,9.260000228881836,56890
2016-11-01,9.260000228881836,10.180000305175781,9.569999694824219,10.010000228881836,51626
2016-11-03,10.319999694824219,11.199999809265137,10.319999694824219,10.319999694824219,3218669
2016-11-06,11.029999732971191,11.899999618530273,11.399999618530273,11.59000015258789,25095
2016-11-07,11.59000015258789,12.739999771118164,11.5,12.09000015258789,1756279
2016-11-08,12.09000015258789,13.25,12.289999961853027,12.5,1880216
2016-11-09,12.5,13.279999732971191,12.020000457763672,13.09000015258789,1203416
2016-11-10,13.09000015258789,14.229999542236328,13.0,13.739999771118164,1126494
2016-11-13,13.739999771118164,14.5,13.260000228881836,13.90999984741211,106150
2016-11-14,13.90999984741211,13.90999984741211,13.350000381469727,13.850000381469727,668728
2016-11-15,13.850000381469727,13.75,13.270000457763672,13.489999771118164,113011
2016-11-16,13.489999771118164,13.739999771118164,13.430000305175781,13.5600004196167,108795
2016-11-17,13.5600004196167,13.600000381469727,13.300000190734863,13.479999542236328,469346
2016-11-20,13.479999542236328,13.630000114440918,13.15999984741211,13.510000228881836,29088
2016-11-21,13.510000228881836,14.0,13.449999809265137,13.949999809265137,684044
2016-11-23,14.050000190734863,14.25,13.329999923706055,14.0,520608
2016-11-24,14.0,14.34000015258789,13.899999618530273,14.0,809987
2016-11-27,14.0,14.25,13.100000381469727,13.569999694824219,16520
2016-11-28,13.569999694824219,13.899999618530273,13.529999732971191,13.829999923706055,7591
2016-11-29,13.829999923706055,14.25,13.520000457763672,13.970000267028809,26139
2016-11-30,13.970000267028809,14.300000190734863,13.90999984741211,14.0600004196167,11856
2016-12-04,13.960000038146973,14.960000038146973,14.050000190734863,14.369999885559082,113033
2016-12-05,14.369999885559082,14.550000190734863,14.109999656677246,14.289999961853027,24055
2016-12-06,14.289999961853027,15.710000038146973,14.210000038146973,15.510000228881836,228967
2016-12-07,15.510000228881836,16.489999771118164,15.199999809265137,15.710000038146973,197040
2016-12-08,15.710000038146973,15.989999771118164,15.25,15.600000381469727,72149
2016-12-13,15.4399995803833,15.4399995803833,14.199999809265137,14.630000114440918,18260
2016-12-14,14.630000114440918,15.0,14.600000381469727,14.680000305175781,860588
2016-12-18,14.979999542236328,15.300000190734863,13.699999809265137,14.989999771118164,531900
2016-12-19,14.989999771118164,14.75,14.25,14.489999771118164,89654
2016-12-20,14.489999771118164,14.800000190734863,14.399999618530273,14.5,676519
2016-12-21,14.5,14.399999618530273,14.300000190734863,14.300000190734863,110693
2016-12-22,14.300000190734863,14.359999656677246,14.300000190734863,14.319999694824219,14370
2016-12-25,14.319999694824219,14.470000267028809,13.5,13.890000343322754,5337
2016-12-26,13.890000343322754,14.479999542236328,13.890000343322754,14.399999618530273,2500
2016-12-27,14.399999618530273,14.399999618530273,14.199999809265137,14.399999618530273,39666
2016-12-28,14.399999618530273,14.670000076293945,14.5,14.569999694824219,4683
2016-12-29,14.569999694824219,14.649999618530273,14.479999542236328,14.510000228881836,189483
2017-01-02,14.510000228881836,14.5,14.0600004196167,14.270000457763672,1400
2017-01-03,14.270000457763672,14.479999542236328,14.109999656677246,14.229999542236328,68218
2017-01-04,14.229999542236328,14.6899995803833,14.149999618530273,14.5,1399731
2017-01-05,14.5,14.59000015258789,14.300000190734863,14.5,70147
2017-01-09,14.109999656677246,14.100000381469727,14.100000381469727,14.100000381469727,9000
2017-01-10,14.100000381469727,14.539999961853027,14.300000190734863,14.449999809265137,17125
2017-01-11,14.449999809265137,14.520000457763672,14.5,14.5,1691104
2017-01-12,14.5,14.890000343322754,14.5,14.670000076293945,10662
2017-01-15,14.670000076293945,14.510000228881836,14.5,14.5,5000
2017-01-16,14.5,14.800000190734863,14.5,14.520000457763672,5634
2017-01-17,14.520000457763672,14.890000343322754,14.119999885559082,14.479999542236328,37820
2017-01-18,14.479999542236328,15.0,14.5,14.5,1555073
2017-01-19,14.5,15.0,14.489999771118164,14.5,118633
2017-01-22,14.5,14.619999885559082,14.5,14.510000228881836,18310
2017-01-23,14.510000228881836,14.510000228881836,14.5,14.5,17350
2017-01-24,14.5,14.869999885559082,14.869999885559082,14.5,210
2017-01-26,14.5,15.199999809265137,14.989999771118164,15.069999694824219,7610
2017-01-29,15.069999694824219,15.069999694824219,15.069999694824219,15.069999694824219,0
2017-01-30,15.069999694824219,15.069999694824219,15.069999694824219,15.069999694824219,0
2017-01-31,15.069999694824219,15.069999694824219,15.069999694824219,15.069999694824219,0
2017-02-01,14.920000076293945,14.770000457763672,14.5,14.640000343322754,24120
2017-02-02,14.640000343322754,15.199999809265137,14.75,14.949999809265137,138682
2017-02-05,14.949999809265137,15.25,14.779999732971191,15.119999885559082,8171
2017-02-06,15.119999885559082,15.380000114440918,15.100000381469727,15.15999984741211,42540
2017-02-07,15.15999984741211,16.670000076293945,15.890000343322754,16.389999389648438,284374
2017-02-08,16.389999389648438,17.899999618530273,16.639999389648438,17.489999771118164,30174
2017-02-09,17.489999771118164,17.25,17.0,17.09000015258789,376277
2017-02-12,17.09000015258789,17.920000076293945,17.920000076293945,17.09000015258789,30
2017-02-13,17.09000015258789,17.09000015258789,17.09000015258789,17.09000015258789,0
2017-02-14,17.09000015258789,17.399999618530273,16.0,17.09000015258789,578246
2017-02-15,17.09000015258789,17.600000381469727,17.100000381469727,17.5,43187
2017-02-16,17.5,17.700000762939453,16.0,17.6200008392334,36136
2017-02-19,17.6200008392334,17.100000381469727,17.100000381469727,17.100000381469727,13920
2017-02-20,17.100000381469727,17.200000762939453,17.110000610351562,17.149999618530273,12893
2017-02-21,17.149999618530273,17.489999771118164,17.299999237060547,17.299999237060547,119470
2017-02-22,17.299999237060547,17.299999237060547,17.020000457763672,17.290000915527344,7134
2017-02-23,17.290000915527344,17.059999465942383,17.0,17.049999237060547,12900
2017-02-26,17.049999237060547,17.299999237060547,17.049999237060547,17.1299991607666,7921
2017-02-27,17.1299991607666,17.100000381469727,17.100000381469727,17.100000381469727,5000
2017-02-28,17.100000381469727,17.100000381469727,17.010000228881836,17.020000457763672,27770
2017-03-01,17.020000457763672,17.440000534057617,17.139999389648438,17.200000762939453,27138
2017-03-02,17.200000762939453,17.100000381469727,17.100000381469727,17.100000381469727,36940
2017-03-05,17.100000381469727,18.5,17.5,17.739999771118164,12128
2017-03-06,17.739999771118164,17.739999771118164,17.520000457763672,17.719999313354492,21350
2017-03-07,17.719999313354492,17.719999313354492,17.5,17.579999923706055,6776
2017-03-08,17.579999923706055,18.0,17.510000228881836,17.600000381469727,1020861
2017-03-09,17.600000381469727,18.479999542236328,17.700000762939453,17.799999237060547,3235207
2017-03-12,17.799999237060547,18.25,17.5,17.729999542236328,6535
2017-03-13,17.729999542236328,18.25,16.520000457763672,16.790000915527344,9391
2017-03-14,16.790000915527344,17.0,16.5,16.639999389648438,19528
2017-03-15,16.639999389648438,17.799999237060547,17.0,16.639999389648438,132
2017-03-16,16.639999389648438,18.25,17.739999771118164,17.799999237060547,82090
2017-03-19,17.799999237060547,18.0,17.299999237060547,17.299999237060547,10000
2017-03-20,17.299999237060547,17.0,16.75,17.299999237060547,1100
2017-03-21,17.299999237060547,17.799999237060547,17.5,17.510000228881836,10700
2017-03-22,17.510000228881836,17.510000228881836,17.510000228881836,17.510000228881836,0
2017-03-23,17.510000228881836,17.889999389648438,17.200000762939453,17.510000228881836,145
2017-03-26,17.510000228881836,17.510000228881836,17.510000228881836,17.510000228881836,0
2017-03-27,17.510000228881836,17.0,16.81999969482422,17.510000228881836,1100
2017-03-29,17.90999984741211,18.469999313354492,17.899999618530273,17.90999984741211,351281
2017-03-30,17.90999984741211,18.5,16.270000457763672,17.030000686645508,37272
2017-04-02,17.030000686645508,17.100000381469727,16.899999618530273,17.0,22467
2017-04-03,17.0,17.5,17.010000228881836,17.3799991607666,6040
2017-04-04,17.3799991607666,17.799999237060547,17.399999618530273,17.600000381469727,17169
2017-04-05,17.600000381469727,18.100000381469727,16.549999237060547,17.760000228881836,16880
2017-04-06,17.760000228881836,17.200000762939453,17.0,17.079999923706055,15000
2017-04-09,17.079999923706055,17.010000228881836,17.010000228881836,17.079999923706055,200
2017-04-10,17.079999923706055,17.100000381469727,17.0,17.0,494478
2017-04-11,17.0,17.25,17.100000381469727,17.100000381469727,7767
2017-04-12,17.100000381469727,17.270000457763672,17.200000762939453,17.229999542236328,66823
2017-04-13,17.229999542236328,17.100000381469727,17.100000381469727,17.100000381469727,1000
2017-04-18,17.100000381469727,17.540000915527344,17.0,17.100000381469727,280
2017-04-19,17.100000381469727,17.100000381469727,17.100000381469727,17.100000381469727,0
2017-04-20,17.100000381469727,17.100000381469727,17.100000381469727,17.100000381469727,0
2017-04-23,17.100000381469727,17.100000381469727,17.100000381469727,17.100000381469727,42000
2017-04-24,17.100000381469727,17.75,17.0,17.079999923706055,6160
2017-04-26,17.079999923706055,17.200000762939453,17.0,17.010000228881836,1114719
2017-04-27,17.010000228881836,18.25,17.5,18.0,51255
2017-04-30,18.0,18.0,18.0,18.0,5100
2017-05-02,18.0,18.75,18.0,18.75,239688059
2017-05-03,18.75,19.0,18.450000762939453,18.940000534057617,26404
2017-05-04,18.940000534057617,19.5,19.0,19.040000915527344,52462
2017-05-07,19.040000915527344,19.040000915527344,19.040000915527344,19.040000915527344,0
2017-05-08,19.040000915527344,19.489999771118164,19.0,19.040000915527344,17450
2017-05-09,19.040000915527344,19.5,19.110000610351562,19.290000915527344,1413
2017-05-10,19.290000915527344,19.639999389648438,19.34000015258789,19.350000381469727,152330
2017-05-11,19.350000381469727,19.350000381469727,19.350000381469727,19.350000381469727,0
2017-05-14,19.350000381469727,19.5,19.5,19.5,2000
2017-05-15,19.5,19.200000762939453,19.0,19.059999465942383,10200
2017-05-16,19.059999465942383,18.799999237060547,18.75,18.799999237060547,3206
2017-05-17,18.799999237060547,19.149999618530273,18.75,19.149999618530273,410356
2017-05-18,19.149999618530273,19.299999237060547,19.0,19.25,160107
2017-05-21,19.25,19.010000228881836,18.75,19.0,4988
2017-05-22,19.0,19.25,18.760000228881836,19.25,839987
2017-05-23,19.25,19.299999237060547,19.200000762939453,19.229999542236328,3920
2017-05-24,19.229999542236328,19.229999542236328,19.229999542236328,19.229999542236328,0
2017-05-25,19.229999542236328,20.100000381469727,19.850000381469727,19.850000381469727,5040
2017-05-28,19.850000381469727,19.850000381469727,19.850000381469727,19.850000381469727,0
2017-05-29,19.850000381469727,19.950000762939453,19.950000762939453,19.850000381469727,100
2017-05-30,19.850000381469727,19.850000381469727,19.850000381469727,19.850000381469727,0
2017-05-31,19.850000381469727,19.5,19.5,19.5,5041
2017-06-01,19.5,19.5,19.479999542236328,19.489999771118164,28214
2017-06-04,19.489999771118164,19.5,19.5,19.5,16791
2017-06-05,19.5,19.5,19.5,19.5,0
2017-06-06,19.5,19.899999618530273,19.489999771118164,19.5,8092
2017-06-07,19.5,19.020000457763672,19.020000457763672,19.020000457763672,4200
2017-06-08,19.020000457763672,19.020000457763672,18.700000762939453,18.790000915527344,4200
2017-06-11,18.790000915527344,18.8799991607666,18.75,18.790000915527344,184
2017-06-12,18.790000915527344,19.0,18.790000915527344,18.950000762939453,154969
2017-06-13,18.950000762939453,18.950000762939453,18.950000762939453,18.950000762939453,0
2017-06-14,18.950000762939453,18.860000610351562,18.860000610351562,18.950000762939453,553
2017-06-15,18.950000762939453,18.950000762939453,18.950000762939453,18.950000762939453,5000
2017-06-18,18.950000762939453,18.799999237060547,18.799999237060547,18.799999237060547,1500
2017-06-19,18.799999237060547,18.799999237060547,18.799999237060547,18.799999237060547,0
2017-06-20,18.799999237060547,18.899999618530273,18.799999237060547,18.799999237060547,90984
2017-06-21,18.799999237060547,18.799999237060547,18.799999237060547,18.799999237060547,0
2017-06-22,18.799999237060547,18.860000610351562,18.860000610351562,18.860000610351562,5000
2017-06-28,18.860000610351562,19.489999771118164,18.860000610351562,18.860000610351562,699862
2017-06-29,18.860000610351562,18.860000610351562,18.860000610351562,18.860000610351562,0
2017-07-02,18.860000610351562,18.8700008392334,18.8700008392334,18.860000610351562,50
2017-07-03,18.860000610351562,19.770000457763672,19.1200008392334,19.579999923706055,2943
2017-07-04,19.579999923706055,19.549999237060547,19.06999969482422,19.420000076293945,2265
2017-07-05,19.420000076293945,19.799999237060547,19.299999237060547,19.799999237060547,5001
2017-07-06,19.799999237060547,19.799999237060547,19.799999237060547,19.799999237060547,0
2017-07-09,19.799999237060547,19.790000915527344,19.5,19.5,70006
2017-07-10,19.5,19.850000381469727,19.5,19.5,654200
2017-07-11,19.5,19.899999618530273,19.40999984741211,19.5,351301
2017-07-12,19.5,19.5,18.549999237060547,19.489999771118164,30500
2017-07-13,19.489999771118164,19.489999771118164,19.489999771118164,19.489999771118164,0
2017-07-16,19.489999771118164,19.3799991607666,17.649999618530273,18.790000915527344,2995
2017-07-17,18.790000915527344,19.5,18.5,19.0,607956
2017-07-18,19.0,19.0,19.0,19.0,57280
2017-07-19,19.0,18.799999237060547,18.780000686645508,18.799999237060547,10000
2017-07-20,18.799999237060547,18.799999237060547,18.799999237060547,18.799999237060547,0
2017-07-24,18.799999237060547,18.799999237060547,18.799999237060547,18.799999237060547,0
2017-07-25,18.799999237060547,18.799999237060547,18.799999237060547,18.799999237060547,0
2017-07-26,18.799999237060547,18.799999237060547,18.799999237060547,18.799999237060547,107251
2017-07-27,18.799999237060547,18.399999618530273,18.0,18.0,975359
2017-07-30,18.0,17.549999237060547,17.0,17.5,28220
2017-07-31,17.5,17.5,17.5,17.5,22
2017-08-01,17.5,17.5,17.5,17.5,377672
2017-08-02,17.5,17.5,17.5,17.5,0
2017-08-03,17.5,17.5,17.5,17.5,0
2017-08-06,17.5,17.0,17.0,17.0,7000
2017-08-07,17.0,16.5,16.0,16.1299991607666,4800
2017-08-08,16.1299991607666,16.5,16.5,16.5,11290
2017-08-09,16.5,16.510000228881836,16.5,16.5,125516
2017-08-10,16.5,16.5,16.489999771118164,16.5,719875
2017-08-13,16.5,16.5,16.5,16.5,0
2017-08-14,16.5,16.510000228881836,16.510000228881836,16.510000228881836,1230
2017-08-15,16.510000228881836,16.510000228881836,16.510000228881836,16.510000228881836,0
2017-08-16,16.510000228881836,16.510000228881836,16.510000228881836,16.510000228881836,3500
2017-08-17,16.510000228881836,17.700000762939453,16.5,16.8700008392334,650
2017-08-20,16.8700008392334,15.5,15.5,16.8700008392334,50
2017-08-21,16.8700008392334,16.0,16.0,16.0,1225122
2017-08-22,16.0,16.5,16.0,16.0,26067
2017-08-23,16.0,16.0,16.0,16.0,2000
2017-08-24,16.0,14.510000228881836,14.399999618530273,16.0,175
2017-08-27,16.0,16.0,16.0,16.0,0
2017-08-28,16.0,16.0,16.0,16.0,450750
2017-08-29,16.0,16.0,15.989999771118164,16.0,349523
2017-08-30,16.0,16.989999771118164,15.5,15.989999771118164,12439
2017-09-03,15.989999771118164,15.989999771118164,15.989999771118164,15.989999771118164,0
2017-09-04,15.989999771118164,15.989999771118164,15.989999771118164,15.989999771118164,0
2017-09-05,15.989999771118164,15.989999771118164,15.989999771118164,15.989999771118164,1
2017-09-06,15.989999771118164,15.989999771118164,15.989999771118164,15.989999771118164,0
2017-09-07,15.989999771118164,16.25,16.0,16.0,200093
2017-09-10,16.0,16.0,16.0,16.0,0
2017-09-11,16.0,15.949999809265137,15.0,16.0,502
2017-09-12,16.0,16.0,16.0,16.0,3190
2017-09-13,16.0,15.989999771118164,15.989999771118164,16.0,44
2017-09-14,16.0,16.0,15.0,15.960000038146973,58720
2017-09-17,15.960000038146973,15.960000038146973,15.960000038146973,15.960000038146973,0
2017-09-18,15.960000038146973,16.0,15.899999618530273,15.920000076293945,87794
2017-09-19,15.920000076293945,15.920000076293945,15.920000076293945,15.920000076293945,0
2017-09-20,15.899999618530273,15.109999656677246,15.0,15.899999618530273,332
2017-09-24,15.899999618530273,17.489999771118164,15.520000457763672,15.970000267028809,12393
2017-09-25,15.970000267028809,16.0,15.989999771118164,15.989999771118164,6125
2017-09-26,15.989999771118164,16.0,15.979999542236328,16.0,30240
2017-09-27,16.0,16.0,15.899999618530273,15.9399995803833,552720
2017-09-28,15.9399995803833,16.0,15.260000228881836,15.970000267028809,151518
2017-10-01,15.970000267028809,15.970000267028809,15.970000267028809,15.970000267028809,0
2017-10-02,15.970000267028809,15.989999771118164,15.0,15.890000343322754,22942
2017-10-03,15.890000343322754,15.800000190734863,15.5,15.619999885559082,651714
2017-10-04,15.619999885559082,16.0,15.770000457763672,15.960000038146973,1584
2017-10-08,15.960000038146973,16.25,15.15999984741211,16.020000457763672,3965
2017-10-09,16.020000457763672,16.389999389648438,15.850000381469727,15.850000381469727,72800
2017-10-10,15.850000381469727,15.960000038146973,15.5,15.5,5083017
2017-10-11,15.5,15.800000190734863,15.5,15.5,801551
2017-10-12,15.5,15.5,15.399999618530273,15.5,4825247
2017-10-15,15.5,15.5,15.25,15.489999771118164,17597
2017-10-16,15.489999771118164,15.5,15.180000305175781,15.4399995803833,7831
2017-10-17,15.4399995803833,15.479999542236328,15.4399995803833,15.449999809265137,3500
2017-10-18,15.449999809265137,15.479999542236328,14.850000381469727,15.199999809265137,1274
2017-10-19,15.199999809265137,15.199999809265137,14.850000381469727,15.199999809265137,507341
2017-10-22,15.199999809265137,15.5,15.399999618530273,15.489999771118164,134220
2017-10-23,15.489999771118164,15.5,15.489999771118164,15.5,28916
2017-10-24,15.5,15.399999618530273,15.109999656677246,15.390000343322754,13501
2017-10-25,15.390000343322754,15.399999618530273,15.100000381469727,15.25,43421
2017-10-26,15.25,15.5,15.109999656677246,15.479999542236328,41205
2017-10-29,15.479999542236328,15.5,14.880000114440918,15.460000038146973,29900
2017-10-30,15.460000038146973,15.399999618530273,15.0,15.460000038146973,517
2017-10-31,15.460000038146973,15.399999618530273,15.399999618530273,15.460000038146973,200
2017-11-01,15.460000038146973,15.5,15.449999809265137,15.5,1038800
2017-11-02,15.5,15.5,15.229999542236328,15.470000267028809,6876
2017-11-05,15.470000267028809,14.699999809265137,14.550000190734863,14.579999923706055,1000
2017-11-06,14.579999923706055,15.399999618530273,15.0,15.399999618530273,51263
2017-11-07,15.399999618530273,16.899999618530273,15.300000190734863,15.5,2465741
2017-11-08,15.5,16.0,15.5,15.850000381469727,1716853
2017-11-09,15.850000381469727,17.0,16.399999618530273,16.510000228881836,360859
2017-11-12,16.510000228881836,16.450000762939453,16.190000534057617,16.200000762939453,32599
2017-11-13,16.200000762939453,16.200000762939453,15.850000381469727,16.190000534057617,1394274
2017-11-14,16.190000534057617,16.190000534057617,16.190000534057617,16.190000534057617,0
2017-11-15,16.100000381469727,15.8100004196167,15.800000190734863,15.800000190734863,1000
2017-11-16,15.800000190734863,16.899999618530273,15.0,16.219999313354492,31042
2017-11-19,16.219999313354492,16.299999237060547,15.100000381469727,16.110000610351562,27350
2017-11-20,16.110000610351562,16.110000610351562,16.110000610351562,16.110000610351562,0
2017-11-21,16.110000610351562,16.299999237060547,15.0,16.040000915527344,5203
2017-11-22,16.040000915527344,16.0,15.010000228881836,15.680000305175781,14574
2017-11-23,15.680000305175781,16.100000381469727,15.350000381469727,16.100000381469727,2597428
2017-11-26,16.100000381469727,15.989999771118164,15.989999771118164,16.100000381469727,388
2017-11-27,16.100000381469727,16.100000381469727,16.100000381469727,16.100000381469727,0
2017-11-28,15.970000267028809,16.0,15.520000457763672,15.979999542236328,220046
2017-11-29,15.979999542236328,16.09000015258789,15.819999694824219,15.979999542236328,2724832
2017-11-30,15.979999542236328,15.979999542236328,15.979999542236328,15.979999542236328,0
2017-12-03,15.979999542236328,15.819999694824219,14.699999809265137,15.350000381469727,3613
2017-12-04,15.350000381469727,15.800000190734863,15.350000381469727,15.65999984741211,3800
2017-12-05,15.65999984741211,16.3700008392334,15.699999809265137,15.899999618530273,2012267
2017-12-06,15.899999618530273,16.5,16.290000915527344,16.389999389648438,6873
2017-12-07,16.389999389648438,16.0,15.979999542236328,15.979999542236328,294630
2017-12-10,15.979999542236328,15.979999542236328,15.979999542236328,15.979999542236328,0
2017-12-11,15.979999542236328,15.979999542236328,15.979999542236328,15.979999542236328,0
2017-12-12,15.979999542236328,15.979999542236328,15.899999618530273,15.979999542236328,1909172
2017-12-13,15.979999542236328,15.979999542236328,15.979999542236328,15.979999542236328,975667
2017-12-14,15.979999542236328,16.0,15.600000381469727,15.84000015258789,1725009
2017-12-17,15.84000015258789,15.979999542236328,15.979999542236328,15.979999542236328,48911
2017-12-18,15.979999542236328,15.600000381469727,15.600000381469727,15.600000381469727,2201
2017-12-19,15.600000381469727,15.510000228881836,15.300000190734863,15.489999771118164,23050
2017-12-20,15.489999771118164,16.200000762939453,15.25,15.359999656677246,52519
2017-12-21,15.359999656677246,15.5,15.149999618530273,15.25,425811
2017-12-24,15.25,15.25,15.25,15.25,0
2017-12-25,15.25,15.25,15.25,15.25,0
2017-12-26,15.25,15.100000381469727,15.0,15.100000381469727,6075
2017-12-27,15.100000381469727,16.0,15.5,15.979999542236328,1558273
2017-12-28,15.979999542236328,16.100000381469727,16.0,16.0,184494
2017-12-31,16.0,17.56999969482422,16.5,16.799999237060547,23050
2018-01-01,16.799999237060547,16.799999237060547,16.799999237060547,16.799999237060547,0
2018-01-02,16.799999237060547,16.799999237060547,16.799999237060547,16.799999237060547,0
2018-01-03,17.479999542236328,18.270000457763672,16.510000228881836,17.770000457763672,26513
2018-01-04,17.770000457763672,17.0,17.0,17.770000457763672,1500
2018-01-07,17.770000457763672,17.770000457763672,17.770000457763672,17.770000457763672,0
2018-01-08,17.770000457763672,17.770000457763672,17.770000457763672,17.770000457763672,72265
2018-01-09,17.770000457763672,18.0,17.700000762939453,17.959999084472656,1111800
2018-01-10,17.959999084472656,17.610000610351562,16.709999084472656,17.959999084472656,1121
2018-01-11,17.959999084472656,18.399999618530273,16.510000228881836,17.989999771118164,185600
2018-01-14,17.989999771118164,17.989999771118164,17.989999771118164,17.989999771118164,0
2018-01-15,17.989999771118164,16.899999618530273,16.600000381469727,16.770000457763672,3564
2018-01-16,16.770000457763672,16.799999237060547,16.799999237060547,16.770000457763672,288
2018-01-17,16.770000457763672,16.770000457763672,16.329999923706055,16.760000228881836,449068
2018-01-18,16.760000228881836,17.0,16.020000457763672,16.75,27920
2018-01-21,16.75,16.75,16.75,16.75,0
2018-01-22,16.75,17.25,16.549999237060547,16.75,271250
2018-01-23,16.75,17.100000381469727,16.549999237060547,16.739999771118164,300284
2018-01-24,16.739999771118164,16.75,16.75,16.75,103240
2018-01-25,16.75,16.75,16.75,16.75,0
2018-01-28,16.75,17.0,16.489999771118164,17.0,1236500
2018-01-29,17.0,17.25,16.989999771118164,17.0,2533
2018-01-30,17.0,17.25,16.850000381469727,16.8700008392334,115033
2018-01-31,16.8700008392334,16.979999542236328,16.65999984741211,16.8700008392334,161090
2018-02-01,16.8700008392334,16.889999389648438,16.65999984741211,16.889999389648438,48328
2018-02-04,16.889999389648438,16.899999618530273,16.899999618530273,16.899999618530273,22240
2018-02-05,16.899999618530273,16.90999984741211,16.90999984741211,16.90999984741211,8351
2018-02-06,16.90999984741211,16.90999984741211,16.90999984741211,16.90999984741211,897
2018-02-07,16.90999984741211,16.90999984741211,16.90999984741211,16.90999984741211,0
2018-02-08,16.90999984741211,17.5,17.010000228881836,17.489999771118164,10200
2018-02-11,17.489999771118164,17.489999771118164,17.489999771118164,17.489999771118164,0
2018-02-12,17.489999771118164,17.010000228881836,16.020000457763672,17.010000228881836,515482
2018-02-13,17.010000228881836,17.010000228881836,17.010000228881836,17.010000228881836,0
2018-02-14,17.010000228881836,17.010000228881836,17.010000228881836,17.010000228881836,0
2018-02-15,17.010000228881836,17.5,16.899999618530273,17.43000030517578,41500
2018-02-18,17.43000030517578,17.43000030517578,17.43000030517578,17.43000030517578,0
2018-02-19,17.43000030517578,17.43000030517578,17.43000030517578,17.43000030517578,0
2018-02-20,17.43000030517578,17.43000030517578,17.43000030517578,17.43000030517578,0
2018-02-21,17.43000030517578,17.43000030517578,17.43000030517578,17.43000030517578,0
2018-02-22,17.43000030517578,18.0,16.229999542236328,17.229999542236328,238250
2018-02-25,17.229999542236328,17.229999542236328,17.229999542236328,17.229999542236328,0
2018-02-26,17.229999542236328,17.229999542236328,17.229999542236328,17.229999542236328,0
2018-02-27,17.229999542236328,17.229999542236328,17.229999542236328,17.229999542236328,0
2018-02-28,17.229999542236328,16.399999618530273,16.020000457763672,16.280000686645508,12397
2018-03-01,16.280000686645508,16.850000381469727,16.149999618530273,16.200000762939453,228522
2018-03-04,16.200000762939453,16.899999618530273,14.600000381469727,15.859999656677246,7252
2018-03-05,15.859999656677246,16.469999313354492,16.309999465942383,16.329999923706055,3368
2018-03-06,16.329999923706055,16.350000381469727,16.299999237060547,16.299999237060547,190700
2018-03-07,16.299999237060547,16.75,16.299999237060547,16.65999984741211,612896
2018-03-08,16.65999984741211,16.75,16.75,16.65999984741211,1110
2018-03-11,16.65999984741211,17.799999237060547,17.799999237060547,16.65999984741211,10
2018-03-12,16.65999984741211,17.450000762939453,16.799999237060547,17.440000534057617,488256
2018-03-13,17.440000534057617,18.290000915527344,17.0,17.6299991607666,465586
2018-03-14,17.6299991607666,17.6299991607666,17.6299991607666,17.6299991607666,0
2018-03-15,17.6299991607666,18.0,16.799999237060547,17.639999389648438,98381
2018-03-18,17.639999389648438,17.989999771118164,17.639999389648438,17.639999389648438,160
2018-03-19,17.639999389648438,17.639999389648438,17.639999389648438,17.639999389648438,3123
2018-03-20,17.639999389648438,17.639999389648438,17.639999389648438,17.639999389648438,2590
2018-03-21,17.639999389648438,19.399999618530273,17.979999542236328,18.969999313354492,48274
2018-03-22,18.969999313354492,19.0,18.0,19.0,123382
2018-03-25,19.0,20.799999237060547,20.0,20.09000015258789,3600
2018-03-26,20.09000015258789,20.09000015258789,20.09000015258789,20.09000015258789,0
2018-03-27,20.09000015258789,20.09000015258789,20.09000015258789,20.09000015258789,0
2018-03-28,21.65999984741211,21.989999771118164,19.510000228881836,19.989999771118164,94284
2018-03-29,19.989999771118164,21.950000762939453,19.989999771118164,20.0,433790
2018-04-01,20.0,20.0,19.5,20.0,522
2018-04-02,20.0,19.989999771118164,19.010000228881836,20.0,650
2018-04-03,20.0,21.889999389648438,19.950000762939453,20.079999923706055,18918
2018-04-04,20.079999923706055,19.110000610351562,19.100000381469727,20.079999923706055,560
2018-04-05,20.079999923706055,20.0,19.110000610351562,20.0,733027
2018-04-08,20.0,20.0,20.0,20.0,0
2018-04-09,20.0,20.0,20.0,20.0,0
2018-04-10,20.0,20.0,19.850000381469727,20.0,508590
2018-04-11,20.0,20.0,19.1299991607666,20.0,50780515
2018-04-12,20.0,20.0,20.0,20.0,0
2018-04-15,20.0,20.0,20.0,20.0,0
2018-04-16,20.0,19.899999618530273,18.229999542236328,19.040000915527344,10594
2018-04-17,19.040000915527344,18.959999084472656,18.5,18.520000457763672,11044
2018-04-18,18.520000457763672,18.520000457763672,18.520000457763672,18.520000457763672,0
2018-04-19,18.520000457763672,18.5,18.260000228881836,18.5,134167
2018-04-22,18.5,19.549999237060547,19.549999237060547,18.5,1
2018-04-23,18.5,19.5,19.489999771118164,19.5,10000
2018-04-24,19.5,19.5,19.0,19.239999771118164,421915
2018-04-25,19.239999771118164,19.239999771118164,19.239999771118164,19.239999771118164,0
2018-04-26,19.239999771118164,20.0,19.3700008392334,19.920000076293945,826612
2018-04-29,19.920000076293945,20.530000686645508,20.100000381469727,19.920000076293945,1000
2018-04-30,19.920000076293945,20.010000228881836,20.0,20.0,960773
2018-05-01,20.0,20.0,20.0,20.0,0
2018-05-02,20.0,20.530000686645508,20.0,20.059999465942383,383967
2018-05-03,20.059999465942383,20.0,20.0,20.0,8000
2018-05-06,20.0,20.0,20.0,20.0,0
2018-05-07,20.0,20.0,20.0,20.0,23518
2018-05-08,20.0,20.0,20.0,20.0,125
2018-05-09,20.0,19.0,19.0,20.0,125
2018-05-10,20.0,21.5,19.0,21.350000381469727,2131
2018-05-13,21.350000381469727,21.350000381469727,21.350000381469727,21.350000381469727,0
2018-05-14,21.350000381469727,20.1200008392334,20.0,20.049999237060547,102300
2018-05-15,20.049999237060547,20.0,20.0,20.0,248891
2018-05-16,20.0,21.5,20.0,20.479999542236328,1578468
2018-05-17,20.479999542236328,20.479999542236328,20.479999542236328,20.479999542236328,0
2018-05-20,20.479999542236328,20.479999542236328,20.479999542236328,20.479999542236328,0
2018-05-21,20.479999542236328,20.0,20.0,20.0,1600
2018-05-22,20.0,20.0,20.0,20.0,0
2018-05-23,20.0,20.0,20.0,20.0,0
2018-05-24,20.0,20.0,20.0,20.0,0
2018-05-27,20.0,20.0,20.0,20.0,5000
2018-05-28,20.0,20.0,20.0,20.0,6000
2018-05-29,20.0,20.0,20.0,20.0,39400
2018-05-30,20.0,20.0,20.0,20.0,2000
2018-05-31,20.0,20.0,20.0,20.0,2400
2018-06-03,20.0,20.0,20.0,20.0,7400
2018-06-04,20.0,20.0,20.0,20.0,7400
2018-06-05,20.0,20.0,20.0,20.0,0
2018-06-06,20.0,20.0,20.0,20.0,0
2018-06-07,20.0,19.0,19.0,20.0,610
2018-06-10,20.0,20.0,20.0,20.0,0
2018-06-11,20.0,19.5,19.450000762939453,19.5,2033958
2018-06-12,19.5,19.989999771118164,19.989999771118164,19.5,110
2018-06-13,19.5,19.5,19.5,19.5,74310
2018-06-14,19.5,19.0,19.0,19.0,5000
2018-06-17,19.0,19.0,19.0,19.0,0
2018-06-18,19.0,19.0,19.0,19.0,0
2018-06-19,19.0,19.0,19.0,19.0,384792
2018-06-20,19.0,19.0,17.760000228881836,18.959999084472656,76088
2018-06-21,18.959999084472656,18.959999084472656,18.959999084472656,18.959999084472656,0
2018-06-24,18.959999084472656,18.5,18.5,18.5,5092
2018-06-25,18.5,18.5,18.5,18.5,109847
2018-06-26,18.5,18.5,18.5,18.5,0
2018-06-27,18.5,17.600000381469727,17.600000381469727,18.5,120
2018-06-28,18.5,18.5,18.0,18.5,1545735
2018-07-01,18.5,18.5,18.5,18.5,0
2018-07-02,18.5,18.5,18.5,18.5,0
2018-07-03,18.5,18.5,18.5,18.5,0
2018-07-04,18.5,18.5,18.5,18.5,0
2018-07-05,18.5,18.5,18.5,18.5,0
2018-07-08,18.5,18.0,18.0,18.5,3065
2018-07-09,18.5,18.200000762939453,18.0,18.200000762939453,138824
2018-07-10,18.200000762939453,18.200000762939453,18.200000762939453,18.200000762939453,0
2018-07-11,18.200000762939453,18.5,18.0,18.5,10008
2018-07-12,18.5,19.149999618530273,18.5,18.639999389648438,21590
2018-07-15,18.639999389648438,18.639999389648438,18.639999389648438,18.639999389648438,0
2018-07-16,18.639999389648438,18.75,18.5,18.610000610351562,11000
2018-07-17,18.610000610351562,18.75,18.75,18.610000610351562,1000
2018-07-18,18.610000610351562,18.610000610351562,18.610000610351562,18.610000610351562,0
2018-07-19,18.610000610351562,18.610000610351562,18.610000610351562,18.610000610351562,0
2018-07-22,18.610000610351562,18.610000610351562,18.610000610351562,18.610000610351562,0
2018-07-23,18.610000610351562,18.610000610351562,18.610000610351562,18.610000610351562,0
2018-07-24,18.610000610351562,18.799999237060547,18.75,18.790000915527344,6730
2018-07-25,18.790000915527344,18.899999618530273,18.899999618530273,18.899999618530273,365377
2018-07-26,18.899999618530273,18.899999618530273,18.899999618530273,18.899999618530273,61190
2018-07-29,18.899999618530273,18.899999618530273,18.899999618530273,18.899999618530273,0
2018-07-30,18.899999618530273,18.899999618530273,18.899999618530273,18.899999618530273,0
2018-07-31,18.899999618530273,18.899999618530273,18.899999618530273,18.899999618530273,0
2018-08-01,18.899999618530273,18.899999618530273,17.25,18.84000015258789,61425
2018-08-02,18.84000015258789,20.190000534057617,17.030000686645508,18.84000015258789,1036
2018-08-05,18.84000015258789,18.84000015258789,18.84000015258789,18.84000015258789,0
2018-08-06,18.84000015258789,18.84000015258789,18.84000015258789,18.84000015258789,0
2018-08-07,18.84000015258789,18.84000015258789,18.84000015258789,18.84000015258789,0
2018-08-08,18.84000015258789,18.84000015258789,18.84000015258789,18.84000015258789,0
2018-08-09,18.84000015258789,17.520000457763672,17.110000610351562,18.84000015258789,1498
2018-08-12,18.84000015258789,18.84000015258789,18.84000015258789,18.84000015258789,0
2018-08-13,18.84000015258789,18.84000015258789,18.84000015258789,18.84000015258789,0
2018-08-14,18.84000015258789,18.780000686645508,18.780000686645508,18.780000686645508,474594
2018-08-15,18.780000686645508,18.780000686645508,18.780000686645508,18.780000686645508,0
2018-08-16,18.780000686645508,18.780000686645508,18.780000686645508,18.780000686645508,0
2018-08-19,18.780000686645508,18.780000686645508,18.780000686645508,18.780000686645508,0
2018-08-20,18.780000686645508,18.780000686645508,18.780000686645508,18.780000686645508,0
2018-08-21,18.780000686645508,18.780000686645508,18.780000686645508,18.780000686645508,0
2018-08-22,18.780000686645508,18.780000686645508,18.780000686645508,18.780000686645508,0
2018-08-23,18.780000686645508,18.780000686645508,18.780000686645508,18.780000686645508,0
2018-08-26,18.780000686645508,18.780000686645508,18.780000686645508,18.780000686645508,0
2018-08-27,18.780000686645508,18.780000686645508,18.780000686645508,18.780000686645508,0
2018-08-28,18.780000686645508,18.780000686645508,18.780000686645508,18.780000686645508,0
2018-08-29,18.780000686645508,18.780000686645508,18.780000686645508,18.780000686645508,0
2018-08-30,18.780000686645508,18.780000686645508,18.780000686645508,18.780000686645508,0
2018-09-02,18.780000686645508,18.5,18.5,18.5,21101
2018-09-03,18.5,18.5,17.5,18.450000762939453,40950
2018-09-04,18.450000762939453,18.450000762939453,18.450000762939453,18.450000762939453,0
2018-09-05,18.450000762939453,18.43000030517578,17.06999969482422,18.43000030517578,258129
2018-09-06,18.43000030517578,18.420000076293945,18.389999389648438,18.40999984741211,1293195
2018-09-09,18.40999984741211,17.079999923706055,17.079999923706055,18.40999984741211,286
2018-09-10,18.40999984741211,18.40999984741211,18.40999984741211,18.40999984741211,0
2018-09-11,18.40999984741211,18.40999984741211,18.40999984741211,18.40999984741211,0
2018-09-12,18.40999984741211,17.899999618530273,17.770000457763672,18.40999984741211,1000
2018-09-13,18.40999984741211,18.40999984741211,18.0,18.40999984741211,1079697
2018-09-16,18.40999984741211,18.40999984741211,18.40999984741211,18.40999984741211,0
2018-09-17,18.40999984741211,18.40999984741211,18.40999984741211,18.40999984741211,0
2018-09-18,18.40999984741211,18.0,18.0,18.40999984741211,5000
2018-09-19,18.40999984741211,18.40999984741211,18.40999984741211,18.40999984741211,0
2018-09-20,18.40999984741211,18.40999984741211,18.40999984741211,18.40999984741211,0
2018-09-23,18.40999984741211,18.40999984741211,18.40999984741211,18.40999984741211,0
2018-09-24,18.40999984741211,18.40999984741211,18.40999984741211,18.40999984741211,0
2018-09-25,18.40999984741211,16.579999923706055,16.56999969482422,18.40999984741211,4340
2018-09-26,18.40999984741211,16.56999969482422,16.56999969482422,18.40999984741211,190
2018-09-27,18.40999984741211,16.899999618530273,16.56999969482422,16.729999542236328,25060
2018-09-30,16.729999542236328,15.0600004196167,15.0600004196167,16.729999542236328,3312
2018-10-01,16.729999542236328,16.729999542236328,16.729999542236328,16.729999542236328,0
2018-10-02,16.729999542236328,15.5,15.479999542236328,15.5,5150
2018-10-03,15.5,16.979999542236328,14.979999542236328,15.220000267028809,88102
2018-10-04,15.220000267028809,15.220000267028809,15.220000267028809,15.220000267028809,0
2018-10-07,15.220000267028809,15.220000267028809,15.220000267028809,15.220000267028809,0
2018-10-08,15.220000267028809,14.75,13.699999809265137,14.75,100200
2018-10-09,14.75,14.0,13.699999809265137,13.819999694824219,2548177
2018-10-10,13.819999694824219,13.819999694824219,13.819999694824219,13.819999694824219,0
2018-10-11,13.819999694824219,13.0,13.0,13.819999694824219,200
2018-10-14,13.819999694824219,13.779999732971191,13.0,13.0,2670
2018-10-15,13.0,13.0,13.0,13.0,0
2018-10-16,13.0,13.0,13.0,13.0,146574
2018-10-17,13.0,14.0,13.760000228881836,14.0,77630
2018-10-18,14.0,14.0,14.0,14.0,0
2018-10-21,14.0,14.0,14.0,14.0,0
2018-10-22,14.0,14.0,13.979999542236328,14.0,37692
2018-10-23,14.0,14.0,13.829999923706055,13.829999923706055,2358
2018-10-24,13.829999923706055,13.829999923706055,13.829999923706055,13.829999923706055,0
2018-10-25,13.829999923706055,13.829999923706055,13.829999923706055,13.829999923706055,0
2018-10-28,13.829999923706055,14.0,13.020000457763672,13.829999923706055,384
2018-10-29,13.829999923706055,13.829999923706055,13.829999923706055,13.829999923706055,0
2018-10-30,13.829999923706055,14.0,13.199999809265137,13.829999923706055,2030
2018-10-31,13.829999923706055,13.800000190734863,13.800000190734863,13.800000190734863,3070956
2018-11-01,13.800000190734863,14.300000190734863,13.800000190734863,13.800000190734863,3470227
2018-11-04,13.800000190734863,14.5,14.479999542236328,13.800000190734863,80
2018-11-05,13.800000190734863,14.600000381469727,13.819999694824219,13.800000190734863,50
2018-11-06,13.800000190734863,13.800000190734863,13.800000190734863,13.800000190734863,0
2018-11-07,13.800000190734863,13.800000190734863,13.800000190734863,13.800000190734863,0
2018-11-08,13.800000190734863,13.800000190734863,13.800000190734863,13.800000190734863,0
2018-11-11,13.800000190734863,13.84000015258789,13.84000015258789,13.800000190734863,1100
2018-11-12,13.800000190734863,13.800000190734863,13.800000190734863,13.800000190734863,99239
2018-11-13,13.800000190734863,14.0,13.800000190734863,13.800000190734863,100000
2018-11-14,13.800000190734863,14.5,14.5,13.800000190734863,279
2018-11-15,13.800000190734863,14.920000076293945,14.800000190734863,13.800000190734863,200
2018-11-18,13.800000190734863,14.789999961853027,14.75,13.800000190734863,378
2018-11-19,13.800000190734863,15.180000305175781,14.789999961853027,13.800000190734863,1327
2018-11-20,13.800000190734863,13.800000190734863,13.800000190734863,13.800000190734863,0
2018-11-21,13.800000190734863,14.0,14.0,14.0,107649
2018-11-22,14.0,14.0,14.0,14.0,0
2018-11-25,14.0,14.0,14.0,14.0,0
2018-11-26,14.0,14.029999732971191,14.0,14.010000228881836,854218
2018-11-27,14.010000228881836,14.0,14.0,14.0,2148772
2018-11-28,14.0,14.0,14.0,14.0,413510
2018-11-29,14.0,14.010000228881836,14.0,14.0,29175
2018-12-02,14.0,14.0,14.0,14.0,0
2018-12-03,14.0,14.199999809265137,14.199999809265137,14.0,330
2018-12-04,14.0,14.0,14.0,14.0,0
2018-12-05,14.0,14.0,14.0,14.0,155170
2018-12-06,14.0,14.0,14.0,14.0,0
2018-12-09,14.0,14.0,12.600000381469727,13.979999542236328,24346
2018-12-10,13.979999542236328,13.979999542236328,13.979999542236328,13.979999542236328,0
2018-12-11,13.979999542236328,14.0,13.510000228881836,13.989999771118164,14920
2018-12-12,13.989999771118164,14.0,14.0,13.989999771118164,425
2018-12-13,13.989999771118164,13.989999771118164,13.989999771118164,13.989999771118164,0
2018-12-16,13.989999771118164,13.989999771118164,13.989999771118164,13.989999771118164,0
2018-12-17,13.989999771118164,14.0,14.0,14.0,18776
2018-12-18,14.0,13.979999542236328,13.979999542236328,14.0,20
2018-12-19,14.0,14.0,14.0,14.0,0
2018-12-20,14.0,14.0,12.699999809265137,14.0,13163360
2018-12-23,14.0,14.0,14.0,14.0,0
2018-12-24,14.0,14.0,14.0,14.0,0
2018-12-25,14.0,14.0,14.0,14.0,0
2018-12-26,14.0,14.0,14.0,14.0,0
2018-12-27,14.0,14.0,13.989999771118164,14.0,1246275
2018-12-30,14.0,14.0,14.0,14.0,11855
2018-12-31,14.0,14.0,14.0,14.0,0
2019-01-01,14.0,14.0,14.0,14.0,0
2019-01-02,14.0,14.020000457763672,14.0,14.0,94500
2019-01-03,14.0,15.399999618530273,15.399999618530273,14.0,2
2019-01-06,14.0,14.0,14.0,14.0,0
2019-01-07,14.0,14.0,14.0,14.0,0
2019-01-08,14.0,14.25,14.0,14.0,1708
2019-01-09,14.0,14.0,14.0,14.0,569008
2019-01-10,14.0,14.8100004196167,14.0,14.0,1263680
2019-01-13,14.0,14.0,14.0,14.0,0
2019-01-14,14.0,14.0,14.0,14.0,4545
2019-01-15,14.0,14.0,14.0,14.0,0
2019-01-16,14.0,14.0,14.0,14.0,0
2019-01-17,14.0,14.0,14.0,14.0,962
2019-01-20,14.0,14.0,14.0,14.0,870
2019-01-21,14.0,14.069999694824219,14.0,14.010000228881836,2603736
2019-01-22,14.010000228881836,14.149999618530273,14.149999618530273,14.010000228881836,961
2019-01-23,14.010000228881836,14.149999618530273,14.149999618530273,14.010000228881836,500
2019-01-24,14.010000228881836,14.010000228881836,14.010000228881836,14.010000228881836,0
2019-01-27,14.010000228881836,14.010000228881836,14.010000228881836,14.010000228881836,0
2019-01-28,14.010000228881836,14.010000228881836,14.010000228881836,14.010000228881836,0
2019-01-29,14.010000228881836,14.5600004196167,14.25,14.25,315018
2019-01-30,14.25,14.25,14.25,14.25,0
2019-01-31,14.25,14.25,14.25,14.25,478532
2019-02-03,14.25,14.0,13.0,13.670000076293945,17482
2019-02-04,13.670000076293945,13.010000228881836,13.0,13.0,24302
2019-02-05,13.0,13.0,13.0,13.0,0
2019-02-06,13.0,13.0,13.0,13.0,0
2019-02-07,13.0,13.0,13.0,13.0,0
2019-02-10,13.0,14.0,13.5,13.859999656677246,4950
2019-02-11,13.859999656677246,13.859999656677246,13.859999656677246,13.859999656677246,0
2019-02-12,13.859999656677246,14.0,14.0,14.0,230154
2019-02-13,14.0,15.239999771118164,14.5,15.199999809265137,2409
2019-02-14,15.199999809265137,15.399999618530273,13.6899995803833,14.850000381469727,19496
2019-02-17,14.850000381469727,16.329999923706055,15.399999618530273,16.200000762939453,5229
2019-02-18,16.200000762939453,16.200000762939453,16.200000762939453,16.200000762939453,208605
2019-02-19,16.200000762939453,16.200000762939453,16.200000762939453,16.200000762939453,402771
2019-02-20,16.200000762939453,17.489999771118164,17.489999771118164,16.200000762939453,250
2019-02-21,16.200000762939453,16.200000762939453,16.200000762939453,16.200000762939453,0
2019-02-24,16.200000762939453,16.5,16.5,16.5,8750
2019-02-25,16.5,17.0,17.0,17.0,5000
2019-02-26,17.0,17.0,17.0,17.0,9722
2019-02-27,17.0,17.0,17.0,17.0,245460
2019-02-28,17.0,17.600000381469727,17.600000381469727,17.600000381469727,5000
2019-03-03,17.600000381469727,17.600000381469727,17.600000381469727,17.600000381469727,27000
2019-03-04,17.600000381469727,17.75,17.600000381469727,17.729999542236328,635610
2019-03-05,17.729999542236328,17.799999237060547,17.75,17.760000228881836,23000
2019-03-06,17.760000228881836,18.0,17.75,17.75,352317
2019-03-07,17.75,18.0,17.75,17.940000534057617,72625
2019-03-10,17.940000534057617,18.0,18.0,18.0,5474
2019-03-11,18.0,19.799999237060547,18.200000762939453,19.56999969482422,3160
2019-03-12,19.56999969482422,19.799999237060547,19.56999969482422,19.719999313354492,695460
2019-03-13,19.719999313354492,19.850000381469727,19.719999313354492,19.81999969482422,95400
2019-03-14,19.81999969482422,19.81999969482422,19.5,19.81999969482422,280000
2019-03-17,19.81999969482422,19.81999969482422,19.81999969482422,19.81999969482422,20000
2019-03-18,19.81999969482422,19.81999969482422,19.81999969482422,19.81999969482422,20000
2019-03-19,19.81999969482422,19.81999969482422,19.0,19.649999618530273,30300
2019-03-20,19.649999618530273,19.790000915527344,19.0,19.399999618530273,10145
2019-03-21,19.399999618530273,19.799999237060547,19.790000915527344,19.799999237060547,33622
2019-03-24,19.799999237060547,19.799999237060547,19.799999237060547,19.799999237060547,0
2019-03-25,19.799999237060547,19.770000457763672,18.25,18.440000534057617,107956
2019-03-26,18.440000534057617,19.479999542236328,19.0,19.0,1180697
2019-03-27,19.0,19.5,19.0,19.489999771118164,200130
2019-03-28,19.489999771118164,20.0,19.5,19.8799991607666,203796
2019-03-31,19.8799991607666,20.0,19.5,19.959999084472656,283025
2019-04-01,19.959999084472656,20.0,19.989999771118164,20.0,149078
2019-04-02,20.0,20.0,20.0,20.0,74584
2019-04-03,20.0,20.0,20.0,20.0,88448
2019-04-04,20.0,20.0,20.0,20.0,444346
2019-04-07,20.0,20.0,20.0,20.0,0
2019-04-08,20.0,19.020000457763672,19.0,19.0,224529
2019-04-09,19.0,20.100000381469727,19.899999618530273,20.049999237060547,2050
2019-04-10,20.049999237060547,20.399999618530273,20.0,20.010000228881836,5331
2019-04-11,20.010000228881836,20.0,20.0,20.010000228881836,400
2019-04-14,20.0,20.0,20.0,20.0,13404
2019-04-15,20.0,19.989999771118164,19.0,19.0,348513
2019-04-16,19.0,20.0,19.0,19.690000534057617,13906
2019-04-17,19.690000534057617,20.0,19.950000762939453,19.979999542236328,39027
2019-04-18,19.979999542236328,20.0,19.989999771118164,20.0,18169
2019-04-21,20.0,20.0,20.0,20.0,0
2019-04-22,20.0,20.0,18.010000228881836,19.989999771118164,166859
2019-04-23,19.989999771118164,19.989999771118164,19.989999771118164,19.989999771118164,0
2019-04-24,19.989999771118164,20.0,19.989999771118164,20.0,36608
2019-04-25,20.0,20.0,20.0,20.0,0
2019-04-28,20.0,20.0,20.0,20.0,0
2019-04-29,20.0,20.0,20.0,20.0,0
2019-04-30,20.0,20.0,19.989999771118164,20.0,200000
2019-05-01,20.0,20.0,20.0,20.0,0
2019-05-02,20.0,20.0,19.989999771118164,20.0,65789
2019-05-05,20.0,20.0,20.0,20.0,0
2019-05-06,20.0,20.0,20.0,20.0,0
2019-05-07,20.0,20.0,20.0,20.0,0
2019-05-08,20.0,20.0,19.989999771118164,20.0,5000
2019-05-09,20.0,20.0,19.989999771118164,20.0,166000
2019-05-12,20.0,20.0,20.0,20.0,0
2019-05-13,20.0,20.0,19.5,20.0,1168050
2019-05-14,20.0,20.0,20.0,20.0,318443
2019-05-15,20.0,21.0,21.0,20.0,150
2019-05-16,20.0,20.5,19.979999542236328,20.010000228881836,84474
2019-05-19,20.010000228881836,20.010000228881836,20.010000228881836,20.010000228881836,0
2019-05-20,20.010000228881836,20.010000228881836,20.010000228881836,20.010000228881836,0
2019-05-21,20.010000228881836,20.0,20.0,20.0,134562
2019-05-22,20.0,20.0,20.0,20.0,245397
2019-05-23,20.0,20.0,20.0,20.0,145337
2019-05-26,20.0,20.0,20.0,20.0,0
2019-05-27,20.0,20.0,20.0,20.0,160875
2019-05-28,20.0,20.0,20.0,20.0,6000
2019-05-29,20.0,20.0,20.0,20.0,0
2019-05-30,20.0,20.200000762939453,20.200000762939453,20.0,300
2019-06-02,20.0,20.0,20.0,20.0,0
2019-06-03,20.0,20.0,20.0,20.0,0
2019-06-04,20.0,20.0,20.0,20.0,0
2019-06-05,20.0,20.0,20.0,20.0,0
2019-06-06,20.0,20.0,20.0,20.0,0
2019-06-09,20.0,20.0,20.0,20.0,0
2019-06-10,20.0,20.0,20.0,20.0,12903
2019-06-11,20.0,20.0,20.0,20.0,0
2019-06-12,20.0,20.0,20.0,20.0,219000
2019-06-13,20.0,20.0,19.989999771118164,20.0,2000
2019-06-16,20.0,20.0,20.0,20.0,0
2019-06-17,20.0,19.5,19.5,19.5,3263581
2019-06-18,19.5,19.0,19.0,19.0,265000
2019-06-19,19.0,19.0,19.0,19.0,2200000
2019-06-20,19.0,19.0,19.0,19.0,702365
2019-06-23,19.0,20.0,20.0,20.0,3000
2019-06-24,20.0,20.0,20.0,20.0,0
2019-06-25,20.0,20.0,20.0,20.0,100000
2019-06-26,20.0,20.0,19.899999618530273,19.989999771118164,195140
2019-06-27,19.989999771118164,21.0,20.0,20.09000015258789,392314
2019-06-30,20.09000015258789,20.09000015258789,20.09000015258789,20.09000015258789,0
2019-07-01,20.09000015258789,20.09000015258789,20.09000015258789,20.09000015258789,0
2019-07-02,20.09000015258789,20.0,20.0,20.0,3334
2019-07-03,20.0,20.0,20.0,20.0,0
2019-07-04,20.0,20.0,19.5,19.809999465942383,234349
2019-07-07,19.809999465942383,19.809999465942383,19.809999465942383,19.809999465942383,0
2019-07-08,19.809999465942383,19.809999465942383,19.809999465942383,19.809999465942383,0
2019-07-09,19.809999465942383,19.809999465942383,19.809999465942383,19.809999465942383,0
2019-07-10,19.809999465942383,19.809999465942383,19.809999465942383,19.809999465942383,0
2019-07-11,19.809999465942383,19.700000762939453,19.0,19.43000030517578,189400
2019-07-14,19.43000030517578,19.43000030517578,19.43000030517578,19.43000030517578,0
2019-07-15,19.43000030517578,19.389999389648438,19.31999969482422,19.34000015258789,514360
2019-07-16,19.34000015258789,19.34000015258789,19.34000015258789,19.34000015258789,0
2019-07-17,19.34000015258789,19.0,17.75,19.0,150002
2019-07-18,19.0,19.5,19.0,19.010000228881836,447628
2019-07-21,19.010000228881836,19.0,19.0,19.010000228881836,135
2019-07-22,19.010000228881836,18.979999542236328,18.979999542236328,18.979999542236328,52207
2019-07-23,18.979999542236328,18.979999542236328,18.979999542236328,18.979999542236328,0
2019-07-24,18.979999542236328,18.979999542236328,18.979999542236328,18.979999542236328,205540
2019-07-25,18.979999542236328,19.0,19.0,19.0,163620
2019-07-28,19.0,19.0,19.0,19.0,0
2019-07-29,19.0,19.0,19.0,19.0,177887
2019-07-30,19.0,18.989999771118164,18.989999771118164,18.989999771118164,350000
2019-07-31,18.989999771118164,19.0,19.0,19.0,77047
2019-08-01,19.0,19.0,19.0,19.0,0
2019-08-04,19.0,19.0,19.0,19.0,0
2019-08-05,19.0,19.0,18.0,18.969999313354492,79390
2019-08-06,18.969999313354492,19.0,19.0,19.0,4953
2019-08-07,19.0,19.0,19.0,19.0,0
2019-08-08,19.0,19.0,19.0,19.0,5000
2019-08-11,19.0,19.0,19.0,19.0,0
2019-08-12,19.0,19.0,19.0,19.0,0
2019-08-13,19.0,19.0,19.0,19.0,0
2019-08-14,19.0,18.5,18.5,18.5,66749
2019-08-15,18.5,18.899999618530273,18.899999618530273,18.899999618530273,6250
2019-08-18,18.899999618530273,18.25,18.0,18.239999771118164,69348
2019-08-19,18.239999771118164,18.239999771118164,18.239999771118164,18.239999771118164,0
2019-08-20,18.239999771118164,19.989999771118164,18.350000381469727,19.690000534057617,12222
2019-08-21,19.690000534057617,18.149999618530273,18.0,18.09000015258789,6160
2019-08-22,18.09000015258789,18.5,18.0,18.440000534057617,23299
2019-08-25,18.440000534057617,18.0,17.700000762939453,17.950000762939453,3253
2019-08-26,17.950000762939453,18.5,17.700000762939453,18.059999465942383,28790
2019-08-27,18.059999465942383,17.770000457763672,17.690000534057617,17.690000534057617,457200
2019-08-28,17.690000534057617,18.0,17.690000534057617,17.950000762939453,98450
2019-08-29,17.950000762939453,17.59000015258789,17.59000015258789,17.950000762939453,300
2019-09-01,17.950000762939453,17.950000762939453,17.950000762939453,17.950000762939453,0
2019-09-02,17.520000457763672,17.700000762939453,17.520000457763672,17.520000457763672,590
2019-09-03,17.520000457763672,17.020000457763672,17.0,17.520000457763672,500
2019-09-04,17.520000457763672,17.0,17.0,17.0,5010
2019-09-05,17.0,17.399999618530273,17.399999618530273,17.399999618530273,30000
2019-09-08,17.399999618530273,17.399999618530273,17.170000076293945,17.399999618530273,1086
2019-09-09,17.399999618530273,17.280000686645508,17.0,17.190000534057617,7500
2019-09-10,17.190000534057617,16.5,16.0,16.270000457763672,13165
2019-09-11,16.270000457763672,16.989999771118164,16.0,16.43000030517578,986047
2019-09-12,16.43000030517578,18.0,16.100000381469727,17.350000381469727,221185
2019-09-15,17.350000381469727,17.350000381469727,17.350000381469727,17.350000381469727,0
2019-09-16,17.350000381469727,15.850000381469727,15.630000114440918,17.350000381469727,1000
2019-09-17,17.350000381469727,16.799999237060547,15.619999885559082,15.739999771118164,125169
2019-09-18,15.739999771118164,17.0,14.170000076293945,16.760000228881836,1469220
2019-09-19,16.760000228881836,16.489999771118164,16.489999771118164,16.760000228881836,150
2019-09-22,16.760000228881836,16.760000228881836,16.760000228881836,16.760000228881836,0
2019-09-23,16.760000228881836,15.100000381469727,15.100000381469727,16.760000228881836,300
2019-09-24,16.760000228881836,16.760000228881836,16.760000228881836,16.760000228881836,0
2019-09-25,16.760000228881836,16.989999771118164,16.0,16.950000762939453,17000
2019-09-26,16.950000762939453,16.950000762939453,16.950000762939453,16.950000762939453,0
2019-09-29,16.950000762939453,16.950000762939453,16.950000762939453,16.950000762939453,0
2019-09-30,16.950000762939453,17.0,16.450000762939453,16.989999771118164,24532
2019-10-01,16.989999771118164,16.989999771118164,16.989999771118164,16.989999771118164,0
2019-10-02,16.989999771118164,15.710000038146973,15.600000381469727,15.600000381469727,1381082
2019-10-03,15.600000381469727,15.600000381469727,15.600000381469727,15.600000381469727,11710
2019-10-07,15.600000381469727,15.600000381469727,15.600000381469727,15.600000381469727,0
2019-10-08,15.600000381469727,15.600000381469727,15.600000381469727,15.600000381469727,475296
2019-10-09,15.600000381469727,15.699999809265137,15.699999809265137,15.699999809265137,3742
2019-10-10,15.699999809265137,16.0,15.699999809265137,15.710000038146973,21539
2019-10-13,15.710000038146973,15.25,14.270000457763672,15.710000038146973,150
2019-10-14,15.710000038146973,14.699999809265137,14.699999809265137,15.710000038146973,30
2019-10-15,15.710000038146973,15.0,15.0,15.0,14840
2019-10-16,15.0,15.960000038146973,15.859999656677246,15.960000038146973,2857
2019-10-17,15.960000038146973,16.0,16.0,16.0,7143
2019-10-20,16.0,16.0,16.0,16.0,0
2019-10-21,16.0,16.0,16.0,16.0,0
2019-10-22,16.0,16.0,16.0,16.0,0
2019-10-23,16.0,16.0,16.0,16.0,0
2019-10-24,16.0,15.899999618530273,15.5,15.5,200012
2019-10-27,15.5,15.5,15.5,15.5,10000
2019-10-28,15.5,15.800000190734863,15.5,15.520000457763672,140470
2019-10-29,15.520000457763672,15.5,15.5,15.5,5102
2019-10-30,15.5,15.5,15.5,15.5,0
2019-10-31,15.5,15.5,15.199999809265137,15.5,860120
2019-11-03,15.5,15.5,15.5,15.5,3000
2019-11-04,15.5,15.5,15.5,15.5,0
2019-11-05,15.5,15.100000381469727,15.0,15.0,107950
2019-11-06,15.0,15.300000190734863,15.0,15.149999618530273,10000
2019-11-07,15.149999618530273,15.5,15.149999618530273,15.180000305175781,31160
2019-11-11,15.180000305175781,15.5,15.5,15.180000305175781,148
2019-11-12,15.180000305175781,15.180000305175781,15.180000305175781,15.180000305175781,0
2019-11-13,15.180000305175781,15.0,15.0,15.0,326565
2019-11-14,15.0,15.5,15.5,15.5,10701
2019-11-17,15.5,15.5600004196167,15.489999771118164,15.520000457763672,10000
2019-11-18,15.520000457763672,15.520000457763672,15.520000457763672,15.520000457763672,0
2019-11-19,15.520000457763672,15.579999923706055,15.0,15.569999694824219,347627
2019-11-20,15.569999694824219,15.180000305175781,15.180000305175781,15.569999694824219,200
2019-11-21,15.569999694824219,15.010000228881836,15.0,15.569999694824219,1203
2019-11-24,15.569999694824219,15.0,15.0,15.0,3765
2019-11-25,15.0,15.0,15.0,15.0,1156771
2019-11-26,15.0,14.5,13.550000190734863,14.489999771118164,375055
2019-11-27,14.489999771118164,14.0,14.0,14.0,100000
2019-11-28,14.0,15.0,14.0,14.729999542236328,11200
2019-12-01,14.729999542236328,14.9399995803833,14.9399995803833,14.729999542236328,100
2019-12-02,14.729999542236328,15.5,15.5,14.729999542236328,100
2019-12-03,14.729999542236328,14.729999542236328,14.729999542236328,14.729999542236328,0
2019-12-04,13.829999923706055,14.970000267028809,13.800000190734863,13.800000190734863,1139210
2019-12-05,13.800000190734863,14.869999885559082,14.0,14.0,374992
2019-12-08,14.0,14.850000381469727,13.899999618530273,13.90999984741211,4698
2019-12-09,13.90999984741211,14.0,13.899999618530273,13.90999984741211,902
2019-12-10,13.90999984741211,13.899999618530273,13.800000190734863,13.850000381469727,120939
2019-12-11,13.850000381469727,13.899999618530273,13.5,13.529999732971191,644161
2019-12-12,13.529999732971191,13.529999732971191,13.529999732971191,13.529999732971191,0
2019-12-15,13.529999732971191,14.600000381469727,13.449999809265137,13.529999732971191,945
2019-12-16,13.529999732971191,14.25,13.479999542236328,13.5,2635251
2019-12-17,13.5,14.84000015258789,13.5,13.5,285831
2019-12-18,13.5,13.800000190734863,13.5,13.5,426337
2019-12-19,13.5,14.75,13.5,13.670000076293945,182676
2019-12-22,13.670000076293945,13.850000381469727,13.5,13.529999732971191,3030
2019-12-23,13.529999732971191,14.0,13.800000190734863,13.859999656677246,133294
2019-12-24,13.859999656677246,14.0,13.899999618530273,13.960000038146973,61270
2019-12-25,13.960000038146973,14.75,14.010000228881836,13.960000038146973,110
2019-12-26,13.960000038146973,14.199999809265137,14.0,14.010000228881836,25600
2019-12-29,14.010000228881836,14.75,14.75,14.010000228881836,10
2019-12-30,14.010000228881836,14.680000305175781,14.510000228881836,14.569999694824219,66862
2019-12-31,14.569999694824219,15.0,14.699999809265137,14.979999542236328,68692
2020-01-02,14.979999542236328,15.220000267028809,14.510000228881836,14.970000267028809,49160
2020-01-05,14.970000267028809,15.350000381469727,14.510000228881836,14.970000267028809,370
2020-01-06,14.970000267028809,14.800000190734863,14.800000190734863,14.970000267028809,70
2020-01-08,14.970000267028809,14.600000381469727,14.5,14.5,671849
2020-01-09,14.5,15.430000305175781,14.649999618530273,14.800000190734863,108168
2020-01-12,14.800000190734863,15.0,14.970000267028809,14.989999771118164,2050
2020-01-13,14.989999771118164,14.800000190734863,14.800000190734863,14.800000190734863,11281
2020-01-14,14.800000190734863,14.970000267028809,14.800000190734863,14.800000190734863,1722621
2020-01-15,14.800000190734863,14.989999771118164,14.800000190734863,14.800000190734863,936094
2020-01-16,14.800000190734863,14.800000190734863,14.800000190734863,14.800000190734863,0
2020-01-19,14.800000190734863,14.800000190734863,14.800000190734863,14.800000190734863,0
2020-01-20,14.800000190734863,14.800000190734863,14.800000190734863,14.800000190734863,0
2020-01-21,14.800000190734863,14.600000381469727,14.59000015258789,14.600000381469727,1000100
2020-01-22,14.600000381469727,14.789999961853027,14.5,14.520000457763672,760145
2020-01-23,14.520000457763672,14.699999809265137,13.5,14.5,362161
2020-01-26,14.5,15.75,14.0,14.720000267028809,5198
2020-01-27,14.720000267028809,15.699999809265137,13.630000114440918,14.5,1704394
2020-01-28,14.5,14.989999771118164,14.800000190734863,14.5,103
2020-01-29,14.5,14.5,14.5,14.5,0
2020-01-30,14.5,14.899999618530273,14.0,14.0,1472847
2020-02-02,14.0,14.0,14.0,14.0,0
2020-02-03,14.0,14.949999809265137,14.0,14.010000228881836,27376
2020-02-04,14.010000228881836,14.949999809265137,13.850000381469727,13.850000381469727,2827790
2020-02-05,13.850000381469727,13.850000381469727,13.850000381469727,13.850000381469727,0
2020-02-06,13.850000381469727,13.850000381469727,13.850000381469727,13.850000381469727,0
2020-02-09,13.850000381469727,14.829999923706055,13.850000381469727,13.850000381469727,83003
2020-02-10,13.850000381469727,14.489999771118164,13.850000381469727,13.850000381469727,1728150
2020-02-11,13.850000381469727,14.5,13.75,13.850000381469727,1257716
2020-02-12,13.850000381469727,14.84000015258789,13.800000190734863,13.850000381469727,270102
2020-02-13,13.850000381469727,13.850000381469727,13.850000381469727,13.850000381469727,126370
2020-02-16,13.850000381469727,13.760000228881836,13.760000228881836,13.760000228881836,5000
2020-02-17,13.760000228881836,13.850000381469727,13.850000381469727,13.850000381469727,88690
2020-02-18,13.850000381469727,13.850000381469727,13.800000190734863,13.850000381469727,37310
2020-02-19,13.850000381469727,13.850000381469727,13.850000381469727,13.850000381469727,0
2020-02-20,13.850000381469727,13.850000381469727,13.850000381469727,13.850000381469727,0
2020-02-23,13.850000381469727,13.989999771118164,13.899999618530273,13.949999809265137,2400
2020-02-24,13.949999809265137,13.949999809265137,13.949999809265137,13.949999809265137,0
2020-02-25,13.949999809265137,13.600000381469727,13.600000381469727,13.949999809265137,50
2020-02-26,13.949999809265137,13.949999809265137,13.949999809265137,13.949999809265137,0
2020-02-27,13.949999809265137,13.949999809265137,13.949999809265137,13.949999809265137,60049
2020-03-01,13.949999809265137,13.989999771118164,13.0,13.949999809265137,1560
2020-03-02,13.949999809265137,13.949999809265137,13.949999809265137,13.949999809265137,0
2020-03-03,13.949999809265137,13.949999809265137,13.949999809265137,13.949999809265137,230000
2020-03-04,13.949999809265137,13.9399995803833,13.5,13.930000305175781,13195
2020-03-05,13.930000305175781,13.930000305175781,13.930000305175781,13.930000305175781,0
2020-03-08,13.930000305175781,13.930000305175781,13.930000305175781,13.930000305175781,0
2020-03-09,13.930000305175781,13.0,12.539999961853027,13.930000305175781,1010
2020-03-10,13.930000305175781,13.0,12.989999771118164,13.0,39940
2020-03-11,13.0,12.989999771118164,12.9399995803833,12.989999771118164,18645
2020-03-15,12.989999771118164,14.199999809265137,14.199999809265137,12.989999771118164,1
2020-03-16,12.989999771118164,11.989999771118164,11.699999809265137,12.989999771118164,1486
2020-03-17,12.989999771118164,11.699999809265137,11.699999809265137,12.989999771118164,94
2020-03-18,12.989999771118164,11.699999809265137,11.699999809265137,12.989999771118164,100
2020-03-19,12.989999771118164,11.699999809265137,11.699999809265137,11.699999809265137,320460
2020-03-22,11.699999809265137,11.399999618530273,10.529999732971191,11.149999618530273,305260
2020-03-23,11.149999618530273,11.149999618530273,10.050000190734863,10.770000457763672,587846
2020-03-24,10.770000457763672,10.199999809265137,9.699999809265137,9.710000038146973,2972077
2020-03-25,9.710000038146973,9.949999809265137,9.699999809265137,9.699999809265137,780540
2020-03-26,9.699999809265137,10.0,9.699999809265137,9.699999809265137,100225
2020-03-29,9.699999809265137,9.699999809265137,9.4399995803833,9.569999694824219,7180
2020-03-30,9.569999694824219,9.6899995803833,8.619999885559082,9.569999694824219,1048
2020-03-31,9.569999694824219,9.0,8.619999885559082,8.619999885559082,2699453
2020-04-01,8.619999885559082,8.649999618530273,7.760000228881836,7.829999923706055,1556343
2020-04-02,7.829999923706055,8.609999656677246,8.460000038146973,8.609999656677246,4928952
2020-04-05,8.609999656677246,9.470000267028809,8.989999771118164,9.279999732971191,247731
2020-04-06,9.279999732971191,9.649999618530273,9.130000114440918,9.329999923706055,653703
2020-04-07,9.329999923706055,10.25,9.5,9.989999771118164,1339310
2020-04-08,9.989999771118164,10.25,9.850000381469727,10.010000228881836,253206
2020-04-09,10.010000228881836,10.0,9.5,9.9399995803833,1070784
2020-04-12,9.9399995803833,10.25,9.859999656677246,10.0600004196167,481014
2020-04-13,10.0600004196167,10.25,9.899999618530273,10.0,273611
2020-04-14,10.0,10.1899995803833,9.949999809265137,10.020000457763672,620281
2020-04-15,10.020000457763672,10.289999961853027,10.100000381469727,10.199999809265137,47937
2020-04-16,10.199999809265137,10.199999809265137,10.100000381469727,10.199999809265137,555770
2020-04-21,10.199999809265137,10.199999809265137,10.0,10.199999809265137,1005184
2020-04-22,10.199999809265137,10.0,9.899999618530273,10.0,1077554
2020-04-23,10.0,10.25,9.899999618530273,10.0,530845
2020-04-26,10.0,10.470000267028809,10.020000457763672,10.170000076293945,25100
2020-04-27,10.170000076293945,10.149999618530273,10.0,10.010000228881836,254573
2020-04-28,10.010000228881836,10.100000381469727,10.0,10.020000457763672,203829
2020-04-29,10.020000457763672,10.010000228881836,10.0,10.0,22750
2020-04-30,10.0,10.109999656677246,10.029999732971191,10.050000190734863,9495
2020-05-03,10.050000190734863,10.199999809265137,10.0,10.0,1570875
2020-05-04,10.0,10.100000381469727,10.0,10.010000228881836,78400
2020-05-05,10.010000228881836,10.149999618530273,10.010000228881836,10.010000228881836,2910
2020-05-06,10.010000228881836,10.449999809265137,10.100000381469727,10.140000343322754,24577
2020-05-07,10.140000343322754,10.100000381469727,10.0,10.029999732971191,105868
2020-05-10,10.029999732971191,10.25,10.0,10.1899995803833,319186
2020-05-11,10.1899995803833,10.25,10.010000228881836,10.109999656677246,4200
2020-05-12,10.109999656677246,11.020000457763672,9.899999618530273,10.09000015258789,1166475
2020-05-13,10.09000015258789,10.0,9.699999809265137,9.960000038146973,27370
2020-05-14,9.960000038146973,9.899999618530273,9.5,9.510000228881836,47100
2020-05-17,9.510000228881836,9.699999809265137,9.5,9.569999694824219,105360
2020-05-18,9.569999694824219,9.5,9.25,9.270000457763672,3451
2020-05-19,9.270000457763672,9.270000457763672,9.270000457763672,9.270000457763672,0
2020-05-20,9.270000457763672,9.5,9.300000190734863,9.449999809265137,48855
2020-05-21,9.449999809265137,9.5,9.270000457763672,9.3100004196167,236195
2020-05-31,9.3100004196167,9.300000190734863,9.0,9.039999961853027,1021844
2020-06-01,9.039999961853027,9.5,9.0,9.069999694824219,1020171
2020-06-02,9.069999694824219,9.5,9.300000190734863,9.350000381469727,150277
2020-06-03,9.350000381469727,9.600000381469727,9.300000190734863,9.350000381469727,567323
2020-06-04,9.350000381469727,10.0,9.5,9.800000190734863,207000
2020-06-07,9.800000190734863,10.25,9.619999885559082,10.020000457763672,44785
2020-06-08,10.020000457763672,9.720000267028809,9.600000381469727,9.699999809265137,499939
2020-06-09,9.699999809265137,9.949999809265137,9.600000381469727,9.829999923706055,23563
2020-06-10,9.829999923706055,10.0,9.489999771118164,9.5,1852789
2020-06-11,9.5,9.5,9.470000267028809,9.5,4134139
2020-06-14,9.5,9.5,9.300000190734863,9.479999542236328,17850
2020-06-15,9.479999542236328,9.489999771118164,9.3100004196167,9.350000381469727,604203
2020-06-16,9.350000381469727,9.489999771118164,9.489999771118164,9.350000381469727,2200
2020-06-17,9.350000381469727,9.489999771118164,9.489999771118164,9.350000381469727,2001
2020-06-18,9.350000381469727,9.5,9.350000381469727,9.489999771118164,20809
2020-06-21,9.489999771118164,9.489999771118164,9.069999694824219,9.329999923706055,61299
2020-06-22,9.329999923706055,9.300000190734863,9.149999618530273,9.300000190734863,2230776
2020-06-23,9.300000190734863,9.399999618530273,9.210000038146973,9.300000190734863,1210
2020-06-24,9.300000190734863,9.4399995803833,8.899999618530273,9.130000114440918,76544
2020-06-25,9.130000114440918,9.4399995803833,8.899999618530273,9.149999618530273,983615
2020-06-28,9.149999618530273,9.5,9.199999809265137,9.4399995803833,37600
2020-06-29,9.4399995803833,10.300000190734863,9.5,10.010000228881836,261262
2020-06-30,10.010000228881836,9.979999542236328,9.710000038146973,9.899999618530273,568856
2020-07-05,9.899999618530273,10.100000381469727,9.859999656677246,9.979999542236328,225305
2020-07-06,9.979999542236328,10.350000381469727,9.920000076293945,10.069999694824219,92002
2020-07-07,10.069999694824219,10.199999809265137,9.880000114440918,10.050000190734863,158871
2020-07-08,10.050000190734863,10.020000457763672,9.699999809265137,9.84000015258789,35835
2020-07-09,9.84000015258789,9.75,9.100000381469727,9.100000381469727,3547860
2020-07-12,9.100000381469727,9.920000076293945,9.399999618530273,9.720000267028809,69701
2020-07-13,9.720000267028809,9.920000076293945,9.100000381469727,9.15999984741211,4152082
2020-07-14,9.15999984741211,9.569999694824219,9.100000381469727,9.109999656677246,2980917
2020-07-15,9.109999656677246,9.420000076293945,9.0,9.119999885559082,2421715
2020-07-16,9.119999885559082,9.199999809265137,9.100000381469727,9.140000343322754,18878
2020-07-19,9.140000343322754,9.489999771118164,9.100000381469727,9.119999885559082,58518
2020-07-20,9.119999885559082,9.25,9.149999618530273,9.199999809265137,50420
2020-07-21,9.199999809265137,9.210000038146973,9.100000381469727,9.119999885559082,276427
2020-07-22,9.119999885559082,9.329999923706055,9.109999656677246,9.15999984741211,155277
2020-07-26,9.15999984741211,9.25,9.119999885559082,9.15999984741211,12827
2020-07-27,9.15999984741211,9.25,9.199999809265137,9.25,1166169
2020-07-28,9.25,9.399999618530273,9.109999656677246,9.300000190734863,960884
2020-07-29,9.300000190734863,9.460000038146973,9.300000190734863,9.300000190734863,512736
2020-08-04,9.300000190734863,9.850000381469727,9.449999809265137,9.569999694824219,354506
2020-08-05,9.569999694824219,9.920000076293945,9.550000190734863,9.569999694824219,488474
2020-08-06,9.569999694824219,9.6899995803833,9.470000267028809,9.510000228881836,30280
2020-08-09,9.510000228881836,9.550000190734863,9.300000190734863,9.380000114440918,30255
2020-08-10,9.380000114440918,9.399999618530273,9.300000190734863,9.329999923706055,29245
2020-08-11,9.329999923706055,9.350000381469727,9.260000228881836,9.319999694824219,30771
2020-08-12,9.319999694824219,9.680000305175781,9.25,9.300000190734863,1115550
2020-08-13,9.300000190734863,9.479999542236328,9.319999694824219,9.300000190734863,1588
2020-08-16,9.300000190734863,9.229999542236328,9.180000305175781,9.199999809265137,8447
2020-08-17,9.199999809265137,9.449999809265137,9.149999618530273,9.350000381469727,1808227
2020-08-18,9.350000381469727,9.350000381469727,9.210000038146973,9.25,751750
2020-08-19,9.25,9.6899995803833,9.25,9.260000228881836,1406763
2020-08-23,9.260000228881836,9.59000015258789,9.300000190734863,9.460000038146973,302500
2020-08-24,9.460000038146973,9.649999618530273,9.5,9.510000228881836,32435
2020-08-25,9.510000228881836,9.75,9.550000190734863,9.59000015258789,330971
2020-08-26,9.59000015258789,10.539999961853027,9.609999656677246,10.239999771118164,782597
2020-08-27,10.239999771118164,11.260000228881836,10.569999694824219,11.079999923706055,528733
2020-08-30,11.079999923706055,11.350000381469727,11.0,11.140000343322754,947244
2020-08-31,11.140000343322754,11.100000381469727,10.600000381469727,10.859999656677246,249169
2020-09-01,10.859999656677246,10.949999809265137,10.350000381469727,10.550000190734863,42408
2020-09-02,10.550000190734863,10.5,10.15999984741211,10.489999771118164,374511
2020-09-03,10.489999771118164,10.489999771118164,10.020000457763672,10.109999656677246,102120
2020-09-06,10.109999656677246,10.0,9.800000190734863,9.890000343322754,28200
2020-09-07,9.890000343322754,10.0,9.75,9.989999771118164,106910
2020-09-08,9.989999771118164,10.0,9.510000228881836,9.6899995803833,17421
2020-09-09,9.6899995803833,9.6899995803833,9.6899995803833,9.6899995803833,0
2020-09-10,9.600000381469727,10.0,9.710000038146973,9.989999771118164,31953
2020-09-13,9.989999771118164,10.25,9.899999618530273,10.010000228881836,123709
2020-09-14,10.010000228881836,10.300000190734863,9.800000190734863,10.109999656677246,28865
2020-09-15,10.109999656677246,10.0,9.920000076293945,10.109999656677246,2467
2020-09-16,10.109999656677246,10.100000381469727,9.899999618530273,9.9399995803833,3995
2020-09-17,9.9399995803833,10.1899995803833,9.899999618530273,9.899999618530273,8674
2020-09-20,9.899999618530273,9.899999618530273,9.600000381469727,9.890000343322754,26298
2020-09-21,9.890000343322754,10.0,9.819999694824219,9.899999618530273,425746
2020-09-22,9.899999618530273,9.989999771118164,9.789999961853027,9.930000305175781,145872
2020-09-23,9.930000305175781,9.960000038146973,9.600000381469727,9.600000381469727,3057500
2020-09-24,9.600000381469727,9.5600004196167,9.460000038146973,9.550000190734863,1021107
2020-09-27,9.550000190734863,9.40999984741211,9.100000381469727,9.15999984741211,83625
2020-09-28,9.15999984741211,9.300000190734863,9.149999618530273,9.180000305175781,54742
2020-09-29,9.180000305175781,9.270000457763672,9.199999809265137,9.199999809265137,2325575
2020-09-30,9.199999809265137,9.59000015258789,9.25,9.279999732971191,38621
2020-10-01,9.279999732971191,9.5,9.279999732971191,9.470000267028809,8060
2020-10-04,9.470000267028809,10.0,9.5,9.890000343322754,170349
2020-10-05,9.890000343322754,10.130000114440918,9.5,9.539999961853027,83725
2020-10-06,9.539999961853027,9.539999961853027,9.539999961853027,9.539999961853027,0
2020-10-07,9.550000190734863,9.550000190734863,9.5,9.550000190734863,1551700
2020-10-11,9.550000190734863,9.649999618530273,9.3100004196167,9.479999542236328,39920
2020-10-12,9.479999542236328,9.489999771118164,9.25,9.300000190734863,63874
2020-10-13,9.300000190734863,9.350000381469727,9.25,9.25,1614668
2020-10-14,9.25,9.300000190734863,9.109999656677246,9.239999771118164,658197
2020-10-15,9.239999771118164,9.34000015258789,9.119999885559082,9.210000038146973,23100
2020-10-18,9.210000038146973,9.300000190734863,9.140000343322754,9.229999542236328,27964
2020-10-19,9.229999542236328,9.420000076293945,9.15999984741211,9.260000228881836,55021
2020-10-20,9.260000228881836,9.289999961853027,9.109999656677246,9.140000343322754,42010
2020-10-21,9.140000343322754,9.170000076293945,8.90999984741211,9.0600004196167,7570
2020-10-22,9.0600004196167,9.0,8.800000190734863,9.0,440702
2020-10-25,9.0,9.449999809265137,8.600000381469727,9.010000228881836,70601
2020-10-26,9.010000228881836,9.25,8.899999618530273,8.90999984741211,3446
2020-10-27,8.90999984741211,9.34000015258789,8.899999618530273,8.960000038146973,21588
2020-10-28,8.960000038146973,9.100000381469727,8.920000076293945,9.029999732971191,20068
2020-11-01,9.029999732971191,8.770000457763672,8.760000228881836,9.029999732971191,1000
2020-11-02,9.029999732971191,9.050000190734863,9.0,9.050000190734863,1056698
2020-11-03,9.050000190734863,9.0600004196167,9.050000190734863,9.050000190734863,102311
2020-11-04,9.050000190734863,9.0600004196167,9.050000190734863,9.050000190734863,746755
2020-11-05,9.050000190734863,9.09000015258789,9.0,9.050000190734863,2065
2020-11-08,9.050000190734863,9.09000015258789,9.09000015258789,9.050000190734863,300
2020-11-09,9.050000190734863,9.489999771118164,8.989999771118164,9.050000190734863,1915536
2020-11-10,9.050000190734863,9.25,9.050000190734863,9.109999656677246,4434
2020-11-11,9.109999656677246,9.470000267028809,9.050000190734863,9.180000305175781,3978833
2020-11-12,9.180000305175781,9.319999694824219,9.220000267028809,9.239999771118164,25000
2020-11-15,9.239999771118164,9.350000381469727,9.130000114440918,9.15999984741211,23686
2020-11-16,9.15999984741211,9.25,9.15999984741211,9.170000076293945,3135125
2020-11-17,9.170000076293945,9.5,9.140000343322754,9.329999923706055,11237236
2020-11-18,9.329999923706055,9.859999656677246,9.399999618530273,9.510000228881836,7198700
2020-11-19,9.510000228881836,9.800000190734863,9.510000228881836,9.520000457763672,2637484
2020-11-22,9.520000457763672,9.5,9.489999771118164,9.5,2040765
2020-11-23,9.5,9.729999542236328,9.40999984741211,9.5,5820145
2020-11-24,9.5,9.800000190734863,9.5,9.670000076293945,61306
2020-11-25,9.670000076293945,9.819999694824219,9.600000381469727,9.710000038146973,170805
2020-11-26,9.710000038146973,9.699999809265137,9.5600004196167,9.619999885559082,112873
2020-11-29,9.619999885559082,9.800000190734863,9.550000190734863,9.649999618530273,101190
2020-11-30,9.649999618530273,9.600000381469727,9.420000076293945,9.5600004196167,52695
2020-12-01,9.5600004196167,9.699999809265137,9.5,9.5600004196167,969678
2020-12-02,9.5600004196167,9.5,9.0,9.359999656677246,127745
2020-12-03,9.359999656677246,9.460000038146973,9.149999618530273,9.40999984741211,22638
2020-12-06,9.40999984741211,9.5,9.109999656677246,9.199999809265137,171446
2020-12-07,9.199999809265137,9.5,9.199999809265137,9.210000038146973,2370974
2020-12-08,9.210000038146973,9.600000381469727,9.399999618530273,9.510000228881836,147111
2020-12-09,9.510000228881836,9.6899995803833,9.25,9.260000228881836,18744079
2020-12-10,9.260000228881836,9.5,9.300000190734863,9.449999809265137,96336
2020-12-13,9.449999809265137,9.319999694824219,9.270000457763672,9.300000190734863,193740
2020-12-14,9.300000190734863,9.5,9.25,9.300000190734863,586064
2020-12-15,9.300000190734863,9.300000190734863,9.130000114440918,9.270000457763672,44044
2020-12-16,9.270000457763672,9.300000190734863,9.100000381469727,9.1899995803833,691300
2020-12-17,9.1899995803833,9.15999984741211,8.9399995803833,9.050000190734863,214548
2020-12-20,9.050000190734863,9.039999961853027,8.859999656677246,9.010000228881836,21843
2020-12-21,9.010000228881836,9.0,8.229999542236328,8.5,597817
2020-12-22,8.5,8.979999542236328,8.5,8.729999542236328,24873
2020-12-23,8.729999542236328,8.989999771118164,8.600000381469727,8.680000305175781,192905
2020-12-24,8.680000305175781,8.699999809265137,8.600000381469727,8.600000381469727,295556
2020-12-27,8.600000381469727,8.680000305175781,8.430000305175781,8.520000457763672,39093
2020-12-28,8.520000457763672,8.699999809265137,8.5,8.59000015258789,195628
2020-12-29,8.59000015258789,8.880000114440918,8.149999618530273,8.699999809265137,19457
2020-12-30,8.699999809265137,8.970000267028809,8.720000267028809,8.899999618530273,74356
2020-12-31,8.899999618530273,8.90999984741211,8.75,8.899999618530273,172354
2021-01-03,8.899999618530273,8.90999984741211,8.899999618530273,8.899999618530273,1500
2021-01-04,8.899999618530273,8.979999542236328,8.800000190734863,8.859999656677246,189775
2021-01-05,8.859999656677246,8.850000381469727,8.600000381469727,8.680000305175781,160393
2021-01-06,8.680000305175781,8.819999694824219,8.699999809265137,8.710000038146973,84969
2021-01-10,8.710000038146973,8.850000381469727,8.75,8.710000038146973,8980
2021-01-11,8.710000038146973,8.899999618530273,8.649999618530273,8.84000015258789,171700
2021-01-12,8.84000015258789,9.25,8.800000190734863,8.920000076293945,479927
2021-01-13,8.920000076293945,9.239999771118164,8.800000190734863,9.100000381469727,88192
2021-01-14,9.100000381469727,9.59000015258789,9.0,9.380000114440918,1048391
2021-01-17,9.380000114440918,9.399999618530273,9.210000038146973,9.319999694824219,264381
2021-01-18,9.319999694824219,9.350000381469727,9.100000381469727,9.229999542236328,42929
2021-01-19,9.229999542236328,9.300000190734863,9.100000381469727,9.210000038146973,14737
2021-01-20,9.210000038146973,9.319999694824219,9.100000381469727,9.25,442146
2021-01-21,9.25,9.25,9.109999656677246,9.25,6589
2021-01-24,9.25,9.100000381469727,9.029999732971191,9.050000190734863,15164
2021-01-25,9.050000190734863,9.050000190734863,9.050000190734863,9.050000190734863,0
2021-01-26,9.0,9.149999618530273,8.899999618530273,9.0,2953404
2021-01-27,9.0,9.170000076293945,8.899999618530273,9.029999732971191,217784
2021-01-31,9.029999732971191,9.079999923706055,8.869999885559082,9.0,48589
2021-02-01,9.0,9.149999618530273,8.90999984741211,9.0,1111862
2021-02-02,9.0,9.199999809265137,9.0,9.039999961853027,1640968
2021-02-03,9.039999961853027,9.149999618530273,9.09000015258789,9.100000381469727,1417730
2021-02-04,9.100000381469727,9.210000038146973,9.079999923706055,9.109999656677246,659315
2021-02-07,9.109999656677246,9.199999809265137,9.069999694824219,9.119999885559082,62915
2021-02-08,9.119999885559082,9.170000076293945,9.0,9.100000381469727,831030
2021-02-09,9.100000381469727,9.229999542236328,9.0,9.100000381469727,6903
2021-02-10,9.100000381469727,9.100000381469727,8.949999809265137,9.09000015258789,1168850
2021-02-11,9.09000015258789,9.199999809265137,8.9399995803833,9.100000381469727,1386403
2021-02-14,9.100000381469727,9.239999771118164,8.899999618530273,9.069999694824219,35889
2021-02-15,9.069999694824219,9.170000076293945,8.930000305175781,9.079999923706055,272933
2021-02-16,9.079999923706055,9.140000343322754,8.930000305175781,9.100000381469727,259749
2021-02-17,9.100000381469727,9.100000381469727,8.859999656677246,9.100000381469727,136430
2021-02-18,9.100000381469727,9.100000381469727,8.989999771118164,9.100000381469727,6048159
2021-02-21,9.100000381469727,9.109999656677246,9.0,9.020000457763672,18181
2021-02-22,9.020000457763672,9.100000381469727,9.020000457763672,9.100000381469727,1437651
2021-02-23,9.100000381469727,9.010000228881836,8.920000076293945,9.0,105685
2021-02-24,9.0,9.079999923706055,8.75,8.920000076293945,54945
2021-02-25,8.920000076293945,9.079999923706055,8.949999809265137,9.0,401960
2021-02-28,9.0,9.050000190734863,8.869999885559082,9.0,156928
2021-03-01,9.0,9.0,8.829999923706055,8.989999771118164,199610
2021-03-02,8.989999771118164,9.0,8.770000457763672,9.0,113125
2021-03-03,9.0,8.989999771118164,8.75,9.0,2330
2021-03-04,9.0,9.0,9.0,9.0,0
2021-03-07,9.0,9.0,8.510000228881836,8.890000343322754,180212
2021-03-08,8.890000343322754,8.800000190734863,8.600000381469727,8.789999961853027,1391634
2021-03-09,8.789999961853027,8.890000343322754,8.619999885559082,8.619999885559082,451965
2021-03-10,8.619999885559082,8.899999618530273,8.609999656677246,8.630000114440918,1012228
2021-03-11,8.630000114440918,8.869999885559082,8.649999618530273,8.819999694824219,21299
2021-03-14,8.819999694824219,8.899999618530273,8.270000457763672,8.8100004196167,47323
2021-03-15,8.8100004196167,8.75,8.3100004196167,8.8100004196167,5097
2021-03-16,8.8100004196167,8.800000190734863,8.399999618530273,8.5,27020
2021-03-17,8.5,8.489999771118164,8.079999923706055,8.350000381469727,308025
2021-03-18,8.350000381469727,8.279999732971191,8.029999732971191,8.350000381469727,8407
2021-03-21,8.350000381469727,8.390000343322754,8.100000381469727,8.199999809265137,105733
2021-03-22,8.199999809265137,8.5,8.0,8.319999694824219,1063447
2021-03-23,8.319999694824219,8.489999771118164,8.050000190734863,8.289999961853027,298377
2021-03-24,8.289999961853027,8.5,8.350000381469727,8.479999542236328,114919
2021-03-25,8.479999542236328,8.699999809265137,8.010000228881836,8.520000457763672,221885
2021-03-28,8.520000457763672,8.579999923706055,8.369999885559082,8.520000457763672,2215
2021-03-29,8.520000457763672,8.59000015258789,8.300000190734863,8.520000457763672,4113
2021-03-30,8.520000457763672,8.550000190734863,8.479999542236328,8.489999771118164,26317
2021-03-31,8.489999771118164,8.399999618530273,8.119999885559082,8.489999771118164,3949
2021-04-01,8.489999771118164,8.779999732971191,8.300000190734863,8.5600004196167,110606
2021-04-04,8.5600004196167,8.59000015258789,8.15999984741211,8.5600004196167,6861
2021-04-05,8.5600004196167,8.539999961853027,8.0,8.420000076293945,150590
2021-04-06,8.420000076293945,8.5,8.050000190734863,8.470000267028809,108329
2021-04-07,8.470000267028809,8.300000190734863,8.0600004196167,8.15999984741211,13115
2021-04-08,8.15999984741211,8.5,8.029999732971191,8.15999984741211,4473
2021-04-11,8.15999984741211,8.4399995803833,8.170000076293945,8.199999809265137,46550
2021-04-12,8.199999809265137,8.300000190734863,8.119999885559082,8.15999984741211,3011692
2021-04-13,8.15999984741211,8.15999984741211,8.010000228881836,8.15999984741211,504229
2021-04-14,8.15999984741211,8.1899995803833,7.550000190734863,8.15999984741211,4675465
2021-04-15,8.15999984741211,8.15999984741211,7.920000076293945,8.149999618530273,173440
2021-04-18,8.149999618530273,8.09000015258789,8.0,8.149999618530273,1479
2021-04-19,8.149999618530273,8.010000228881836,7.75,7.820000171661377,70377
2021-04-20,7.820000171661377,7.769999980926514,7.679999828338623,7.699999809265137,155756
2021-04-21,7.699999809265137,8.010000228881836,7.690000057220459,7.699999809265137,10230
2021-04-22,7.699999809265137,7.900000095367432,7.53000020980835,7.75,402595
2021-04-25,7.75,7.800000190734863,7.699999809265137,7.730000019073486,22118
2021-04-26,7.730000019073486,7.769999980926514,7.5,7.539999961853027,33953
2021-04-27,7.539999961853027,7.550000190734863,7.199999809265137,7.489999771118164,3066667
2021-04-28,7.489999771118164,7.489999771118164,7.199999809265137,7.369999885559082,184975
2021-05-04,7.369999885559082,7.400000095367432,6.940000057220459,7.119999885559082,1829211
2021-05-05,7.119999885559082,7.199999809265137,6.929999828338623,7.03000020980835,27332
2021-05-06,7.03000020980835,7.190000057220459,7.059999942779541,7.099999904632568,2062699
2021-05-09,7.099999904632568,7.300000190734863,7.170000076293945,7.260000228881836,78238
2021-05-10,7.260000228881836,7.260000228881836,7.099999904632568,7.099999904632568,8791494
2021-05-11,7.099999904632568,7.809999942779541,7.289999961853027,7.730000019073486,521828
2021-05-17,7.730000019073486,7.820000171661377,7.510000228881836,7.659999847412109,575662
2021-05-18,7.659999847412109,7.889999866485596,7.599999904632568,7.760000228881836,510441
2021-05-19,7.760000228881836,8.25,7.800000190734863,8.0,1685448
2021-05-20,8.0,8.399999618530273,8.0,8.069999694824219,27192
2021-05-23,8.069999694824219,8.199999809265137,7.650000095367432,7.769999980926514,96316
2021-05-24,7.769999980926514,7.849999904632568,7.519999980926514,7.71999979019165,102497
2021-05-25,7.71999979019165,7.75,7.460000038146973,7.550000190734863,36471
2021-05-26,7.550000190734863,7.71999979019165,7.5,7.519999980926514,32529
2021-05-27,7.519999980926514,7.690000057220459,7.460000038146973,7.599999904632568,1272884
2021-05-30,7.599999904632568,7.690000057220459,7.599999904632568,7.610000133514404,73860
2021-05-31,7.610000133514404,7.599999904632568,7.510000228881836,7.590000152587891,193549
2021-06-01,7.590000152587891,7.610000133514404,7.239999771118164,7.599999904632568,219272
2021-06-02,7.599999904632568,7.800000190734863,7.599999904632568,7.659999847412109,302998
2021-06-03,7.659999847412109,7.829999923706055,7.429999828338623,7.650000095367432,306984
2021-06-06,7.650000095367432,7.800000190734863,7.519999980926514,7.769999980926514,91849
2021-06-07,7.769999980926514,8.010000228881836,7.800000190734863,7.889999866485596,81384
2021-06-08,7.889999866485596,8.050000190734863,7.949999809265137,8.0,389161
2021-06-09,8.0,8.75,8.0,8.479999542236328,357359
2021-06-10,8.479999542236328,8.75,8.449999809265137,8.609999656677246,110576
2021-06-13,8.609999656677246,8.75,8.449999809265137,8.479999542236328,310228
2021-06-14,8.479999542236328,8.5,8.210000038146973,8.470000267028809,114867
2021-06-15,8.470000267028809,8.489999771118164,8.130000114440918,8.380000114440918,27302
2021-06-16,8.380000114440918,8.300000190734863,8.100000381469727,8.300000190734863,1630636
2021-06-17,8.300000190734863,8.300000190734863,8.100000381469727,8.210000038146973,283624
2021-06-20,8.210000038146973,8.15999984741211,7.949999809265137,8.050000190734863,66400
2021-06-21,8.050000190734863,8.010000228881836,7.900000095367432,8.0,433544
2021-06-22,8.0,8.199999809265137,8.0,8.109999656677246,21405
2021-06-23,8.109999656677246,8.229999542236328,8.0600004196167,8.180000305175781,33669
2021-06-24,8.180000305175781,8.15999984741211,8.100000381469727,8.149999618530273,805028
2021-06-27,8.149999618530273,8.239999771118164,8.050000190734863,8.109999656677246,21765
2021-06-28,8.109999656677246,8.350000381469727,8.109999656677246,8.15999984741211,180279
2021-06-29,8.15999984741211,8.25,7.849999904632568,8.119999885559082,353651
2021-06-30,8.119999885559082,8.1899995803833,8.0600004196167,8.140000343322754,111640
2021-07-04,8.140000343322754,8.399999618530273,8.069999694824219,8.220000267028809,47103
2021-07-05,8.220000267028809,8.239999771118164,8.149999618530273,8.220000267028809,178660
2021-07-06,8.220000267028809,8.180000305175781,8.0,8.069999694824219,40372
2021-07-07,8.069999694824219,8.1899995803833,8.109999656677246,8.069999694824219,1495
2021-07-08,8.069999694824219,8.180000305175781,8.010000228881836,8.069999694824219,105850
2021-07-11,8.069999694824219,8.100000381469727,7.849999904632568,7.940000057220459,13093
2021-07-12,7.940000057220459,8.069999694824219,7.909999847412109,8.0,310845
2021-07-13,8.0,8.0,7.800000190734863,7.800000190734863,404127
2021-07-14,7.800000190734863,7.96999979019165,7.800000190734863,7.860000133514404,427123
2021-07-15,7.860000133514404,7.940000057220459,7.710000038146973,7.800000190734863,790766
2021-07-18,7.800000190734863,7.929999828338623,7.650000095367432,7.699999809265137,29300
2021-07-25,7.699999809265137,8.0,7.699999809265137,7.889999866485596,131617
2021-07-26,7.889999866485596,7.900000095367432,7.679999828338623,7.71999979019165,220060
2021-07-27,7.71999979019165,7.880000114440918,7.690000057220459,7.699999809265137,149355
2021-07-28,7.699999809265137,7.75,7.679999828338623,7.699999809265137,146170
2021-07-29,7.699999809265137,7.860000133514404,7.679999828338623,7.699999809265137,765649
2021-08-01,7.699999809265137,7.949999809265137,7.650000095367432,7.730000019073486,272191
2021-08-02,7.730000019073486,7.789999961853027,7.53000020980835,7.630000114440918,114503
2021-08-03,7.630000114440918,8.050000190734863,7.699999809265137,7.900000095367432,1200419
2021-08-04,7.900000095367432,8.149999618530273,7.900000095367432,7.949999809265137,2997611
2021-08-05,7.949999809265137,8.100000381469727,8.010000228881836,8.0600004196167,53577
2021-08-08,8.0600004196167,8.0600004196167,8.0600004196167,8.0600004196167,0
2021-08-09,8.0600004196167,8.0600004196167,8.0600004196167,8.0600004196167,0
2021-08-10,7.949999809265137,8.050000190734863,7.900000095367432,7.949999809265137,471040
2021-08-11,7.949999809265137,8.0,7.909999847412109,7.940000057220459,41510
2021-08-15,7.940000057220459,8.069999694824219,7.909999847412109,7.960000038146973,19395
2021-08-16,7.960000038146973,8.0,7.929999828338623,7.949999809265137,6314387
2021-08-17,7.949999809265137,8.0,7.909999847412109,7.949999809265137,163698
2021-08-18,7.949999809265137,7.949999809265137,7.900000095367432,7.909999847412109,33378
2021-08-19,7.909999847412109,7.900000095367432,7.769999980926514,7.900000095367432,905275
2021-08-22,7.900000095367432,7.900000095367432,7.699999809265137,7.840000152587891,25728
2021-08-23,7.840000152587891,7.880000114440918,7.699999809265137,7.739999771118164,35414
2021-08-24,7.739999771118164,7.849999904632568,7.659999847412109,7.699999809265137,34840
2021-08-25,7.699999809265137,7.800000190734863,7.599999904632568,7.739999771118164,1023973
2021-08-26,7.739999771118164,7.75,7.599999904632568,7.739999771118164,9742
2021-08-29,7.739999771118164,7.880000114440918,7.630000114440918,7.699999809265137,125100
2021-08-30,7.699999809265137,7.699999809265137,7.599999904632568,7.690000057220459,136882
2021-08-31,7.690000057220459,7.800000190734863,7.449999809265137,7.650000095367432,17110
2021-09-01,7.650000095367432,7.789999961853027,7.539999961853027,7.579999923706055,88252
2021-09-02,7.579999923706055,7.739999771118164,7.559999942779541,7.579999923706055,7011
2021-09-05,7.579999923706055,7.730000019073486,7.570000171661377,7.579999923706055,15185
2021-09-06,7.579999923706055,7.579999923706055,7.449999809265137,7.480000019073486,233255
2021-09-07,7.480000019073486,7.550000190734863,7.400000095367432,7.5,825464
2021-09-08,7.5,7.619999885559082,7.5,7.5,96950
2021-09-09,7.5,7.579999923706055,7.420000076293945,7.5,4756
2021-09-12,7.5,7.489999771118164,7.400000095367432,7.409999847412109,15188
2021-09-13,7.409999847412109,7.480000019073486,7.369999885559082,7.449999809265137,8184663
2021-09-14,7.449999809265137,7.579999923706055,7.400000095367432,7.400000095367432,77273
2021-09-15,7.400000095367432,7.489999771118164,7.409999847412109,7.440000057220459,17379
2021-09-16,7.440000057220459,7.599999904632568,7.420000076293945,7.5,742621
2021-09-19,7.5,7.559999942779541,7.409999847412109,7.5,10390
2021-09-20,7.5,7.449999809265137,7.25,7.320000171661377,127067
2021-09-21,7.320000171661377,7.320000171661377,7.320000171661377,7.320000171661377,0
2021-09-22,7.25,7.349999904632568,7.130000114440918,7.25,3073
2021-09-23,7.25,7.309999942779541,7.21999979019165,7.25,6209
2021-09-26,7.25,7.309999942779541,7.25,7.25,4791
2021-09-27,7.25,7.349999904632568,7.199999809265137,7.199999809265137,186427
2021-09-28,7.199999809265137,7.199999809265137,7.199999809265137,7.199999809265137,0
2021-09-29,7.199999809265137,7.199999809265137,7.199999809265137,7.199999809265137,0
2021-09-30,7.099999904632568,7.320000171661377,7.0,7.0,779554
2021-10-03,7.0,7.190000057220459,6.900000095367432,7.0,3445
2021-10-04,7.0,7.0,7.0,7.0,0
2021-10-05,6.949999809265137,7.0,6.860000133514404,6.869999885559082,162288
2021-10-06,6.869999885559082,7.079999923706055,6.869999885559082,6.869999885559082,14431
2021-10-10,6.869999885559082,7.039999961853027,6.909999847412109,6.869999885559082,3488
2021-10-11,6.869999885559082,7.010000228881836,6.900000095367432,6.960000038146973,1636942
2021-10-12,6.960000038146973,7.0,6.909999847412109,6.960000038146973,10066
2021-10-13,6.960000038146973,7.050000190734863,6.960000038146973,7.0,2677697
2021-10-14,7.0,7.199999809265137,7.0,7.099999904632568,923451
2021-10-17,7.099999904632568,7.239999771118164,7.099999904632568,7.099999904632568,3395
2021-10-18,7.099999904632568,7.099999904632568,7.099999904632568,7.099999904632568,0
2021-10-19,7.099999904632568,7.349999904632568,7.0,7.0,389537
2021-10-20,7.0,7.300000190734863,6.900000095367432,6.929999828338623,203866
2021-10-24,6.929999828338623,7.28000020980835,7.0,6.929999828338623,9677
2021-10-25,6.929999828338623,7.170000076293945,6.900000095367432,7.0,1146758
2021-10-26,7.0,7.0,6.949999809265137,6.960000038146973,1290174
2021-10-27,6.960000038146973,7.010000228881836,6.949999809265137,6.989999771118164,1358952
2021-10-28,6.989999771118164,7.090000152587891,7.010000228881836,6.989999771118164,21828
2021-10-31,6.989999771118164,7.110000133514404,6.989999771118164,6.989999771118164,10779
2021-11-01,6.989999771118164,7.449999809265137,6.989999771118164,7.170000076293945,608060
2021-11-02,7.170000076293945,7.300000190734863,7.059999942779541,7.210000038146973,832493
2021-11-03,7.210000038146973,7.539999961853027,7.199999809265137,7.320000171661377,311712
2021-11-04,7.320000171661377,7.389999866485596,7.079999923706055,7.269999980926514,44416
2021-11-07,7.269999980926514,7.269999980926514,7.269999980926514,7.269999980926514,0
2021-11-08,7.269999980926514,7.269999980926514,7.269999980926514,7.269999980926514,0
2021-11-09,7.269999980926514,7.269999980926514,7.269999980926514,7.269999980926514,0
2021-11-10,7.25,7.300000190734863,7.199999809265137,7.269999980926514,914474
2021-11-11,7.269999980926514,7.550000190734863,7.210000038146973,7.400000095367432,2020278
2021-11-14,7.400000095367432,7.489999771118164,7.320000171661377,7.400000095367432,5873
2021-11-15,7.400000095367432,7.46999979019165,7.300000190734863,7.400000095367432,2204678
2021-11-16,7.400000095367432,7.5,7.320000171661377,7.349999904632568,1114776
2021-11-17,7.349999904632568,7.480000019073486,7.300000190734863,7.349999904632568,2550853
2021-11-18,7.349999904632568,7.349999904632568,7.349999904632568,7.349999904632568,0
2021-11-21,7.340000152587891,7.400000095367432,7.300000190734863,7.320000171661377,1608183
2021-11-22,7.320000171661377,7.320000171661377,7.320000171661377,7.320000171661377,0
2021-11-23,7.5,7.599999904632568,7.5,7.599999904632568,310598
2021-11-24,7.599999904632568,7.659999847412109,7.599999904632568,7.599999904632568,19625
2021-11-25,7.599999904632568,7.800000190734863,7.559999942779541,7.610000133514404,2079871
2021-11-28,7.610000133514404,7.610000133514404,7.610000133514404,7.610000133514404,0
2021-11-29,7.349999904632568,7.579999923706055,7.449999809265137,7.559999942779541,60778
2021-11-30,7.559999942779541,7.559999942779541,7.559999942779541,7.559999942779541,0
2021-12-01,7.559999942779541,7.559999942779541,7.559999942779541,7.559999942779541,0
2021-12-02,7.849999904632568,8.079999923706055,7.800000190734863,8.0,195892
2021-12-05,8.0,8.210000038146973,7.949999809265137,8.199999809265137,1505246
2021-12-06,8.199999809265137,8.25,8.100000381469727,8.15999984741211,985953
2021-12-07,8.15999984741211,8.300000190734863,8.100000381469727,8.199999809265137,51534
2021-12-08,8.199999809265137,8.199999809265137,8.170000076293945,8.199999809265137,11192
2021-12-09,8.199999809265137,8.25,8.100000381469727,8.170000076293945,95069
2021-12-12,8.170000076293945,8.239999771118164,8.020000457763672,8.199999809265137,68945
2021-12-13,8.199999809265137,8.119999885559082,8.0,8.199999809265137,26072
2021-12-14,8.199999809265137,8.199999809265137,8.199999809265137,8.199999809265137,0
2021-12-15,8.109999656677246,8.119999885559082,8.0,8.0,201441
2021-12-16,8.0,8.300000190734863,8.100000381469727,8.199999809265137,161708
2021-12-19,8.199999809265137,8.300000190734863,8.199999809265137,8.210000038146973,156009
2021-12-20,8.210000038146973,8.260000228881836,8.0,8.199999809265137,145424
2021-12-21,8.199999809265137,8.25,8.039999961853027,8.199999809265137,755704
2021-12-22,8.199999809265137,8.220000267028809,8.09000015258789,8.149999618530273,1019017
2021-12-23,8.149999618530273,8.199999809265137,8.100000381469727,8.180000305175781,425263
2021-12-26,8.180000305175781,8.479999542236328,8.100000381469727,8.420000076293945,46795
2021-12-27,8.420000076293945,8.699999809265137,8.3100004196167,8.350000381469727,2592441
2021-12-28,8.350000381469727,8.579999923706055,8.289999961853027,8.350000381469727,3661
2021-12-29,8.350000381469727,8.680000305175781,8.229999542236328,8.399999618530273,738151
2021-12-30,8.399999618530273,8.5,8.220000267028809,8.470000267028809,135932
2022-01-02,8.470000267028809,8.600000381469727,8.25,8.5,56625
2022-01-03,8.5,8.59000015258789,8.3100004196167,8.5,1882791
2022-01-04,8.5,8.399999618530273,8.220000267028809,8.5,6275
2022-01-05,8.5,8.579999923706055,8.329999923706055,8.40999984741211,256741
2022-01-09,8.40999984741211,8.40999984741211,8.40999984741211,8.40999984741211,0
2022-01-10,8.40999984741211,8.449999809265137,8.350000381469727,8.380000114440918,154035
2022-01-11,8.380000114440918,8.449999809265137,8.300000190734863,8.300000190734863,641094
2022-01-12,8.300000190734863,8.430000305175781,8.25,8.300000190734863,1063
2022-01-13,8.300000190734863,8.4399995803833,8.199999809265137,8.300000190734863,317981
2022-01-16,8.300000190734863,8.300000190734863,8.199999809265137,8.300000190734863,50893
2022-01-17,8.300000190734863,8.300000190734863,8.029999732971191,8.300000190734863,8225
2022-01-18,8.300000190734863,8.319999694824219,8.199999809265137,8.300000190734863,6843
2022-01-19,8.300000190734863,8.449999809265137,8.100000381469727,8.300000190734863,278906
2022-01-20,8.300000190734863,8.199999809265137,8.100000381469727,8.300000190734863,3151
2022-01-23,8.300000190734863,8.350000381469727,8.199999809265137,8.300000190734863,1120
2022-01-24,8.300000190734863,8.289999961853027,8.020000457763672,8.039999961853027,49554
2022-01-25,8.039999961853027,8.100000381469727,8.0,8.0,649409
2022-01-26,8.0,8.199999809265137,7.940000057220459,8.0,301300
2022-01-30,8.0,8.25,7.929999828338623,8.0,1679
2022-01-31,8.0,8.25,7.949999809265137,8.0,1321425
2022-02-01,8.0,8.199999809265137,8.050000190734863,8.1899995803833,47748
2022-02-02,8.1899995803833,8.25,8.0,8.100000381469727,3398003
2022-02-03,8.100000381469727,8.180000305175781,7.949999809265137,8.0,1183425
2022-02-06,8.0,8.180000305175781,7.900000095367432,7.940000057220459,133651
2022-02-07,7.940000057220459,8.180000305175781,7.949999809265137,8.0,121424
2022-02-08,8.0,8.100000381469727,7.849999904632568,7.96999979019165,125034
2022-02-09,7.96999979019165,8.199999809265137,8.0,7.96999979019165,2167
2022-02-10,7.96999979019165,8.289999961853027,8.069999694824219,7.96999979019165,28216
2022-02-13,7.96999979019165,8.15999984741211,7.75,7.980000019073486,164986
2022-02-14,7.980000019073486,8.0,7.800000190734863,7.860000133514404,123993
2022-02-15,7.860000133514404,7.980000019073486,7.800000190734863,7.860000133514404,14338
2022-02-16,7.860000133514404,7.96999979019165,7.820000171661377,7.860000133514404,210291
2022-02-17,7.860000133514404,8.0,8.0,7.860000133514404,1
2022-02-20,7.860000133514404,7.980000019073486,7.800000190734863,7.880000114440918,88009
2022-02-21,7.880000114440918,7.960000038146973,7.800000190734863,7.949999809265137,58472
2022-02-22,7.949999809265137,7.960000038146973,7.710000038146973,7.710000038146973,1078418
2022-02-23,7.710000038146973,7.900000095367432,7.699999809265137,7.699999809265137,122621
2022-02-24,7.699999809265137,7.889999866485596,7.449999809265137,7.699999809265137,6442
2022-02-27,7.699999809265137,7.690000057220459,7.25,7.699999809265137,1260
2022-02-28,7.699999809265137,7.5,7.349999904632568,7.480000019073486,99117
2022-03-01,7.480000019073486,7.480000019073486,7.400000095367432,7.480000019073486,860104
2022-03-02,7.480000019073486,7.599999904632568,7.5,7.480000019073486,106
2022-03-03,7.480000019073486,7.679999828338623,7.46999979019165,7.599999904632568,59157
2022-03-06,7.599999904632568,7.78000020980835,7.400000095367432,7.409999847412109,87981
2022-03-07,7.409999847412109,7.789999961853027,7.349999904632568,7.409999847412109,18200
2022-03-08,7.409999847412109,7.409999847412109,7.409999847412109,7.409999847412109,0
2022-03-09,7.0,7.159999847412109,6.75,6.809999942779541,799382
2022-03-10,6.809999942779541,6.989999771118164,6.699999809265137,6.800000190734863,189222
2022-03-13,6.800000190734863,7.0,6.75,6.840000152587891,151480
2022-03-14,6.840000152587891,6.840000152587891,6.760000228881836,6.760000228881836,244347
2022-03-15,6.760000228881836,6.900000095367432,6.699999809265137,6.699999809265137,645845
2022-03-16,6.699999809265137,6.800000190734863,6.650000095367432,6.690000057220459,388522
2022-03-17,6.690000057220459,6.699999809265137,6.550000190734863,6.599999904632568,611683
2022-03-20,6.599999904632568,6.849999904632568,6.599999904632568,6.599999904632568,17355
2022-03-21,6.599999904632568,7.0,6.559999942779541,6.599999904632568,878172
2022-03-22,6.599999904632568,6.800000190734863,6.630000114440918,6.679999828338623,1400092
2022-03-23,6.679999828338623,6.900000095367432,6.699999809265137,6.880000114440918,2164748
2022-03-24,6.880000114440918,7.679999828338623,6.820000171661377,7.5,4737912
2022-03-27,7.5,7.889999866485596,7.5,7.53000020980835,1037883
2022-03-28,7.53000020980835,7.800000190734863,7.329999923706055,7.400000095367432,661926
2022-03-29,7.400000095367432,7.650000095367432,7.300000190734863,7.5,92778
2022-03-30,7.5,7.800000190734863,7.510000228881836,7.599999904632568,325244
2022-03-31,7.599999904632568,7.599999904632568,7.150000095367432,7.510000228881836,255560
2022-04-03,7.510000228881836,7.599999904632568,7.5,7.510000228881836,14923
2022-04-04,7.510000228881836,7.590000152587891,7.400000095367432,7.510000228881836,21130
2022-04-05,7.510000228881836,7.510000228881836,7.300000190734863,7.510000228881836,9282
2022-04-06,7.510000228881836,7.5,7.400000095367432,7.510000228881836,7309
2022-04-07,7.510000228881836,7.46999979019165,7.199999809265137,7.510000228881836,29582
2022-04-10,7.510000228881836,7.489999771118164,7.269999980926514,7.510000228881836,24648
2022-04-11,7.510000228881836,7.46999979019165,7.199999809265137,7.510000228881836,6011
2022-04-12,7.510000228881836,7.420000076293945,7.25,7.400000095367432,282251
2022-04-13,7.400000095367432,7.480000019073486,7.400000095367432,7.400000095367432,138856
2022-04-14,7.400000095367432,7.480000019073486,7.25,7.400000095367432,136772
2022-04-17,7.400000095367432,7.480000019073486,7.300000190734863,7.309999942779541,164109
2022-04-18,7.309999942779541,7.460000038146973,7.260000228881836,7.400000095367432,257143
2022-04-19,7.400000095367432,7.699999809265137,7.400000095367432,7.550000190734863,2854098
2022-04-20,7.550000190734863,7.900000095367432,7.559999942779541,7.809999942779541,635295
2022-04-21,7.809999942779541,8.0,7.630000114440918,7.949999809265137,883712
2022-04-26,7.949999809265137,8.050000190734863,7.699999809265137,8.029999732971191,1612350
2022-04-27,8.029999732971191,8.100000381469727,7.710000038146973,8.0,1590734
2022-04-28,8.0,8.09000015258789,8.0,8.0,467445
2022-05-08,8.0,7.920000076293945,7.25,8.0,6837
2022-05-09,8.0,7.940000057220459,7.699999809265137,7.840000152587891,804554
2022-05-10,7.840000152587891,7.800000190734863,7.510000228881836,7.599999904632568,952873
2022-05-11,7.599999904632568,7.78000020980835,7.5,7.599999904632568,7894
2022-05-12,7.599999904632568,7.599999904632568,7.449999809265137,7.599999904632568,4697
2022-05-15,7.599999904632568,7.800000190734863,7.599999904632568,7.699999809265137,790816
2022-05-16,7.699999809265137,7.800000190734863,7.599999904632568,7.78000020980835,978981
2022-05-17,7.78000020980835,7.940000057220459,7.900000095367432,7.929999828338623,51875
2022-05-18,7.929999828338623,7.940000057220459,7.650000095367432,7.929999828338623,6260
2022-05-19,7.929999828338623,7.909999847412109,7.599999904632568,7.699999809265137,848029
2022-05-22,7.699999809265137,7.900000095367432,7.699999809265137,7.699999809265137,18054
2022-05-23,7.699999809265137,7.900000095367432,7.699999809265137,7.699999809265137,3599
2022-05-24,7.699999809265137,7.900000095367432,7.599999904632568,7.699999809265137,6360
2022-05-25,7.699999809265137,7.860000133514404,7.599999904632568,7.699999809265137,1818920
2022-05-26,7.699999809265137,7.699999809265137,7.599999904632568,7.699999809265137,50426
2022-05-29,7.699999809265137,7.699999809265137,7.5,7.699999809265137,2427
2022-05-30,7.699999809265137,7.75,7.510000228881836,7.699999809265137,21033
2022-05-31,7.699999809265137,7.800000190734863,7.690000057220459,7.690000057220459,503322
2022-06-01,7.690000057220459,7.659999847412109,7.599999904632568,7.599999904632568,1708644
2022-06-02,7.599999904632568,7.75,7.599999904632568,7.599999904632568,1207
2022-06-05,7.599999904632568,7.599999904632568,7.599999904632568,7.599999904632568,0
2022-06-06,7.599999904632568,7.699999809265137,7.599999904632568,7.599999904632568,1154
2022-06-07,7.599999904632568,7.769999980926514,7.599999904632568,7.599999904632568,38354
2022-06-08,7.599999904632568,7.880000114440918,7.650000095367432,7.599999904632568,5187
2022-06-09,7.599999904632568,7.880000114440918,7.610000133514404,7.599999904632568,3307
2022-06-12,7.599999904632568,7.800000190734863,7.599999904632568,7.599999904632568,8958
2022-06-13,7.599999904632568,7.769999980926514,7.599999904632568,7.599999904632568,3978
2022-06-14,7.599999904632568,7.739999771118164,7.599999904632568,7.739999771118164,63488
2022-06-15,7.739999771118164,7.739999771118164,7.619999885559082,7.739999771118164,700
2022-06-16,7.739999771118164,7.699999809265137,7.610000133514404,7.610000133514404,1195527
2022-06-19,7.610000133514404,7.699999809265137,7.510000228881836,7.610000133514404,388
2022-06-20,7.610000133514404,7.699999809265137,7.5,7.5,1794991
2022-06-21,7.5,7.679999828338623,7.409999847412109,7.5,7850
2022-06-22,7.5,7.46999979019165,7.360000133514404,7.409999847412109,513148
2022-06-23,7.409999847412109,7.400000095367432,7.119999885559082,7.409999847412109,12926
2022-06-26,7.409999847412109,7.349999904632568,7.300000190734863,7.409999847412109,32056
2022-06-27,7.409999847412109,7.349999904632568,7.099999904632568,7.210000038146973,126263
2022-06-28,7.210000038146973,7.110000133514404,7.079999923706055,7.210000038146973,22208
2022-06-29,7.210000038146973,7.199999809265137,7.110000133514404,7.210000038146973,8852
2022-07-03,7.210000038146973,7.210000038146973,7.079999923706055,7.079999923706055,212004
2022-07-04,7.079999923706055,7.099999904632568,7.010000228881836,7.079999923706055,1226
2022-07-05,7.079999923706055,7.099999904632568,7.010000228881836,7.099999904632568,133575
2022-07-06,7.099999904632568,7.300000190734863,6.920000076293945,7.099999904632568,77134
2022-07-07,7.099999904632568,7.789999961853027,7.070000171661377,7.119999885559082,105336
2022-07-17,7.119999885559082,7.599999904632568,7.150000095367432,7.119999885559082,604
2022-07-18,7.119999885559082,7.590000152587891,7.210000038146973,7.400000095367432,268266
2022-07-19,7.400000095367432,7.690000057220459,7.5,7.510000228881836,1172244
2022-07-20,7.510000228881836,7.690000057220459,7.289999961853027,7.510000228881836,2158
2022-07-21,7.510000228881836,7.889999866485596,7.349999904632568,7.659999847412109,985992
2022-07-24,7.659999847412109,7.869999885559082,7.400000095367432,7.820000171661377,49482
2022-07-25,7.820000171661377,7.960000038146973,7.78000020980835,7.900000095367432,130054
2022-07-26,7.900000095367432,8.100000381469727,7.5,7.889999866485596,198236
2022-07-27,7.889999866485596,8.199999809265137,7.800000190734863,7.960000038146973,184259
2022-07-28,7.960000038146973,8.380000114440918,7.800000190734863,8.079999923706055,230959
2022-07-31,8.079999923706055,8.300000190734863,7.75,8.079999923706055,11840
2022-08-01,8.079999923706055,8.289999961853027,7.929999828338623,8.140000343322754,470513
2022-08-02,8.140000343322754,8.279999732971191,8.0,8.140000343322754,20174
2022-08-03,8.140000343322754,8.949999809265137,8.300000190734863,8.800000190734863,1323869
2022-08-04,8.800000190734863,9.5,8.989999771118164,9.020000457763672,1822611
2022-08-07,9.020000457763672,9.380000114440918,8.710000038146973,9.069999694824219,92892
2022-08-08,9.069999694824219,9.029999732971191,8.710000038146973,8.84000015258789,41603
2022-08-09,8.84000015258789,9.199999809265137,8.880000114440918,9.050000190734863,209028
2022-08-10,9.050000190734863,9.239999771118164,8.989999771118164,8.989999771118164,130643
2022-08-11,8.989999771118164,9.149999618530273,9.0,8.989999771118164,76
2022-08-14,8.989999771118164,8.989999771118164,8.630000114440918,8.760000228881836,92533
2022-08-15,8.760000228881836,8.989999771118164,8.149999618530273,8.380000114440918,106910
2022-08-16,8.380000114440918,9.149999618530273,8.479999542236328,8.6899995803833,64843
2022-08-17,8.6899995803833,9.239999771118164,8.609999656677246,9.199999809265137,547726
2022-08-18,9.199999809265137,9.199999809265137,9.199999809265137,9.199999809265137,0
2022-08-21,9.479999542236328,10.0,9.5,9.699999809265137,929972
2022-08-22,9.699999809265137,9.850000381469727,9.5,9.710000038146973,3577764
2022-08-23,9.710000038146973,9.710000038146973,9.710000038146973,9.710000038146973,0
2022-08-24,9.670000076293945,9.65999984741211,9.300000190734863,9.479999542236328,1163286
2022-08-25,9.479999542236328,9.729999542236328,9.300000190734863,9.5,1041322
2022-08-28,9.5,9.600000381469727,9.380000114440918,9.5,100162
2022-08-29,9.5,9.600000381469727,8.65999984741211,9.5,9226
2022-08-30,9.5,9.539999961853027,9.0,9.470000267028809,61777
2022-08-31,9.470000267028809,9.550000190734863,9.109999656677246,9.470000267028809,5965
2022-09-01,9.470000267028809,9.5,9.119999885559082,9.390000343322754,37556
2022-09-04,9.390000343322754,9.5,9.130000114440918,9.390000343322754,19542
2022-09-05,9.390000343322754,9.5,9.15999984741211,9.300000190734863,159175
2022-09-06,9.300000190734863,9.59000015258789,9.399999618530273,9.300000190734863,8079
2022-09-07,9.300000190734863,9.5,9.300000190734863,9.449999809265137,194221
2022-09-08,9.449999809265137,9.899999618530273,9.5,9.699999809265137,1134766
2022-09-11,9.699999809265137,9.789999961853027,9.5,9.699999809265137,3986
2022-09-12,9.699999809265137,9.75,9.550000190734863,9.699999809265137,7091
2022-09-13,9.699999809265137,9.699999809265137,9.460000038146973,9.619999885559082,657555
2022-09-14,9.619999885559082,9.600000381469727,9.399999618530273,9.619999885559082,9865
2022-09-15,9.619999885559082,9.649999618530273,9.5,9.619999885559082,1336
2022-09-18,9.619999885559082,9.640000343322754,9.210000038146973,9.619999885559082,18858
2022-09-19,9.619999885559082,9.75,9.600000381469727,9.710000038146973,355926
2022-09-20,9.710000038146973,9.800000190734863,9.510000228881836,9.800000190734863,202691
2022-09-21,9.800000190734863,9.890000343322754,9.699999809265137,9.819999694824219,104542
2022-09-22,9.819999694824219,9.949999809265137,9.819999694824219,9.819999694824219,298992
2022-09-25,9.819999694824219,9.899999618530273,9.300000190734863,9.819999694824219,2883
2022-09-26,9.819999694824219,9.84000015258789,9.5,9.800000190734863,1022902
2022-09-27,9.800000190734863,9.899999618530273,9.5,9.800000190734863,835
2022-09-28,9.800000190734863,9.899999618530273,9.5,9.699999809265137,523588
2022-09-29,9.699999809265137,9.850000381469727,9.600000381469727,9.800000190734863,394783
2022-10-02,9.800000190734863,9.819999694824219,9.600000381469727,9.800000190734863,7863
2022-10-03,9.800000190734863,9.800000190734863,9.699999809265137,9.699999809265137,1032321
2022-10-04,9.699999809265137,9.800000190734863,9.550000190734863,9.699999809265137,1199
2022-10-05,9.699999809265137,9.789999961853027,9.550000190734863,9.699999809265137,850
2022-10-09,9.699999809265137,9.800000190734863,9.600000381469727,9.699999809265137,17212
2022-10-10,9.699999809265137,9.800000190734863,9.550000190734863,9.699999809265137,53
2022-10-11,9.699999809265137,9.729999542236328,9.550000190734863,9.699999809265137,133
2022-10-12,9.699999809265137,9.800000190734863,9.0,9.699999809265137,8083
2022-10-13,9.699999809265137,9.399999618530273,9.0,9.699999809265137,98
2022-10-16,9.699999809265137,9.699999809265137,9.399999618530273,9.699999809265137,9686
2022-10-17,9.699999809265137,9.800000190734863,9.399999618530273,9.600000381469727,6022113
2022-10-18,9.600000381469727,9.789999961853027,9.449999809265137,9.600000381469727,161270
2022-10-19,9.600000381469727,9.800000190734863,9.399999618530273,9.720000267028809,6730838
2022-10-20,9.720000267028809,9.800000190734863,9.600000381469727,9.619999885559082,20001927
2022-10-23,9.619999885559082,9.800000190734863,9.399999618530273,9.619999885559082,2375
2022-10-24,9.619999885559082,9.75,9.399999618530273,9.619999885559082,1289
2022-10-25,9.619999885559082,9.8100004196167,9.75,9.619999885559082,7676
2022-10-26,9.619999885559082,9.619999885559082,9.619999885559082,9.619999885559082,0
2022-10-27,9.619999885559082,10.100000381469727,9.649999618530273,10.050000190734863,82613
2022-10-30,10.050000190734863,10.100000381469727,10.050000190734863,10.050000190734863,25010
2022-10-31,10.050000190734863,10.25,9.670000076293945,10.149999618530273,10028274
2022-11-01,10.149999618530273,10.180000305175781,9.949999809265137,10.180000305175781,4551378
2022-11-02,10.180000305175781,10.199999809265137,9.609999656677246,10.180000305175781,1328
2022-11-03,10.180000305175781,10.489999771118164,9.899999618530273,10.199999809265137,361376
2022-11-06,10.199999809265137,10.5,9.020000457763672,10.199999809265137,8092
2022-11-07,10.199999809265137,10.739999771118164,10.149999618530273,10.510000228881836,40320
2022-11-08,10.510000228881836,10.760000228881836,10.510000228881836,10.630000114440918,97725
2022-11-09,10.630000114440918,11.680000305175781,10.5,11.5,288757
2022-11-10,11.5,12.369999885559082,11.0,12.199999809265137,75930
2022-11-13,12.199999809265137,12.5,12.0,12.020000457763672,132867
2022-11-14,12.020000457763672,12.399999618530273,12.0,12.329999923706055,457382
2022-11-15,12.329999923706055,12.800000190734863,11.0,12.75,3436712
2022-11-16,12.75,12.979999542236328,12.399999618530273,12.619999885559082,92290
2022-11-17,12.619999885559082,13.380000114440918,12.649999618530273,13.0,1740041
2022-11-20,13.0,13.25,12.699999809265137,13.0,16131
2022-11-21,13.0,12.949999809265137,12.5,12.699999809265137,2389403
2022-11-22,12.699999809265137,12.75,12.510000228881836,12.609999656677246,63658
2022-11-23,12.609999656677246,12.75,10.100000381469727,12.5,100615
2022-11-24,12.5,12.989999771118164,12.420000076293945,12.869999885559082,126531
2022-11-27,12.869999885559082,12.989999771118164,12.609999656677246,12.699999809265137,300154
2022-11-28,12.699999809265137,12.850000381469727,12.40999984741211,12.5,37732
2022-11-29,12.5,12.789999961853027,12.460000038146973,12.699999809265137,446023
2022-11-30,12.699999809265137,12.819999694824219,10.8100004196167,12.479999542236328,88528
2022-12-01,12.479999542236328,12.760000228881836,12.40999984741211,12.699999809265137,143000
2022-12-04,12.699999809265137,13.350000381469727,12.529999732971191,13.050000190734863,389154
2022-12-05,13.050000190734863,13.199999809265137,12.760000228881836,13.079999923706055,1536408
2022-12-06,13.079999923706055,13.140000343322754,12.5,13.079999923706055,11140
2022-12-07,13.079999923706055,13.25,12.760000228881836,13.180000305175781,42599
2022-12-08,13.180000305175781,13.199999809265137,12.5,12.869999885559082,25327
2022-12-11,12.869999885559082,13.0,12.399999618530273,12.4399995803833,249576
2022-12-12,12.4399995803833,12.699999809265137,12.399999618530273,12.40999984741211,312438
2022-12-13,12.40999984741211,12.6899995803833,12.399999618530273,12.529999732971191,271097
2022-12-14,12.529999732971191,12.739999771118164,12.420000076293945,12.6899995803833,1307815
2022-12-15,12.6899995803833,12.800000190734863,12.510000228881836,12.75,1355269
2022-12-18,12.75,12.789999961853027,12.550000190734863,12.630000114440918,343451
2022-12-19,12.630000114440918,12.800000190734863,12.600000381469727,12.760000228881836,84809
2022-12-20,12.760000228881836,13.0,12.550000190734863,12.640000343322754,256385
2022-12-21,12.640000343322754,12.9399995803833,12.600000381469727,12.640000343322754,3304
2022-12-22,12.640000343322754,15.15999984741211,12.619999885559082,13.640000343322754,1443187
2022-12-25,13.640000343322754,14.0,13.40999984741211,13.930000305175781,1990957
2022-12-26,13.930000305175781,13.989999771118164,13.5,13.520000457763672,124218
2022-12-27,13.520000457763672,13.899999618530273,13.350000381469727,13.5,69662
2022-12-28,13.5,14.279999732971191,13.510000228881836,13.670000076293945,1216695
2022-12-29,13.670000076293945,14.0,13.5,13.890000343322754,194718
2023-01-02,13.890000343322754,14.119999885559082,13.670000076293945,13.890000343322754,19028
2023-01-03,13.890000343322754,14.600000381469727,13.729999542236328,13.920000076293945,79055
2023-01-04,13.920000076293945,14.100000381469727,13.010000228881836,13.710000038146973,189231
2023-01-05,13.710000038146973,14.0,13.130000114440918,13.609999656677246,136683
2023-01-09,13.609999656677246,13.920000076293945,13.399999618530273,13.539999961853027,26672
2023-01-10,13.539999961853027,13.6899995803833,13.260000228881836,13.390000343322754,28872
2023-01-11,13.390000343322754,13.989999771118164,13.0,13.75,141643
2023-01-12,13.75,13.899999618530273,13.130000114440918,13.390000343322754,383920
2023-01-15,13.390000343322754,13.720000267028809,13.3100004196167,13.399999618530273,26558
2023-01-16,13.399999618530273,13.550000190734863,13.25,13.399999618530273,21285
2023-01-17,13.399999618530273,13.5,12.550000190734863,13.350000381469727,81307
2023-01-18,13.350000381469727,13.449999809265137,13.149999618530273,13.420000076293945,32754
2023-01-19,13.420000076293945,13.5,13.0,13.199999809265137,29248
2023-01-22,13.199999809265137,13.449999809265137,13.199999809265137,13.260000228881836,1248218
2023-01-23,13.260000228881836,13.5,13.199999809265137,13.449999809265137,820088
2023-01-24,13.449999809265137,13.5,13.229999542236328,13.470000267028809,56536
2023-01-25,13.470000267028809,14.5,13.369999885559082,14.5,674000
2023-01-29,14.5,14.75,14.300000190734863,14.619999885559082,260716
2023-01-30,14.619999885559082,15.199999809265137,14.569999694824219,15.020000457763672,518664
2023-01-31,15.020000457763672,15.079999923706055,14.800000190734863,14.960000038146973,279834
2023-02-01,14.960000038146973,15.100000381469727,14.699999809265137,15.100000381469727,707792
2023-02-02,15.100000381469727,16.979999542236328,14.75,16.760000228881836,442210
2023-02-05,16.760000228881836,16.700000762939453,16.15999984741211,16.610000610351562,159718
2023-02-06,16.610000610351562,16.700000762939453,15.229999542236328,16.610000610351562,14718
2023-02-07,16.610000610351562,17.1299991607666,16.0,17.020000457763672,474360
2023-02-08,17.020000457763672,17.200000762939453,16.5,16.989999771118164,839152
2023-02-09,16.989999771118164,17.5,16.649999618530273,17.280000686645508,1956028
2023-02-12,17.280000686645508,17.5,17.010000228881836,17.309999465942383,32769
2023-02-13,17.309999465942383,17.5,17.0,17.459999084472656,963644
2023-02-14,17.459999084472656,17.700000762939453,17.469999313354492,17.520000457763672,303708
2023-02-15,17.520000457763672,17.799999237060547,17.520000457763672,17.799999237060547,193891
2023-02-16,17.799999237060547,17.899999618530273,17.5,17.549999237060547,815257
2023-02-19,17.549999237060547,17.790000915527344,16.799999237060547,16.8799991607666,39938
2023-02-20,16.8799991607666,17.5,15.800000190734863,16.68000030517578,24051
2023-02-21,16.68000030517578,16.75,16.0,16.399999618530273,835318
2023-02-22,16.399999618530273,17.0,16.399999618530273,16.399999618530273,9556
2023-02-23,16.399999618530273,16.799999237060547,16.100000381469727,16.399999618530273,6739
2023-02-26,16.399999618530273,16.75,16.1299991607666,16.399999618530273,7000
2023-02-27,16.399999618530273,16.799999237060547,16.209999084472656,16.450000762939453,18225
2023-02-28,16.450000762939453,16.75,16.049999237060547,16.450000762939453,8165
2023-03-01,16.450000762939453,16.700000762939453,16.010000228881836,16.350000381469727,925831
2023-03-02,16.350000381469727,16.5,15.520000457763672,15.989999771118164,37595
2023-03-05,15.989999771118164,16.350000381469727,14.220000267028809,15.989999771118164,12201
2023-03-06,15.989999771118164,16.229999542236328,15.5,15.989999771118164,14921
2023-03-07,15.989999771118164,16.149999618530273,15.0,15.359999656677246,42381
2023-03-08,15.359999656677246,15.390000343322754,14.510000228881836,14.770000457763672,178806
2023-03-09,14.770000457763672,14.800000190734863,14.0,14.369999885559082,489222
2023-03-12,14.369999885559082,15.0,13.109999656677246,13.989999771118164,70334
2023-03-13,13.989999771118164,14.399999618530273,13.800000190734863,14.050000190734863,191062
2023-03-14,14.050000190734863,14.6899995803833,13.90999984741211,14.010000228881836,1333866
2023-03-15,14.010000228881836,14.300000190734863,13.5,13.859999656677246,1413229
2023-03-16,13.859999656677246,14.0,13.050000190734863,13.800000190734863,13508245
2023-03-19,13.800000190734863,15.0,13.800000190734863,14.239999771118164,104212
2023-03-20,14.239999771118164,14.890000343322754,14.260000228881836,14.569999694824219,29495
2023-03-21,14.569999694824219,15.0,14.5,14.789999961853027,1020971
2023-03-22,14.789999961853027,17.5,14.020000457763672,14.600000381469727,441588
2023-03-23,14.600000381469727,15.949999809265137,14.449999809265137,15.020000457763672,38777
2023-03-26,15.020000457763672,15.930000305175781,14.510000228881836,14.930000305175781,258067
2023-03-27,14.930000305175781,15.5,14.5,14.949999809265137,95898
2023-03-28,14.949999809265137,14.979999542236328,14.699999809265137,14.739999771118164,419608
2023-03-29,14.739999771118164,15.0,14.5,14.539999961853027,92912
2023-03-30,14.539999961853027,14.84000015258789,14.510000228881836,14.529999732971191,24766
2023-04-02,14.529999732971191,15.199999809265137,14.529999732971191,14.989999771118164,76181
2023-04-03,14.989999771118164,15.229999542236328,14.850000381469727,15.0,1005889
2023-04-04,15.0,15.09000015258789,14.539999961853027,14.8100004196167,40481
2023-04-05,14.8100004196167,15.100000381469727,14.5600004196167,14.90999984741211,46353
2023-04-06,14.90999984741211,15.100000381469727,14.460000038146973,14.539999961853027,378720
2023-04-09,14.539999961853027,15.0,14.5,14.520000457763672,76005
2023-04-10,14.520000457763672,14.899999618530273,14.600000381469727,14.829999923706055,57933
2023-04-11,14.829999923706055,14.899999618530273,14.479999542236328,14.5,471787
2023-04-12,14.5,14.890000343322754,14.510000228881836,14.569999694824219,41775
2023-04-13,14.569999694824219,14.850000381469727,14.569999694824219,14.800000190734863,409015
2023-04-18,14.800000190734863,15.75,14.800000190734863,15.34000015258789,576883
2023-04-19,15.34000015258789,16.0,15.119999885559082,16.0,1246975
2023-04-26,16.0,16.200000762939453,15.550000190734863,16.079999923706055,1071608
2023-04-27,16.079999923706055,17.200000762939453,16.0,16.600000381469727,218148
2023-04-30,16.600000381469727,16.950000762939453,15.550000190734863,15.970000267028809,127251
2023-05-01,15.970000267028809,15.970000267028809,15.970000267028809,15.970000267028809,0
2023-05-02,15.59000015258789,16.0,15.0,15.59000015258789,96601
2023-05-03,15.59000015258789,15.800000190734863,15.479999542236328,15.5,102894
2023-05-07,15.5,15.800000190734863,15.010000228881836,15.640000343322754,116126
2023-05-08,15.640000343322754,15.989999771118164,15.520000457763672,15.6899995803833,623790
2023-05-09,15.6899995803833,15.989999771118164,15.5,15.520000457763672,218813
2023-05-10,15.520000457763672,15.899999618530273,15.399999618530273,15.5,231573
2023-05-11,15.5,15.869999885559082,15.390000343322754,15.420000076293945,295457
2023-05-14,15.420000076293945,15.739999771118164,15.399999618530273,15.6899995803833,123965
2023-05-15,15.6899995803833,15.479999542236328,15.010000228881836,15.390000343322754,152371
2023-05-16,15.390000343322754,15.399999618530273,15.100000381469727,15.300000190734863,199246
2023-05-17,15.300000190734863,15.550000190734863,15.050000190734863,15.300000190734863,233042
2023-05-18,15.300000190734863,15.479999542236328,15.0600004196167,15.229999542236328,44510
2023-05-21,15.229999542236328,15.630000114440918,15.100000381469727,15.550000190734863,64643
2023-05-22,15.550000190734863,15.949999809265137,15.600000381469727,15.84000015258789,202247
2023-05-23,15.84000015258789,15.899999618530273,15.649999618530273,15.850000381469727,52266
2023-05-24,15.850000381469727,16.059999465942383,15.600000381469727,15.979999542236328,911805
2023-05-25,15.979999542236328,16.950000762939453,16.049999237060547,16.600000381469727,88175
2023-05-28,16.600000381469727,19.0,16.600000381469727,18.479999542236328,530900
2023-05-29,18.479999542236328,18.899999618530273,18.0,18.610000610351562,467333
2023-05-30,18.610000610351562,19.280000686645508,18.610000610351562,18.889999389648438,1095514
2023-05-31,18.889999389648438,19.100000381469727,18.399999618530273,18.829999923706055,2273981
2023-06-01,18.829999923706055,18.850000381469727,18.020000457763672,18.3700008392334,327420
2023-06-04,18.3700008392334,18.670000076293945,18.350000381469727,18.40999984741211,51369
2023-06-05,18.40999984741211,18.440000534057617,17.5,17.829999923706055,29200
2023-06-06,17.829999923706055,18.399999618530273,17.559999465942383,17.940000534057617,47671
2023-06-07,17.940000534057617,18.0,17.549999237060547,17.799999237060547,2168717
2023-06-08,17.799999237060547,18.0,17.200000762939453,17.469999313354492,196290
2023-06-11,17.469999313354492,18.0,17.049999237060547,17.1200008392334,95118
2023-06-12,17.1200008392334,17.75,17.15999984741211,17.1200008392334,16601
2023-06-13,17.1200008392334,17.950000762939453,17.200000762939453,17.389999389648438,1337468
2023-06-14,17.389999389648438,17.93000030517578,17.40999984741211,17.600000381469727,1922855
2023-06-15,17.600000381469727,18.0,17.5,17.809999465942383,88340
2023-06-18,17.809999465942383,18.0,17.610000610351562,17.8799991607666,17345
2023-06-19,17.8799991607666,18.329999923706055,17.75,18.1200008392334,1021473
2023-06-20,18.1200008392334,18.5,18.110000610351562,18.329999923706055,470723
2023-06-21,18.329999923706055,18.5,18.209999084472656,18.399999618530273,170816
2023-06-22,18.399999618530273,18.649999618530273,18.200000762939453,18.549999237060547,364251
2023-06-25,18.549999237060547,18.600000381469727,18.1200008392334,18.549999237060547,11027
2023-06-26,18.549999237060547,18.479999542236328,18.040000915527344,18.299999237060547,92840
2023-07-04,18.299999237060547,18.479999542236328,18.290000915527344,18.399999618530273,194224
2023-07-05,18.399999618530273,18.600000381469727,18.350000381469727,18.399999618530273,14750
2023-07-06,18.399999618530273,18.700000762939453,18.5,18.639999389648438,34447
2023-07-09,18.639999389648438,18.68000030517578,18.040000915527344,18.420000076293945,392229
2023-07-10,18.420000076293945,18.450000762939453,17.5,18.420000076293945,14230
2023-07-11,18.420000076293945,18.700000762939453,18.010000228881836,18.520000457763672,75438
2023-07-12,18.520000457763672,18.690000534057617,18.440000534057617,18.579999923706055,30583
2023-07-13,18.579999923706055,19.0,18.149999618530273,18.5,300635
2023-07-16,18.5,18.8799991607666,18.309999465942383,18.40999984741211,22722
2023-07-17,18.40999984741211,18.56999969482422,18.350000381469727,18.40999984741211,32528
2023-07-18,18.40999984741211,18.600000381469727,18.350000381469727,18.459999084472656,494084
2023-07-19,18.459999084472656,18.459999084472656,18.459999084472656,18.459999084472656,0
2023-07-24,18.59000015258789,18.690000534057617,18.420000076293945,18.600000381469727,38273
2023-07-25,18.600000381469727,18.969999313354492,18.549999237060547,18.799999237060547,1720241
2023-07-26,18.799999237060547,18.989999771118164,18.75,18.799999237060547,13611
2023-07-27,18.799999237060547,18.799999237060547,18.299999237060547,18.799999237060547,13501
2023-07-30,18.799999237060547,18.979999542236328,18.399999618530273,18.799999237060547,364291
2023-07-31,18.799999237060547,18.90999984741211,18.549999237060547,18.889999389648438,177613
2023-08-01,18.889999389648438,19.049999237060547,18.639999389648438,19.0,80356
2023-08-02,19.0,19.5,18.75,19.219999313354492,224371
2023-08-03,19.219999313354492,19.549999237060547,19.0,19.5,282181
2023-08-06,19.5,20.190000534057617,19.5,19.850000381469727,200808
2023-08-07,19.850000381469727,20.200000762939453,19.5,19.68000030517578,22065
2023-08-08,19.68000030517578,20.0,19.0,19.459999084472656,44848
2023-08-09,19.459999084472656,19.799999237060547,19.110000610351562,19.350000381469727,58577
2023-08-10,19.350000381469727,19.600000381469727,19.299999237060547,19.350000381469727,899503
2023-08-13,19.350000381469727,19.56999969482422,19.350000381469727,19.3799991607666,16769
2023-08-14,19.3799991607666,19.5,19.299999237060547,19.399999618530273,480990
2023-08-15,19.399999618530273,19.790000915527344,19.399999618530273,19.729999542236328,44636
2023-08-16,19.729999542236328,19.989999771118164,19.600000381469727,19.93000030517578,34005
2023-08-17,19.93000030517578,19.950000762939453,19.549999237060547,19.559999465942383,36409
2023-08-20,19.559999465942383,20.190000534057617,19.649999618530273,19.920000076293945,37429
2023-08-21,19.920000076293945,20.5,19.950000762939453,20.309999465942383,256472
2023-08-22,20.309999465942383,21.5,20.299999237060547,21.479999542236328,323460
2023-08-23,21.479999542236328,21.8799991607666,20.5,20.5,1242125
2023-08-24,20.5,21.5,20.600000381469727,21.0,535811
2023-08-27,21.0,21.799999237060547,20.899999618530273,21.190000534057617,610500
2023-08-28,21.190000534057617,21.75,21.049999237060547,21.229999542236328,20511
2023-08-29,21.229999542236328,21.5,20.709999084472656,20.760000228881836,172988
2023-08-30,20.760000228881836,21.84000015258789,20.760000228881836,21.209999084472656,1360115
2023-08-31,21.209999084472656,21.209999084472656,21.209999084472656,21.209999084472656,0
2023-09-03,21.079999923706055,21.450000762939453,21.0,21.010000228881836,99360
2023-09-04,21.010000228881836,21.299999237060547,20.90999984741211,21.100000381469727,313626
2023-09-05,21.100000381469727,21.5,20.850000381469727,21.389999389648438,681002
2023-09-06,21.389999389648438,21.43000030517578,21.0,21.239999771118164,17217
2023-09-07,21.239999771118164,21.399999618530273,21.110000610351562,21.239999771118164,7853
2023-09-10,21.239999771118164,21.239999771118164,21.239999771118164,21.239999771118164,0
2023-09-11,21.010000228881836,21.299999237060547,20.610000610351562,20.75,1842821
2023-09-12,20.75,21.1200008392334,20.75,20.979999542236328,15612
2023-09-13,20.979999542236328,21.149999618530273,20.700000762939453,20.809999465942383,1270889
2023-09-14,20.809999465942383,21.0,20.700000762939453,20.709999084472656,465000
2023-09-17,20.709999084472656,20.989999771118164,20.65999984741211,20.700000762939453,208490
2023-09-18,20.700000762939453,20.899999618530273,20.5,20.530000686645508,595874
2023-09-19,20.530000686645508,20.739999771118164,20.510000228881836,20.600000381469727,922674
2023-09-20,20.600000381469727,20.600000381469727,20.600000381469727,20.600000381469727,0
2023-09-21,20.600000381469727,20.600000381469727,20.600000381469727,20.600000381469727,0
2023-09-24,20.600000381469727,20.600000381469727,20.600000381469727,20.600000381469727,0
2023-09-25,19.950000762939453,20.649999618530273,20.0,20.0,184391
2023-09-26,20.0,20.299999237060547,19.979999542236328,20.0,768714
2023-09-27,20.0,20.0,20.0,20.0,0
2023-10-01,20.0,20.0,20.0,20.0,0
2023-10-02,20.440000534057617,20.700000762939453,19.799999237060547,20.0,679166
2023-10-03,20.0,20.440000534057617,20.0,20.0,11093
2023-10-04,20.0,20.290000915527344,19.799999237060547,19.8799991607666,811782
2023-10-08,19.8799991607666,20.299999237060547,19.510000228881836,19.65999984741211,72189
2023-10-09,19.65999984741211,20.100000381469727,19.549999237060547,20.0,93081
2023-10-10,20.0,20.34000015258789,20.0,20.299999237060547,269174
2023-10-11,20.299999237060547,20.799999237060547,20.110000610351562,20.639999389648438,68312
2023-10-12,20.639999389648438,24.0,20.700000762939453,21.979999542236328,834855
2023-10-15,21.979999542236328,26.0,22.020000457763672,23.0,968572
2023-10-16,23.0,24.799999237060547,23.059999465942383,23.5,416227
2023-10-17,23.5,24.25,23.510000228881836,23.969999313354492,894449
2023-10-18,23.969999313354492,24.200000762939453,23.65999984741211,24.0,1246881
2023-10-19,24.0,24.0,24.0,24.0,0
2023-10-22,23.75,24.43000030517578,23.709999084472656,23.959999084472656,60769
2023-10-23,23.959999084472656,27.0,24.0,25.809999465942383,116708
2023-10-24,25.809999465942383,26.799999237060547,25.0,25.40999984741211,50863
2023-10-25,25.40999984741211,27.770000457763672,25.700000762939453,27.420000076293945,114460
2023-10-26,27.420000076293945,27.5,26.0,26.770000457763672,35095
2023-10-29,26.770000457763672,27.0,26.510000228881836,26.780000686645508,32540
2023-10-30,26.780000686645508,27.5,26.780000686645508,27.0,1356267
2023-10-31,27.0,28.0,26.799999237060547,26.989999771118164,3869390
2023-11-01,26.989999771118164,28.0,26.0,26.459999084472656,137632
2023-11-02,26.459999084472656,26.989999771118164,26.049999237060547,26.5,1042787
2023-11-05,26.5,27.969999313354492,26.709999084472656,27.540000915527344,21133
2023-11-06,27.540000915527344,29.5,27.200000762939453,28.5,140206
2023-11-07,28.5,28.989999771118164,27.5,28.1200008392334,206334
2023-11-08,28.1200008392334,29.100000381469727,27.5,29.0,125922
2023-11-09,29.0,33.650001525878906,28.899999618530273,30.0,994589
2023-11-12,30.0,31.989999771118164,25.59000015258789,29.700000762939453,179840
2023-11-13,29.700000762939453,30.969999313354492,29.0,29.5,279250
2023-11-14,29.5,30.0,28.719999313354492,29.110000610351562,80548
2023-11-15,29.110000610351562,30.0,29.0,29.5,546310
2023-11-16,29.5,29.799999237060547,29.299999237060547,29.639999389648438,529163
2023-11-19,29.639999389648438,29.75,29.450000762939453,29.549999237060547,49532
2023-11-20,29.549999237060547,29.649999618530273,29.25,29.350000381469727,192144
2023-11-21,29.350000381469727,29.5,28.0,29.09000015258789,73639
2023-11-22,29.09000015258789,29.579999923706055,29.010000228881836,29.229999542236328,142821
2023-11-23,29.229999542236328,31.0,29.200000762939453,30.0,3065973
2023-11-26,30.0,30.489999771118164,29.5,30.0,842057
2023-11-27,30.0,30.5,29.0,29.190000534057617,4028886
2023-11-28,29.190000534057617,29.700000762939453,29.219999313354492,29.459999084472656,1428929
2023-11-29,29.459999084472656,29.600000381469727,28.540000915527344,29.360000610351562,2565687
2023-11-30,29.360000610351562,29.790000915527344,29.010000228881836,29.5,313942
2023-12-03,29.5,29.389999389648438,28.299999237060547,28.56999969482422,72618
2023-12-04,28.56999969482422,29.299999237060547,28.6200008392334,29.0,1038932
2023-12-05,29.0,29.299999237060547,28.75,28.90999984741211,36502
2023-12-06,28.90999984741211,29.5,28.649999618530273,29.299999237060547,1438382
2023-12-07,29.299999237060547,30.5,28.6299991607666,30.0,999929
2023-12-10,30.0,30.25,29.0,29.520000457763672,27541
2023-12-11,29.520000457763672,29.899999618530273,29.049999237060547,29.65999984741211,27319
2023-12-12,29.65999984741211,33.0,29.5,31.020000457763672,930907
2023-12-13,31.020000457763672,32.0,30.0,31.399999618530273,802094
2023-12-14,31.399999618530273,33.5,31.100000381469727,33.04999923706055,748846
2023-12-17,33.04999923706055,34.79999923706055,34.0,34.43000030517578,52266
2023-12-18,34.43000030517578,35.900001525878906,34.029998779296875,34.86000061035156,93606
2023-12-19,34.86000061035156,35.5,33.11000061035156,34.560001373291016,25651
2023-12-20,34.560001373291016,34.5,33.0,33.45000076293945,26471
2023-12-21,33.45000076293945,34.5,31.0,32.0,179211
2023-12-24,32.0,32.0,32.0,32.0,0
2023-12-25,32.869998931884766,33.5,31.100000381469727,31.989999771118164,70572
2023-12-26,31.989999771118164,33.0,31.610000610351562,32.099998474121094,22151
2023-12-27,32.099998474121094,33.0,31.860000610351562,31.969999313354492,31192
2023-12-28,31.969999313354492,32.0,26.299999237060547,31.700000762939453,55041
2023-12-31,31.700000762939453,32.0,30.1299991607666,31.18000030517578,45531
2024-01-02,31.18000030517578,31.989999771118164,31.309999465942383,31.860000610351562,18218
2024-01-03,31.860000610351562,32.0,31.5,31.959999084472656,68148
2024-01-04,31.959999084472656,32.0,31.579999923706055,32.0,54373
2024-01-08,32.0,32.599998474121094,31.600000381469727,32.58000183105469,194357
2024-01-09,32.58000183105469,32.599998474121094,32.0099983215332,32.380001068115234,255440
2024-01-10,32.380001068115234,32.900001525878906,32.060001373291016,32.540000915527344,234757
2024-01-11,32.540000915527344,32.9900016784668,32.11000061035156,32.70000076293945,32878
2024-01-14,32.70000076293945,33.0,32.689998626708984,32.869998931884766,30721
2024-01-15,32.869998931884766,33.47999954223633,32.79999923706055,33.310001373291016,106224
2024-01-16,33.310001373291016,33.470001220703125,33.0,33.220001220703125,195183
2024-01-17,33.220001220703125,33.47999954223633,32.400001525878906,32.54999923706055,106143
2024-01-18,32.54999923706055,33.0,32.5099983215332,32.68000030517578,134642
2024-01-21,32.68000030517578,32.9900016784668,32.0,32.0099983215332,209760
2024-01-22,32.0099983215332,32.939998626708984,32.20000076293945,32.2400016784668,67002
2024-01-23,32.2400016784668,32.599998474121094,31.899999618530273,32.130001068115234,43857
2024-01-24,32.130001068115234,32.400001525878906,31.75,31.84000015258789,102430
2024-01-28,31.84000015258789,32.20000076293945,30.190000534057617,31.389999389648438,273188
2024-01-29,31.389999389648438,31.950000762939453,31.360000610351562,31.549999237060547,144859
2024-01-30,31.549999237060547,31.8799991607666,30.899999618530273,31.260000228881836,319082
2024-01-31,31.260000228881836,32.0,25.020000457763672,30.0,917042
2024-02-01,30.0,32.0,27.0,31.0,139604
2024-02-04,31.0,31.989999771118164,30.670000076293945,31.010000228881836,52328
2024-02-05,31.010000228881836,32.63999938964844,31.5,32.4900016784668,201055
2024-02-06,32.4900016784668,33.9900016784668,32.209999084472656,33.0099983215332,340875
2024-02-07,33.0099983215332,33.599998474121094,32.79999923706055,33.29999923706055,638740
2024-02-08,33.29999923706055,33.70000076293945,32.79999923706055,33.5,81769
2024-02-11,33.5,33.5,33.0,33.310001373291016,112201
2024-02-12,33.310001373291016,33.310001373291016,30.0,32.209999084472656,53027
2024-02-13,32.209999084472656,37.25,31.780000686645508,35.5,375586
2024-02-14,35.5,36.88999938964844,33.5099983215332,35.400001525878906,770190
2024-02-15,35.400001525878906,35.970001220703125,34.5,35.060001373291016,49738
2024-02-18,35.060001373291016,35.060001373291016,35.060001373291016,35.060001373291016,0
2024-02-19,36.06999969482422,36.93000030517578,35.45000076293945,35.689998626708984,87795
2024-02-20,35.689998626708984,36.5,35.0,36.029998779296875,103978
2024-02-21,36.029998779296875,36.58000183105469,35.5,36.22999954223633,56788
2024-02-22,36.22999954223633,37.5,35.540000915527344,35.880001068115234,708417
2024-02-25,35.880001068115234,43.04999923706055,34.0,43.04999923706055,708585
2024-02-26,43.04999923706055,49.97999954223633,34.61000061035156,40.869998931884766,1041630
2024-02-27,40.869998931884766,43.0,39.20000076293945,39.38999938964844,425363
2024-02-28,39.38999938964844,39.38999938964844,37.47999954223633,37.56999969482422,95879
2024-02-29,37.56999969482422,39.70000076293945,35.79999923706055,38.0,318049
2024-03-03,38.0,39.38999938964844,36.5099983215332,37.529998779296875,109581
2024-03-04,37.529998779296875,39.0,36.560001373291016,37.0,215413
2024-03-05,37.0,38.0,36.06999969482422,36.36000061035156,245500
2024-03-06,36.36000061035156,37.400001525878906,33.20000076293945,34.310001373291016,436065
2024-03-07,34.310001373291016,36.0,33.709999084472656,34.9900016784668,822829
2024-03-10,34.9900016784668,35.9900016784668,34.5,34.9900016784668,284920
2024-03-11,34.9900016784668,35.9900016784668,34.900001525878906,35.029998779296875,670415
2024-03-12,35.029998779296875,41.16999816894531,31.5,37.5,1265979
2024-03-13,37.5,38.0,33.79999923706055,34.880001068115234,157450
2024-03-14,34.880001068115234,37.0,30.010000228881836,36.630001068115234,216354
2024-03-17,36.630001068115234,38.20000076293945,35.0099983215332,36.0,166724
2024-03-18,36.0,35.900001525878906,32.0,33.439998626708984,146347
2024-03-19,33.439998626708984,33.5,32.0,33.0,696718
2024-03-20,33.0,34.45000076293945,32.5099983215332,32.70000076293945,175003
2024-03-21,32.70000076293945,33.54999923706055,31.0,31.06999969482422,179747
2024-03-24,31.06999969482422,32.38999938964844,30.049999237060547,31.56999969482422,698459
2024-03-25,31.56999969482422,32.79999923706055,32.0,32.47999954223633,1484911
2024-03-26,32.47999954223633,35.5,33.5,33.9900016784668,147112
2024-03-27,33.9900016784668,34.0,32.599998474121094,32.91999816894531,109698
2024-03-28,32.91999816894531,33.70000076293945,31.700000762939453,31.979999542236328,98457
2024-03-31,31.979999542236328,33.9900016784668,30.600000381469727,30.81999969482422,93936
2024-04-01,30.81999969482422,32.7400016784668,31.020000457763672,31.739999771118164,94862
2024-04-02,31.739999771118164,33.5,31.559999465942383,31.760000228881836,127539
2024-04-03,31.760000228881836,32.47999954223633,31.40999984741211,31.809999465942383,172346
2024-04-04,31.809999465942383,32.75,32.0,32.439998626708984,724714
2024-04-07,32.439998626708984,32.95000076293945,31.0,31.360000610351562,391251
2024-04-08,31.360000610351562,32.5,31.5,32.040000915527344,397860
2024-04-15,32.040000915527344,33.0,32.0,32.400001525878906,791491
2024-04-16,32.400001525878906,32.95000076293945,32.09000015258789,32.29999923706055,193042
2024-04-17,32.29999923706055,32.70000076293945,31.899999618530273,32.0099983215332,816194
2024-04-18,32.0099983215332,32.38999938964844,30.0,31.15999984741211,113773
2024-04-21,31.15999984741211,32.47999954223633,31.1200008392334,31.309999465942383,32777
2024-04-22,31.309999465942383,31.309999465942383,30.84000015258789,30.950000762939453,22876
2024-04-23,30.950000762939453,33.70000076293945,27.0,30.0,1487764
2024-04-24,30.0,30.799999237060547,28.0,29.010000228881836,91618
2024-04-28,29.010000228881836,29.010000228881836,29.010000228881836,29.010000228881836,0
2024-04-29,26.760000228881836,29.350000381469727,26.760000228881836,29.0,360034
2024-04-30,29.0,30.0,27.299999237060547,27.75,1158161
2024-05-02,27.549999237060547,29.0,27.18000030517578,28.450000762939453,46964
2024-05-07,28.450000762939453,29.0,28.110000610351562,28.579999923706055,75009
2024-05-08,28.579999923706055,28.989999771118164,28.0,28.100000381469727,280671
2024-05-09,28.100000381469727,28.280000686645508,27.799999237060547,28.079999923706055,2025178
2024-05-12,28.079999923706055,28.5,27.059999465942383,27.649999618530273,30854
2024-05-13,27.649999618530273,27.690000534057617,26.149999618530273,27.030000686645508,1174800
2024-05-14,27.030000686645508,28.25,27.0,27.299999237060547,239672
2024-05-15,27.299999237060547,27.770000457763672,27.25,27.389999389648438,20117
2024-05-16,27.389999389648438,28.969999313354492,26.270000457763672,28.190000534057617,77064
2024-05-19,28.190000534057617,28.549999237060547,27.850000381469727,28.100000381469727,183003
2024-05-20,28.100000381469727,28.489999771118164,28.010000228881836,28.1299991607666,393694
2024-05-21,28.1299991607666,29.489999771118164,27.059999465942383,28.5,1213031
2024-05-22,28.5,31.899999618530273,28.510000228881836,30.5,26101647
2024-05-23,30.5,30.850000381469727,29.649999618530273,29.969999313354492,179377
2024-05-26,29.969999313354492,29.969999313354492,29.969999313354492,29.969999313354492,0
2024-05-27,29.389999389648438,30.850000381469727,29.020000457763672,30.200000762939453,742611
2024-05-28,30.200000762939453,30.3700008392334,29.299999237060547,30.229999542236328,391955
2024-05-29,30.229999542236328,30.25,29.5,29.59000015258789,85927
2024-05-30,29.59000015258789,29.780000686645508,28.899999618530273,29.030000686645508,265268
2024-06-02,29.030000686645508,29.489999771118164,28.0,28.149999618530273,84619
2024-06-03,28.149999618530273,28.799999237060547,28.260000228881836,28.510000228881836,82809
2024-06-04,28.510000228881836,29.989999771118164,28.5,28.860000610351562,387720
2024-06-05,28.860000610351562,29.399999618530273,28.25,28.889999389648438,60560
2024-06-06,28.889999389648438,29.479999542236328,28.709999084472656,28.799999237060547,538879
2024-06-09,28.799999237060547,29.1299991607666,27.1299991607666,27.75,112725
2024-06-10,27.75,28.100000381469727,27.600000381469727,27.790000915527344,21449
2024-06-11,27.790000915527344,29.200000762939453,27.90999984741211,28.979999542236328,440317
2024-06-12,28.979999542236328,29.649999618530273,28.31999969482422,29.010000228881836,426079
2024-06-13,29.010000228881836,29.649999618530273,28.520000457763672,29.5,686805
2024-06-23,29.5,29.600000381469727,29.0,29.479999542236328,476195
2024-06-24,29.479999542236328,29.799999237060547,29.0,29.579999923706055,464404
2024-06-25,29.579999923706055,29.899999618530273,29.1200008392334,29.600000381469727,479401
2024-06-26,29.600000381469727,30.389999389648438,29.6200008392334,30.149999618530273,84127
2024-06-27,30.149999618530273,30.299999237060547,29.56999969482422,29.739999771118164,62470
2024-07-02,30.030000686645508,30.260000228881836,29.760000228881836,29.799999237060547,251283
2024-07-03,29.799999237060547,30.149999618530273,29.100000381469727,29.110000610351562,265477
2024-07-04,29.110000610351562,29.989999771118164,29.200000762939453,29.43000030517578,74761
2024-07-07,29.43000030517578,29.899999618530273,29.200000762939453,29.280000686645508,199770
2024-07-08,29.280000686645508,29.700000762939453,29.030000686645508,29.25,100688
2024-07-09,29.25,29.489999771118164,29.0,29.110000610351562,422351
2024-07-10,29.110000610351562,29.700000762939453,29.0,29.0,104882
2024-07-14,29.0,29.579999923706055,28.799999237060547,28.90999984741211,442266
2024-07-15,28.90999984741211,29.389999389648438,28.700000762939453,29.0,36767
2024-07-16,29.0,29.299999237060547,29.0,29.1299991607666,1105379
2024-07-17,29.1299991607666,29.75,29.200000762939453,29.389999389648438,257976
2024-07-18,29.389999389648438,29.700000762939453,29.31999969482422,29.469999313354492,1663547
2024-07-21,29.469999313354492,29.700000762939453,29.299999237060547,29.459999084472656,55858
2024-07-22,29.459999084472656,29.75,29.299999237060547,29.479999542236328,1018274
2024-07-23,29.479999542236328,29.59000015258789,29.239999771118164,29.309999465942383,307794
2024-07-24,29.309999465942383,29.690000534057617,29.350000381469727,29.459999084472656,136605
2024-07-28,29.459999084472656,29.649999618530273,29.34000015258789,29.399999618530273,325744
2024-07-29,29.399999618530273,29.489999771118164,29.299999237060547,29.3799991607666,640749
2024-07-30,29.3799991607666,29.690000534057617,29.299999237060547,29.420000076293945,1283793
2024-07-31,29.420000076293945,29.600000381469727,29.200000762939453,29.3799991607666,125417
2024-08-01,29.3799991607666,29.799999237060547,29.299999237060547,29.5,1096726
2024-08-04,29.5,29.479999542236328,28.799999237060547,28.959999084472656,158575
2024-08-05,28.959999084472656,29.100000381469727,28.0,28.5,214945
2024-08-06,28.5,29.0,28.5,28.899999618530273,45916
2024-08-07,28.899999618530273,29.469999313354492,28.850000381469727,29.219999313354492,367153
2024-08-08,29.219999313354492,29.440000534057617,28.90999984741211,29.3700008392334,997628
2024-08-11,29.3700008392334,29.739999771118164,29.100000381469727,29.170000076293945,195486
2024-08-12,29.170000076293945,29.489999771118164,29.25,29.350000381469727,1309576
2024-08-13,29.350000381469727,30.989999771118164,29.299999237060547,29.399999618530273,495612
2024-08-14,29.399999618530273,31.0,27.899999618530273,28.65999984741211,2575544
2024-08-15,28.65999984741211,28.969999313354492,27.200000762939453,27.459999084472656,2528856
2024-08-18,27.459999084472656,28.18000030517578,27.510000228881836,27.799999237060547,849611
2024-08-19,27.799999237060547,28.079999923706055,27.399999618530273,27.5,5193537
2024-08-20,27.5,27.940000534057617,27.549999237060547,27.639999389648438,246764
2024-08-21,27.639999389648438,27.850000381469727,27.5,27.600000381469727,1917031
2024-08-22,27.600000381469727,27.950000762939453,27.520000457763672,27.530000686645508,170198
2024-08-25,27.530000686645508,27.690000534057617,27.520000457763672,27.59000015258789,166028
2024-08-26,27.59000015258789,27.899999618530273,27.5,27.510000228881836,522284
2024-08-27,27.510000228881836,27.639999389648438,27.5,27.5,567677
2024-08-28,27.5,27.690000534057617,27.450000762939453,27.5,1074085
2024-08-29,27.5,27.690000534057617,27.549999237060547,27.670000076293945,998559
2024-09-01,27.670000076293945,27.700000762939453,27.600000381469727,27.649999618530273,217578
2024-09-02,27.649999618530273,27.690000534057617,27.5,27.520000457763672,259755
2024-09-03,27.520000457763672,27.639999389648438,27.520000457763672,27.610000610351562,127505
2024-09-04,27.610000610351562,28.989999771118164,27.5,28.989999771118164,805020
2024-09-05,28.989999771118164,28.989999771118164,27.700000762939453,27.90999984741211,1069887
2024-09-08,27.90999984741211,27.989999771118164,27.31999969482422,27.549999237060547,250978
2024-09-09,27.549999237060547,27.790000915527344,27.5,27.510000228881836,145207
2024-09-10,27.510000228881836,28.479999542236328,27.5,28.209999084472656,7041817
2024-09-11,28.209999084472656,28.969999313354492,27.709999084472656,28.729999542236328,603732
2024-09-12,28.729999542236328,28.729999542236328,27.799999237060547,27.889999389648438,326704
2024-09-16,27.889999389648438,28.219999313354492,27.889999389648438,28.030000686645508,129996
2024-09-17,28.030000686645508,28.049999237060547,27.889999389648438,27.93000030517578,79847
2024-09-18,27.93000030517578,28.489999771118164,27.8700008392334,28.239999771118164,133613
2024-09-19,28.239999771118164,28.450000762939453,28.020000457763672,28.139999389648438,227880
2024-09-22,28.139999389648438,28.290000915527344,28.100000381469727,28.139999389648438,69891
2024-09-23,28.139999389648438,28.420000076293945,27.899999618530273,28.0,1000061
2024-09-24,27.8799991607666,28.860000610351562,27.90999984741211,27.950000762939453,1300692
2024-09-25,27.920000076293945,28.100000381469727,27.850000381469727,27.8799991607666,335100
2024-09-26,27.8799991607666,28.860000610351562,27.90999984741211,27.950000762939453,1300692
2024-09-29,27.950000762939453,28.530000686645508,27.950000762939453,28.5,300266
2024-09-30,28.5,28.6200008392334,28.1200008392334,28.200000762939453,264695
2024-10-01,28.200000762939453,29.700000762939453,28.09000015258789,29.700000762939453,1311174
2024-10-02,29.700000762939453,29.68000030517578,28.25,29.0,655050
2024-10-03,29.0,29.799999237060547,28.799999237060547,29.399999618530273,997261
2024-10-07,29.399999618530273,29.93000030517578,29.25,29.3700008392334,423562
2024-10-08,29.3700008392334,31.5,29.25,30.170000076293945,4269517
2024-10-09,30.170000076293945,30.549999237060547,29.809999465942383,30.510000228881836,599080
2024-10-10,30.510000228881836,33.400001525878906,29.6299991607666,29.989999771118164,4815455
2024-10-13,29.989999771118164,30.799999237060547,26.149999618530273,27.8700008392334,1372808
2024-10-14,27.8700008392334,28.899999618530273,27.5,28.0,1503839
2024-10-15,28.0,30.190000534057617,28.010000228881836,30.0,2843700
2024-10-16,30.0,36.0,29.989999771118164,30.399999618530273,8361303
2024-10-17,30.399999618530273,32.20000076293945,29.049999237060547,29.549999237060547,4744856
2024-10-20,29.549999237060547,30.200000762939453,29.0,29.079999923706055,1098884
2024-10-21,29.079999923706055,33.189998626708984,28.15999984741211,32.79999923706055,2626253
2024-10-22,32.79999923706055,32.9900016784668,30.0,31.81999969482422,908015
2024-10-23,31.81999969482422,32.0,30.809999465942383,31.0,528579
2024-10-24,31.0,31.5,30.610000610351562,31.0,285206
2024-10-27,31.0,31.5,30.75,30.889999389648438,160213
2024-10-28,30.889999389648438,31.200000762939453,30.510000228881836,30.540000915527344,204270
2024-10-29,30.540000915527344,30.889999389648438,30.020000457763672,30.149999618530273,274490
2024-10-30,30.149999618530273,31.8799991607666,30.049999237060547,30.5,1061093
2024-10-31,30.5,31.0,30.329999923706055,30.43000030517578,156129
2024-11-03,30.43000030517578,31.0,30.360000610351562,30.399999618530273,154750
2024-11-04,30.399999618530273,30.600000381469727,30.110000610351562,30.139999389648438,280404
2024-11-05,30.139999389648438,30.479999542236328,30.020000457763672,30.1299991607666,129225
2024-11-06,30.1299991607666,31.75,30.299999237060547,31.639999389648438,377605
2024-11-07,31.639999389648438,31.690000534057617,31.0,31.010000228881836,756410
2024-11-10,31.010000228881836,31.690000534057617,31.100000381469727,31.329999923706055,118426
2024-11-11,31.329999923706055,31.479999542236328,31.100000381469727,31.309999465942383,220877
2024-11-12,31.309999465942383,31.440000534057617,30.829999923706055,30.950000762939453,3795338
2024-11-13,30.950000762939453,31.200000762939453,30.030000686645508,30.5,738668
2024-11-14,30.5,30.799999237060547,30.260000228881836,30.530000686645508,686604
2024-11-17,30.530000686645508,30.600000381469727,29.700000762939453,29.799999237060547,359633
2024-11-18,29.799999237060547,30.15999984741211,28.899999618530273,29.030000686645508,180466
2024-11-19,29.030000686645508,29.8799991607666,29.049999237060547,29.770000457763672,1365086
2024-11-20,29.770000457763672,30.450000762939453,29.709999084472656,29.850000381469727,434253
2024-11-21,29.850000381469727,30.0,29.5,29.510000228881836,101225
2024-11-24,29.510000228881836,29.940000534057617,29.100000381469727,29.290000915527344,138880
2024-11-25,29.290000915527344,29.399999618530273,28.700000762939453,29.059999465942383,190070
2024-11-26,29.059999465942383,29.06999969482422,28.3700008392334,28.399999618530273,1562115
2024-11-27,28.399999618530273,28.5,27.809999465942383,28.040000915527344,201138
2024-11-28,28.040000915527344,28.5,27.899999618530273,28.459999084472656,87502
2024-12-01,28.459999084472656,28.489999771118164,28.209999084472656,28.389999389648438,93268
2024-12-02,28.389999389648438,28.489999771118164,28.1299991607666,28.270000457763672,248900
2024-12-03,28.270000457763672,29.899999618530273,28.200000762939453,29.360000610351562,3139686
2024-12-04,29.360000610351562,29.59000015258789,28.5,28.969999313354492,167405
2024-12-05,28.969999313354492,29.18000030517578,29.0,29.010000228881836,109596
2024-12-08,29.010000228881836,29.100000381469727,28.799999237060547,28.93000030517578,166052
2024-12-09,28.93000030517578,29.049999237060547,28.829999923706055,28.8799991607666,130684
2024-12-10,28.8799991607666,29.100000381469727,28.709999084472656,29.010000228881836,814930
2024-12-11,29.010000228881836,29.100000381469727,28.799999237060547,28.8700008392334,70045
2024-12-12,28.8700008392334,29.09000015258789,28.729999542236328,28.899999618530273,386833
2024-12-15,28.899999618530273,28.989999771118164,28.610000610351562,28.770000457763672,139292
2024-12-16,28.770000457763672,29.0,28.030000686645508,28.489999771118164,512893
2024-12-17,28.489999771118164,28.790000915527344,27.799999237060547,27.940000534057617,90435
2024-12-18,27.940000534057617,28.049999237060547,27.0,27.149999618530273,1430190
2024-12-19,27.149999618530273,28.299999237060547,27.010000228881836,28.149999618530273,176891
2024-12-22,28.149999618530273,28.5,27.709999084472656,27.8700008392334,55638
2024-12-23,27.8700008392334,28.0,27.149999618530273,27.649999618530273,127441
2024-12-24,27.649999618530273,28.0,27.200000762939453,27.530000686645508,52290
2024-12-25,27.530000686645508,27.979999542236328,27.360000610351562,27.540000915527344,84910
2024-12-26,27.540000915527344,27.8700008392334,27.399999618530273,27.5,31873
2024-12-29,27.5,27.700000762939453,27.040000915527344,27.110000610351562,149439
2024-12-30,27.110000610351562,27.3700008392334,26.75,26.809999465942383,143824
2024-12-31,26.809999465942383,27.25,26.350000381469727,27.06999969482422,67112
2025-01-02,27.06999969482422,28.270000457763672,26.899999618530273,28.09000015258789,102246
2025-01-05,28.09000015258789,28.75,28.049999237060547,28.40999984741211,83172
2025-01-06,28.40999984741211,28.600000381469727,28.100000381469727,28.530000686645508,116264
2025-01-08,28.530000686645508,28.700000762939453,28.010000228881836,28.010000228881836,3067636
2025-01-09,28.010000228881836,28.399999618530273,27.010000228881836,27.290000915527344,215623
2025-01-12,27.290000915527344,27.479999542236328,26.93000030517578,27.34000015258789,229831
2025-01-13,27.34000015258789,28.100000381469727,27.0,27.06999969482422,148605
2025-01-14,27.06999969482422,27.34000015258789,26.799999237060547,27.15999984741211,110992
2025-01-15,27.15999984741211,27.600000381469727,26.969999313354492,27.389999389648438,1531605
2025-01-16,27.389999389648438,27.799999237060547,27.389999389648438,27.649999618530273,87877
2025-01-19,27.389999389648438,29.989999771118164,27.389999389648438,28.809999465942383,592579
2025-01-20,28.6200008392334,28.989999771118164,28.010000228881836,28.440000534057617,162399
2025-01-21,28.440000534057617,28.850000381469727,28.100000381469727,28.309999465942383,141796
2025-01-22,28.309999465942383,29.700000762939453,28.110000610351562,28.739999771118164,361176
2025-01-23,28.739999771118164,29.149999618530273,28.59000015258789,28.8700008392334,192589
2025-01-26,28.8700008392334,29.149999618530273,28.510000228881836,28.579999923706055,154836
2025-01-27,28.579999923706055,28.989999771118164,28.0,28.010000228881836,230975
2025-01-28,28.010000228881836,28.200000762939453,27.829999923706055,27.8700008392334,327354
2025-01-29,27.8700008392334,28.18000030517578,27.860000610351562,27.899999618530273,129083
2025-01-30,27.899999618530273,28.149999618530273,27.8799991607666,27.989999771118164,634360
2025-02-02,27.989999771118164,28.110000610351562,27.5,27.780000686645508,234777
2025-02-03,27.780000686645508,27.780000686645508,27.510000228881836,27.600000381469727,100316
2025-02-04,27.600000381469727,27.84000015258789,27.600000381469727,27.690000534057617,77288
2025-02-05,27.690000534057617,27.81999969482422,27.31999969482422,27.59000015258789,70258
2025-02-06,27.59000015258789,27.75,27.5,27.729999542236328,733413
2025-02-09,27.729999542236328,27.899999618530273,27.469999313354492,27.579999923706055,239829
2025-02-10,27.579999923706055,28.5,27.5,28.299999237060547,5043522
2025-02-11,28.299999237060547,28.299999237060547,27.299999237060547,27.360000610351562,336665
2025-02-12,27.360000610351562,27.469999313354492,26.799999237060547,27.110000610351562,2241940
2025-02-13,27.110000610351562,27.5,27.110000610351562,27.209999084472656,87809
2025-02-16,27.209999084472656,27.649999618530273,27.299999237060547,27.56999969482422,100465
2025-02-17,27.56999969482422,28.110000610351562,27.610000610351562,28.100000381469727,407563
2025-02-18,28.100000381469727,28.190000534057617,27.899999618530273,28.06999969482422,145407
2025-02-19,28.06999969482422,28.200000762939453,28.0,28.0,199761
2025-02-20,28.0,28.1299991607666,27.790000915527344,27.959999084472656,736789
2025-02-23,27.959999084472656,28.200000762939453,27.649999618530273,28.049999237060547,134833
2025-02-24,28.049999237060547,28.18000030517578,27.899999618530273,28.010000228881836,51326
2025-02-25,28.010000228881836,29.290000915527344,27.899999618530273,29.0,898720
2025-02-26,29.0,28.989999771118164,28.420000076293945,28.700000762939453,652112
2025-02-27,28.700000762939453,28.700000762939453,28.110000610351562,28.5,107488
2025-03-02,28.5,28.75,28.0,28.049999237060547,102877
2025-03-03,28.049999237060547,28.399999618530273,27.8799991607666,27.979999542236328,612782
2025-03-04,27.979999542236328,28.0,27.700000762939453,27.84000015258789,96648
2025-03-05,27.84000015258789,27.889999389648438,27.200000762939453,27.510000228881836,127533
2025-03-06,27.510000228881836,27.649999618530273,27.31999969482422,27.40999984741211,53626
2025-03-09,27.40999984741211,27.850000381469727,27.3799991607666,27.6200008392334,62139
2025-03-10,27.6200008392334,28.440000534057617,27.5,27.65999984741211,419997
2025-03-11,27.65999984741211,27.75,27.440000534057617,27.559999465942383,244377
2025-03-12,27.559999465942383,27.84000015258789,27.510000228881836,27.559999465942383,130424
2025-03-13,27.559999465942383,27.790000915527344,27.5,27.65999984741211,195837
2025-03-16,27.65999984741211,27.760000228881836,27.270000457763672,27.440000534057617,380240
2025-03-17,27.440000534057617,27.68000030517578,27.40999984741211,27.6200008392334,87272
2025-03-18,27.6200008392334,27.6200008392334,27.40999984741211,27.489999771118164,111887
2025-03-19,27.489999771118164,27.719999313354492,27.450000762939453,27.600000381469727,272179
2025-03-20,27.600000381469727,29.799999237060547,27.510000228881836,28.010000228881836,401051
2025-03-23,28.010000228881836,28.5,28.100000381469727,28.15999984741211,95905
2025-03-24,28.15999984741211,28.399999618530273,27.850000381469727,27.969999313354492,120854
2025-03-25,27.969999313354492,28.18000030517578,27.700000762939453,27.760000228881836,130721
2025-03-26,27.760000228881836,28.0,27.670000076293945,27.780000686645508,102194
2025-03-27,27.780000686645508,27.899999618530273,27.68000030517578,27.760000228881836,79216
2025-04-03,27.760000228881836,27.989999771118164,27.68000030517578,27.75,52812
2025-04-06,27.75,27.700000762939453,26.799999237060547,27.299999237060547,234280
2025-04-07,27.299999237060547,27.25,26.809999465942383,27.010000228881836,145644
2025-04-08,27.010000228881836,27.489999771118164,27.040000915527344,27.270000457763672,116818
2025-04-09,27.270000457763672,27.399999618530273,26.8799991607666,26.959999084472656,115774
2025-04-10,26.959999084472656,27.5,27.0,27.280000686645508,55433
2025-04-13,27.280000686645508,27.5,27.280000686645508,27.3700008392334,34875
2025-04-14,27.3700008392334,27.889999389648438,27.31999969482422,27.739999771118164,73415
2025-04-15,27.739999771118164,27.889999389648438,27.5,27.520000457763672,42074
2025-04-16,27.520000457763672,27.700000762939453,27.360000610351562,27.40999984741211,68556
2025-04-17,27.40999984741211,27.540000915527344,27.0,27.190000534057617,135198
2025-04-22,27.190000534057617,27.709999084472656,27.200000762939453,27.540000915527344,117440
2025-04-23,27.540000915527344,27.59000015258789,27.31999969482422,27.3799991607666,78854
2025-04-27,27.3799991607666,27.81999969482422,27.200000762939453,27.420000076293945,220486
2025-04-28,27.420000076293945,27.40999984741211,26.899999618530273,27.190000534057617,264327
2025-04-29,27.190000534057617,27.399999618530273,27.010000228881836,27.06999969482422,86389
2025-04-30,27.06999969482422,27.290000915527344,27.06999969482422,27.149999618530273,46404
2025-05-04,27.149999618530273,27.389999389648438,27.100000381469727,27.25,146443
2025-05-05,27.25,27.459999084472656,27.200000762939453,27.290000915527344,101296
2025-05-06,27.290000915527344,27.43000030517578,27.25,27.3700008392334,60760
2025-05-07,27.3700008392334,27.399999618530273,27.100000381469727,27.1200008392334,369929
2025-05-08,27.1200008392334,27.290000915527344,26.90999984741211,27.0,196031
2025-05-11,27.0,27.239999771118164,26.950000762939453,26.979999542236328,126110
2025-05-12,26.979999542236328,27.170000076293945,26.90999984741211,26.950000762939453,98706
2025-05-13,26.950000762939453,27.100000381469727,26.950000762939453,26.969999313354492,49458
2025-05-14,26.969999313354492,27.100000381469727,26.90999984741211,26.969999313354492,27669
2025-05-15,26.969999313354492,27.079999923706055,26.93000030517578,26.959999084472656,41644
2025-05-18,26.959999084472656,27.100000381469727,26.56999969482422,26.610000610351562,125354
2025-05-19,26.610000610351562,26.950000762939453,26.299999237060547,26.510000228881836,191647
2025-05-20,26.510000228881836,26.700000762939453,26.34000015258789,26.489999771118164,45253
2025-05-21,26.489999771118164,27.020000457763672,26.5,26.649999618530273,116718
2025-05-22,26.649999618530273,27.100000381469727,26.829999923706055,26.979999542236328,70243
2025-05-25,26.979999542236328,27.09000015258789,26.979999542236328,27.040000915527344,38713
2025-05-26,13.520000457763672,13.635000228881836,13.5,13.5600004196167,122470
2025-05-27,13.5600004196167,13.635000228881836,13.449999809265137,13.489999771118164,146780
2025-05-28,13.489999771118164,13.550000190734863,13.25,13.354999542236328,278998
2025-05-29,13.354999542236328,13.484999656677246,12.949999809265137,13.109999656677246,767558
2025-06-01,13.109999656677246,13.300000190734863,13.109999656677246,13.255000114440918,107956
2025-06-02,13.255000114440918,13.5,13.199999809265137,13.354999542236328,333366
2025-06-03,13.354999542236328,13.53499984741211,13.305000305175781,13.420000076293945,140090
2025-06-04,13.420000076293945,13.545000076293945,13.399999618530273,13.494999885559082,287068
2025-06-10,13.494999885559082,13.75,13.020000457763672,13.600000381469727,329516
2025-06-11,13.600000381469727,13.649999618530273,13.40999984741211,13.449999809265137,550914
2025-06-12,13.449999809265137,13.449999809265137,13.180000305175781,13.210000038146973,203067
2025-06-15,13.210000038146973,13.0,12.0,12.59000015258789,326288
2025-06-16,12.59000015258789,13.34000015258789,12.5,13.0,532569
2025-06-17,13.0,13.149999618530273,12.720000267028809,12.850000381469727,511840
2025-06-18,12.850000381469727,12.9399995803833,12.710000038146973,12.789999961853027,492339
2025-06-19,12.789999961853027,13.0,12.65999984741211,13.0,145345
2025-06-22,13.0,13.0,12.15999984741211,12.920000076293945,106511
2025-06-23,12.920000076293945,13.329999923706055,12.800000190734863,13.239999771118164,2023082
2025-06-24,13.239999771118164,13.529999732971191,13.170000076293945,13.319999694824219,1029243
2025-06-25,13.319999694824219,13.5,13.140000343322754,13.479999542236328,638805
2025-06-29,13.479999542236328,13.600000381469727,12.949999809265137,13.260000228881836,969307
2025-06-30,13.260000228881836,13.34000015258789,13.039999961853027,13.270000457763672,221045
2025-07-01,13.270000457763672,13.3100004196167,12.800000190734863,12.8100004196167,1145545
2025-07-02,12.8100004196167,13.039999961853027,12.800000190734863,12.869999885559082,794444
2025-07-06,12.869999885559082,13.09000015258789,12.850000381469727,12.899999618530273,894034
2025-07-07,12.899999618530273,13.0,12.859999656677246,12.899999618530273,2193166
2025-07-09,12.899999618530273,13.739999771118164,12.819999694824219,13.34000015258789,27523728
2025-07-10,13.34000015258789,13.699999809265137,13.350000381469727,13.6899995803833,1188028
2025-07-13,13.6899995803833,13.9399995803833,13.630000114440918,13.680000305175781,1087596
2025-07-14,13.680000305175781,13.8100004196167,13.510000228881836,13.640000343322754,756504
2025-07-15,13.640000343322754,13.729999542236328,13.5600004196167,13.699999809265137,942570
2025-07-16,13.699999809265137,13.720000267028809,13.550000190734863,13.550000190734863,1158206
2025-07-17,13.550000190734863,14.619999885559082,13.510000228881836,14.600000381469727,3967231
2025-07-20,14.600000381469727,15.229999542236328,14.520000457763672,14.880000114440918,2621458
2025-07-21,14.880000114440918,15.600000381469727,14.890000343322754,15.489999771118164,2889339
2025-07-22,15.489999771118164,16.5,15.479999542236328,15.90999984741211,3127620
2025-07-23,15.90999984741211,15.90999984741211,15.90999984741211,15.90999984741211,0
2025-07-27,15.930000305175781,16.649999618530273,16.0,16.299999237060547,1977152
2025-07-28,16.299999237060547,16.399999618530273,15.619999885559082,15.710000038146973,1250842
2025-07-29,15.710000038146973,17.290000915527344,15.720000267028809,17.0,4421667
2025-07-30,17.0,17.81999969482422,16.899999618530273,17.399999618530273,3351942
2025-07-31,17.399999618530273,17.479999542236328,16.600000381469727,17.049999237060547,1987593
2025-08-03,17.049999237060547,17.049999237060547,17.049999237060547,17.049999237060547,0
2025-08-04,17.049999237060547,17.049999237060547,17.049999237060547,17.049999237060547,0
2025-08-05,17.049999237060547,17.049999237060547,17.049999237060547,17.049999237060547,0
2025-08-06,17.049999237060547,17.049999237060547,17.049999237060547,17.049999237060547,0
2025-08-07,17.049999237060547,17.049999237060547,17.049999237060547,17.049999237060547,0
2025-08-10,17.299999237060547,17.799999237060547,17.239999771118164,17.68000030517578,2718760
2025-08-11,17.68000030517578,17.8799991607666,17.350000381469727,17.75,1409449
2025-08-12,17.75,18.170000076293945,17.610000610351562,18.049999237060547,13125699
2025-08-13,18.049999237060547,18.600000381469727,18.079999923706055,18.290000915527344,1901796
2025-08-14,18.290000915527344,19.0,18.010000228881836,18.239999771118164,1362018
2025-08-17,18.239999771118164,18.780000686645508,17.700000762939453,17.850000381469727,1220930
2025-08-18,17.850000381469727,18.0,17.59000015258789,17.93000030517578,1073858
2025-08-19,17.93000030517578,18.0,17.68000030517578,17.700000762939453,374496
2025-08-20,17.700000762939453,17.920000076293945,16.649999618530273,17.1299991607666,595984
2025-08-21,17.1299991607666,18.0,17.0,18.0,2380132
2025-08-24,18.0,17.899999618530273,17.520000457763672,17.65999984741211,443218
2025-08-25,17.65999984741211,17.700000762939453,17.25,17.299999237060547,300151
2025-08-26,17.299999237060547,17.5,17.200000762939453,17.200000762939453,227660
2025-08-27,17.200000762939453,17.399999618530273,17.010000228881836,17.030000686645508,358223
2025-08-28,17.030000686645508,17.219999313354492,17.030000686645508,17.110000610351562,131211
2025-08-31,17.110000610351562,17.170000076293945,16.65999984741211,16.989999771118164,301827
2025-09-01,16.989999771118164,17.100000381469727,16.799999237060547,16.860000610351562,183676
2025-09-02,16.860000610351562,17.100000381469727,16.899999618530273,16.989999771118164,188996
2025-09-03,16.989999771118164,17.0,16.90999984741211,16.979999542236328,181534
2025-09-07,16.979999542236328,17.0,16.600000381469727,16.860000610351562,92245
2025-09-08,16.860000610351562,17.0,16.65999984741211,16.899999618530273,239779
2025-09-09,16.899999618530273,16.989999771118164,16.559999465942383,16.600000381469727,97931
2025-09-10,16.600000381469727,16.600000381469727,16.1200008392334,16.25,104008
2025-09-11,16.25,16.700000762939453,16.200000762939453,16.389999389648438,381372
2025-09-14,16.389999389648438,16.389999389648438,16.020000457763672,16.149999618530273,73006
2025-09-15,16.149999618530273,16.34000015258789,16.030000686645508,16.280000686645508,140579
2025-09-16,16.280000686645508,16.889999389648438,16.200000762939453,16.5,343287
2025-09-17,16.5,16.700000762939453,15.210000038146973,16.0,658556
2025-09-18,16.0,16.3799991607666,16.0,16.040000915527344,100315
2025-09-21,16.040000915527344,16.450000762939453,15.90999984741211,16.079999923706055,125870
2025-09-22,16.079999923706055,16.239999771118164,15.760000228881836,16.0,208689
2025-09-23,16.0,16.100000381469727,15.819999694824219,15.899999618530273,167648
2025-09-24,15.899999618530273,17.979999542236328,15.869999885559082,17.899999618530273,5594839
2025-09-25,17.899999618530273,18.899999618530273,17.90999984741211,18.139999389648438,2463111
2025-09-28,18.139999389648438,18.510000228881836,17.899999618530273,18.459999084472656,1110279
2025-09-29,18.459999084472656,20.100000381469727,18.350000381469727,19.5,6502768
2025-09-30,19.5,20.200000762939453,19.209999084472656,19.559999465942383,2844158
2025-10-01,19.559999465942383,20.100000381469727,19.600000381469727,20.0,3083656
2025-10-02,20.0,22.139999389648438,19.860000610351562,21.899999618530273,7037975
2025-10-05,21.899999618530273,22.440000534057617,21.399999618530273,22.0,1482349
2025-10-06,22.0,22.100000381469727,21.209999084472656,21.399999618530273,970974
2025-10-07,21.399999618530273,22.889999389648438,21.25,22.399999618530273,2809431
2025-10-08,22.399999618530273,23.049999237060547,22.399999618530273,22.600000381469727,3131187
2025-10-12,22.600000381469727,23.75,22.600000381469727,23.3799991607666,1295256
2025-10-13,23.3799991607666,23.489999771118164,22.5,22.760000228881836,707290
2025-10-14,22.760000228881836,22.989999771118164,22.200000762939453,22.200000762939453,960402
2025-10-15,22.200000762939453,22.299999237060547,21.059999465942383,22.0,4291366
2025-10-16,22.0,22.75,22.010000228881836,22.5,317915
2025-10-19,22.5,22.850000381469727,22.5,22.600000381469727,636209
2025-10-20,22.600000381469727,23.5,22.59000015258789,23.299999237060547,749267
2025-10-21,23.299999237060547,23.489999771118164,23.010000228881836,23.399999618530273,370000
2025-10-22,23.399999618530273,24.0,23.350000381469727,23.530000686645508,4539768
2025-10-23,23.530000686645508,24.200000762939453,23.600000381469727,23.709999084472656,895906
2025-10-26,23.709999084472656,24.0,23.40999984741211,23.90999984741211,938987
2025-10-27,23.90999984741211,24.450000762939453,23.5,24.389999389648438,3949713
2025-10-28,24.389999389648438,25.389999389648438,23.549999237060547,23.59000015258789,1836528
2025-10-29,23.59000015258789,24.290000915527344,23.59000015258789,24.0,303108
2025-10-30,24.0,24.219999313354492,23.5,23.690000534057617,5690061
2025-11-02,23.690000534057617,23.969999313354492,23.06999969482422,23.459999084472656,273105
2025-11-03,23.459999084472656,23.549999237060547,22.850000381469727,23.0,432983
2025-11-04,23.0,23.389999389648438,23.010000228881836,23.149999618530273,219748
2025-11-05,23.149999618530273,23.5,22.889999389648438,22.950000762939453,1295722
2025-11-06,22.950000762939453,23.149999618530273,22.5,23.040000915527344,600259
2025-11-09,23.040000915527344,23.100000381469727,22.799999237060547,23.0,1385562
2025-11-10,23.0,23.030000686645508,22.049999237060547,22.790000915527344,929057
2025-11-11,22.790000915527344,23.489999771118164,22.809999465942383,23.0,3041001
2025-11-12,23.0,24.5,23.100000381469727,23.989999771118164,1452430
2025-11-13,23.989999771118164,24.389999389648438,23.899999618530273,23.950000762939453,312008
2025-11-16,23.950000762939453,24.200000762939453,23.860000610351562,24.0,501573
2025-11-17,24.0,24.190000534057617,20.56999969482422,23.5,961208
2025-11-18,23.5,23.790000915527344,23.170000076293945,23.260000228881836,104911
2025-11-19,23.260000228881836,23.989999771118164,23.0,23.34000015258789,375897
2025-11-20,23.34000015258789,24.0,23.020000457763672,23.469999313354492,625904
2025-11-23,23.469999313354492,23.940000534057617,23.06999969482422,23.209999084472656,241975
2025-11-24,23.209999084472656,23.790000915527344,23.09000015258789,23.139999389648438,1857183
2025-11-25,23.139999389648438,23.5,21.510000228881836,22.020000457763672,1079418
2025-11-26,22.020000457763672,22.739999771118164,22.0,22.079999923706055,1764900
2025-11-27,22.079999923706055,22.649999618530273,22.100000381469727,22.510000228881836,1381383
2025-11-30,22.510000228881836,22.950000762939453,22.350000381469727,22.950000762939453,640157
2025-12-01,22.950000762939453,23.790000915527344,22.600000381469727,23.079999923706055,529691
2025-12-02,23.079999923706055,23.540000915527344,23.0,23.329999923706055,731391
2025-12-03,23.329999923706055,23.989999771118164,23.399999618530273,23.600000381469727,2848458
2025-12-04,23.600000381469727,24.0,23.520000457763672,23.790000915527344,1011231
2025-12-07,23.790000915527344,24.790000915527344,23.850000381469727,24.549999237060547,1757610
2025-12-08,24.549999237060547,24.950000762939453,24.350000381469727,24.889999389648438,2188787
2025-12-09,24.889999389648438,25.3700008392334,24.90999984741211,25.3700008392334,2866231
2025-12-10,25.3700008392334,25.989999771118164,25.1299991607666,25.299999237060547,1586536
2025-12-11,25.299999237060547,25.799999237060547,25.219999313354492,25.579999923706055,1837417
2025-12-14,25.579999923706055,25.81999969482422,25.40999984741211,25.56999969482422,875786
2025-12-15,25.56999969482422,26.399999618530273,25.59000015258789,25.709999084472656,3049910
2025-12-16,25.709999084472656,26.450000762939453,25.6299991607666,26.09000015258789,1639894
2025-12-17,26.09000015258789,26.229999542236328,25.559999465942383,25.600000381469727,2211962
2025-12-18,25.600000381469727,25.700000762939453,25.219999313354492,25.59000015258789,654322
2025-12-21,25.59000015258789,25.889999389648438,25.350000381469727,25.549999237060547,5497259
2025-12-22,25.549999237060547,26.479999542236328,25.600000381469727,26.209999084472656,2673977
2025-12-23,26.209999084472656,27.0,26.229999542236328,26.75,2642099
2025-12-24,26.75,26.93000030517578,26.6200008392334,26.760000228881836,920565
2025-12-25,26.760000228881836,26.979999542236328,26.6299991607666,26.649999618530273,223210
2025-12-28,26.649999618530273,26.84000015258789,26.540000915527344,26.559999465942383,247377
2025-12-29,26.559999465942383,26.969999313354492,26.549999237060547,26.799999237060547,662936
2025-12-30,26.799999237060547,27.489999771118164,26.649999618530273,27.1299991607666,1164350
2025-12-31,27.1299991607666,27.770000457763672,27.049999237060547,27.5,560534
2026-01-04,27.5,28.0,27.399999618530273,27.770000457763672,936339
2026-01-05,27.770000457763672,28.399999618530273,27.709999084472656,28.200000762939453,1242570
2026-01-06,28.200000762939453,28.649999618530273,27.90999984741211,28.600000381469727,1500838
2026-01-08,28.600000381469727,29.25,28.450000762939453,28.5,4197101
2026-01-11,28.5,29.0,28.209999084472656,28.219999313354492,918664
2026-01-12,28.219999313354492,28.440000534057617,27.059999465942383,27.520000457763672,1696166
2026-01-13,27.520000457763672,27.799999237060547,27.010000228881836,27.15999984741211,493601
2026-01-14,27.15999984741211,27.5,24.299999237060547,27.489999771118164,830572
2026-01-15,27.489999771118164,27.450000762939453,26.899999618530273,27.280000686645508,798865
2026-01-18,27.280000686645508,27.479999542236328,27.0,27.389999389648438,148184
2026-01-19,27.389999389648438,29.0,27.25,29.0,3211930
2026-01-20,29.0,29.25,28.5,29.100000381469727,439704
2026-01-21,29.100000381469727,29.200000762939453,28.719999313354492,28.799999237060547,260225
2026-01-22,28.799999237060547,29.139999389648438,28.729999542236328,28.799999237060547,408705
2026-01-25,28.799999237060547,29.190000534057617,28.850000381469727,29.09000015258789,553087
2026-01-26,29.09000015258789,29.700000762939453,29.110000610351562,29.309999465942383,1330727
2026-01-27,29.309999465942383,29.450000762939453,29.0,29.079999923706055,818088
2026-01-28,29.079999923706055,29.5,28.110000610351562,28.850000381469727,944447
2026-02-01,28.850000381469727,31.0,28.110000610351562,30.280000686645508,1585871
2026-02-02,30.280000686645508,30.5,29.020000457763672,29.190000534057617,1015145
2026-02-03,29.190000534057617,30.149999618530273,29.229999542236328,29.510000228881836,1526155
2026-02-04,29.510000228881836,29.959999084472656,29.229999542236328,29.489999771118164,428351
2026-02-05,29.489999771118164,30.0,29.200000762939453,30.0,812478
2026-02-08,30.0,32.20000076293945,30.020000457763672,32.20000076293945,3322209
2026-02-09,32.20000076293945,32.5,31.209999084472656,31.59000015258789,4015443
2026-02-10,31.59000015258789,31.59000015258789,30.5,30.850000381469727,1788747
2026-02-11,30.850000381469727,30.979999542236328,29.5,29.65999984741211,2348226
2026-02-12,29.65999984741211,29.799999237060547,29.260000228881836,29.5,1359956
2026-02-15,29.5,30.399999618530273,29.309999465942383,30.399999618530273,1155227
2026-02-16,30.399999618530273,30.5,29.489999771118164,29.5,1191103
2026-02-17,29.5,29.700000762939453,28.700000762939453,29.0,1912780
2026-02-18,29.0,29.200000762939453,28.940000534057617,29.0,612230
2026-02-19,29.0,29.299999237060547,28.299999237060547,28.510000228881836,561848
2026-02-22,28.510000228881836,29.299999237060547,28.0,28.739999771118164,349490
2026-02-23,28.739999771118164,29.200000762939453,28.350000381469727,29.0,424201
2026-02-24,29.0,29.149999618530273,28.0,28.0,511106
2026-02-25,28.0,28.690000534057617,26.049999237060547,26.579999923706055,687610
2026-02-26,26.579999923706055,27.489999771118164,26.600000381469727,27.219999313354492,771238
2026-03-01,27.219999313354492,27.0,24.559999465942383,26.479999542236328,613017
2026-03-02,26.479999542236328,27.540000915527344,26.399999618530273,27.540000915527344,194608
2026-03-03,27.540000915527344,27.649999618530273,27.040000915527344,27.5,603679
2026-03-04,27.5,27.84000015258789,27.209999084472656,27.5,777767
2026-03-05,27.5,29.0,27.520000457763672,29.0,4180902
2026-03-08,29.0,29.440000534057617,27.299999237060547,27.5,1127784
2026-03-09,27.5,28.350000381469727,27.0,27.549999237060547,740491
2026-03-10,27.549999237060547,28.280000686645508,27.5,28.100000381469727,412493
2026-03-11,28.100000381469727,28.530000686645508,27.899999618530273,28.299999237060547,1176646
2026-03-12,28.299999237060547,29.549999237060547,27.899999618530273,28.399999618530273,1128020
2026-03-15,28.399999618530273,28.75,27.950000762939453,27.950000762939453,539304
2026-03-16,27.950000762939453,28.190000534057617,27.020000457763672,27.690000534057617,618824
2026-03-17,27.690000534057617,28.190000534057617,27.149999618530273,27.290000915527344,280656
2026-03-18,27.290000915527344,27.950000762939453,27.350000381469727,27.75,436115
2026-03-19,27.75,27.75,27.75,27.75,0
2026-03-24,27.75,28.190000534057617,27.520000457763672,28.149999618530273,643693
2026-03-25,28.149999618530273,28.959999084472656,27.799999237060547,28.81999969482422,508957
2026-03-26,28.81999969482422,28.81999969482422,27.81999969482422,27.81999969482422,568910
2026-03-29,27.81999969482422,28.0,26.5,26.639999389648438,899700
2026-03-30,26.639999389648438,26.93000030517578,25.0,25.25,1546281
2026-03-31,25.25,25.649999618530273,25.010000228881836,25.40999984741211,613191
2026-04-01,25.40999984741211,26.700000762939453,25.0,25.200000762939453,2269251
2026-04-02,25.200000762939453,25.649999618530273,24.899999618530273,25.049999237060547,4220127
2026-04-05,25.049999237060547,25.299999237060547,25.0,25.1200008392334,2339305
2026-04-06,25.1200008392334,25.559999465942383,25.15999984741211,25.399999618530273,688178
2026-04-07,25.399999618530273,25.649999618530273,25.209999084472656,25.209999084472656,1121619
2026-04-08,25.209999084472656,27.68000030517578,25.5,27.149999618530273,3811995
2026-04-09,27.149999618530273,27.799999237060547,26.520000457763672,27.700000762939453,1164689
2026-04-14,27.700000762939453,27.68000030517578,27.200000762939453,27.600000381469727,1110594
2026-04-15,27.600000381469727,28.18000030517578,27.549999237060547,27.979999542236328,1465350
2026-04-16,27.979999542236328,28.260000228881836,27.899999618530273,28.06999969482422,7245192
2026-04-19,28.06999969482422,29.389999389648438,28.149999618530273,29.040000915527344,2481555
2026-04-20,29.040000915527344,29.200000762939453,28.149999618530273,28.809999465942383,765822
2026-04-21,28.809999465942383,29.18000030517578,28.530000686645508,28.889999389648438,1121101
2026-04-22,28.889999389648438,29.299999237060547,28.600000381469727,29.079999923706055,1255919
2026-04-23,29.079999923706055,29.989999771118164,28.81999969482422,29.989999771118164,2086812
2026-04-26,29.989999771118164,30.899999618530273,29.989999771118164,30.899999618530273,2124152
2026-04-27,30.899999618530273,30.979999542236328,29.510000228881836,30.489999771118164,2136560
2026-04-28,30.489999771118164,30.799999237060547,29.75,29.8700008392334,3111088
2026-04-29,29.8700008392334,30.0,29.5,29.5,1004814
2026-04-30,29.5,29.719999313354492,29.0,29.450000762939453,1762845
2026-05-03,29.450000762939453,29.889999389648438,29.469999313354492,29.780000686645508,704695
2026-05-04,29.780000686645508,29.950000762939453,29.020000457763672,29.700000762939453,1188708
2026-05-05,29.700000762939453,29.5,28.899999618530273,29.34000015258789,746505
2026-05-06,29.34000015258789,29.6200008392334,29.0,29.239999771118164,1773798
2026-05-10,29.239999771118164,29.65999984741211,29.399999618530273,29.489999771118164,1375643
2026-05-11,29.489999771118164,29.600000381469727,28.90999984741211,29.0,3410712
2026-05-12,29.0,28.649999618530273,28.110000610351562,28.600000381469727,1456573
2026-05-13,28.600000381469727,28.700000762939453,27.75,28.15999984741211,4251700
2026-05-14,28.15999984741211,28.18000030517578,27.790000915527344,28.049999237060547,1064087
2026-05-17,28.049999237060547,28.149999618530273,27.75,27.790000915527344,757793
2026-05-18,27.790000915527344,28.290000915527344,27.780000686645508,27.860000610351562,2771476
2026-05-19,27.860000610351562,28.200000762939453,27.8700008392334,28.0,1375239
2026-05-20,28.0,28.190000534057617,27.549999237060547,27.719999313354492,935213
2026-05-21,27.719999313354492,28.149999618530273,27.489999771118164,28.139999389648438,1456413
2026-05-24,28.139999389648438,29.0,28.149999618530273,28.850000381469727,1666464
2026-05-25,28.850000381469727,29.0,28.5,28.8700008392334,791873
2026-05-26,28.8700008392334,28.8700008392334,28.8700008392334,28.8700008392334,0
2026-05-27,28.8700008392334,28.8700008392334,28.8700008392334,28.8700008392334,0
2026-05-28,28.8700008392334,28.8700008392334,28.8700008392334,28.8700008392334,0
2026-06-01,28.8700008392334,29.149999618530273,28.790000915527344,29.100000381469727,1015602
2026-06-02,29.100000381469727,29.399999618530273,28.950000762939453,29.200000762939453,3691502
2026-06-03,29.200000762939453,29.329999923706055,28.799999237060547,29.110000610351562,1428566
2026-06-04,29.110000610351562,29.25,28.899999618530273,29.079999923706055,1883075
2026-06-07,29.079999923706055,29.079999923706055,28.610000610351562,28.959999084472656,694945
2026-06-08,28.959999084472656,28.75,28.15999984741211,28.389999389648438,21106279
2026-06-09,28.389999389648438,28.600000381469727,27.899999618530273,28.09000015258789,1448486
2026-06-10,28.09000015258789,28.15999984741211,27.760000228881836,27.799999237060547,1502228
2026-06-11,27.799999237060547,27.75,27.059999465942383,27.5,1003199
2026-06-14,27.5,28.799999237060547,27.899999618530273,28.690000534057617,1056490
2026-06-15,28.690000534057617,28.979999542236328,28.530000686645508,28.799999237060547,5400189
2026-06-16,28.799999237060547,28.860000610351562,28.200000762939453,28.389999389648438,1161419
2026-06-17,28.389999389648438,28.389999389648438,28.389999389648438,28.389999389648438,0
2026-06-18,28.389999389648438,28.389999389648438,28.389999389648438,28.389999389648438,0
2026-06-21,28.260000228881836,28.389999389648438,27.799999237060547,27.950000762939453,1223768
2026-06-22,27.950000762939453,27.950000762939453,27.950000762939453,27.950000762939453,0
2026-06-23,28.06999969482422,28.170000076293945,27.530000686645508,27.579999923706055,879291
2026-06-24,27.579999923706055,27.780000686645508,27.399999618530273,27.559999465942383,817725
2026-06-25,27.559999465942383,27.729999542236328,26.670000076293945,26.799999237060547,1498301
2026-06-28,26.799999237060547,26.950000762939453,25.5,25.829999923706055,2277830
2026-06-29,25.829999923706055,27.200000762939453,25.850000381469727,27.06999969482422,3414561
2026-06-30,27.06999969482422,27.450000762939453,27.0,27.299999237060547,2364476
2026-07-01,27.299999237060547,27.770000457763672,27.100000381469727,27.34000015258789,630474
2026-07-05,27.34000015258789,28.5,27.329999923706055,28.360000610351562,1760436
2026-07-06,28.360000610351562,28.989999771118164,28.25,28.75,2351631
2026-07-07,28.75,28.850000381469727,28.040000915527344,28.780000686645508,2374864
2026-07-08,28.780000686645508,28.739999771118164,28.100000381469727,28.229999542236328,1353706
2026-07-09,28.229999542236328,28.459999084472656,28.040000915527344,28.299999237060547,1816647
2026-07-12,28.299999237060547,28.299999237060547,28.06999969482422,28.270000457763672,554591
2026-07-13,28.270000457763672,28.5,28.200000762939453,28.3799991607666,575680
2026-07-14,28.3799991607666,28.350000381469727,27.600000381469727,28.0,1615802
2026-07-15,28.0,28.18000030517578,27.6299991607666,27.780000686645508,779039
2026-07-16,27.780000686645508,28.229999542236328,27.700000762939453,28.079999923706055,906324
2026-07-19,28.079999923706055,28.049999237060547,27.520000457763672,27.520000457763672,1077353
2026-07-20,27.520000457763672,27.959999084472656,27.200000762939453,27.549999237060547,865865
2026-07-21,27.549999237060547,28.1299991607666,27.5,28.049999237060547,1041683
2026-07-22,28.049999237060547,28.200000762939453,27.600000381469727,27.700000762939453,1367073
2026-07-26,27.700000762939453,27.8799991607666,27.530000686645508,27.790000915527344,676504
2026-07-27,27.790000915527344,27.899999618530273,27.190000534057617,27.299999237060547,1791654
2026-07-28,27.299999237060547,27.3799991607666,26.639999389648438,27.290000915527344,4628701
2026-07-29,27.290000915527344,27.309999465942383,26.940000534057617,27.100000381469727,5077672
2026-07-30,27.100000381469727,27.290000915527344,26.700000762939453,27.239999771118164,1474237
