date,open,high,low,close,volume
2015-07-05,4.079999923706055,4.079999923706055,3.7100000381469727,3.940000057220459,78473479
2015-07-06,3.75,3.75,3.390000104904175,3.549999952316284,28086357
2015-07-07,3.549999952316284,3.5999999046325684,3.390000104904175,3.4700000286102295,15819026
2015-07-08,3.4700000286102295,3.509999990463257,3.259999990463257,3.3499999046325684,18675797
2015-07-09,3.299999952316284,3.3499999046325684,3.240000009536743,3.2899999618530273,22943911
2015-07-12,3.2899999618530273,3.440000057220459,3.2799999713897705,3.359999895095825,14980138
2015-07-13,3.359999895095825,3.4200000762939453,3.309999942779541,3.359999895095825,10165807
2015-07-14,3.359999895095825,3.509999990463257,3.380000114440918,3.450000047683716,14560588
2015-07-15,3.450000047683716,3.549999952316284,3.4700000286102295,3.5199999809265137,16008926
2015-07-16,3.5199999809265137,3.569999933242798,3.5,3.5399999618530273,8989736
2015-07-19,3.5399999618530273,3.5399999618530273,3.5399999618530273,3.5399999618530273,0
2015-07-20,3.5399999618530273,3.5399999618530273,3.5399999618530273,3.5399999618530273,0
2015-07-21,3.5399999618530273,3.549999952316284,3.4200000762939453,3.490000009536743,7444031
2015-07-22,3.490000009536743,3.509999990463257,3.4100000858306885,3.4600000381469727,3018100
2015-07-26,3.5,3.509999990463257,3.4100000858306885,3.450000047683716,3255450
2015-07-27,3.450000047683716,3.450000047683716,3.4000000953674316,3.4200000762939453,1925587
2015-07-28,3.4200000762939453,3.559999942779541,3.4100000858306885,3.5199999809265137,7103860
2015-07-29,3.5199999809265137,3.559999942779541,3.509999990463257,3.5399999618530273,10233532
2015-07-30,3.5399999618530273,3.5399999618530273,3.4600000381469727,3.5,5696807
2015-08-02,3.5,3.5,3.380000114440918,3.4200000762939453,2511946
2015-08-03,3.4200000762939453,3.430000066757202,3.299999952316284,3.3499999046325684,4075742
2015-08-04,3.3499999046325684,3.490000009536743,3.390000104904175,3.440000057220459,3039277
2015-08-05,3.440000057220459,3.440000057220459,3.440000057220459,3.440000057220459,0
2015-08-06,3.440000057220459,3.440000057220459,3.440000057220459,3.440000057220459,0
2015-08-09,3.2799999713897705,3.299999952316284,3.0,3.0799999237060547,8943592
2015-08-10,3.0799999237060547,3.1700000762939453,3.009999990463257,3.0899999141693115,9752386
2015-08-11,3.0899999141693115,3.1700000762939453,3.0399999618530273,3.0899999141693115,6315120
2015-08-12,3.0899999141693115,3.059999942779541,2.859999895095825,2.9600000381469727,11283002
2015-08-13,2.9600000381469727,3.0,2.8499999046325684,2.9000000953674316,7145849
2015-08-16,2.9000000953674316,2.9000000953674316,2.759999990463257,2.809999942779541,5631213
2015-08-17,2.809999942779541,2.8299999237060547,2.7100000381469727,2.7899999618530273,8497940
2015-08-18,2.7899999618530273,2.799999952316284,2.5799999237060547,2.680000066757202,9718184
2015-08-19,2.680000066757202,2.680000066757202,2.4700000286102295,2.569999933242798,15956358
2015-08-20,2.549999952316284,2.5799999237060547,2.440000057220459,2.509999990463257,13473383
2015-08-23,2.509999990463257,2.380000114440918,2.259999990463257,2.299999952316284,5112825
2015-08-24,2.299999952316284,2.3299999237060547,2.069999933242798,2.180000066757202,6288767
2015-08-25,2.180000066757202,2.25,2.119999885559082,2.200000047683716,3769065
2015-08-26,2.200000047683716,2.180000066757202,2.0899999141693115,2.140000104904175,5866008
2015-08-27,2.2200000286102295,2.440000057220459,2.200000047683716,2.319999933242798,11521957
2015-08-30,2.430000066757202,2.5799999237060547,2.4000000953674316,2.5,15193532
2015-08-31,2.5,2.6500000953674316,2.4600000381469727,2.569999933242798,8840638
2015-09-01,2.569999933242798,2.5999999046325684,2.5,2.5299999713897705,6661510
2015-09-02,2.5299999713897705,2.549999952316284,2.430000066757202,2.490000009536743,4776558
2015-09-03,2.490000009536743,2.609999895095825,2.5399999618530273,2.5799999237060547,4955539
2015-09-06,2.5799999237060547,2.569999933242798,2.5,2.5399999618530273,1589769
2015-09-07,2.5399999618530273,2.5899999141693115,2.3499999046325684,2.4600000381469727,6839893
2015-09-08,2.4600000381469727,2.390000104904175,2.2200000286102295,2.309999942779541,6438585
2015-09-09,2.390000104904175,2.440000057220459,2.3399999141693115,2.390000104904175,3519392
2015-09-10,2.390000104904175,2.380000114440918,2.299999952316284,2.3399999141693115,2844540
2015-09-13,2.3399999141693115,2.430000066757202,2.319999933242798,2.390000104904175,4483428
2015-09-14,2.390000104904175,2.4700000286102295,2.380000114440918,2.430000066757202,7151652
2015-09-15,2.430000066757202,2.440000057220459,2.369999885559082,2.4000000953674316,2994526
2015-09-16,2.4000000953674316,2.430000066757202,2.369999885559082,2.4000000953674316,2409854
2015-09-17,2.4000000953674316,2.4700000286102295,2.380000114440918,2.4200000762939453,5766203
2015-09-20,2.4200000762939453,2.4100000858306885,2.3299999237060547,2.359999895095825,1021545
2015-09-21,2.359999895095825,2.4000000953674316,2.3499999046325684,2.369999885559082,1369702
2015-09-27,2.369999885559082,2.369999885559082,2.369999885559082,2.369999885559082,0
2015-09-28,2.390000104904175,2.450000047683716,2.369999885559082,2.430000066757202,2530120
2015-09-29,2.430000066757202,2.4100000858306885,2.390000104904175,2.4000000953674316,1659451
2015-09-30,2.4000000953674316,2.4200000762939453,2.369999885559082,2.380000114440918,1325788
2015-10-01,2.380000114440918,2.4000000953674316,2.369999885559082,2.390000104904175,386886
2015-10-04,2.390000104904175,2.4000000953674316,2.2799999713897705,2.309999942779541,1647664
2015-10-05,2.309999942779541,2.319999933242798,2.259999990463257,2.2899999618530273,1139821
2015-10-07,2.2899999618530273,2.3499999046325684,2.299999952316284,2.319999933242798,1206625
2015-10-08,2.319999933242798,2.4000000953674316,2.319999933242798,2.369999885559082,3579980
2015-10-11,2.369999885559082,2.549999952316284,2.380000114440918,2.4600000381469727,4656578
2015-10-12,2.4600000381469727,2.700000047683716,2.509999990463257,2.6500000953674316,7775072
2015-10-13,2.6500000953674316,2.799999952316284,2.6600000858306885,2.75,6507661
2015-10-15,2.75,2.75,2.619999885559082,2.680000066757202,2173622
2015-10-18,2.680000066757202,2.640000104904175,2.5999999046325684,2.609999895095825,1692920
2015-10-19,2.609999895095825,2.819999933242798,2.609999895095825,2.7100000381469727,5989965
2015-10-20,2.7100000381469727,2.9100000858306885,2.799999952316284,2.8499999046325684,8411264
2015-10-21,2.8499999046325684,3.049999952316284,2.799999952316284,2.950000047683716,9263547
2015-10-22,2.950000047683716,2.9800000190734863,2.880000114440918,2.9200000762939453,1754385
2015-10-25,2.9200000762939453,3.0299999713897705,2.950000047683716,3.0,6329543
2015-10-26,3.0,2.990000009536743,2.9100000858306885,2.940000057220459,1946633
2015-10-27,2.940000057220459,2.950000047683716,2.869999885559082,2.9100000858306885,2048000
2015-10-28,2.9100000858306885,2.9200000762939453,2.75,2.819999933242798,3294900
2015-10-29,2.819999933242798,2.9000000953674316,2.8399999141693115,2.859999895095825,1619930
2015-11-01,2.859999895095825,2.8399999141693115,2.7200000286102295,2.75,2202594
2015-11-02,2.75,2.799999952316284,2.740000009536743,2.7699999809265137,1678008
2015-11-03,2.7699999809265137,2.8299999237060547,2.690000057220459,2.759999990463257,1769143
2015-11-04,2.759999990463257,2.819999933242798,2.700000047683716,2.759999990463257,1665913
2015-11-05,2.759999990463257,2.990000009536743,2.7699999809265137,2.9100000858306885,7095564
2015-11-08,2.9100000858306885,2.9100000858306885,2.9100000858306885,2.9100000858306885,0
2015-11-09,2.819999933242798,2.809999942779541,2.700000047683716,2.740000009536743,1499074
2015-11-10,2.740000009536743,2.740000009536743,2.490000009536743,2.559999942779541,2924259
2015-11-11,2.559999942779541,2.640000104904175,2.5199999809265137,2.5999999046325684,3290929
2015-11-12,2.5999999046325684,2.6500000953674316,2.5399999618530273,2.5899999141693115,3133948
2015-11-15,2.5899999141693115,2.5299999713897705,2.4100000858306885,2.4600000381469727,1914505
2015-11-16,2.4600000381469727,2.559999942779541,2.440000057220459,2.5199999809265137,1355053
2015-11-17,2.5199999809265137,2.5999999046325684,2.4200000762939453,2.5199999809265137,2604423
2015-11-18,2.5199999809265137,2.5999999046325684,2.509999990463257,2.559999942779541,1959837
2015-11-19,2.559999942779541,2.690000057220459,2.5999999046325684,2.6600000858306885,3921920
2015-11-22,2.6600000858306885,2.7100000381469727,2.630000114440918,2.6600000858306885,882008
2015-11-23,2.6600000858306885,2.6600000858306885,2.549999952316284,2.5899999141693115,1543120
2015-11-24,2.5899999141693115,2.5999999046325684,2.5299999713897705,2.569999933242798,1240231
2015-11-25,2.569999933242798,2.630000114440918,2.5399999618530273,2.5899999141693115,1408458
2015-11-26,2.5899999141693115,2.640000104904175,2.5899999141693115,2.619999885559082,779762
2015-11-29,2.619999885559082,2.5999999046325684,2.559999942779541,2.569999933242798,442256
2015-11-30,2.569999933242798,2.5999999046325684,2.549999952316284,2.569999933242798,2110443
2015-12-01,2.569999933242798,2.609999895095825,2.569999933242798,2.5999999046325684,407242
2015-12-02,2.5999999046325684,2.859999895095825,2.609999895095825,2.75,3238334
2015-12-03,2.75,2.990000009536743,2.799999952316284,2.9000000953674316,3893698
2015-12-06,2.9000000953674316,2.9000000953674316,2.809999942779541,2.869999885559082,2613523
2015-12-07,2.869999885559082,2.9000000953674316,2.759999990463257,2.799999952316284,2094883
2015-12-08,2.799999952316284,2.7799999713897705,2.740000009536743,2.75,2299951
2015-12-09,2.75,2.799999952316284,2.75,2.7799999713897705,1693547
2015-12-10,2.7799999713897705,2.7699999809265137,2.7100000381469727,2.75,2330024
2015-12-13,2.75,2.700000047683716,2.5799999237060547,2.640000104904175,1478175
2015-12-14,2.640000104904175,2.6700000762939453,2.5999999046325684,2.640000104904175,728265
2015-12-15,2.640000104904175,2.7699999809265137,2.609999895095825,2.7300000190734863,1273020
2015-12-16,2.7300000190734863,2.809999942779541,2.7300000190734863,2.7699999809265137,2576403
2015-12-17,2.7699999809265137,2.8399999141693115,2.75,2.7899999618530273,2410161
2015-12-20,2.7899999618530273,2.8499999046325684,2.7200000286102295,2.809999942779541,2620924
2015-12-21,2.809999942779541,2.819999933242798,2.75,2.799999952316284,1528808
2015-12-22,2.799999952316284,2.809999942779541,2.75,2.7799999713897705,1565200
2015-12-24,2.7799999713897705,2.819999933242798,2.759999990463257,2.7899999618530273,719991
2015-12-27,2.7899999618530273,2.799999952316284,2.75,2.7799999713897705,489410
2015-12-28,2.7799999713897705,2.819999933242798,2.75,2.7799999713897705,1031182
2015-12-29,2.7799999713897705,2.799999952316284,2.7300000190734863,2.7699999809265137,1557285
2015-12-30,2.7699999809265137,2.8399999141693115,2.7799999713897705,2.809999942779541,2485050
2015-12-31,2.809999942779541,2.799999952316284,2.700000047683716,2.740000009536743,1864081
2016-01-03,2.740000009536743,2.7799999713897705,2.740000009536743,2.759999990463257,653939
2016-01-04,2.759999990463257,2.7899999618530273,2.619999885559082,2.680000066757202,1016570
2016-01-05,2.680000066757202,2.690000057220459,2.5999999046325684,2.640000104904175,2912572
2016-01-06,2.640000104904175,2.6500000953674316,2.5399999618530273,2.569999933242798,2443427
2016-01-10,2.569999933242798,2.5799999237060547,2.430000066757202,2.490000009536743,2694334
2016-01-11,2.490000009536743,2.4800000190734863,2.299999952316284,2.369999885559082,2363611
2016-01-12,2.369999885559082,2.359999895095825,2.2100000381469727,2.2899999618530273,4893572
2016-01-13,2.2899999618530273,2.3499999046325684,2.1500000953674316,2.2200000286102295,6926984
2016-01-14,2.2200000286102295,2.180000066757202,2.0199999809265137,2.0799999237060547,6101916
2016-01-17,2.0799999237060547,2.140000104904175,1.940000057220459,2.0799999237060547,2374925
2016-01-18,2.0799999237060547,2.0799999237060547,2.0799999237060547,2.0799999237060547,0
2016-01-19,2.240000009536743,2.25,2.1700000762939453,2.2100000381469727,3683802
2016-01-20,2.2100000381469727,2.140000104904175,1.9900000095367432,2.0299999713897705,3521522
2016-01-21,2.0299999713897705,2.0299999713897705,1.8799999952316284,1.9800000190734863,7121608
2016-01-24,2.069999933242798,2.0999999046325684,2.009999990463257,2.049999952316284,5194242
2016-01-26,1.9500000476837158,2.059999942779541,1.940000057220459,2.0199999809265137,3746614
2016-01-27,2.0199999809265137,2.2200000286102295,2.0299999713897705,2.1700000762939453,16230619
2016-01-28,2.1700000762939453,2.2100000381469727,2.130000114440918,2.1700000762939453,8348964
2016-01-31,2.200000047683716,2.2100000381469727,2.069999933242798,2.1500000953674316,5123454
2016-02-01,2.1500000953674316,2.1500000953674316,2.059999942779541,2.0999999046325684,3691286
2016-02-02,2.0999999046325684,2.299999952316284,2.109999895095825,2.200000047683716,11078911
2016-02-03,2.200000047683716,2.3499999046325684,2.190000057220459,2.2899999618530273,7251296
2016-02-04,2.2899999618530273,2.390000104904175,2.2699999809265137,2.309999942779541,11050215
2016-02-07,2.309999942779541,2.299999952316284,2.2300000190734863,2.259999990463257,5130552
2016-02-08,2.259999990463257,2.319999933242798,2.180000066757202,2.259999990463257,9500018
2016-02-09,2.259999990463257,2.2100000381469727,2.130000114440918,2.180000066757202,6594358
2016-02-10,2.180000066757202,2.2100000381469727,2.1600000858306885,2.180000066757202,4252385
2016-02-11,2.1600000858306885,2.1700000762939453,2.009999990463257,2.0899999141693115,5630772
2016-02-14,2.130000114440918,2.140000104904175,2.059999942779541,2.0999999046325684,3702620
2016-02-15,2.0999999046325684,2.140000104904175,2.0799999237060547,2.109999895095825,3304761
2016-02-16,2.109999895095825,2.1600000858306885,2.109999895095825,2.140000104904175,3840474
2016-02-17,2.140000104904175,2.2200000286102295,2.0999999046325684,2.1700000762939453,8245106
2016-02-18,2.1700000762939453,2.2200000286102295,2.1600000858306885,2.180000066757202,1611889
2016-02-21,2.180000066757202,2.2100000381469727,2.1600000858306885,2.180000066757202,2435768
2016-02-22,2.180000066757202,2.240000009536743,2.180000066757202,2.2100000381469727,3765772
2016-02-23,2.2100000381469727,2.240000009536743,2.1700000762939453,2.200000047683716,4357600
2016-02-24,2.200000047683716,2.200000047683716,2.1600000858306885,2.180000066757202,1597665
2016-02-25,2.180000066757202,2.240000009536743,2.1700000762939453,2.2100000381469727,3775410
2016-02-28,2.2100000381469727,2.2300000190734863,2.200000047683716,2.2100000381469727,6485879
2016-02-29,2.2100000381469727,2.2699999809265137,2.200000047683716,2.240000009536743,7866108
2016-03-01,2.240000009536743,2.25,2.2100000381469727,2.2300000190734863,3368947
2016-03-02,2.240000009536743,2.259999990463257,2.1500000953674316,2.2100000381469727,6964480
2016-03-03,2.2100000381469727,2.200000047683716,2.1500000953674316,2.180000066757202,3539546
2016-03-06,2.200000047683716,2.2200000286102295,2.180000066757202,2.200000047683716,2288955
2016-03-07,2.200000047683716,2.2699999809265137,2.190000057220459,2.240000009536743,11162255
2016-03-08,2.2699999809265137,2.2899999618530273,2.2200000286102295,2.259999990463257,9431052
2016-03-09,2.259999990463257,2.2699999809265137,2.2100000381469727,2.25,5141310
2016-03-10,2.2899999618530273,2.359999895095825,2.2699999809265137,2.309999942779541,13382811
2016-03-13,2.309999942779541,2.359999895095825,2.2799999713897705,2.319999933242798,8889923
2016-03-14,2.359999895095825,2.5899999141693115,2.359999895095825,2.5,30162303
2016-03-15,2.5899999141693115,2.640000104904175,2.5,2.569999933242798,16629358
2016-03-16,2.569999933242798,2.6700000762939453,2.569999933242798,2.609999895095825,13667351
2016-03-17,2.609999895095825,2.8399999141693115,2.609999895095825,2.7200000286102295,21905354
2016-03-20,2.7200000286102295,2.75,2.609999895095825,2.680000066757202,10841080
2016-03-21,2.680000066757202,2.7200000286102295,2.640000104904175,2.690000057220459,8737031
2016-03-22,2.690000057220459,2.75,2.5999999046325684,2.640000104904175,10659920
2016-03-23,2.640000104904175,2.680000066757202,2.5999999046325684,2.6500000953674316,10112944
2016-03-24,2.6500000953674316,2.799999952316284,2.6500000953674316,2.7100000381469727,17333732
2016-03-27,2.7100000381469727,2.8299999237060547,2.6700000762939453,2.75,20604949
2016-03-28,2.75,2.759999990463257,2.690000057220459,2.7300000190734863,14271765
2016-03-29,2.7100000381469727,2.819999933242798,2.700000047683716,2.75,19999941
2016-03-30,2.75,2.759999990463257,2.6500000953674316,2.700000047683716,7143723
2016-03-31,2.700000047683716,2.75,2.680000066757202,2.7200000286102295,16780616
2016-04-03,2.7200000286102295,2.75,2.690000057220459,2.7100000381469727,7299322
2016-04-04,2.7100000381469727,2.7200000286102295,2.690000057220459,2.7100000381469727,8117452
2016-04-05,2.7100000381469727,2.7699999809265137,2.680000066757202,2.7300000190734863,12777111
2016-04-06,2.7300000190734863,2.7300000190734863,2.4600000381469727,2.5799999237060547,13211462
2016-04-07,2.5799999237060547,2.5999999046325684,2.509999990463257,2.559999942779541,4260380
2016-04-10,2.559999942779541,2.619999885559082,2.4700000286102295,2.5199999809265137,5082862
2016-04-11,2.5199999809265137,2.5399999618530273,2.440000057220459,2.5,4281554
2016-04-12,2.5,2.5299999713897705,2.440000057220459,2.5,3963680
2016-04-13,2.5,2.569999933242798,2.5,2.5399999618530273,3699424
2016-04-14,2.5399999618530273,2.5799999237060547,2.5,2.559999942779541,4604770
2016-04-17,2.559999942779541,2.7100000381469727,2.549999952316284,2.619999885559082,10550836
2016-04-18,2.690000057220459,2.7300000190734863,2.6600000858306885,2.700000047683716,11949866
2016-04-19,2.700000047683716,2.7799999713897705,2.7200000286102295,2.75,15238746
2016-04-20,2.75,2.7799999713897705,2.6500000953674316,2.7200000286102295,11062460
2016-04-21,2.7200000286102295,2.759999990463257,2.6600000858306885,2.7100000381469727,8967961
2016-04-24,2.7100000381469727,2.7100000381469727,2.6600000858306885,2.690000057220459,3096360
2016-04-27,2.740000009536743,2.759999990463257,2.5799999237060547,2.680000066757202,8516535
2016-04-28,2.680000066757202,2.640000104904175,2.5999999046325684,2.619999885559082,4313200
2016-05-01,2.619999885559082,2.619999885559082,2.619999885559082,2.619999885559082,0
2016-05-03,2.619999885559082,2.609999895095825,2.450000047683716,2.5199999809265137,5650648
2016-05-04,2.5199999809265137,2.5299999713897705,2.450000047683716,2.5,2285570
2016-05-05,2.5,2.569999933242798,2.509999990463257,2.5399999618530273,3536781
2016-05-08,2.5399999618530273,2.569999933242798,2.509999990463257,2.5399999618530273,2074894
2016-05-09,2.5399999618530273,2.5999999046325684,2.5299999713897705,2.569999933242798,2536058
2016-05-10,2.569999933242798,2.559999942779541,2.440000057220459,2.490000009536743,4211175
2016-05-11,2.490000009536743,2.490000009536743,2.4200000762939453,2.450000047683716,3275728
2016-05-12,2.450000047683716,2.490000009536743,2.430000066757202,2.4600000381469727,2906999
2016-05-15,2.4600000381469727,2.440000057220459,2.2799999713897705,2.3499999046325684,4021560
2016-05-16,2.3499999046325684,2.3399999141693115,2.299999952316284,2.3299999237060547,3454843
2016-05-17,2.3299999237060547,2.490000009536743,2.3399999141693115,2.4000000953674316,5628314
2016-05-18,2.4000000953674316,2.5,2.4000000953674316,2.440000057220459,4776809
2016-05-19,2.440000057220459,2.4100000858306885,2.359999895095825,2.390000104904175,3495058
2016-05-22,2.390000104904175,2.440000057220459,2.359999895095825,2.390000104904175,2325222
2016-05-23,2.380000114440918,2.380000114440918,2.3399999141693115,2.3499999046325684,1736229
2016-05-24,2.3499999046325684,2.4200000762939453,2.369999885559082,2.4000000953674316,6521333
2016-05-25,2.4000000953674316,2.440000057220459,2.4000000953674316,2.4200000762939453,8433764
2016-05-26,2.4200000762939453,2.440000057220459,2.390000104904175,2.4100000858306885,4013247
2016-05-29,2.4100000858306885,2.4200000762939453,2.359999895095825,2.380000114440918,689320
2016-05-30,2.380000114440918,2.390000104904175,2.3399999141693115,2.359999895095825,971397
2016-05-31,2.359999895095825,2.380000114440918,2.3399999141693115,2.3499999046325684,1942191
2016-06-01,2.3499999046325684,2.4200000762939453,2.3399999141693115,2.390000104904175,5138036
2016-06-02,2.3499999046325684,2.3499999046325684,2.3499999046325684,2.3499999046325684,0
2016-06-05,2.440000057220459,2.450000047683716,2.4000000953674316,2.4200000762939453,1194222
2016-06-06,2.4200000762939453,2.430000066757202,2.390000104904175,2.4100000858306885,1399908
2016-06-07,2.4100000858306885,2.509999990463257,2.4200000762939453,2.4700000286102295,9731945
2016-06-08,2.4700000286102295,2.5299999713897705,2.450000047683716,2.5,12503434
2016-06-09,2.490000009536743,2.490000009536743,2.430000066757202,2.4600000381469727,4358379
2016-06-12,2.4600000381469727,2.450000047683716,2.4000000953674316,2.4200000762939453,2317603
2016-06-13,2.4200000762939453,2.440000057220459,2.380000114440918,2.4000000953674316,2591547
2016-06-14,2.4000000953674316,2.4000000953674316,2.4000000953674316,2.4000000953674316,0
2016-06-15,2.4200000762939453,2.4200000762939453,2.4200000762939453,2.4200000762939453,0
2016-06-16,2.4200000762939453,2.4200000762939453,2.4200000762939453,2.4200000762939453,0
2016-06-19,2.4200000762939453,2.4200000762939453,2.4200000762939453,2.4200000762939453,0
2016-06-20,2.2799999713897705,2.2799999713897705,2.1500000953674316,2.2200000286102295,3472559
2016-06-21,2.2200000286102295,2.2699999809265137,2.200000047683716,2.240000009536743,5902879
2016-06-22,2.240000009536743,2.2699999809265137,2.200000047683716,2.2300000190734863,3303514
2016-06-23,2.2300000190734863,2.2300000190734863,2.2300000190734863,2.2300000190734863,0
2016-06-26,2.2300000190734863,2.2300000190734863,2.2300000190734863,2.2300000190734863,0
2016-06-27,2.1500000953674316,2.200000047683716,2.1600000858306885,2.180000066757202,3129774
2016-06-28,2.180000066757202,2.2100000381469727,2.1500000953674316,2.180000066757202,1927821
2016-06-29,2.180000066757202,2.180000066757202,2.180000066757202,2.180000066757202,0
2016-06-30,2.180000066757202,2.180000066757202,2.180000066757202,2.180000066757202,0
2016-07-03,2.1600000858306885,2.2100000381469727,2.180000066757202,2.190000057220459,1546506
2016-07-04,2.190000057220459,2.190000057220459,2.190000057220459,2.190000057220459,0
2016-07-05,2.190000057220459,2.190000057220459,2.190000057220459,2.190000057220459,0
2016-07-10,2.380000114440918,2.4800000190734863,2.3399999141693115,2.4200000762939453,14273652
2016-07-11,2.4700000286102295,2.5199999809265137,2.3299999237060547,2.440000057220459,13375915
2016-07-12,2.440000057220459,2.4200000762939453,2.319999933242798,2.369999885559082,9805459
2016-07-13,2.369999885559082,2.440000057220459,2.369999885559082,2.4000000953674316,6264967
2016-07-14,2.4000000953674316,2.4000000953674316,2.4000000953674316,2.4000000953674316,0
2016-07-17,2.4000000953674316,2.4000000953674316,2.4000000953674316,2.4000000953674316,0
2016-07-18,2.4000000953674316,2.4000000953674316,2.4000000953674316,2.4000000953674316,0
2016-07-19,2.549999952316284,2.5999999046325684,2.509999990463257,2.549999952316284,12558462
2016-07-20,2.549999952316284,2.549999952316284,2.549999952316284,2.549999952316284,0
2016-07-21,2.549999952316284,2.549999952316284,2.549999952316284,2.549999952316284,0
2016-07-24,2.549999952316284,2.549999952316284,2.549999952316284,2.549999952316284,0
2016-07-25,2.430000066757202,2.5199999809265137,2.4200000762939453,2.4800000190734863,8624247
2016-07-26,2.4800000190734863,2.4800000190734863,2.4800000190734863,2.4800000190734863,0
2016-07-27,2.5299999713897705,2.5999999046325684,2.5199999809265137,2.559999942779541,18515403
2016-07-28,2.559999942779541,2.5899999141693115,2.490000009536743,2.5399999618530273,8432456
2016-07-31,2.5399999618530273,2.5399999618530273,2.5399999618530273,2.5399999618530273,0
2016-08-01,2.509999990463257,2.5399999618530273,2.4700000286102295,2.5,9369286
2016-08-02,2.5,2.549999952316284,2.5,2.5199999809265137,8402120
2016-08-03,2.5,2.5,2.5,2.5,0
2016-08-04,2.5,2.5,2.5,2.5,0
2016-08-07,2.5,2.5,2.5,2.5,0
2016-08-08,2.5,2.5,2.5,2.5,0
2016-08-09,2.619999885559082,2.6600000858306885,2.5799999237060547,2.630000114440918,15653845
2016-08-10,2.630000114440918,2.630000114440918,2.630000114440918,2.630000114440918,0
2016-08-11,2.630000114440918,2.630000114440918,2.630000114440918,2.630000114440918,0
2016-08-14,2.700000047683716,2.759999990463257,2.690000057220459,2.740000009536743,6890733
2016-08-15,2.740000009536743,2.7699999809265137,2.6700000762939453,2.7300000190734863,6606722
2016-08-16,2.7300000190734863,2.700000047683716,2.619999885559082,2.6500000953674316,9542240
2016-08-17,2.6500000953674316,2.6500000953674316,2.6500000953674316,2.6500000953674316,0
2016-08-18,2.5999999046325684,2.6600000858306885,2.5799999237060547,2.609999895095825,7292317
2016-08-21,2.609999895095825,2.609999895095825,2.609999895095825,2.609999895095825,0
2016-08-22,2.609999895095825,2.609999895095825,2.609999895095825,2.609999895095825,0
2016-08-23,2.5899999141693115,2.5799999237060547,2.5,2.5399999618530273,2451011
2016-08-24,2.5399999618530273,2.5399999618530273,2.450000047683716,2.5,16450596
2016-08-25,2.5,2.4700000286102295,2.369999885559082,2.4200000762939453,8249899
2016-08-28,2.4200000762939453,2.4200000762939453,2.4200000762939453,2.4200000762939453,0
2016-08-29,2.4200000762939453,2.4200000762939453,2.4200000762939453,2.4200000762939453,0
2016-08-30,2.4200000762939453,2.4200000762939453,2.4200000762939453,2.4200000762939453,0
2016-08-31,2.430000066757202,2.4600000381469727,2.4200000762939453,2.440000057220459,5480498
2016-09-01,2.440000057220459,2.450000047683716,2.4100000858306885,2.430000066757202,4576386
2016-09-04,2.430000066757202,2.430000066757202,2.4000000953674316,2.4200000762939453,3738632
2016-09-05,2.4200000762939453,2.450000047683716,2.4000000953674316,2.4200000762939453,5618927
2016-09-06,2.4200000762939453,2.4100000858306885,2.309999942779541,2.369999885559082,4763090
2016-09-07,2.369999885559082,2.369999885559082,2.369999885559082,2.369999885559082,0
2016-09-08,2.3299999237060547,2.4100000858306885,2.3299999237060547,2.380000114440918,7066521
2016-09-13,2.380000114440918,2.380000114440918,2.380000114440918,2.380000114440918,0
2016-09-14,2.380000114440918,2.380000114440918,2.3399999141693115,2.3499999046325684,1263852
2016-09-15,2.3499999046325684,2.359999895095825,2.240000009536743,2.299999952316284,5980384
2016-09-18,2.2799999713897705,2.309999942779541,2.2699999809265137,2.309999942779541,5312149
2016-09-19,2.2899999618530273,2.3399999141693115,2.299999952316284,2.319999933242798,4041336
2016-09-20,2.319999933242798,2.319999933242798,2.319999933242798,2.319999933242798,0
2016-09-21,2.319999933242798,2.319999933242798,2.319999933242798,2.319999933242798,0
2016-09-22,2.319999933242798,2.319999933242798,2.319999933242798,2.319999933242798,0
2016-09-25,2.319999933242798,2.319999933242798,2.319999933242798,2.319999933242798,0
2016-09-26,2.319999933242798,2.319999933242798,2.319999933242798,2.319999933242798,0
2016-09-27,2.2799999713897705,2.2899999618530273,2.240000009536743,2.259999990463257,2656593
2016-09-28,2.259999990463257,2.259999990463257,2.2100000381469727,2.240000009536743,3734608
2016-09-29,2.240000009536743,2.25,2.2200000286102295,2.240000009536743,3081820
2016-10-02,2.240000009536743,2.240000009536743,2.240000009536743,2.240000009536743,0
2016-10-03,2.240000009536743,2.240000009536743,2.240000009536743,2.240000009536743,0
2016-10-04,2.3299999237060547,2.369999885559082,2.2899999618530273,2.319999933242798,6521618
2016-10-05,2.319999933242798,2.319999933242798,2.319999933242798,2.319999933242798,0
2016-10-09,2.319999933242798,2.319999933242798,2.319999933242798,2.319999933242798,0
2016-10-10,2.3299999237060547,2.319999933242798,2.130000114440918,2.2300000190734863,10157109
2016-10-11,2.2300000190734863,2.200000047683716,2.140000104904175,2.180000066757202,7637104
2016-10-12,2.180000066757202,2.180000066757202,2.180000066757202,2.180000066757202,0
2016-10-13,2.180000066757202,2.180000066757202,2.180000066757202,2.180000066757202,0
2016-10-16,2.2300000190734863,2.25,2.1700000762939453,2.200000047683716,5820148
2016-10-17,2.200000047683716,2.190000057220459,2.0999999046325684,2.130000114440918,9815641
2016-10-18,2.130000114440918,2.130000114440918,2.130000114440918,2.130000114440918,0
2016-10-19,2.0899999141693115,2.0899999141693115,1.9600000381469727,2.009999990463257,13766903
2016-10-20,2.009999990463257,2.049999952316284,1.9900000095367432,2.0299999713897705,4969920
2016-10-23,2.0299999713897705,2.0399999618530273,1.9700000286102295,2.0,5508975
2016-10-24,2.0,1.9900000095367432,1.9299999475479126,1.9500000476837158,7585648
2016-10-25,1.9500000476837158,1.9700000286102295,1.9299999475479126,1.9500000476837158,6246249
2016-10-26,1.9500000476837158,2.0299999713897705,1.9600000381469727,1.9900000095367432,6448185
2016-10-27,1.9900000095367432,2.140000104904175,2.009999990463257,2.0899999141693115,12740817
2016-10-30,2.0899999141693115,2.1500000953674316,2.0999999046325684,2.130000114440918,8798432
2016-10-31,2.130000114440918,2.180000066757202,2.0999999046325684,2.1500000953674316,8476479
2016-11-01,2.1500000953674316,2.2100000381469727,2.1500000953674316,2.180000066757202,7352586
2016-11-02,2.180000066757202,2.180000066757202,2.180000066757202,2.180000066757202,0
2016-11-03,2.390000104904175,2.390000104904175,2.1600000858306885,2.2300000190734863,27286908
2016-11-06,2.2300000190734863,2.440000057220459,2.200000047683716,2.3399999141693115,32023356
2016-11-07,2.3399999141693115,2.5399999618530273,2.4000000953674316,2.4700000286102295,37709756
2016-11-08,2.4700000286102295,2.569999933242798,2.390000104904175,2.4800000190734863,17120206
2016-11-09,2.4800000190734863,2.5899999141693115,2.3499999046325684,2.5199999809265137,19127610
2016-11-10,2.5199999809265137,2.690000057220459,2.5399999618530273,2.640000104904175,31453032
2016-11-13,2.75,2.75,2.640000104904175,2.7100000381469727,32119673
2016-11-14,2.7100000381469727,2.809999942779541,2.680000066757202,2.759999990463257,28875861
2016-11-15,2.759999990463257,2.859999895095825,2.700000047683716,2.799999952316284,43490736
2016-11-16,2.799999952316284,2.9800000190734863,2.8399999141693115,2.9000000953674316,49895716
2016-11-17,2.9800000190734863,3.25,2.9000000953674316,3.059999942779541,61385407
2016-11-20,2.9700000286102295,3.119999885559082,2.9600000381469727,3.049999952316284,18810110
2016-11-21,3.049999952316284,3.2100000381469727,3.049999952316284,3.1500000953674316,25677572
2016-11-22,3.1500000953674316,3.1500000953674316,3.1500000953674316,3.1500000953674316,0
2016-11-23,3.1700000762939453,3.2200000286102295,3.0899999141693115,3.1500000953674316,17880642
2016-11-24,3.1500000953674316,3.240000009536743,2.9800000190734863,3.0799999237060547,18159443
2016-11-27,3.0799999237060547,3.0299999713897705,2.9200000762939453,2.9700000286102295,7745860
2016-11-28,2.9700000286102295,3.049999952316284,2.880000114440918,2.9700000286102295,18934774
2016-11-29,2.9700000286102295,2.990000009536743,2.859999895095825,2.9200000762939453,20919385
2016-11-30,2.9200000762939453,3.069999933242798,2.990000009536743,3.0399999618530273,21215135
2016-12-01,3.0399999618530273,3.0399999618530273,3.0399999618530273,3.0399999618530273,0
2016-12-04,3.049999952316284,3.0999999046325684,3.0199999809265137,3.049999952316284,7160372
2016-12-05,3.049999952316284,3.140000104904175,2.9800000190734863,3.069999933242798,21548853
2016-12-06,3.069999933242798,3.049999952316284,2.940000057220459,3.0,13575474
2016-12-07,3.0,3.0399999618530273,2.859999895095825,2.9600000381469727,16340138
2016-12-08,2.9600000381469727,2.950000047683716,2.890000104904175,2.930000066757202,8850049
2016-12-11,2.930000066757202,2.930000066757202,2.930000066757202,2.930000066757202,0
2016-12-12,2.930000066757202,2.930000066757202,2.930000066757202,2.930000066757202,0
2016-12-13,2.990000009536743,3.0799999237060547,2.9600000381469727,3.009999990463257,12485698
2016-12-14,3.009999990463257,3.0399999618530273,2.930000066757202,2.990000009536743,8030751
2016-12-15,2.990000009536743,2.990000009536743,2.990000009536743,2.990000009536743,0
2016-12-18,2.990000009536743,3.0,2.9000000953674316,2.950000047683716,7530266
2016-12-19,2.950000047683716,3.069999933242798,2.9200000762939453,3.009999990463257,17854468
2016-12-20,3.0899999141693115,3.1700000762939453,3.049999952316284,3.0999999046325684,21620420
2016-12-21,3.0999999046325684,3.1700000762939453,3.0899999141693115,3.130000114440918,26538214
2016-12-22,3.130000114440918,3.190000057220459,3.0299999713897705,3.130000114440918,22163232
2016-12-25,3.0799999237060547,3.0899999141693115,2.9700000286102295,3.0299999713897705,7630238
2016-12-26,3.0299999713897705,3.0199999809265137,2.940000057220459,2.9800000190734863,7928091
2016-12-27,2.9800000190734863,2.990000009536743,2.9100000858306885,2.950000047683716,11429803
2016-12-28,2.950000047683716,2.9800000190734863,2.9000000953674316,2.940000057220459,11475037
2016-12-29,2.940000057220459,2.950000047683716,2.8399999141693115,2.9000000953674316,6079602
2017-01-02,2.9000000953674316,2.930000066757202,2.8399999141693115,2.880000114440918,4931098
2017-01-03,2.880000114440918,2.9600000381469727,2.859999895095825,2.9100000858306885,12490522
2017-01-04,2.930000066757202,3.009999990463257,2.9200000762939453,2.9600000381469727,20564034
2017-01-05,2.9600000381469727,3.069999933242798,3.0,3.0399999618530273,26151275
2017-01-09,3.0,2.9700000286102295,2.890000104904175,2.9200000762939453,9389906
2017-01-10,2.9200000762939453,2.9700000286102295,2.890000104904175,2.930000066757202,9429620
2017-01-11,2.930000066757202,2.940000057220459,2.890000104904175,2.9100000858306885,6173237
2017-01-12,2.9100000858306885,3.059999942779541,2.9200000762939453,3.009999990463257,28386127
2017-01-15,3.009999990463257,3.0999999046325684,3.009999990463257,3.059999942779541,12458038
2017-01-16,3.059999942779541,3.0299999713897705,2.9600000381469727,2.990000009536743,4559399
2017-01-17,2.990000009536743,3.059999942779541,2.9800000190734863,3.0199999809265137,11980195
2017-01-18,3.0199999809265137,3.130000114440918,2.9200000762939453,3.059999942779541,33473203
2017-01-19,3.059999942779541,3.0,2.859999895095825,2.9100000858306885,6822779
2017-01-22,2.9100000858306885,2.9000000953674316,2.809999942779541,2.8399999141693115,4838123
2017-01-23,2.8399999141693115,2.9000000953674316,2.690000057220459,2.7899999618530273,9208586
2017-01-24,2.7899999618530273,2.7200000286102295,2.6500000953674316,2.680000066757202,19400690
2017-01-26,2.7100000381469727,2.759999990463257,2.680000066757202,2.7200000286102295,20779549
2017-01-29,2.7200000286102295,2.759999990463257,2.690000057220459,2.7300000190734863,5658244
2017-01-30,2.7300000190734863,2.7100000381469727,2.549999952316284,2.6500000953674316,5194137
2017-01-31,2.6500000953674316,2.5999999046325684,2.490000009536743,2.5399999618530273,4036461
2017-02-01,2.5399999618530273,2.569999933242798,2.4800000190734863,2.509999990463257,5841050
2017-02-02,2.509999990463257,2.5899999141693115,2.5,2.559999942779541,6015765
2017-02-05,2.559999942779541,2.5999999046325684,2.490000009536743,2.5299999713897705,4027794
2017-02-06,2.5299999713897705,2.5199999809265137,2.4600000381469727,2.5,4906612
2017-02-07,2.5,2.640000104904175,2.490000009536743,2.569999933242798,11021072
2017-02-08,2.569999933242798,2.630000114440918,2.5299999713897705,2.5799999237060547,6174870
2017-02-09,2.5799999237060547,2.5999999046325684,2.509999990463257,2.549999952316284,2532624
2017-02-12,2.549999952316284,2.690000057220459,2.5199999809265137,2.630000114440918,13287125
2017-02-13,2.630000114440918,2.6600000858306885,2.559999942779541,2.5999999046325684,3853275
2017-02-14,2.5999999046325684,2.619999885559082,2.549999952316284,2.5799999237060547,2655780
2017-02-15,2.5799999237060547,2.6500000953674316,2.5299999713897705,2.619999885559082,5157804
2017-02-16,2.619999885559082,2.7100000381469727,2.630000114440918,2.6700000762939453,6948004
2017-02-19,2.6700000762939453,2.7699999809265137,2.630000114440918,2.7100000381469727,6891552
2017-02-20,2.7100000381469727,2.8499999046325684,2.680000066757202,2.7799999713897705,6453959
2017-02-21,2.7799999713897705,2.9100000858306885,2.809999942779541,2.8499999046325684,7776734
2017-02-22,2.8499999046325684,2.8299999237060547,2.6700000762939453,2.75,4216428
2017-02-23,2.75,2.759999990463257,2.569999933242798,2.680000066757202,4903422
2017-02-26,2.680000066757202,2.7200000286102295,2.6500000953674316,2.680000066757202,1800426
2017-02-27,2.680000066757202,2.690000057220459,2.5799999237060547,2.630000114440918,1823759
2017-02-28,2.630000114440918,2.630000114440918,2.630000114440918,2.630000114440918,0
2017-03-01,2.609999895095825,2.7300000190734863,2.640000104904175,2.6700000762939453,3457810
2017-03-02,2.6700000762939453,2.759999990463257,2.690000057220459,2.7300000190734863,8332384
2017-03-05,2.7300000190734863,2.759999990463257,2.7200000286102295,2.75,7064406
2017-03-06,2.75,2.7799999713897705,2.7200000286102295,2.759999990463257,14456217
2017-03-07,2.759999990463257,2.819999933242798,2.680000066757202,2.759999990463257,16370682
2017-03-08,2.759999990463257,2.740000009536743,2.700000047683716,2.7200000286102295,3518787
2017-03-09,2.7200000286102295,2.75,2.680000066757202,2.7100000381469727,5001684
2017-03-12,2.7100000381469727,2.7200000286102295,2.619999885559082,2.6700000762939453,3279503
2017-03-13,2.6700000762939453,2.6700000762939453,2.5799999237060547,2.619999885559082,4128015
2017-03-14,2.619999885559082,2.630000114440918,2.509999990463257,2.549999952316284,6286664
2017-03-15,2.549999952316284,2.569999933242798,2.5199999809265137,2.549999952316284,3623493
2017-03-16,2.549999952316284,2.630000114440918,2.559999942779541,2.5999999046325684,10062054
2017-03-19,2.640000104904175,2.6500000953674316,2.609999895095825,2.619999885559082,5257621
2017-03-20,2.619999885559082,2.6600000858306885,2.5899999141693115,2.630000114440918,5935920
2017-03-21,2.630000114440918,2.609999895095825,2.569999933242798,2.5899999141693115,3770407
2017-03-22,2.5899999141693115,2.5899999141693115,2.549999952316284,2.569999933242798,4928405
2017-03-23,2.569999933242798,2.619999885559082,2.569999933242798,2.5999999046325684,3864886
2017-03-26,2.5999999046325684,2.680000066757202,2.619999885559082,2.6500000953674316,7943596
2017-03-27,2.6500000953674316,2.6600000858306885,2.559999942779541,2.5999999046325684,7594525
2017-03-29,2.5799999237060547,2.5899999141693115,2.5299999713897705,2.559999942779541,5447603
2017-03-30,2.559999942779541,2.5799999237060547,2.509999990463257,2.549999952316284,5425928
2017-04-02,2.549999952316284,2.549999952316284,2.5,2.5199999809265137,2897918
2017-04-03,2.5199999809265137,2.549999952316284,2.509999990463257,2.5299999713897705,5517360
2017-04-04,2.5399999618530273,2.5999999046325684,2.5399999618530273,2.569999933242798,11145997
2017-04-05,2.569999933242798,2.5999999046325684,2.509999990463257,2.559999942779541,11378802
2017-04-06,2.559999942779541,2.5399999618530273,2.4800000190734863,2.5,8393299
2017-04-09,2.5,2.509999990463257,2.4000000953674316,2.4700000286102295,4682788
2017-04-10,2.4700000286102295,2.490000009536743,2.4200000762939453,2.4600000381469727,2824659
2017-04-11,2.4600000381469727,2.5399999618530273,2.4700000286102295,2.509999990463257,7673880
2017-04-12,2.509999990463257,2.5199999809265137,2.430000066757202,2.4700000286102295,7146011
2017-04-13,2.4700000286102295,2.5299999713897705,2.450000047683716,2.490000009536743,12992505
2017-04-18,2.490000009536743,2.559999942779541,2.490000009536743,2.5299999713897705,16225342
2017-04-19,2.5299999713897705,2.5199999809265137,2.4800000190734863,2.5,4808842
2017-04-20,2.5,2.5299999713897705,2.440000057220459,2.490000009536743,5625840
2017-04-23,2.490000009536743,2.4700000286102295,2.380000114440918,2.4100000858306885,2631978
2017-04-24,2.4100000858306885,2.440000057220459,2.4000000953674316,2.4200000762939453,2951626
2017-04-26,2.4200000762939453,2.509999990463257,2.430000066757202,2.4800000190734863,6849722
2017-04-27,2.4800000190734863,2.490000009536743,2.4000000953674316,2.440000057220459,6395601
2017-04-30,2.440000057220459,2.440000057220459,2.440000057220459,2.440000057220459,0
2017-05-02,2.440000057220459,2.5399999618530273,2.4800000190734863,2.5199999809265137,7663844
2017-05-03,2.5199999809265137,2.5999999046325684,2.5199999809265137,2.569999933242798,10176865
2017-05-04,2.569999933242798,2.680000066757202,2.5899999141693115,2.640000104904175,21735405
2017-05-07,2.640000104904175,2.680000066757202,2.5999999046325684,2.630000114440918,6124451
2017-05-08,2.630000114440918,2.6600000858306885,2.5999999046325684,2.640000104904175,6587845
2017-05-09,2.640000104904175,2.6600000858306885,2.609999895095825,2.640000104904175,6570959
2017-05-10,2.640000104904175,2.6700000762939453,2.5799999237060547,2.619999885559082,6054808
2017-05-11,2.619999885559082,2.5999999046325684,2.549999952316284,2.569999933242798,2418888
2017-05-14,2.569999933242798,2.569999933242798,2.5199999809265137,2.5399999618530273,1043020
2017-05-15,2.5399999618530273,2.549999952316284,2.5299999713897705,2.5299999713897705,843137
2017-05-16,2.5299999713897705,2.559999942779541,2.5,2.5299999713897705,5742826
2017-05-17,2.5299999713897705,2.5999999046325684,2.5199999809265137,2.569999933242798,7635991
2017-05-18,2.569999933242798,2.5899999141693115,2.5399999618530273,2.559999942779541,3824592
2017-05-21,2.559999942779541,2.5799999237060547,2.549999952316284,2.569999933242798,1194544
2017-05-22,2.490000009536743,2.5299999713897705,2.390000104904175,2.4600000381469727,11889268
2017-05-23,2.4600000381469727,2.5399999618530273,2.5,2.5199999809265137,2052745
2017-05-24,2.5199999809265137,2.559999942779541,2.509999990463257,2.5399999618530273,2800214
2017-05-25,2.5399999618530273,2.559999942779541,2.5199999809265137,2.5399999618530273,1213037
2017-05-28,2.5399999618530273,2.7899999618530273,2.549999952316284,2.700000047683716,13596799
2017-05-29,2.700000047683716,2.7799999713897705,2.690000057220459,2.7300000190734863,6082825
2017-05-30,2.7300000190734863,2.8299999237060547,2.7200000286102295,2.7799999713897705,16730170
2017-05-31,2.7799999713897705,2.809999942779541,2.7200000286102295,2.7799999713897705,6512149
2017-06-01,2.7799999713897705,2.799999952316284,2.7100000381469727,2.75,5730246
2017-06-04,2.75,2.759999990463257,2.700000047683716,2.7300000190734863,3452014
2017-06-05,2.7300000190734863,2.75,2.690000057220459,2.7100000381469727,2243790
2017-06-06,2.7100000381469727,2.75,2.700000047683716,2.7200000286102295,1934358
2017-06-07,2.7200000286102295,2.7799999713897705,2.7100000381469727,2.75,5175273
2017-06-08,2.7899999618530273,2.9100000858306885,2.7899999618530273,2.8399999141693115,15732852
2017-06-11,2.8399999141693115,2.890000104904175,2.799999952316284,2.8299999237060547,2692590
2017-06-12,2.8299999237060547,2.8499999046325684,2.7100000381469727,2.7699999809265137,6208750
2017-06-13,2.75,2.9600000381469727,2.75,2.890000104904175,19827390
2017-06-14,2.890000104904175,2.940000057220459,2.859999895095825,2.9000000953674316,3488027
2017-06-15,2.9000000953674316,2.930000066757202,2.799999952316284,2.8399999141693115,7136821
2017-06-18,2.8399999141693115,2.8399999141693115,2.799999952316284,2.809999942779541,2117849
2017-06-19,2.809999942779541,2.809999942779541,2.809999942779541,2.809999942779541,0
2017-06-20,2.7899999618530273,2.7899999618530273,2.700000047683716,2.7200000286102295,8110706
2017-06-21,2.7200000286102295,2.7300000190734863,2.680000066757202,2.700000047683716,2264243
2017-06-22,2.700000047683716,2.740000009536743,2.6600000858306885,2.690000057220459,2247590
2017-06-28,2.690000057220459,2.740000009536743,2.700000047683716,2.7200000286102295,2154569
2017-06-29,2.7200000286102295,2.7200000286102295,2.7200000286102295,2.7200000286102295,0
2017-07-02,2.7200000286102295,2.809999942779541,2.7100000381469727,2.7699999809265137,5229551
2017-07-03,2.7699999809265137,2.799999952316284,2.7300000190734863,2.75,1638033
2017-07-04,2.75,2.759999990463257,2.7100000381469727,2.7300000190734863,1579246
2017-07-05,2.7300000190734863,2.7799999713897705,2.7200000286102295,2.75,1593468
2017-07-06,2.75,2.819999933242798,2.759999990463257,2.7899999618530273,2815152
2017-07-09,2.7899999618530273,2.7699999809265137,2.7300000190734863,2.75,877247
2017-07-10,2.75,2.7899999618530273,2.75,2.759999990463257,2011184
2017-07-11,2.759999990463257,2.809999942779541,2.740000009536743,2.7899999618530273,4147104
2017-07-12,2.7899999618530273,2.7899999618530273,2.740000009536743,2.75,2158273
2017-07-13,2.75,2.809999942779541,2.740000009536743,2.7799999713897705,4697682
2017-07-16,2.7799999713897705,2.7799999713897705,2.740000009536743,2.75,1545340
2017-07-17,2.75,2.7899999618530273,2.740000009536743,2.759999990463257,443708
2017-07-18,2.759999990463257,2.799999952316284,2.7100000381469727,2.759999990463257,3277055
2017-07-19,2.759999990463257,2.75,2.700000047683716,2.7200000286102295,1834643
2017-07-20,2.7200000286102295,2.740000009536743,2.700000047683716,2.7100000381469727,1517959
2017-07-24,2.7100000381469727,2.7200000286102295,2.690000057220459,2.700000047683716,606728
2017-07-25,2.700000047683716,2.7300000190734863,2.680000066757202,2.700000047683716,895841
2017-07-26,2.700000047683716,2.75,2.690000057220459,2.7300000190734863,1318832
2017-07-27,2.7300000190734863,2.759999990463257,2.680000066757202,2.7100000381469727,781025
2017-07-30,2.7100000381469727,2.700000047683716,2.619999885559082,2.6600000858306885,420145
2017-07-31,2.6600000858306885,2.680000066757202,2.509999990463257,2.569999933242798,6154015
2017-08-01,2.569999933242798,2.5799999237060547,2.4700000286102295,2.5399999618530273,10738282
2017-08-02,2.5399999618530273,2.569999933242798,2.490000009536743,2.5399999618530273,6452161
2017-08-03,2.5399999618530273,2.5799999237060547,2.5299999713897705,2.559999942779541,2568448
2017-08-06,2.559999942779541,2.5899999141693115,2.549999952316284,2.569999933242798,2314973
2017-08-07,2.569999933242798,2.5899999141693115,2.5299999713897705,2.549999952316284,1789102
2017-08-08,2.549999952316284,2.569999933242798,2.5299999713897705,2.559999942779541,1267432
2017-08-09,2.559999942779541,2.7100000381469727,2.569999933242798,2.6700000762939453,9346476
2017-08-10,2.6700000762939453,2.680000066757202,2.609999895095825,2.640000104904175,1179536
2017-08-13,2.640000104904175,2.619999885559082,2.5799999237060547,2.5999999046325684,728629
2017-08-14,2.5999999046325684,2.619999885559082,2.569999933242798,2.5899999141693115,528112
2017-08-15,2.5899999141693115,2.5899999141693115,2.5899999141693115,2.5899999141693115,0
2017-08-16,2.5399999618530273,2.569999933242798,2.5199999809265137,2.5399999618530273,811134
2017-08-17,2.5399999618530273,2.559999942779541,2.5,2.5199999809265137,1497050
2017-08-20,2.5199999809265137,2.549999952316284,2.490000009536743,2.509999990463257,817871
2017-08-21,2.509999990463257,2.690000057220459,2.490000009536743,2.609999895095825,5146771
2017-08-22,2.609999895095825,2.6600000858306885,2.5999999046325684,2.630000114440918,2639523
2017-08-23,2.630000114440918,2.609999895095825,2.5799999237060547,2.5899999141693115,928426
2017-08-24,2.5899999141693115,2.6500000953674316,2.559999942779541,2.619999885559082,983085
2017-08-27,2.619999885559082,2.7100000381469727,2.5999999046325684,2.6700000762939453,2564275
2017-08-28,2.6700000762939453,2.799999952316284,2.6600000858306885,2.759999990463257,10360423
2017-08-29,2.759999990463257,2.9200000762939453,2.75,2.8399999141693115,8871735
2017-08-30,2.8399999141693115,2.9100000858306885,2.8499999046325684,2.890000104904175,10477925
2017-09-03,2.890000104904175,2.890000104904175,2.890000104904175,2.890000104904175,0
2017-09-04,2.890000104904175,2.890000104904175,2.890000104904175,2.890000104904175,0
2017-09-05,2.890000104904175,2.930000066757202,2.8499999046325684,2.890000104904175,4166250
2017-09-06,2.890000104904175,2.869999885559082,2.799999952316284,2.8399999141693115,1784518
2017-09-07,2.8399999141693115,2.9000000953674316,2.809999942779541,2.869999885559082,1408353
2017-09-10,2.869999885559082,2.9000000953674316,2.8399999141693115,2.880000114440918,3403869
2017-09-11,2.880000114440918,2.9800000190734863,2.859999895095825,2.9100000858306885,8800262
2017-09-12,3.009999990463257,3.049999952316284,2.950000047683716,3.0,15535319
2017-09-13,3.0,3.0,2.950000047683716,2.9800000190734863,5619351
2017-09-14,2.9800000190734863,3.0899999141693115,2.990000009536743,3.059999942779541,20069266
2017-09-17,3.059999942779541,3.119999885559082,3.0399999618530273,3.0899999141693115,4508614
2017-09-18,3.0899999141693115,3.109999895095825,3.049999952316284,3.0899999141693115,6127263
2017-09-19,3.0899999141693115,3.0899999141693115,3.0899999141693115,3.0899999141693115,0
2017-09-20,3.140000104904175,3.140000104904175,3.069999933242798,3.0999999046325684,4946872
2017-09-24,3.0999999046325684,3.1500000953674316,3.0299999713897705,3.069999933242798,2010735
2017-09-25,3.069999933242798,3.140000104904175,3.049999952316284,3.0799999237060547,5153107
2017-09-26,3.0799999237060547,3.180000066757202,3.0799999237060547,3.130000114440918,10699367
2017-09-27,3.130000114440918,3.240000009536743,3.119999885559082,3.190000057220459,12308328
2017-09-28,3.190000057220459,3.5,3.2100000381469727,3.2899999618530273,30255305
2017-10-01,3.2899999618530273,3.5,3.4000000953674316,3.450000047683716,6992274
2017-10-02,3.450000047683716,3.5,3.25,3.3399999141693115,9558942
2017-10-03,3.3399999141693115,3.380000114440918,3.25,3.299999952316284,6673783
2017-10-04,3.299999952316284,3.4000000953674316,3.2899999618530273,3.3299999237060547,5517664
2017-10-08,3.3299999237060547,3.4700000286102295,3.3499999046325684,3.4100000858306885,3089778
2017-10-09,3.4100000858306885,3.5,3.359999895095825,3.4200000762939453,5992435
2017-10-10,3.4200000762939453,3.4600000381469727,3.3299999237060547,3.4000000953674316,2364190
2017-10-11,3.4000000953674316,3.440000057220459,3.380000114440918,3.4000000953674316,2409628
2017-10-12,3.4000000953674316,3.4100000858306885,3.3499999046325684,3.369999885559082,2050899
2017-10-15,3.369999885559082,3.4000000953674316,3.3399999141693115,3.369999885559082,2951296
2017-10-16,3.369999885559082,3.4000000953674316,3.259999990463257,3.319999933242798,3706607
2017-10-17,3.319999933242798,3.4200000762939453,3.2699999809265137,3.3399999141693115,1694186
2017-10-18,3.3399999141693115,3.6500000953674316,3.4000000953674316,3.5399999618530273,13765635
2017-10-19,3.5399999618530273,3.630000114440918,3.509999990463257,3.559999942779541,2653774
2017-10-22,3.559999942779541,3.5999999046325684,3.450000047683716,3.559999942779541,1523473
2017-10-23,3.559999942779541,3.9100000858306885,3.5899999141693115,3.799999952316284,12885803
2017-10-24,3.799999952316284,3.9700000286102295,3.700000047683716,3.7799999713897705,9269216
2017-10-25,3.7799999713897705,3.859999895095825,3.700000047683716,3.819999933242798,10211001
2017-10-26,3.819999933242798,3.9000000953674316,3.759999990463257,3.8299999237060547,6420581
2017-10-29,3.8299999237060547,3.950000047683716,3.7699999809265137,3.9000000953674316,6478549
2017-10-30,3.9000000953674316,3.9600000381469727,3.880000114440918,3.9200000762939453,3380344
2017-10-31,3.9200000762939453,4.019999980926514,3.8299999237060547,3.950000047683716,12753938
2017-11-01,3.950000047683716,3.930000066757202,3.7899999618530273,3.819999933242798,10009840
2017-11-02,3.819999933242798,3.859999895095825,3.75,3.799999952316284,5902645
2017-11-05,3.799999952316284,3.7899999618530273,3.6600000858306885,3.7300000190734863,1419034
2017-11-06,3.700000047683716,3.7799999713897705,3.5,3.630000114440918,4833515
2017-11-07,3.630000114440918,3.740000009536743,3.5199999809265137,3.6500000953674316,7279667
2017-11-08,3.6500000953674316,3.7799999713897705,3.6500000953674316,3.700000047683716,10396402
2017-11-09,3.700000047683716,3.75,3.6600000858306885,3.700000047683716,2440414
2017-11-12,3.700000047683716,3.7699999809265137,3.640000104904175,3.700000047683716,1913853
2017-11-13,3.700000047683716,3.680000066757202,3.549999952316284,3.609999895095825,3702180
2017-11-14,3.609999895095825,3.609999895095825,3.609999895095825,3.609999895095825,0
2017-11-15,3.5799999237060547,3.6500000953674316,3.450000047683716,3.549999952316284,3963253
2017-11-16,3.549999952316284,3.569999933242798,3.450000047683716,3.509999990463257,3029226
2017-11-19,3.509999990463257,3.5999999046325684,3.3499999046325684,3.4700000286102295,2868626
2017-11-20,3.4700000286102295,3.4600000381469727,3.369999885559082,3.4200000762939453,1755665
2017-11-21,3.4200000762939453,3.4700000286102295,3.4000000953674316,3.430000066757202,2104406
2017-11-22,3.430000066757202,3.6500000953674316,3.4700000286102295,3.5899999141693115,5420720
2017-11-23,3.5899999141693115,3.7200000286102295,3.5999999046325684,3.6700000762939453,3820321
2017-11-26,3.6700000762939453,3.7300000190734863,3.5899999141693115,3.680000066757202,2165433
2017-11-27,3.680000066757202,3.680000066757202,3.680000066757202,3.680000066757202,0
2017-11-28,3.6700000762939453,3.759999990463257,3.6700000762939453,3.7300000190734863,4166357
2017-11-29,3.7300000190734863,3.7799999713897705,3.6700000762939453,3.75,6099145
2017-11-30,3.75,3.75,3.75,3.75,0
2017-12-03,3.75,3.9000000953674316,3.75,3.859999895095825,6983926
2017-12-04,3.859999895095825,3.8299999237060547,3.6600000858306885,3.7100000381469727,5775527
2017-12-05,3.7100000381469727,3.75,3.6700000762939453,3.690000057220459,1619936
2017-12-06,3.690000057220459,3.700000047683716,3.5999999046325684,3.6500000953674316,1216986
2017-12-07,3.6500000953674316,3.6700000762939453,3.509999990463257,3.559999942779541,720044
2017-12-10,3.559999942779541,3.7899999618530273,3.640000104904175,3.7300000190734863,1454211
2017-12-11,3.7300000190734863,3.7300000190734863,3.7300000190734863,3.7300000190734863,0
2017-12-12,3.7100000381469727,3.799999952316284,3.6500000953674316,3.75,9549686
2017-12-13,3.75,3.740000009536743,3.680000066757202,3.690000057220459,3721566
2017-12-14,3.690000057220459,3.75,3.640000104904175,3.690000057220459,5360951
2017-12-17,3.690000057220459,3.7200000286102295,3.6500000953674316,3.690000057220459,1115048
2017-12-18,3.690000057220459,3.7300000190734863,3.5999999046325684,3.6700000762939453,1265530
2017-12-19,3.6700000762939453,3.6600000858306885,3.549999952316284,3.5899999141693115,2710700
2017-12-20,3.5899999141693115,3.569999933242798,3.440000057220459,3.5,5009102
2017-12-21,3.5,3.5299999713897705,3.450000047683716,3.5,1314073
2017-12-24,3.5,3.5399999618530273,3.4600000381469727,3.5,940490
2017-12-25,3.5,3.5899999141693115,3.5,3.5399999618530273,4099957
2017-12-26,3.5399999618530273,3.5399999618530273,3.5399999618530273,3.5399999618530273,0
2017-12-27,3.549999952316284,3.559999942779541,3.5299999713897705,3.549999952316284,960800
2017-12-28,3.549999952316284,3.640000104904175,3.5399999618530273,3.5899999141693115,2281333
2017-12-31,3.5899999141693115,3.5799999237060547,3.5399999618530273,3.549999952316284,163667
2018-01-01,3.549999952316284,3.549999952316284,3.549999952316284,3.549999952316284,0
2018-01-02,3.549999952316284,3.549999952316284,3.549999952316284,3.549999952316284,0
2018-01-03,3.569999933242798,3.5999999046325684,3.5199999809265137,3.5399999618530273,1535110
2018-01-04,3.5399999618530273,3.5999999046325684,3.4100000858306885,3.5199999809265137,9721436
2018-01-07,3.5199999809265137,3.5199999809265137,3.5199999809265137,3.5199999809265137,0
2018-01-08,3.5199999809265137,3.7100000381469727,3.440000057220459,3.5799999237060547,10763672
2018-01-09,3.5799999237060547,3.7699999809265137,3.5999999046325684,3.7100000381469727,11509354
2018-01-10,3.7100000381469727,3.799999952316284,3.6700000762939453,3.740000009536743,9061578
2018-01-11,3.740000009536743,3.890000104904175,3.700000047683716,3.819999933242798,20090146
2018-01-14,3.819999933242798,3.930000066757202,3.8499999046325684,3.890000104904175,19836675
2018-01-15,3.890000104904175,3.9200000762939453,3.75,3.819999933242798,3675381
2018-01-16,3.819999933242798,3.9100000858306885,3.799999952316284,3.859999895095825,5603669
2018-01-17,3.859999895095825,3.930000066757202,3.8499999046325684,3.890000104904175,2301109
2018-01-18,3.890000104904175,3.9600000381469727,3.859999895095825,3.9200000762939453,5250780
2018-01-21,3.9200000762939453,3.9200000762939453,3.9200000762939453,3.9200000762939453,0
2018-01-22,3.8299999237060547,3.8499999046325684,3.759999990463257,3.799999952316284,1004650
2018-01-23,3.799999952316284,3.8499999046325684,3.7899999618530273,3.819999933242798,1163418
2018-01-24,3.819999933242798,3.859999895095825,3.75,3.7899999618530273,616583
2018-01-25,3.7899999618530273,3.7899999618530273,3.7899999618530273,3.7899999618530273,0
2018-01-28,3.7899999618530273,3.8499999046325684,3.7799999713897705,3.819999933242798,618820
2018-01-29,3.819999933242798,3.9800000190734863,3.799999952316284,3.930000066757202,9679726
2018-01-30,3.930000066757202,4.039999961853027,3.9000000953674316,3.9800000190734863,14142070
2018-01-31,3.9800000190734863,3.9600000381469727,3.690000057220459,3.809999942779541,7396218
2018-02-01,3.809999942779541,3.7899999618530273,3.7100000381469727,3.740000009536743,1378176
2018-02-04,3.740000009536743,3.7200000286102295,3.630000114440918,3.6700000762939453,1497076
2018-02-05,3.6700000762939453,3.7100000381469727,3.619999885559082,3.6700000762939453,1390503
2018-02-06,3.6700000762939453,3.7899999618530273,3.5199999809265137,3.6600000858306885,3725383
2018-02-07,3.6600000858306885,3.869999885559082,3.700000047683716,3.819999933242798,4583215
2018-02-08,3.819999933242798,3.819999933242798,3.819999933242798,3.819999933242798,0
2018-02-11,3.740000009536743,3.759999990463257,3.700000047683716,3.740000009536743,1147193
2018-02-12,3.740000009536743,3.859999895095825,3.690000057220459,3.809999942779541,6495252
2018-02-13,3.809999942779541,3.799999952316284,3.630000114440918,3.7300000190734863,3702148
2018-02-14,3.7300000190734863,3.859999895095825,3.700000047683716,3.7799999713897705,3348241
2018-02-15,3.7799999713897705,4.0,3.799999952316284,3.940000057220459,9046862
2018-02-18,4.050000190734863,4.130000114440918,3.990000009536743,4.050000190734863,12190658
2018-02-19,4.050000190734863,4.199999809265137,4.059999942779541,4.150000095367432,16192716
2018-02-20,4.150000095367432,4.150000095367432,4.150000095367432,4.150000095367432,0
2018-02-21,4.139999866485596,4.25,4.090000152587891,4.199999809265137,7578919
2018-02-22,4.199999809265137,4.190000057220459,4.099999904632568,4.170000076293945,6076222
2018-02-25,4.170000076293945,4.170000076293945,4.070000171661377,4.110000133514404,274459
2018-02-26,4.110000133514404,4.289999961853027,4.179999828338623,4.239999771118164,6322407
2018-02-27,4.239999771118164,4.340000152587891,4.21999979019165,4.289999961853027,6908442
2018-02-28,4.289999961853027,4.309999942779541,4.150000095367432,4.199999809265137,1518526
2018-03-01,4.199999809265137,4.210000038146973,4.119999885559082,4.190000057220459,1672160
2018-03-04,4.190000057220459,4.369999885559082,4.139999866485596,4.300000190734863,5423468
2018-03-05,4.300000190734863,4.389999866485596,4.25,4.349999904632568,4950944
2018-03-06,4.349999904632568,4.78000020980835,4.400000095367432,4.590000152587891,10311782
2018-03-07,4.590000152587891,4.590000152587891,4.590000152587891,4.590000152587891,0
2018-03-08,4.659999847412109,4.550000190734863,4.409999847412109,4.489999771118164,1726539
2018-03-11,4.489999771118164,4.739999771118164,4.489999771118164,4.679999828338623,6187799
2018-03-12,4.679999828338623,4.869999885559082,4.690000057220459,4.789999961853027,7189675
2018-03-13,4.789999961853027,4.789999961853027,4.789999961853027,4.789999961853027,0
2018-03-14,4.630000114440918,4.599999904632568,4.400000095367432,4.550000190734863,2938918
2018-03-15,4.550000190734863,4.599999904632568,4.429999828338623,4.519999980926514,1036743
2018-03-18,4.519999980926514,4.650000095367432,4.5,4.579999923706055,1486811
2018-03-19,4.579999923706055,4.690000057220459,4.480000019073486,4.590000152587891,4192936
2018-03-20,4.590000152587891,4.539999961853027,4.300000190734863,4.420000076293945,5678170
2018-03-21,4.420000076293945,4.599999904632568,4.380000114440918,4.480000019073486,2668430
2018-03-22,4.480000019073486,4.480000019073486,4.329999923706055,4.389999866485596,747910
2018-03-25,4.389999866485596,4.550000190734863,4.25,4.489999771118164,1405344
2018-03-26,4.489999771118164,4.579999923706055,4.400000095367432,4.5,317468
2018-03-27,4.5,4.670000076293945,4.400000095367432,4.539999961853027,6288530
2018-03-28,4.559999942779541,4.900000095367432,4.599999904632568,4.769999980926514,8455771
2018-03-29,4.769999980926514,4.949999809265137,4.739999771118164,4.869999885559082,4011824
2018-04-01,4.869999885559082,5.0,4.809999942779541,4.889999866485596,6154087
2018-04-02,4.889999866485596,4.889999866485596,4.75,4.800000190734863,2301889
2018-04-03,4.800000190734863,4.800000190734863,4.449999809265137,4.599999904632568,6464002
2018-04-04,4.599999904632568,4.699999809265137,4.46999979019165,4.610000133514404,9638291
2018-04-05,4.610000133514404,4.769999980926514,4.519999980926514,4.679999828338623,3454955
2018-04-08,4.679999828338623,4.679999828338623,4.679999828338623,4.679999828338623,0
2018-04-09,4.679999828338623,4.679999828338623,4.679999828338623,4.679999828338623,0
2018-04-10,4.679999828338623,4.920000076293945,4.730000019073486,4.840000152587891,6638062
2018-04-11,4.900000095367432,5.130000114440918,4.650000095367432,4.980000019073486,33033289
2018-04-12,4.980000019073486,4.880000114440918,4.559999942779541,4.71999979019165,6919061
2018-04-15,4.71999979019165,4.75,4.630000114440918,4.710000038146973,2310170
2018-04-16,4.710000038146973,4.800000190734863,4.639999866485596,4.710000038146973,6210234
2018-04-17,4.710000038146973,4.789999961853027,4.659999847412109,4.71999979019165,2976243
2018-04-18,4.71999979019165,4.710000038146973,4.5,4.610000133514404,3908775
2018-04-19,4.610000133514404,4.679999828338623,4.539999961853027,4.619999885559082,901290
2018-04-22,4.619999885559082,4.730000019073486,4.559999942779541,4.610000133514404,775248
2018-04-23,4.610000133514404,4.800000190734863,4.570000171661377,4.699999809265137,4121109
2018-04-24,4.699999809265137,4.769999980926514,4.599999904632568,4.679999828338623,1926083
2018-04-25,4.679999828338623,4.679999828338623,4.679999828338623,4.679999828338623,0
2018-04-26,4.679999828338623,4.739999771118164,4.650000095367432,4.659999847412109,7857061
2018-04-29,4.659999847412109,4.699999809265137,4.579999923706055,4.619999885559082,853322
2018-04-30,4.619999885559082,4.630000114440918,4.53000020980835,4.570000171661377,987274
2018-05-01,4.570000171661377,4.570000171661377,4.570000171661377,4.570000171661377,0
2018-05-02,4.570000171661377,4.579999923706055,4.480000019073486,4.519999980926514,314249
2018-05-03,4.489999771118164,4.5,4.28000020980835,4.340000152587891,1658577
2018-05-06,4.340000152587891,4.380000114440918,4.03000020980835,4.190000057220459,2056406
2018-05-07,4.190000057220459,4.349999904632568,4.099999904632568,4.239999771118164,4443991
2018-05-08,4.239999771118164,4.329999923706055,4.039999961853027,4.170000076293945,7798283
2018-05-09,4.170000076293945,4.21999979019165,3.880000114440918,3.9800000190734863,3850702
2018-05-10,3.9800000190734863,4.059999942779541,3.9000000953674316,4.010000228881836,3588253
2018-05-13,4.010000228881836,4.110000133514404,3.9000000953674316,3.9800000190734863,1284853
2018-05-14,3.9800000190734863,4.059999942779541,3.8399999141693115,3.9600000381469727,2186137
2018-05-15,3.9600000381469727,4.199999809265137,4.050000190734863,4.139999866485596,1792304
2018-05-16,4.139999866485596,4.21999979019165,4.050000190734863,4.179999828338623,1757811
2018-05-17,4.179999828338623,4.159999847412109,4.099999904632568,4.110000133514404,67789
2018-05-20,4.110000133514404,4.110000133514404,3.9000000953674316,3.990000009536743,1396770
2018-05-21,3.990000009536743,4.119999885559082,3.930000066757202,4.010000228881836,1211452
2018-05-22,4.010000228881836,4.099999904632568,3.9100000858306885,4.010000228881836,2702416
2018-05-23,4.010000228881836,4.019999980926514,3.930000066757202,3.9800000190734863,497840
2018-05-24,3.9800000190734863,4.170000076293945,4.0,4.079999923706055,1753190
2018-05-27,4.079999923706055,4.329999923706055,4.099999904632568,4.260000228881836,5671702
2018-05-28,4.260000228881836,4.380000114440918,4.269999980926514,4.340000152587891,2620530
2018-05-29,4.340000152587891,4.440000057220459,4.25,4.349999904632568,2240830
2018-05-30,4.349999904632568,4.289999961853027,4.210000038146973,4.239999771118164,1204426
2018-05-31,4.239999771118164,4.300000190734863,3.9700000286102295,4.090000152587891,7822768
2018-06-03,4.090000152587891,4.239999771118164,4.119999885559082,4.190000057220459,698357
2018-06-04,4.090000152587891,4.239999771118164,4.119999885559082,4.190000057220459,698357
2018-06-05,4.03000020980835,4.070000171661377,3.869999885559082,4.0,1359558
2018-06-06,4.0,4.070000171661377,3.9100000858306885,3.950000047683716,1589188
2018-06-07,3.950000047683716,4.059999942779541,3.890000104904175,3.9600000381469727,2450212
2018-06-10,3.9600000381469727,4.199999809265137,3.9700000286102295,4.119999885559082,1828625
2018-06-11,4.119999885559082,4.119999885559082,4.119999885559082,4.119999885559082,0
2018-06-12,4.079999923706055,4.099999904632568,4.050000190734863,4.070000171661377,398692
2018-06-13,4.070000171661377,4.300000190734863,4.090000152587891,4.210000038146973,1414347
2018-06-14,4.210000038146973,4.269999980926514,4.139999866485596,4.179999828338623,920608
2018-06-17,4.179999828338623,4.179999828338623,4.179999828338623,4.179999828338623,0
2018-06-18,4.179999828338623,4.179999828338623,4.179999828338623,4.179999828338623,0
2018-06-19,4.179999828338623,4.199999809265137,4.079999923706055,4.130000114440918,477337
2018-06-20,4.130000114440918,4.449999809265137,4.159999847412109,4.340000152587891,3373161
2018-06-21,4.340000152587891,4.489999771118164,4.300000190734863,4.389999866485596,2763570
2018-06-24,4.389999866485596,4.480000019073486,4.340000152587891,4.420000076293945,2594031
2018-06-25,4.420000076293945,4.5,4.300000190734863,4.409999847412109,6408007
2018-06-26,4.409999847412109,4.420000076293945,4.130000114440918,4.230000019073486,3899870
2018-06-27,4.230000019073486,4.329999923706055,4.150000095367432,4.230000019073486,3021204
2018-06-28,4.230000019073486,4.460000038146973,4.289999961853027,4.369999885559082,3022311
2018-07-01,4.369999885559082,4.369999885559082,4.369999885559082,4.369999885559082,0
2018-07-02,4.369999885559082,4.389999866485596,4.309999942779541,4.340000152587891,1835990
2018-07-03,4.340000152587891,4.400000095367432,4.300000190734863,4.360000133514404,1196742
2018-07-04,4.360000133514404,4.349999904632568,4.230000019073486,4.28000020980835,1317534
2018-07-05,4.28000020980835,4.28000020980835,4.179999828338623,4.239999771118164,1195632
2018-07-08,4.239999771118164,4.25,3.990000009536743,4.090000152587891,2609081
2018-07-09,4.090000152587891,4.300000190734863,3.9600000381469727,4.210000038146973,3680512
2018-07-10,4.210000038146973,4.269999980926514,4.139999866485596,4.21999979019165,1335912
2018-07-11,4.21999979019165,4.210000038146973,4.150000095367432,4.199999809265137,863376
2018-07-12,4.199999809265137,4.230000019073486,4.139999866485596,4.159999847412109,1286754
2018-07-15,4.159999847412109,4.179999828338623,4.070000171661377,4.130000114440918,526450
2018-07-16,4.130000114440918,4.170000076293945,4.059999942779541,4.119999885559082,959209
2018-07-17,4.119999885559082,4.329999923706055,4.150000095367432,4.230000019073486,6186615
2018-07-18,4.230000019073486,4.5,4.320000171661377,4.409999847412109,10391712
2018-07-19,4.409999847412109,4.510000228881836,4.400000095367432,4.429999828338623,2901836
2018-07-22,4.429999828338623,4.610000133514404,4.329999923706055,4.519999980926514,2932441
2018-07-23,4.519999980926514,4.519999980926514,4.519999980926514,4.519999980926514,0
2018-07-24,4.519999980926514,4.739999771118164,4.5,4.610000133514404,4399102
2018-07-25,4.610000133514404,4.619999885559082,4.360000133514404,4.429999828338623,1340322
2018-07-26,4.429999828338623,4.5,4.400000095367432,4.449999809265137,2235620
2018-07-29,4.449999809265137,4.519999980926514,4.28000020980835,4.389999866485596,2451361
2018-07-30,4.389999866485596,4.329999923706055,4.269999980926514,4.300000190734863,1113256
2018-07-31,4.300000190734863,4.46999979019165,4.260000228881836,4.400000095367432,1910902
2018-08-01,4.400000095367432,4.599999904632568,4.429999828338623,4.53000020980835,4856967
2018-08-02,4.53000020980835,4.659999847412109,4.550000190734863,4.599999904632568,1361550
2018-08-05,4.599999904632568,4.599999904632568,4.460000038146973,4.519999980926514,596373
2018-08-06,4.519999980926514,4.550000190734863,4.449999809265137,4.5,646562
2018-08-07,4.5,4.659999847412109,4.510000228881836,4.599999904632568,1009025
2018-08-08,4.599999904632568,4.730000019073486,4.650000095367432,4.699999809265137,2405482
2018-08-09,4.699999809265137,4.760000228881836,4.630000114440918,4.699999809265137,1133189
2018-08-12,4.699999809265137,4.739999771118164,4.599999904632568,4.659999847412109,919348
2018-08-13,4.659999847412109,4.739999771118164,4.300000190734863,4.53000020980835,2914581
2018-08-14,4.53000020980835,4.550000190734863,4.349999904632568,4.400000095367432,2038099
2018-08-15,4.400000095367432,4.460000038146973,4.349999904632568,4.389999866485596,1298002
2018-08-16,4.389999866485596,4.409999847412109,4.309999942779541,4.380000114440918,543519
2018-08-19,4.380000114440918,4.380000114440918,4.329999923706055,4.360000133514404,163399
2018-08-20,4.360000133514404,4.360000133514404,4.360000133514404,4.360000133514404,0
2018-08-21,4.360000133514404,4.360000133514404,4.360000133514404,4.360000133514404,0
2018-08-22,4.360000133514404,4.360000133514404,4.360000133514404,4.360000133514404,0
2018-08-23,4.360000133514404,4.360000133514404,4.360000133514404,4.360000133514404,0
2018-08-26,4.389999866485596,4.389999866485596,4.389999866485596,4.389999866485596,0
2018-08-27,4.389999866485596,4.389999866485596,4.389999866485596,4.389999866485596,0
2018-08-28,4.389999866485596,4.389999866485596,4.389999866485596,4.389999866485596,0
2018-08-29,4.389999866485596,4.389999866485596,4.389999866485596,4.389999866485596,0
2018-08-30,4.389999866485596,4.389999866485596,4.389999866485596,4.389999866485596,0
2018-09-02,4.449999809265137,4.630000114440918,4.480000019073486,4.590000152587891,4297786
2018-09-03,4.590000152587891,4.619999885559082,4.46999979019165,4.53000020980835,2338746
2018-09-04,4.53000020980835,4.599999904632568,4.480000019073486,4.559999942779541,2906099
2018-09-05,4.559999942779541,4.5,4.389999866485596,4.420000076293945,2667416
2018-09-06,4.420000076293945,4.429999828338623,4.340000152587891,4.389999866485596,2187543
2018-09-09,4.389999866485596,4.400000095367432,4.269999980926514,4.329999923706055,1479888
2018-09-10,4.329999923706055,4.300000190734863,4.170000076293945,4.21999979019165,1687579
2018-09-11,4.21999979019165,4.21999979019165,4.21999979019165,4.21999979019165,0
2018-09-12,4.21999979019165,4.199999809265137,4.050000190734863,4.150000095367432,1515904
2018-09-13,4.150000095367432,4.25,4.099999904632568,4.179999828338623,982715
2018-09-16,4.179999828338623,4.130000114440918,3.950000047683716,4.010000228881836,678057
2018-09-17,4.010000228881836,4.050000190734863,3.930000066757202,4.0,335966
2018-09-18,4.0,4.099999904632568,3.630000114440918,3.869999885559082,1158160
2018-09-19,3.869999885559082,3.7799999713897705,3.490000009536743,3.5199999809265137,2360589
2018-09-20,3.5199999809265137,3.6700000762939453,3.2200000286102295,3.440000057220459,2305993
2018-09-23,3.440000057220459,3.6500000953674316,3.509999990463257,3.569999933242798,745698
2018-09-24,3.569999933242798,3.609999895095825,3.450000047683716,3.5399999618530273,434956
2018-09-25,3.5399999618530273,3.640000104904175,3.5199999809265137,3.569999933242798,2859558
2018-09-26,3.569999933242798,3.7200000286102295,3.5899999141693115,3.6600000858306885,2465103
2018-09-27,3.6600000858306885,3.630000114440918,3.549999952316284,3.5899999141693115,1608215
2018-09-30,3.5899999141693115,3.6600000858306885,3.440000057220459,3.5399999618530273,1675769
2018-10-01,3.5399999618530273,3.5299999713897705,3.3499999046325684,3.4100000858306885,629916
2018-10-02,3.4100000858306885,3.680000066757202,3.4000000953674316,3.5799999237060547,1665742
2018-10-03,3.5799999237060547,3.630000114440918,3.4000000953674316,3.5,604483
2018-10-04,3.5,3.450000047683716,3.3499999046325684,3.4100000858306885,947047
2018-10-08,3.4100000858306885,3.4100000858306885,3.069999933242798,3.119999885559082,2922027
2018-10-09,3.119999885559082,3.2100000381469727,2.9000000953674316,3.059999942779541,1819809
2018-10-10,3.059999942779541,3.2699999809265137,3.0,3.2200000286102295,4946789
2018-10-11,3.2200000286102295,3.2899999618530273,3.0199999809265137,3.190000057220459,3650777
2018-10-15,3.369999885559082,3.4000000953674316,3.2100000381469727,3.299999952316284,2502449
2018-10-16,3.299999952316284,3.380000114440918,3.25,3.309999942779541,4711520
2018-10-17,3.309999942779541,3.3399999141693115,3.2200000286102295,3.2899999618530273,1002680
2018-10-18,3.2899999618530273,3.2899999618530273,3.0799999237060547,3.140000104904175,3391797
2018-10-21,3.140000104904175,3.140000104904175,3.059999942779541,3.0999999046325684,1102229
2018-10-23,3.130000114440918,3.1600000858306885,3.0,3.0799999237060547,3584739
2018-10-24,3.0799999237060547,3.0999999046325684,2.9000000953674316,3.0,2250136
2018-10-25,3.0,3.049999952316284,2.859999895095825,2.9800000190734863,3949736
2018-10-28,2.9800000190734863,3.119999885559082,3.0399999618530273,3.0799999237060547,4111701
2018-10-29,3.0799999237060547,3.1700000762939453,3.0999999046325684,3.140000104904175,5134531
2018-10-30,3.140000104904175,3.1700000762939453,3.0899999141693115,3.119999885559082,2744703
2018-10-31,3.119999885559082,3.2200000286102295,3.0799999237060547,3.130000114440918,3595412
2018-11-01,3.130000114440918,3.309999942779541,3.119999885559082,3.240000009536743,4927469
2018-11-04,3.240000009536743,3.3499999046325684,3.2200000286102295,3.2799999713897705,1526334
2018-11-05,3.2799999713897705,3.299999952316284,3.190000057220459,3.240000009536743,3589210
2018-11-06,3.240000009536743,3.359999895095825,3.2699999809265137,3.3299999237060547,7031337
2018-11-07,3.3299999237060547,3.450000047683716,3.319999933242798,3.390000104904175,8033552
2018-11-08,3.390000104904175,3.4200000762939453,3.319999933242798,3.359999895095825,1704980
2018-11-11,3.359999895095825,3.3499999046325684,3.200000047683716,3.25,4596454
2018-11-12,3.25,3.299999952316284,3.2200000286102295,3.2799999713897705,2518926
2018-11-13,3.2799999713897705,3.299999952316284,3.1500000953674316,3.200000047683716,3839307
2018-11-14,3.200000047683716,3.25,3.1500000953674316,3.200000047683716,2082654
2018-11-15,3.200000047683716,3.2899999618530273,3.190000057220459,3.240000009536743,6365301
2018-11-18,3.240000009536743,3.380000114440918,3.2899999618530273,3.3399999141693115,6780126
2018-11-19,3.3399999141693115,3.380000114440918,3.299999952316284,3.3299999237060547,2978918
2018-11-20,3.3299999237060547,3.3299999237060547,3.3299999237060547,3.3299999237060547,0
2018-11-21,3.3299999237060547,3.3399999141693115,3.25,3.299999952316284,1044504
2018-11-22,3.299999952316284,3.319999933242798,3.140000104904175,3.2200000286102295,2923378
2018-11-25,3.2200000286102295,3.1600000858306885,3.049999952316284,3.0999999046325684,1637262
2018-11-26,3.0999999046325684,3.1500000953674316,3.059999942779541,3.0999999046325684,1144193
2018-11-27,3.0999999046325684,3.200000047683716,3.0999999046325684,3.1700000762939453,1432374
2018-11-28,3.1700000762939453,3.2200000286102295,3.0799999237060547,3.119999885559082,1951522
2018-11-29,3.119999885559082,3.1700000762939453,3.0899999141693115,3.119999885559082,1714279
2018-12-02,3.119999885559082,3.130000114440918,3.069999933242798,3.0899999141693115,419929
2018-12-03,3.0899999141693115,3.0999999046325684,3.0,3.0199999809265137,1737667
2018-12-04,3.0199999809265137,3.049999952316284,2.9700000286102295,3.009999990463257,1141525
2018-12-05,3.009999990463257,3.109999895095825,2.9100000858306885,3.0199999809265137,2556057
2018-12-06,3.0199999809265137,3.0999999046325684,2.950000047683716,3.009999990463257,1456241
2018-12-09,3.009999990463257,3.049999952316284,2.940000057220459,3.0,4397383
2018-12-10,3.0,3.0799999237060547,3.009999990463257,3.049999952316284,1195870
2018-12-11,3.049999952316284,3.109999895095825,3.059999942779541,3.0899999141693115,1060573
2018-12-12,3.0899999141693115,3.190000057220459,3.069999933242798,3.140000104904175,1884407
2018-12-13,3.140000104904175,3.3499999046325684,3.0999999046325684,3.25,5510563
2018-12-16,3.25,3.4600000381469727,3.2200000286102295,3.380000114440918,6178071
2018-12-17,3.380000114440918,3.4200000762939453,3.2899999618530273,3.3399999141693115,4753169
2018-12-18,3.3399999141693115,3.309999942779541,3.25,3.2799999713897705,1797764
2018-12-19,3.2799999713897705,3.3399999141693115,3.2200000286102295,3.2799999713897705,2030201
2018-12-20,3.2799999713897705,3.3299999237060547,3.200000047683716,3.25,2696534
2018-12-23,3.25,3.259999990463257,3.109999895095825,3.200000047683716,849947
2018-12-24,3.200000047683716,3.2100000381469727,3.109999895095825,3.180000066757202,965554
2018-12-25,3.180000066757202,3.319999933242798,3.109999895095825,3.2300000190734863,1986489
2018-12-26,3.2300000190734863,3.369999885559082,3.25,3.319999933242798,1553107
2018-12-27,3.319999933242798,3.3499999046325684,3.2300000190734863,3.2899999618530273,936414
2018-12-30,3.2899999618530273,3.299999952316284,3.2300000190734863,3.259999990463257,157000
2018-12-31,3.259999990463257,3.299999952316284,3.240000009536743,3.2699999809265137,526031
2019-01-01,3.2699999809265137,3.2699999809265137,3.2699999809265137,3.2699999809265137,0
2019-01-02,3.2699999809265137,3.359999895095825,3.2699999809265137,3.319999933242798,506694
2019-01-03,3.319999933242798,3.319999933242798,3.2799999713897705,3.2899999618530273,197651
2019-01-06,3.2899999618530273,3.3399999141693115,3.309999942779541,3.319999933242798,120024
2019-01-07,3.319999933242798,3.319999933242798,3.319999933242798,3.319999933242798,0
2019-01-08,3.319999933242798,3.3499999046325684,3.2699999809265137,3.309999942779541,389146
2019-01-09,3.309999942779541,3.3499999046325684,3.1700000762939453,3.2699999809265137,6725896
2019-01-10,3.2699999809265137,3.240000009536743,3.1600000858306885,3.2100000381469727,6826388
2019-01-13,3.2100000381469727,3.25,3.130000114440918,3.180000066757202,2523825
2019-01-14,3.180000066757202,3.1700000762939453,3.059999942779541,3.109999895095825,3531465
2019-01-15,3.109999895095825,3.140000104904175,3.049999952316284,3.0999999046325684,3799116
2019-01-16,3.0999999046325684,3.1600000858306885,3.0799999237060547,3.119999885559082,2389245
2019-01-17,3.119999885559082,3.2100000381469727,3.0999999046325684,3.1500000953674316,5159059
2019-01-20,3.1500000953674316,3.190000057220459,3.109999895095825,3.1600000858306885,2332315
2019-01-21,3.1600000858306885,3.180000066757202,3.119999885559082,3.130000114440918,703265
2019-01-22,3.130000114440918,3.1500000953674316,3.059999942779541,3.0899999141693115,1501932
2019-01-23,3.0899999141693115,3.109999895095825,3.0199999809265137,3.069999933242798,1469683
2019-01-24,3.069999933242798,3.069999933242798,3.069999933242798,3.069999933242798,0
2019-01-27,3.069999933242798,3.2100000381469727,3.0999999046325684,3.180000066757202,3688311
2019-01-28,3.180000066757202,3.3499999046325684,3.180000066757202,3.299999952316284,10159951
2019-01-29,3.299999952316284,3.4000000953674316,3.299999952316284,3.359999895095825,12531163
2019-01-30,3.359999895095825,3.4800000190734863,3.299999952316284,3.4000000953674316,12582429
2019-01-31,3.4000000953674316,3.5399999618530273,3.430000066757202,3.490000009536743,7490674
2019-02-03,3.490000009536743,3.5199999809265137,3.4200000762939453,3.4600000381469727,2218029
2019-02-04,3.4600000381469727,3.6500000953674316,3.440000057220459,3.5399999618530273,10765768
2019-02-05,3.5399999618530273,3.75,3.5199999809265137,3.630000114440918,23832585
2019-02-06,3.630000114440918,3.680000066757202,3.559999942779541,3.630000114440918,4380515
2019-02-07,3.630000114440918,3.700000047683716,3.549999952316284,3.609999895095825,3040693
2019-02-10,3.609999895095825,3.640000104904175,3.569999933242798,3.609999895095825,1074771
2019-02-11,3.609999895095825,3.5999999046325684,3.5199999809265137,3.569999933242798,1527061
2019-02-12,3.569999933242798,3.619999885559082,3.549999952316284,3.5899999141693115,1021445
2019-02-13,3.5899999141693115,3.630000114440918,3.5299999713897705,3.5799999237060547,1759653
2019-02-14,3.5799999237060547,3.619999885559082,3.5199999809265137,3.559999942779541,3245769
2019-02-17,3.559999942779541,3.75,3.619999885559082,3.690000057220459,4005505
2019-02-18,3.690000057220459,3.7100000381469727,3.609999895095825,3.6600000858306885,1358714
2019-02-19,3.6600000858306885,3.6600000858306885,3.5799999237060547,3.5999999046325684,1933605
2019-02-20,3.5999999046325684,3.6500000953674316,3.5799999237060547,3.609999895095825,1507809
2019-02-21,3.609999895095825,3.630000114440918,3.549999952316284,3.5799999237060547,980520
2019-02-24,3.5799999237060547,3.5999999046325684,3.509999990463257,3.5299999713897705,502863
2019-02-25,3.5299999713897705,3.5999999046325684,3.5199999809265137,3.569999933242798,520043
2019-02-26,3.569999933242798,3.640000104904175,3.559999942779541,3.5999999046325684,1542572
2019-02-27,3.5999999046325684,3.5899999141693115,3.5199999809265137,3.5399999618530273,580214
2019-02-28,3.5399999618530273,3.5399999618530273,3.3399999141693115,3.430000066757202,5847187
2019-03-03,3.430000066757202,3.6700000762939453,3.440000057220459,3.5799999237060547,3566006
2019-03-04,3.5799999237060547,3.6500000953674316,3.5299999713897705,3.5999999046325684,2022852
2019-03-05,3.5999999046325684,3.680000066757202,3.5899999141693115,3.630000114440918,1577594
2019-03-06,3.630000114440918,3.75,3.5899999141693115,3.6500000953674316,9223532
2019-03-07,3.6500000953674316,3.6700000762939453,3.5999999046325684,3.640000104904175,5817531
2019-03-10,3.640000104904175,3.6600000858306885,3.5899999141693115,3.619999885559082,1926010
2019-03-11,3.619999885559082,3.690000057220459,3.609999895095825,3.6500000953674316,2403528
2019-03-12,3.6500000953674316,3.75,3.630000114440918,3.7100000381469727,7432435
2019-03-13,3.7100000381469727,3.7899999618530273,3.6600000858306885,3.7300000190734863,10119454
2019-03-14,3.7300000190734863,3.700000047683716,3.640000104904175,3.6600000858306885,4170811
2019-03-17,3.6600000858306885,3.6600000858306885,3.609999895095825,3.630000114440918,759595
2019-03-18,3.630000114440918,3.680000066757202,3.5999999046325684,3.630000114440918,2463463
2019-03-19,3.630000114440918,3.5999999046325684,3.490000009536743,3.5299999713897705,1534115
2019-03-20,3.5299999713897705,3.5799999237060547,3.5,3.5399999618530273,1144454
2019-03-21,3.5399999618530273,3.5999999046325684,3.5199999809265137,3.569999933242798,1632076
2019-03-24,3.569999933242798,3.640000104904175,3.559999942779541,3.5899999141693115,353525
2019-03-25,3.5899999141693115,3.569999933242798,3.430000066757202,3.4700000286102295,2330136
2019-03-26,3.4700000286102295,3.509999990463257,3.4000000953674316,3.4600000381469727,674645
2019-03-27,3.4600000381469727,3.549999952316284,3.4100000858306885,3.4800000190734863,1153452
2019-03-28,3.4800000190734863,3.559999942779541,3.430000066757202,3.5199999809265137,1002448
2019-03-31,3.5199999809265137,3.5299999713897705,3.440000057220459,3.4700000286102295,382375
2019-04-01,3.4700000286102295,3.509999990463257,3.4100000858306885,3.440000057220459,3031846
2019-04-02,3.440000057220459,3.490000009536743,3.430000066757202,3.450000047683716,2401434
2019-04-03,3.450000047683716,3.5,3.430000066757202,3.4600000381469727,1240528
2019-04-04,3.4600000381469727,3.490000009536743,3.4000000953674316,3.450000047683716,1849332
2019-04-07,3.450000047683716,3.569999933242798,3.450000047683716,3.5299999713897705,3089429
2019-04-08,3.5299999713897705,3.559999942779541,3.440000057220459,3.5,1382458
2019-04-09,3.5,3.5299999713897705,3.450000047683716,3.5,1133151
2019-04-10,3.5,3.5,3.440000057220459,3.4800000190734863,387899
2019-04-11,3.4800000190734863,3.700000047683716,3.4000000953674316,3.630000114440918,11056451
2019-04-14,3.630000114440918,3.7200000286102295,3.619999885559082,3.6600000858306885,1273715
2019-04-15,3.6600000858306885,3.6500000953674316,3.5899999141693115,3.609999895095825,1473449
2019-04-16,3.609999895095825,3.6500000953674316,3.450000047683716,3.509999990463257,2599860
2019-04-17,3.509999990463257,3.5199999809265137,3.4600000381469727,3.4800000190734863,1162129
2019-04-18,3.4800000190734863,3.5299999713897705,3.450000047683716,3.4700000286102295,658923
2019-04-21,3.4700000286102295,3.5,3.450000047683716,3.4700000286102295,376267
2019-04-22,3.4700000286102295,3.5299999713897705,3.4600000381469727,3.5,1751302
2019-04-23,3.5,3.5,3.440000057220459,3.4700000286102295,1057075
2019-04-24,3.4700000286102295,3.5199999809265137,3.450000047683716,3.490000009536743,125331
2019-04-25,3.490000009536743,3.490000009536743,3.490000009536743,3.490000009536743,0
2019-04-28,3.490000009536743,3.490000009536743,3.490000009536743,3.490000009536743,0
2019-04-29,3.490000009536743,3.490000009536743,3.490000009536743,3.490000009536743,0
2019-04-30,3.490000009536743,3.5,3.4100000858306885,3.430000066757202,434494
2019-05-01,3.430000066757202,3.430000066757202,3.430000066757202,3.430000066757202,0
2019-05-02,3.430000066757202,3.4800000190734863,3.440000057220459,3.4600000381469727,425214
2019-05-05,3.4600000381469727,3.440000057220459,3.299999952316284,3.359999895095825,542732
2019-05-06,3.359999895095825,3.299999952316284,3.0999999046325684,3.200000047683716,2467356
2019-05-07,3.200000047683716,3.240000009536743,3.119999885559082,3.190000057220459,723161
2019-05-08,3.190000057220459,3.0899999141693115,2.950000047683716,3.0299999713897705,1385026
2019-05-09,3.0299999713897705,3.2300000190734863,2.9700000286102295,3.119999885559082,1397242
2019-05-12,3.119999885559082,3.2300000190734863,3.140000104904175,3.200000047683716,1002417
2019-05-13,3.200000047683716,3.200000047683716,3.069999933242798,3.119999885559082,3663339
2019-05-14,3.119999885559082,3.140000104904175,3.0799999237060547,3.109999895095825,393445
2019-05-15,3.109999895095825,3.140000104904175,3.0299999713897705,3.0799999237060547,915290
2019-05-16,3.0799999237060547,3.1500000953674316,3.049999952316284,3.109999895095825,684986
2019-05-19,3.109999895095825,3.1600000858306885,3.0199999809265137,3.049999952316284,418172
2019-05-20,3.049999952316284,3.069999933242798,2.940000057220459,2.990000009536743,1230159
2019-05-21,2.990000009536743,3.1500000953674316,3.0,3.059999942779541,2335397
2019-05-22,3.059999942779541,3.180000066757202,3.130000114440918,3.1500000953674316,812674
2019-05-23,3.1500000953674316,3.190000057220459,3.1500000953674316,3.1600000858306885,938603
2019-05-26,3.1600000858306885,3.240000009536743,3.1700000762939453,3.2100000381469727,602315
2019-05-27,3.2100000381469727,3.240000009536743,3.1600000858306885,3.200000047683716,322625
2019-05-28,3.200000047683716,3.3399999141693115,3.1700000762939453,3.2799999713897705,1199559
2019-05-29,3.2799999713897705,3.3299999237060547,3.119999885559082,3.2200000286102295,756382
2019-05-30,3.2200000286102295,3.180000066757202,3.069999933242798,3.109999895095825,1848814
2019-06-02,3.109999895095825,3.0999999046325684,3.059999942779541,3.0799999237060547,482614
2019-06-03,3.0799999237060547,3.1500000953674316,3.0799999237060547,3.130000114440918,2251264
2019-06-04,3.130000114440918,3.130000114440918,3.130000114440918,3.130000114440918,0
2019-06-05,3.130000114440918,3.130000114440918,3.130000114440918,3.130000114440918,0
2019-06-06,3.130000114440918,3.130000114440918,3.130000114440918,3.130000114440918,0
2019-06-09,3.130000114440918,3.200000047683716,3.1500000953674316,3.180000066757202,790110
2019-06-10,3.180000066757202,3.259999990463257,3.1700000762939453,3.2300000190734863,1911958
2019-06-11,3.2300000190734863,3.2899999618530273,3.1500000953674316,3.200000047683716,6773658
2019-06-12,3.200000047683716,3.190000057220459,3.140000104904175,3.1600000858306885,871526
2019-06-13,3.1600000858306885,3.180000066757202,3.0899999141693115,3.119999885559082,1441152
2019-06-16,3.119999885559082,3.180000066757202,3.0999999046325684,3.1500000953674316,1092742
2019-06-17,3.1500000953674316,3.180000066757202,3.1500000953674316,3.1600000858306885,800377
2019-06-18,3.1600000858306885,3.1500000953674316,3.109999895095825,3.130000114440918,500392
2019-06-19,3.130000114440918,3.130000114440918,3.0199999809265137,3.0799999237060547,1462501
2019-06-20,3.0799999237060547,3.119999885559082,3.0399999618530273,3.0799999237060547,1624554
2019-06-23,3.0799999237060547,3.0999999046325684,3.009999990463257,3.059999942779541,446988
2019-06-24,3.059999942779541,3.0399999618530273,2.990000009536743,3.0,1359644
2019-06-25,3.0,3.0999999046325684,2.9800000190734863,3.049999952316284,859623
2019-06-26,3.049999952316284,3.1600000858306885,3.0799999237060547,3.130000114440918,1962464
2019-06-27,3.130000114440918,3.25,3.119999885559082,3.1700000762939453,11874587
2019-06-30,3.1700000762939453,3.1700000762939453,3.1700000762939453,3.1700000762939453,0
2019-07-01,3.1700000762939453,3.1700000762939453,3.1700000762939453,3.1700000762939453,0
2019-07-02,3.1700000762939453,3.259999990463257,3.130000114440918,3.240000009536743,3549043
2019-07-03,3.240000009536743,3.259999990463257,3.180000066757202,3.2200000286102295,978412
2019-07-04,3.2200000286102295,3.200000047683716,3.0999999046325684,3.119999885559082,1244854
2019-07-07,3.119999885559082,3.2100000381469727,3.109999895095825,3.180000066757202,1398889
2019-07-08,3.180000066757202,3.369999885559082,3.200000047683716,3.319999933242798,11966513
2019-07-09,3.319999933242798,3.3499999046325684,3.2699999809265137,3.299999952316284,3427402
2019-07-10,3.299999952316284,3.380000114440918,3.2100000381469727,3.2799999713897705,4937169
2019-07-11,3.2799999713897705,3.259999990463257,3.130000114440918,3.1600000858306885,3648268
2019-07-14,3.1600000858306885,3.1600000858306885,3.069999933242798,3.109999895095825,2992696
2019-07-15,3.109999895095825,3.200000047683716,3.069999933242798,3.140000104904175,2864584
2019-07-16,3.140000104904175,3.190000057220459,3.0999999046325684,3.1500000953674316,1118376
2019-07-17,3.1500000953674316,3.1600000858306885,3.0899999141693115,3.140000104904175,1368962
2019-07-18,3.140000104904175,3.1600000858306885,3.130000114440918,3.140000104904175,292600
2019-07-21,3.140000104904175,3.1600000858306885,3.0999999046325684,3.130000114440918,698883
2019-07-22,3.130000114440918,3.200000047683716,3.140000104904175,3.1700000762939453,1257252
2019-07-23,3.1700000762939453,3.1700000762939453,3.1700000762939453,3.1700000762939453,0
2019-07-24,3.1700000762939453,3.2100000381469727,3.1600000858306885,3.190000057220459,3857251
2019-07-25,3.190000057220459,3.2300000190734863,3.1500000953674316,3.180000066757202,1592805
2019-07-28,3.180000066757202,3.2300000190734863,3.0999999046325684,3.1500000953674316,1117558
2019-07-29,3.1500000953674316,3.1500000953674316,3.0799999237060547,3.0999999046325684,1440754
2019-07-30,3.0999999046325684,3.180000066757202,3.0299999713897705,3.0999999046325684,2045026
2019-07-31,3.0999999046325684,3.1500000953674316,3.0799999237060547,3.109999895095825,1647253
2019-08-01,3.109999895095825,3.1700000762939453,3.0999999046325684,3.140000104904175,599254
2019-08-04,3.140000104904175,3.259999990463257,3.140000104904175,3.2100000381469727,1620279
2019-08-05,3.2100000381469727,3.200000047683716,3.109999895095825,3.1500000953674316,2053100
2019-08-06,3.1500000953674316,3.190000057220459,3.0999999046325684,3.1600000858306885,1367802
2019-08-07,3.1600000858306885,3.25,3.1600000858306885,3.2200000286102295,2561146
2019-08-08,3.2200000286102295,3.3499999046325684,3.240000009536743,3.299999952316284,2307363
2019-08-11,3.299999952316284,3.299999952316284,3.299999952316284,3.299999952316284,0
2019-08-12,3.299999952316284,3.299999952316284,3.299999952316284,3.299999952316284,0
2019-08-13,3.299999952316284,3.299999952316284,3.299999952316284,3.299999952316284,0
2019-08-14,3.299999952316284,3.450000047683716,3.3499999046325684,3.4200000762939453,2136040
2019-08-15,3.4200000762939453,3.380000114440918,3.3299999237060547,3.359999895095825,793449
2019-08-18,3.359999895095825,3.4000000953674316,3.25,3.3299999237060547,877158
2019-08-19,3.3299999237060547,3.4100000858306885,3.259999990463257,3.3399999141693115,1150382
2019-08-20,3.3399999141693115,3.4000000953674316,3.299999952316284,3.3399999141693115,3546249
2019-08-21,3.3399999141693115,3.3399999141693115,3.109999895095825,3.200000047683716,10533384
2019-08-22,3.200000047683716,3.2100000381469727,3.109999895095825,3.1600000858306885,6435535
2019-08-25,3.1600000858306885,3.2100000381469727,3.0399999618530273,3.0999999046325684,4534064
2019-08-26,3.0999999046325684,3.1600000858306885,3.049999952316284,3.0999999046325684,6482708
2019-08-27,3.0999999046325684,3.1700000762939453,3.0899999141693115,3.130000114440918,2732615
2019-08-28,3.130000114440918,3.200000047683716,3.109999895095825,3.1700000762939453,5878238
2019-08-29,3.1700000762939453,3.2300000190734863,3.1500000953674316,3.200000047683716,4125615
2019-09-01,3.200000047683716,3.200000047683716,3.200000047683716,3.200000047683716,0
2019-09-02,3.1500000953674316,3.1700000762939453,3.0899999141693115,3.130000114440918,2278635
2019-09-03,3.130000114440918,3.1500000953674316,3.0899999141693115,3.109999895095825,2400408
2019-09-04,3.109999895095825,3.140000104904175,3.049999952316284,3.0999999046325684,2695558
2019-09-05,3.0999999046325684,3.119999885559082,3.0799999237060547,3.0999999046325684,2444121
2019-09-08,3.0999999046325684,3.1600000858306885,3.109999895095825,3.140000104904175,1294493
2019-09-09,3.140000104904175,3.140000104904175,3.0899999141693115,3.109999895095825,1077402
2019-09-10,3.109999895095825,3.1600000858306885,3.0899999141693115,3.140000104904175,2693891
2019-09-11,3.140000104904175,3.1600000858306885,3.109999895095825,3.1500000953674316,1409198
2019-09-12,3.1500000953674316,3.180000066757202,3.1500000953674316,3.1600000858306885,1832510
2019-09-15,3.1600000858306885,3.1700000762939453,3.109999895095825,3.130000114440918,654136
2019-09-16,3.130000114440918,3.1700000762939453,3.109999895095825,3.140000104904175,1894061
2019-09-17,3.140000104904175,3.1500000953674316,2.940000057220459,3.059999942779541,2958501
2019-09-18,3.059999942779541,3.069999933242798,3.0,3.0299999713897705,1050001
2019-09-19,3.0299999713897705,3.049999952316284,3.0,3.0199999809265137,2001616
2019-09-22,3.0199999809265137,3.0,2.7200000286102295,2.819999933242798,2854346
2019-09-23,2.819999933242798,2.930000066757202,2.759999990463257,2.869999885559082,2917540
2019-09-24,2.869999885559082,2.9000000953674316,2.75,2.799999952316284,1941101
2019-09-25,2.799999952316284,2.9200000762939453,2.819999933242798,2.869999885559082,1735559
2019-09-26,2.869999885559082,3.0,2.8499999046325684,2.930000066757202,3972094
2019-09-29,2.930000066757202,3.0799999237060547,2.990000009536743,3.0299999713897705,2807362
2019-09-30,3.0299999713897705,3.059999942779541,3.0,3.0399999618530273,2170893
2019-10-01,3.0399999618530273,3.0899999141693115,3.0399999618530273,3.069999933242798,4413515
2019-10-02,3.069999933242798,3.0999999046325684,2.950000047683716,3.009999990463257,1146431
2019-10-03,3.009999990463257,3.200000047683716,2.940000057220459,3.0999999046325684,3027952
2019-10-07,3.0999999046325684,3.2100000381469727,3.109999895095825,3.1500000953674316,1421199
2019-10-08,3.1500000953674316,3.2200000286102295,3.0799999237060547,3.1600000858306885,6080272
2019-10-09,3.1600000858306885,3.109999895095825,3.049999952316284,3.0799999237060547,706978
2019-10-10,3.0799999237060547,3.130000114440918,3.059999942779541,3.0799999237060547,1194944
2019-10-13,3.0799999237060547,3.119999885559082,3.0899999141693115,3.0999999046325684,717015
2019-10-14,3.0999999046325684,3.119999885559082,3.0,3.0299999713897705,1946065
2019-10-15,3.0299999713897705,3.0199999809265137,2.9700000286102295,2.990000009536743,690482
2019-10-16,2.990000009536743,3.059999942779541,2.990000009536743,3.0299999713897705,1358453
2019-10-17,3.0299999713897705,3.109999895095825,3.009999990463257,3.0399999618530273,2327158
2019-10-20,3.0399999618530273,3.049999952316284,3.009999990463257,3.0299999713897705,400449
2019-10-21,3.0299999713897705,3.049999952316284,2.9800000190734863,3.0,1156122
2019-10-22,3.0,3.049999952316284,2.9700000286102295,3.009999990463257,976239
2019-10-23,3.009999990463257,2.990000009536743,2.950000047683716,2.9600000381469727,1110578
2019-10-24,2.9600000381469727,3.0199999809265137,2.9800000190734863,3.0,774049
2019-10-27,3.0,3.0199999809265137,2.990000009536743,3.0,364020
2019-10-28,3.0,3.0299999713897705,2.9800000190734863,3.0,631497
2019-10-29,3.0,3.049999952316284,3.0,3.0299999713897705,1295696
2019-10-30,3.0299999713897705,3.0999999046325684,3.049999952316284,3.0799999237060547,2966717
2019-10-31,3.0799999237060547,3.0899999141693115,3.0399999618530273,3.059999942779541,1643558
2019-11-03,3.059999942779541,3.0999999046325684,3.0,3.0299999713897705,1655647
2019-11-04,3.0299999713897705,3.0399999618530273,2.9800000190734863,2.990000009536743,1795331
2019-11-05,2.990000009536743,3.0299999713897705,2.950000047683716,2.9600000381469727,3271726
2019-11-06,2.9600000381469727,3.0,2.930000066757202,2.940000057220459,4069914
2019-11-07,2.940000057220459,2.9800000190734863,2.9100000858306885,2.940000057220459,661479
2019-11-11,2.940000057220459,2.9600000381469727,2.9200000762939453,2.940000057220459,862160
2019-11-12,2.940000057220459,3.009999990463257,2.890000104904175,2.930000066757202,2726119
2019-11-13,2.930000066757202,2.950000047683716,2.890000104904175,2.9000000953674316,916754
2019-11-14,2.9000000953674316,2.930000066757202,2.880000114440918,2.9000000953674316,995080
2019-11-17,2.9000000953674316,2.940000057220459,2.9000000953674316,2.930000066757202,540076
2019-11-18,2.930000066757202,2.930000066757202,2.8499999046325684,2.880000114440918,456218
2019-11-19,2.880000114440918,2.9000000953674316,2.799999952316284,2.819999933242798,2440451
2019-11-20,2.819999933242798,2.9000000953674316,2.819999933242798,2.8499999046325684,4350368
2019-11-21,2.8499999046325684,2.859999895095825,2.7799999713897705,2.809999942779541,1281438
2019-11-24,2.809999942779541,2.809999942779541,2.75,2.7899999618530273,438274
2019-11-25,2.7899999618530273,2.819999933242798,2.75,2.7799999713897705,1331815
2019-11-26,2.7799999713897705,2.8299999237060547,2.7699999809265137,2.809999942779541,1923530
2019-11-27,2.809999942779541,2.819999933242798,2.75,2.7699999809265137,1259457
2019-11-28,2.7699999809265137,2.9700000286102295,2.8499999046325684,2.9200000762939453,3421871
2019-12-01,2.9200000762939453,2.9200000762939453,2.7799999713897705,2.819999933242798,694159
2019-12-02,2.819999933242798,2.869999885559082,2.6700000762939453,2.7300000190734863,6852499
2019-12-03,2.7300000190734863,2.7300000190734863,2.7300000190734863,2.7300000190734863,0
2019-12-04,2.7300000190734863,2.7699999809265137,2.700000047683716,2.7300000190734863,1706397
2019-12-05,2.7300000190734863,2.75,2.700000047683716,2.7100000381469727,2006397
2019-12-08,2.7100000381469727,2.7300000190734863,2.690000057220459,2.700000047683716,386559
2019-12-09,2.700000047683716,2.7100000381469727,2.680000066757202,2.690000057220459,634505
2019-12-10,2.690000057220459,2.7300000190734863,2.690000057220459,2.7100000381469727,1520710
2019-12-11,2.7100000381469727,2.700000047683716,2.6600000858306885,2.680000066757202,1607681
2019-12-12,2.680000066757202,2.680000066757202,2.680000066757202,2.680000066757202,0
2019-12-15,2.6700000762939453,2.7200000286102295,2.690000057220459,2.700000047683716,335505
2019-12-16,2.700000047683716,2.700000047683716,2.6700000762939453,2.680000066757202,664930
2019-12-17,2.680000066757202,2.759999990463257,2.700000047683716,2.7300000190734863,1306723
2019-12-18,2.7300000190734863,2.809999942779541,2.75,2.7899999618530273,1491206
2019-12-19,2.7899999618530273,2.809999942779541,2.759999990463257,2.7799999713897705,1344136
2019-12-22,2.7799999713897705,2.7899999618530273,2.759999990463257,2.7799999713897705,189241
2019-12-23,2.7799999713897705,2.799999952316284,2.7699999809265137,2.7799999713897705,487607
2019-12-24,2.7799999713897705,2.7699999809265137,2.7100000381469727,2.740000009536743,434100
2019-12-25,2.740000009536743,2.7699999809265137,2.7200000286102295,2.75,84255
2019-12-26,2.75,2.7699999809265137,2.740000009536743,2.75,129231
2019-12-29,2.75,2.8499999046325684,2.7300000190734863,2.7899999618530273,1227007
2019-12-30,2.7899999618530273,2.9000000953674316,2.799999952316284,2.859999895095825,2641480
2019-12-31,2.859999895095825,3.0,2.8399999141693115,2.9200000762939453,4027824
2020-01-02,2.9200000762939453,2.890000104904175,2.8299999237060547,2.8499999046325684,90156
2020-01-05,2.8499999046325684,2.799999952316284,2.690000057220459,2.7300000190734863,1250162
2020-01-06,2.7300000190734863,2.7100000381469727,2.630000114440918,2.6700000762939453,1746028
2020-01-08,2.6700000762939453,2.930000066757202,2.630000114440918,2.859999895095825,4958450
2020-01-09,2.859999895095825,2.950000047683716,2.799999952316284,2.869999885559082,2674743
2020-01-12,2.869999885559082,2.930000066757202,2.8499999046325684,2.9000000953674316,1855147
2020-01-13,2.9000000953674316,2.9100000858306885,2.7899999618530273,2.819999933242798,2218090
2020-01-14,2.819999933242798,2.8499999046325684,2.75,2.799999952316284,4814781
2020-01-15,2.799999952316284,2.859999895095825,2.809999942779541,2.8399999141693115,1225412
2020-01-16,2.8399999141693115,2.9100000858306885,2.8499999046325684,2.890000104904175,2436261
2020-01-19,2.890000104904175,2.9200000762939453,2.859999895095825,2.890000104904175,1274404
2020-01-20,2.890000104904175,2.9000000953674316,2.75,2.809999942779541,1761347
2020-01-21,2.809999942779541,2.819999933242798,2.7699999809265137,2.799999952316284,655313
2020-01-22,2.799999952316284,2.8499999046325684,2.7899999618530273,2.819999933242798,354200
2020-01-23,2.819999933242798,2.869999885559082,2.799999952316284,2.819999933242798,1041472
2020-01-26,2.819999933242798,2.869999885559082,2.819999933242798,2.8499999046325684,892383
2020-01-27,2.8499999046325684,2.8299999237060547,2.799999952316284,2.809999942779541,1069055
2020-01-28,2.809999942779541,2.8499999046325684,2.759999990463257,2.809999942779541,1114043
2020-01-29,2.809999942779541,2.809999942779541,2.809999942779541,2.809999942779541,0
2020-01-30,2.799999952316284,2.9200000762939453,2.8299999237060547,2.880000114440918,3011607
2020-02-02,2.880000114440918,2.9700000286102295,2.8499999046325684,2.880000114440918,8665726
2020-02-03,2.880000114440918,2.880000114440918,2.880000114440918,2.880000114440918,0
2020-02-04,2.880000114440918,2.9000000953674316,2.859999895095825,2.880000114440918,973027
2020-02-05,2.880000114440918,2.930000066757202,2.869999885559082,2.9100000858306885,9684297
2020-02-06,2.9100000858306885,2.9100000858306885,2.9100000858306885,2.9100000858306885,0
2020-02-09,2.9700000286102295,3.0799999237060547,2.9200000762939453,3.0399999618530273,2835412
2020-02-10,3.0399999618530273,3.049999952316284,2.9700000286102295,3.0399999618530273,2092743
2020-02-11,3.0399999618530273,3.059999942779541,3.0,3.0299999713897705,733386
2020-02-12,3.0299999713897705,3.0,2.9200000762939453,2.9600000381469727,1082614
2020-02-13,2.9600000381469727,3.009999990463257,2.950000047683716,2.990000009536743,982919
2020-02-16,2.990000009536743,2.9700000286102295,2.9000000953674316,2.9100000858306885,318735
2020-02-17,2.9100000858306885,2.9700000286102295,2.9000000953674316,2.9200000762939453,641576
2020-02-18,2.9200000762939453,2.930000066757202,2.859999895095825,2.880000114440918,2457127
2020-02-19,2.880000114440918,2.9100000858306885,2.9000000953674316,2.9000000953674316,144485
2020-02-20,2.9000000953674316,2.9000000953674316,2.8499999046325684,2.890000104904175,99667
2020-02-23,2.890000104904175,2.940000057220459,2.8499999046325684,2.880000114440918,310238
2020-02-24,2.880000114440918,2.880000114440918,2.880000114440918,2.880000114440918,0
2020-02-25,2.869999885559082,2.890000104904175,2.809999942779541,2.8399999141693115,39439
2020-02-26,2.8399999141693115,2.8399999141693115,2.8399999141693115,2.8399999141693115,0
2020-02-27,2.7899999618530273,2.819999933242798,2.5899999141693115,2.6700000762939453,2715648
2020-03-01,2.6700000762939453,2.6700000762939453,2.4100000858306885,2.5399999618530273,4584624
2020-03-02,2.5399999618530273,2.640000104904175,2.4100000858306885,2.5199999809265137,4286986
2020-03-03,2.5199999809265137,2.5199999809265137,2.5199999809265137,2.5199999809265137,0
2020-03-04,2.609999895095825,2.7899999618530273,2.630000114440918,2.7100000381469727,1116256
2020-03-05,2.7100000381469727,2.799999952316284,2.7100000381469727,2.75,1243133
2020-03-08,2.75,2.680000066757202,2.569999933242798,2.630000114440918,861087
2020-03-09,2.630000114440918,2.6500000953674316,2.450000047683716,2.5399999618530273,2133347
2020-03-10,2.5399999618530273,2.700000047683716,2.559999942779541,2.640000104904175,6428468
2020-03-11,2.640000104904175,2.7300000190734863,2.619999885559082,2.6600000858306885,984102
2020-03-15,2.6600000858306885,2.5999999046325684,2.4000000953674316,2.450000047683716,1289691
2020-03-16,2.450000047683716,2.549999952316284,2.2100000381469727,2.3499999046325684,1661091
2020-03-17,2.3499999046325684,2.440000057220459,2.240000009536743,2.359999895095825,3461674
2020-03-18,2.359999895095825,2.390000104904175,2.130000114440918,2.2200000286102295,2438675
2020-03-19,2.2200000286102295,2.440000057220459,2.140000104904175,2.3499999046325684,5848872
2020-03-22,2.3499999046325684,2.559999942779541,2.4000000953674316,2.490000009536743,1335141
2020-03-23,2.490000009536743,2.7300000190734863,2.5,2.619999885559082,3009465
2020-03-24,2.619999885559082,2.740000009536743,2.450000047683716,2.609999895095825,2334620
2020-03-25,2.609999895095825,2.690000057220459,2.5999999046325684,2.6600000858306885,2156350
2020-03-26,2.6600000858306885,2.680000066757202,2.640000104904175,2.6600000858306885,1282500
2020-03-29,2.6600000858306885,2.700000047683716,2.609999895095825,2.680000066757202,1176606
2020-03-30,2.680000066757202,2.609999895095825,2.569999933242798,2.5899999141693115,1319109
2020-03-31,2.5899999141693115,2.6600000858306885,2.559999942779541,2.5999999046325684,3288593
2020-04-01,2.5999999046325684,2.569999933242798,2.5299999713897705,2.549999952316284,1611799
2020-04-02,2.549999952316284,2.6500000953674316,2.559999942779541,2.5799999237060547,2772797
2020-04-05,2.5799999237060547,2.569999933242798,2.4800000190734863,2.509999990463257,2077033
2020-04-06,2.509999990463257,2.5999999046325684,2.5,2.5899999141693115,1570626
2020-04-07,2.5899999141693115,2.7799999713897705,2.5899999141693115,2.700000047683716,8586538
2020-04-08,2.700000047683716,2.759999990463257,2.680000066757202,2.7100000381469727,7316857
2020-04-09,2.7100000381469727,2.7699999809265137,2.6600000858306885,2.7200000286102295,3292618
2020-04-12,2.7200000286102295,2.700000047683716,2.5899999141693115,2.619999885559082,2719719
2020-04-13,2.619999885559082,2.7300000190734863,2.619999885559082,2.680000066757202,2644486
2020-04-14,2.680000066757202,2.759999990463257,2.6500000953674316,2.740000009536743,6017212
2020-04-15,2.740000009536743,2.7899999618530273,2.690000057220459,2.7300000190734863,4619944
2020-04-16,2.7300000190734863,2.7200000286102295,2.640000104904175,2.6700000762939453,1297609
2020-04-21,2.6700000762939453,2.6500000953674316,2.5999999046325684,2.630000114440918,1152789
2020-04-22,2.630000114440918,2.609999895095825,2.5399999618530273,2.5899999141693115,4328301
2020-04-23,2.5899999141693115,2.680000066757202,2.619999885559082,2.6600000858306885,4888191
2020-04-26,2.6600000858306885,2.7300000190734863,2.6700000762939453,2.700000047683716,16774970
2020-04-27,2.700000047683716,2.75,2.5999999046325684,2.6700000762939453,4199474
2020-04-28,2.6700000762939453,2.75,2.6500000953674316,2.700000047683716,6964166
2020-04-29,2.700000047683716,2.7200000286102295,2.630000114440918,2.6700000762939453,2829739
2020-04-30,2.6700000762939453,2.690000057220459,2.630000114440918,2.640000104904175,1162176
2020-05-03,2.640000104904175,2.6500000953674316,2.380000114440918,2.490000009536743,7990979
2020-05-04,2.490000009536743,2.4600000381469727,2.309999942779541,2.369999885559082,2586352
2020-05-05,2.369999885559082,2.4700000286102295,2.380000114440918,2.4100000858306885,2478442
2020-05-06,2.4100000858306885,2.430000066757202,2.369999885559082,2.4000000953674316,900323
2020-05-07,2.4000000953674316,2.390000104904175,2.259999990463257,2.309999942779541,3520013
2020-05-10,2.309999942779541,2.309999942779541,2.2300000190734863,2.2799999713897705,3124540
2020-05-11,2.2799999713897705,2.319999933242798,2.190000057220459,2.25,5477785
2020-05-12,2.25,2.440000057220459,2.319999933242798,2.369999885559082,2934109
2020-05-13,2.369999885559082,2.4000000953674316,2.299999952316284,2.3299999237060547,1602320
2020-05-14,2.3299999237060547,2.359999895095825,2.2799999713897705,2.319999933242798,825411
2020-05-17,2.319999933242798,2.319999933242798,2.2799999713897705,2.309999942779541,816258
2020-05-18,2.309999942779541,2.319999933242798,2.25,2.2699999809265137,989835
2020-05-19,2.2699999809265137,2.3299999237060547,2.2699999809265137,2.2799999713897705,429749
2020-05-20,2.2799999713897705,2.2699999809265137,2.240000009536743,2.25,997479
2020-05-21,2.25,2.299999952316284,2.25,2.2899999618530273,830300
2020-05-31,2.2899999618530273,2.309999942779541,2.2699999809265137,2.2899999618530273,862550
2020-06-01,2.2899999618530273,2.299999952316284,2.2699999809265137,2.2899999618530273,385700
2020-06-02,2.2899999618530273,2.359999895095825,2.299999952316284,2.3399999141693115,956600
2020-06-03,2.3399999141693115,2.390000104904175,2.319999933242798,2.3499999046325684,784117
2020-06-04,2.3499999046325684,2.4600000381469727,2.3499999046325684,2.4000000953674316,3282030
2020-06-07,2.4000000953674316,2.5999999046325684,2.4600000381469727,2.5299999713897705,8077375
2020-06-08,2.5299999713897705,2.549999952316284,2.440000057220459,2.4800000190734863,2782314
2020-06-09,2.4800000190734863,2.4700000286102295,2.380000114440918,2.4200000762939453,1081003
2020-06-10,2.4200000762939453,2.430000066757202,2.3499999046325684,2.380000114440918,1295027
2020-06-11,2.380000114440918,2.390000104904175,2.3299999237060547,2.3499999046325684,2536271
2020-06-14,2.3499999046325684,2.3499999046325684,2.2899999618530273,2.309999942779541,4185683
2020-06-15,2.309999942779541,2.359999895095825,2.259999990463257,2.319999933242798,3300572
2020-06-16,2.319999933242798,2.369999885559082,2.299999952316284,2.319999933242798,1828988
2020-06-17,2.319999933242798,2.4000000953674316,2.299999952316284,2.359999895095825,7452603
2020-06-18,2.359999895095825,2.359999895095825,2.299999952316284,2.309999942779541,2269709
2020-06-21,2.309999942779541,2.319999933242798,2.259999990463257,2.309999942779541,1655110
2020-06-22,2.309999942779541,2.3399999141693115,2.259999990463257,2.2899999618530273,2383859
2020-06-23,2.2899999618530273,2.3299999237060547,2.259999990463257,2.2899999618530273,1219742
2020-06-24,2.2899999618530273,2.4200000762939453,2.299999952316284,2.3499999046325684,12093884
2020-06-25,2.3499999046325684,2.3399999141693115,2.2699999809265137,2.2899999618530273,6758556
2020-06-28,2.2899999618530273,2.299999952316284,2.2699999809265137,2.2799999713897705,1070430
2020-06-29,2.2799999713897705,2.309999942779541,2.259999990463257,2.2799999713897705,1239537
2020-06-30,2.2799999713897705,2.4000000953674316,2.25,2.3399999141693115,4653507
2020-07-05,2.3399999141693115,2.380000114440918,2.309999942779541,2.359999895095825,2798859
2020-07-06,2.359999895095825,2.4600000381469727,2.359999895095825,2.4100000858306885,11226087
2020-07-07,2.4100000858306885,2.450000047683716,2.380000114440918,2.4100000858306885,5222507
2020-07-08,2.4100000858306885,2.490000009536743,2.380000114440918,2.430000066757202,8777901
2020-07-09,2.430000066757202,2.4000000953674316,2.319999933242798,2.369999885559082,3256364
2020-07-12,2.369999885559082,2.4600000381469727,2.380000114440918,2.430000066757202,4986672
2020-07-13,2.430000066757202,2.4700000286102295,2.3499999046325684,2.4100000858306885,6167545
2020-07-14,2.4100000858306885,2.380000114440918,2.319999933242798,2.3499999046325684,3770245
2020-07-15,2.3499999046325684,2.4000000953674316,2.190000057220459,2.319999933242798,7199612
2020-07-16,2.319999933242798,2.309999942779541,2.200000047683716,2.259999990463257,4624650
2020-07-19,2.259999990463257,2.2699999809265137,2.140000104904175,2.190000057220459,6930713
2020-07-20,2.190000057220459,2.2100000381469727,2.1500000953674316,2.1700000762939453,10866566
2020-07-21,2.1700000762939453,2.2300000190734863,2.180000066757202,2.200000047683716,5119218
2020-07-22,2.200000047683716,2.2200000286102295,2.180000066757202,2.190000057220459,1347615
2020-07-26,2.190000057220459,2.25,2.2100000381469727,2.2300000190734863,1541483
2020-07-27,2.2300000190734863,2.299999952316284,2.2200000286102295,2.2699999809265137,2567668
2020-07-28,2.2699999809265137,2.2899999618530273,2.2300000190734863,2.259999990463257,1721001
2020-07-29,2.259999990463257,2.2799999713897705,2.240000009536743,2.259999990463257,2288315
2020-08-04,2.259999990463257,2.4000000953674316,2.2799999713897705,2.359999895095825,13245582
2020-08-05,2.359999895095825,2.4800000190734863,2.369999885559082,2.440000057220459,21981296
2020-08-06,2.440000057220459,2.4700000286102295,2.4200000762939453,2.450000047683716,6512059
2020-08-09,2.450000047683716,2.549999952316284,2.4200000762939453,2.5,12860847
2020-08-10,2.5,2.549999952316284,2.4700000286102295,2.509999990463257,3940120
2020-08-11,2.509999990463257,2.559999942779541,2.490000009536743,2.509999990463257,5739501
2020-08-12,2.509999990463257,2.5199999809265137,2.4200000762939453,2.450000047683716,2295991
2020-08-13,2.450000047683716,2.4700000286102295,2.4200000762939453,2.450000047683716,1048693
2020-08-16,2.450000047683716,2.509999990463257,2.450000047683716,2.490000009536743,3615087
2020-08-17,2.490000009536743,2.5,2.390000104904175,2.430000066757202,3050133
2020-08-18,2.430000066757202,2.430000066757202,2.390000104904175,2.4000000953674316,2113253
2020-08-19,2.4000000953674316,2.450000047683716,2.390000104904175,2.4100000858306885,3242782
2020-08-23,2.4100000858306885,2.5,2.440000057220459,2.4700000286102295,11281548
2020-08-24,2.4700000286102295,2.5299999713897705,2.430000066757202,2.490000009536743,9306450
2020-08-25,2.490000009536743,2.490000009536743,2.430000066757202,2.4600000381469727,2559449
2020-08-26,2.4600000381469727,2.549999952316284,2.4600000381469727,2.509999990463257,8188228
2020-08-27,2.509999990463257,2.5899999141693115,2.4600000381469727,2.5399999618530273,8384201
2020-08-30,2.5399999618530273,2.5999999046325684,2.5299999713897705,2.559999942779541,3704039
2020-08-31,2.559999942779541,2.619999885559082,2.4800000190734863,2.5399999618530273,6911750
2020-09-01,2.5399999618530273,2.5299999713897705,2.450000047683716,2.490000009536743,1707971
2020-09-02,2.490000009536743,2.509999990463257,2.450000047683716,2.4800000190734863,729521
2020-09-03,2.4800000190734863,2.5,2.430000066757202,2.4600000381469727,833642
2020-09-06,2.4600000381469727,2.4600000381469727,2.380000114440918,2.4100000858306885,1157584
2020-09-07,2.4100000858306885,2.450000047683716,2.369999885559082,2.390000104904175,2428886
2020-09-08,2.390000104904175,2.4200000762939453,2.200000047683716,2.299999952316284,4340633
2020-09-09,2.299999952316284,2.299999952316284,2.299999952316284,2.299999952316284,0
2020-09-10,2.309999942779541,2.390000104904175,2.299999952316284,2.3399999141693115,2082275
2020-09-13,2.3399999141693115,2.390000104904175,2.309999942779541,2.3499999046325684,1357942
2020-09-14,2.3499999046325684,2.440000057220459,2.3399999141693115,2.4000000953674316,3177326
2020-09-15,2.4000000953674316,2.4200000762939453,2.3499999046325684,2.380000114440918,1923333
2020-09-16,2.380000114440918,2.4800000190734863,2.369999885559082,2.430000066757202,8656678
2020-09-17,2.430000066757202,2.450000047683716,2.359999895095825,2.390000104904175,1143484
2020-09-20,2.390000104904175,2.4000000953674316,2.3399999141693115,2.390000104904175,917448
2020-09-21,2.390000104904175,2.450000047683716,2.299999952316284,2.380000114440918,4486875
2020-09-22,2.380000114440918,2.440000057220459,2.319999933242798,2.4000000953674316,2792000
2020-09-23,2.4000000953674316,2.450000047683716,2.359999895095825,2.4000000953674316,1632801
2020-09-24,2.4000000953674316,2.4000000953674316,2.3299999237060547,2.359999895095825,874244
2020-09-27,2.359999895095825,2.4700000286102295,2.390000104904175,2.4200000762939453,1860461
2020-09-28,2.4200000762939453,2.4700000286102295,2.390000104904175,2.440000057220459,2541537
2020-09-29,2.440000057220459,2.5,2.4000000953674316,2.450000047683716,3138290
2020-09-30,2.450000047683716,2.549999952316284,2.4100000858306885,2.490000009536743,12833153
2020-10-01,2.490000009536743,2.559999942779541,2.4600000381469727,2.5,6801547
2020-10-04,2.5,2.549999952316284,2.440000057220459,2.4800000190734863,4708892
2020-10-05,2.4800000190734863,2.4800000190734863,2.4100000858306885,2.440000057220459,960395
2020-10-06,2.440000057220459,2.440000057220459,2.440000057220459,2.440000057220459,0
2020-10-07,2.5299999713897705,2.609999895095825,2.509999990463257,2.569999933242798,23513166
2020-10-11,2.569999933242798,2.5999999046325684,2.5199999809265137,2.569999933242798,12511635
2020-10-12,2.569999933242798,2.690000057220459,2.569999933242798,2.630000114440918,31018990
2020-10-13,2.630000114440918,2.619999885559082,2.5399999618530273,2.5799999237060547,8502238
2020-10-14,2.5799999237060547,2.5999999046325684,2.5399999618530273,2.549999952316284,5710970
2020-10-15,2.549999952316284,2.609999895095825,2.509999990463257,2.559999942779541,13655099
2020-10-18,2.559999942779541,2.559999942779541,2.490000009536743,2.509999990463257,6727431
2020-10-19,2.509999990463257,2.5199999809265137,2.4600000381469727,2.490000009536743,6997926
2020-10-20,2.490000009536743,2.490000009536743,2.450000047683716,2.4700000286102295,1629868
2020-10-21,2.4700000286102295,2.5,2.390000104904175,2.4600000381469727,5687537
2020-10-22,2.4600000381469727,2.440000057220459,2.3299999237060547,2.359999895095825,4798583
2020-10-25,2.359999895095825,2.390000104904175,2.2799999713897705,2.3299999237060547,2257403
2020-10-26,2.3299999237060547,2.369999885559082,2.2899999618530273,2.3399999141693115,3669383
2020-10-27,2.3399999141693115,2.4000000953674316,2.3299999237060547,2.3499999046325684,3897457
2020-10-28,2.3499999046325684,2.3399999141693115,2.2799999713897705,2.299999952316284,4942934
2020-11-01,2.299999952316284,2.2799999713897705,2.2200000286102295,2.259999990463257,8065621
2020-11-02,2.259999990463257,2.259999990463257,2.1600000858306885,2.200000047683716,9885785
2020-11-03,2.200000047683716,2.25,2.190000057220459,2.2300000190734863,6107948
2020-11-04,2.2300000190734863,2.2799999713897705,2.2100000381469727,2.240000009536743,12197616
2020-11-05,2.240000009536743,2.2899999618530273,2.2300000190734863,2.259999990463257,7881887
2020-11-08,2.259999990463257,2.2699999809265137,2.2200000286102295,2.240000009536743,2671747
2020-11-09,2.240000009536743,2.319999933242798,2.240000009536743,2.2799999713897705,14730505
2020-11-10,2.2799999713897705,2.359999895095825,2.2899999618530273,2.319999933242798,7847436
2020-11-11,2.319999933242798,2.380000114440918,2.299999952316284,2.3399999141693115,6262594
2020-11-12,2.3399999141693115,2.380000114440918,2.309999942779541,2.3399999141693115,4298570
2020-11-15,2.3399999141693115,2.369999885559082,2.309999942779541,2.3399999141693115,4209222
2020-11-16,2.3399999141693115,2.4000000953674316,2.3299999237060547,2.359999895095825,7019238
2020-11-17,2.359999895095825,2.4600000381469727,2.369999885559082,2.4200000762939453,18503826
2020-11-18,2.4200000762939453,2.4600000381469727,2.380000114440918,2.4200000762939453,7333474
2020-11-19,2.4200000762939453,2.4600000381469727,2.359999895095825,2.430000066757202,14124142
2020-11-22,2.430000066757202,2.4800000190734863,2.4100000858306885,2.440000057220459,3661175
2020-11-23,2.440000057220459,2.5,2.4000000953674316,2.450000047683716,16110485
2020-11-24,2.450000047683716,2.5399999618530273,2.4600000381469727,2.490000009536743,16852121
2020-11-25,2.490000009536743,2.5199999809265137,2.450000047683716,2.4800000190734863,10298618
2020-11-26,2.4800000190734863,2.549999952316284,2.450000047683716,2.5,11981550
2020-11-29,2.5,2.559999942779541,2.490000009536743,2.5299999713897705,8346095
2020-11-30,2.5299999713897705,2.5399999618530273,2.490000009536743,2.509999990463257,6948010
2020-12-01,2.509999990463257,2.75,2.490000009536743,2.640000104904175,52920243
2020-12-02,2.640000104904175,2.8399999141693115,2.6700000762939453,2.75,39609949
2020-12-03,2.75,2.7200000286102295,2.630000114440918,2.680000066757202,5721536
2020-12-06,2.680000066757202,2.7100000381469727,2.6500000953674316,2.6700000762939453,3922182
2020-12-07,2.6700000762939453,2.690000057220459,2.569999933242798,2.609999895095825,9720794
2020-12-08,2.609999895095825,2.630000114440918,2.5299999713897705,2.5799999237060547,7449120
2020-12-09,2.5799999237060547,2.5999999046325684,2.490000009536743,2.5299999713897705,10304662
2020-12-10,2.5299999713897705,2.5299999713897705,2.440000057220459,2.4700000286102295,6999251
2020-12-13,2.4700000286102295,2.509999990463257,2.4000000953674316,2.4600000381469727,6738168
2020-12-14,2.4600000381469727,2.5,2.450000047683716,2.4800000190734863,5034147
2020-12-15,2.4800000190734863,2.5399999618530273,2.450000047683716,2.490000009536743,11267319
2020-12-16,2.490000009536743,2.5,2.4100000858306885,2.440000057220459,3914021
2020-12-17,2.440000057220459,2.4600000381469727,2.4000000953674316,2.4200000762939453,6990606
2020-12-20,2.4200000762939453,2.4800000190734863,2.430000066757202,2.4600000381469727,2400402
2020-12-21,2.4600000381469727,2.430000066757202,2.25,2.309999942779541,6277443
2020-12-22,2.309999942779541,2.390000104904175,2.25,2.3399999141693115,3193108
2020-12-23,2.3399999141693115,2.390000104904175,2.3299999237060547,2.3499999046325684,1943569
2020-12-24,2.3499999046325684,2.4000000953674316,2.3299999237060547,2.359999895095825,7124747
2020-12-27,2.359999895095825,2.3499999046325684,2.2899999618530273,2.309999942779541,5108117
2020-12-28,2.309999942779541,2.3399999141693115,2.2799999713897705,2.309999942779541,3639178
2020-12-29,2.309999942779541,2.359999895095825,2.299999952316284,2.3299999237060547,4324926
2020-12-30,2.3299999237060547,2.4000000953674316,2.3499999046325684,2.380000114440918,5643632
2020-12-31,2.380000114440918,2.4000000953674316,2.3499999046325684,2.369999885559082,4344670
2021-01-03,2.369999885559082,2.4100000858306885,2.3399999141693115,2.380000114440918,4318542
2021-01-04,2.380000114440918,2.4100000858306885,2.3299999237060547,2.3499999046325684,4444260
2021-01-05,2.3499999046325684,2.380000114440918,2.309999942779541,2.3499999046325684,3666496
2021-01-06,2.3499999046325684,2.4000000953674316,2.3399999141693115,2.369999885559082,4112471
2021-01-10,2.369999885559082,2.4800000190734863,2.369999885559082,2.450000047683716,11046172
2021-01-11,2.450000047683716,2.5199999809265137,2.440000057220459,2.490000009536743,6154856
2021-01-12,2.490000009536743,2.490000009536743,2.450000047683716,2.4700000286102295,5826824
2021-01-13,2.4700000286102295,2.559999942779541,2.4600000381469727,2.5299999713897705,17116237
2021-01-14,2.5299999713897705,2.5399999618530273,2.5,2.5299999713897705,4630225
2021-01-17,2.5299999713897705,2.559999942779541,2.5,2.5399999618530273,8245734
2021-01-18,2.5399999618530273,2.5199999809265137,2.4800000190734863,2.5,2547770
2021-01-19,2.5,2.5399999618530273,2.5,2.5199999809265137,1774574
2021-01-20,2.5199999809265137,2.619999885559082,2.5399999618530273,2.5899999141693115,32795044
2021-01-21,2.5899999141693115,2.680000066757202,2.5999999046325684,2.640000104904175,7406035
2021-01-24,2.640000104904175,2.6500000953674316,2.5799999237060547,2.5999999046325684,2470573
2021-01-25,2.5999999046325684,2.5999999046325684,2.5999999046325684,2.5999999046325684,0
2021-01-26,2.609999895095825,2.6600000858306885,2.5999999046325684,2.630000114440918,3079664
2021-01-27,2.630000114440918,2.6500000953674316,2.5999999046325684,2.640000104904175,9377934
2021-01-31,2.640000104904175,2.630000114440918,2.559999942779541,2.5899999141693115,1896234
2021-02-01,2.5899999141693115,2.7100000381469727,2.5799999237060547,2.6600000858306885,7769673
2021-02-02,2.6600000858306885,2.799999952316284,2.700000047683716,2.759999990463257,11344631
2021-02-03,2.759999990463257,2.799999952316284,2.6600000858306885,2.7200000286102295,6184106
2021-02-04,2.7200000286102295,2.690000057220459,2.619999885559082,2.6500000953674316,2023761
2021-02-07,2.6500000953674316,2.690000057220459,2.630000114440918,2.6600000858306885,1271391
2021-02-08,2.6600000858306885,2.6600000858306885,2.5799999237060547,2.609999895095825,1388622
2021-02-09,2.609999895095825,2.619999885559082,2.569999933242798,2.5999999046325684,378654
2021-02-10,2.5999999046325684,2.630000114440918,2.569999933242798,2.5999999046325684,1590867
2021-02-11,2.5999999046325684,2.619999885559082,2.5299999713897705,2.569999933242798,2574769
2021-02-14,2.569999933242798,2.5999999046325684,2.4800000190734863,2.5299999713897705,1248357
2021-02-15,2.5299999713897705,2.5799999237060547,2.4800000190734863,2.5,1625836
2021-02-16,2.5,2.5899999141693115,2.5,2.559999942779541,934043
2021-02-17,2.559999942779541,2.549999952316284,2.4800000190734863,2.5,1024459
2021-02-18,2.5,2.5199999809265137,2.450000047683716,2.4800000190734863,465947
2021-02-21,2.4800000190734863,2.5399999618530273,2.4600000381469727,2.4800000190734863,2224070
2021-02-22,2.4800000190734863,2.5199999809265137,2.4600000381469727,2.5,345819
2021-02-23,2.5,2.5,2.430000066757202,2.450000047683716,1238607
2021-02-24,2.450000047683716,2.5,2.430000066757202,2.4600000381469727,806460
2021-02-25,2.4600000381469727,2.5199999809265137,2.450000047683716,2.4700000286102295,1162859
2021-02-28,2.4700000286102295,2.490000009536743,2.430000066757202,2.450000047683716,883147
2021-03-01,2.450000047683716,2.5199999809265137,2.440000057220459,2.5,3189603
2021-03-02,2.5,2.5299999713897705,2.390000104904175,2.430000066757202,2429556
2021-03-03,2.430000066757202,2.440000057220459,2.359999895095825,2.390000104904175,2620401
2021-03-04,2.390000104904175,2.390000104904175,2.390000104904175,2.390000104904175,0
2021-03-07,2.4000000953674316,2.490000009536743,2.4200000762939453,2.450000047683716,1222426
2021-03-08,2.450000047683716,2.4700000286102295,2.390000104904175,2.4200000762939453,2307908
2021-03-09,2.4200000762939453,2.4600000381469727,2.4000000953674316,2.430000066757202,1635735
2021-03-10,2.430000066757202,2.440000057220459,2.390000104904175,2.4100000858306885,802950
2021-03-11,2.4100000858306885,2.450000047683716,2.4000000953674316,2.430000066757202,991002
2021-03-14,2.430000066757202,2.4700000286102295,2.4200000762939453,2.430000066757202,244131
2021-03-15,2.430000066757202,2.430000066757202,2.359999895095825,2.4000000953674316,1806816
2021-03-16,2.4000000953674316,2.4200000762939453,2.380000114440918,2.4000000953674316,1224915
2021-03-17,2.4000000953674316,2.440000057220459,2.390000104904175,2.4100000858306885,572067
2021-03-18,2.4100000858306885,2.4000000953674316,2.359999895095825,2.390000104904175,953367
2021-03-21,2.390000104904175,2.4200000762939453,2.319999933242798,2.369999885559082,1374327
2021-03-22,2.369999885559082,2.3499999046325684,2.2699999809265137,2.309999942779541,2533370
2021-03-23,2.309999942779541,2.359999895095825,2.259999990463257,2.309999942779541,1146071
2021-03-24,2.309999942779541,2.380000114440918,2.2899999618530273,2.319999933242798,2562220
2021-03-25,2.319999933242798,2.4000000953674316,2.2799999713897705,2.3399999141693115,4137849
2021-03-28,2.3399999141693115,2.4200000762939453,2.2799999713897705,2.309999942779541,5685439
2021-03-29,2.309999942779541,2.309999942779541,2.2899999618530273,2.299999952316284,3588912
2021-03-30,2.299999952316284,2.3399999141693115,2.299999952316284,2.319999933242798,4114738
2021-03-31,2.319999933242798,2.3299999237060547,2.2699999809265137,2.2799999713897705,3104998
2021-04-01,2.2799999713897705,2.3299999237060547,2.2799999713897705,2.299999952316284,2220359
2021-04-04,2.299999952316284,2.319999933242798,2.259999990463257,2.2799999713897705,1370422
2021-04-05,2.2799999713897705,2.2899999618530273,2.2100000381469727,2.2300000190734863,1825683
2021-04-06,2.2300000190734863,2.309999942779541,2.200000047683716,2.2699999809265137,1950897
2021-04-07,2.2699999809265137,2.299999952316284,2.240000009536743,2.2699999809265137,302311
2021-04-08,2.2699999809265137,2.3299999237060547,2.25,2.309999942779541,914339
2021-04-11,2.309999942779541,2.359999895095825,2.299999952316284,2.3299999237060547,2614975
2021-04-12,2.3299999237060547,2.359999895095825,2.2799999713897705,2.309999942779541,3536334
2021-04-13,2.309999942779541,2.3399999141693115,2.259999990463257,2.2699999809265137,481366
2021-04-14,2.2699999809265137,2.299999952316284,2.1700000762939453,2.2100000381469727,3071606
2021-04-15,2.2100000381469727,2.2200000286102295,2.119999885559082,2.1500000953674316,3561154
2021-04-18,2.1500000953674316,2.2100000381469727,2.1600000858306885,2.1700000762939453,565119
2021-04-19,2.1700000762939453,2.2200000286102295,2.1600000858306885,2.180000066757202,4891125
2021-04-20,2.180000066757202,2.25,2.190000057220459,2.240000009536743,4050891
2021-04-21,2.240000009536743,2.2799999713897705,2.2100000381469727,2.240000009536743,2353405
2021-04-22,2.240000009536743,2.25,2.2100000381469727,2.240000009536743,604233
2021-04-25,2.240000009536743,2.2699999809265137,2.2300000190734863,2.259999990463257,1147038
2021-04-26,2.259999990463257,2.2799999713897705,2.2200000286102295,2.25,531224
2021-04-27,2.25,2.259999990463257,2.2300000190734863,2.25,854417
2021-04-28,2.25,2.259999990463257,2.2200000286102295,2.25,517134
2021-05-04,2.25,2.2699999809265137,2.2200000286102295,2.25,898164
2021-05-05,2.25,2.259999990463257,2.2200000286102295,2.240000009536743,188326
2021-05-06,2.240000009536743,2.2899999618530273,2.2300000190734863,2.2699999809265137,1156202
2021-05-09,2.2699999809265137,2.299999952316284,2.259999990463257,2.2799999713897705,613145
2021-05-10,2.2799999713897705,2.309999942779541,2.2699999809265137,2.2899999618530273,1158682
2021-05-11,2.2899999618530273,2.3299999237060547,2.259999990463257,2.299999952316284,4185586
2021-05-17,2.299999952316284,2.3499999046325684,2.2799999713897705,2.319999933242798,2653743
2021-05-18,2.319999933242798,2.369999885559082,2.309999942779541,2.3499999046325684,3031928
2021-05-19,2.3499999046325684,2.369999885559082,2.2899999618530273,2.319999933242798,1695380
2021-05-20,2.319999933242798,2.4000000953674316,2.299999952316284,2.3499999046325684,6596743
2021-05-23,2.3499999046325684,2.4200000762939453,2.3499999046325684,2.390000104904175,10254479
2021-05-24,2.390000104904175,2.4000000953674316,2.299999952316284,2.3399999141693115,1391107
2021-05-25,2.3399999141693115,2.3299999237060547,2.259999990463257,2.2899999618530273,1384149
2021-05-26,2.2899999618530273,2.299999952316284,2.259999990463257,2.2799999713897705,614999
2021-05-27,2.2799999713897705,2.2799999713897705,2.200000047683716,2.2200000286102295,5308872
2021-05-30,2.2200000286102295,2.25,2.200000047683716,2.2200000286102295,2827613
2021-05-31,2.2200000286102295,2.25,2.180000066757202,2.200000047683716,3815576
2021-06-01,2.200000047683716,2.200000047683716,2.1500000953674316,2.1700000762939453,2459244
2021-06-02,2.1700000762939453,2.2300000190734863,2.1700000762939453,2.200000047683716,1279475
2021-06-03,2.200000047683716,2.240000009536743,2.1700000762939453,2.2200000286102295,1666238
2021-06-06,2.2200000286102295,2.25,2.2100000381469727,2.240000009536743,855723
2021-06-07,2.240000009536743,2.299999952316284,2.2100000381469727,2.2699999809265137,3696584
2021-06-08,2.2699999809265137,2.299999952316284,2.2100000381469727,2.259999990463257,1712692
2021-06-09,2.259999990463257,2.309999942779541,2.25,2.2899999618530273,1688711
2021-06-10,2.2899999618530273,2.2799999713897705,2.2300000190734863,2.25,903906
2021-06-13,2.25,2.359999895095825,2.200000047683716,2.2699999809265137,5630234
2021-06-14,2.2699999809265137,2.25,2.200000047683716,2.2300000190734863,3347031
2021-06-15,2.2300000190734863,2.25,2.1600000858306885,2.200000047683716,2923104
2021-06-16,2.200000047683716,2.2100000381469727,2.1600000858306885,2.180000066757202,3250292
2021-06-17,2.180000066757202,2.190000057220459,2.140000104904175,2.1700000762939453,5384331
2021-06-20,2.1700000762939453,2.190000057220459,2.119999885559082,2.1600000858306885,2060975
2021-06-21,2.1600000858306885,2.2300000190734863,2.180000066757202,2.2100000381469727,2158517
2021-06-22,2.2100000381469727,2.3299999237060547,2.2100000381469727,2.2899999618530273,10457395
2021-06-23,2.2899999618530273,2.3399999141693115,2.2699999809265137,2.319999933242798,9013944
2021-06-24,2.319999933242798,2.3499999046325684,2.299999952316284,2.3299999237060547,3244718
2021-06-27,2.3299999237060547,2.359999895095825,2.309999942779541,2.3299999237060547,1831581
2021-06-28,2.3299999237060547,2.359999895095825,2.309999942779541,2.3399999141693115,3169016
2021-06-29,2.3399999141693115,2.3399999141693115,2.299999952316284,2.319999933242798,6132101
2021-06-30,2.319999933242798,2.4000000953674316,2.3399999141693115,2.380000114440918,8343584
2021-07-04,2.380000114440918,2.4200000762939453,2.3499999046325684,2.380000114440918,4177519
2021-07-05,2.380000114440918,2.4200000762939453,2.3499999046325684,2.380000114440918,2309814
2021-07-06,2.380000114440918,2.359999895095825,2.25,2.309999942779541,3283339
2021-07-07,2.309999942779541,2.359999895095825,2.299999952316284,2.3399999141693115,757691
2021-07-08,2.3399999141693115,2.359999895095825,2.309999942779541,2.319999933242798,342067
2021-07-11,2.319999933242798,2.3499999046325684,2.2799999713897705,2.319999933242798,911029
2021-07-12,2.319999933242798,2.3399999141693115,2.299999952316284,2.299999952316284,1133020
2021-07-13,2.299999952316284,2.3499999046325684,2.2899999618530273,2.3299999237060547,937977
2021-07-14,2.3299999237060547,2.369999885559082,2.319999933242798,2.3499999046325684,1374351
2021-07-15,2.3499999046325684,2.4000000953674316,2.299999952316284,2.369999885559082,6910639
2021-07-18,2.369999885559082,2.4600000381469727,2.359999895095825,2.4200000762939453,7899713
2021-07-25,2.4200000762939453,2.490000009536743,2.4200000762939453,2.4600000381469727,4761867
2021-07-26,2.4600000381469727,2.4700000286102295,2.3299999237060547,2.390000104904175,2374286
2021-07-27,2.390000104904175,2.4000000953674316,2.3399999141693115,2.359999895095825,1163246
2021-07-28,2.359999895095825,2.4200000762939453,2.3399999141693115,2.380000114440918,3291485
2021-07-29,2.380000114440918,2.4000000953674316,2.3399999141693115,2.369999885559082,2123845
2021-08-01,2.369999885559082,2.4000000953674316,2.3499999046325684,2.380000114440918,2523170
2021-08-02,2.380000114440918,2.4600000381469727,2.359999895095825,2.4000000953674316,5198175
2021-08-03,2.4000000953674316,2.440000057220459,2.3499999046325684,2.390000104904175,5384878
2021-08-04,2.390000104904175,2.4000000953674316,2.3499999046325684,2.380000114440918,2056986
2021-08-05,2.380000114440918,2.430000066757202,2.359999895095825,2.4100000858306885,3316540
2021-08-08,2.4100000858306885,2.4100000858306885,2.4100000858306885,2.4100000858306885,0
2021-08-09,2.4100000858306885,2.4100000858306885,2.4100000858306885,2.4100000858306885,0
2021-08-10,2.430000066757202,2.440000057220459,2.380000114440918,2.4000000953674316,1728159
2021-08-11,2.4000000953674316,2.4600000381469727,2.390000104904175,2.430000066757202,4658581
2021-08-15,2.430000066757202,2.450000047683716,2.380000114440918,2.4200000762939453,2365233
2021-08-16,2.4200000762939453,2.490000009536743,2.390000104904175,2.4600000381469727,5401457
2021-08-17,2.4600000381469727,2.5,2.390000104904175,2.4200000762939453,12296024
2021-08-18,2.4200000762939453,2.450000047683716,2.359999895095825,2.4000000953674316,6740696
2021-08-19,2.4000000953674316,2.380000114440918,2.3299999237060547,2.359999895095825,2626811
2021-08-22,2.359999895095825,2.4100000858306885,2.319999933242798,2.380000114440918,3933564
2021-08-23,2.380000114440918,2.490000009536743,2.3499999046325684,2.440000057220459,8051394
2021-08-24,2.440000057220459,2.4800000190734863,2.390000104904175,2.430000066757202,3843041
2021-08-25,2.430000066757202,2.5299999713897705,2.430000066757202,2.490000009536743,6350464
2021-08-26,2.490000009536743,2.559999942779541,2.450000047683716,2.509999990463257,5159782
2021-08-29,2.509999990463257,2.5299999713897705,2.4700000286102295,2.5,2489164
2021-08-30,2.5,2.549999952316284,2.4700000286102295,2.509999990463257,2898693
2021-08-31,2.509999990463257,2.509999990463257,2.450000047683716,2.4700000286102295,1759315
2021-09-01,2.4700000286102295,2.490000009536743,2.430000066757202,2.4600000381469727,2808160
2021-09-02,2.4600000381469727,2.5799999237060547,2.4600000381469727,2.5199999809265137,6563578
2021-09-05,2.5199999809265137,2.609999895095825,2.4700000286102295,2.490000009536743,7028645
2021-09-06,2.490000009536743,2.490000009536743,2.4200000762939453,2.4200000762939453,1909051
2021-09-07,2.4200000762939453,2.4600000381469727,2.369999885559082,2.4000000953674316,2090524
2021-09-08,2.4000000953674316,2.5199999809265137,2.4200000762939453,2.4800000190734863,5348528
2021-09-09,2.4800000190734863,2.509999990463257,2.440000057220459,2.4700000286102295,5648750
2021-09-12,2.4700000286102295,2.509999990463257,2.440000057220459,2.450000047683716,2705122
2021-09-13,2.450000047683716,2.490000009536743,2.440000057220459,2.4700000286102295,1613671
2021-09-14,2.4700000286102295,2.5899999141693115,2.4600000381469727,2.5899999141693115,9399492
2021-09-15,2.5899999141693115,2.740000009536743,2.5999999046325684,2.740000009536743,38243845
2021-09-16,2.740000009536743,2.7699999809265137,2.5999999046325684,2.630000114440918,5341346
2021-09-19,2.630000114440918,2.640000104904175,2.5,2.509999990463257,2571384
2021-09-20,2.509999990463257,2.559999942779541,2.4700000286102295,2.5,1471944
2021-09-21,2.5,2.5,2.5,2.5,0
2021-09-22,2.4800000190734863,2.569999933242798,2.4100000858306885,2.430000066757202,10583113
2021-09-23,2.430000066757202,2.4800000190734863,2.430000066757202,2.440000057220459,3658566
2021-09-26,2.440000057220459,2.4800000190734863,2.4100000858306885,2.4200000762939453,2996025
2021-09-27,2.4200000762939453,2.450000047683716,2.369999885559082,2.4000000953674316,4459753
2021-09-28,2.4000000953674316,2.4000000953674316,2.4000000953674316,2.4000000953674316,0
2021-09-29,2.4200000762939453,2.450000047683716,2.380000114440918,2.4100000858306885,751936
2021-09-30,2.4100000858306885,2.4200000762939453,2.3499999046325684,2.4000000953674316,5933849
2021-10-03,2.4000000953674316,2.440000057220459,2.4100000858306885,2.4200000762939453,3888822
2021-10-04,2.4200000762939453,2.4200000762939453,2.4200000762939453,2.4200000762939453,0
2021-10-05,2.4000000953674316,2.4200000762939453,2.380000114440918,2.4000000953674316,1209358
2021-10-06,2.4000000953674316,2.4000000953674316,2.359999895095825,2.359999895095825,1042845
2021-10-10,2.359999895095825,2.4000000953674316,2.3299999237060547,2.3399999141693115,1262825
2021-10-11,2.3399999141693115,2.369999885559082,2.3399999141693115,2.3499999046325684,489998
2021-10-12,2.3499999046325684,2.369999885559082,2.3299999237060547,2.3399999141693115,627095
2021-10-13,2.3399999141693115,2.380000114440918,2.309999942779541,2.319999933242798,474092
2021-10-14,2.319999933242798,2.359999895095825,2.299999952316284,2.309999942779541,211925
2021-10-17,2.309999942779541,2.380000114440918,2.309999942779541,2.309999942779541,598301
2021-10-18,2.309999942779541,2.309999942779541,2.309999942779541,2.309999942779541,0
2021-10-19,2.390000104904175,2.4200000762939453,2.359999895095825,2.380000114440918,923200
2021-10-20,2.380000114440918,2.4000000953674316,2.2899999618530273,2.3399999141693115,1269284
2021-10-24,2.3399999141693115,2.380000114440918,2.309999942779541,2.3499999046325684,649844
2021-10-25,2.3499999046325684,2.380000114440918,2.319999933242798,2.3399999141693115,398405
2021-10-26,2.3399999141693115,2.359999895095825,2.259999990463257,2.309999942779541,1547988
2021-10-27,2.309999942779541,2.3299999237060547,2.2699999809265137,2.2899999618530273,755180
2021-10-28,2.2899999618530273,2.359999895095825,2.299999952316284,2.3299999237060547,760291
2021-10-31,2.3299999237060547,2.5,2.2799999713897705,2.440000057220459,3645582
2021-11-01,2.440000057220459,2.5,2.390000104904175,2.4800000190734863,5909551
2021-11-02,2.4800000190734863,2.5999999046325684,2.4600000381469727,2.549999952316284,8917413
2021-11-03,2.549999952316284,2.559999942779541,2.4800000190734863,2.5399999618530273,5420869
2021-11-04,2.5399999618530273,2.5399999618530273,2.450000047683716,2.4800000190734863,649139
2021-11-07,2.4800000190734863,2.4800000190734863,2.4800000190734863,2.4800000190734863,0
2021-11-08,2.4800000190734863,2.4800000190734863,2.4800000190734863,2.4800000190734863,0
2021-11-09,2.4800000190734863,2.4800000190734863,2.4800000190734863,2.4800000190734863,0
2021-11-10,2.549999952316284,2.569999933242798,2.490000009536743,2.549999952316284,2580854
2021-11-11,2.549999952316284,2.5999999046325684,2.5199999809265137,2.5899999141693115,672263
2021-11-14,2.5899999141693115,2.609999895095825,2.450000047683716,2.569999933242798,535409
2021-11-15,2.569999933242798,2.5899999141693115,2.490000009536743,2.5,554807
2021-11-16,2.5,2.549999952316284,2.4700000286102295,2.5,813439
2021-11-17,2.5,2.559999942779541,2.490000009536743,2.549999952316284,1103450
2021-11-18,2.549999952316284,2.549999952316284,2.549999952316284,2.549999952316284,0
2021-11-21,2.5,2.509999990463257,2.4100000858306885,2.4100000858306885,597883
2021-11-22,2.4100000858306885,2.5199999809265137,2.4100000858306885,2.5,358818
2021-11-23,2.5,2.5,2.5,2.5,0
2021-11-24,2.5,2.5,2.5,2.5,0
2021-11-25,2.5,2.690000057220459,2.549999952316284,2.6600000858306885,5098043
2021-11-28,2.6600000858306885,2.6600000858306885,2.6600000858306885,2.6600000858306885,0
2021-11-29,2.5799999237060547,2.640000104904175,2.549999952316284,2.5999999046325684,1415064
2021-11-30,2.5999999046325684,2.680000066757202,2.5799999237060547,2.640000104904175,5608322
2021-12-01,2.640000104904175,2.640000104904175,2.640000104904175,2.640000104904175,0
2021-12-02,2.609999895095825,2.6500000953674316,2.559999942779541,2.609999895095825,613114
2021-12-05,2.609999895095825,2.690000057220459,2.5799999237060547,2.6700000762939453,1934611
2021-12-06,2.6700000762939453,2.75,2.6500000953674316,2.7200000286102295,2174151
2021-12-07,2.7200000286102295,2.819999933242798,2.6700000762939453,2.700000047683716,8513172
2021-12-08,2.700000047683716,2.7200000286102295,2.6600000858306885,2.6600000858306885,251386
2021-12-09,2.6600000858306885,2.700000047683716,2.5999999046325684,2.700000047683716,6214003
2021-12-12,2.700000047683716,2.799999952316284,2.700000047683716,2.7799999713897705,6835699
2021-12-13,2.7799999713897705,2.819999933242798,2.7200000286102295,2.809999942779541,3805277
2021-12-14,2.809999942779541,2.809999942779541,2.809999942779541,2.809999942779541,0
2021-12-15,2.9000000953674316,2.9700000286102295,2.859999895095825,2.950000047683716,9742292
2021-12-16,2.950000047683716,3.049999952316284,2.940000057220459,3.0,11047606
2021-12-19,3.0,3.0299999713897705,2.9100000858306885,3.0,1590625
2021-12-20,3.0,2.9800000190734863,2.9000000953674316,2.9700000286102295,557344
2021-12-21,2.9700000286102295,3.009999990463257,2.9000000953674316,3.0,2447204
2021-12-22,3.0,3.009999990463257,2.940000057220459,3.009999990463257,1181351
2021-12-23,3.009999990463257,3.0199999809265137,2.9700000286102295,3.0,1422198
2021-12-26,3.0,3.0199999809265137,2.9800000190734863,2.990000009536743,1263479
2021-12-27,2.990000009536743,3.0199999809265137,2.9600000381469727,3.0,914603
2021-12-28,3.0,3.0899999141693115,2.940000057220459,3.009999990463257,11794744
2021-12-29,3.009999990463257,3.049999952316284,2.9700000286102295,2.9800000190734863,530476
2021-12-30,2.9800000190734863,3.0,2.940000057220459,2.9800000190734863,1022056
2022-01-02,2.9800000190734863,3.0299999713897705,2.940000057220459,3.009999990463257,946883
2022-01-03,3.009999990463257,3.0299999713897705,2.950000047683716,2.9800000190734863,607433
2022-01-04,2.9800000190734863,3.049999952316284,3.0,3.0299999713897705,1278056
2022-01-05,3.0299999713897705,3.0899999141693115,3.009999990463257,3.0799999237060547,2070974
2022-01-09,3.0799999237060547,3.0799999237060547,3.0799999237060547,3.0799999237060547,0
2022-01-10,3.0299999713897705,3.0999999046325684,3.009999990463257,3.049999952316284,1410620
2022-01-11,3.049999952316284,3.0299999713897705,2.950000047683716,3.0,1461128
2022-01-12,3.0,3.059999942779541,3.009999990463257,3.0299999713897705,309994
2022-01-13,3.0299999713897705,3.049999952316284,2.950000047683716,3.0,816694
2022-01-16,3.0,3.0399999618530273,2.9200000762939453,2.940000057220459,258863
2022-01-17,2.940000057220459,3.0,2.9200000762939453,2.990000009536743,419406
2022-01-18,2.990000009536743,3.009999990463257,2.940000057220459,3.0,1612311
2022-01-19,3.0,3.0,2.9000000953674316,2.950000047683716,3081701
2022-01-20,2.950000047683716,2.9700000286102295,2.9000000953674316,2.950000047683716,4381397
2022-01-23,2.950000047683716,2.940000057220459,2.8499999046325684,2.880000114440918,1645654
2022-01-24,2.880000114440918,2.9000000953674316,2.819999933242798,2.859999895095825,1028805
2022-01-25,2.859999895095825,2.880000114440918,2.759999990463257,2.799999952316284,1074425
2022-01-26,2.799999952316284,2.8499999046325684,2.759999990463257,2.799999952316284,817940
2022-01-30,2.799999952316284,2.880000114440918,2.799999952316284,2.799999952316284,283083
2022-01-31,2.799999952316284,2.9100000858306885,2.799999952316284,2.890000104904175,979059
2022-02-01,2.890000104904175,2.890000104904175,2.8499999046325684,2.8499999046325684,8643278
2022-02-02,2.8499999046325684,2.9600000381469727,2.8499999046325684,2.940000057220459,1592263
2022-02-03,2.940000057220459,3.0,2.9200000762939453,3.0,1101671
2022-02-06,3.0,3.009999990463257,2.930000066757202,3.0,419794
2022-02-07,3.0,3.0299999713897705,2.9700000286102295,2.990000009536743,657810
2022-02-08,2.990000009536743,3.0,2.950000047683716,2.9600000381469727,370914
2022-02-09,2.9600000381469727,3.059999942779541,2.950000047683716,3.049999952316284,8386819
2022-02-10,3.049999952316284,3.0999999046325684,2.9700000286102295,3.0,3083793
2022-02-13,3.0,3.0,2.9000000953674316,2.9200000762939453,660984
2022-02-14,2.9200000762939453,2.990000009536743,2.799999952316284,2.890000104904175,2492586
2022-02-15,2.890000104904175,2.950000047683716,2.8499999046325684,2.859999895095825,1800782
2022-02-16,2.859999895095825,2.9200000762939453,2.869999885559082,2.9000000953674316,2460181
2022-02-17,2.9000000953674316,2.9600000381469727,2.8499999046325684,2.9000000953674316,497600
2022-02-20,2.9000000953674316,2.880000114440918,2.7100000381469727,2.7300000190734863,1487049
2022-02-21,2.7300000190734863,2.7799999713897705,2.700000047683716,2.75,1470090
2022-02-22,2.75,2.799999952316284,2.5999999046325684,2.740000009536743,2265822
2022-02-23,2.740000009536743,2.75,2.700000047683716,2.7200000286102295,554177
2022-02-24,2.7200000286102295,2.619999885559082,2.5,2.5999999046325684,1483760
2022-02-27,2.5999999046325684,2.7100000381469727,2.5999999046325684,2.690000057220459,323006
2022-02-28,2.690000057220459,2.6700000762939453,2.5999999046325684,2.630000114440918,856715
2022-03-01,2.630000114440918,2.8299999237060547,2.640000104904175,2.700000047683716,2957112
2022-03-02,2.700000047683716,2.75,2.609999895095825,2.630000114440918,1051891
2022-03-03,2.630000114440918,2.700000047683716,2.630000114440918,2.6600000858306885,522712
2022-03-06,2.6600000858306885,2.700000047683716,2.5799999237060547,2.640000104904175,2241559
2022-03-07,2.640000104904175,2.640000104904175,2.5299999713897705,2.619999885559082,3058262
2022-03-08,2.619999885559082,2.619999885559082,2.619999885559082,2.619999885559082,0
2022-03-09,2.5299999713897705,2.5899999141693115,2.5299999713897705,2.559999942779541,1007599
2022-03-10,2.559999942779541,2.5899999141693115,2.5399999618530273,2.559999942779541,2909243
2022-03-13,2.559999942779541,2.5999999046325684,2.5299999713897705,2.569999933242798,789217
2022-03-14,2.569999933242798,2.569999933242798,2.559999942779541,2.559999942779541,3508783
2022-03-15,2.559999942779541,2.549999952316284,2.490000009536743,2.549999952316284,4503058
2022-03-16,2.549999952316284,2.700000047683716,2.549999952316284,2.6500000953674316,8294183
2022-03-17,2.6500000953674316,2.700000047683716,2.640000104904175,2.700000047683716,6290636
2022-03-20,2.700000047683716,2.8499999046325684,2.700000047683716,2.8299999237060547,1674747
2022-03-21,2.8299999237060547,3.25,2.7899999618530273,3.0299999713897705,5111052
2022-03-22,3.0299999713897705,3.119999885559082,2.9600000381469727,3.0,1261149
2022-03-23,3.0,3.0,2.9000000953674316,2.9600000381469727,560611
2022-03-24,2.9600000381469727,3.0399999618530273,2.859999895095825,2.9100000858306885,764259
2022-03-27,2.9100000858306885,2.9000000953674316,2.700000047683716,2.8499999046325684,2456805
2022-03-28,2.8499999046325684,2.880000114440918,2.7300000190734863,2.75,1246961
2022-03-29,2.75,2.799999952316284,2.6600000858306885,2.740000009536743,1249702
2022-03-30,2.740000009536743,2.819999933242798,2.7300000190734863,2.809999942779541,333110
2022-03-31,2.809999942779541,2.819999933242798,2.759999990463257,2.819999933242798,192451
2022-04-03,2.819999933242798,2.890000104904175,2.7799999713897705,2.880000114440918,387362
2022-04-04,2.880000114440918,2.950000047683716,2.869999885559082,2.950000047683716,2694410
2022-04-05,2.950000047683716,2.9700000286102295,2.869999885559082,2.880000114440918,3007163
2022-04-06,2.880000114440918,2.950000047683716,2.8399999141693115,2.8499999046325684,1082447
2022-04-07,2.8499999046325684,2.859999895095825,2.7899999618530273,2.809999942779541,345563
2022-04-10,2.809999942779541,2.9000000953674316,2.75,2.759999990463257,261057
2022-04-11,2.759999990463257,2.8399999141693115,2.680000066757202,2.700000047683716,1532459
2022-04-12,2.700000047683716,2.7799999713897705,2.6700000762939453,2.7200000286102295,361628
2022-04-13,2.7200000286102295,2.8399999141693115,2.7100000381469727,2.740000009536743,277705
2022-04-14,2.740000009536743,2.7200000286102295,2.609999895095825,2.700000047683716,1173275
2022-04-17,2.700000047683716,2.7200000286102295,2.609999895095825,2.680000066757202,974072
2022-04-18,2.680000066757202,2.700000047683716,2.609999895095825,2.680000066757202,620907
2022-04-19,2.680000066757202,2.75,2.700000047683716,2.7200000286102295,802170
2022-04-20,2.7200000286102295,2.75,2.6500000953674316,2.6600000858306885,161498
2022-04-21,2.6600000858306885,2.7100000381469727,2.6600000858306885,2.700000047683716,562570
2022-04-26,2.700000047683716,2.7799999713897705,2.6700000762939453,2.700000047683716,481830
2022-04-27,2.700000047683716,2.759999990463257,2.6700000762939453,2.75,300562
2022-04-28,2.75,2.8499999046325684,2.7300000190734863,2.8299999237060547,1020107
2022-05-08,2.8299999237060547,2.799999952316284,2.7200000286102295,2.7699999809265137,1416402
2022-05-09,2.7699999809265137,2.8299999237060547,2.7100000381469727,2.75,749956
2022-05-10,2.75,2.7300000190734863,2.7100000381469727,2.7200000286102295,186663
2022-05-11,2.7200000286102295,2.740000009536743,2.700000047683716,2.7300000190734863,274656
2022-05-12,2.7300000190734863,2.740000009536743,2.630000114440918,2.6700000762939453,870817
2022-05-15,2.6700000762939453,2.759999990463257,2.619999885559082,2.630000114440918,378178
2022-05-16,2.630000114440918,2.7200000286102295,2.619999885559082,2.6500000953674316,159383
2022-05-17,2.6500000953674316,2.7300000190734863,2.6600000858306885,2.6500000953674316,27950
2022-05-18,2.6500000953674316,2.700000047683716,2.630000114440918,2.6500000953674316,251307
2022-05-19,2.6500000953674316,2.700000047683716,2.609999895095825,2.6600000858306885,364649
2022-05-22,2.6600000858306885,2.700000047683716,2.6600000858306885,2.6600000858306885,42922
2022-05-23,2.6600000858306885,2.7200000286102295,2.6500000953674316,2.700000047683716,466459
2022-05-24,2.700000047683716,2.700000047683716,2.6500000953674316,2.6500000953674316,161525
2022-05-25,2.6500000953674316,2.700000047683716,2.630000114440918,2.640000104904175,479924
2022-05-26,2.640000104904175,2.6600000858306885,2.619999885559082,2.630000114440918,934052
2022-05-29,2.630000114440918,2.700000047683716,2.609999895095825,2.6500000953674316,303465
2022-05-30,2.6500000953674316,2.7100000381469727,2.5999999046325684,2.6600000858306885,2248873
2022-05-31,2.6600000858306885,2.700000047683716,2.640000104904175,2.6500000953674316,2233999
2022-06-01,2.6500000953674316,2.690000057220459,2.5299999713897705,2.5899999141693115,2308732
2022-06-02,2.5899999141693115,2.5999999046325684,2.4800000190734863,2.549999952316284,2905400
2022-06-05,2.549999952316284,2.549999952316284,2.549999952316284,2.549999952316284,0
2022-06-06,2.5199999809265137,2.5399999618530273,2.4800000190734863,2.490000009536743,2598636
2022-06-07,2.490000009536743,2.509999990463257,2.4700000286102295,2.5,3807222
2022-06-08,2.5,2.619999885559082,2.5,2.609999895095825,20061942
2022-06-09,2.609999895095825,2.619999885559082,2.549999952316284,2.549999952316284,1112883
2022-06-12,2.549999952316284,2.5899999141693115,2.509999990463257,2.5299999713897705,1018433
2022-06-13,2.5299999713897705,2.569999933242798,2.4700000286102295,2.4800000190734863,878311
2022-06-14,2.4800000190734863,2.5,2.450000047683716,2.4700000286102295,557980
2022-06-15,2.4700000286102295,2.5199999809265137,2.5,2.509999990463257,1687912
2022-06-16,2.509999990463257,2.5299999713897705,2.450000047683716,2.5199999809265137,1068466
2022-06-19,2.5199999809265137,2.5,2.4100000858306885,2.4200000762939453,791294
2022-06-20,2.4200000762939453,2.4600000381469727,2.4100000858306885,2.440000057220459,374385
2022-06-21,2.440000057220459,2.5,2.4000000953674316,2.440000057220459,3042460
2022-06-22,2.440000057220459,2.4600000381469727,2.4200000762939453,2.430000066757202,353291
2022-06-23,2.430000066757202,2.440000057220459,2.3499999046325684,2.359999895095825,1160244
2022-06-26,2.359999895095825,2.390000104904175,2.2699999809265137,2.2899999618530273,3496132
2022-06-27,2.2899999618530273,2.299999952316284,2.190000057220459,2.25,2912574
2022-06-28,2.25,2.3499999046325684,2.200000047683716,2.3499999046325684,2193058
2022-06-29,2.3499999046325684,2.359999895095825,2.2799999713897705,2.3399999141693115,807474
2022-07-03,2.3399999141693115,2.3399999141693115,2.299999952316284,2.319999933242798,877382
2022-07-04,2.319999933242798,2.3499999046325684,2.2799999713897705,2.309999942779541,953895
2022-07-05,2.309999942779541,2.359999895095825,2.319999933242798,2.3499999046325684,4197374
2022-07-06,2.3499999046325684,2.3399999141693115,2.319999933242798,2.3299999237060547,1682217
2022-07-07,2.3299999237060547,2.3499999046325684,2.309999942779541,2.3499999046325684,2833303
2022-07-17,2.3499999046325684,2.380000114440918,2.309999942779541,2.3299999237060547,898886
2022-07-18,2.3299999237060547,2.380000114440918,2.3299999237060547,2.3499999046325684,1112462
2022-07-19,2.3499999046325684,2.450000047683716,2.3299999237060547,2.450000047683716,2024510
2022-07-20,2.450000047683716,2.5,2.4100000858306885,2.4600000381469727,793636
2022-07-21,2.4600000381469727,2.4700000286102295,2.4100000858306885,2.440000057220459,1552687
2022-07-24,2.440000057220459,2.450000047683716,2.359999895095825,2.369999885559082,6434375
2022-07-25,2.369999885559082,2.390000104904175,2.3399999141693115,2.3499999046325684,1538181
2022-07-26,2.3499999046325684,2.4100000858306885,2.3399999141693115,2.369999885559082,3230023
2022-07-27,2.369999885559082,2.4000000953674316,2.359999895095825,2.359999895095825,2481124
2022-07-28,2.359999895095825,2.390000104904175,2.3499999046325684,2.369999885559082,1221486
2022-07-31,2.369999885559082,2.4700000286102295,2.4000000953674316,2.430000066757202,6563615
2022-08-01,2.430000066757202,2.4600000381469727,2.359999895095825,2.369999885559082,2070203
2022-08-02,2.369999885559082,2.4000000953674316,2.359999895095825,2.380000114440918,1912566
2022-08-03,2.380000114440918,2.430000066757202,2.369999885559082,2.380000114440918,1155653
2022-08-04,2.380000114440918,2.5299999713897705,2.390000104904175,2.5,9024930
2022-08-07,2.5,2.549999952316284,2.4600000381469727,2.509999990463257,2538009
2022-08-08,2.509999990463257,2.5899999141693115,2.4800000190734863,2.5299999713897705,4571637
2022-08-09,2.5299999713897705,2.559999942779541,2.4600000381469727,2.4700000286102295,3306095
2022-08-10,2.4700000286102295,2.5299999713897705,2.4700000286102295,2.4800000190734863,8266324
2022-08-11,2.4800000190734863,2.509999990463257,2.4700000286102295,2.490000009536743,744402
2022-08-14,2.490000009536743,2.509999990463257,2.4800000190734863,2.490000009536743,1089045
2022-08-15,2.490000009536743,2.559999942779541,2.5,2.549999952316284,7466301
2022-08-16,2.549999952316284,2.619999885559082,2.5399999618530273,2.5999999046325684,3651531
2022-08-17,2.5999999046325684,2.630000114440918,2.549999952316284,2.5999999046325684,1060448
2022-08-18,2.5999999046325684,2.5999999046325684,2.5999999046325684,2.5999999046325684,0
2022-08-21,2.700000047683716,2.75,2.700000047683716,2.7100000381469727,2500817
2022-08-22,2.7100000381469727,2.75,2.6600000858306885,2.7200000286102295,1822973
2022-08-23,2.7200000286102295,2.7200000286102295,2.7200000286102295,2.7200000286102295,0
2022-08-24,2.609999895095825,2.6600000858306885,2.5,2.569999933242798,2876555
2022-08-25,2.569999933242798,2.740000009536743,2.5199999809265137,2.630000114440918,3713258
2022-08-28,2.630000114440918,2.7899999618530273,2.630000114440918,2.700000047683716,3221352
2022-08-29,2.700000047683716,2.75,2.6700000762939453,2.700000047683716,1854390
2022-08-30,2.700000047683716,2.7300000190734863,2.6600000858306885,2.690000057220459,464314
2022-08-31,2.690000057220459,2.7200000286102295,2.6500000953674316,2.6600000858306885,355288
2022-09-01,2.6600000858306885,2.700000047683716,2.549999952316284,2.5899999141693115,2171994
2022-09-04,2.5899999141693115,2.700000047683716,2.549999952316284,2.6600000858306885,452395
2022-09-05,2.6600000858306885,2.700000047683716,2.640000104904175,2.680000066757202,516516
2022-09-06,2.680000066757202,2.8299999237060547,2.6600000858306885,2.7899999618530273,3062767
2022-09-07,2.7899999618530273,2.799999952316284,2.7100000381469727,2.7300000190734863,858720
2022-09-08,2.7300000190734863,2.75,2.700000047683716,2.7100000381469727,496446
2022-09-11,2.7100000381469727,2.9000000953674316,2.700000047683716,2.8399999141693115,2390384
2022-09-12,2.8399999141693115,2.8499999046325684,2.740000009536743,2.759999990463257,485992
2022-09-13,2.759999990463257,2.7899999618530273,2.740000009536743,2.759999990463257,238382
2022-09-14,2.759999990463257,2.700000047683716,2.569999933242798,2.5999999046325684,3256055
2022-09-15,2.5999999046325684,2.640000104904175,2.4700000286102295,2.4700000286102295,4262783
2022-09-18,2.4700000286102295,2.509999990463257,2.3499999046325684,2.380000114440918,2427046
2022-09-19,2.380000114440918,2.4800000190734863,2.380000114440918,2.4600000381469727,737286
2022-09-20,2.4600000381469727,2.509999990463257,2.450000047683716,2.4600000381469727,3306694
2022-09-21,2.4600000381469727,2.5,2.369999885559082,2.369999885559082,8103808
2022-09-22,2.369999885559082,2.4100000858306885,2.3499999046325684,2.380000114440918,2161939
2022-09-25,2.380000114440918,2.430000066757202,2.380000114440918,2.390000104904175,1004915
2022-09-26,2.390000104904175,2.440000057220459,2.390000104904175,2.4100000858306885,982502
2022-09-27,2.4100000858306885,2.450000047683716,2.4100000858306885,2.430000066757202,841145
2022-09-28,2.430000066757202,2.450000047683716,2.390000104904175,2.4000000953674316,2005774
2022-09-29,2.4000000953674316,2.450000047683716,2.4000000953674316,2.430000066757202,1211210
2022-10-02,2.430000066757202,2.430000066757202,2.390000104904175,2.4000000953674316,1020317
2022-10-03,2.4000000953674316,2.4700000286102295,2.380000114440918,2.450000047683716,2517696
2022-10-04,2.450000047683716,2.5399999618530273,2.450000047683716,2.490000009536743,2395680
2022-10-05,2.490000009536743,2.549999952316284,2.509999990463257,2.5299999713897705,648477
2022-10-09,2.5299999713897705,2.559999942779541,2.4600000381469727,2.5,587490
2022-10-10,2.5,2.5199999809265137,2.4700000286102295,2.5,503281
2022-10-11,2.5,2.549999952316284,2.4700000286102295,2.549999952316284,828639
2022-10-12,2.549999952316284,2.559999942779541,2.490000009536743,2.490000009536743,515102
2022-10-13,2.490000009536743,2.5199999809265137,2.4800000190734863,2.5,439029
2022-10-16,2.5,2.559999942779541,2.5,2.549999952316284,598398
2022-10-17,2.549999952316284,2.5799999237060547,2.549999952316284,2.569999933242798,835843
2022-10-18,2.569999933242798,2.619999885559082,2.559999942779541,2.5999999046325684,2482029
2022-10-19,2.5999999046325684,2.609999895095825,2.549999952316284,2.549999952316284,262673
2022-10-20,2.549999952316284,2.5999999046325684,2.559999942779541,2.5899999141693115,168992
2022-10-23,2.5899999141693115,2.619999885559082,2.5799999237060547,2.5899999141693115,288852
2022-10-24,2.5899999141693115,2.5999999046325684,2.5,2.5199999809265137,924620
2022-10-25,2.5199999809265137,2.559999942779541,2.4700000286102295,2.5199999809265137,1197407
2022-10-26,2.5199999809265137,2.5199999809265137,2.5199999809265137,2.5199999809265137,0
2022-10-27,2.5799999237060547,2.690000057220459,2.5799999237060547,2.609999895095825,3630349
2022-10-30,2.609999895095825,2.680000066757202,2.5899999141693115,2.630000114440918,1569715
2022-10-31,2.630000114440918,2.6500000953674316,2.549999952316284,2.559999942779541,4230876
2022-11-01,2.559999942779541,2.5999999046325684,2.549999952316284,2.559999942779541,1614520
2022-11-02,2.559999942779541,2.5799999237060547,2.5299999713897705,2.5399999618530273,639349
2022-11-03,2.5399999618530273,2.549999952316284,2.509999990463257,2.5199999809265137,156537
2022-11-06,2.5199999809265137,2.5399999618530273,2.450000047683716,2.4700000286102295,864457
2022-11-07,2.4700000286102295,2.5299999713897705,2.4600000381469727,2.509999990463257,715221
2022-11-08,2.509999990463257,2.5299999713897705,2.4600000381469727,2.4600000381469727,570063
2022-11-09,2.4600000381469727,2.490000009536743,2.440000057220459,2.450000047683716,654226
2022-11-10,2.450000047683716,2.5,2.450000047683716,2.4700000286102295,629336
2022-11-13,2.4700000286102295,2.5999999046325684,2.509999990463257,2.559999942779541,2080840
2022-11-14,2.559999942779541,2.5999999046325684,2.5299999713897705,2.5899999141693115,1591134
2022-11-15,2.5899999141693115,2.6600000858306885,2.5799999237060547,2.5899999141693115,1676806
2022-11-16,2.5899999141693115,2.759999990463257,2.5799999237060547,2.700000047683716,6878839
2022-11-17,2.700000047683716,2.75,2.6600000858306885,2.690000057220459,5287662
2022-11-20,2.690000057220459,2.740000009536743,2.680000066757202,2.680000066757202,2339127
2022-11-21,2.680000066757202,2.700000047683716,2.6500000953674316,2.6600000858306885,10136702
2022-11-22,2.6600000858306885,2.700000047683716,2.6600000858306885,2.680000066757202,999008
2022-11-23,2.680000066757202,2.740000009536743,2.6700000762939453,2.700000047683716,6050170
2022-11-24,2.700000047683716,2.7300000190734863,2.680000066757202,2.700000047683716,484060
2022-11-27,2.700000047683716,2.7699999809265137,2.690000057220459,2.75,6425710
2022-11-28,2.75,2.759999990463257,2.690000057220459,2.700000047683716,2264757
2022-11-29,2.700000047683716,2.799999952316284,2.700000047683716,2.7699999809265137,9109286
2022-11-30,2.7699999809265137,2.809999942779541,2.7300000190734863,2.740000009536743,6016884
2022-12-01,2.740000009536743,2.799999952316284,2.7300000190734863,2.740000009536743,4942732
2022-12-04,2.740000009536743,2.8399999141693115,2.75,2.8399999141693115,8403172
2022-12-05,2.8399999141693115,3.059999942779541,2.8499999046325684,2.950000047683716,22338300
2022-12-06,2.950000047683716,3.25,2.9600000381469727,3.190000057220459,33040571
2022-12-07,3.190000057220459,3.3399999141693115,3.180000066757202,3.25,32668770
2022-12-08,3.25,3.3399999141693115,3.200000047683716,3.2300000190734863,23653874
2022-12-11,3.2300000190734863,3.299999952316284,3.1600000858306885,3.200000047683716,17791532
2022-12-12,3.200000047683716,3.240000009536743,3.069999933242798,3.2300000190734863,6845122
2022-12-13,3.2300000190734863,3.490000009536743,3.25,3.450000047683716,20792706
2022-12-14,3.450000047683716,3.509999990463257,3.3499999046325684,3.390000104904175,21562742
2022-12-15,3.390000104904175,3.4700000286102295,3.240000009536743,3.25,9279066
2022-12-18,3.25,3.3299999237060547,3.2200000286102295,3.2699999809265137,3059111
2022-12-19,3.2699999809265137,3.299999952316284,3.1500000953674316,3.200000047683716,8096579
2022-12-20,3.200000047683716,3.2699999809265137,3.1600000858306885,3.180000066757202,5720946
2022-12-21,3.180000066757202,3.2200000286102295,3.109999895095825,3.130000114440918,2882678
2022-12-22,3.130000114440918,3.200000047683716,3.049999952316284,3.059999942779541,5366907
2022-12-25,3.059999942779541,3.0399999618530273,2.9200000762939453,2.9600000381469727,6892735
2022-12-26,2.9600000381469727,3.0399999618530273,2.940000057220459,3.0299999713897705,2003436
2022-12-27,3.0299999713897705,3.0899999141693115,3.009999990463257,3.0299999713897705,2616455
2022-12-28,3.0299999713897705,3.119999885559082,3.0299999713897705,3.109999895095825,2697282
2022-12-29,3.109999895095825,3.1600000858306885,3.049999952316284,3.0999999046325684,4451841
2023-01-02,3.0999999046325684,3.200000047683716,3.0899999141693115,3.180000066757202,2569965
2023-01-03,3.180000066757202,3.309999942779541,3.190000057220459,3.2699999809265137,6986418
2023-01-04,3.2699999809265137,3.359999895095825,3.0999999046325684,3.3399999141693115,9813714
2023-01-05,3.3399999141693115,3.4100000858306885,3.25,3.25,7797047
2023-01-09,3.25,3.309999942779541,3.130000114440918,3.1600000858306885,7767263
2023-01-10,3.1600000858306885,3.190000057220459,3.049999952316284,3.069999933242798,5069937
2023-01-11,3.069999933242798,3.190000057220459,3.0399999618530273,3.0399999618530273,8665640
2023-01-12,3.0399999618530273,3.0999999046325684,2.9700000286102295,3.059999942779541,7485316
2023-01-15,3.059999942779541,3.119999885559082,3.0,3.009999990463257,4131713
2023-01-16,3.009999990463257,3.130000114440918,3.0199999809265137,3.109999895095825,9054618
2023-01-17,3.109999895095825,3.2899999618530273,3.109999895095825,3.2300000190734863,22022846
2023-01-18,3.2300000190734863,3.2899999618530273,3.130000114440918,3.1500000953674316,11368025
2023-01-19,3.1500000953674316,3.2300000190734863,3.140000104904175,3.1600000858306885,5677793
2023-01-22,3.1600000858306885,3.319999933242798,3.180000066757202,3.240000009536743,15718394
2023-01-23,3.240000009536743,3.309999942779541,3.190000057220459,3.2100000381469727,7772119
2023-01-24,3.2100000381469727,3.25,3.1600000858306885,3.190000057220459,3273299
2023-01-25,3.190000057220459,3.369999885559082,3.190000057220459,3.299999952316284,20945019
2023-01-29,3.299999952316284,3.4700000286102295,3.359999895095825,3.450000047683716,38161296
2023-01-30,3.450000047683716,3.5,3.259999990463257,3.299999952316284,15761077
2023-01-31,3.299999952316284,3.319999933242798,3.119999885559082,3.140000104904175,6524056
2023-02-01,3.140000104904175,3.180000066757202,3.069999933242798,3.0999999046325684,4990085
2023-02-02,3.0999999046325684,3.140000104904175,3.0,3.0,6484288
2023-02-05,3.0,3.049999952316284,2.819999933242798,2.9600000381469727,4097753
2023-02-06,2.9600000381469727,3.049999952316284,2.9700000286102295,3.0199999809265137,3324015
2023-02-07,3.0199999809265137,3.130000114440918,3.0299999713897705,3.130000114440918,2613872
2023-02-08,3.130000114440918,3.130000114440918,3.0199999809265137,3.059999942779541,1190300
2023-02-09,3.059999942779541,3.1600000858306885,3.0399999618530273,3.140000104904175,3456175
2023-02-12,3.140000104904175,3.180000066757202,3.0799999237060547,3.0899999141693115,3826296
2023-02-13,3.0899999141693115,3.109999895095825,3.0399999618530273,3.049999952316284,2517133
2023-02-14,3.049999952316284,3.200000047683716,3.069999933242798,3.180000066757202,4017210
2023-02-15,3.180000066757202,3.240000009536743,3.1600000858306885,3.180000066757202,2367423
2023-02-16,3.180000066757202,3.2100000381469727,3.119999885559082,3.1500000953674316,2327509
2023-02-19,3.1500000953674316,3.1700000762939453,3.069999933242798,3.0899999141693115,1212032
2023-02-20,3.0899999141693115,3.140000104904175,3.009999990463257,3.0299999713897705,1598973
2023-02-21,3.0299999713897705,3.130000114440918,3.009999990463257,3.0999999046325684,1300053
2023-02-22,3.0999999046325684,3.1500000953674316,3.0,3.069999933242798,2244035
2023-02-23,3.069999933242798,3.119999885559082,3.0299999713897705,3.0899999141693115,1009279
2023-02-26,3.0899999141693115,3.190000057220459,3.069999933242798,3.1600000858306885,2342801
2023-02-27,3.1600000858306885,3.200000047683716,3.140000104904175,3.1700000762939453,2056693
2023-02-28,3.1700000762939453,3.180000066757202,3.130000114440918,3.1500000953674316,693389
2023-03-01,3.1500000953674316,3.240000009536743,3.140000104904175,3.2100000381469727,6536416
2023-03-02,3.2100000381469727,3.2300000190734863,3.140000104904175,3.1600000858306885,2235059
2023-03-05,3.1600000858306885,3.200000047683716,3.130000114440918,3.140000104904175,789650
2023-03-06,3.140000104904175,3.180000066757202,3.119999885559082,3.130000114440918,1134110
2023-03-07,3.130000114440918,3.200000047683716,3.0199999809265137,3.0399999618530273,3076218
2023-03-08,3.0399999618530273,3.0799999237060547,2.9700000286102295,3.0,3233049
2023-03-09,3.0,3.069999933242798,2.990000009536743,3.059999942779541,1099363
2023-03-12,3.059999942779541,3.049999952316284,2.950000047683716,2.990000009536743,1314179
2023-03-13,2.990000009536743,3.0199999809265137,2.809999942779541,2.819999933242798,2214286
2023-03-14,2.819999933242798,2.890000104904175,2.819999933242798,2.859999895095825,435377
2023-03-15,2.859999895095825,2.940000057220459,2.6500000953674316,2.7100000381469727,1635580
2023-03-16,2.7100000381469727,2.7899999618530273,2.6500000953674316,2.7200000286102295,2927067
2023-03-19,2.7200000286102295,2.7799999713897705,2.609999895095825,2.740000009536743,2195587
2023-03-20,2.740000009536743,2.799999952316284,2.680000066757202,2.7300000190734863,2176940
2023-03-21,2.7300000190734863,2.8299999237060547,2.75,2.7799999713897705,1057263
2023-03-22,2.7799999713897705,2.8299999237060547,2.700000047683716,2.7100000381469727,2149532
2023-03-23,2.7100000381469727,2.9700000286102295,2.690000057220459,2.9100000858306885,3774499
2023-03-26,2.9100000858306885,2.9800000190734863,2.890000104904175,2.9000000953674316,6091934
2023-03-27,2.9000000953674316,2.930000066757202,2.7799999713897705,2.8399999141693115,2435200
2023-03-28,2.8399999141693115,2.880000114440918,2.7899999618530273,2.8399999141693115,3430731
2023-03-29,2.8399999141693115,2.890000104904175,2.8499999046325684,2.859999895095825,1016406
2023-03-30,2.859999895095825,2.950000047683716,2.819999933242798,2.819999933242798,4774165
2023-04-02,2.819999933242798,2.9000000953674316,2.819999933242798,2.9000000953674316,1816316
2023-04-03,2.9000000953674316,2.9600000381469727,2.880000114440918,2.950000047683716,3292094
2023-04-04,2.950000047683716,3.059999942779541,2.940000057220459,3.059999942779541,8859844
2023-04-05,3.059999942779541,3.0999999046325684,3.009999990463257,3.0299999713897705,6279117
2023-04-06,3.0299999713897705,3.0999999046325684,2.950000047683716,2.9600000381469727,3965724
2023-04-09,2.9600000381469727,2.990000009536743,2.9100000858306885,2.930000066757202,840745
2023-04-10,2.930000066757202,2.9800000190734863,2.9200000762939453,2.940000057220459,1825057
2023-04-11,2.940000057220459,3.0,2.940000057220459,3.0,3436074
2023-04-12,3.0,3.049999952316284,2.9800000190734863,2.990000009536743,5166096
2023-04-13,2.990000009536743,3.0,2.950000047683716,2.950000047683716,3082816
2023-04-18,2.950000047683716,3.049999952316284,2.950000047683716,3.0,8241765
2023-04-19,3.0,3.0399999618530273,2.990000009536743,2.990000009536743,5468959
2023-04-26,2.990000009536743,3.0199999809265137,2.940000057220459,2.950000047683716,6208640
2023-04-27,2.950000047683716,3.0799999237060547,2.950000047683716,3.0799999237060547,12463691
2023-04-30,3.0799999237060547,3.1600000858306885,3.049999952316284,3.0799999237060547,18190137
2023-05-01,3.0799999237060547,3.0799999237060547,3.0799999237060547,3.0799999237060547,0
2023-05-02,3.0299999713897705,3.059999942779541,2.950000047683716,2.990000009536743,4779003
2023-05-03,2.990000009536743,3.0199999809265137,2.950000047683716,2.9600000381469727,1719348
2023-05-07,2.9600000381469727,2.990000009536743,2.9200000762939453,2.950000047683716,900829
2023-05-08,2.950000047683716,3.0399999618530273,2.950000047683716,3.0199999809265137,2199982
2023-05-09,3.0199999809265137,3.119999885559082,2.9800000190734863,3.0799999237060547,10153785
2023-05-10,3.0799999237060547,3.119999885559082,3.049999952316284,3.0799999237060547,4596513
2023-05-11,3.0799999237060547,3.109999895095825,2.990000009536743,3.009999990463257,5801709
2023-05-14,3.009999990463257,3.0199999809265137,2.950000047683716,2.9800000190734863,6684818
2023-05-15,2.9800000190734863,3.009999990463257,2.9200000762939453,2.930000066757202,2614435
2023-05-16,2.930000066757202,2.950000047683716,2.859999895095825,2.880000114440918,5296689
2023-05-17,2.880000114440918,2.9000000953674316,2.799999952316284,2.8299999237060547,6484978
2023-05-18,2.8299999237060547,2.8499999046325684,2.740000009536743,2.799999952316284,6530710
2023-05-21,2.799999952316284,2.8399999141693115,2.7799999713897705,2.809999942779541,1826255
2023-05-22,2.809999942779541,2.8399999141693115,2.7799999713897705,2.7899999618530273,3620460
2023-05-23,2.7899999618530273,2.799999952316284,2.700000047683716,2.759999990463257,8361870
2023-05-24,2.759999990463257,2.799999952316284,2.759999990463257,2.7699999809265137,3922834
2023-05-25,2.7699999809265137,2.819999933242798,2.7799999713897705,2.7899999618530273,2198716
2023-05-28,2.7899999618530273,2.819999933242798,2.7799999713897705,2.809999942779541,2452452
2023-05-29,2.809999942779541,2.9100000858306885,2.7799999713897705,2.9000000953674316,9644789
2023-05-30,2.9000000953674316,2.9800000190734863,2.859999895095825,2.9800000190734863,11799954
2023-05-31,2.9800000190734863,3.059999942779541,2.950000047683716,2.9700000286102295,11237010
2023-06-01,2.9700000286102295,3.069999933242798,2.9600000381469727,3.0399999618530273,8380033
2023-06-04,3.0399999618530273,3.1500000953674316,3.0399999618530273,3.130000114440918,12272267
2023-06-05,3.130000114440918,3.180000066757202,3.0399999618530273,3.049999952316284,10281044
2023-06-06,3.049999952316284,3.1500000953674316,3.049999952316284,3.0899999141693115,10868671
2023-06-07,3.0899999141693115,3.0999999046325684,2.9700000286102295,3.0,9243113
2023-06-08,3.0,3.0299999713897705,2.9600000381469727,2.9800000190734863,1930688
2023-06-11,2.9800000190734863,3.069999933242798,2.950000047683716,3.049999952316284,6413655
2023-06-12,3.049999952316284,3.109999895095825,3.049999952316284,3.069999933242798,3660686
2023-06-13,3.069999933242798,3.119999885559082,3.069999933242798,3.069999933242798,8917855
2023-06-14,3.069999933242798,3.180000066757202,3.0899999141693115,3.119999885559082,7249782
2023-06-15,3.119999885559082,3.2100000381469727,3.119999885559082,3.1500000953674316,10483139
2023-06-18,3.1500000953674316,3.190000057220459,3.130000114440918,3.130000114440918,3372089
2023-06-19,3.130000114440918,3.1600000858306885,3.009999990463257,3.0799999237060547,4385249
2023-06-20,3.0799999237060547,3.109999895095825,3.0199999809265137,3.0299999713897705,3523843
2023-06-21,3.0299999713897705,3.049999952316284,2.9700000286102295,2.9700000286102295,2252373
2023-06-22,2.9700000286102295,3.0,2.930000066757202,2.9800000190734863,2654346
2023-06-25,2.9800000190734863,3.0,2.950000047683716,2.950000047683716,1745761
2023-06-26,2.950000047683716,2.9700000286102295,2.9000000953674316,2.950000047683716,3525082
2023-07-04,2.950000047683716,3.0,2.9600000381469727,2.9800000190734863,1961845
2023-07-05,2.9800000190734863,2.990000009536743,2.940000057220459,2.950000047683716,743908
2023-07-06,2.950000047683716,2.9700000286102295,2.9000000953674316,2.9000000953674316,2408710
2023-07-09,2.9000000953674316,2.930000066757202,2.799999952316284,2.819999933242798,2333536
2023-07-10,2.819999933242798,2.880000114440918,2.799999952316284,2.869999885559082,1545097
2023-07-11,2.869999885559082,2.9000000953674316,2.8399999141693115,2.869999885559082,2641354
2023-07-12,2.869999885559082,2.890000104904175,2.8299999237060547,2.8499999046325684,1549984
2023-07-13,2.8499999046325684,2.9100000858306885,2.8499999046325684,2.9000000953674316,1850791
2023-07-16,2.9000000953674316,2.930000066757202,2.869999885559082,2.890000104904175,1530123
2023-07-17,2.890000104904175,2.930000066757202,2.869999885559082,2.880000114440918,2200732
2023-07-18,2.880000114440918,2.930000066757202,2.880000114440918,2.9000000953674316,1151151
2023-07-19,2.9000000953674316,2.9000000953674316,2.9000000953674316,2.9000000953674316,0
2023-07-24,2.9000000953674316,2.9200000762939453,2.869999885559082,2.869999885559082,829936
2023-07-25,2.869999885559082,2.890000104904175,2.859999895095825,2.869999885559082,814093
2023-07-26,2.869999885559082,2.890000104904175,2.8499999046325684,2.859999895095825,672544
2023-07-27,2.859999895095825,2.869999885559082,2.8499999046325684,2.8499999046325684,689104
2023-07-30,2.8499999046325684,2.890000104904175,2.8499999046325684,2.869999885559082,589134
2023-07-31,2.869999885559082,2.9100000858306885,2.8499999046325684,2.9000000953674316,968540
2023-08-01,2.9000000953674316,2.9100000858306885,2.880000114440918,2.890000104904175,656788
2023-08-02,2.890000104904175,2.9100000858306885,2.8499999046325684,2.859999895095825,1933793
2023-08-03,2.859999895095825,2.890000104904175,2.8399999141693115,2.869999885559082,1015470
2023-08-06,2.869999885559082,2.9700000286102295,2.869999885559082,2.9600000381469727,4044226
2023-08-07,2.9600000381469727,3.009999990463257,2.950000047683716,3.0,4312503
2023-08-08,3.0,3.0299999713897705,2.9700000286102295,2.9700000286102295,1080251
2023-08-09,2.9700000286102295,3.0,2.9200000762939453,2.9600000381469727,1431936
2023-08-10,2.9600000381469727,2.9800000190734863,2.9200000762939453,2.930000066757202,857693
2023-08-13,2.930000066757202,2.9700000286102295,2.9100000858306885,2.9200000762939453,1157405
2023-08-14,2.9200000762939453,2.9600000381469727,2.9200000762939453,2.930000066757202,744290
2023-08-15,2.930000066757202,2.9800000190734863,2.9200000762939453,2.9200000762939453,492358
2023-08-16,2.9200000762939453,2.9600000381469727,2.930000066757202,2.930000066757202,689131
2023-08-17,2.930000066757202,2.9600000381469727,2.9000000953674316,2.9000000953674316,822486
2023-08-20,2.9000000953674316,2.940000057220459,2.9000000953674316,2.9000000953674316,1863847
2023-08-21,2.9000000953674316,2.950000047683716,2.9100000858306885,2.9200000762939453,858737
2023-08-22,2.9200000762939453,2.9700000286102295,2.9200000762939453,2.950000047683716,892313
2023-08-23,2.950000047683716,3.0299999713897705,2.950000047683716,2.9800000190734863,4830444
2023-08-24,2.9800000190734863,3.0199999809265137,2.950000047683716,2.990000009536743,621071
2023-08-27,2.990000009536743,3.0199999809265137,2.9700000286102295,3.0,839397
2023-08-28,3.0,3.1600000858306885,3.009999990463257,3.1500000953674316,12290340
2023-08-29,3.1500000953674316,3.200000047683716,3.0999999046325684,3.0999999046325684,6097454
2023-08-30,3.0999999046325684,3.140000104904175,3.0799999237060547,3.109999895095825,3298030
2023-08-31,3.109999895095825,3.109999895095825,3.109999895095825,3.109999895095825,0
2023-09-03,3.049999952316284,3.0999999046325684,3.0299999713897705,3.0399999618530273,927123
2023-09-04,3.0399999618530273,3.2100000381469727,3.0299999713897705,3.1700000762939453,11659875
2023-09-05,3.1700000762939453,3.240000009536743,3.140000104904175,3.2300000190734863,15964693
2023-09-06,3.2300000190734863,3.299999952316284,3.200000047683716,3.2699999809265137,13429772
2023-09-07,3.2699999809265137,3.2899999618530273,3.200000047683716,3.25,5095599
2023-09-10,3.25,3.25,3.25,3.25,0
2023-09-11,3.2699999809265137,3.309999942779541,3.25,3.2899999618530273,6833318
2023-09-12,3.2899999618530273,3.299999952316284,3.2200000286102295,3.2799999713897705,2129362
2023-09-13,3.2799999713897705,3.299999952316284,3.2200000286102295,3.299999952316284,2828219
2023-09-14,3.299999952316284,3.319999933242798,3.2200000286102295,3.240000009536743,3040774
2023-09-17,3.240000009536743,3.299999952316284,3.2300000190734863,3.25,3140252
2023-09-18,3.25,3.2799999713897705,3.2300000190734863,3.25,1516775
2023-09-19,3.25,3.3499999046325684,3.2100000381469727,3.2100000381469727,14533916
2023-09-20,3.2100000381469727,3.2100000381469727,3.2100000381469727,3.2100000381469727,0
2023-09-21,3.2100000381469727,3.2100000381469727,3.2100000381469727,3.2100000381469727,0
2023-09-24,3.2100000381469727,3.2100000381469727,3.2100000381469727,3.2100000381469727,0
2023-09-25,3.0999999046325684,3.240000009536743,3.0899999141693115,3.2300000190734863,10768917
2023-09-26,3.2300000190734863,3.2300000190734863,3.140000104904175,3.140000104904175,3908954
2023-09-27,3.140000104904175,3.140000104904175,3.140000104904175,3.140000104904175,0
2023-10-01,3.140000104904175,3.140000104904175,3.140000104904175,3.140000104904175,0
2023-10-02,3.180000066757202,3.25,3.0999999046325684,3.1700000762939453,2018955
2023-10-03,3.1700000762939453,3.190000057220459,3.119999885559082,3.140000104904175,734496
2023-10-04,3.140000104904175,3.190000057220459,3.0999999046325684,3.180000066757202,773690
2023-10-08,3.180000066757202,3.190000057220459,3.0,3.049999952316284,2392685
2023-10-09,3.049999952316284,3.0899999141693115,3.009999990463257,3.049999952316284,652370
2023-10-10,3.049999952316284,3.130000114440918,3.049999952316284,3.109999895095825,1177510
2023-10-11,3.109999895095825,3.119999885559082,3.0399999618530273,3.049999952316284,1148382
2023-10-12,3.049999952316284,3.1500000953674316,3.049999952316284,3.130000114440918,724693
2023-10-15,3.130000114440918,3.130000114440918,3.049999952316284,3.049999952316284,1282425
2023-10-16,3.049999952316284,3.1500000953674316,3.0399999618530273,3.140000104904175,1903533
2023-10-17,3.140000104904175,3.2200000286102295,3.130000114440918,3.200000047683716,3265605
2023-10-18,3.200000047683716,3.25,3.140000104904175,3.2300000190734863,2109095
2023-10-19,3.2300000190734863,3.2300000190734863,3.2300000190734863,3.2300000190734863,0
2023-10-22,3.180000066757202,3.2300000190734863,3.1600000858306885,3.2100000381469727,1347478
2023-10-23,3.2100000381469727,3.25,3.200000047683716,3.240000009536743,1472948
2023-10-24,3.240000009536743,3.259999990463257,3.180000066757202,3.2300000190734863,2633540
2023-10-25,3.2300000190734863,3.5399999618530273,3.240000009536743,3.4800000190734863,26815181
2023-10-26,3.4800000190734863,3.7300000190734863,3.5,3.5799999237060547,39226597
2023-10-29,3.5799999237060547,3.75,3.549999952316284,3.5799999237060547,17164493
2023-10-30,3.5799999237060547,3.5999999046325684,3.490000009536743,3.5,6787518
2023-10-31,3.5,3.549999952316284,3.4100000858306885,3.430000066757202,5438285
2023-11-01,3.430000066757202,3.5199999809265137,3.4000000953674316,3.450000047683716,8674497
2023-11-02,3.450000047683716,3.509999990463257,3.440000057220459,3.450000047683716,5746377
2023-11-05,3.450000047683716,3.559999942779541,3.4600000381469727,3.5399999618530273,5630591
2023-11-06,3.5399999618530273,3.5999999046325684,3.5399999618530273,3.549999952316284,8779864
2023-11-07,3.549999952316284,3.7300000190734863,3.5399999618530273,3.680000066757202,12206582
2023-11-08,3.680000066757202,3.75,3.609999895095825,3.6700000762939453,7965992
2023-11-09,3.6700000762939453,3.8499999046325684,3.5999999046325684,3.740000009536743,37680903
2023-11-12,3.740000009536743,3.8399999141693115,3.700000047683716,3.75,14344376
2023-11-13,3.75,3.7699999809265137,3.7100000381469727,3.7200000286102295,3000716
2023-11-14,3.7200000286102295,3.7699999809265137,3.680000066757202,3.7200000286102295,4657162
2023-11-15,3.7200000286102295,3.8399999141693115,3.7200000286102295,3.7300000190734863,12295693
2023-11-16,3.7300000190734863,3.8499999046325684,3.759999990463257,3.7699999809265137,6014660
2023-11-19,3.7699999809265137,3.819999933242798,3.75,3.75,7745049
2023-11-20,3.75,3.7799999713897705,3.6600000858306885,3.680000066757202,5312504
2023-11-21,3.680000066757202,3.740000009536743,3.6500000953674316,3.700000047683716,6002799
2023-11-22,3.700000047683716,3.799999952316284,3.700000047683716,3.759999990463257,8235972
2023-11-23,3.759999990463257,3.8499999046325684,3.759999990463257,3.7899999618530273,7798874
2023-11-26,3.7899999618530273,3.940000057220459,3.799999952316284,3.9000000953674316,6807449
2023-11-27,3.9000000953674316,4.110000133514404,3.869999885559082,3.990000009536743,22662348
2023-11-28,3.990000009536743,4.150000095367432,4.0,4.130000114440918,15805932
2023-11-29,4.130000114440918,4.179999828338623,3.9700000286102295,3.990000009536743,6644196
2023-11-30,3.990000009536743,4.139999866485596,3.9800000190734863,4.059999942779541,3969883
2023-12-03,4.059999942779541,4.170000076293945,4.03000020980835,4.139999866485596,6638630
2023-12-04,4.139999866485596,4.800000190734863,4.170000076293945,4.550000190734863,25015408
2023-12-05,4.550000190734863,4.619999885559082,4.400000095367432,4.420000076293945,7040227
2023-12-06,4.420000076293945,4.5,4.28000020980835,4.320000171661377,10364639
2023-12-07,4.320000171661377,4.349999904632568,4.059999942779541,4.309999942779541,5736227
2023-12-10,4.309999942779541,4.550000190734863,4.199999809265137,4.340000152587891,7684459
2023-12-11,4.340000152587891,4.300000190734863,4.150000095367432,4.25,3632698
2023-12-12,4.25,4.309999942779541,4.130000114440918,4.130000114440918,1646982
2023-12-13,4.130000114440918,4.239999771118164,4.090000152587891,4.159999847412109,10439514
2023-12-14,4.159999847412109,4.260000228881836,4.139999866485596,4.139999866485596,5685882
2023-12-17,4.139999866485596,4.400000095367432,4.150000095367432,4.230000019073486,9928291
2023-12-18,4.230000019073486,4.309999942779541,4.170000076293945,4.21999979019165,3949747
2023-12-19,4.21999979019165,4.300000190734863,4.139999866485596,4.139999866485596,4133598
2023-12-20,4.139999866485596,4.179999828338623,4.0,4.099999904632568,9677058
2023-12-21,4.099999904632568,4.199999809265137,3.859999895095825,3.890000104904175,18254196
2023-12-24,3.890000104904175,3.890000104904175,3.890000104904175,3.890000104904175,0
2023-12-25,3.7799999713897705,3.880000114440918,3.740000009536743,3.869999885559082,1881975
2023-12-26,3.869999885559082,3.9100000858306885,3.809999942779541,3.8299999237060547,1332753
2023-12-27,3.8299999237060547,3.9000000953674316,3.7699999809265137,3.7899999618530273,6763224
2023-12-28,3.7899999618530273,3.859999895095825,3.690000057220459,3.7300000190734863,6798443
2023-12-31,3.7300000190734863,3.799999952316284,3.700000047683716,3.740000009536743,4429487
2024-01-02,3.740000009536743,3.950000047683716,3.7699999809265137,3.950000047683716,5019725
2024-01-03,3.950000047683716,4.03000020980835,3.9200000762939453,3.930000066757202,3523531
2024-01-04,3.930000066757202,3.9800000190734863,3.869999885559082,3.869999885559082,5129784
2024-01-08,3.869999885559082,3.950000047683716,3.859999895095825,3.9100000858306885,3110453
2024-01-09,3.9100000858306885,4.099999904632568,3.9600000381469727,4.059999942779541,9629687
2024-01-10,4.059999942779541,4.139999866485596,4.0,4.019999980926514,4668242
2024-01-11,4.019999980926514,4.070000171661377,3.940000057220459,3.9800000190734863,3140439
2024-01-14,3.9800000190734863,4.179999828338623,3.990000009536743,4.130000114440918,8574164
2024-01-15,4.130000114440918,4.190000057220459,4.090000152587891,4.110000133514404,7001476
2024-01-16,4.110000133514404,4.179999828338623,4.070000171661377,4.150000095367432,5374067
2024-01-17,4.150000095367432,4.179999828338623,4.059999942779541,4.059999942779541,4071008
2024-01-18,4.059999942779541,4.119999885559082,4.019999980926514,4.070000171661377,1958885
2024-01-21,4.070000171661377,4.139999866485596,4.070000171661377,4.090000152587891,3980948
2024-01-22,4.090000152587891,4.139999866485596,4.03000020980835,4.039999961853027,5923084
2024-01-23,4.039999961853027,4.079999923706055,3.880000114440918,3.9000000953674316,12883745
2024-01-24,3.9000000953674316,3.940000057220459,3.819999933242798,3.8399999141693115,9039700
2024-01-28,3.8399999141693115,3.950000047683716,3.8399999141693115,3.869999885559082,5904135
2024-01-29,3.869999885559082,3.9000000953674316,3.809999942779541,3.809999942779541,6696525
2024-01-30,3.809999942779541,3.950000047683716,3.809999942779541,3.940000057220459,4671044
2024-01-31,3.940000057220459,4.039999961853027,3.6500000953674316,3.7200000286102295,15134178
2024-02-01,3.7200000286102295,4.150000095367432,3.690000057220459,4.090000152587891,22949757
2024-02-04,4.090000152587891,4.900000095367432,4.139999866485596,4.900000095367432,64759563
2024-02-05,4.900000095367432,5.599999904632568,5.050000190734863,5.309999942779541,77576711
2024-02-06,5.309999942779541,6.199999809265137,5.059999942779541,6.199999809265137,76981577
2024-02-07,6.199999809265137,6.480000019073486,5.900000095367432,6.050000190734863,83483207
2024-02-08,6.050000190734863,6.159999847412109,5.849999904632568,5.889999866485596,24693063
2024-02-11,5.889999866485596,6.349999904632568,5.849999904632568,6.03000020980835,49089115
2024-02-12,6.03000020980835,6.869999885559082,5.900000095367432,6.690000057220459,107874654
2024-02-13,6.690000057220459,6.889999866485596,6.5,6.619999885559082,54183530
2024-02-14,6.619999885559082,6.690000057220459,6.420000076293945,6.550000190734863,26519904
2024-02-15,6.550000190734863,7.050000190734863,6.559999942779541,6.880000114440918,73811786
2024-02-18,6.880000114440918,6.880000114440918,6.880000114440918,6.880000114440918,0
2024-02-19,6.820000171661377,7.199999809265137,6.769999980926514,7.03000020980835,76007782
2024-02-20,7.03000020980835,7.230000019073486,6.960000038146973,7.0,31356894
2024-02-21,7.0,7.059999942779541,6.789999961853027,6.800000190734863,17599682
2024-02-22,6.800000190734863,6.929999828338623,6.599999904632568,6.840000152587891,22305544
2024-02-25,6.840000152587891,8.199999809265137,7.139999866485596,8.0,60917680
2024-02-26,8.0,8.489999771118164,7.75,7.929999828338623,76396739
2024-02-27,7.929999828338623,8.369999885559082,7.699999809265137,7.699999809265137,37468524
2024-02-28,7.699999809265137,7.900000095367432,6.920000076293945,6.920000076293945,30203937
2024-02-29,6.920000076293945,7.190000057220459,6.699999809265137,6.849999904632568,22725455
2024-03-03,6.849999904632568,7.5,6.849999904632568,7.21999979019165,36020161
2024-03-04,7.21999979019165,7.539999961853027,7.21999979019165,7.400000095367432,38893022
2024-03-05,7.400000095367432,7.559999942779541,7.010000228881836,7.079999923706055,35507513
2024-03-06,7.079999923706055,7.170000076293945,6.360000133514404,6.409999847412109,26828849
2024-03-07,6.409999847412109,6.619999885559082,6.329999923706055,6.539999961853027,15666809
2024-03-10,6.539999961853027,6.940000057220459,6.619999885559082,6.730000019073486,14308132
2024-03-11,6.730000019073486,6.800000190734863,6.380000114440918,6.409999847412109,6269834
2024-03-12,6.409999847412109,6.53000020980835,5.880000114440918,6.110000133514404,11964149
2024-03-13,6.110000133514404,6.239999771118164,5.429999828338623,5.599999904632568,12085245
2024-03-14,5.599999904632568,5.78000020980835,5.480000019073486,5.75,7395845
2024-03-17,5.75,5.929999828338623,5.650000095367432,5.690000057220459,7297911
2024-03-18,5.690000057220459,5.690000057220459,5.070000171661377,5.070000171661377,8976000
2024-03-19,5.070000171661377,5.28000020980835,4.940000057220459,5.25,8031061
2024-03-20,5.25,5.400000095367432,5.199999809265137,5.239999771118164,5223648
2024-03-21,5.239999771118164,5.429999828338623,5.210000038146973,5.380000114440918,6571919
2024-03-24,5.380000114440918,5.579999923706055,5.329999923706055,5.5,6758483
2024-03-25,5.5,6.059999942779541,5.460000038146973,6.019999980926514,14981073
2024-03-26,6.019999980926514,6.170000076293945,5.710000038146973,5.710000038146973,12569989
2024-03-27,5.710000038146973,5.949999809265137,5.5,5.510000228881836,10722468
2024-03-28,5.510000228881836,5.579999923706055,5.349999904632568,5.360000133514404,12956201
2024-03-31,5.360000133514404,5.400000095367432,4.699999809265137,4.889999866485596,17881587
2024-04-01,4.889999866485596,5.21999979019165,4.920000076293945,5.21999979019165,10685386
2024-04-02,5.21999979019165,5.460000038146973,5.239999771118164,5.269999980926514,11677626
2024-04-03,5.269999980926514,5.440000057220459,5.269999980926514,5.429999828338623,6653394
2024-04-04,5.429999828338623,5.639999866485596,5.380000114440918,5.570000171661377,13829718
2024-04-07,5.570000171661377,5.659999847412109,5.400000095367432,5.400000095367432,7034557
2024-04-08,5.400000095367432,5.449999809265137,5.309999942779541,5.409999847412109,3863765
2024-04-15,5.409999847412109,5.75,5.409999847412109,5.679999828338623,16578810
2024-04-16,5.679999828338623,5.869999885559082,5.670000076293945,5.699999809265137,15829265
2024-04-17,5.699999809265137,5.980000019073486,5.619999885559082,5.949999809265137,23599482
2024-04-18,5.949999809265137,6.090000152587891,5.360000133514404,5.460000038146973,29278021
2024-04-21,5.460000038146973,5.699999809265137,5.53000020980835,5.559999942779541,8831707
2024-04-22,5.559999942779541,5.690000057220459,5.360000133514404,5.409999847412109,5072072
2024-04-23,5.409999847412109,5.46999979019165,5.010000228881836,5.150000095367432,8972287
2024-04-24,5.150000095367432,5.139999866485596,4.809999942779541,4.869999885559082,6918902
2024-04-28,4.869999885559082,4.869999885559082,4.869999885559082,4.869999885559082,0
2024-04-29,4.420000076293945,4.690000057220459,4.440000057220459,4.670000076293945,8565194
2024-04-30,4.670000076293945,4.710000038146973,4.230000019073486,4.230000019073486,5463836
2024-05-02,4.550000190734863,4.869999885559082,4.519999980926514,4.760000228881836,9324924
2024-05-07,4.760000228881836,4.860000133514404,4.5,4.820000171661377,7382663
2024-05-08,4.820000171661377,5.070000171661377,4.75,4.75,10578191
2024-05-09,4.75,4.829999923706055,4.670000076293945,4.71999979019165,2375640
2024-05-12,4.71999979019165,4.789999961853027,4.329999923706055,4.349999904632568,4520288
2024-05-13,4.349999904632568,4.690000057220459,4.269999980926514,4.639999866485596,7198604
2024-05-14,4.639999866485596,5.329999923706055,4.869999885559082,5.28000020980835,64785835
2024-05-15,5.28000020980835,5.599999904632568,5.25,5.449999809265137,48084940
2024-05-16,5.449999809265137,5.940000057220459,5.489999771118164,5.929999828338623,27361339
2024-05-19,5.929999828338623,6.059999942779541,5.809999942779541,5.949999809265137,26980470
2024-05-20,5.949999809265137,6.230000019073486,5.900000095367432,5.940000057220459,38205147
2024-05-21,5.940000057220459,6.039999961853027,5.789999961853027,5.800000190734863,18215405
2024-05-22,5.800000190734863,6.309999942779541,5.809999942779541,6.230000019073486,55178094
2024-05-23,6.230000019073486,6.389999866485596,6.170000076293945,6.300000190734863,44764308
2024-05-26,6.300000190734863,6.300000190734863,6.300000190734863,6.300000190734863,0
2024-05-27,6.230000019073486,6.289999961853027,5.96999979019165,5.989999771118164,17175365
2024-05-28,5.989999771118164,6.150000095367432,5.820000171661377,6.090000152587891,16390086
2024-05-29,6.090000152587891,6.139999866485596,5.900000095367432,5.900000095367432,15666131
2024-05-30,5.900000095367432,6.039999961853027,5.849999904632568,6.010000228881836,9568162
2024-06-02,6.010000228881836,6.25,5.980000019073486,6.050000190734863,14925281
2024-06-03,6.050000190734863,6.170000076293945,5.949999809265137,5.96999979019165,9327831
2024-06-04,5.96999979019165,6.079999923706055,5.949999809265137,5.96999979019165,9517667
2024-06-05,5.96999979019165,6.050000190734863,5.670000076293945,5.800000190734863,12818368
2024-06-06,5.800000190734863,5.900000095367432,5.670000076293945,5.670000076293945,5027944
2024-06-09,5.670000076293945,5.739999771118164,5.480000019073486,5.510000228881836,11649707
2024-06-10,5.510000228881836,5.570000171661377,5.369999885559082,5.480000019073486,11262146
2024-06-11,5.480000019073486,5.710000038146973,5.440000057220459,5.460000038146973,20456005
2024-06-12,5.460000038146973,5.550000190734863,5.380000114440918,5.420000076293945,12550835
2024-06-13,5.420000076293945,5.679999828338623,5.429999828338623,5.679999828338623,17187957
2024-06-23,5.679999828338623,6.25,5.800000190734863,6.199999809265137,34966163
2024-06-24,6.199999809265137,6.269999980926514,6.079999923706055,6.110000133514404,17872431
2024-06-25,6.110000133514404,6.449999809265137,6.019999980926514,6.400000095367432,25228654
2024-06-26,6.400000095367432,6.650000095367432,6.409999847412109,6.440000057220459,21533899
2024-06-27,6.440000057220459,6.619999885559082,6.449999809265137,6.480000019073486,16624598
2024-07-02,6.5,6.949999809265137,6.510000228881836,6.840000152587891,29074863
2024-07-03,6.840000152587891,7.039999961853027,6.809999942779541,6.820000171661377,19097748
2024-07-04,6.820000171661377,6.889999866485596,6.769999980926514,6.800000190734863,8254485
2024-07-07,6.800000190734863,7.0,6.800000190734863,6.829999923706055,12413404
2024-07-08,6.829999923706055,6.96999979019165,6.699999809265137,6.71999979019165,9552039
2024-07-09,6.71999979019165,6.800000190734863,6.639999866485596,6.699999809265137,7693115
2024-07-10,6.699999809265137,6.769999980926514,6.519999980926514,6.630000114440918,5435724
2024-07-14,6.630000114440918,6.739999771118164,6.550000190734863,6.610000133514404,3864869
2024-07-15,6.610000133514404,6.710000038146973,6.550000190734863,6.570000171661377,6080793
2024-07-16,6.570000171661377,6.630000114440918,6.460000038146973,6.610000133514404,5101446
2024-07-17,6.610000133514404,7.239999771118164,6.630000114440918,7.150000095367432,34399987
2024-07-18,7.150000095367432,7.320000171661377,7.079999923706055,7.150000095367432,12840623
2024-07-21,7.150000095367432,7.199999809265137,6.929999828338623,7.050000190734863,18701167
2024-07-22,7.050000190734863,7.119999885559082,6.809999942779541,6.829999923706055,14792410
2024-07-23,6.829999923706055,7.199999809265137,6.800000190734863,7.119999885559082,23253639
2024-07-24,7.119999885559082,7.170000076293945,6.940000057220459,6.949999809265137,12540981
2024-07-28,6.949999809265137,6.989999771118164,6.829999923706055,6.849999904632568,6373224
2024-07-29,6.849999904632568,6.909999847412109,6.78000020980835,6.800000190734863,5770819
2024-07-30,6.800000190734863,6.980000019073486,6.809999942779541,6.929999828338623,6617045
2024-07-31,6.929999828338623,7.070000171661377,6.940000057220459,7.010000228881836,7432161
2024-08-01,7.010000228881836,7.110000133514404,6.900000095367432,6.920000076293945,7558356
2024-08-04,6.920000076293945,6.860000133514404,6.420000076293945,6.460000038146973,14789423
2024-08-05,6.460000038146973,6.300000190734863,5.760000228881836,6.190000057220459,22051906
2024-08-06,6.190000057220459,6.380000114440918,6.199999809265137,6.300000190734863,6528359
2024-08-07,6.300000190734863,6.53000020980835,6.239999771118164,6.5,9010891
2024-08-08,6.5,6.559999942779541,6.400000095367432,6.409999847412109,8378178
2024-08-11,6.409999847412109,6.690000057220459,6.400000095367432,6.650000095367432,8258637
2024-08-12,6.650000095367432,6.699999809265137,6.400000095367432,6.409999847412109,13149021
2024-08-13,6.409999847412109,6.53000020980835,6.380000114440918,6.409999847412109,6692018
2024-08-14,6.409999847412109,6.579999923706055,6.300000190734863,6.489999771118164,5298752
2024-08-15,6.489999771118164,6.670000076293945,6.440000057220459,6.610000133514404,7149923
2024-08-18,6.610000133514404,6.840000152587891,6.630000114440918,6.670000076293945,19497817
2024-08-19,6.670000076293945,6.900000095367432,6.650000095367432,6.860000133514404,14698078
2024-08-20,6.860000133514404,6.96999979019165,6.849999904632568,6.889999866485596,8957106
2024-08-21,6.889999866485596,7.050000190734863,6.849999904632568,6.989999771118164,15767226
2024-08-22,6.989999771118164,7.159999847412109,6.96999979019165,7.019999980926514,13825981
2024-08-25,7.019999980926514,7.179999828338623,7.0,7.059999942779541,9870010
2024-08-26,7.059999942779541,7.349999904632568,7.079999923706055,7.210000038146973,25580299
2024-08-27,7.210000038146973,7.510000228881836,7.260000228881836,7.369999885559082,30374635
2024-08-28,7.369999885559082,7.489999771118164,7.28000020980835,7.380000114440918,14609098
2024-08-29,7.380000114440918,7.78000020980835,7.440000057220459,7.75,41324256
2024-09-01,7.75,8.170000076293945,7.760000228881836,7.980000019073486,40495593
2024-09-02,7.980000019073486,8.010000228881836,7.550000190734863,7.630000114440918,16409576
2024-09-03,7.630000114440918,7.800000190734863,7.579999923706055,7.75,11608330
2024-09-04,7.75,8.020000457763672,7.659999847412109,7.949999809265137,27280988
2024-09-05,7.949999809265137,8.050000190734863,7.760000228881836,7.809999942779541,9748226
2024-09-08,7.809999942779541,7.869999885559082,7.559999942779541,7.650000095367432,7413077
2024-09-09,7.650000095367432,7.78000020980835,7.599999904632568,7.639999866485596,4147061
2024-09-10,7.639999866485596,7.739999771118164,7.400000095367432,7.420000076293945,5761915
2024-09-11,7.420000076293945,7.829999923706055,7.300000190734863,7.789999961853027,11478198
2024-09-12,7.789999961853027,8.100000381469727,7.739999771118164,7.800000190734863,20717101
2024-09-16,7.800000190734863,7.869999885559082,7.539999961853027,7.539999961853027,6443088
2024-09-17,7.539999961853027,7.699999809265137,7.400000095367432,7.460000038146973,3785228
2024-09-18,7.460000038146973,7.519999980926514,7.300000190734863,7.400000095367432,7139660
2024-09-19,7.400000095367432,7.630000114440918,7.440000057220459,7.579999923706055,10732884
2024-09-22,7.579999923706055,7.949999809265137,7.670000076293945,7.920000076293945,9131001
2024-09-23,7.920000076293945,8.050000190734863,7.75,7.769999980926514,8735546
2024-09-24,8.350000381469727,8.460000038146973,8.149999618530273,8.210000038146973,18810683
2024-09-25,7.860000133514404,8.350000381469727,7.860000133514404,8.350000381469727,32636836
2024-09-26,8.350000381469727,8.460000038146973,8.149999618530273,8.210000038146973,18810683
2024-09-29,8.210000038146973,8.319999694824219,8.100000381469727,8.119999885559082,11564579
2024-09-30,8.119999885559082,8.619999885559082,8.130000114440918,8.550000190734863,21852677
2024-10-01,8.550000190734863,8.699999809265137,8.329999923706055,8.34000015258789,20373137
2024-10-02,8.34000015258789,8.529999732971191,8.199999809265137,8.25,15873484
2024-10-03,8.25,8.460000038146973,8.260000228881836,8.319999694824219,11171533
2024-10-07,8.319999694824219,8.59000015258789,8.260000228881836,8.279999732971191,25765115
2024-10-08,8.279999732971191,8.300000190734863,7.75,7.849999904632568,20303792
2024-10-09,7.849999904632568,7.980000019073486,7.800000190734863,7.980000019073486,11932978
2024-10-10,7.980000019073486,8.229999542236328,7.900000095367432,7.900000095367432,22375339
2024-10-13,7.900000095367432,7.96999979019165,7.550000190734863,7.550000190734863,6992247
2024-10-14,7.550000190734863,7.639999866485596,7.369999885559082,7.570000171661377,8867676
2024-10-15,7.570000171661377,7.699999809265137,7.579999923706055,7.590000152587891,4821916
2024-10-16,7.590000152587891,7.690000057220459,7.429999828338623,7.46999979019165,7251596
2024-10-17,7.46999979019165,7.579999923706055,7.400000095367432,7.400000095367432,4469744
2024-10-20,7.400000095367432,7.579999923706055,7.329999923706055,7.409999847412109,5552610
2024-10-21,7.409999847412109,7.909999847412109,7.349999904632568,7.900000095367432,8627456
2024-10-22,7.900000095367432,8.199999809265137,7.820000171661377,8.109999656677246,13567586
2024-10-23,8.109999656677246,8.220000267028809,8.020000457763672,8.069999694824219,5842833
2024-10-24,8.069999694824219,8.1899995803833,7.980000019073486,8.100000381469727,3852193
2024-10-27,8.100000381469727,8.149999618530273,7.980000019073486,8.039999961853027,5016929
2024-10-28,8.039999961853027,8.100000381469727,7.96999979019165,8.039999961853027,2676126
2024-10-29,8.039999961853027,8.34000015258789,8.050000190734863,8.199999809265137,8118561
2024-10-30,8.199999809265137,8.300000190734863,8.079999923706055,8.109999656677246,1750950
2024-10-31,8.109999656677246,8.5600004196167,8.119999885559082,8.5,14427802
2024-11-03,8.5,8.649999618530273,8.399999618530273,8.40999984741211,3848282
2024-11-04,8.40999984741211,8.489999771118164,8.350000381469727,8.359999656677246,7982600
2024-11-05,8.359999656677246,8.4399995803833,8.220000267028809,8.220000267028809,2470440
2024-11-06,8.220000267028809,8.630000114440918,8.300000190734863,8.600000381469727,7727569
2024-11-07,8.600000381469727,8.739999771118164,8.479999542236328,8.5,7953010
2024-11-10,8.5,8.640000343322754,8.40999984741211,8.470000267028809,3903711
2024-11-11,8.470000267028809,8.699999809265137,8.5,8.569999694824219,6335704
2024-11-12,8.569999694824219,8.739999771118164,8.550000190734863,8.600000381469727,5788732
2024-11-13,8.600000381469727,8.680000305175781,8.319999694824219,8.399999618530273,7276970
2024-11-14,8.399999618530273,8.5,8.329999923706055,8.489999771118164,5019126
2024-11-17,8.489999771118164,8.670000076293945,8.289999961853027,8.289999961853027,13409812
2024-11-18,8.289999961853027,8.34000015258789,8.020000457763672,8.020000457763672,5102664
2024-11-19,8.020000457763672,8.100000381469727,7.920000076293945,8.0,6465007
2024-11-20,8.0,8.09000015258789,7.900000095367432,8.09000015258789,7617047
2024-11-21,8.09000015258789,8.130000114440918,7.949999809265137,7.949999809265137,4604536
2024-11-24,7.949999809265137,8.010000228881836,7.829999923706055,7.840000152587891,2708725
2024-11-25,7.840000152587891,7.980000019073486,7.809999942779541,7.849999904632568,3044658
2024-11-26,7.849999904632568,7.960000038146973,7.809999942779541,7.829999923706055,1621970
2024-11-27,7.829999923706055,7.880000114440918,7.53000020980835,7.599999904632568,5010827
2024-11-28,7.599999904632568,7.820000171661377,7.489999771118164,7.800000190734863,4262345
2024-12-01,7.800000190734863,8.029999732971191,7.820000171661377,7.900000095367432,5561572
2024-12-02,7.900000095367432,8.140000343322754,7.909999847412109,8.0,12111740
2024-12-03,8.0,8.069999694824219,7.900000095367432,7.900000095367432,2737731
2024-12-04,7.900000095367432,8.100000381469727,7.949999809265137,8.100000381469727,7407331
2024-12-05,8.100000381469727,8.350000381469727,8.100000381469727,8.100000381469727,17481924
2024-12-08,8.100000381469727,8.220000267028809,8.109999656677246,8.15999984741211,4507272
2024-12-09,8.15999984741211,8.260000228881836,7.949999809265137,8.09000015258789,10072527
2024-12-10,8.09000015258789,8.149999618530273,7.820000171661377,7.820000171661377,5359482
2024-12-11,7.820000171661377,7.909999847412109,7.590000152587891,7.639999866485596,10451722
2024-12-12,7.639999866485596,7.789999961853027,7.670000076293945,7.75,4238782
2024-12-15,7.75,7.900000095367432,7.699999809265137,7.889999866485596,5704382
2024-12-16,7.889999866485596,8.140000343322754,7.920000076293945,8.029999732971191,10850493
2024-12-17,8.029999732971191,8.180000305175781,7.96999979019165,8.0,7517598
2024-12-18,8.0,8.170000076293945,7.75,7.800000190734863,5125055
2024-12-19,7.800000190734863,8.0,7.730000019073486,7.989999771118164,2690489
2024-12-22,7.989999771118164,8.050000190734863,7.809999942779541,7.809999942779541,1901967
2024-12-23,7.809999942779541,7.889999866485596,7.599999904632568,7.650000095367432,4554904
2024-12-24,7.650000095367432,7.699999809265137,7.460000038146973,7.570000171661377,1994158
2024-12-25,7.570000171661377,7.650000095367432,7.53000020980835,7.579999923706055,2327508
2024-12-26,7.579999923706055,7.639999866485596,7.5,7.5,2676951
2024-12-29,7.5,7.579999923706055,7.349999904632568,7.440000057220459,5203563
2024-12-30,7.440000057220459,7.519999980926514,7.360000133514404,7.369999885559082,2097849
2024-12-31,7.369999885559082,7.559999942779541,7.360000133514404,7.559999942779541,1142883
2025-01-02,7.559999942779541,7.71999979019165,7.5,7.659999847412109,2158984
2025-01-05,7.659999847412109,7.78000020980835,7.610000133514404,7.75,2014979
2025-01-06,7.75,7.789999961853027,7.579999923706055,7.599999904632568,1750717
2025-01-08,7.599999904632568,7.639999866485596,7.480000019073486,7.519999980926514,1695364
2025-01-09,7.519999980926514,7.579999923706055,7.400000095367432,7.400000095367432,1988544
2025-01-12,7.400000095367432,7.440000057220459,7.199999809265137,7.199999809265137,2977020
2025-01-13,7.199999809265137,7.329999923706055,6.900000095367432,6.949999809265137,4380476
2025-01-14,6.949999809265137,7.050000190734863,6.650000095367432,6.800000190734863,5260494
2025-01-15,6.800000190734863,7.130000114440918,6.860000133514404,7.130000114440918,8301254
2025-01-16,7.130000114440918,7.190000057220459,7.079999923706055,7.150000095367432,3094006
2025-01-19,7.130000114440918,7.309999942779541,7.079999923706055,7.170000076293945,6871519
2025-01-20,7.190000057220459,7.230000019073486,6.980000019073486,7.019999980926514,3863449
2025-01-21,7.019999980926514,7.159999847412109,6.980000019073486,7.010000228881836,3712540
2025-01-22,7.010000228881836,7.150000095367432,7.039999961853027,7.050000190734863,2712120
2025-01-23,7.050000190734863,7.110000133514404,7.019999980926514,7.03000020980835,2458157
2025-01-26,7.03000020980835,7.110000133514404,7.0,7.010000228881836,3067681
2025-01-27,7.010000228881836,7.059999942779541,6.849999904632568,6.849999904632568,3139902
2025-01-28,6.849999904632568,7.010000228881836,6.849999904632568,6.900000095367432,4110201
2025-01-29,6.900000095367432,7.119999885559082,6.940000057220459,7.010000228881836,5677510
2025-01-30,7.010000228881836,7.190000057220459,6.880000114440918,6.929999828338623,6213374
2025-02-02,6.929999828338623,6.989999771118164,6.849999904632568,6.860000133514404,1972710
2025-02-03,6.860000133514404,6.909999847412109,6.78000020980835,6.829999923706055,1843598
2025-02-04,6.829999923706055,6.920000076293945,6.849999904632568,6.860000133514404,1377343
2025-02-05,6.860000133514404,6.880000114440918,6.769999980926514,6.800000190734863,1606844
2025-02-06,6.800000190734863,6.869999885559082,6.75,6.769999980926514,1531945
2025-02-09,6.769999980926514,6.840000152587891,6.769999980926514,6.78000020980835,936042
2025-02-10,6.78000020980835,6.869999885559082,6.769999980926514,6.809999942779541,1239863
2025-02-11,6.809999942779541,6.860000133514404,6.679999828338623,6.679999828338623,1549642
2025-02-12,6.679999828338623,6.730000019073486,6.510000228881836,6.639999866485596,2360277
2025-02-13,6.639999866485596,6.929999828338623,6.650000095367432,6.929999828338623,3635520
2025-02-16,6.929999828338623,7.53000020980835,7.199999809265137,7.409999847412109,26742335
2025-02-17,7.409999847412109,7.550000190734863,7.380000114440918,7.510000228881836,8643551
2025-02-18,7.510000228881836,7.599999904632568,7.449999809265137,7.550000190734863,5078072
2025-02-19,7.550000190734863,7.579999923706055,7.449999809265137,7.550000190734863,4157027
2025-02-20,7.550000190734863,7.699999809265137,7.53000020980835,7.639999866485596,10960733
2025-02-23,7.639999866485596,7.639999866485596,7.480000019073486,7.559999942779541,2082547
2025-02-24,7.559999942779541,7.590000152587891,7.460000038146973,7.489999771118164,1276513
2025-02-25,7.489999771118164,7.75,7.460000038146973,7.690000057220459,15516645
2025-02-26,7.690000057220459,7.739999771118164,7.5,7.599999904632568,4887607
2025-02-27,7.599999904632568,7.800000190734863,7.570000171661377,7.670000076293945,5782910
2025-03-02,7.670000076293945,7.929999828338623,7.659999847412109,7.880000114440918,6216537
2025-03-03,7.880000114440918,8.15999984741211,7.829999923706055,8.079999923706055,20717558
2025-03-04,8.079999923706055,8.199999809265137,7.989999771118164,8.109999656677246,6805674
2025-03-05,8.109999656677246,8.119999885559082,7.849999904632568,7.920000076293945,5625667
2025-03-06,7.920000076293945,8.399999618530273,7.900000095367432,8.369999885559082,11510062
2025-03-09,8.369999885559082,8.6899995803833,8.3100004196167,8.600000381469727,13733421
2025-03-10,8.600000381469727,8.899999618530273,8.449999809265137,8.899999618530273,15436326
2025-03-11,8.899999618530273,9.149999618530273,8.680000305175781,9.100000381469727,9110452
2025-03-12,9.100000381469727,9.199999809265137,8.920000076293945,9.069999694824219,7823583
2025-03-13,9.069999694824219,9.350000381469727,9.050000190734863,9.300000190734863,7469131
2025-03-16,9.300000190734863,9.5,9.270000457763672,9.3100004196167,4052725
2025-03-17,9.3100004196167,9.3100004196167,8.859999656677246,8.949999809265137,4494442
2025-03-18,8.949999809265137,9.0,8.630000114440918,8.800000190734863,5992490
2025-03-19,8.800000190734863,8.930000305175781,8.5,8.65999984741211,8066709
2025-03-20,8.65999984741211,8.729999542236328,8.520000457763672,8.649999618530273,4271130
2025-03-23,8.649999618530273,8.84000015258789,8.630000114440918,8.800000190734863,2230855
2025-03-24,8.800000190734863,8.859999656677246,8.520000457763672,8.550000190734863,5173709
2025-03-25,8.550000190734863,8.569999694824219,8.25,8.260000228881836,1779617
2025-03-26,8.260000228881836,8.329999923706055,8.010000228881836,8.319999694824219,1066702
2025-03-27,8.319999694824219,8.350000381469727,8.170000076293945,8.289999961853027,722751
2025-04-03,8.289999961853027,8.390000343322754,8.119999885559082,8.300000190734863,2114466
2025-04-06,8.300000190734863,8.149999618530273,7.619999885559082,8.0,3790712
2025-04-07,8.0,8.100000381469727,7.800000190734863,8.100000381469727,1754563
2025-04-08,8.100000381469727,8.369999885559082,8.170000076293945,8.199999809265137,2561364
2025-04-09,8.199999809265137,8.289999961853027,8.050000190734863,8.109999656677246,6664865
2025-04-10,8.109999656677246,8.380000114440918,8.229999542236328,8.319999694824219,2260558
2025-04-13,8.319999694824219,8.550000190734863,8.34000015258789,8.550000190734863,2541357
2025-04-14,8.550000190734863,8.600000381469727,8.390000343322754,8.460000038146973,2375675
2025-04-15,8.460000038146973,8.489999771118164,8.220000267028809,8.350000381469727,5234830
2025-04-16,8.350000381469727,8.350000381469727,8.130000114440918,8.15999984741211,3304579
2025-04-17,8.15999984741211,8.25,8.130000114440918,8.199999809265137,1185463
2025-04-22,8.199999809265137,8.4399995803833,7.539999961853027,8.399999618530273,5152057
2025-04-23,8.399999618530273,8.449999809265137,8.270000457763672,8.369999885559082,1430708
2025-04-27,8.369999885559082,8.579999923706055,8.289999961853027,8.579999923706055,5868566
2025-04-28,8.579999923706055,8.949999809265137,8.579999923706055,8.920000076293945,10479492
2025-04-29,8.920000076293945,9.100000381469727,8.859999656677246,8.899999618530273,8827435
2025-04-30,8.899999618530273,9.100000381469727,8.819999694824219,8.920000076293945,4668292
2025-05-04,8.920000076293945,9.039999961853027,8.850000381469727,8.930000305175781,3833417
2025-05-05,8.930000305175781,9.079999923706055,8.630000114440918,8.779999732971191,1952877
2025-05-06,8.779999732971191,9.100000381469727,8.789999961853027,8.899999618530273,4888861
2025-05-07,8.899999618530273,9.069999694824219,8.699999809265137,8.710000038146973,5743535
2025-05-08,8.710000038146973,8.859999656677246,8.649999618530273,8.800000190734863,2203497
2025-05-11,8.800000190734863,8.949999809265137,8.640000343322754,8.699999809265137,2453380
2025-05-12,8.699999809265137,8.84000015258789,8.579999923706055,8.619999885559082,1971954
2025-05-13,8.619999885559082,8.84000015258789,8.65999984741211,8.800000190734863,2489832
2025-05-14,8.800000190734863,8.90999984741211,8.699999809265137,8.84000015258789,5812021
2025-05-15,8.84000015258789,8.989999771118164,8.779999732971191,8.9399995803833,9084897
2025-05-18,8.9399995803833,9.119999885559082,8.930000305175781,9.100000381469727,6153603
2025-05-19,9.100000381469727,9.170000076293945,9.020000457763672,9.109999656677246,3881993
2025-05-20,9.109999656677246,9.229999542236328,9.069999694824219,9.170000076293945,3041810
2025-05-21,9.170000076293945,9.5,9.140000343322754,9.449999809265137,9070014
2025-05-22,9.449999809265137,9.630000114440918,9.40999984741211,9.5,4867124
2025-05-25,9.5,9.699999809265137,9.510000228881836,9.699999809265137,2551785
2025-05-26,9.699999809265137,9.880000114440918,9.699999809265137,9.710000038146973,6576192
2025-05-27,9.710000038146973,9.880000114440918,9.6899995803833,9.850000381469727,2439562
2025-05-28,9.850000381469727,10.149999618530273,9.880000114440918,9.899999618530273,8480037
2025-05-29,9.899999618530273,10.0,9.430000305175781,9.670000076293945,6787483
2025-06-01,9.670000076293945,10.0,9.649999618530273,9.649999618530273,2370710
2025-06-02,9.649999618530273,9.739999771118164,9.350000381469727,9.359999656677246,2970399
2025-06-03,9.359999656677246,9.449999809265137,9.289999961853027,9.399999618530273,2857849
2025-06-04,9.399999618530273,9.5,9.350000381469727,9.350000381469727,1886682
2025-06-10,9.350000381469727,9.699999809265137,9.369999885559082,9.5600004196167,1773071
2025-06-11,9.5600004196167,9.649999618530273,9.329999923706055,9.34000015258789,1446554
2025-06-12,9.34000015258789,9.550000190734863,9.119999885559082,9.550000190734863,1822289
2025-06-15,9.550000190734863,9.170000076293945,8.5600004196167,8.880000114440918,6982562
2025-06-16,8.880000114440918,9.100000381469727,8.770000457763672,8.850000381469727,7030903
2025-06-17,8.850000381469727,8.989999771118164,8.329999923706055,8.989999771118164,3952947
2025-06-18,8.989999771118164,8.949999809265137,8.600000381469727,8.930000305175781,2989041
2025-06-19,8.930000305175781,8.960000038146973,8.369999885559082,8.880000114440918,4036408
2025-06-22,8.880000114440918,8.890000343322754,8.34000015258789,8.850000381469727,2933855
2025-06-23,8.850000381469727,8.9399995803833,8.800000190734863,8.899999618530273,3161035
2025-06-24,8.899999618530273,9.329999923706055,9.0,9.270000457763672,8126284
2025-06-25,9.270000457763672,9.5,9.210000038146973,9.5,3884347
2025-06-29,9.5,9.600000381469727,9.34000015258789,9.470000267028809,2289305
2025-06-30,9.470000267028809,9.550000190734863,9.319999694824219,9.319999694824219,1435687
2025-07-01,9.319999694824219,9.40999984741211,9.260000228881836,9.270000457763672,869690
2025-07-02,9.270000457763672,9.34000015258789,9.09000015258789,9.170000076293945,2484548
2025-07-06,9.170000076293945,9.380000114440918,9.180000305175781,9.300000190734863,1640884
2025-07-07,9.300000190734863,9.399999618530273,9.119999885559082,9.119999885559082,1660428
2025-07-09,9.119999885559082,9.3100004196167,9.100000381469727,9.300000190734863,1059406
2025-07-10,9.300000190734863,9.380000114440918,9.15999984741211,9.180000305175781,1735396
2025-07-13,9.180000305175781,9.319999694824219,9.050000190734863,9.050000190734863,2510953
2025-07-14,9.050000190734863,9.270000457763672,9.010000228881836,9.199999809265137,1875843
2025-07-15,9.199999809265137,9.289999961853027,9.0600004196167,9.0600004196167,2478722
2025-07-16,9.0600004196167,9.380000114440918,9.029999732971191,9.09000015258789,6103949
2025-07-17,9.09000015258789,9.220000267028809,9.039999961853027,9.100000381469727,3982707
2025-07-20,9.100000381469727,9.149999618530273,8.9399995803833,9.0,4042796
2025-07-21,9.0,9.069999694824219,8.859999656677246,8.880000114440918,3186046
2025-07-22,8.880000114440918,8.960000038146973,8.8100004196167,8.8100004196167,1085985
2025-07-23,8.8100004196167,8.8100004196167,8.8100004196167,8.8100004196167,0
2025-07-27,8.569999694824219,8.6899995803833,8.420000076293945,8.420000076293945,5910921
2025-07-28,8.420000076293945,8.5600004196167,8.350000381469727,8.40999984741211,2644581
2025-07-29,8.40999984741211,8.5,8.350000381469727,8.380000114440918,1741034
2025-07-30,8.380000114440918,8.550000190734863,8.300000190734863,8.3100004196167,3296973
2025-07-31,8.3100004196167,8.520000457763672,8.359999656677246,8.510000228881836,1700567
2025-08-03,8.510000228881836,8.510000228881836,8.510000228881836,8.510000228881836,0
2025-08-04,8.510000228881836,8.510000228881836,8.510000228881836,8.510000228881836,0
2025-08-05,8.510000228881836,8.510000228881836,8.510000228881836,8.510000228881836,0
2025-08-06,8.510000228881836,8.510000228881836,8.510000228881836,8.510000228881836,0
2025-08-07,8.510000228881836,8.510000228881836,8.510000228881836,8.510000228881836,0
2025-08-10,8.729999542236328,8.859999656677246,8.729999542236328,8.850000381469727,2127744
2025-08-11,8.850000381469727,8.890000343322754,8.699999809265137,8.710000038146973,1157784
2025-08-12,8.710000038146973,8.8100004196167,8.630000114440918,8.800000190734863,1783459
2025-08-13,8.800000190734863,8.899999618530273,8.510000228881836,8.649999618530273,1861424
2025-08-14,8.649999618530273,8.699999809265137,8.5,8.619999885559082,2119134
2025-08-17,8.619999885559082,8.680000305175781,8.420000076293945,8.489999771118164,794960
2025-08-18,8.489999771118164,8.579999923706055,8.5,8.5600004196167,2092436
2025-08-19,8.5600004196167,8.579999923706055,8.449999809265137,8.470000267028809,972971
2025-08-20,8.470000267028809,8.59000015258789,8.270000457763672,8.300000190734863,3199859
2025-08-21,8.300000190734863,8.4399995803833,8.260000228881836,8.350000381469727,1417900
2025-08-24,8.350000381469727,8.430000305175781,8.289999961853027,8.300000190734863,1155146
2025-08-25,8.300000190734863,8.380000114440918,8.300000190734863,8.319999694824219,981363
2025-08-26,8.319999694824219,8.399999618530273,8.279999732971191,8.300000190734863,2658869
2025-08-27,8.300000190734863,8.359999656677246,8.199999809265137,8.270000457763672,1249220
2025-08-28,8.270000457763672,8.399999618530273,8.25,8.34000015258789,3308750
2025-08-31,8.34000015258789,8.430000305175781,7.920000076293945,8.0,3407273
2025-09-01,8.0,8.170000076293945,7.989999771118164,8.050000190734863,3094199
2025-09-02,8.050000190734863,8.180000305175781,8.0600004196167,8.100000381469727,1450193
2025-09-03,8.100000381469727,8.229999542236328,8.069999694824219,8.1899995803833,1931329
2025-09-07,8.1899995803833,8.970000267028809,8.5,8.510000228881836,20996072
2025-09-08,8.510000228881836,8.819999694824219,8.619999885559082,8.699999809265137,15335096
2025-09-09,8.699999809265137,8.800000190734863,8.510000228881836,8.569999694824219,4279738
2025-09-10,8.569999694824219,8.579999923706055,8.420000076293945,8.5,2445910
2025-09-11,8.5,8.550000190734863,8.399999618530273,8.470000267028809,1947957
2025-09-14,8.470000267028809,8.630000114440918,8.4399995803833,8.479999542236328,3072835
2025-09-15,8.479999542236328,8.59000015258789,8.270000457763672,8.300000190734863,5428302
2025-09-16,8.300000190734863,8.390000343322754,8.050000190734863,8.149999618530273,3553296
2025-09-17,8.149999618530273,8.25,8.119999885559082,8.199999809265137,1471069
2025-09-18,8.199999809265137,8.270000457763672,8.170000076293945,8.180000305175781,1199878
2025-09-21,8.180000305175781,8.260000228881836,8.020000457763672,8.029999732971191,1238111
2025-09-22,8.029999732971191,8.25,8.069999694824219,8.140000343322754,1420230
2025-09-23,8.140000343322754,8.260000228881836,7.949999809265137,8.020000457763672,2540294
2025-09-24,8.020000457763672,8.199999809265137,8.050000190734863,8.119999885559082,2271667
2025-09-25,8.119999885559082,8.220000267028809,8.130000114440918,8.15999984741211,1491692
2025-09-28,8.15999984741211,8.390000343322754,8.09000015258789,8.100000381469727,6711385
2025-09-29,8.100000381469727,8.600000381469727,8.119999885559082,8.579999923706055,21762565
2025-09-30,8.579999923706055,8.800000190734863,8.470000267028809,8.760000228881836,13173845
2025-10-01,8.760000228881836,8.899999618530273,8.649999618530273,8.699999809265137,18174578
2025-10-02,8.699999809265137,8.800000190734863,8.539999961853027,8.539999961853027,3181708
2025-10-05,8.539999961853027,8.720000267028809,8.5600004196167,8.600000381469727,3219788
2025-10-06,8.600000381469727,8.720000267028809,8.59000015258789,8.710000038146973,4076370
2025-10-07,8.710000038146973,9.25,8.75,9.100000381469727,23655480
2025-10-08,9.100000381469727,9.170000076293945,8.930000305175781,9.100000381469727,5609364
2025-10-12,9.100000381469727,9.279999732971191,8.989999771118164,9.199999809265137,8145157
2025-10-13,9.199999809265137,9.399999618530273,9.199999809265137,9.25,10173393
2025-10-14,9.25,9.380000114440918,9.0,9.149999618530273,5398529
2025-10-15,9.149999618530273,9.199999809265137,9.0,9.130000114440918,1832297
2025-10-16,9.130000114440918,9.149999618530273,9.050000190734863,9.100000381469727,1557773
2025-10-19,9.100000381469727,9.149999618530273,9.079999923706055,9.100000381469727,2027796
2025-10-20,9.100000381469727,9.199999809265137,8.949999809265137,9.050000190734863,4665006
2025-10-21,9.050000190734863,9.149999618530273,8.930000305175781,9.039999961853027,5732750
2025-10-22,9.039999961853027,9.119999885559082,8.979999542236328,9.010000228881836,2318604
2025-10-23,9.010000228881836,9.09000015258789,8.949999809265137,8.979999542236328,2372758
2025-10-26,8.979999542236328,9.609999656677246,8.979999542236328,9.600000381469727,17468322
2025-10-27,9.600000381469727,9.800000190734863,9.550000190734863,9.699999809265137,9624068
2025-10-28,9.699999809265137,9.800000190734863,9.460000038146973,9.5,6094074
2025-10-29,9.5,9.899999618530273,9.470000267028809,9.880000114440918,9909058
2025-10-30,9.880000114440918,10.180000305175781,9.640000343322754,9.800000190734863,23964764
2025-11-02,9.800000190734863,9.899999618530273,9.550000190734863,9.699999809265137,8582687
2025-11-03,9.699999809265137,10.239999771118164,9.600000381469727,10.180000305175781,18713274
2025-11-04,10.180000305175781,10.329999923706055,9.970000267028809,10.109999656677246,12625855
2025-11-05,10.109999656677246,10.279999732971191,9.899999618530273,10.050000190734863,7019533
2025-11-06,10.050000190734863,10.220000267028809,9.979999542236328,10.100000381469727,5903794
2025-11-09,10.100000381469727,10.579999923706055,10.0,10.359999656677246,15310373
2025-11-10,10.359999656677246,10.539999961853027,10.25,10.260000228881836,5387451
2025-11-11,10.260000228881836,10.329999923706055,10.020000457763672,10.050000190734863,2848737
2025-11-12,10.050000190734863,10.239999771118164,10.029999732971191,10.109999656677246,2945868
2025-11-13,10.109999656677246,10.1899995803833,10.0,10.0,4656785
2025-11-16,10.0,10.079999923706055,9.819999694824219,9.850000381469727,5064893
2025-11-17,9.850000381469727,10.100000381469727,9.699999809265137,9.699999809265137,10682400
2025-11-18,9.699999809265137,9.800000190734863,9.350000381469727,9.350000381469727,7235065
2025-11-19,9.350000381469727,9.5600004196167,9.229999542236328,9.489999771118164,2874557
2025-11-20,9.489999771118164,9.550000190734863,9.319999694824219,9.399999618530273,1247741
2025-11-23,9.399999618530273,9.5600004196167,9.350000381469727,9.350000381469727,3192546
2025-11-24,9.350000381469727,9.420000076293945,9.100000381469727,9.149999618530273,4961697
2025-11-25,9.149999618530273,9.359999656677246,9.010000228881836,9.050000190734863,2678524
2025-11-26,9.050000190734863,9.220000267028809,8.800000190734863,8.800000190734863,5210447
2025-11-27,8.800000190734863,9.020000457763672,8.800000190734863,8.899999618530273,3979237
2025-11-30,8.899999618530273,9.109999656677246,8.90999984741211,9.0,3058353
2025-12-01,9.0,9.170000076293945,8.949999809265137,8.989999771118164,3280075
2025-12-02,8.989999771118164,9.130000114440918,8.979999542236328,8.979999542236328,4620716
2025-12-03,8.979999542236328,9.220000267028809,8.989999771118164,9.149999618530273,5919289
2025-12-04,9.149999618530273,9.270000457763672,9.0600004196167,9.149999618530273,5775544
2025-12-07,9.149999618530273,9.369999885559082,9.130000114440918,9.359999656677246,2116843
2025-12-08,9.359999656677246,9.729999542236328,9.3100004196167,9.710000038146973,15920290
2025-12-09,9.710000038146973,9.949999809265137,9.600000381469727,9.899999618530273,9703231
2025-12-10,9.899999618530273,10.050000190734863,9.8100004196167,10.0,21226394
2025-12-11,10.0,10.149999618530273,9.40999984741211,9.850000381469727,7843745
2025-12-14,9.850000381469727,9.9399995803833,9.649999618530273,9.800000190734863,3787481
2025-12-15,9.800000190734863,10.0600004196167,9.800000190734863,10.029999732971191,11207363
2025-12-16,10.029999732971191,10.079999923706055,9.739999771118164,9.75,1883825
2025-12-17,9.75,9.819999694824219,9.670000076293945,9.699999809265137,1281104
2025-12-18,9.699999809265137,9.75,9.399999618530273,9.399999618530273,4137308
2025-12-21,9.399999618530273,9.670000076293945,9.420000076293945,9.649999618530273,1079822
2025-12-22,9.649999618530273,9.899999618530273,9.649999618530273,9.800000190734863,1965942
2025-12-23,9.800000190734863,9.880000114440918,9.479999542236328,9.600000381469727,4356068
2025-12-24,9.600000381469727,9.649999618530273,9.4399995803833,9.600000381469727,2554860
2025-12-25,9.600000381469727,9.699999809265137,9.399999618530273,9.699999809265137,3635643
2025-12-28,9.699999809265137,9.779999732971191,9.479999542236328,9.75,1928600
2025-12-29,9.75,9.739999771118164,9.5600004196167,9.729999542236328,1413156
2025-12-30,9.729999542236328,9.699999809265137,9.5,9.5600004196167,2301521
2025-12-31,9.5600004196167,9.699999809265137,9.5,9.699999809265137,1669619
2026-01-04,9.699999809265137,9.699999809265137,9.460000038146973,9.460000038146973,1030535
2026-01-05,9.460000038146973,9.550000190734863,9.170000076293945,9.300000190734863,2205586
2026-01-06,9.300000190734863,9.489999771118164,9.3100004196167,9.40999984741211,810177
2026-01-08,9.40999984741211,9.5,9.40999984741211,9.489999771118164,821020
2026-01-11,9.489999771118164,9.6899995803833,9.399999618530273,9.529999732971191,6124784
2026-01-12,9.529999732971191,9.6899995803833,9.460000038146973,9.479999542236328,3080464
2026-01-13,9.479999542236328,9.59000015258789,9.149999618530273,9.199999809265137,2671756
2026-01-14,9.199999809265137,9.289999961853027,8.9399995803833,9.100000381469727,7531103
2026-01-15,9.100000381469727,9.140000343322754,8.949999809265137,8.970000267028809,1914129
2026-01-18,8.970000267028809,9.15999984741211,8.970000267028809,9.15999984741211,1428575
2026-01-19,9.15999984741211,9.380000114440918,9.050000190734863,9.380000114440918,2454217
2026-01-20,9.380000114440918,9.460000038146973,9.199999809265137,9.329999923706055,4281233
2026-01-21,9.329999923706055,9.40999984741211,9.210000038146973,9.319999694824219,1289355
2026-01-22,9.319999694824219,9.399999618530273,9.229999542236328,9.25,3096344
2026-01-25,9.25,9.300000190734863,9.100000381469727,9.100000381469727,1617518
2026-01-26,9.100000381469727,9.399999618530273,9.0600004196167,9.239999771118164,4819412
2026-01-27,9.239999771118164,9.319999694824219,9.119999885559082,9.119999885559082,2163909
2026-01-28,9.119999885559082,9.260000228881836,9.050000190734863,9.050000190734863,3004708
2026-02-01,9.050000190734863,9.149999618530273,8.979999542236328,9.069999694824219,2219949
2026-02-02,9.069999694824219,9.100000381469727,8.949999809265137,9.050000190734863,4104332
2026-02-03,9.050000190734863,9.420000076293945,9.0600004196167,9.390000343322754,8246922
2026-02-04,9.390000343322754,9.649999618530273,9.40999984741211,9.510000228881836,7143030
2026-02-05,9.510000228881836,9.579999923706055,9.359999656677246,9.399999618530273,1468291
2026-02-08,9.399999618530273,9.720000267028809,9.430000305175781,9.529999732971191,9749157
2026-02-09,9.529999732971191,9.899999618530273,9.569999694824219,9.75,14577224
2026-02-10,9.75,9.800000190734863,9.59000015258789,9.699999809265137,2824801
2026-02-11,9.699999809265137,9.75,9.479999542236328,9.600000381469727,8051517
2026-02-12,9.600000381469727,9.640000343322754,9.5,9.5,3172640
2026-02-15,9.5,9.789999961853027,9.520000457763672,9.680000305175781,9833098
2026-02-16,9.680000305175781,9.800000190734863,9.630000114440918,9.640000343322754,14496722
2026-02-17,9.640000343322754,9.850000381469727,9.5600004196167,9.800000190734863,9020927
2026-02-18,9.800000190734863,9.899999618530273,9.739999771118164,9.800000190734863,16313440
2026-02-19,9.800000190734863,9.800000190734863,9.4399995803833,9.449999809265137,1834500
2026-02-22,9.449999809265137,9.550000190734863,9.260000228881836,9.34000015258789,2146932
2026-02-23,9.34000015258789,9.430000305175781,9.180000305175781,9.380000114440918,6932643
2026-02-24,9.380000114440918,9.390000343322754,9.199999809265137,9.199999809265137,1693419
2026-02-25,9.199999809265137,9.260000228881836,9.0,9.079999923706055,2094448
2026-02-26,9.079999923706055,9.199999809265137,8.9399995803833,8.949999809265137,2924868
2026-03-01,8.949999809265137,8.920000076293945,8.199999809265137,8.75,2420366
2026-03-02,8.75,8.890000343322754,8.579999923706055,8.8100004196167,1005222
2026-03-03,8.8100004196167,9.109999656677246,8.529999732971191,9.050000190734863,2700362
2026-03-04,9.050000190734863,9.069999694824219,8.899999618530273,9.0,906234
2026-03-05,9.0,9.289999961853027,9.010000228881836,9.270000457763672,1287238
2026-03-08,9.270000457763672,9.270000457763672,9.069999694824219,9.109999656677246,887714
2026-03-09,9.109999656677246,9.199999809265137,8.880000114440918,8.920000076293945,1621728
2026-03-10,8.920000076293945,9.229999542236328,8.949999809265137,9.210000038146973,1570414
2026-03-11,9.210000038146973,9.5,9.210000038146973,9.220000267028809,2816048
2026-03-12,9.220000267028809,9.390000343322754,9.149999618530273,9.15999984741211,900926
2026-03-15,9.15999984741211,9.25,9.069999694824219,9.130000114440918,209803
2026-03-16,9.130000114440918,9.130000114440918,8.989999771118164,9.0,539124
2026-03-17,9.0,9.079999923706055,8.920000076293945,9.039999961853027,854729
2026-03-18,9.039999961853027,9.180000305175781,9.0,9.100000381469727,1899683
2026-03-19,9.100000381469727,9.100000381469727,9.100000381469727,9.100000381469727,0
2026-03-24,9.100000381469727,9.1899995803833,9.09000015258789,9.130000114440918,1194075
2026-03-25,9.130000114440918,9.279999732971191,9.100000381469727,9.210000038146973,1014563
2026-03-26,9.210000038146973,9.289999961853027,9.170000076293945,9.210000038146973,537860
2026-03-29,9.210000038146973,9.4399995803833,9.039999961853027,9.40999984741211,2944075
2026-03-30,9.40999984741211,9.489999771118164,9.199999809265137,9.199999809265137,4456789
2026-03-31,9.199999809265137,9.390000343322754,9.100000381469727,9.199999809265137,504461
2026-04-01,9.199999809265137,9.300000190734863,9.210000038146973,9.300000190734863,338484
2026-04-02,9.300000190734863,9.3100004196167,9.170000076293945,9.210000038146973,333827
2026-04-05,9.210000038146973,9.350000381469727,9.199999809265137,9.300000190734863,496279
2026-04-06,9.300000190734863,9.359999656677246,9.220000267028809,9.25,1489879
2026-04-07,9.25,9.289999961853027,9.0600004196167,9.09000015258789,1469390
2026-04-08,9.09000015258789,9.359999656677246,9.220000267028809,9.34000015258789,3597899
2026-04-09,9.34000015258789,9.390000343322754,9.239999771118164,9.270000457763672,512500
2026-04-14,9.270000457763672,9.350000381469727,9.199999809265137,9.350000381469727,1889397
2026-04-15,9.350000381469727,9.579999923706055,9.329999923706055,9.5,16703436
2026-04-16,9.5,9.699999809265137,9.5,9.569999694824219,12921106
2026-04-19,9.569999694824219,9.75,9.550000190734863,9.59000015258789,5848991
2026-04-20,9.59000015258789,9.600000381469727,9.470000267028809,9.529999732971191,2985699
2026-04-21,9.529999732971191,9.84000015258789,9.529999732971191,9.800000190734863,13852396
2026-04-22,9.800000190734863,10.100000381469727,9.899999618530273,9.899999618530273,37481224
2026-04-23,9.899999618530273,10.430000305175781,9.819999694824219,10.34000015258789,48668920
2026-04-26,10.34000015258789,10.5,10.100000381469727,10.289999961853027,12742107
2026-04-27,10.289999961853027,10.649999618530273,10.149999618530273,10.649999618530273,19467559
2026-04-28,10.649999618530273,10.720000267028809,10.460000038146973,10.5,11734369
2026-04-29,10.5,10.800000190734863,10.430000305175781,10.779999732971191,15177599
2026-04-30,10.779999732971191,10.84000015258789,10.470000267028809,10.5,11464688
2026-05-03,10.5,10.880000114440918,10.460000038146973,10.75,16061376
2026-05-04,10.75,10.930000305175781,10.609999656677246,10.649999618530273,19847232
2026-05-05,10.649999618530273,10.75,10.5,10.5600004196167,7642334
2026-05-06,10.5600004196167,10.789999961853027,10.600000381469727,10.75,8497234
2026-05-10,10.75,11.270000457763672,10.630000114440918,11.199999809265137,27341123
2026-05-11,11.199999809265137,11.390000343322754,11.029999732971191,11.029999732971191,13205859
2026-05-12,11.029999732971191,11.199999809265137,10.970000267028809,11.100000381469727,9551049
2026-05-13,11.100000381469727,11.1899995803833,10.970000267028809,11.0,4221093
2026-05-14,11.0,11.369999885559082,10.699999809265137,11.0,10996757
2026-05-17,11.0,11.09000015258789,10.8100004196167,10.819999694824219,2304110
2026-05-18,10.819999694824219,10.899999618530273,10.40999984741211,10.40999984741211,4668826
2026-05-19,10.40999984741211,10.680000305175781,10.40999984741211,10.420000076293945,5686987
2026-05-20,10.420000076293945,10.5,9.829999923706055,10.0,3844227
2026-05-21,10.0,10.279999732971191,10.020000457763672,10.1899995803833,1702767
2026-05-24,10.1899995803833,10.550000190734863,10.260000228881836,10.4399995803833,6291890
2026-05-25,10.4399995803833,10.569999694824219,10.399999618530273,10.5,1302657
2026-05-26,10.5,10.5,10.5,10.5,0
2026-05-27,10.5,10.5,10.5,10.5,0
2026-05-28,10.5,10.5,10.5,10.5,0
2026-06-01,10.5,11.890000343322754,10.800000190734863,11.779999732971191,40180650
2026-06-02,11.779999732971191,12.300000190734863,11.789999961853027,11.850000381469727,32240251
2026-06-03,11.850000381469727,11.960000038146973,11.520000457763672,11.699999809265137,43609142
2026-06-04,11.699999809265137,12.380000114440918,11.779999732971191,12.25,70343297
2026-06-07,12.25,12.600000381469727,12.039999961853027,12.300000190734863,77947267
2026-06-08,12.300000190734863,12.300000190734863,11.979999542236328,12.010000228881836,24722655
2026-06-09,12.010000228881836,12.25,12.0,12.149999618530273,19083196
2026-06-10,12.149999618530273,12.180000305175781,11.529999732971191,11.529999732971191,19633360
2026-06-11,11.529999732971191,11.630000114440918,11.109999656677246,11.210000038146973,11787717
2026-06-14,11.210000038146973,12.050000190734863,11.460000038146973,12.0,27799219
2026-06-15,12.0,12.399999618530273,11.880000114440918,12.34000015258789,34635762
2026-06-16,12.34000015258789,12.5,12.199999809265137,12.5,24725593
2026-06-17,12.5,12.5,12.5,12.5,0
2026-06-18,12.5,12.5,12.5,12.5,0
2026-06-21,12.4399995803833,12.569999694824219,12.100000381469727,12.15999984741211,10357970
2026-06-22,12.15999984741211,12.15999984741211,12.15999984741211,12.15999984741211,0
2026-06-23,11.8100004196167,12.050000190734863,11.600000381469727,11.600000381469727,8490644
2026-06-24,11.600000381469727,11.800000190734863,11.40999984741211,11.720000267028809,5962193
2026-06-25,11.720000267028809,11.979999542236328,11.630000114440918,11.84000015258789,10800079
2026-06-28,11.84000015258789,11.819999694824219,11.239999771118164,11.319999694824219,4871756
2026-06-29,11.319999694824219,11.539999961853027,11.25,11.430000305175781,3593674
2026-06-30,11.430000305175781,11.680000305175781,11.430000305175781,11.609999656677246,7348714
2026-07-01,11.609999656677246,11.680000305175781,11.449999809265137,11.529999732971191,5087250
2026-07-05,11.529999732971191,11.819999694824219,11.550000190734863,11.75,3554202
2026-07-06,11.75,12.109999656677246,11.770000457763672,12.100000381469727,12776422
2026-07-07,12.100000381469727,12.220000267028809,11.829999923706055,11.859999656677246,12851394
2026-07-08,11.859999656677246,11.930000305175781,11.399999618530273,11.579999923706055,8552952
2026-07-09,11.579999923706055,12.0,11.5,11.899999618530273,6003855
2026-07-12,11.899999618530273,12.0,11.619999885559082,11.75,5226654
2026-07-13,11.75,11.899999618530273,11.65999984741211,11.699999809265137,6617864
2026-07-14,11.699999809265137,11.829999923706055,11.609999656677246,11.739999771118164,2694904
2026-07-15,11.739999771118164,11.899999618530273,11.649999618530273,11.869999885559082,3133049
2026-07-16,11.869999885559082,12.0,11.779999732971191,11.789999961853027,4683758
2026-07-19,11.789999961853027,11.859999656677246,11.619999885559082,11.6899995803833,2900038
2026-07-20,11.6899995803833,11.760000228881836,11.600000381469727,11.699999809265137,1342442
2026-07-21,11.699999809265137,11.890000343322754,11.649999618530273,11.890000343322754,1928577
2026-07-22,11.890000343322754,11.970000267028809,11.75,11.75,4178045
2026-07-26,11.75,11.850000381469727,11.600000381469727,11.649999618530273,3353895
2026-07-27,11.649999618530273,11.800000190734863,11.5600004196167,11.5600004196167,3971225
2026-07-28,11.5600004196167,11.649999618530273,11.5,11.529999732971191,2573028
2026-07-29,11.529999732971191,11.579999923706055,11.399999618530273,11.430000305175781,3486513
2026-07-30,11.430000305175781,11.399999618530273,11.079999923706055,11.25,4259446
