date,open,high,low,close,volume
2015-01-04,11.920000076293945,12.100000381469727,11.800000190734863,11.920000076293945,276406
2015-01-05,11.920000076293945,12.420000076293945,11.970000267028809,12.149999618530273,1990844
2015-01-06,12.149999618530273,12.0,11.800000190734863,11.880000114440918,1038493
2015-01-08,11.880000114440918,12.210000038146973,11.930000305175781,12.069999694824219,1113162
2015-01-11,12.069999694824219,12.300000190734863,11.850000381469727,11.970000267028809,681877
2015-01-12,11.970000267028809,12.149999618530273,11.859999656677246,12.069999694824219,803532
2015-01-13,12.069999694824219,12.699999809265137,12.0600004196167,12.4399995803833,2444770
2015-01-14,12.4399995803833,12.930000305175781,12.460000038146973,12.729999542236328,2142825
2015-01-15,12.729999542236328,12.720000267028809,12.260000228881836,12.470000267028809,1418654
2015-01-18,12.470000267028809,12.470000267028809,12.470000267028809,12.470000267028809,0
2015-01-19,12.470000267028809,12.470000267028809,12.470000267028809,12.470000267028809,0
2015-01-20,12.470000267028809,12.470000267028809,12.470000267028809,12.470000267028809,0
2015-01-21,12.470000267028809,12.470000267028809,12.470000267028809,12.470000267028809,0
2015-01-22,12.470000267028809,12.470000267028809,12.470000267028809,12.470000267028809,0
2015-01-26,12.470000267028809,12.470000267028809,12.470000267028809,12.470000267028809,0
2015-01-27,12.229999542236328,12.449999809265137,12.180000305175781,12.270000457763672,841006
2015-01-28,12.270000457763672,12.34000015258789,12.180000305175781,12.25,554934
2015-01-29,12.25,12.350000381469727,12.100000381469727,12.210000038146973,960941
2015-02-01,12.210000038146973,12.300000190734863,12.130000114440918,12.229999542236328,285870
2015-02-02,12.229999542236328,12.289999961853027,12.15999984741211,12.229999542236328,491866
2015-02-03,12.229999542236328,12.460000038146973,12.220000267028809,12.350000381469727,982976
2015-02-04,12.350000381469727,12.430000305175781,12.300000190734863,12.359999656677246,537889
2015-02-05,12.359999656677246,12.300000190734863,12.149999618530273,12.199999809265137,2021809
2015-02-08,12.199999809265137,12.34000015258789,12.130000114440918,12.180000305175781,372493
2015-02-09,12.180000305175781,12.199999809265137,12.100000381469727,12.15999984741211,304903
2015-02-10,12.15999984741211,12.239999771118164,12.109999656677246,12.170000076293945,420812
2015-02-11,12.170000076293945,12.199999809265137,11.859999656677246,12.029999732971191,420860
2015-02-12,12.029999732971191,12.020000457763672,11.84000015258789,11.970000267028809,399677
2015-02-15,11.970000267028809,12.029999732971191,11.869999885559082,11.960000038146973,231979
2015-02-16,11.960000038146973,11.949999809265137,11.760000228881836,11.84000015258789,385126
2015-02-17,11.84000015258789,11.880000114440918,11.579999923706055,11.75,925539
2015-02-18,11.75,11.859999656677246,11.680000305175781,11.720000267028809,816349
2015-02-19,11.720000267028809,11.859999656677246,11.699999809265137,11.760000228881836,687227
2015-02-22,11.760000228881836,11.899999618530273,11.699999809265137,11.8100004196167,474765
2015-02-23,11.8100004196167,12.0,11.800000190734863,11.920000076293945,340515
2015-02-24,11.920000076293945,12.0,11.819999694824219,11.899999618530273,632171
2015-02-25,11.899999618530273,11.979999542236328,11.84000015258789,11.899999618530273,400551
2015-02-26,11.899999618530273,11.899999618530273,11.579999923706055,11.670000076293945,1171185
2015-03-01,11.670000076293945,11.859999656677246,11.550000190734863,11.609999656677246,356382
2015-03-02,11.609999656677246,11.979999542236328,11.699999809265137,11.899999618530273,673111
2015-03-03,11.899999618530273,11.979999542236328,11.8100004196167,11.859999656677246,401274
2015-03-04,11.859999656677246,11.9399995803833,11.800000190734863,11.899999618530273,461431
2015-03-05,11.899999618530273,12.010000228881836,11.90999984741211,11.989999771118164,1335791
2015-03-08,11.989999771118164,12.0,11.899999618530273,11.989999771118164,742497
2015-03-09,11.989999771118164,11.989999771118164,11.869999885559082,11.949999809265137,581892
2015-03-10,11.949999809265137,11.949999809265137,11.289999961853027,11.579999923706055,1986801
2015-03-11,11.579999923706055,11.5,11.149999618530273,11.25,1613303
2015-03-12,11.25,11.34000015258789,11.1899995803833,11.239999771118164,947617
2015-03-15,11.239999771118164,11.460000038146973,11.180000305175781,11.270000457763672,278253
2015-03-16,11.270000457763672,11.25,11.039999961853027,11.109999656677246,429288
2015-03-17,11.109999656677246,11.229999542236328,11.0,11.109999656677246,462944
2015-03-18,11.109999656677246,11.289999961853027,11.0,11.119999885559082,660853
2015-03-19,11.119999885559082,11.170000076293945,10.949999809265137,11.130000114440918,1553541
2015-03-22,11.130000114440918,11.050000190734863,10.920000076293945,10.960000038146973,142611
2015-03-23,10.960000038146973,10.920000076293945,10.5,10.649999618530273,1489691
2015-03-24,10.649999618530273,10.8100004196167,10.59000015258789,10.630000114440918,1050755
2015-03-25,10.630000114440918,10.829999923706055,10.350000381469727,10.720000267028809,1486234
2015-03-26,10.720000267028809,10.800000190734863,10.5,10.720000267028809,813273
2015-03-29,10.720000267028809,10.859999656677246,10.619999885559082,10.75,241394
2015-03-30,10.75,11.25,10.699999809265137,11.100000381469727,748769
2015-03-31,11.100000381469727,11.359999656677246,11.0,11.180000305175781,1254263
2015-04-01,11.180000305175781,11.199999809265137,10.850000381469727,10.930000305175781,275497
2015-04-02,10.930000305175781,10.989999771118164,10.779999732971191,10.800000190734863,899319
2015-04-05,10.800000190734863,10.850000381469727,10.65999984741211,10.699999809265137,761166
2015-04-06,10.699999809265137,10.8100004196167,10.420000076293945,10.6899995803833,814560
2015-04-07,10.6899995803833,10.880000114440918,10.699999809265137,10.800000190734863,569844
2015-04-08,10.800000190734863,11.100000381469727,10.600000381469727,10.970000267028809,872557
2015-04-09,10.970000267028809,11.239999771118164,10.850000381469727,11.079999923706055,398619
2015-04-14,11.079999923706055,11.199999809265137,11.0,11.039999961853027,1421445
2015-04-15,11.039999961853027,11.100000381469727,10.59000015258789,10.819999694824219,973170
2015-04-16,10.819999694824219,10.899999618530273,10.720000267028809,10.789999961853027,1101791
2015-04-19,10.789999961853027,10.850000381469727,10.699999809265137,10.760000228881836,127897
2015-04-20,10.760000228881836,10.779999732971191,10.399999618530273,10.529999732971191,890443
2015-04-21,10.529999732971191,10.5,10.199999809265137,10.350000381469727,677505
2015-04-22,10.350000381469727,10.329999923706055,9.979999542236328,10.119999885559082,2025960
2015-04-23,10.119999885559082,11.180000305175781,10.130000114440918,10.1899995803833,1409374
2015-04-26,10.1899995803833,10.199999809265137,10.0600004196167,10.130000114440918,697793
2015-04-27,10.130000114440918,10.180000305175781,9.760000228881836,10.050000190734863,798874
2015-04-28,10.050000190734863,9.779999732971191,9.510000228881836,9.699999809265137,1074554
2015-04-29,9.699999809265137,9.880000114440918,9.699999809265137,9.770000457763672,2768311
2015-04-30,9.770000457763672,10.0,9.75,9.869999885559082,847089
2015-05-03,9.869999885559082,9.850000381469727,9.649999618530273,9.739999771118164,401813
2015-05-04,9.739999771118164,9.800000190734863,9.630000114440918,9.720000267028809,331095
2015-05-05,9.720000267028809,9.920000076293945,9.770000457763672,9.84000015258789,790579
2015-05-06,9.84000015258789,9.920000076293945,9.800000190734863,9.84000015258789,348858
2015-05-07,9.84000015258789,9.899999618530273,9.529999732971191,9.699999809265137,1015622
2015-05-10,9.699999809265137,9.75,9.300000190734863,9.40999984741211,880879
2015-05-11,9.40999984741211,9.40999984741211,9.109999656677246,9.289999961853027,1137828
2015-05-12,9.289999961853027,9.25,9.050000190734863,9.130000114440918,378712
2015-05-13,9.130000114440918,9.050000190734863,8.220000267028809,8.420000076293945,9043807
2015-05-14,8.420000076293945,8.25,7.670000076293945,7.869999885559082,5761529
2015-05-17,7.869999885559082,8.229999542236328,7.860000133514404,8.029999732971191,2765307
2015-05-18,8.029999732971191,8.829999923706055,8.0600004196167,8.75,8517281
2015-05-19,9.0,9.0,8.260000228881836,8.5,3046806
2015-05-20,8.5,8.800000190734863,8.199999809265137,8.569999694824219,4746694
2015-05-21,8.569999694824219,8.8100004196167,8.579999923706055,8.699999809265137,2154810
2015-05-24,8.699999809265137,9.029999732971191,8.649999618530273,8.84000015258789,3314027
2015-05-25,8.84000015258789,9.0,8.779999732971191,8.890000343322754,1518957
2015-05-26,8.890000343322754,8.850000381469727,8.5,8.630000114440918,5850348
2015-05-27,8.850000381469727,9.149999618530273,8.829999923706055,9.020000457763672,4718836
2015-05-28,8.510000228881836,8.869999885559082,8.5,8.65999984741211,9144845
2015-05-31,8.65999984741211,8.65999984741211,8.329999923706055,8.430000305175781,2403322
2015-06-01,8.430000305175781,8.569999694824219,8.319999694824219,8.380000114440918,2331964
2015-06-02,8.380000114440918,8.8100004196167,8.0,8.539999961853027,27165198
2015-06-03,8.539999961853027,8.850000381469727,8.579999923706055,8.710000038146973,3652656
2015-06-04,8.710000038146973,8.699999809265137,8.430000305175781,8.5600004196167,4594113
2015-06-07,8.5600004196167,8.600000381469727,8.4399995803833,8.520000457763672,1801265
2015-06-08,8.520000457763672,8.670000076293945,8.199999809265137,8.420000076293945,4240416
2015-06-09,8.420000076293945,8.359999656677246,8.180000305175781,8.289999961853027,3055024
2015-06-10,8.289999961853027,8.479999542236328,8.180000305175781,8.25,2058962
2015-06-11,8.25,8.3100004196167,8.130000114440918,8.25,2101773
2015-06-14,8.25,8.289999961853027,8.149999618530273,8.1899995803833,619039
2015-06-15,8.1899995803833,8.25,8.100000381469727,8.15999984741211,1511618
2015-06-16,8.15999984741211,8.279999732971191,8.15999984741211,8.220000267028809,986443
2015-06-17,8.220000267028809,8.329999923706055,8.170000076293945,8.260000228881836,3333799
2015-06-18,8.260000228881836,8.369999885559082,8.239999771118164,8.270000457763672,3644168
2015-06-21,8.270000457763672,8.300000190734863,8.149999618530273,8.199999809265137,640368
2015-06-22,8.199999809265137,8.15999984741211,8.0,8.079999923706055,1869930
2015-06-23,8.079999923706055,8.0600004196167,7.980000019073486,8.010000228881836,1492876
2015-06-24,8.010000228881836,8.130000114440918,7.980000019073486,8.020000457763672,912522
2015-06-25,8.020000457763672,8.1899995803833,7.96999979019165,8.029999732971191,1309625
2015-06-28,8.029999732971191,8.350000381469727,8.149999618530273,8.239999771118164,1100127
2015-06-29,8.239999771118164,8.199999809265137,8.050000190734863,8.09000015258789,939503
2015-06-30,8.09000015258789,8.09000015258789,8.09000015258789,8.09000015258789,0
2015-07-02,8.09000015258789,8.279999732971191,8.0,8.199999809265137,5415567
2015-07-05,8.199999809265137,8.260000228881836,8.140000343322754,8.199999809265137,1427034
2015-07-06,8.199999809265137,8.100000381469727,7.880000114440918,8.020000457763672,2016397
2015-07-07,8.020000457763672,8.100000381469727,7.769999980926514,7.949999809265137,3157218
2015-07-08,7.949999809265137,8.0,7.639999866485596,7.789999961853027,2659816
2015-07-09,7.789999961853027,7.849999904632568,7.690000057220459,7.760000228881836,1125325
2015-07-12,7.760000228881836,7.889999866485596,7.800000190734863,7.849999904632568,254785
2015-07-13,7.849999904632568,7.909999847412109,7.699999809265137,7.809999942779541,621703
2015-07-14,7.809999942779541,7.889999866485596,7.78000020980835,7.809999942779541,1254295
2015-07-15,7.809999942779541,8.050000190734863,7.880000114440918,7.96999979019165,1530568
2015-07-16,7.96999979019165,8.1899995803833,8.0,8.0600004196167,1158079
2015-07-19,8.0600004196167,8.0600004196167,8.0600004196167,8.0600004196167,0
2015-07-20,8.0600004196167,8.0600004196167,8.0600004196167,8.0600004196167,0
2015-07-21,8.0600004196167,8.140000343322754,7.909999847412109,8.020000457763672,2923990
2015-07-22,8.020000457763672,8.029999732971191,7.949999809265137,7.989999771118164,1147044
2015-07-26,7.989999771118164,8.050000190734863,7.869999885559082,7.980000019073486,401829
2015-07-27,7.980000019073486,7.949999809265137,7.809999942779541,7.860000133514404,547884
2015-07-28,7.860000133514404,7.989999771118164,7.840000152587891,7.949999809265137,364346
2015-07-29,7.949999809265137,8.079999923706055,7.96999979019165,8.020000457763672,540276
2015-07-30,8.020000457763672,8.069999694824219,7.929999828338623,7.989999771118164,591710
2015-08-02,7.989999771118164,8.109999656677246,7.960000038146973,8.0,329590
2015-08-03,8.0,8.0,7.909999847412109,7.949999809265137,316117
2015-08-04,7.949999809265137,8.0600004196167,7.909999847412109,7.960000038146973,592252
2015-08-05,7.960000038146973,7.960000038146973,7.960000038146973,7.960000038146973,0
2015-08-06,7.960000038146973,7.960000038146973,7.960000038146973,7.960000038146973,0
2015-08-09,7.920000076293945,8.029999732971191,7.820000171661377,7.949999809265137,524377
2015-08-10,7.949999809265137,8.199999809265137,8.0,8.09000015258789,1065339
2015-08-11,8.09000015258789,8.229999542236328,8.029999732971191,8.130000114440918,1258553
2015-08-12,8.130000114440918,8.020000457763672,7.900000095367432,7.940000057220459,304202
2015-08-13,7.940000057220459,7.960000038146973,7.829999923706055,7.900000095367432,299253
2015-08-16,7.900000095367432,7.860000133514404,7.550000190734863,7.769999980926514,477237
2015-08-17,7.769999980926514,7.800000190734863,7.539999961853027,7.699999809265137,744646
2015-08-18,7.699999809265137,7.699999809265137,7.409999847412109,7.590000152587891,994355
2015-08-19,7.590000152587891,7.579999923706055,7.269999980926514,7.449999809265137,323519
2015-08-20,7.449999809265137,7.46999979019165,7.329999923706055,7.369999885559082,340264
2015-08-23,7.369999885559082,7.320000171661377,6.639999866485596,6.820000171661377,1438035
2015-08-24,6.820000171661377,6.739999771118164,6.400000095367432,6.489999771118164,2818784
2015-08-25,6.489999771118164,6.769999980926514,6.480000019073486,6.639999866485596,1171070
2015-08-26,6.639999866485596,6.690000057220459,6.5,6.550000190734863,568966
2015-08-27,6.550000190734863,6.789999961853027,6.659999847412109,6.71999979019165,1673915
2015-08-30,6.71999979019165,7.110000133514404,6.760000228881836,6.929999828338623,1464639
2015-08-31,6.929999828338623,7.139999866485596,6.829999923706055,6.980000019073486,1503772
2015-09-01,6.980000019073486,6.96999979019165,6.820000171661377,6.889999866485596,636286
2015-09-02,6.889999866485596,7.079999923706055,6.820000171661377,6.949999809265137,757409
2015-09-03,6.949999809265137,7.119999885559082,6.929999828338623,7.039999961853027,1396118
2015-09-06,7.039999961853027,7.079999923706055,6.96999979019165,7.010000228881836,845564
2015-09-07,7.010000228881836,7.03000020980835,6.820000171661377,6.900000095367432,1143572
2015-09-08,6.900000095367432,6.949999809265137,6.630000114440918,6.710000038146973,2225210
2015-09-09,6.710000038146973,6.900000095367432,6.760000228881836,6.809999942779541,508817
2015-09-10,6.809999942779541,6.849999904632568,6.739999771118164,6.789999961853027,725797
2015-09-13,6.789999961853027,6.889999866485596,6.760000228881836,6.820000171661377,452345
2015-09-14,6.820000171661377,6.869999885559082,6.769999980926514,6.809999942779541,1076235
2015-09-15,6.809999942779541,6.889999866485596,6.710000038146973,6.78000020980835,768564
2015-09-16,6.78000020980835,7.340000152587891,6.800000190734863,7.130000114440918,3224773
2015-09-17,7.130000114440918,7.409999847412109,6.989999771118164,7.230000019073486,5191859
2015-09-20,7.230000019073486,7.119999885559082,6.989999771118164,7.039999961853027,641983
2015-09-21,7.039999961853027,7.119999885559082,6.96999979019165,7.03000020980835,624501
2015-09-27,7.03000020980835,7.03000020980835,7.03000020980835,7.03000020980835,0
2015-09-28,7.010000228881836,7.199999809265137,7.0,7.110000133514404,798693
2015-09-29,7.110000133514404,7.099999904632568,6.960000038146973,7.019999980926514,980922
2015-09-30,7.019999980926514,7.059999942779541,6.920000076293945,6.980000019073486,1252560
2015-10-01,6.980000019073486,7.0,6.929999828338623,6.960000038146973,549390
2015-10-04,6.960000038146973,7.0,6.869999885559082,6.920000076293945,193184
2015-10-05,6.920000076293945,6.949999809265137,6.860000133514404,6.900000095367432,947773
2015-10-07,6.900000095367432,7.03000020980835,6.920000076293945,6.96999979019165,2617886
2015-10-08,6.96999979019165,7.090000152587891,7.0,7.059999942779541,1075867
2015-10-11,7.059999942779541,7.130000114440918,7.0,7.079999923706055,597467
2015-10-12,7.079999923706055,7.199999809265137,7.050000190734863,7.139999866485596,1410925
2015-10-13,7.139999866485596,7.159999847412109,7.079999923706055,7.119999885559082,298366
2015-10-15,7.119999885559082,7.110000133514404,6.960000038146973,7.039999961853027,506647
2015-10-18,7.039999961853027,7.039999961853027,6.980000019073486,7.010000228881836,375842
2015-10-19,7.010000228881836,7.199999809265137,7.010000228881836,7.119999885559082,706990
2015-10-20,7.119999885559082,7.239999771118164,7.039999961853027,7.119999885559082,512786
2015-10-21,7.119999885559082,7.170000076293945,7.050000190734863,7.119999885559082,674260
2015-10-22,7.119999885559082,7.150000095367432,7.010000228881836,7.059999942779541,190014
2015-10-25,7.059999942779541,7.139999866485596,7.039999961853027,7.090000152587891,265986
2015-10-26,7.090000152587891,7.110000133514404,6.960000038146973,7.0,634645
2015-10-27,7.0,7.079999923706055,6.909999847412109,6.949999809265137,469148
2015-10-28,6.949999809265137,6.940000057220459,6.849999904632568,6.889999866485596,542352
2015-10-29,6.889999866485596,6.929999828338623,6.840000152587891,6.889999866485596,993043
2015-11-01,6.889999866485596,6.889999866485596,6.590000152587891,6.679999828338623,456595
2015-11-02,6.679999828338623,6.769999980926514,6.650000095367432,6.710000038146973,321528
2015-11-03,6.710000038146973,6.78000020980835,6.599999904632568,6.670000076293945,1088660
2015-11-04,6.670000076293945,6.710000038146973,6.610000133514404,6.670000076293945,524013
2015-11-05,6.670000076293945,6.760000228881836,6.659999847412109,6.730000019073486,762446
2015-11-08,6.730000019073486,6.679999828338623,6.420000076293945,6.53000020980835,632389
2015-11-09,6.53000020980835,6.599999904632568,6.429999828338623,6.5,586759
2015-11-10,6.5,6.550000190734863,6.199999809265137,6.309999942779541,799482
2015-11-11,6.309999942779541,6.429999828338623,6.300000190734863,6.360000133514404,797611
2015-11-12,6.360000133514404,6.440000057220459,6.309999942779541,6.389999866485596,614326
2015-11-15,6.389999866485596,6.300000190734863,6.070000171661377,6.159999847412109,400240
2015-11-16,6.159999847412109,6.400000095367432,6.139999866485596,6.309999942779541,1894859
2015-11-17,6.309999942779541,6.449999809265137,6.170000076293945,6.329999923706055,2572992
2015-11-18,6.329999923706055,6.300000190734863,6.159999847412109,6.230000019073486,1077832
2015-11-19,6.230000019073486,6.369999885559082,6.269999980926514,6.309999942779541,410020
2015-11-22,6.309999942779541,6.539999961853027,6.230000019073486,6.389999866485596,1675329
2015-11-23,6.389999866485596,6.460000038146973,6.230000019073486,6.300000190734863,360359
2015-11-24,6.300000190734863,6.309999942779541,6.099999904632568,6.170000076293945,350151
2015-11-25,6.170000076293945,6.269999980926514,6.139999866485596,6.210000038146973,1627319
2015-11-26,6.210000038146973,6.380000114440918,6.139999866485596,6.210000038146973,2255674
2015-11-29,6.210000038146973,6.28000020980835,6.150000095367432,6.210000038146973,1264053
2015-11-30,6.210000038146973,6.25,6.099999904632568,6.21999979019165,857777
2015-12-01,6.21999979019165,6.300000190734863,6.139999866485596,6.239999771118164,1027204
2015-12-02,6.239999771118164,6.5,6.199999809265137,6.329999923706055,2775945
2015-12-03,6.329999923706055,6.590000152587891,6.309999942779541,6.460000038146973,1634257
2015-12-06,6.460000038146973,6.460000038146973,6.309999942779541,6.409999847412109,1460541
2015-12-07,6.409999847412109,6.46999979019165,6.239999771118164,6.340000152587891,1600005
2015-12-08,6.340000152587891,6.300000190734863,6.190000057220459,6.21999979019165,2473619
2015-12-09,6.21999979019165,6.300000190734863,6.199999809265137,6.25,1583671
2015-12-10,6.25,6.349999904632568,6.190000057220459,6.25,564646
2015-12-13,6.25,6.199999809265137,6.070000171661377,6.119999885559082,760104
2015-12-14,6.119999885559082,6.199999809265137,6.010000228881836,6.099999904632568,746841
2015-12-15,6.099999904632568,6.150000095367432,6.079999923706055,6.119999885559082,559748
2015-12-16,6.119999885559082,6.190000057220459,6.119999885559082,6.139999866485596,1528212
2015-12-17,6.25,6.289999961853027,6.190000057220459,6.239999771118164,978942
2015-12-20,6.239999771118164,6.25,6.139999866485596,6.170000076293945,686651
2015-12-21,6.170000076293945,6.230000019073486,6.110000133514404,6.190000057220459,519133
2015-12-22,6.190000057220459,6.320000171661377,6.170000076293945,6.260000228881836,825890
2015-12-24,6.260000228881836,6.369999885559082,6.260000228881836,6.320000171661377,877436
2015-12-27,6.320000171661377,6.360000133514404,6.199999809265137,6.21999979019165,662388
2015-12-28,6.21999979019165,6.260000228881836,6.139999866485596,6.190000057220459,665981
2015-12-29,6.190000057220459,6.320000171661377,6.179999828338623,6.239999771118164,922995
2015-12-30,6.239999771118164,6.590000152587891,6.260000228881836,6.400000095367432,3050669
2015-12-31,6.400000095367432,6.5,6.349999904632568,6.420000076293945,2459805
2016-01-03,6.420000076293945,6.480000019073486,6.380000114440918,6.409999847412109,1158946
2016-01-04,6.409999847412109,6.400000095367432,6.179999828338623,6.260000228881836,950704
2016-01-05,6.260000228881836,6.760000228881836,6.210000038146973,6.550000190734863,5188561
2016-01-06,6.550000190734863,6.789999961853027,6.539999961853027,6.650000095367432,4281363
2016-01-10,6.650000095367432,6.5,6.309999942779541,6.409999847412109,1515351
2016-01-11,6.409999847412109,6.460000038146973,6.25,6.349999904632568,1709983
2016-01-12,6.349999904632568,6.380000114440918,6.210000038146973,6.269999980926514,1217059
2016-01-13,6.269999980926514,6.340000152587891,5.980000019073486,6.130000114440918,1944349
2016-01-14,6.130000114440918,6.059999942779541,5.519999980926514,5.760000228881836,2326234
2016-01-17,5.760000228881836,5.789999961853027,5.5,5.659999847412109,1401968
2016-01-18,5.659999847412109,5.659999847412109,5.659999847412109,5.659999847412109,0
2016-01-19,5.800000190734863,6.150000095367432,5.880000114440918,6.0,2091106
2016-01-20,6.0,5.96999979019165,5.639999866485596,5.760000228881836,1359527
2016-01-21,5.760000228881836,5.769999980926514,5.570000171661377,5.679999828338623,1218691
2016-01-24,5.679999828338623,6.0,5.800000190734863,5.880000114440918,486387
2016-01-26,5.880000114440918,6.010000228881836,5.75,5.929999828338623,852683
2016-01-27,5.929999828338623,6.059999942779541,5.880000114440918,5.949999809265137,860328
2016-01-28,5.949999809265137,6.179999828338623,5.949999809265137,6.099999904632568,1682028
2016-01-31,6.099999904632568,6.230000019073486,5.980000019073486,6.070000171661377,872200
2016-02-01,6.070000171661377,6.03000020980835,5.900000095367432,5.989999771118164,385801
2016-02-02,5.989999771118164,6.239999771118164,6.0,6.130000114440918,1184556
2016-02-03,6.130000114440918,6.320000171661377,6.099999904632568,6.210000038146973,698633
2016-02-04,6.210000038146973,6.349999904632568,6.199999809265137,6.269999980926514,930757
2016-02-07,6.269999980926514,6.320000171661377,6.150000095367432,6.230000019073486,335041
2016-02-08,6.230000019073486,6.309999942779541,6.099999904632568,6.179999828338623,371064
2016-02-09,6.179999828338623,6.320000171661377,6.079999923706055,6.260000228881836,884330
2016-02-10,6.260000228881836,6.619999885559082,6.199999809265137,6.480000019073486,1497953
2016-02-11,6.480000019073486,6.5,6.21999979019165,6.349999904632568,1475039
2016-02-14,6.349999904632568,6.449999809265137,6.190000057220459,6.269999980926514,676455
2016-02-15,6.269999980926514,6.400000095367432,6.230000019073486,6.289999961853027,407290
2016-02-16,6.289999961853027,6.360000133514404,6.199999809265137,6.289999961853027,1027717
2016-02-17,6.289999961853027,6.329999923706055,6.210000038146973,6.28000020980835,563857
2016-02-18,6.28000020980835,6.349999904632568,6.239999771118164,6.269999980926514,340535
2016-02-21,6.269999980926514,6.300000190734863,6.239999771118164,6.289999961853027,389976
2016-02-22,6.289999961853027,6.449999809265137,6.289999961853027,6.369999885559082,690693
2016-02-23,6.369999885559082,6.449999809265137,6.28000020980835,6.369999885559082,903921
2016-02-24,6.369999885559082,6.380000114440918,6.239999771118164,6.28000020980835,210080
2016-02-25,6.28000020980835,6.349999904632568,6.28000020980835,6.300000190734863,691765
2016-02-28,6.300000190734863,6.71999979019165,6.349999904632568,6.570000171661377,2335287
2016-02-29,6.570000171661377,6.860000133514404,6.599999904632568,6.739999771118164,2736516
2016-03-01,6.739999771118164,6.730000019073486,6.599999904632568,6.670000076293945,1054281
2016-03-02,6.670000076293945,6.75,6.429999828338623,6.619999885559082,1576889
2016-03-03,6.619999885559082,6.75,6.489999771118164,6.679999828338623,933327
2016-03-06,6.679999828338623,6.889999866485596,6.71999979019165,6.800000190734863,912449
2016-03-07,6.800000190734863,7.0,6.650000095367432,6.78000020980835,1669676
2016-03-08,6.78000020980835,6.809999942779541,6.630000114440918,6.710000038146973,945448
2016-03-09,6.710000038146973,6.829999923706055,6.53000020980835,6.670000076293945,1147761
2016-03-10,7.0,7.230000019073486,6.989999771118164,7.119999885559082,4488993
2016-03-13,7.119999885559082,7.300000190734863,7.070000171661377,7.159999847412109,1909157
2016-03-14,7.159999847412109,7.849999904632568,7.190000057220459,7.550000190734863,4125677
2016-03-15,7.550000190734863,8.09000015258789,7.650000095367432,7.820000171661377,2763458
2016-03-16,7.820000171661377,8.100000381469727,7.71999979019165,7.909999847412109,1338058
2016-03-17,7.909999847412109,8.0,7.699999809265137,7.849999904632568,2270403
2016-03-20,7.849999904632568,7.900000095367432,7.460000038146973,7.630000114440918,1097685
2016-03-21,7.630000114440918,7.639999866485596,7.46999979019165,7.53000020980835,770874
2016-03-22,7.53000020980835,7.679999828338623,7.300000190734863,7.460000038146973,1413860
2016-03-23,7.460000038146973,7.579999923706055,7.400000095367432,7.519999980926514,711295
2016-03-24,7.519999980926514,7.920000076293945,7.570000171661377,7.78000020980835,2454284
2016-03-27,7.78000020980835,8.140000343322754,7.699999809265137,7.869999885559082,1742433
2016-03-28,7.869999885559082,7.900000095367432,7.739999771118164,7.829999923706055,1044372
2016-03-29,7.829999923706055,8.039999961853027,7.730000019073486,7.840000152587891,1376690
2016-03-30,7.840000152587891,8.5,7.75,8.260000228881836,3994235
2016-03-31,8.260000228881836,8.369999885559082,8.100000381469727,8.229999542236328,1586905
2016-04-03,8.229999542236328,8.25,8.029999732971191,8.140000343322754,1117318
2016-04-04,8.140000343322754,8.579999923706055,8.069999694824219,8.420000076293945,2017247
2016-04-05,8.420000076293945,8.65999984741211,8.430000305175781,8.600000381469727,1001834
2016-04-06,8.600000381469727,8.680000305175781,8.130000114440918,8.34000015258789,1993335
2016-04-07,8.34000015258789,8.460000038146973,8.170000076293945,8.350000381469727,745847
2016-04-10,8.350000381469727,8.5600004196167,8.15999984741211,8.399999618530273,1316645
2016-04-11,8.399999618530273,8.260000228881836,8.109999656677246,8.170000076293945,853519
2016-04-12,8.170000076293945,8.3100004196167,8.119999885559082,8.229999542236328,592320
2016-04-13,8.229999542236328,8.399999618530273,8.260000228881836,8.34000015258789,374653
2016-04-14,8.34000015258789,8.399999618530273,8.260000228881836,8.380000114440918,504917
2016-04-17,8.380000114440918,8.699999809265137,8.289999961853027,8.5,946052
2016-04-18,8.5,8.789999961853027,8.520000457763672,8.680000305175781,1093837
2016-04-19,8.680000305175781,9.0,8.800000190734863,8.90999984741211,2057769
2016-04-20,8.90999984741211,8.979999542236328,8.569999694824219,8.65999984741211,1348278
2016-04-21,8.65999984741211,8.75,8.539999961853027,8.619999885559082,1025915
2016-04-24,8.619999885559082,8.729999542236328,8.550000190734863,8.630000114440918,1353352
2016-04-26,8.630000114440918,8.630000114440918,8.630000114440918,8.630000114440918,0
2016-04-27,8.010000228881836,7.960000038146973,7.710000038146973,7.829999923706055,676323
2016-04-28,7.829999923706055,7.869999885559082,7.610000133514404,7.78000020980835,682688
2016-05-01,7.78000020980835,7.78000020980835,7.78000020980835,7.78000020980835,0
2016-05-03,7.78000020980835,7.809999942779541,7.389999866485596,7.53000020980835,1459587
2016-05-04,7.53000020980835,7.699999809265137,7.400000095367432,7.510000228881836,870477
2016-05-05,7.510000228881836,7.880000114440918,7.699999809265137,7.760000228881836,1032468
2016-05-08,7.760000228881836,8.210000038146973,7.699999809265137,8.0,1996019
2016-05-09,8.0,8.25,7.96999979019165,8.119999885559082,1549587
2016-05-10,8.119999885559082,8.149999618530273,7.820000171661377,8.020000457763672,1087916
2016-05-11,8.020000457763672,8.100000381469727,7.869999885559082,7.949999809265137,876057
2016-05-12,7.949999809265137,8.039999961853027,7.869999885559082,7.929999828338623,761072
2016-05-15,7.929999828338623,7.909999847412109,7.71999979019165,7.800000190734863,376567
2016-05-16,7.800000190734863,7.820000171661377,7.699999809265137,7.769999980926514,1173112
2016-05-17,7.769999980926514,8.149999618530273,7.78000020980835,7.96999979019165,1490001
2016-05-18,7.96999979019165,8.220000267028809,7.980000019073486,8.09000015258789,1566493
2016-05-19,8.09000015258789,8.0,7.820000171661377,7.940000057220459,950277
2016-05-22,7.940000057220459,8.0,7.880000114440918,7.940000057220459,480400
2016-05-23,7.940000057220459,8.100000381469727,7.869999885559082,7.960000038146973,1625706
2016-05-24,7.960000038146973,8.270000457763672,8.029999732971191,8.180000305175781,1585430
2016-05-25,8.180000305175781,8.180000305175781,8.180000305175781,8.180000305175781,0
2016-05-26,8.34000015258789,8.460000038146973,8.270000457763672,8.329999923706055,1502206
2016-05-29,8.329999923706055,8.430000305175781,8.279999732971191,8.390000343322754,1367579
2016-05-30,8.390000343322754,8.739999771118164,8.399999618530273,8.619999885559082,4472428
2016-05-31,8.619999885559082,8.960000038146973,8.420000076293945,8.75,2852025
2016-06-01,8.75,9.279999732971191,8.899999618530273,9.069999694824219,2285643
2016-06-02,8.75,8.75,8.75,8.75,0
2016-06-05,9.149999618530273,9.1899995803833,9.0,9.0600004196167,555868
2016-06-06,9.0600004196167,9.140000343322754,8.960000038146973,9.039999961853027,359207
2016-06-07,9.039999961853027,9.170000076293945,8.949999809265137,9.0600004196167,1098185
2016-06-08,9.039999961853027,9.470000267028809,9.130000114440918,9.319999694824219,2121211
2016-06-09,9.319999694824219,9.550000190734863,9.300000190734863,9.430000305175781,3059055
2016-06-12,9.430000305175781,9.609999656677246,9.380000114440918,9.520000457763672,1443027
2016-06-13,9.520000457763672,9.699999809265137,9.40999984741211,9.5600004196167,660936
2016-06-14,9.5600004196167,9.5600004196167,9.5600004196167,9.5600004196167,0
2016-06-15,9.520000457763672,9.520000457763672,9.520000457763672,9.520000457763672,0
2016-06-16,9.520000457763672,9.520000457763672,9.520000457763672,9.520000457763672,0
2016-06-19,9.520000457763672,9.520000457763672,9.520000457763672,9.520000457763672,0
2016-06-20,8.539999961853027,8.539999961853027,7.900000095367432,8.25,2777475
2016-06-21,8.25,8.699999809265137,8.010000228881836,8.279999732971191,2053851
2016-06-22,8.279999732971191,8.399999618530273,8.0600004196167,8.239999771118164,776027
2016-06-23,8.239999771118164,8.239999771118164,8.239999771118164,8.239999771118164,0
2016-06-26,8.239999771118164,8.239999771118164,8.239999771118164,8.239999771118164,0
2016-06-27,7.920000076293945,8.300000190734863,8.050000190734863,8.119999885559082,387742
2016-06-28,8.119999885559082,8.420000076293945,8.069999694824219,8.279999732971191,996641
2016-06-29,8.279999732971191,8.279999732971191,8.279999732971191,8.279999732971191,0
2016-06-30,8.279999732971191,8.279999732971191,8.279999732971191,8.279999732971191,0
2016-07-03,8.210000038146973,8.359999656677246,8.199999809265137,8.279999732971191,335021
2016-07-04,8.279999732971191,8.279999732971191,8.279999732971191,8.279999732971191,0
2016-07-05,8.279999732971191,8.279999732971191,8.279999732971191,8.279999732971191,0
2016-07-10,8.550000190734863,8.880000114440918,8.539999961853027,8.779999732971191,2189149
2016-07-11,8.779999732971191,8.850000381469727,8.449999809265137,8.569999694824219,2470498
2016-07-12,8.569999694824219,9.199999809265137,8.4399995803833,8.779999732971191,4605420
2016-07-13,8.779999732971191,9.25,8.979999542236328,9.069999694824219,2816024
2016-07-14,9.069999694824219,9.069999694824219,9.069999694824219,9.069999694824219,0
2016-07-17,9.069999694824219,9.069999694824219,9.069999694824219,9.069999694824219,0
2016-07-18,9.069999694824219,9.069999694824219,9.069999694824219,9.069999694824219,0
2016-07-19,9.470000267028809,9.529999732971191,9.350000381469727,9.449999809265137,2281441
2016-07-20,9.449999809265137,9.449999809265137,9.449999809265137,9.449999809265137,0
2016-07-21,9.449999809265137,9.449999809265137,9.449999809265137,9.449999809265137,0
2016-07-24,9.449999809265137,9.449999809265137,9.449999809265137,9.449999809265137,0
2016-07-25,9.010000228881836,9.069999694824219,8.899999618530273,9.0,1955171
2016-07-26,9.0,9.0,9.0,9.0,0
2016-07-27,9.0,9.34000015258789,8.949999809265137,9.069999694824219,4603727
2016-07-28,9.069999694824219,9.289999961853027,8.899999618530273,9.130000114440918,7319877
2016-07-31,9.130000114440918,9.130000114440918,9.130000114440918,9.130000114440918,0
2016-08-01,9.270000457763672,9.279999732971191,9.069999694824219,9.149999618530273,1113741
2016-08-02,9.149999618530273,9.25,9.100000381469727,9.15999984741211,1076480
2016-08-03,9.149999618530273,9.149999618530273,9.149999618530273,9.149999618530273,0
2016-08-04,9.149999618530273,9.149999618530273,9.149999618530273,9.149999618530273,0
2016-08-07,9.149999618530273,9.149999618530273,9.149999618530273,9.149999618530273,0
2016-08-08,9.149999618530273,9.149999618530273,9.149999618530273,9.149999618530273,0
2016-08-09,9.279999732971191,9.699999809265137,9.300000190734863,9.529999732971191,6197442
2016-08-10,9.529999732971191,9.529999732971191,9.529999732971191,9.529999732971191,0
2016-08-11,9.529999732971191,9.529999732971191,9.529999732971191,9.529999732971191,0
2016-08-14,9.550000190734863,9.5600004196167,9.430000305175781,9.5,2164946
2016-08-15,9.5,9.670000076293945,9.460000038146973,9.529999732971191,8579092
2016-08-16,9.529999732971191,9.609999656677246,9.380000114440918,9.479999542236328,6379837
2016-08-17,9.479999542236328,9.479999542236328,9.479999542236328,9.479999542236328,0
2016-08-18,9.380000114440918,9.649999618530273,9.489999771118164,9.5600004196167,2504426
2016-08-21,9.5600004196167,9.5600004196167,9.5600004196167,9.5600004196167,0
2016-08-22,9.5600004196167,9.5600004196167,9.5600004196167,9.5600004196167,0
2016-08-23,9.880000114440918,10.0,9.760000228881836,9.880000114440918,3083402
2016-08-24,9.880000114440918,9.970000267028809,9.850000381469727,9.899999618530273,3517781
2016-08-25,9.899999618530273,9.920000076293945,9.699999809265137,9.829999923706055,1493846
2016-08-28,9.829999923706055,9.829999923706055,9.829999923706055,9.829999923706055,0
2016-08-29,9.829999923706055,9.829999923706055,9.829999923706055,9.829999923706055,0
2016-08-30,9.829999923706055,9.829999923706055,9.829999923706055,9.829999923706055,0
2016-08-31,10.600000381469727,10.600000381469727,9.970000267028809,10.100000381469727,5066694
2016-09-01,10.100000381469727,10.140000343322754,9.970000267028809,10.020000457763672,1365643
2016-09-04,10.020000457763672,10.0600004196167,9.869999885559082,9.989999771118164,2569909
2016-09-05,9.989999771118164,10.149999618530273,9.920000076293945,10.069999694824219,3671113
2016-09-06,10.069999694824219,10.0,9.8100004196167,9.90999984741211,472167
2016-09-07,9.90999984741211,9.90999984741211,9.90999984741211,9.90999984741211,0
2016-09-08,9.859999656677246,9.859999656677246,9.5600004196167,9.699999809265137,1206040
2016-09-13,9.699999809265137,9.699999809265137,9.699999809265137,9.699999809265137,0
2016-09-14,9.699999809265137,9.729999542236328,9.569999694824219,9.640000343322754,434882
2016-09-15,9.640000343322754,9.680000305175781,9.520000457763672,9.5600004196167,1078506
2016-09-18,9.550000190734863,9.550000190734863,9.09000015258789,9.170000076293945,528057
2016-09-19,9.3100004196167,9.449999809265137,9.1899995803833,9.289999961853027,2738690
2016-09-20,9.289999961853027,9.289999961853027,9.289999961853027,9.289999961853027,0
2016-09-21,9.289999961853027,9.289999961853027,9.289999961853027,9.289999961853027,0
2016-09-22,9.289999961853027,9.289999961853027,9.289999961853027,9.289999961853027,0
2016-09-25,9.289999961853027,9.289999961853027,9.289999961853027,9.289999961853027,0
2016-09-26,9.289999961853027,9.289999961853027,9.289999961853027,9.289999961853027,0
2016-09-27,9.239999771118164,9.300000190734863,9.079999923706055,9.170000076293945,514431
2016-09-28,9.170000076293945,9.180000305175781,8.84000015258789,9.029999732971191,720639
2016-09-29,9.029999732971191,9.0,8.800000190734863,8.899999618530273,728975
2016-10-02,8.899999618530273,8.899999618530273,8.899999618530273,8.899999618530273,0
2016-10-03,8.899999618530273,8.899999618530273,8.899999618530273,8.899999618530273,0
2016-10-04,9.100000381469727,9.149999618530273,8.949999809265137,9.029999732971191,774843
2016-10-05,9.029999732971191,9.029999732971191,9.029999732971191,9.029999732971191,0
2016-10-09,9.029999732971191,9.029999732971191,9.029999732971191,9.029999732971191,0
2016-10-10,8.760000228881836,8.850000381469727,8.5600004196167,8.710000038146973,1140485
2016-10-11,8.710000038146973,8.680000305175781,8.5,8.609999656677246,2064656
2016-10-12,8.609999656677246,8.609999656677246,8.609999656677246,8.609999656677246,0
2016-10-13,8.609999656677246,8.609999656677246,8.609999656677246,8.609999656677246,0
2016-10-16,8.75,9.100000381469727,8.800000190734863,8.90999984741211,1631850
2016-10-17,8.90999984741211,8.930000305175781,8.180000305175781,8.369999885559082,3571910
2016-10-18,8.369999885559082,8.369999885559082,8.369999885559082,8.369999885559082,0
2016-10-19,8.229999542236328,8.260000228881836,8.0,8.140000343322754,946911
2016-10-20,8.140000343322754,8.430000305175781,8.109999656677246,8.289999961853027,847052
2016-10-23,8.289999961853027,8.369999885559082,8.220000267028809,8.25,218178
2016-10-24,8.25,8.350000381469727,8.15999984741211,8.239999771118164,320677
2016-10-25,8.239999771118164,8.609999656677246,8.260000228881836,8.4399995803833,808511
2016-10-26,8.4399995803833,8.529999732971191,8.399999618530273,8.479999542236328,479925
2016-10-27,8.479999542236328,8.800000190734863,8.479999542236328,8.699999809265137,1331383
2016-10-30,8.699999809265137,8.729999542236328,8.550000190734863,8.640000343322754,107475
2016-10-31,8.640000343322754,8.84000015258789,8.609999656677246,8.760000228881836,680649
2016-11-01,8.760000228881836,8.75,8.449999809265137,8.579999923706055,812501
2016-11-02,8.579999923706055,8.579999923706055,8.579999923706055,8.579999923706055,0
2016-11-03,8.619999885559082,9.300000190734863,8.619999885559082,9.300000190734863,28032040
2016-11-06,8.9399995803833,9.529999732971191,9.050000190734863,9.319999694824219,1029248
2016-11-07,9.319999694824219,9.800000190734863,9.350000381469727,9.569999694824219,1933883
2016-11-08,9.569999694824219,9.890000343322754,9.449999809265137,9.600000381469727,2161440
2016-11-09,9.600000381469727,10.0,9.359999656677246,9.819999694824219,1945103
2016-11-10,9.819999694824219,10.260000228881836,9.859999656677246,10.069999694824219,5530013
2016-11-13,10.069999694824219,10.170000076293945,9.800000190734863,9.899999618530273,4158548
2016-11-14,9.899999618530273,9.890000343322754,9.25,9.5600004196167,3216638
2016-11-15,9.5600004196167,9.520000457763672,9.300000190734863,9.430000305175781,1420610
2016-11-16,9.430000305175781,9.970000267028809,9.479999542236328,9.779999732971191,4520875
2016-11-17,9.779999732971191,10.34000015258789,9.770000457763672,10.079999923706055,6859543
2016-11-20,10.079999923706055,10.100000381469727,9.779999732971191,10.0,2312183
2016-11-21,10.0,10.300000190734863,9.949999809265137,10.170000076293945,3755828
2016-11-22,10.170000076293945,10.170000076293945,10.170000076293945,10.170000076293945,0
2016-11-23,10.180000305175781,10.140000343322754,9.930000305175781,10.020000457763672,1297200
2016-11-24,10.020000457763672,10.199999809265137,9.65999984741211,9.899999618530273,1778658
2016-11-27,9.899999618530273,9.84000015258789,9.489999771118164,9.579999923706055,947242
2016-11-28,9.579999923706055,10.0,9.579999923706055,9.800000190734863,3084175
2016-11-29,9.800000190734863,9.850000381469727,9.550000190734863,9.670000076293945,1414158
2016-11-30,9.670000076293945,9.989999771118164,9.75,9.850000381469727,2430317
2016-12-01,9.850000381469727,9.850000381469727,9.850000381469727,9.850000381469727,0
2016-12-04,9.970000267028809,10.300000190734863,10.0,10.170000076293945,3533075
2016-12-05,10.170000076293945,10.270000457763672,9.869999885559082,10.020000457763672,1658210
2016-12-06,10.020000457763672,10.100000381469727,9.90999984741211,10.010000228881836,767200
2016-12-07,10.010000228881836,10.300000190734863,9.9399995803833,10.0600004196167,3448757
2016-12-08,10.0600004196167,10.800000190734863,10.069999694824219,10.4399995803833,6554896
2016-12-11,10.4399995803833,10.4399995803833,10.4399995803833,10.4399995803833,0
2016-12-12,10.4399995803833,10.4399995803833,10.4399995803833,10.4399995803833,0
2016-12-13,11.119999885559082,11.390000343322754,10.800000190734863,11.050000190734863,6882554
2016-12-14,11.050000190734863,11.149999618530273,10.84000015258789,10.970000267028809,3407624
2016-12-15,10.970000267028809,10.970000267028809,10.970000267028809,10.970000267028809,0
2016-12-18,11.119999885559082,11.699999809265137,11.359999656677246,11.520000457763672,2365316
2016-12-19,11.520000457763672,12.670000076293945,11.5,12.130000114440918,6138340
2016-12-20,13.34000015258789,13.539999961853027,12.630000114440918,13.069999694824219,3632834
2016-12-21,13.069999694824219,13.4399995803833,12.880000114440918,13.130000114440918,2297245
2016-12-22,13.130000114440918,13.300000190734863,12.300000190734863,12.75,2701694
2016-12-25,12.75,12.529999732971191,11.760000228881836,12.100000381469727,1570953
2016-12-26,12.100000381469727,12.149999618530273,11.770000457763672,11.960000038146973,2172277
2016-12-27,11.960000038146973,12.069999694824219,11.550000190734863,11.8100004196167,1983033
2016-12-28,11.8100004196167,12.020000457763672,11.600000381469727,11.84000015258789,2488982
2016-12-29,11.84000015258789,12.039999961853027,11.5,11.75,1719533
2017-01-02,11.75,12.199999809265137,11.720000267028809,11.949999809265137,1883784
2017-01-03,11.949999809265137,12.479999542236328,11.880000114440918,12.279999732971191,2736278
2017-01-04,12.600000381469727,13.100000381469727,12.40999984741211,12.8100004196167,3767449
2017-01-05,12.8100004196167,13.270000457763672,12.729999542236328,13.09000015258789,2708625
2017-01-09,13.710000038146973,13.899999618530273,13.399999618530273,13.609999656677246,1733439
2017-01-10,13.609999656677246,14.050000190734863,13.4399995803833,13.75,4274617
2017-01-11,13.75,13.699999809265137,13.15999984741211,13.319999694824219,1714059
2017-01-12,13.319999694824219,13.649999618530273,13.300000190734863,13.449999809265137,2965310
2017-01-15,13.449999809265137,13.609999656677246,13.289999961853027,13.449999809265137,940681
2017-01-16,13.449999809265137,13.489999771118164,12.960000038146973,13.119999885559082,1855399
2017-01-17,13.119999885559082,13.350000381469727,13.119999885559082,13.239999771118164,1581391
2017-01-18,13.239999771118164,13.350000381469727,12.220000267028809,12.779999732971191,1902376
2017-01-19,12.779999732971191,12.579999923706055,11.710000038146973,12.1899995803833,1902918
2017-01-22,12.1899995803833,12.380000114440918,11.850000381469727,12.0600004196167,816130
2017-01-23,12.0600004196167,12.680000305175781,12.050000190734863,12.319999694824219,2047488
2017-01-24,12.319999694824219,12.84000015258789,12.15999984741211,12.569999694824219,1629607
2017-01-26,12.569999694824219,13.149999618530273,12.869999885559082,12.960000038146973,1528153
2017-01-29,12.960000038146973,13.220000267028809,12.649999618530273,13.039999961853027,1444352
2017-01-30,13.039999961853027,12.949999809265137,12.199999809265137,12.489999771118164,2520348
2017-01-31,12.489999771118164,12.5,12.170000076293945,12.300000190734863,771317
2017-02-01,12.300000190734863,12.369999885559082,11.899999618530273,12.079999923706055,1238670
2017-02-02,12.079999923706055,12.369999885559082,12.119999885559082,12.25,712961
2017-02-05,12.25,12.600000381469727,12.130000114440918,12.369999885559082,837849
2017-02-06,12.369999885559082,13.050000190734863,12.149999618530273,12.649999618530273,2130372
2017-02-07,12.649999618530273,13.319999694824219,12.890000343322754,13.119999885559082,2455157
2017-02-08,13.119999885559082,13.260000228881836,12.40999984741211,12.84000015258789,1614627
2017-02-09,12.84000015258789,13.8100004196167,12.460000038146973,13.15999984741211,4129211
2017-02-12,13.15999984741211,13.5,12.569999694824219,13.050000190734863,2227692
2017-02-13,13.050000190734863,12.779999732971191,12.3100004196167,12.520000457763672,2083627
2017-02-14,12.520000457763672,12.640000343322754,11.270000457763672,11.880000114440918,3099965
2017-02-15,11.880000114440918,11.720000267028809,11.199999809265137,11.569999694824219,2319570
2017-02-16,11.569999694824219,12.039999961853027,11.699999809265137,11.920000076293945,2138179
2017-02-19,11.920000076293945,12.390000343322754,12.0,12.199999809265137,2373052
2017-02-20,12.199999809265137,12.350000381469727,12.069999694824219,12.260000228881836,1845593
2017-02-21,12.260000228881836,12.600000381469727,12.229999542236328,12.40999984741211,1499052
2017-02-22,12.40999984741211,12.399999618530273,11.869999885559082,12.0600004196167,2258086
2017-02-23,12.0600004196167,12.199999809265137,11.449999809265137,11.770000457763672,1482006
2017-02-26,11.770000457763672,11.949999809265137,11.569999694824219,11.710000038146973,831512
2017-02-27,11.710000038146973,11.699999809265137,11.460000038146973,11.550000190734863,1031975
2017-02-28,11.550000190734863,11.399999618530273,10.819999694824219,11.149999618530273,3954061
2017-03-01,11.149999618530273,11.220000267028809,10.800000190734863,11.039999961853027,2442677
2017-03-02,11.039999961853027,11.479999542236328,11.109999656677246,11.300000190734863,3091326
2017-03-05,11.300000190734863,11.579999923706055,11.359999656677246,11.470000267028809,1412570
2017-03-06,11.470000267028809,11.720000267028809,11.399999618530273,11.630000114440918,3671478
2017-03-07,11.630000114440918,11.869999885559082,11.420000076293945,11.680000305175781,2524863
2017-03-08,11.680000305175781,11.640000343322754,11.420000076293945,11.529999732971191,2864088
2017-03-09,11.529999732971191,11.890000343322754,11.420000076293945,11.75,3499727
2017-03-12,11.75,12.100000381469727,11.779999732971191,11.930000305175781,1633219
2017-03-13,11.930000305175781,12.25,11.550000190734863,11.739999771118164,4537325
2017-03-14,11.739999771118164,11.649999618530273,11.100000381469727,11.399999618530273,5659134
2017-03-15,11.399999618530273,11.529999732971191,11.300000190734863,11.399999618530273,2833498
2017-03-16,11.399999618530273,11.600000381469727,11.319999694824219,11.430000305175781,1434803
2017-03-19,11.430000305175781,11.550000190734863,11.329999923706055,11.420000076293945,1652167
2017-03-20,11.420000076293945,11.600000381469727,11.329999923706055,11.449999809265137,2464278
2017-03-21,11.449999809265137,11.5600004196167,11.359999656677246,11.449999809265137,2038322
2017-03-22,11.449999809265137,11.449999809265137,11.34000015258789,11.399999618530273,994641
2017-03-23,11.399999618530273,11.520000457763672,11.380000114440918,11.4399995803833,1494792
2017-03-26,11.4399995803833,11.720000267028809,11.449999809265137,11.59000015258789,1155507
2017-03-27,11.59000015258789,11.640000343322754,11.4399995803833,11.5,1815235
2017-03-28,11.5,11.5,11.5,11.5,0
2017-03-29,11.5600004196167,11.600000381469727,11.420000076293945,11.489999771118164,784826
2017-03-30,11.489999771118164,11.5600004196167,11.40999984741211,11.460000038146973,2168877
2017-04-02,11.460000038146973,11.449999809265137,11.399999618530273,11.420000076293945,479859
2017-04-03,11.420000076293945,11.510000228881836,11.390000343322754,11.449999809265137,1402222
2017-04-04,11.699999809265137,11.800000190734863,11.520000457763672,11.649999618530273,4191289
2017-04-05,11.649999618530273,11.670000076293945,11.350000381469727,11.4399995803833,1760318
2017-04-06,11.4399995803833,11.449999809265137,11.3100004196167,11.350000381469727,976077
2017-04-09,11.350000381469727,11.350000381469727,11.149999618530273,11.220000267028809,1308801
2017-04-10,11.220000267028809,11.300000190734863,11.109999656677246,11.180000305175781,994065
2017-04-11,11.180000305175781,11.479999542236328,11.220000267028809,11.3100004196167,1268506
2017-04-12,11.3100004196167,11.75,11.40999984741211,11.550000190734863,2455923
2017-04-13,11.550000190734863,11.649999618530273,11.5,11.5600004196167,1630875
2017-04-18,11.5600004196167,11.729999542236328,11.460000038146973,11.579999923706055,1151034
2017-04-19,11.579999923706055,11.619999885559082,11.460000038146973,11.529999732971191,2665415
2017-04-20,11.529999732971191,11.760000228881836,11.460000038146973,11.600000381469727,2865041
2017-04-23,11.600000381469727,11.710000038146973,11.380000114440918,11.539999961853027,3899660
2017-04-24,10.770000457763672,10.8100004196167,10.329999923706055,10.520000457763672,2230005
2017-04-26,10.520000457763672,10.470000267028809,10.25,10.34000015258789,1524779
2017-04-27,10.34000015258789,10.430000305175781,10.0,10.130000114440918,1543509
2017-04-30,10.130000114440918,10.079999923706055,9.819999694824219,9.9399995803833,667592
2017-05-02,9.9399995803833,9.9399995803833,9.9399995803833,9.9399995803833,0
2017-05-03,9.920000076293945,10.0,9.859999656677246,9.9399995803833,435571
2017-05-04,9.9399995803833,10.029999732971191,9.90999984741211,9.979999542236328,712108
2017-05-07,9.979999542236328,10.010000228881836,9.899999618530273,9.9399995803833,555949
2017-05-08,9.9399995803833,10.050000190734863,9.90999984741211,9.960000038146973,634379
2017-05-09,9.960000038146973,10.180000305175781,9.9399995803833,10.069999694824219,1096188
2017-05-10,10.069999694824219,10.199999809265137,9.869999885559082,10.029999732971191,2586026
2017-05-11,10.029999732971191,10.170000076293945,9.850000381469727,10.029999732971191,2035249
2017-05-14,10.029999732971191,10.130000114440918,9.90999984741211,9.970000267028809,520570
2017-05-15,9.970000267028809,10.229999542236328,10.0,10.149999618530273,2053118
2017-05-16,10.220000267028809,10.40999984741211,10.220000267028809,10.319999694824219,3106269
2017-05-17,10.319999694824219,10.369999885559082,10.020000457763672,10.210000038146973,2078132
2017-05-18,10.210000038146973,10.140000343322754,9.949999809265137,10.0,589445
2017-05-21,10.0,10.15999984741211,10.0,10.069999694824219,370229
2017-05-22,10.069999694824219,9.949999809265137,9.5600004196167,9.720000267028809,3172399
2017-05-23,9.720000267028809,10.029999732971191,9.890000343322754,9.979999542236328,1777161
2017-05-24,9.979999542236328,10.15999984741211,10.039999961853027,10.100000381469727,1898775
2017-05-25,10.100000381469727,10.609999656677246,10.109999656677246,10.420000076293945,4220231
2017-05-28,10.420000076293945,10.699999809265137,10.40999984741211,10.510000228881836,660805
2017-05-29,10.510000228881836,10.600000381469727,10.279999732971191,10.430000305175781,594756
2017-05-30,10.430000305175781,10.5,10.289999961853027,10.390000343322754,1355080
2017-05-31,10.390000343322754,10.5,10.3100004196167,10.449999809265137,3361637
2017-06-01,10.449999809265137,10.5,10.350000381469727,10.4399995803833,345618
2017-06-04,10.4399995803833,10.460000038146973,10.329999923706055,10.390000343322754,16338
2017-06-05,10.390000343322754,10.399999618530273,10.270000457763672,10.350000381469727,669911
2017-06-06,10.350000381469727,10.390000343322754,10.3100004196167,10.350000381469727,1020019
2017-06-07,10.350000381469727,10.59000015258789,10.34000015258789,10.470000267028809,1567613
2017-06-08,10.470000267028809,10.6899995803833,10.5,10.579999923706055,636572
2017-06-11,10.579999923706055,10.649999618530273,10.5,10.59000015258789,299640
2017-06-12,10.59000015258789,10.649999618530273,10.40999984741211,10.5600004196167,491636
2017-06-13,10.5600004196167,10.539999961853027,10.40999984741211,10.4399995803833,308097
2017-06-14,10.4399995803833,10.5,10.109999656677246,10.25,818608
2017-06-15,10.25,10.199999809265137,10.0,10.069999694824219,1068520
2017-06-18,10.069999694824219,10.199999809265137,10.069999694824219,10.15999984741211,75535
2017-06-19,10.15999984741211,10.15999984741211,10.15999984741211,10.15999984741211,0
2017-06-20,10.210000038146973,10.25,10.050000190734863,10.109999656677246,142083
2017-06-21,10.109999656677246,10.130000114440918,10.0,10.039999961853027,567421
2017-06-22,10.039999961853027,10.239999771118164,10.100000381469727,10.1899995803833,405860
2017-06-27,10.1899995803833,10.1899995803833,10.1899995803833,10.1899995803833,0
2017-06-28,10.1899995803833,10.350000381469727,10.020000457763672,10.279999732971191,429137
2017-06-29,10.279999732971191,10.279999732971191,10.279999732971191,10.279999732971191,0
2017-07-02,10.279999732971191,10.34000015258789,10.0600004196167,10.119999885559082,290301
2017-07-03,10.119999885559082,10.140000343322754,10.020000457763672,10.050000190734863,371777
2017-07-04,10.050000190734863,10.199999809265137,10.069999694824219,10.130000114440918,189594
2017-07-05,10.130000114440918,10.380000114440918,10.199999809265137,10.329999923706055,930754
2017-07-06,10.329999923706055,10.449999809265137,10.270000457763672,10.390000343322754,308385
2017-07-09,10.390000343322754,10.319999694824219,10.119999885559082,10.260000228881836,250932
2017-07-10,10.260000228881836,10.399999618530273,10.260000228881836,10.34000015258789,681644
2017-07-11,10.34000015258789,10.430000305175781,10.069999694824219,10.260000228881836,1188694
2017-07-12,10.260000228881836,10.25,10.039999961853027,10.09000015258789,1126100
2017-07-13,10.09000015258789,10.329999923706055,10.069999694824219,10.199999809265137,1520652
2017-07-16,10.199999809265137,10.420000076293945,10.149999618530273,10.329999923706055,1570315
2017-07-17,10.329999923706055,10.579999923706055,10.300000190734863,10.479999542236328,1713663
2017-07-18,10.479999542236328,10.869999885559082,10.4399995803833,10.6899995803833,2018846
2017-07-19,10.6899995803833,11.0,10.510000228881836,10.850000381469727,2449597
2017-07-20,10.850000381469727,11.0,10.600000381469727,10.829999923706055,809664
2017-07-24,10.829999923706055,11.069999694824219,10.670000076293945,10.899999618530273,573790
2017-07-25,10.899999618530273,11.1899995803833,10.960000038146973,11.0600004196167,558991
2017-07-26,11.0600004196167,11.029999732971191,10.819999694824219,10.930000305175781,556351
2017-07-27,10.930000305175781,11.0,10.789999961853027,10.890000343322754,1019194
2017-07-30,10.890000343322754,11.0,10.699999809265137,10.829999923706055,209296
2017-07-31,10.829999923706055,11.220000267028809,10.800000190734863,11.109999656677246,2222443
2017-08-01,11.109999656677246,11.199999809265137,10.890000343322754,11.029999732971191,813065
2017-08-02,11.029999732971191,11.149999618530273,10.800000190734863,10.949999809265137,897310
2017-08-03,10.949999809265137,11.0,10.800000190734863,10.890000343322754,1019083
2017-08-06,10.890000343322754,11.100000381469727,10.949999809265137,11.029999732971191,709727
2017-08-07,11.029999732971191,11.15999984741211,11.029999732971191,11.109999656677246,704784
2017-08-08,11.109999656677246,11.289999961853027,11.0,11.100000381469727,837669
2017-08-09,11.100000381469727,11.170000076293945,11.020000457763672,11.109999656677246,286604
2017-08-10,11.109999656677246,11.5,11.100000381469727,11.279999732971191,1134786
2017-08-13,11.279999732971191,11.5,11.220000267028809,11.350000381469727,616219
2017-08-14,11.350000381469727,11.579999923706055,11.1899995803833,11.40999984741211,1055094
2017-08-15,11.40999984741211,11.40999984741211,11.40999984741211,11.40999984741211,0
2017-08-16,11.550000190734863,11.800000190734863,11.460000038146973,11.710000038146973,981278
2017-08-17,11.710000038146973,12.0,11.600000381469727,11.869999885559082,2901491
2017-08-20,11.869999885559082,11.880000114440918,11.59000015258789,11.649999618530273,446384
2017-08-21,11.649999618530273,12.010000228881836,11.5600004196167,11.84000015258789,1297835
2017-08-22,11.84000015258789,11.970000267028809,11.75,11.829999923706055,581430
2017-08-23,11.829999923706055,11.90999984741211,11.699999809265137,11.75,1857432
2017-08-24,11.75,11.819999694824219,11.699999809265137,11.760000228881836,324214
2017-08-27,11.760000228881836,11.899999618530273,11.760000228881836,11.84000015258789,119152
2017-08-28,11.84000015258789,12.8100004196167,11.850000381469727,12.380000114440918,1876860
2017-08-29,12.380000114440918,12.930000305175781,12.609999656677246,12.720000267028809,921767
2017-08-30,12.720000267028809,12.949999809265137,12.640000343322754,12.770000457763672,1006231
2017-09-03,12.770000457763672,12.770000457763672,12.770000457763672,12.770000457763672,0
2017-09-04,12.770000457763672,12.770000457763672,12.770000457763672,12.770000457763672,0
2017-09-05,12.770000457763672,12.979999542236328,12.600000381469727,12.729999542236328,985342
2017-09-06,12.729999542236328,12.890000343322754,12.420000076293945,12.5600004196167,283540
2017-09-07,12.5600004196167,12.699999809265137,12.430000305175781,12.609999656677246,575585
2017-09-10,12.609999656677246,12.710000038146973,12.350000381469727,12.489999771118164,729930
2017-09-11,12.489999771118164,12.539999961853027,12.390000343322754,12.430000305175781,768858
2017-09-12,12.430000305175781,12.5,12.350000381469727,12.420000076293945,1105661
2017-09-13,12.420000076293945,12.75,12.5,12.609999656677246,1643031
2017-09-14,12.609999656677246,12.859999656677246,12.449999809265137,12.699999809265137,1445905
2017-09-17,12.699999809265137,12.649999618530273,12.350000381469727,12.460000038146973,706978
2017-09-18,12.460000038146973,12.630000114440918,12.40999984741211,12.520000457763672,489191
2017-09-19,12.520000457763672,12.520000457763672,12.520000457763672,12.520000457763672,0
2017-09-20,12.989999771118164,13.039999961853027,12.710000038146973,12.789999961853027,1105420
2017-09-24,12.789999961853027,12.829999923706055,12.449999809265137,12.5600004196167,398203
2017-09-25,12.5600004196167,12.75,12.40999984741211,12.529999732971191,533295
2017-09-26,12.529999732971191,12.619999885559082,12.399999618530273,12.489999771118164,752272
2017-09-27,12.489999771118164,12.819999694824219,12.420000076293945,12.65999984741211,2197634
2017-09-28,12.65999984741211,13.0,12.829999923706055,12.949999809265137,1700542
2017-10-01,13.130000114440918,13.279999732971191,12.90999984741211,13.0600004196167,1015175
2017-10-02,13.0600004196167,13.0600004196167,12.850000381469727,12.960000038146973,1133736
2017-10-03,12.960000038146973,13.880000114440918,12.90999984741211,13.520000457763672,2827887
2017-10-04,13.520000457763672,13.9399995803833,13.65999984741211,13.770000457763672,2473155
2017-10-05,13.770000457763672,13.770000457763672,13.770000457763672,13.770000457763672,0
2017-10-08,13.770000457763672,14.050000190734863,13.550000190734863,13.8100004196167,995187
2017-10-09,13.8100004196167,13.979999542236328,13.15999984741211,13.479999542236328,1449178
2017-10-10,13.479999542236328,13.539999961853027,13.119999885559082,13.329999923706055,1182121
2017-10-11,13.329999923706055,13.300000190734863,13.010000228881836,13.119999885559082,3276526
2017-10-12,13.119999885559082,13.399999618530273,13.119999885559082,13.25,2154120
2017-10-15,13.25,13.430000305175781,13.149999618530273,13.300000190734863,681883
2017-10-16,13.300000190734863,13.149999618530273,12.800000190734863,12.869999885559082,171967
2017-10-17,12.869999885559082,13.300000190734863,12.869999885559082,13.130000114440918,1579775
2017-10-18,13.130000114440918,13.149999618530273,12.869999885559082,12.960000038146973,1260709
2017-10-19,12.960000038146973,13.0,12.649999618530273,12.829999923706055,890416
2017-10-22,12.829999923706055,12.850000381469727,12.5600004196167,12.699999809265137,228242
2017-10-23,12.699999809265137,13.270000457763672,12.779999732971191,13.09000015258789,657766
2017-10-24,13.09000015258789,13.199999809265137,12.8100004196167,12.970000267028809,523920
2017-10-25,12.970000267028809,13.0,12.800000190734863,12.899999618530273,213000
2017-10-26,12.899999618530273,13.130000114440918,12.890000343322754,12.960000038146973,590027
2017-10-29,12.960000038146973,13.0600004196167,12.880000114440918,12.90999984741211,336631
2017-10-30,12.90999984741211,13.199999809265137,12.989999771118164,13.100000381469727,720088
2017-10-31,13.100000381469727,13.199999809265137,12.899999618530273,13.020000457763672,998469
2017-11-01,13.020000457763672,13.0,12.729999542236328,12.850000381469727,818942
2017-11-02,12.850000381469727,12.899999618530273,12.699999809265137,12.789999961853027,520053
2017-11-05,12.789999961853027,12.930000305175781,12.699999809265137,12.800000190734863,266395
2017-11-06,12.800000190734863,12.899999618530273,12.65999984741211,12.779999732971191,741992
2017-11-07,12.779999732971191,12.800000190734863,12.609999656677246,12.729999542236328,620761
2017-11-08,12.729999542236328,13.350000381469727,12.649999618530273,13.119999885559082,1908310
2017-11-09,13.119999885559082,13.710000038146973,13.34000015258789,13.59000015258789,2271099
2017-11-12,13.59000015258789,13.770000457763672,13.34000015258789,13.550000190734863,510726
2017-11-13,13.550000190734863,13.699999809265137,13.300000190734863,13.550000190734863,751755
2017-11-14,13.550000190734863,13.550000190734863,13.550000190734863,13.550000190734863,0
2017-11-15,13.5,13.550000190734863,13.0600004196167,13.229999542236328,431690
2017-11-16,13.229999542236328,13.25,12.850000381469727,13.039999961853027,429817
2017-11-19,13.039999961853027,13.09000015258789,12.819999694824219,12.949999809265137,100903
2017-11-20,12.949999809265137,12.989999771118164,11.800000190734863,12.420000076293945,2245188
2017-11-21,12.420000076293945,12.680000305175781,12.100000381469727,12.350000381469727,1988528
2017-11-22,12.350000381469727,12.5,12.3100004196167,12.350000381469727,288140
2017-11-23,12.350000381469727,13.199999809265137,12.510000228881836,12.90999984741211,2066870
2017-11-26,12.90999984741211,13.699999809265137,12.850000381469727,13.350000381469727,961269
2017-11-27,13.350000381469727,13.350000381469727,13.350000381469727,13.350000381469727,0
2017-11-28,13.40999984741211,13.789999961853027,13.130000114440918,13.510000228881836,1256678
2017-11-29,13.510000228881836,13.699999809265137,13.239999771118164,13.529999732971191,3102574
2017-11-30,13.529999732971191,13.529999732971191,13.529999732971191,13.529999732971191,0
2017-12-03,13.529999732971191,13.520000457763672,13.399999618530273,13.460000038146973,579869
2017-12-04,13.460000038146973,13.5,13.210000038146973,13.329999923706055,1084428
2017-12-05,13.329999923706055,13.4399995803833,12.949999809265137,13.100000381469727,1300855
2017-12-06,13.100000381469727,13.600000381469727,13.239999771118164,13.4399995803833,3284249
2017-12-07,13.4399995803833,13.65999984741211,13.3100004196167,13.539999961853027,1293859
2017-12-10,13.539999961853027,13.5,13.210000038146973,13.359999656677246,571676
2017-12-11,13.359999656677246,13.359999656677246,13.359999656677246,13.359999656677246,0
2017-12-12,13.420000076293945,13.680000305175781,13.4399995803833,13.59000015258789,1214438
2017-12-13,13.59000015258789,14.010000228881836,13.5600004196167,13.84000015258789,3762076
2017-12-14,13.84000015258789,13.819999694824219,13.5600004196167,13.680000305175781,3620827
2017-12-17,13.680000305175781,13.979999542236328,13.550000190734863,13.789999961853027,944144
2017-12-18,13.789999961853027,13.75,13.350000381469727,13.430000305175781,819097
2017-12-19,13.430000305175781,13.579999923706055,13.199999809265137,13.359999656677246,784204
2017-12-20,13.359999656677246,13.550000190734863,13.3100004196167,13.470000267028809,253215
2017-12-21,13.470000267028809,13.5,13.020000457763672,13.229999542236328,572858
2017-12-24,13.229999542236328,13.449999809265137,13.100000381469727,13.319999694824219,155318
2017-12-25,13.319999694824219,14.029999732971191,13.300000190734863,13.890000343322754,3062782
2017-12-26,13.890000343322754,13.890000343322754,13.890000343322754,13.890000343322754,0
2017-12-27,13.8100004196167,13.649999618530273,13.359999656677246,13.4399995803833,610672
2017-12-28,13.4399995803833,13.680000305175781,13.399999618530273,13.529999732971191,525026
2017-12-31,13.529999732971191,13.510000228881836,13.380000114440918,13.420000076293945,621441
2018-01-01,13.420000076293945,13.420000076293945,13.420000076293945,13.420000076293945,0
2018-01-02,13.420000076293945,13.420000076293945,13.420000076293945,13.420000076293945,0
2018-01-03,13.430000305175781,13.550000190734863,13.300000190734863,13.40999984741211,448125
2018-01-04,13.40999984741211,13.449999809265137,13.109999656677246,13.229999542236328,720642
2018-01-07,13.229999542236328,13.229999542236328,13.229999542236328,13.229999542236328,0
2018-01-08,13.229999542236328,13.390000343322754,13.010000228881836,13.199999809265137,1466529
2018-01-09,13.199999809265137,13.369999885559082,13.149999618530273,13.279999732971191,488297
2018-01-10,13.279999732971191,13.399999618530273,13.199999809265137,13.300000190734863,1048821
2018-01-11,13.300000190734863,13.699999809265137,13.25,13.529999732971191,1260277
2018-01-14,13.529999732971191,13.699999809265137,13.4399995803833,13.5,202158
2018-01-15,13.5,13.829999923706055,13.3100004196167,13.569999694824219,1087305
2018-01-16,13.569999694824219,13.720000267028809,13.4399995803833,13.529999732971191,287201
2018-01-17,13.529999732971191,13.550000190734863,13.3100004196167,13.369999885559082,864076
2018-01-18,13.369999885559082,13.680000305175781,13.319999694824219,13.510000228881836,2176132
2018-01-21,13.510000228881836,13.510000228881836,13.510000228881836,13.510000228881836,0
2018-01-22,13.329999923706055,13.5,13.319999694824219,13.399999618530273,848100
2018-01-23,13.399999618530273,13.550000190734863,13.199999809265137,13.390000343322754,1556235
2018-01-24,13.390000343322754,13.399999618530273,13.199999809265137,13.3100004196167,385628
2018-01-25,13.3100004196167,13.3100004196167,13.3100004196167,13.3100004196167,0
2018-01-28,13.3100004196167,13.550000190734863,13.199999809265137,13.359999656677246,729027
2018-01-29,13.359999656677246,13.350000381469727,13.100000381469727,13.199999809265137,768103
2018-01-30,13.199999809265137,13.4399995803833,13.140000343322754,13.210000038146973,789111
2018-01-31,13.210000038146973,13.470000267028809,13.1899995803833,13.319999694824219,1023876
2018-02-01,13.319999694824219,13.350000381469727,13.220000267028809,13.260000228881836,94379
2018-02-04,13.260000228881836,13.229999542236328,13.109999656677246,13.149999618530273,264037
2018-02-05,13.149999618530273,13.5,13.15999984741211,13.4399995803833,1299012
2018-02-06,13.0,13.210000038146973,12.829999923706055,13.029999732971191,2314934
2018-02-07,13.029999732971191,13.199999809265137,12.819999694824219,12.989999771118164,1762478
2018-02-08,12.989999771118164,13.010000228881836,12.75,12.890000343322754,2328224
2018-02-11,12.899999618530273,12.949999809265137,12.5,12.770000457763672,1152621
2018-02-12,12.770000457763672,12.800000190734863,12.260000228881836,12.479999542236328,1970263
2018-02-13,12.479999542236328,12.59000015258789,12.140000343322754,12.350000381469727,1119919
2018-02-14,12.350000381469727,12.380000114440918,11.920000076293945,12.079999923706055,3945696
2018-02-15,12.079999923706055,12.449999809265137,12.199999809265137,12.350000381469727,833423
2018-02-18,12.350000381469727,12.399999618530273,12.010000228881836,12.130000114440918,1416400
2018-02-19,12.130000114440918,12.510000228881836,12.109999656677246,12.369999885559082,2328947
2018-02-20,12.369999885559082,12.369999885559082,12.369999885559082,12.369999885559082,0
2018-02-21,12.420000076293945,12.40999984741211,12.199999809265137,12.260000228881836,437765
2018-02-22,12.260000228881836,12.399999618530273,12.149999618530273,12.25,488854
2018-02-25,12.25,12.390000343322754,12.149999618530273,12.199999809265137,795215
2018-02-26,12.199999809265137,12.380000114440918,12.1899995803833,12.3100004196167,1330503
2018-02-27,12.3100004196167,12.359999656677246,12.09000015258789,12.279999732971191,4049859
2018-02-28,12.279999732971191,12.279999732971191,12.050000190734863,12.149999618530273,890091
2018-03-01,12.149999618530273,12.1899995803833,12.100000381469727,12.130000114440918,628549
2018-03-04,12.130000114440918,12.229999542236328,12.069999694824219,12.15999984741211,379055
2018-03-05,12.15999984741211,12.34000015258789,12.170000076293945,12.260000228881836,1502187
2018-03-06,12.260000228881836,12.609999656677246,12.300000190734863,12.479999542236328,2295556
2018-03-07,12.479999542236328,12.479999542236328,12.479999542236328,12.479999542236328,0
2018-03-08,12.600000381469727,12.699999809265137,12.350000381469727,12.460000038146973,776331
2018-03-11,12.460000038146973,12.460000038146973,12.3100004196167,12.369999885559082,271766
2018-03-12,12.369999885559082,12.880000114440918,12.399999618530273,12.65999984741211,2284423
2018-03-13,12.65999984741211,12.65999984741211,12.65999984741211,12.65999984741211,0
2018-03-14,12.819999694824219,12.970000267028809,12.680000305175781,12.789999961853027,1483027
2018-03-15,12.789999961853027,12.869999885559082,12.59000015258789,12.649999618530273,2565062
2018-03-18,12.649999618530273,12.920000076293945,12.649999618530273,12.739999771118164,811878
2018-03-19,12.739999771118164,12.710000038146973,12.260000228881836,12.420000076293945,1339306
2018-03-20,12.420000076293945,12.489999771118164,12.279999732971191,12.34000015258789,889317
2018-03-21,12.34000015258789,12.479999542236328,12.199999809265137,12.260000228881836,1605228
2018-03-22,12.260000228881836,12.34000015258789,12.100000381469727,12.1899995803833,964622
2018-03-25,12.1899995803833,12.420000076293945,12.140000343322754,12.3100004196167,315627
2018-03-26,12.3100004196167,12.460000038146973,12.289999961853027,12.399999618530273,775709
2018-03-27,12.399999618530273,12.5,12.319999694824219,12.399999618530273,914346
2018-03-28,12.399999618530273,12.390000343322754,12.100000381469727,12.210000038146973,2475315
2018-03-29,12.199999809265137,12.5,12.170000076293945,12.359999656677246,2736539
2018-04-01,12.359999656677246,12.529999732971191,12.229999542236328,12.369999885559082,1803271
2018-04-02,12.369999885559082,13.289999961853027,12.300000190734863,12.930000305175781,6367418
2018-04-03,12.930000305175781,13.09000015258789,12.539999961853027,12.760000228881836,1069489
2018-04-04,12.760000228881836,12.9399995803833,12.260000228881836,12.40999984741211,2056580
2018-04-05,12.40999984741211,12.5,12.350000381469727,12.399999618530273,372043
2018-04-08,12.399999618530273,12.399999618530273,12.399999618530273,12.399999618530273,0
2018-04-09,12.399999618530273,12.399999618530273,12.399999618530273,12.399999618530273,0
2018-04-10,12.399999618530273,12.800000190734863,12.420000076293945,12.670000076293945,729869
2018-04-11,12.670000076293945,13.130000114440918,12.619999885559082,12.9399995803833,4210320
2018-04-12,12.9399995803833,13.399999618530273,12.699999809265137,13.180000305175781,5442440
2018-04-15,13.180000305175781,14.0,13.199999809265137,13.720000267028809,9418486
2018-04-16,13.720000267028809,14.09000015258789,13.489999771118164,13.84000015258789,6902732
2018-04-17,13.84000015258789,14.600000381469727,13.899999618530273,14.3100004196167,8895266
2018-04-18,14.3100004196167,14.789999961853027,14.069999694824219,14.510000228881836,5985177
2018-04-19,14.510000228881836,14.989999771118164,14.569999694824219,14.84000015258789,7846148
2018-04-22,14.84000015258789,15.300000190734863,14.899999618530273,15.100000381469727,4275509
2018-04-23,15.100000381469727,15.279999732971191,14.899999618530273,15.109999656677246,7860676
2018-04-24,15.109999656677246,15.039999961853027,14.760000228881836,14.90999984741211,2082234
2018-04-25,14.90999984741211,14.90999984741211,14.90999984741211,14.90999984741211,0
2018-04-26,14.90999984741211,14.899999618530273,14.699999809265137,14.8100004196167,1628537
2018-04-29,14.8100004196167,15.989999771118164,15.0,15.5600004196167,7734630
2018-04-30,15.5600004196167,16.34000015258789,15.819999694824219,16.110000610351562,12505463
2018-05-01,16.110000610351562,16.110000610351562,16.110000610351562,16.110000610351562,0
2018-05-02,16.110000610351562,16.25,16.0,16.1200008392334,8221014
2018-05-03,16.1200008392334,16.06999969482422,15.399999618530273,15.640000343322754,3185294
2018-05-06,15.640000343322754,16.0,15.5,15.770000457763672,1922104
2018-05-07,15.770000457763672,16.25,15.5600004196167,15.979999542236328,4774322
2018-05-08,15.979999542236328,17.5,16.200000762939453,16.860000610351562,8980833
2018-05-09,16.860000610351562,16.90999984741211,16.200000762939453,16.530000686645508,3013529
2018-05-10,16.530000686645508,16.600000381469727,15.6899995803833,16.0,6413645
2018-05-13,16.0,16.190000534057617,15.619999885559082,15.869999885559082,1153671
2018-05-14,15.869999885559082,15.789999961853027,14.800000190734863,15.34000015258789,2180738
2018-05-15,15.34000015258789,15.5,15.079999923706055,15.289999961853027,1515599
2018-05-16,15.289999961853027,15.170000076293945,14.789999961853027,14.930000305175781,1327992
2018-05-17,14.930000305175781,14.930000305175781,13.899999618530273,14.380000114440918,5070505
2018-05-20,14.380000114440918,14.5,14.100000381469727,14.279999732971191,1339813
2018-05-21,14.279999732971191,14.569999694824219,14.25,14.359999656677246,1975387
2018-05-22,14.359999656677246,14.670000076293945,14.300000190734863,14.430000305175781,1327081
2018-05-23,14.430000305175781,14.59000015258789,14.3100004196167,14.390000343322754,650670
2018-05-24,14.390000343322754,14.5,14.25,14.40999984741211,804704
2018-05-27,14.40999984741211,14.399999618530273,14.050000190734863,14.239999771118164,338932
2018-05-28,14.239999771118164,14.430000305175781,14.149999618530273,14.279999732971191,313249
2018-05-29,14.279999732971191,14.699999809265137,14.319999694824219,14.529999732971191,1209097
2018-05-30,14.529999732971191,14.609999656677246,14.199999809265137,14.359999656677246,270403
2018-05-31,14.359999656677246,15.100000381469727,14.130000114440918,14.710000038146973,3114552
2018-06-03,14.710000038146973,15.300000190734863,15.0,15.130000114440918,963594
2018-06-04,14.710000038146973,15.300000190734863,15.0,15.130000114440918,963594
2018-06-05,14.819999694824219,14.979999542236328,14.0600004196167,14.5600004196167,695560
2018-06-06,14.5600004196167,14.5600004196167,14.5600004196167,14.5600004196167,0
2018-06-07,14.729999542236328,15.25,14.449999809265137,14.9399995803833,1465482
2018-06-10,14.9399995803833,15.5,15.020000457763672,15.40999984741211,648518
2018-06-11,15.40999984741211,15.40999984741211,15.40999984741211,15.40999984741211,0
2018-06-12,15.0600004196167,15.380000114440918,14.920000076293945,15.100000381469727,1486552
2018-06-13,15.100000381469727,15.399999618530273,15.100000381469727,15.289999961853027,1237230
2018-06-14,15.289999961853027,15.489999771118164,15.020000457763672,15.1899995803833,549563
2018-06-17,15.1899995803833,15.1899995803833,15.1899995803833,15.1899995803833,0
2018-06-18,15.1899995803833,15.1899995803833,15.1899995803833,15.1899995803833,0
2018-06-19,15.1899995803833,15.34000015258789,14.5600004196167,14.760000228881836,520359
2018-06-20,14.760000228881836,14.699999809265137,14.369999885559082,14.489999771118164,1276525
2018-06-21,14.489999771118164,14.710000038146973,14.399999618530273,14.510000228881836,844083
2018-06-24,14.510000228881836,14.600000381469727,14.140000343322754,14.34000015258789,1545520
2018-06-25,14.34000015258789,14.600000381469727,13.850000381469727,14.109999656677246,3702773
2018-06-26,14.109999656677246,14.149999618530273,13.210000038146973,13.59000015258789,3799327
2018-06-27,13.59000015258789,14.100000381469727,13.399999618530273,13.8100004196167,2303601
2018-06-28,13.8100004196167,14.199999809265137,13.850000381469727,14.069999694824219,5097721
2018-07-01,14.069999694824219,14.069999694824219,14.069999694824219,14.069999694824219,0
2018-07-02,14.069999694824219,14.180000305175781,14.0,14.100000381469727,4291892
2018-07-03,14.100000381469727,14.180000305175781,13.90999984741211,14.109999656677246,861451
2018-07-04,14.109999656677246,14.100000381469727,13.649999618530273,13.890000343322754,756765
2018-07-05,13.890000343322754,14.470000267028809,13.75,14.109999656677246,6165126
2018-07-08,14.109999656677246,14.600000381469727,13.899999618530273,14.279999732971191,2098267
2018-07-09,14.279999732971191,14.09000015258789,13.699999809265137,13.989999771118164,1898772
2018-07-10,13.989999771118164,14.5,14.0,14.270000457763672,8500157
2018-07-11,14.270000457763672,14.600000381469727,14.300000190734863,14.470000267028809,2862471
2018-07-12,14.470000267028809,14.5,14.069999694824219,14.279999732971191,1600181
2018-07-15,14.279999732971191,14.300000190734863,14.0,14.140000343322754,563642
2018-07-16,14.140000343322754,14.1899995803833,13.800000190734863,13.989999771118164,2103458
2018-07-17,13.989999771118164,14.5,13.779999732971191,14.260000228881836,3535696
2018-07-18,14.260000228881836,14.489999771118164,14.100000381469727,14.300000190734863,2377262
2018-07-19,14.300000190734863,14.199999809265137,13.550000190734863,13.75,2863381
2018-07-22,13.75,13.829999923706055,13.449999809265137,13.65999984741211,416726
2018-07-23,13.65999984741211,13.65999984741211,13.65999984741211,13.65999984741211,0
2018-07-24,13.65999984741211,13.920000076293945,13.699999809265137,13.770000457763672,523343
2018-07-25,13.770000457763672,13.720000267028809,13.40999984741211,13.539999961853027,543829
2018-07-26,13.539999961853027,13.960000038146973,13.390000343322754,13.65999984741211,527290
2018-07-29,13.65999984741211,13.9399995803833,13.699999809265137,13.760000228881836,546307
2018-07-30,13.760000228881836,13.779999732971191,13.539999961853027,13.680000305175781,80454
2018-07-31,13.680000305175781,14.180000305175781,13.579999923706055,14.020000457763672,1429477
2018-08-01,14.020000457763672,14.199999809265137,13.970000267028809,14.069999694824219,354138
2018-08-02,14.069999694824219,14.149999618530273,13.800000190734863,14.010000228881836,567584
2018-08-05,14.010000228881836,14.100000381469727,13.819999694824219,14.010000228881836,382577
2018-08-06,14.010000228881836,14.170000076293945,13.90999984741211,14.020000457763672,792051
2018-08-07,14.020000457763672,14.270000457763672,14.0,14.180000305175781,1330261
2018-08-08,14.180000305175781,14.1899995803833,13.949999809265137,14.0600004196167,636424
2018-08-09,14.0600004196167,14.399999618530273,14.020000457763672,14.289999961853027,1124884
2018-08-12,14.289999961853027,14.199999809265137,14.079999923706055,14.130000114440918,330445
2018-08-13,14.130000114440918,14.15999984741211,13.699999809265137,14.0,1258680
2018-08-14,14.0,14.5,14.0,14.34000015258789,2366829
2018-08-15,14.34000015258789,14.180000305175781,13.989999771118164,14.039999961853027,643076
2018-08-16,14.039999961853027,14.199999809265137,13.989999771118164,14.029999732971191,127066
2018-08-19,14.029999732971191,14.100000381469727,13.960000038146973,14.050000190734863,81268
2018-08-20,14.050000190734863,14.050000190734863,14.050000190734863,14.050000190734863,0
2018-08-21,14.050000190734863,14.050000190734863,14.050000190734863,14.050000190734863,0
2018-08-22,14.050000190734863,14.050000190734863,14.050000190734863,14.050000190734863,0
2018-08-23,14.050000190734863,14.050000190734863,14.050000190734863,14.050000190734863,0
2018-08-26,14.039999961853027,14.039999961853027,14.039999961853027,14.039999961853027,0
2018-08-27,14.039999961853027,14.039999961853027,14.039999961853027,14.039999961853027,0
2018-08-28,14.039999961853027,14.039999961853027,14.039999961853027,14.039999961853027,0
2018-08-29,14.039999961853027,14.039999961853027,14.039999961853027,14.039999961853027,0
2018-08-30,14.039999961853027,14.039999961853027,14.039999961853027,14.039999961853027,0
2018-09-02,13.90999984741211,13.899999618530273,13.6899995803833,13.779999732971191,209008
2018-09-03,13.779999732971191,13.930000305175781,13.65999984741211,13.739999771118164,786239
2018-09-04,13.739999771118164,14.199999809265137,13.84000015258789,14.029999732971191,931984
2018-09-05,14.029999732971191,13.899999618530273,13.720000267028809,13.800000190734863,284727
2018-09-06,13.800000190734863,13.890000343322754,13.600000381469727,13.670000076293945,340316
2018-09-09,13.670000076293945,13.770000457763672,13.390000343322754,13.59000015258789,484287
2018-09-10,13.59000015258789,13.600000381469727,13.300000190734863,13.460000038146973,408976
2018-09-11,13.460000038146973,13.460000038146973,13.460000038146973,13.460000038146973,0
2018-09-12,13.460000038146973,13.399999618530273,12.779999732971191,13.029999732971191,1658539
2018-09-13,13.029999732971191,13.029999732971191,12.649999618530273,12.890000343322754,667521
2018-09-16,12.890000343322754,12.800000190734863,12.4399995803833,12.579999923706055,692925
2018-09-17,12.579999923706055,12.569999694824219,12.34000015258789,12.479999542236328,1030852
2018-09-18,12.479999542236328,12.5,11.5,11.90999984741211,926663
2018-09-19,11.90999984741211,11.6899995803833,10.720000267028809,11.359999656677246,2083415
2018-09-20,11.359999656677246,11.239999771118164,10.229999542236328,10.770000457763672,1602896
2018-09-23,10.770000457763672,11.170000076293945,10.899999618530273,11.050000190734863,1441406
2018-09-24,11.050000190734863,11.25,10.920000076293945,11.069999694824219,523487
2018-09-25,11.069999694824219,11.25,10.920000076293945,11.069999694824219,397193
2018-09-26,11.069999694824219,11.850000381469727,11.199999809265137,11.630000114440918,1024888
2018-09-27,11.630000114440918,11.739999771118164,11.399999618530273,11.649999618530273,475930
2018-09-30,11.649999618530273,11.899999618530273,11.600000381469727,11.680000305175781,559792
2018-10-01,11.680000305175781,11.90999984741211,11.5,11.720000267028809,1189992
2018-10-02,11.720000267028809,11.800000190734863,11.40999984741211,11.579999923706055,337230
2018-10-03,11.579999923706055,11.680000305175781,11.260000228881836,11.479999542236328,183983
2018-10-04,11.479999542236328,11.270000457763672,11.130000114440918,11.210000038146973,308565
2018-10-08,11.210000038146973,11.09000015258789,10.399999618530273,10.670000076293945,581279
2018-10-09,10.670000076293945,11.079999923706055,10.5,10.880000114440918,427526
2018-10-10,10.880000114440918,10.760000228881836,10.600000381469727,10.720000267028809,1176587
2018-10-11,10.720000267028809,10.75,9.800000190734863,10.239999771118164,1182854
2018-10-15,10.619999885559082,10.75,10.489999771118164,10.680000305175781,359709
2018-10-16,10.680000305175781,10.850000381469727,10.609999656677246,10.75,1060805
2018-10-17,10.75,10.869999885559082,10.699999809265137,10.760000228881836,215371
2018-10-18,10.760000228881836,11.199999809265137,10.649999618530273,10.869999885559082,2513578
2018-10-21,10.869999885559082,10.770000457763672,10.550000190734863,10.670000076293945,682130
2018-10-23,10.789999961853027,11.050000190734863,10.670000076293945,10.770000457763672,523839
2018-10-24,10.770000457763672,10.9399995803833,10.449999809265137,10.84000015258789,3242995
2018-10-25,10.84000015258789,10.789999961853027,10.0600004196167,10.359999656677246,1557400
2018-10-28,10.359999656677246,10.800000190734863,10.359999656677246,10.649999618530273,393666
2018-10-29,10.649999618530273,10.829999923706055,10.65999984741211,10.800000190734863,687133
2018-10-30,10.800000190734863,10.800000190734863,10.699999809265137,10.789999961853027,401282
2018-10-31,10.789999961853027,10.850000381469727,10.010000228881836,10.550000190734863,678971
2018-11-01,10.550000190734863,10.779999732971191,10.510000228881836,10.670000076293945,167488
2018-11-04,10.670000076293945,10.800000190734863,10.5,10.729999542236328,76741
2018-11-05,10.729999542236328,10.800000190734863,10.670000076293945,10.779999732971191,276374
2018-11-06,10.779999732971191,10.8100004196167,10.710000038146973,10.789999961853027,1165443
2018-11-07,10.789999961853027,11.050000190734863,10.800000190734863,10.930000305175781,1991165
2018-11-08,10.930000305175781,11.100000381469727,10.800000190734863,10.960000038146973,1426534
2018-11-11,10.960000038146973,11.0,10.800000190734863,10.869999885559082,207212
2018-11-12,10.869999885559082,11.0,10.789999961853027,10.90999984741211,377788
2018-11-13,10.90999984741211,11.039999961853027,10.819999694824219,10.920000076293945,628098
2018-11-14,10.920000076293945,11.0,10.800000190734863,10.9399995803833,248789
2018-11-15,10.9399995803833,11.65999984741211,10.989999771118164,11.430000305175781,3675684
2018-11-18,11.430000305175781,11.829999923706055,11.430000305175781,11.670000076293945,1049744
2018-11-19,11.670000076293945,11.729999542236328,11.399999618530273,11.539999961853027,1196620
2018-11-20,11.539999961853027,11.539999961853027,11.539999961853027,11.539999961853027,0
2018-11-21,11.539999961853027,11.649999618530273,11.300000190734863,11.489999771118164,393748
2018-11-22,11.489999771118164,11.75,11.25,11.510000228881836,1345289
2018-11-25,11.510000228881836,11.479999542236328,10.84000015258789,11.0,478612
2018-11-26,11.0,11.369999885559082,11.0,11.149999618530273,1319341
2018-11-27,11.149999618530273,11.930000305175781,11.300000190734863,11.630000114440918,1399013
2018-11-28,11.630000114440918,12.569999694824219,11.800000190734863,12.25,3722687
2018-11-29,12.25,12.5600004196167,12.0,12.279999732971191,2109953
2018-12-02,12.279999732971191,12.300000190734863,11.8100004196167,11.970000267028809,215189
2018-12-03,11.970000267028809,12.489999771118164,12.0,12.279999732971191,1556062
2018-12-04,12.279999732971191,12.390000343322754,11.699999809265137,11.960000038146973,574138
2018-12-05,11.960000038146973,12.170000076293945,11.699999809265137,11.930000305175781,445626
2018-12-06,11.930000305175781,11.989999771118164,11.5,11.739999771118164,283847
2018-12-09,11.739999771118164,11.800000190734863,11.399999618530273,11.539999961853027,119815
2018-12-10,11.539999961853027,12.050000190734863,11.550000190734863,11.9399995803833,701600
2018-12-11,11.9399995803833,12.100000381469727,11.630000114440918,11.789999961853027,1015347
2018-12-12,11.789999961853027,12.039999961853027,11.510000228881836,11.859999656677246,2067275
2018-12-13,11.859999656677246,12.050000190734863,11.5600004196167,11.800000190734863,547778
2018-12-16,11.800000190734863,12.550000190734863,11.800000190734863,12.319999694824219,2421206
2018-12-17,12.319999694824219,12.960000038146973,12.199999809265137,12.5600004196167,2293297
2018-12-18,12.5600004196167,13.149999618530273,12.619999885559082,12.920000076293945,2041698
2018-12-19,12.920000076293945,13.100000381469727,12.640000343322754,12.869999885559082,1616177
2018-12-20,12.869999885559082,12.930000305175781,12.5600004196167,12.800000190734863,537714
2018-12-23,12.800000190734863,12.699999809265137,12.149999618530273,12.399999618530273,696262
2018-12-24,12.399999618530273,12.5,12.100000381469727,12.399999618530273,309219
2018-12-25,12.399999618530273,12.489999771118164,12.09000015258789,12.319999694824219,290264
2018-12-26,12.319999694824219,12.630000114440918,12.399999618530273,12.479999542236328,54483
2018-12-27,12.479999542236328,12.890000343322754,12.600000381469727,12.760000228881836,328218
2018-12-30,12.760000228881836,12.800000190734863,12.510000228881836,12.630000114440918,183607
2018-12-31,12.630000114440918,12.800000190734863,12.5600004196167,12.680000305175781,1031622
2019-01-01,12.680000305175781,12.680000305175781,12.680000305175781,12.680000305175781,0
2019-01-02,12.680000305175781,12.619999885559082,12.5,12.550000190734863,239199
2019-01-03,12.550000190734863,12.770000457763672,12.5,12.619999885559082,749369
2019-01-06,12.619999885559082,12.729999542236328,12.520000457763672,12.630000114440918,58947
2019-01-07,12.630000114440918,12.630000114440918,12.630000114440918,12.630000114440918,0
2019-01-08,12.630000114440918,13.199999809265137,12.649999618530273,12.9399995803833,687240
2019-01-09,12.9399995803833,13.699999809265137,13.199999809265137,13.460000038146973,1267725
2019-01-10,13.460000038146973,14.050000190734863,13.449999809265137,13.90999984741211,3036532
2019-01-13,13.90999984741211,14.010000228881836,13.800000190734863,13.920000076293945,435894
2019-01-14,13.920000076293945,13.800000190734863,13.699999809265137,13.699999809265137,940371
2019-01-15,13.699999809265137,14.239999771118164,13.710000038146973,14.0600004196167,1207973
2019-01-16,14.0600004196167,14.100000381469727,13.680000305175781,13.8100004196167,663224
2019-01-17,13.8100004196167,13.779999732971191,13.649999618530273,13.720000267028809,362559
2019-01-20,13.720000267028809,13.75,13.579999923706055,13.720000267028809,264043
2019-01-21,13.720000267028809,13.850000381469727,13.5600004196167,13.779999732971191,407789
2019-01-22,13.779999732971191,13.850000381469727,13.399999618530273,13.6899995803833,398365
2019-01-23,13.6899995803833,13.850000381469727,13.0,13.579999923706055,1207585
2019-01-24,13.579999923706055,13.579999923706055,13.579999923706055,13.579999923706055,0
2019-01-27,13.579999923706055,14.0,13.5,13.9399995803833,525933
2019-01-28,13.9399995803833,14.0,13.699999809265137,13.90999984741211,881879
2019-01-29,13.90999984741211,13.899999618530273,13.739999771118164,13.800000190734863,249722
2019-01-30,13.800000190734863,14.0,13.710000038146973,13.84000015258789,918342
2019-01-31,13.84000015258789,14.270000457763672,13.760000228881836,13.989999771118164,2809268
2019-02-03,13.989999771118164,15.199999809265137,14.270000457763672,14.899999618530273,2610036
2019-02-04,14.899999618530273,14.90999984741211,14.3100004196167,14.569999694824219,790866
2019-02-05,14.569999694824219,15.390000343322754,14.699999809265137,15.020000457763672,3068549
2019-02-06,15.020000457763672,14.989999771118164,14.550000190734863,14.720000267028809,590410
2019-02-07,14.720000267028809,14.899999618530273,14.609999656677246,14.6899995803833,294264
2019-02-10,14.6899995803833,14.930000305175781,14.550000190734863,14.770000457763672,450077
2019-02-11,14.770000457763672,14.800000190734863,14.449999809265137,14.630000114440918,648511
2019-02-12,14.630000114440918,14.989999771118164,14.5600004196167,14.84000015258789,1432188
2019-02-13,14.84000015258789,14.75,14.649999618530273,14.720000267028809,1890617
2019-02-14,14.720000267028809,14.8100004196167,14.350000381469727,14.479999542236328,1172431
2019-02-17,14.479999542236328,14.800000190734863,14.479999542236328,14.5600004196167,950350
2019-02-18,14.5600004196167,15.130000114440918,14.579999923706055,14.899999618530273,4328048
2019-02-19,14.899999618530273,15.84000015258789,15.300000190734863,15.5,4520254
2019-02-20,15.5,15.600000381469727,15.010000228881836,15.289999961853027,3494647
2019-02-21,15.289999961853027,15.25,14.5600004196167,14.84000015258789,4823586
2019-02-24,14.84000015258789,14.819999694824219,14.460000038146973,14.529999732971191,1514752
2019-02-25,14.529999732971191,14.609999656677246,14.380000114440918,14.470000267028809,1902559
2019-02-26,14.470000267028809,14.850000381469727,14.430000305175781,14.670000076293945,2477357
2019-02-27,14.670000076293945,14.930000305175781,14.520000457763672,14.789999961853027,3753041
2019-02-28,14.789999961853027,15.069999694824219,14.699999809265137,14.890000343322754,6092861
2019-03-03,14.890000343322754,14.850000381469727,14.529999732971191,14.649999618530273,445972
2019-03-04,14.649999618530273,14.800000190734863,14.430000305175781,14.59000015258789,1653508
2019-03-05,14.59000015258789,14.729999542236328,14.510000228881836,14.600000381469727,972226
2019-03-06,14.600000381469727,14.75,14.510000228881836,14.600000381469727,1007574
2019-03-07,14.600000381469727,14.9399995803833,14.619999885559082,14.800000190734863,3097259
2019-03-10,14.800000190734863,15.079999923706055,14.75,14.9399995803833,1666603
2019-03-11,14.9399995803833,15.050000190734863,14.65999984741211,14.770000457763672,1527752
2019-03-12,14.770000457763672,14.850000381469727,14.65999984741211,14.729999542236328,1661846
2019-03-13,14.729999542236328,14.720000267028809,14.529999732971191,14.640000343322754,4759568
2019-03-14,14.640000343322754,14.640000343322754,14.470000267028809,14.569999694824219,1347437
2019-03-17,14.569999694824219,14.649999618530273,14.489999771118164,14.520000457763672,77795
2019-03-18,14.520000457763672,14.59000015258789,14.390000343322754,14.5,518341
2019-03-19,14.5,14.670000076293945,14.199999809265137,14.319999694824219,540928
2019-03-20,14.319999694824219,14.380000114440918,14.050000190734863,14.25,1270034
2019-03-21,14.25,14.640000343322754,14.109999656677246,14.380000114440918,1359830
2019-03-24,14.380000114440918,14.619999885559082,14.260000228881836,14.460000038146973,1408838
2019-03-25,14.460000038146973,14.449999809265137,14.15999984741211,14.279999732971191,871055
2019-03-26,14.279999732971191,14.779999732971191,14.149999618530273,14.539999961853027,750126
2019-03-27,14.539999961853027,14.649999618530273,14.350000381469727,14.479999542236328,379673
2019-03-28,14.479999542236328,14.649999618530273,14.3100004196167,14.539999961853027,735905
2019-03-31,14.539999961853027,14.779999732971191,14.329999923706055,14.609999656677246,586405
2019-04-01,14.609999656677246,15.300000190734863,14.510000228881836,15.119999885559082,3978480
2019-04-02,15.119999885559082,15.180000305175781,14.850000381469727,14.970000267028809,441222
2019-04-03,14.970000267028809,15.069999694824219,14.84000015258789,14.930000305175781,452374
2019-04-04,14.930000305175781,15.140000343322754,14.899999618530273,15.029999732971191,576854
2019-04-07,15.029999732971191,15.0,14.819999694824219,14.890000343322754,139384
2019-04-08,14.890000343322754,14.859999656677246,14.539999961853027,14.739999771118164,577964
2019-04-09,14.739999771118164,14.789999961853027,14.5,14.649999618530273,308516
2019-04-10,14.649999618530273,15.0,14.520000457763672,14.880000114440918,726257
2019-04-11,14.880000114440918,14.880000114440918,14.699999809265137,14.770000457763672,238236
2019-04-14,14.770000457763672,14.9399995803833,14.550000190734863,14.729999542236328,156913
2019-04-15,14.729999542236328,14.6899995803833,14.550000190734863,14.600000381469727,936740
2019-04-16,14.600000381469727,14.600000381469727,14.199999809265137,14.359999656677246,572813
2019-04-17,14.359999656677246,14.420000076293945,14.100000381469727,14.25,703102
2019-04-18,14.25,14.510000228881836,14.149999618530273,14.430000305175781,896395
2019-04-21,14.430000305175781,14.319999694824219,14.15999984741211,14.239999771118164,158219
2019-04-22,14.239999771118164,14.300000190734863,13.949999809265137,14.170000076293945,238799
2019-04-23,14.170000076293945,14.15999984741211,13.9399995803833,14.050000190734863,96870
2019-04-24,14.050000190734863,14.199999809265137,13.90999984741211,14.100000381469727,1578290
2019-04-25,14.100000381469727,14.100000381469727,14.100000381469727,14.100000381469727,0
2019-04-28,14.100000381469727,14.100000381469727,14.100000381469727,14.100000381469727,0
2019-04-29,14.100000381469727,14.100000381469727,14.100000381469727,14.100000381469727,0
2019-04-30,14.100000381469727,14.220000267028809,14.0600004196167,14.119999885559082,431750
2019-05-01,14.119999885559082,14.119999885559082,14.119999885559082,14.119999885559082,0
2019-05-02,14.119999885559082,14.25,14.0600004196167,14.140000343322754,161116
2019-05-05,14.140000343322754,14.239999771118164,13.5,13.649999618530273,370839
2019-05-06,13.649999618530273,13.4399995803833,12.899999618530273,13.079999923706055,321003
2019-05-07,13.079999923706055,13.399999618530273,12.880000114440918,13.069999694824219,1002377
2019-05-08,13.069999694824219,13.0,12.600000381469727,12.779999732971191,250301
2019-05-09,12.779999732971191,12.9399995803833,12.600000381469727,12.680000305175781,697262
2019-05-12,12.680000305175781,13.0,12.699999809265137,12.880000114440918,531408
2019-05-13,12.880000114440918,13.100000381469727,12.550000190734863,12.8100004196167,1198704
2019-05-14,12.8100004196167,13.25,12.970000267028809,13.0600004196167,1370803
2019-05-15,13.0600004196167,13.25,12.720000267028809,12.960000038146973,308380
2019-05-16,12.960000038146973,13.079999923706055,12.699999809265137,12.8100004196167,367416
2019-05-19,12.8100004196167,12.989999771118164,12.6899995803833,12.760000228881836,346219
2019-05-20,12.760000228881836,12.789999961853027,12.4399995803833,12.529999732971191,424475
2019-05-21,12.529999732971191,12.9399995803833,12.5,12.819999694824219,607292
2019-05-22,12.819999694824219,13.199999809265137,12.949999809265137,13.020000457763672,1417824
2019-05-23,13.020000457763672,13.289999961853027,13.050000190734863,13.149999618530273,738342
2019-05-26,13.149999618530273,13.800000190734863,13.399999618530273,13.619999885559082,1026823
2019-05-27,13.619999885559082,13.649999618530273,13.430000305175781,13.5,581472
2019-05-28,13.5,13.970000267028809,13.5,13.770000457763672,1717856
2019-05-29,13.770000457763672,13.800000190734863,13.289999961853027,13.529999732971191,958717
2019-05-30,13.529999732971191,13.449999809265137,13.100000381469727,13.279999732971191,915462
2019-06-02,13.279999732971191,13.460000038146973,13.09000015258789,13.210000038146973,42688
2019-06-03,13.210000038146973,13.6899995803833,13.4399995803833,13.510000228881836,418324
2019-06-04,13.510000228881836,13.510000228881836,13.510000228881836,13.510000228881836,0
2019-06-05,13.510000228881836,13.510000228881836,13.510000228881836,13.510000228881836,0
2019-06-06,13.510000228881836,13.510000228881836,13.510000228881836,13.510000228881836,0
2019-06-09,13.510000228881836,13.699999809265137,13.5,13.579999923706055,300675
2019-06-10,13.579999923706055,14.279999732971191,13.649999618530273,14.09000015258789,1521601
2019-06-11,14.09000015258789,14.25,13.800000190734863,13.920000076293945,586360
2019-06-12,13.920000076293945,14.079999923706055,13.65999984741211,13.800000190734863,853575
2019-06-13,13.800000190734863,13.859999656677246,13.399999618530273,13.539999961853027,820354
2019-06-16,13.539999961853027,13.699999809265137,13.5,13.539999961853027,327821
2019-06-17,13.539999961853027,13.739999771118164,13.510000228881836,13.630000114440918,1646690
2019-06-18,13.630000114440918,13.539999961853027,13.329999923706055,13.420000076293945,1027430
2019-06-19,13.420000076293945,13.600000381469727,13.25,13.369999885559082,4067106
2019-06-20,13.369999885559082,13.579999923706055,13.199999809265137,13.460000038146973,511706
2019-06-23,13.460000038146973,13.5,13.229999542236328,13.390000343322754,185078
2019-06-24,13.390000343322754,13.550000190734863,13.300000190734863,13.479999542236328,820265
2019-06-25,13.479999542236328,13.640000343322754,13.239999771118164,13.479999542236328,573055
2019-06-26,13.479999542236328,13.850000381469727,13.539999961853027,13.720000267028809,546080
2019-06-27,13.720000267028809,14.0,13.649999618530273,13.890000343322754,664896
2019-06-30,13.890000343322754,13.890000343322754,13.890000343322754,13.890000343322754,0
2019-07-01,13.890000343322754,13.890000343322754,13.890000343322754,13.890000343322754,0
2019-07-02,13.890000343322754,14.649999618530273,13.75,14.279999732971191,1649067
2019-07-03,14.279999732971191,14.899999618530273,14.399999618530273,14.729999542236328,1500809
2019-07-04,14.729999542236328,14.699999809265137,14.25,14.529999732971191,664941
2019-07-07,14.529999732971191,14.779999732971191,14.3100004196167,14.449999809265137,269518
2019-07-08,14.449999809265137,14.699999809265137,14.319999694824219,14.59000015258789,1615836
2019-07-09,14.59000015258789,14.630000114440918,14.300000190734863,14.399999618530273,179795
2019-07-10,14.399999618530273,14.449999809265137,14.25,14.369999885559082,725684
2019-07-11,14.369999885559082,14.350000381469727,14.0,14.260000228881836,2081905
2019-07-14,14.260000228881836,14.279999732971191,13.819999694824219,13.979999542236328,197273
2019-07-15,13.979999542236328,13.979999542236328,13.529999732971191,13.649999618530273,1513437
2019-07-16,13.649999618530273,14.09000015258789,13.699999809265137,13.90999984741211,601111
2019-07-17,13.90999984741211,14.260000228881836,13.949999809265137,14.050000190734863,1675483
2019-07-18,14.050000190734863,14.149999618530273,14.050000190734863,14.079999923706055,971123
2019-07-21,14.079999923706055,14.09000015258789,13.899999618530273,13.989999771118164,189581
2019-07-22,13.989999771118164,14.09000015258789,13.930000305175781,14.039999961853027,87768
2019-07-23,14.039999961853027,14.039999961853027,14.039999961853027,14.039999961853027,0
2019-07-24,14.039999961853027,14.039999961853027,13.899999618530273,14.0,119226
2019-07-25,14.0,14.069999694824219,13.899999618530273,14.010000228881836,233531
2019-07-28,14.010000228881836,14.010000228881836,13.829999923706055,13.960000038146973,156558
2019-07-29,13.960000038146973,14.010000228881836,13.550000190734863,13.970000267028809,2254806
2019-07-30,13.970000267028809,14.199999809265137,13.899999618530273,14.020000457763672,2938084
2019-07-31,14.020000457763672,14.0600004196167,13.869999885559082,14.0,2406639
2019-08-01,14.0,14.149999618530273,14.0,14.050000190734863,477038
2019-08-04,14.050000190734863,14.25,14.100000381469727,14.1899995803833,196167
2019-08-05,14.1899995803833,14.350000381469727,14.0,14.100000381469727,902848
2019-08-06,14.100000381469727,14.380000114440918,14.170000076293945,14.220000267028809,1429158
2019-08-07,14.220000267028809,14.390000343322754,14.199999809265137,14.289999961853027,1873683
2019-08-08,14.289999961853027,14.789999961853027,14.399999618530273,14.539999961853027,1240254
2019-08-11,14.539999961853027,14.539999961853027,14.539999961853027,14.539999961853027,0
2019-08-12,14.539999961853027,14.539999961853027,14.539999961853027,14.539999961853027,0
2019-08-13,14.539999961853027,14.539999961853027,14.539999961853027,14.539999961853027,0
2019-08-14,14.539999961853027,14.670000076293945,14.380000114440918,14.550000190734863,1064905
2019-08-15,14.550000190734863,14.399999618530273,13.800000190734863,14.0,2503146
2019-08-18,14.0,14.420000076293945,14.0,14.100000381469727,186454
2019-08-19,14.100000381469727,14.039999961853027,12.989999771118164,13.369999885559082,6370470
2019-08-20,13.369999885559082,13.59000015258789,13.300000190734863,13.449999809265137,1668891
2019-08-21,13.449999809265137,13.65999984741211,13.300000190734863,13.449999809265137,1220453
2019-08-22,13.449999809265137,13.600000381469727,13.399999618530273,13.470000267028809,690304
2019-08-25,13.470000267028809,13.6899995803833,13.420000076293945,13.479999542236328,576688
2019-08-26,13.479999542236328,13.550000190734863,13.329999923706055,13.420000076293945,495545
2019-08-27,13.420000076293945,13.640000343322754,13.359999656677246,13.520000457763672,762382
2019-08-28,13.520000457763672,13.579999923706055,13.380000114440918,13.470000267028809,887853
2019-08-29,13.470000267028809,13.539999961853027,13.3100004196167,13.470000267028809,2581826
2019-09-01,13.470000267028809,13.470000267028809,13.470000267028809,13.470000267028809,0
2019-09-02,13.489999771118164,13.550000190734863,13.329999923706055,13.40999984741211,1056991
2019-09-03,13.40999984741211,13.350000381469727,13.0,13.180000305175781,2157922
2019-09-04,13.180000305175781,13.15999984741211,12.880000114440918,12.960000038146973,2610477
2019-09-05,12.960000038146973,13.079999923706055,12.899999618530273,12.960000038146973,765780
2019-09-08,12.960000038146973,12.979999542236328,12.760000228881836,12.869999885559082,912968
2019-09-09,12.869999885559082,12.899999618530273,12.770000457763672,12.829999923706055,1517767
2019-09-10,12.829999923706055,12.960000038146973,12.850000381469727,12.899999618530273,1046479
2019-09-11,12.899999618530273,12.90999984741211,12.84000015258789,12.869999885559082,573467
2019-09-12,12.869999885559082,13.300000190734863,12.829999923706055,12.930000305175781,1921949
2019-09-15,12.930000305175781,12.949999809265137,12.579999923706055,12.720000267028809,1045382
2019-09-16,12.720000267028809,12.6899995803833,12.460000038146973,12.510000228881836,2183524
2019-09-17,12.510000228881836,12.949999809265137,12.5,12.729999542236328,2604120
2019-09-18,12.729999542236328,12.770000457763672,12.510000228881836,12.619999885559082,589418
2019-09-19,12.619999885559082,12.899999618530273,12.649999618530273,12.770000457763672,902124
2019-09-22,12.770000457763672,12.550000190734863,11.800000190734863,12.229999542236328,2785896
2019-09-23,12.229999542236328,12.119999885559082,11.300000190734863,11.729999542236328,1687041
2019-09-24,11.729999542236328,11.649999618530273,11.199999809265137,11.380000114440918,1001883
2019-09-25,11.380000114440918,11.65999984741211,11.270000457763672,11.489999771118164,1314213
2019-09-26,11.489999771118164,11.890000343322754,11.5,11.699999809265137,1149997
2019-09-29,11.699999809265137,12.300000190734863,11.850000381469727,12.010000228881836,963913
2019-09-30,12.010000228881836,12.020000457763672,11.899999618530273,11.989999771118164,1595519
2019-10-01,11.989999771118164,12.1899995803833,11.8100004196167,11.989999771118164,1486047
2019-10-02,11.989999771118164,11.970000267028809,11.640000343322754,11.760000228881836,1209765
2019-10-03,11.760000228881836,11.979999542236328,11.600000381469727,11.729999542236328,1339393
2019-10-07,11.729999542236328,12.09000015258789,11.800000190734863,11.920000076293945,1974792
2019-10-08,11.920000076293945,11.920000076293945,11.729999542236328,11.8100004196167,1461365
2019-10-09,11.8100004196167,11.800000190734863,11.630000114440918,11.739999771118164,730693
2019-10-10,11.739999771118164,11.850000381469727,11.680000305175781,11.8100004196167,1925281
2019-10-13,11.8100004196167,11.720000267028809,11.600000381469727,11.649999618530273,203549
2019-10-14,11.649999618530273,11.699999809265137,11.329999923706055,11.470000267028809,373685
2019-10-15,11.470000267028809,11.350000381469727,11.15999984741211,11.229999542236328,518400
2019-10-16,11.229999542236328,11.350000381469727,11.149999618530273,11.210000038146973,2181120
2019-10-17,11.210000038146973,11.300000190734863,11.029999732971191,11.199999809265137,1202149
2019-10-20,11.199999809265137,11.300000190734863,11.15999984741211,11.220000267028809,517144
2019-10-21,11.220000267028809,11.199999809265137,11.119999885559082,11.170000076293945,572289
2019-10-22,11.170000076293945,11.229999542236328,11.0600004196167,11.109999656677246,1146747
2019-10-23,11.109999656677246,11.09000015258789,10.949999809265137,11.0,1139987
2019-10-24,11.0,11.0,10.9399995803833,10.989999771118164,1070435
2019-10-27,10.989999771118164,11.069999694824219,10.970000267028809,11.0,577312
2019-10-28,11.020000457763672,11.199999809265137,11.020000457763672,11.109999656677246,844411
2019-10-29,11.109999656677246,11.25,11.100000381469727,11.180000305175781,1493407
2019-10-30,11.180000305175781,11.399999618530273,11.170000076293945,11.260000228881836,3118990
2019-10-31,11.260000228881836,11.720000267028809,11.260000228881836,11.529999732971191,5698361
2019-11-03,11.529999732971191,11.710000038146973,11.529999732971191,11.619999885559082,1234089
2019-11-04,11.619999885559082,11.640000343322754,11.34000015258789,11.449999809265137,1054848
2019-11-05,11.449999809265137,11.5,11.350000381469727,11.40999984741211,817865
2019-11-06,11.40999984741211,11.40999984741211,11.289999961853027,11.329999923706055,516261
2019-11-07,11.329999923706055,11.739999771118164,11.329999923706055,11.600000381469727,1708692
2019-11-11,11.600000381469727,11.6899995803833,11.5,11.59000015258789,971355
2019-11-12,11.59000015258789,11.630000114440918,11.34000015258789,11.449999809265137,678579
2019-11-13,11.449999809265137,11.479999542236328,11.3100004196167,11.369999885559082,225705
2019-11-14,11.369999885559082,11.449999809265137,10.989999771118164,11.119999885559082,2103416
2019-11-17,11.119999885559082,11.279999732971191,10.920000076293945,11.010000228881836,861990
2019-11-18,11.010000228881836,11.0,10.699999809265137,10.84000015258789,1720324
2019-11-19,10.84000015258789,10.989999771118164,10.5,10.600000381469727,3021290
2019-11-20,10.600000381469727,10.65999984741211,10.399999618530273,10.5,2135856
2019-11-21,10.5,10.65999984741211,10.460000038146973,10.59000015258789,798569
2019-11-24,10.59000015258789,10.609999656677246,10.449999809265137,10.539999961853027,246901
2019-11-25,10.539999961853027,10.569999694824219,10.399999618530273,10.460000038146973,186181
2019-11-26,10.460000038146973,10.449999809265137,10.300000190734863,10.369999885559082,1171172
2019-11-27,10.369999885559082,10.4399995803833,10.300000190734863,10.380000114440918,203725
2019-11-28,10.380000114440918,10.550000190734863,10.380000114440918,10.460000038146973,375849
2019-12-01,10.460000038146973,10.5,10.199999809265137,10.350000381469727,435637
2019-12-02,10.350000381469727,10.399999618530273,10.119999885559082,10.210000038146973,1646535
2019-12-03,10.210000038146973,10.300000190734863,10.100000381469727,10.220000267028809,1473032
2019-12-04,10.220000267028809,10.520000457763672,10.220000267028809,10.390000343322754,1286814
2019-12-05,10.390000343322754,10.600000381469727,10.399999618530273,10.4399995803833,666870
2019-12-08,10.4399995803833,10.529999732971191,10.300000190734863,10.40999984741211,103136
2019-12-09,10.40999984741211,10.4399995803833,10.300000190734863,10.390000343322754,333313
2019-12-10,10.390000343322754,10.4399995803833,10.350000381469727,10.399999618530273,243420
2019-12-11,10.399999618530273,10.449999809265137,10.3100004196167,10.380000114440918,668408
2019-12-12,10.380000114440918,10.470000267028809,10.229999542236328,10.34000015258789,323533
2019-12-15,10.34000015258789,10.399999618530273,10.3100004196167,10.380000114440918,211051
2019-12-16,10.380000114440918,10.399999618530273,10.229999542236328,10.300000190734863,445976
2019-12-17,10.300000190734863,10.649999618530273,10.229999542236328,10.520000457763672,665279
2019-12-18,10.520000457763672,10.75,10.529999732971191,10.649999618530273,1529202
2019-12-19,10.649999618530273,10.739999771118164,10.510000228881836,10.670000076293945,504801
2019-12-22,10.670000076293945,10.699999809265137,10.5,10.670000076293945,85864
2019-12-23,10.670000076293945,10.699999809265137,10.460000038146973,10.569999694824219,264680
2019-12-24,10.569999694824219,10.5600004196167,10.300000190734863,10.369999885559082,261758
2019-12-25,10.369999885559082,10.5,10.319999694824219,10.460000038146973,131095
2019-12-26,10.460000038146973,10.399999618530273,10.15999984741211,10.229999542236328,942491
2019-12-29,10.229999542236328,10.300000190734863,10.119999885559082,10.1899995803833,799698
2019-12-30,10.1899995803833,10.210000038146973,10.0,10.09000015258789,2105276
2019-12-31,10.09000015258789,10.229999542236328,10.0,10.0600004196167,1528881
2020-01-02,10.0600004196167,10.25,10.109999656677246,10.1899995803833,67743
2020-01-05,10.1899995803833,10.0,9.180000305175781,9.329999923706055,3167765
2020-01-06,9.329999923706055,9.430000305175781,8.800000190734863,9.239999771118164,889321
2020-01-08,9.239999771118164,9.600000381469727,9.010000228881836,9.420000076293945,1080145
2020-01-09,9.420000076293945,9.789999961853027,9.460000038146973,9.600000381469727,1025752
2020-01-12,9.600000381469727,9.800000190734863,9.5600004196167,9.649999618530273,310186
2020-01-13,9.649999618530273,9.789999961853027,9.40999984741211,9.550000190734863,823591
2020-01-14,9.550000190734863,9.699999809265137,9.399999618530273,9.520000457763672,1003726
2020-01-15,9.520000457763672,9.680000305175781,9.40999984741211,9.470000267028809,2708434
2020-01-16,9.470000267028809,9.59000015258789,9.430000305175781,9.489999771118164,296888
2020-01-19,9.489999771118164,9.569999694824219,9.350000381469727,9.40999984741211,228894
2020-01-20,9.40999984741211,9.529999732971191,9.300000190734863,9.420000076293945,1090777
2020-01-21,9.420000076293945,9.430000305175781,9.210000038146973,9.34000015258789,973652
2020-01-22,9.34000015258789,9.5,9.270000457763672,9.369999885559082,678046
2020-01-23,9.369999885559082,9.899999618530273,9.640000343322754,9.800000190734863,3365023
2020-01-26,9.800000190734863,9.899999618530273,9.600000381469727,9.65999984741211,407143
2020-01-27,9.65999984741211,9.710000038146973,9.510000228881836,9.609999656677246,697907
2020-01-28,9.609999656677246,10.569999694824219,9.789999961853027,10.199999809265137,4307163
2020-01-29,10.199999809265137,10.199999809265137,10.199999809265137,10.199999809265137,0
2020-01-30,11.220000267028809,12.34000015258789,12.34000015258789,12.34000015258789,283475
2020-02-02,12.34000015258789,14.920000076293945,13.399999618530273,13.850000381469727,22332155
2020-02-03,13.850000381469727,13.550000190734863,12.680000305175781,12.970000267028809,3210901
2020-02-04,12.970000267028809,13.369999885559082,12.600000381469727,13.109999656677246,4896211
2020-02-05,13.109999656677246,14.420000076293945,13.4399995803833,13.8100004196167,7139319
2020-02-06,13.8100004196167,13.8100004196167,13.8100004196167,13.8100004196167,0
2020-02-09,14.100000381469727,14.100000381469727,13.640000343322754,13.8100004196167,896849
2020-02-10,13.8100004196167,13.75,13.1899995803833,13.40999984741211,1583077
2020-02-11,13.40999984741211,13.649999618530273,12.899999618530273,13.149999618530273,2310771
2020-02-12,13.149999618530273,13.149999618530273,12.8100004196167,12.930000305175781,1201525
2020-02-13,12.930000305175781,13.199999809265137,12.8100004196167,13.029999732971191,942056
2020-02-16,13.029999732971191,12.829999923706055,11.819999694824219,12.34000015258789,2106458
2020-02-17,12.34000015258789,12.670000076293945,12.100000381469727,12.420000076293945,1986146
2020-02-18,12.420000076293945,12.600000381469727,11.850000381469727,12.119999885559082,1996381
2020-02-19,12.119999885559082,12.199999809265137,11.949999809265137,12.09000015258789,1081819
2020-02-20,12.09000015258789,12.399999618530273,12.130000114440918,12.25,1698275
2020-02-23,12.25,12.270000457763672,11.869999885559082,11.989999771118164,490201
2020-02-24,11.989999771118164,11.989999771118164,11.989999771118164,11.989999771118164,0
2020-02-25,11.6899995803833,11.920000076293945,11.430000305175781,11.760000228881836,1273929
2020-02-26,11.760000228881836,11.760000228881836,11.760000228881836,11.760000228881836,0
2020-02-27,12.1899995803833,12.489999771118164,12.109999656677246,12.270000457763672,2669792
2020-03-01,12.270000457763672,11.960000038146973,11.359999656677246,11.680000305175781,965106
2020-03-02,11.680000305175781,12.239999771118164,11.800000190734863,11.979999542236328,5715753
2020-03-03,11.979999542236328,11.979999542236328,11.979999542236328,11.979999542236328,0
2020-03-04,12.020000457763672,12.0,11.760000228881836,11.8100004196167,655124
2020-03-05,11.8100004196167,12.170000076293945,11.899999618530273,12.0,2373968
2020-03-08,12.0,11.75,11.329999923706055,11.5,548056
2020-03-09,11.5,11.069999694824219,10.350000381469727,10.399999618530273,2883717
2020-03-10,10.399999618530273,11.15999984741211,10.399999618530273,10.770000457763672,1749620
2020-03-11,10.770000457763672,11.100000381469727,10.470000267028809,10.720000267028809,1428300
2020-03-15,10.720000267028809,10.199999809265137,9.65999984741211,9.890000343322754,759394
2020-03-16,9.890000343322754,9.710000038146973,9.020000457763672,9.239999771118164,987063
2020-03-17,9.239999771118164,9.25,8.319999694824219,8.5600004196167,1609328
2020-03-18,8.5600004196167,8.989999771118164,7.710000038146973,7.989999771118164,1034842
2020-03-19,7.989999771118164,8.779999732971191,7.400000095367432,8.569999694824219,1107213
2020-03-22,8.569999694824219,9.420000076293945,8.789999961853027,9.390000343322754,1949543
2020-03-23,9.390000343322754,10.319999694824219,9.899999618530273,10.109999656677246,1535694
2020-03-24,10.109999656677246,10.880000114440918,9.699999809265137,10.229999542236328,867151
2020-03-25,10.229999542236328,10.6899995803833,10.15999984741211,10.319999694824219,1396431
2020-03-26,10.319999694824219,10.520000457763672,10.199999809265137,10.430000305175781,993233
2020-03-29,10.430000305175781,10.5,10.25,10.430000305175781,269730
2020-03-30,10.430000305175781,10.300000190734863,10.119999885559082,10.25,537676
2020-03-31,10.25,10.600000381469727,10.25,10.5,572295
2020-04-01,10.5,10.640000343322754,10.300000190734863,10.5,570678
2020-04-02,10.5,10.699999809265137,10.529999732971191,10.630000114440918,666111
2020-04-05,10.630000114440918,10.350000381469727,9.569999694824219,9.649999618530273,1364838
2020-04-06,9.649999618530273,9.649999618530273,9.300000190734863,9.520000457763672,2986276
2020-04-07,9.520000457763672,9.979999542236328,9.649999618530273,9.819999694824219,1544691
2020-04-08,9.819999694824219,10.079999923706055,9.800000190734863,9.970000267028809,1103131
2020-04-09,9.970000267028809,10.100000381469727,9.770000457763672,9.949999809265137,563615
2020-04-12,9.949999809265137,9.970000267028809,9.75,9.84000015258789,211183
2020-04-13,9.84000015258789,10.25,10.0,10.119999885559082,1156771
2020-04-14,10.119999885559082,10.369999885559082,10.180000305175781,10.260000228881836,969718
2020-04-15,10.260000228881836,10.270000457763672,9.75,9.890000343322754,3559277
2020-04-16,9.890000343322754,9.859999656677246,9.5,9.729999542236328,934617
2020-04-21,9.729999542236328,9.760000228881836,9.5600004196167,9.670000076293945,1329555
2020-04-22,9.670000076293945,9.899999618530273,9.600000381469727,9.779999732971191,1029389
2020-04-23,9.779999732971191,9.989999771118164,9.800000190734863,9.930000305175781,643814
2020-04-26,9.930000305175781,10.300000190734863,10.0,10.1899995803833,1378519
2020-04-27,10.1899995803833,10.350000381469727,9.979999542236328,10.069999694824219,1442014
2020-04-28,10.069999694824219,10.899999618530273,10.199999809265137,10.609999656677246,3697545
2020-04-29,10.609999656677246,10.970000267028809,10.609999656677246,10.779999732971191,1001268
2020-04-30,10.779999732971191,10.850000381469727,10.649999618530273,10.789999961853027,624862
2020-05-03,10.789999961853027,10.829999923706055,10.300000190734863,10.520000457763672,1410111
2020-05-04,10.520000457763672,10.550000190734863,10.210000038146973,10.390000343322754,933004
2020-05-05,10.390000343322754,11.0,10.399999618530273,10.699999809265137,877839
2020-05-06,10.699999809265137,10.930000305175781,10.699999809265137,10.829999923706055,462483
2020-05-07,10.829999923706055,10.890000343322754,10.15999984741211,10.539999961853027,2026514
2020-05-10,10.539999961853027,11.109999656677246,10.4399995803833,10.859999656677246,1044468
2020-05-11,10.859999656677246,11.0,10.600000381469727,10.75,1477536
2020-05-12,10.75,11.199999809265137,10.800000190734863,10.880000114440918,815145
2020-05-13,10.880000114440918,10.850000381469727,10.609999656677246,10.699999809265137,1240585
2020-05-14,10.699999809265137,10.699999809265137,10.5,10.550000190734863,994390
2020-05-17,10.550000190734863,10.899999618530273,10.649999618530273,10.800000190734863,323907
2020-05-18,10.800000190734863,10.9399995803833,10.699999809265137,10.770000457763672,1492346
2020-05-19,10.770000457763672,11.15999984741211,10.800000190734863,11.029999732971191,1665321
2020-05-20,11.029999732971191,11.140000343322754,10.899999618530273,10.989999771118164,424481
2020-05-21,10.989999771118164,10.899999618530273,10.710000038146973,10.800000190734863,1396310
2020-05-31,10.800000190734863,11.199999809265137,10.90999984741211,11.020000457763672,842779
2020-06-01,11.020000457763672,12.119999885559082,11.0,11.829999923706055,5765006
2020-06-02,11.829999923706055,12.5,11.949999809265137,12.199999809265137,2719159
2020-06-03,12.199999809265137,12.399999618530273,11.949999809265137,12.109999656677246,2142044
2020-06-04,12.109999656677246,12.390000343322754,11.9399995803833,12.149999618530273,2656831
2020-06-07,12.149999618530273,12.479999542236328,12.170000076293945,12.300000190734863,1887801
2020-06-08,12.300000190734863,12.4399995803833,12.0,12.229999542236328,2162864
2020-06-09,12.229999542236328,12.369999885559082,12.010000228881836,12.180000305175781,744550
2020-06-10,12.180000305175781,12.800000190734863,12.100000381469727,12.5600004196167,4082943
2020-06-11,12.5600004196167,12.600000381469727,12.270000457763672,12.40999984741211,2350133
2020-06-14,12.40999984741211,12.600000381469727,12.100000381469727,12.34000015258789,1511169
2020-06-15,12.34000015258789,12.739999771118164,12.289999961853027,12.600000381469727,937059
2020-06-16,12.600000381469727,12.800000190734863,12.520000457763672,12.609999656677246,1358508
2020-06-17,12.609999656677246,12.640000343322754,12.300000190734863,12.4399995803833,1077018
2020-06-18,12.4399995803833,12.369999885559082,12.100000381469727,12.1899995803833,1720789
2020-06-21,12.1899995803833,12.260000228881836,12.0,12.15999984741211,439489
2020-06-22,12.15999984741211,12.399999618530273,12.170000076293945,12.270000457763672,642558
2020-06-23,12.270000457763672,12.5600004196167,12.229999542236328,12.470000267028809,2921079
2020-06-24,12.470000267028809,13.489999771118164,12.550000190734863,12.989999771118164,2576837
2020-06-25,12.989999771118164,13.170000076293945,12.800000190734863,12.930000305175781,1512247
2020-06-28,12.930000305175781,13.079999923706055,12.8100004196167,12.970000267028809,744250
2020-06-29,12.970000267028809,13.25,12.819999694824219,13.039999961853027,1203176
2020-06-30,13.039999961853027,13.449999809265137,13.100000381469727,13.329999923706055,2683179
2020-07-05,13.329999923706055,13.739999771118164,13.40999984741211,13.619999885559082,1584923
2020-07-06,13.619999885559082,13.899999618530273,13.520000457763672,13.670000076293945,3246796
2020-07-07,13.670000076293945,14.1899995803833,13.850000381469727,13.989999771118164,2168351
2020-07-08,13.989999771118164,14.100000381469727,13.770000457763672,13.90999984741211,1548878
2020-07-09,13.90999984741211,13.899999618530273,13.600000381469727,13.710000038146973,2349869
2020-07-12,13.710000038146973,13.670000076293945,13.40999984741211,13.5600004196167,1155325
2020-07-13,13.5600004196167,13.649999618530273,13.029999732971191,13.3100004196167,2726633
2020-07-14,13.3100004196167,13.300000190734863,13.050000190734863,13.15999984741211,240234
2020-07-15,13.15999984741211,13.300000190734863,12.220000267028809,12.819999694824219,1776308
2020-07-16,12.819999694824219,12.979999542236328,12.399999618530273,12.800000190734863,372678
2020-07-19,12.800000190734863,12.949999809265137,12.430000305175781,12.59000015258789,72837
2020-07-20,12.59000015258789,12.729999542236328,12.430000305175781,12.579999923706055,338365
2020-07-21,12.579999923706055,12.979999542236328,12.5,12.760000228881836,714772
2020-07-22,12.760000228881836,12.789999961853027,12.550000190734863,12.59000015258789,279850
2020-07-26,12.59000015258789,13.039999961853027,12.630000114440918,12.899999618530273,572404
2020-07-27,12.899999618530273,13.0,12.850000381469727,12.920000076293945,521956
2020-07-28,12.920000076293945,13.0,12.84000015258789,12.890000343322754,179967
2020-07-29,12.890000343322754,13.010000228881836,12.899999618530273,12.920000076293945,258064
2020-08-04,12.920000076293945,13.300000190734863,13.0,13.15999984741211,849283
2020-08-05,13.15999984741211,13.199999809265137,12.899999618530273,13.010000228881836,424715
2020-08-06,13.010000228881836,13.109999656677246,12.920000076293945,13.010000228881836,609148
2020-08-09,13.010000228881836,13.180000305175781,13.0,13.100000381469727,739275
2020-08-10,13.100000381469727,13.199999809265137,12.970000267028809,13.09000015258789,1573769
2020-08-11,13.09000015258789,13.300000190734863,13.0,13.079999923706055,1341588
2020-08-12,13.079999923706055,13.300000190734863,13.069999694824219,13.15999984741211,574738
2020-08-13,13.15999984741211,13.399999618530273,13.050000190734863,13.170000076293945,1494562
2020-08-16,13.170000076293945,13.350000381469727,13.100000381469727,13.25,1056453
2020-08-17,13.25,13.350000381469727,13.079999923706055,13.1899995803833,723040
2020-08-18,13.1899995803833,13.1899995803833,13.050000190734863,13.100000381469727,193876
2020-08-19,13.100000381469727,13.199999809265137,13.0600004196167,13.130000114440918,204985
2020-08-23,13.130000114440918,13.600000381469727,13.149999618530273,13.420000076293945,2033333
2020-08-24,13.420000076293945,13.850000381469727,13.529999732971191,13.65999984741211,2261262
2020-08-25,13.65999984741211,13.739999771118164,13.399999618530273,13.5600004196167,1258322
2020-08-26,13.5600004196167,13.75,13.430000305175781,13.539999961853027,692712
2020-08-27,13.539999961853027,13.649999618530273,13.470000267028809,13.520000457763672,1209422
2020-08-30,13.520000457763672,13.600000381469727,13.3100004196167,13.449999809265137,1145717
2020-08-31,13.449999809265137,13.569999694824219,13.380000114440918,13.479999542236328,1408259
2020-09-01,13.479999542236328,14.149999618530273,13.380000114440918,13.880000114440918,2615186
2020-09-02,13.880000114440918,14.489999771118164,13.989999771118164,14.270000457763672,4049094
2020-09-03,14.270000457763672,14.34000015258789,13.65999984741211,13.989999771118164,2316341
2020-09-06,13.989999771118164,14.550000190734863,13.789999961853027,14.279999732971191,3080022
2020-09-07,14.279999732971191,14.800000190734863,14.260000228881836,14.609999656677246,2364620
2020-09-08,14.609999656677246,13.949999809265137,13.300000190734863,13.579999923706055,6869973
2020-09-09,13.579999923706055,13.579999923706055,13.579999923706055,13.579999923706055,0
2020-09-10,13.0,13.199999809265137,12.819999694824219,13.0,1637941
2020-09-13,13.0,12.850000381469727,12.0,12.239999771118164,4085638
2020-09-14,12.239999771118164,12.449999809265137,12.25,12.3100004196167,1235507
2020-09-15,12.3100004196167,12.609999656677246,12.260000228881836,12.420000076293945,1773086
2020-09-16,12.420000076293945,12.399999618530273,12.25,12.319999694824219,843981
2020-09-17,12.319999694824219,12.300000190734863,11.819999694824219,12.029999732971191,2235555
2020-09-20,12.029999732971191,12.0600004196167,11.800000190734863,11.930000305175781,535360
2020-09-21,11.930000305175781,12.239999771118164,11.399999618530273,11.729999542236328,3250310
2020-09-22,11.729999542236328,11.989999771118164,11.449999809265137,11.789999961853027,1491520
2020-09-23,11.789999961853027,12.069999694824219,11.520000457763672,11.770000457763672,931737
2020-09-24,11.770000457763672,11.729999542236328,11.430000305175781,11.5600004196167,1063544
2020-09-27,11.5600004196167,11.800000190734863,11.539999961853027,11.680000305175781,520647
2020-09-28,11.680000305175781,11.899999618530273,11.600000381469727,11.710000038146973,500235
2020-09-29,11.710000038146973,11.979999542236328,11.539999961853027,11.729999542236328,1349963
2020-09-30,11.729999542236328,11.899999618530273,11.529999732971191,11.699999809265137,1012160
2020-10-01,11.699999809265137,12.0,11.649999618530273,11.899999618530273,1283596
2020-10-04,11.899999618530273,12.100000381469727,11.829999923706055,11.9399995803833,917953
2020-10-05,11.9399995803833,12.180000305175781,11.800000190734863,11.970000267028809,1689714
2020-10-06,11.970000267028809,11.970000267028809,11.970000267028809,11.970000267028809,0
2020-10-07,12.210000038146973,12.529999732971191,12.199999809265137,12.380000114440918,2359754
2020-10-11,12.380000114440918,12.609999656677246,12.300000190734863,12.5,4080927
2020-10-12,12.5,12.699999809265137,12.449999809265137,12.600000381469727,1737728
2020-10-13,12.600000381469727,12.75,12.470000267028809,12.59000015258789,1065394
2020-10-14,12.59000015258789,12.720000267028809,12.520000457763672,12.630000114440918,856925
2020-10-15,12.630000114440918,12.600000381469727,12.300000190734863,12.4399995803833,667269
2020-10-18,12.4399995803833,12.5,12.130000114440918,12.300000190734863,260205
2020-10-19,12.300000190734863,12.5,12.199999809265137,12.40999984741211,485017
2020-10-20,12.40999984741211,12.369999885559082,12.170000076293945,12.270000457763672,549516
2020-10-21,12.270000457763672,12.489999771118164,12.109999656677246,12.34000015258789,1029200
2020-10-22,12.34000015258789,12.300000190734863,11.9399995803833,12.039999961853027,655681
2020-10-25,12.039999961853027,12.029999732971191,11.800000190734863,11.9399995803833,432901
2020-10-26,11.9399995803833,12.199999809265137,11.800000190734863,12.020000457763672,581989
2020-10-27,12.020000457763672,12.399999618530273,11.930000305175781,12.1899995803833,1374365
2020-10-28,12.1899995803833,12.279999732971191,11.699999809265137,11.84000015258789,1425483
2020-11-01,11.84000015258789,12.220000267028809,11.550000190734863,12.069999694824219,1208720
2020-11-02,12.069999694824219,12.3100004196167,12.0,12.170000076293945,1738551
2020-11-03,12.170000076293945,12.260000228881836,12.0,12.149999618530273,578137
2020-11-04,12.149999618530273,12.520000457763672,12.25,12.4399995803833,1483060
2020-11-05,12.4399995803833,12.579999923706055,12.300000190734863,12.470000267028809,448775
2020-11-08,12.470000267028809,12.75,12.25,12.5,1333453
2020-11-09,12.5,12.600000381469727,12.3100004196167,12.470000267028809,1003090
2020-11-10,12.470000267028809,12.770000457763672,12.5,12.640000343322754,2082120
2020-11-11,12.640000343322754,12.699999809265137,12.300000190734863,12.4399995803833,2065703
2020-11-12,12.4399995803833,12.5,12.199999809265137,12.3100004196167,978060
2020-11-15,12.3100004196167,12.319999694824219,12.100000381469727,12.15999984741211,604405
2020-11-16,12.15999984741211,12.5600004196167,12.149999618530273,12.4399995803833,2679631
2020-11-17,12.4399995803833,12.920000076293945,12.550000190734863,12.6899995803833,4328340
2020-11-18,12.6899995803833,12.899999618530273,12.600000381469727,12.760000228881836,3201032
2020-11-19,12.760000228881836,12.779999732971191,12.449999809265137,12.550000190734863,1824217
2020-11-22,12.550000190734863,12.819999694824219,12.460000038146973,12.6899995803833,1093408
2020-11-23,12.6899995803833,12.869999885559082,12.5600004196167,12.770000457763672,2106296
2020-11-24,12.770000457763672,13.0,12.75,12.880000114440918,3468716
2020-11-25,12.880000114440918,13.140000343322754,12.760000228881836,12.899999618530273,2971123
2020-11-26,12.899999618530273,12.960000038146973,12.510000228881836,12.779999732971191,708637
2020-11-29,12.779999732971191,12.9399995803833,12.489999771118164,12.600000381469727,1835868
2020-11-30,12.600000381469727,12.729999542236328,12.569999694824219,12.65999984741211,1600446
2020-12-01,12.65999984741211,13.300000190734863,12.59000015258789,12.920000076293945,4543910
2020-12-02,12.920000076293945,13.289999961853027,12.649999618530273,12.890000343322754,3503105
2020-12-03,12.890000343322754,12.880000114440918,12.680000305175781,12.760000228881836,1002975
2020-12-06,12.760000228881836,12.899999618530273,12.699999809265137,12.770000457763672,503672
2020-12-07,12.770000457763672,12.800000190734863,12.600000381469727,12.699999809265137,741444
2020-12-08,12.699999809265137,12.800000190734863,12.550000190734863,12.6899995803833,1393001
2020-12-09,12.6899995803833,12.699999809265137,12.359999656677246,12.520000457763672,1705147
2020-12-10,12.520000457763672,12.569999694824219,12.279999732971191,12.369999885559082,1519249
2020-12-13,12.369999885559082,12.5,12.199999809265137,12.350000381469727,543013
2020-12-14,12.350000381469727,12.5,12.229999542236328,12.380000114440918,1293886
2020-12-15,12.380000114440918,12.4399995803833,12.199999809265137,12.3100004196167,572742
2020-12-16,12.3100004196167,12.3100004196167,12.069999694824219,12.170000076293945,1178862
2020-12-17,12.170000076293945,12.199999809265137,11.949999809265137,12.0600004196167,1128655
2020-12-20,12.0600004196167,12.369999885559082,12.020000457763672,12.229999542236328,1667463
2020-12-21,12.229999542236328,12.229999542236328,11.210000038146973,11.510000228881836,3357238
2020-12-22,11.510000228881836,11.75,11.300000190734863,11.600000381469727,890639
2020-12-23,11.600000381469727,11.699999809265137,11.470000267028809,11.59000015258789,661606
2020-12-24,11.59000015258789,11.789999961853027,11.520000457763672,11.640000343322754,721045
2020-12-27,11.640000343322754,11.710000038146973,11.399999618530273,11.489999771118164,389911
2020-12-28,11.489999771118164,11.600000381469727,11.399999618530273,11.470000267028809,704597
2020-12-29,11.470000267028809,11.609999656677246,11.430000305175781,11.489999771118164,981348
2020-12-30,11.489999771118164,11.979999542236328,11.579999923706055,11.829999923706055,2378279
2020-12-31,11.829999923706055,12.09000015258789,11.8100004196167,11.930000305175781,3396466
2021-01-03,11.930000305175781,12.180000305175781,11.800000190734863,11.899999618530273,1078083
2021-01-04,11.899999618530273,12.0,11.729999542236328,11.859999656677246,886885
2021-01-05,11.859999656677246,11.949999809265137,11.619999885559082,11.720000267028809,1665733
2021-01-06,11.720000267028809,11.880000114440918,11.710000038146973,11.8100004196167,648428
2021-01-10,11.8100004196167,12.039999961853027,11.789999961853027,11.9399995803833,1361350
2021-01-11,11.9399995803833,12.170000076293945,11.90999984741211,12.09000015258789,1807203
2021-01-12,12.09000015258789,12.100000381469727,11.949999809265137,12.020000457763672,1016699
2021-01-13,12.020000457763672,12.010000228881836,11.829999923706055,11.949999809265137,1006366
2021-01-14,11.949999809265137,11.989999771118164,11.800000190734863,11.890000343322754,1738985
2021-01-17,11.890000343322754,11.9399995803833,11.800000190734863,11.850000381469727,414864
2021-01-18,11.850000381469727,11.899999618530273,11.699999809265137,11.789999961853027,550172
2021-01-19,11.789999961853027,11.850000381469727,11.710000038146973,11.789999961853027,356268
2021-01-20,11.789999961853027,11.899999618530273,11.699999809265137,11.789999961853027,1930750
2021-01-21,11.789999961853027,11.869999885559082,11.40999984741211,11.649999618530273,4687473
2021-01-24,11.649999618530273,11.770000457763672,11.550000190734863,11.640000343322754,834225
2021-01-25,11.640000343322754,11.640000343322754,11.640000343322754,11.640000343322754,0
2021-01-26,11.670000076293945,11.699999809265137,11.569999694824219,11.640000343322754,513322
2021-01-27,11.640000343322754,11.640000343322754,11.640000343322754,11.640000343322754,0
2021-01-31,11.65999984741211,11.75,11.5,11.65999984741211,950964
2021-02-01,11.65999984741211,11.850000381469727,11.65999984741211,11.739999771118164,5270133
2021-02-02,11.739999771118164,11.859999656677246,11.75,11.8100004196167,927819
2021-02-03,11.8100004196167,11.899999618530273,11.619999885559082,11.8100004196167,1551758
2021-02-04,11.8100004196167,11.800000190734863,11.5,11.59000015258789,10214829
2021-02-07,11.59000015258789,11.699999809265137,11.5,11.569999694824219,833577
2021-02-08,11.569999694824219,11.600000381469727,11.350000381469727,11.460000038146973,1128746
2021-02-09,11.460000038146973,11.5600004196167,11.399999618530273,11.520000457763672,675764
2021-02-10,11.520000457763672,11.640000343322754,11.5,11.5600004196167,623262
2021-02-11,11.5600004196167,11.630000114440918,11.5,11.569999694824219,865110
2021-02-14,11.569999694824219,11.710000038146973,11.489999771118164,11.59000015258789,789927
2021-02-15,11.59000015258789,11.630000114440918,11.460000038146973,11.550000190734863,819486
2021-02-16,11.550000190734863,11.600000381469727,11.479999542236328,11.529999732971191,1062744
2021-02-17,11.529999732971191,11.569999694824219,11.420000076293945,11.479999542236328,542791
2021-02-18,11.479999542236328,11.5600004196167,11.399999618530273,11.479999542236328,696889
2021-02-21,11.479999542236328,11.569999694824219,11.430000305175781,11.479999542236328,688515
2021-02-22,11.479999542236328,11.5,11.399999618530273,11.420000076293945,2370281
2021-02-23,11.420000076293945,11.420000076293945,11.420000076293945,11.420000076293945,0
2021-02-24,11.350000381469727,11.65999984741211,11.399999618530273,11.569999694824219,3096687
2021-02-25,11.569999694824219,11.819999694824219,11.6899995803833,11.75,3205075
2021-02-28,11.75,11.760000228881836,11.5600004196167,11.640000343322754,1474734
2021-03-01,11.640000343322754,11.609999656677246,11.460000038146973,11.510000228881836,669476
2021-03-02,11.510000228881836,11.619999885559082,11.260000228881836,11.449999809265137,2074231
2021-03-03,11.449999809265137,11.449999809265137,11.069999694824219,11.260000228881836,1870681
2021-03-04,11.260000228881836,11.319999694824219,11.130000114440918,11.220000267028809,757757
2021-03-07,11.220000267028809,11.5,11.300000190734863,11.470000267028809,915449
2021-03-08,11.470000267028809,11.600000381469727,11.149999618530273,11.260000228881836,3504518
2021-03-09,11.260000228881836,11.329999923706055,11.029999732971191,11.15999984741211,732840
2021-03-10,11.15999984741211,11.210000038146973,10.970000267028809,11.130000114440918,658220
2021-03-11,11.130000114440918,11.289999961853027,11.0,11.09000015258789,382547
2021-03-14,11.09000015258789,11.199999809265137,10.920000076293945,11.0,338077
2021-03-15,11.0,11.029999732971191,10.6899995803833,10.829999923706055,623249
2021-03-16,10.829999923706055,10.949999809265137,10.649999618530273,10.789999961853027,536852
2021-03-17,10.789999961853027,10.890000343322754,10.710000038146973,10.770000457763672,258373
2021-03-18,10.770000457763672,10.800000190734863,10.670000076293945,10.720000267028809,706934
2021-03-21,10.720000267028809,10.859999656677246,10.210000038146973,10.470000267028809,423387
2021-03-22,10.470000267028809,10.5,10.119999885559082,10.270000457763672,808044
2021-03-23,10.270000457763672,10.5,10.170000076293945,10.329999923706055,1328684
2021-03-24,10.329999923706055,10.899999618530273,10.600000381469727,10.819999694824219,1902085
2021-03-25,10.819999694824219,11.0,10.699999809265137,10.800000190734863,739845
2021-03-28,10.800000190734863,11.1899995803833,10.949999809265137,11.029999732971191,340920
2021-03-29,11.029999732971191,11.199999809265137,11.0,11.100000381469727,726856
2021-03-30,11.100000381469727,11.34000015258789,11.069999694824219,11.25,1106284
2021-03-31,11.25,11.300000190734863,11.0600004196167,11.119999885559082,903007
2021-04-01,11.119999885559082,11.300000190734863,11.149999618530273,11.260000228881836,512552
2021-04-04,11.260000228881836,11.329999923706055,11.069999694824219,11.119999885559082,214461
2021-04-05,11.119999885559082,11.300000190734863,10.760000228881836,10.979999542236328,869255
2021-04-06,10.979999542236328,11.25,10.899999618530273,11.050000190734863,581607
2021-04-07,11.050000190734863,11.319999694824219,10.899999618530273,11.140000343322754,902381
2021-04-08,11.140000343322754,11.510000228881836,11.199999809265137,11.420000076293945,1216931
2021-04-11,11.420000076293945,11.510000228881836,11.3100004196167,11.390000343322754,177439
2021-04-12,11.390000343322754,11.449999809265137,11.199999809265137,11.300000190734863,1221600
2021-04-13,11.300000190734863,11.289999961853027,11.069999694824219,11.130000114440918,331621
2021-04-14,11.130000114440918,11.329999923706055,10.970000267028809,11.0600004196167,1739766
2021-04-15,11.0600004196167,11.270000457763672,11.0,11.0600004196167,305287
2021-04-18,11.0600004196167,11.539999961853027,11.149999618530273,11.399999618530273,1285816
2021-04-19,11.399999618530273,11.529999732971191,11.319999694824219,11.4399995803833,1292572
2021-04-20,11.4399995803833,11.699999809265137,11.449999809265137,11.640000343322754,1752889
2021-04-21,11.640000343322754,11.800000190734863,11.600000381469727,11.710000038146973,1132054
2021-04-22,11.710000038146973,11.789999961853027,11.640000343322754,11.729999542236328,683837
2021-04-25,11.729999542236328,11.859999656677246,11.699999809265137,11.789999961853027,1942899
2021-04-26,11.789999961853027,11.229999542236328,11.010000228881836,11.069999694824219,385713
2021-04-27,11.069999694824219,11.100000381469727,10.819999694824219,10.90999984741211,290446
2021-04-28,10.90999984741211,10.989999771118164,10.779999732971191,10.819999694824219,365374
2021-05-04,10.819999694824219,10.859999656677246,10.710000038146973,10.770000457763672,184484
2021-05-05,10.770000457763672,10.899999618530273,10.699999809265137,10.729999542236328,306116
2021-05-06,10.729999542236328,10.869999885559082,10.720000267028809,10.800000190734863,277108
2021-05-09,10.800000190734863,10.859999656677246,10.720000267028809,10.75,134399
2021-05-10,10.75,10.850000381469727,10.720000267028809,10.789999961853027,114005
2021-05-11,10.789999961853027,11.449999809265137,10.859999656677246,11.220000267028809,1105176
2021-05-17,11.220000267028809,11.390000343322754,11.0,11.050000190734863,525028
2021-05-18,11.050000190734863,11.6899995803833,11.050000190734863,11.470000267028809,1511504
2021-05-19,11.470000267028809,11.680000305175781,11.449999809265137,11.539999961853027,855026
2021-05-20,11.539999961853027,11.630000114440918,11.449999809265137,11.489999771118164,341443
2021-05-23,11.489999771118164,11.600000381469727,11.470000267028809,11.539999961853027,241526
2021-05-24,11.539999961853027,11.600000381469727,11.399999618530273,11.520000457763672,792527
2021-05-25,11.520000457763672,11.579999923706055,11.149999618530273,11.260000228881836,861124
2021-05-26,11.260000228881836,11.319999694824219,11.149999618530273,11.239999771118164,481117
2021-05-27,11.239999771118164,11.319999694824219,11.100000381469727,11.239999771118164,1112834
2021-05-30,11.239999771118164,11.25,11.130000114440918,11.199999809265137,160316
2021-05-31,11.199999809265137,11.449999809265137,11.220000267028809,11.40999984741211,485232
2021-06-01,11.40999984741211,11.449999809265137,11.220000267028809,11.359999656677246,461532
2021-06-02,11.359999656677246,11.449999809265137,11.199999809265137,11.359999656677246,1395025
2021-06-03,11.359999656677246,11.899999618530273,11.0,11.579999923706055,1563783
2021-06-06,11.579999923706055,11.779999732971191,11.0,11.460000038146973,485630
2021-06-07,11.460000038146973,12.350000381469727,11.300000190734863,11.920000076293945,3434330
2021-06-08,11.920000076293945,14.420000076293945,12.699999809265137,13.1899995803833,12069910
2021-06-09,13.1899995803833,13.0,12.75,12.890000343322754,2348899
2021-06-10,12.890000343322754,12.90999984741211,12.550000190734863,12.760000228881836,1171556
2021-06-13,12.760000228881836,12.800000190734863,12.5,12.539999961853027,901915
2021-06-14,12.539999961853027,12.6899995803833,12.3100004196167,12.569999694824219,591746
2021-06-15,12.569999694824219,12.739999771118164,12.5,12.569999694824219,2128425
2021-06-16,12.569999694824219,12.829999923706055,12.5,12.680000305175781,996189
2021-06-17,12.680000305175781,12.789999961853027,12.569999694824219,12.649999618530273,719172
2021-06-20,12.649999618530273,12.8100004196167,12.579999923706055,12.770000457763672,264975
2021-06-21,12.770000457763672,13.0,12.710000038146973,12.899999618530273,1583349
2021-06-22,12.899999618530273,13.300000190734863,12.989999771118164,13.199999809265137,2371196
2021-06-23,13.199999809265137,13.350000381469727,13.0,13.199999809265137,968028
2021-06-24,13.199999809265137,13.329999923706055,13.100000381469727,13.270000457763672,307934
2021-06-27,13.270000457763672,13.510000228881836,13.279999732971191,13.470000267028809,2014676
2021-06-28,13.470000267028809,13.949999809265137,13.399999618530273,13.670000076293945,1145802
2021-06-29,13.670000076293945,13.6899995803833,13.199999809265137,13.3100004196167,1210768
2021-06-30,13.3100004196167,13.539999961853027,13.260000228881836,13.449999809265137,812770
2021-07-04,13.449999809265137,13.649999618530273,13.449999809265137,13.479999542236328,73470
2021-07-05,13.479999542236328,13.579999923706055,13.300000190734863,13.4399995803833,412397
2021-07-06,13.4399995803833,13.359999656677246,12.920000076293945,13.130000114440918,397043
2021-07-07,13.130000114440918,13.489999771118164,13.09000015258789,13.319999694824219,298866
2021-07-08,13.319999694824219,13.300000190734863,13.029999732971191,13.149999618530273,220768
2021-07-11,13.149999618530273,13.25,12.949999809265137,13.100000381469727,200601
2021-07-12,13.100000381469727,13.59000015258789,13.199999809265137,13.460000038146973,693578
2021-07-13,13.460000038146973,13.800000190734863,13.399999618530273,13.6899995803833,394838
2021-07-14,13.6899995803833,14.09000015258789,13.5,13.90999984741211,1114954
2021-07-15,13.90999984741211,14.0,13.720000267028809,13.84000015258789,847412
2021-07-18,13.84000015258789,14.0,13.800000190734863,13.90999984741211,280268
2021-07-25,13.90999984741211,14.0,13.699999809265137,13.819999694824219,184198
2021-07-26,13.819999694824219,13.899999618530273,13.649999618530273,13.760000228881836,357288
2021-07-27,13.760000228881836,14.350000381469727,13.710000038146973,14.180000305175781,3562375
2021-07-28,14.180000305175781,14.140000343322754,13.899999618530273,14.010000228881836,365377
2021-07-29,14.010000228881836,14.149999618530273,13.9399995803833,14.09000015258789,1139344
2021-08-01,14.09000015258789,14.100000381469727,13.949999809265137,14.0,511393
2021-08-02,14.0,14.149999618530273,13.800000190734863,13.890000343322754,1077455
2021-08-03,13.890000343322754,14.109999656677246,13.800000190734863,13.989999771118164,699903
2021-08-04,13.989999771118164,14.5,13.890000343322754,14.25,3905419
2021-08-05,14.25,14.600000381469727,14.350000381469727,14.479999542236328,508988
2021-08-08,14.479999542236328,14.479999542236328,14.479999542236328,14.479999542236328,0
2021-08-09,14.479999542236328,14.479999542236328,14.479999542236328,14.479999542236328,0
2021-08-10,14.960000038146973,15.350000381469727,14.770000457763672,15.069999694824219,4886992
2021-08-11,15.069999694824219,15.260000228881836,14.920000076293945,15.039999961853027,939850
2021-08-15,15.039999961853027,15.119999885559082,14.84000015258789,14.869999885559082,85457
2021-08-16,14.869999885559082,14.970000267028809,14.84000015258789,14.880000114440918,713074
2021-08-17,14.880000114440918,15.100000381469727,14.800000190734863,15.0,1374208
2021-08-18,15.0,15.0,14.75,14.979999542236328,442420
2021-08-19,14.979999542236328,14.899999618530273,14.699999809265137,14.829999923706055,1229346
2021-08-22,14.829999923706055,14.699999809265137,14.5,14.529999732971191,362191
2021-08-23,14.529999732971191,14.600000381469727,14.220000267028809,14.40999984741211,1621320
2021-08-24,14.40999984741211,14.800000190734863,14.300000190734863,14.520000457763672,520245
2021-08-25,14.520000457763672,14.850000381469727,14.399999618530273,14.539999961853027,433556
2021-08-26,14.539999961853027,14.75,14.479999542236328,14.579999923706055,712632
2021-08-29,14.579999923706055,14.739999771118164,14.460000038146973,14.640000343322754,1213286
2021-08-30,14.640000343322754,14.800000190734863,14.600000381469727,14.739999771118164,333092
2021-08-31,14.739999771118164,14.829999923706055,14.65999984741211,14.729999542236328,303119
2021-09-01,14.729999542236328,15.0,14.630000114440918,14.899999618530273,953579
2021-09-02,14.899999618530273,15.050000190734863,14.899999618530273,14.979999542236328,385490
2021-09-05,14.979999542236328,15.0,14.5,14.609999656677246,88721
2021-09-06,14.609999656677246,14.699999809265137,14.399999618530273,14.449999809265137,288203
2021-09-07,14.449999809265137,14.800000190734863,14.399999618530273,14.550000190734863,279392
2021-09-08,14.550000190734863,14.600000381469727,14.399999618530273,14.479999542236328,64265
2021-09-09,14.479999542236328,14.699999809265137,14.300000190734863,14.300000190734863,34643
2021-09-12,14.300000190734863,14.800000190734863,14.3100004196167,14.34000015258789,70758
2021-09-13,14.34000015258789,14.520000457763672,14.350000381469727,14.40999984741211,50587
2021-09-14,14.40999984741211,14.75,14.5,14.600000381469727,1808916
2021-09-15,14.600000381469727,14.600000381469727,14.5,14.529999732971191,1288372
2021-09-16,14.529999732971191,14.75,14.5,14.75,1487090
2021-09-19,14.75,14.760000228881836,14.5,14.65999984741211,870049
2021-09-20,14.65999984741211,14.65999984741211,14.140000343322754,14.489999771118164,922679
2021-09-21,14.489999771118164,14.489999771118164,14.489999771118164,14.489999771118164,0
2021-09-22,14.0,15.140000343322754,14.0,14.350000381469727,3595551
2021-09-23,14.350000381469727,14.699999809265137,14.010000228881836,14.300000190734863,540033
2021-09-26,14.300000190734863,14.779999732971191,14.199999809265137,14.300000190734863,621588
2021-09-27,14.300000190734863,14.380000114440918,14.0,14.010000228881836,559843
2021-09-28,14.010000228881836,14.390000343322754,13.90999984741211,14.3100004196167,401391
2021-09-29,14.3100004196167,14.350000381469727,14.010000228881836,14.069999694824219,92561
2021-09-30,14.069999694824219,14.270000457763672,13.8100004196167,14.140000343322754,926324
2021-10-03,14.140000343322754,14.199999809265137,13.600000381469727,13.710000038146973,1069842
2021-10-04,13.710000038146973,13.710000038146973,13.710000038146973,13.710000038146973,0
2021-10-05,13.8100004196167,13.979999542236328,13.550000190734863,13.710000038146973,258940
2021-10-06,13.710000038146973,13.710000038146973,13.100000381469727,13.25,1117283
2021-10-10,13.25,13.5,13.109999656677246,13.170000076293945,196006
2021-10-11,13.170000076293945,13.539999961853027,13.0,13.3100004196167,474272
2021-10-12,13.3100004196167,13.5,13.15999984741211,13.449999809265137,264771
2021-10-13,13.449999809265137,13.65999984741211,13.300000190734863,13.489999771118164,345377
2021-10-14,13.489999771118164,13.75,13.489999771118164,13.680000305175781,151835
2021-10-17,13.680000305175781,13.75,13.359999656677246,13.510000228881836,904430
2021-10-18,13.510000228881836,13.510000228881836,13.510000228881836,13.510000228881836,0
2021-10-19,13.600000381469727,13.779999732971191,13.550000190734863,13.699999809265137,258859
2021-10-20,13.699999809265137,13.800000190734863,13.399999618530273,13.739999771118164,206226
2021-10-24,13.739999771118164,13.949999809265137,13.75,13.880000114440918,477246
2021-10-25,13.880000114440918,14.25,13.600000381469727,13.710000038146973,918816
2021-10-26,13.710000038146973,14.079999923706055,13.710000038146973,13.84000015258789,1026266
2021-10-27,13.84000015258789,13.960000038146973,13.550000190734863,13.600000381469727,579343
2021-10-28,13.600000381469727,13.899999618530273,13.520000457763672,13.569999694824219,1170821
2021-10-31,13.569999694824219,13.75,13.260000228881836,13.399999618530273,348830
2021-11-01,13.399999618530273,13.699999809265137,13.399999618530273,13.6899995803833,844246
2021-11-02,13.6899995803833,13.9399995803833,13.670000076293945,13.9399995803833,1292324
2021-11-03,13.9399995803833,14.199999809265137,13.760000228881836,13.899999618530273,1567684
2021-11-04,13.899999618530273,13.970000267028809,13.600000381469727,13.84000015258789,341840
2021-11-07,13.84000015258789,13.84000015258789,13.84000015258789,13.84000015258789,0
2021-11-08,13.84000015258789,13.84000015258789,13.84000015258789,13.84000015258789,0
2021-11-09,13.84000015258789,13.84000015258789,13.84000015258789,13.84000015258789,0
2021-11-10,13.75,14.5,13.670000076293945,13.829999923706055,2994941
2021-11-11,13.829999923706055,14.460000038146973,13.829999923706055,14.40999984741211,3474312
2021-11-14,14.40999984741211,14.729999542236328,14.25,14.600000381469727,1629943
2021-11-15,14.600000381469727,14.699999809265137,14.140000343322754,14.289999961853027,2052012
2021-11-16,14.289999961853027,14.380000114440918,14.0,14.210000038146973,711060
2021-11-17,14.210000038146973,14.449999809265137,14.100000381469727,14.449999809265137,657223
2021-11-18,14.449999809265137,14.699999809265137,14.300000190734863,14.5,931043
2021-11-21,14.5,14.59000015258789,14.300000190734863,14.350000381469727,322746
2021-11-22,14.350000381469727,14.350000381469727,14.350000381469727,14.350000381469727,0
2021-11-23,14.34000015258789,14.569999694824219,14.300000190734863,14.520000457763672,568478
2021-11-24,14.520000457763672,14.619999885559082,14.300000190734863,14.5,260955
2021-11-25,14.5,14.800000190734863,14.520000457763672,14.600000381469727,1459499
2021-11-28,14.600000381469727,14.600000381469727,14.600000381469727,14.600000381469727,0
2021-11-29,14.380000114440918,14.600000381469727,14.319999694824219,14.5600004196167,562404
2021-11-30,14.5600004196167,14.800000190734863,14.300000190734863,14.359999656677246,5387070
2021-12-01,14.359999656677246,14.850000381469727,14.149999618530273,14.789999961853027,1645081
2021-12-02,14.789999961853027,15.010000228881836,14.550000190734863,14.850000381469727,3644971
2021-12-05,14.850000381469727,14.989999771118164,14.75,14.880000114440918,693718
2021-12-06,14.880000114440918,15.100000381469727,14.880000114440918,15.069999694824219,3808534
2021-12-07,15.069999694824219,15.399999618530273,15.0,15.220000267028809,4199181
2021-12-08,15.220000267028809,15.609999656677246,15.039999961853027,15.569999694824219,2224108
2021-12-09,15.569999694824219,15.960000038146973,15.5600004196167,15.859999656677246,1053267
2021-12-12,15.859999656677246,16.0,15.84000015258789,15.989999771118164,465778
2021-12-13,15.989999771118164,16.420000076293945,15.90999984741211,15.90999984741211,3108188
2021-12-14,15.90999984741211,15.90999984741211,15.90999984741211,15.90999984741211,0
2021-12-15,15.850000381469727,16.049999237060547,15.8100004196167,15.979999542236328,1309450
2021-12-16,15.979999542236328,16.25,15.899999618530273,16.25,588901
2021-12-19,16.25,16.239999771118164,15.899999618530273,15.9399995803833,155579
2021-12-20,15.9399995803833,15.9399995803833,15.9399995803833,15.9399995803833,0
2021-12-21,16.0,16.100000381469727,15.899999618530273,16.0,650631
2021-12-22,16.0,16.889999389648438,16.0,16.540000915527344,1789054
2021-12-23,16.540000915527344,16.93000030517578,16.459999084472656,16.8700008392334,1141312
2021-12-26,16.8700008392334,16.8700008392334,16.520000457763672,16.690000534057617,110449
2021-12-27,16.690000534057617,16.780000686645508,16.450000762939453,16.520000457763672,74612
2021-12-28,16.520000457763672,16.81999969482422,16.510000228881836,16.760000228881836,606766
2021-12-29,16.760000228881836,16.850000381469727,16.610000610351562,16.760000228881836,284880
2021-12-30,16.760000228881836,16.850000381469727,16.6299991607666,16.770000457763672,1507097
2022-01-02,16.770000457763672,16.8799991607666,16.010000228881836,16.780000686645508,78345
2022-01-03,16.780000686645508,16.850000381469727,16.610000610351562,16.75,350905
2022-01-04,16.75,16.979999542236328,16.6200008392334,16.90999984741211,1180362
2022-01-05,16.90999984741211,17.149999618530273,16.829999923706055,17.100000381469727,1125515
2022-01-09,17.100000381469727,17.100000381469727,17.100000381469727,17.100000381469727,0
2022-01-10,16.8799991607666,17.190000534057617,16.850000381469727,17.020000457763672,406275
2022-01-11,17.020000457763672,17.399999618530273,17.0,17.020000457763672,629092
2022-01-12,17.020000457763672,17.549999237060547,16.90999984741211,17.5,1014786
2022-01-13,17.5,17.549999237060547,17.149999618530273,17.299999237060547,559611
2022-01-16,17.299999237060547,17.469999313354492,16.709999084472656,16.899999618530273,231127
2022-01-17,16.899999618530273,17.100000381469727,16.700000762939453,16.8700008392334,28677
2022-01-18,16.8700008392334,17.0,16.850000381469727,16.899999618530273,406018
2022-01-19,16.899999618530273,16.979999542236328,16.6299991607666,16.709999084472656,1067495
2022-01-20,16.709999084472656,16.950000762939453,16.59000015258789,16.610000610351562,48023
2022-01-23,16.610000610351562,16.969999313354492,16.299999237060547,16.350000381469727,568360
2022-01-24,16.350000381469727,16.6299991607666,16.209999084472656,16.5,293979
2022-01-25,16.5,16.5,16.25,16.450000762939453,245382
2022-01-26,16.450000762939453,16.5,16.200000762939453,16.229999542236328,568138
2022-01-30,16.229999542236328,16.690000534057617,16.200000762939453,16.299999237060547,403464
2022-01-31,16.299999237060547,17.0,16.299999237060547,16.8700008392334,724379
2022-02-01,16.8700008392334,16.950000762939453,16.75,16.899999618530273,122009
2022-02-02,16.899999618530273,17.010000228881836,16.799999237060547,16.989999771118164,238210
2022-02-03,16.989999771118164,17.100000381469727,16.850000381469727,16.8799991607666,401090
2022-02-06,16.8799991607666,17.0,16.799999237060547,16.850000381469727,77929
2022-02-07,16.850000381469727,17.0,16.81999969482422,16.989999771118164,532852
2022-02-08,16.989999771118164,17.489999771118164,17.0,17.149999618530273,1275981
2022-02-09,17.149999618530273,18.100000381469727,17.030000686645508,17.639999389648438,1024743
2022-02-10,17.639999389648438,17.700000762939453,17.5,17.520000457763672,54594
2022-02-13,17.520000457763672,17.520000457763672,17.170000076293945,17.219999313354492,121588
2022-02-14,17.219999313354492,17.440000534057617,17.020000457763672,17.25,82401
2022-02-15,17.25,17.600000381469727,17.100000381469727,17.549999237060547,292836
2022-02-16,17.549999237060547,18.3700008392334,17.399999618530273,17.799999237060547,652295
2022-02-17,17.799999237060547,17.989999771118164,17.739999771118164,17.8799991607666,50475
2022-02-20,17.8799991607666,17.969999313354492,17.600000381469727,17.760000228881836,269230
2022-02-21,17.760000228881836,17.899999618530273,17.5,17.799999237060547,118423
2022-02-22,17.799999237060547,17.809999465942383,17.56999969482422,17.649999618530273,361004
2022-02-23,17.649999618530273,17.799999237060547,17.549999237060547,17.610000610351562,731801
2022-02-24,17.610000610351562,17.600000381469727,16.5,17.360000610351562,1115010
2022-02-27,17.360000610351562,17.59000015258789,17.31999969482422,17.3700008392334,120715
2022-02-28,17.3700008392334,17.719999313354492,17.350000381469727,17.68000030517578,231544
2022-03-01,17.68000030517578,18.5,17.600000381469727,18.420000076293945,1142456
2022-03-02,18.420000076293945,19.75,18.459999084472656,18.940000534057617,3163651
2022-03-03,18.940000534057617,19.450000762939453,18.850000381469727,19.360000610351562,941449
2022-03-06,19.360000610351562,19.299999237060547,18.530000686645508,18.59000015258789,590298
2022-03-07,18.59000015258789,18.549999237060547,18.030000686645508,18.260000228881836,1333758
2022-03-08,18.260000228881836,18.260000228881836,18.260000228881836,18.260000228881836,0
2022-03-09,17.5,17.549999237060547,17.020000457763672,17.100000381469727,644213
2022-03-10,17.100000381469727,17.489999771118164,17.1299991607666,17.34000015258789,2195699
2022-03-13,17.34000015258789,17.5,16.899999618530273,16.90999984741211,455750
2022-03-14,16.90999984741211,16.940000534057617,16.90999984741211,16.940000534057617,618190
2022-03-15,16.940000534057617,16.979999542236328,16.559999465942383,16.6299991607666,1158294
2022-03-16,16.6299991607666,17.299999237060547,16.649999618530273,17.170000076293945,992455
2022-03-17,17.170000076293945,17.200000762939453,16.700000762939453,17.170000076293945,1289938
2022-03-20,17.170000076293945,17.479999542236328,16.81999969482422,17.260000228881836,1123916
2022-03-21,17.260000228881836,17.530000686645508,17.059999465942383,17.260000228881836,4433801
2022-03-22,17.260000228881836,17.479999542236328,17.0,17.030000686645508,1150331
2022-03-23,17.030000686645508,17.350000381469727,16.81999969482422,17.270000457763672,710140
2022-03-24,17.270000457763672,17.350000381469727,17.09000015258789,17.299999237060547,287488
2022-03-27,17.299999237060547,17.450000762939453,17.020000457763672,17.329999923706055,493637
2022-03-28,17.329999923706055,17.450000762939453,16.950000762939453,17.0,773628
2022-03-29,17.0,17.399999618530273,16.81999969482422,17.299999237060547,186735
2022-03-30,17.299999237060547,17.780000686645508,17.290000915527344,17.40999984741211,275816
2022-03-31,17.40999984741211,17.600000381469727,17.200000762939453,17.489999771118164,571590
2022-04-03,17.489999771118164,17.549999237060547,17.260000228881836,17.459999084472656,71049
2022-04-04,17.459999084472656,17.579999923706055,17.0,17.18000030517578,1172923
2022-04-05,17.18000030517578,17.290000915527344,17.149999618530273,17.15999984741211,75999
2022-04-06,17.15999984741211,17.309999465942383,17.0,17.1200008392334,594923
2022-04-07,17.1200008392334,17.170000076293945,16.75,16.899999618530273,1125179
2022-04-10,16.899999618530273,17.09000015258789,16.799999237060547,16.899999618530273,616418
2022-04-11,16.899999618530273,17.06999969482422,16.600000381469727,16.709999084472656,592277
2022-04-12,16.709999084472656,16.940000534057617,16.610000610351562,16.799999237060547,708911
2022-04-13,16.799999237060547,16.940000534057617,16.5,16.510000228881836,863090
2022-04-14,16.510000228881836,16.6200008392334,15.0,15.65999984741211,663282
2022-04-17,15.65999984741211,16.09000015258789,15.140000343322754,15.75,253955
2022-04-18,15.75,16.0,15.399999618530273,15.899999618530273,273226
2022-04-19,15.899999618530273,16.299999237060547,15.770000457763672,16.299999237060547,460137
2022-04-20,16.299999237060547,15.600000381469727,15.020000457763672,15.260000228881836,318913
2022-04-21,15.260000228881836,16.040000915527344,15.010000228881836,15.90999984741211,81042
2022-04-26,15.90999984741211,15.949999809265137,15.5,15.829999923706055,22698
2022-04-27,15.829999923706055,16.25,15.800000190734863,15.979999542236328,585493
2022-04-28,15.979999542236328,16.5,15.979999542236328,16.31999969482422,2092636
2022-05-08,16.31999969482422,16.860000610351562,15.899999618530273,16.0,1214244
2022-05-09,16.0,16.440000534057617,15.930000305175781,16.059999465942383,402062
2022-05-10,16.059999465942383,16.389999389648438,15.75,15.869999885559082,568171
2022-05-11,15.869999885559082,16.25,15.609999656677246,16.200000762939453,737142
2022-05-12,16.200000762939453,16.299999237060547,15.8100004196167,16.049999237060547,2041062
2022-05-15,16.049999237060547,16.280000686645508,16.010000228881836,16.06999969482422,64568
2022-05-16,16.06999969482422,16.190000534057617,16.0,16.100000381469727,626925
2022-05-17,16.100000381469727,16.290000915527344,16.100000381469727,16.209999084472656,1075821
2022-05-18,16.209999084472656,16.5,16.139999389648438,16.399999618530273,1318365
2022-05-19,16.399999618530273,16.5,15.819999694824219,16.25,894044
2022-05-22,16.25,16.389999389648438,16.110000610351562,16.219999313354492,158873
2022-05-23,16.219999313354492,16.299999237060547,16.15999984741211,16.200000762939453,1004327
2022-05-24,16.200000762939453,16.200000762939453,16.0,16.149999618530273,855503
2022-05-25,16.149999618530273,16.25,15.90999984741211,15.960000038146973,33426
2022-05-26,15.960000038146973,15.899999618530273,15.399999618530273,15.539999961853027,470052
2022-05-29,15.539999961853027,15.880000114440918,15.279999732971191,15.40999984741211,207448
2022-05-30,15.40999984741211,15.779999732971191,15.069999694824219,15.5,152115
2022-05-31,15.5,15.6899995803833,14.949999809265137,15.100000381469727,1384689
2022-06-01,15.100000381469727,15.59000015258789,15.0,15.0600004196167,1569129
2022-06-02,15.0600004196167,15.319999694824219,14.899999618530273,14.949999809265137,568097
2022-06-05,14.949999809265137,14.949999809265137,14.949999809265137,14.949999809265137,0
2022-06-06,15.079999923706055,15.220000267028809,15.0,15.130000114440918,38839
2022-06-07,15.130000114440918,15.220000267028809,15.010000228881836,15.140000343322754,53417
2022-06-08,15.140000343322754,15.600000381469727,15.220000267028809,15.420000076293945,707257
2022-06-09,15.420000076293945,15.489999771118164,15.350000381469727,15.390000343322754,433490
2022-06-12,15.390000343322754,15.789999961853027,15.199999809265137,15.359999656677246,237863
2022-06-13,15.359999656677246,15.380000114440918,15.109999656677246,15.199999809265137,668232
2022-06-14,15.199999809265137,15.369999885559082,15.100000381469727,15.199999809265137,11228
2022-06-15,15.199999809265137,15.300000190734863,15.029999732971191,15.119999885559082,68099
2022-06-16,15.119999885559082,15.289999961853027,15.130000114440918,15.199999809265137,311061
2022-06-19,15.199999809265137,15.289999961853027,15.0,15.079999923706055,24226
2022-06-20,15.079999923706055,15.239999771118164,14.899999618530273,14.9399995803833,27614
2022-06-21,14.9399995803833,15.0,14.300000190734863,14.5,286496
2022-06-22,14.5,14.6899995803833,14.300000190734863,14.460000038146973,73800
2022-06-23,14.460000038146973,14.460000038146973,14.010000228881836,14.1899995803833,311525
2022-06-26,14.1899995803833,14.399999618530273,13.800000190734863,13.960000038146973,225694
2022-06-27,13.960000038146973,14.0,13.8100004196167,13.949999809265137,263074
2022-06-28,13.949999809265137,14.039999961853027,13.329999923706055,13.979999542236328,363164
2022-06-29,13.979999542236328,14.0,13.8100004196167,13.859999656677246,231691
2022-07-03,13.859999656677246,13.989999771118164,12.770000457763672,13.619999885559082,491656
2022-07-04,13.619999885559082,13.779999732971191,13.260000228881836,13.319999694824219,261462
2022-07-05,13.319999694824219,13.65999984741211,13.109999656677246,13.289999961853027,641690
2022-07-06,13.289999961853027,13.479999542236328,13.010000228881836,13.220000267028809,1107991
2022-07-07,13.220000267028809,13.449999809265137,13.199999809265137,13.220000267028809,19824
2022-07-17,13.220000267028809,13.470000267028809,13.199999809265137,13.359999656677246,57277
2022-07-18,13.359999656677246,13.550000190734863,13.220000267028809,13.220000267028809,373438
2022-07-19,13.220000267028809,13.550000190734863,13.220000267028809,13.319999694824219,1465622
2022-07-20,13.319999694824219,13.539999961853027,13.239999771118164,13.25,425854
2022-07-21,13.25,13.699999809265137,13.229999542236328,13.479999542236328,3046091
2022-07-24,13.479999542236328,13.739999771118164,13.5,13.609999656677246,208159
2022-07-25,13.609999656677246,13.699999809265137,13.449999809265137,13.5,631425
2022-07-26,13.5,13.8100004196167,13.449999809265137,13.699999809265137,1614512
2022-07-27,13.699999809265137,13.800000190734863,13.430000305175781,13.529999732971191,457741
2022-07-28,13.529999732971191,13.600000381469727,13.289999961853027,13.350000381469727,260935
2022-07-31,13.350000381469727,13.600000381469727,13.40999984741211,13.569999694824219,222152
2022-08-01,13.569999694824219,13.680000305175781,13.5,13.59000015258789,2722293
2022-08-02,13.59000015258789,13.630000114440918,13.399999618530273,13.40999984741211,1392380
2022-08-03,13.40999984741211,13.600000381469727,13.399999618530273,13.550000190734863,444352
2022-08-04,13.550000190734863,13.899999618530273,13.59000015258789,13.829999923706055,1224218
2022-08-07,13.829999923706055,14.399999618530273,13.899999618530273,14.34000015258789,1184340
2022-08-08,14.34000015258789,14.5,14.0,14.0600004196167,645071
2022-08-09,14.0600004196167,14.5,14.100000381469727,14.350000381469727,3192638
2022-08-10,14.350000381469727,14.460000038146973,14.100000381469727,14.109999656677246,284371
2022-08-11,14.109999656677246,14.5,14.199999809265137,14.449999809265137,954607
2022-08-14,14.449999809265137,15.479999542236328,14.399999618530273,15.010000228881836,4222370
2022-08-15,15.010000228881836,15.34000015258789,15.0,15.09000015258789,820104
2022-08-16,15.09000015258789,15.100000381469727,14.8100004196167,14.9399995803833,499088
2022-08-17,14.9399995803833,15.390000343322754,14.899999618530273,15.029999732971191,424768
2022-08-18,15.029999732971191,15.029999732971191,15.029999732971191,15.029999732971191,0
2022-08-21,15.220000267028809,15.449999809265137,15.100000381469727,15.239999771118164,846673
2022-08-22,15.239999771118164,15.350000381469727,15.039999961853027,15.220000267028809,1386218
2022-08-23,15.220000267028809,15.220000267028809,15.220000267028809,15.220000267028809,0
2022-08-24,14.899999618530273,15.180000305175781,14.850000381469727,15.010000228881836,331110
2022-08-25,15.010000228881836,15.350000381469727,15.0,15.140000343322754,873789
2022-08-28,15.140000343322754,15.359999656677246,15.140000343322754,15.15999984741211,27244
2022-08-29,15.15999984741211,15.430000305175781,15.140000343322754,15.380000114440918,327029
2022-08-30,15.380000114440918,15.699999809265137,15.329999923706055,15.5600004196167,552044
2022-08-31,15.5600004196167,15.739999771118164,15.460000038146973,15.5600004196167,269734
2022-09-01,15.5600004196167,15.710000038146973,15.380000114440918,15.430000305175781,331085
2022-09-04,15.430000305175781,15.5,15.199999809265137,15.270000457763672,75018
2022-09-05,15.270000457763672,17.799999237060547,15.760000228881836,17.68000030517578,3243576
2022-09-06,17.68000030517578,17.68000030517578,17.0,17.5,2165761
2022-09-07,17.5,17.700000762939453,16.780000686645508,16.829999923706055,1131946
2022-09-08,16.829999923706055,17.0,16.610000610351562,16.799999237060547,376763
2022-09-11,16.799999237060547,17.0,16.5,16.81999969482422,636156
2022-09-12,16.81999969482422,17.600000381469727,16.829999923706055,17.329999923706055,2685723
2022-09-13,17.329999923706055,17.479999542236328,17.219999313354492,17.219999313354492,1533381
2022-09-14,17.219999313354492,17.360000610351562,16.920000076293945,17.059999465942383,529517
2022-09-15,17.059999465942383,17.280000686645508,16.700000762939453,16.799999237060547,473348
2022-09-18,16.799999237060547,16.989999771118164,16.5,16.530000686645508,783024
2022-09-19,16.530000686645508,16.600000381469727,15.8100004196167,16.200000762939453,1307989
2022-09-20,16.200000762939453,16.5,16.200000762939453,16.329999923706055,669537
2022-09-21,16.329999923706055,16.600000381469727,16.299999237060547,16.34000015258789,571868
2022-09-22,16.34000015258789,16.450000762939453,16.149999618530273,16.360000610351562,48287
2022-09-25,16.360000610351562,16.530000686645508,16.0,16.399999618530273,692241
2022-09-26,16.399999618530273,16.700000762939453,16.399999618530273,16.5,1643224
2022-09-27,16.5,17.200000762939453,16.520000457763672,16.93000030517578,1465712
2022-09-28,16.93000030517578,17.0,16.59000015258789,16.739999771118164,1601487
2022-09-29,16.739999771118164,17.559999465942383,16.600000381469727,17.149999618530273,2599938
2022-10-02,17.149999618530273,17.389999389648438,16.860000610351562,16.940000534057617,381108
2022-10-03,16.940000534057617,17.100000381469727,16.899999618530273,17.0,1594730
2022-10-04,17.0,17.399999618530273,16.959999084472656,17.0,1180917
2022-10-05,17.0,17.200000762939453,17.0,17.100000381469727,1334692
2022-10-09,17.100000381469727,17.239999771118164,17.079999923706055,17.200000762939453,177238
2022-10-10,17.200000762939453,17.25,17.020000457763672,17.139999389648438,868422
2022-10-11,17.139999389648438,17.200000762939453,16.649999618530273,16.889999389648438,887137
2022-10-12,16.889999389648438,17.0,16.829999923706055,16.920000076293945,438353
2022-10-13,16.920000076293945,17.0,16.899999618530273,16.979999542236328,389539
2022-10-16,16.979999542236328,17.100000381469727,16.90999984741211,16.940000534057617,550507
2022-10-17,16.940000534057617,18.09000015258789,16.899999618530273,17.969999313354492,2806666
2022-10-18,17.969999313354492,18.049999237060547,17.799999237060547,18.0,2301974
2022-10-19,18.0,19.0,17.809999465942383,18.799999237060547,2130221
2022-10-20,18.799999237060547,19.0,18.299999237060547,18.510000228881836,1174446
2022-10-23,18.510000228881836,18.690000534057617,18.06999969482422,18.149999618530273,1020273
2022-10-24,18.149999618530273,18.450000762939453,17.6299991607666,17.6299991607666,705813
2022-10-25,17.6299991607666,18.0,17.559999465942383,17.670000076293945,621231
2022-10-26,17.670000076293945,17.670000076293945,17.670000076293945,17.670000076293945,0
2022-10-27,18.010000228881836,18.5,18.0,18.350000381469727,610047
2022-10-30,18.350000381469727,18.399999618530273,18.0,18.049999237060547,341459
2022-10-31,18.049999237060547,18.450000762939453,17.8700008392334,18.34000015258789,648612
2022-11-01,18.34000015258789,18.540000915527344,18.200000762939453,18.389999389648438,828488
2022-11-02,18.389999389648438,19.059999465942383,18.299999237060547,18.610000610351562,3651505
2022-11-03,18.610000610351562,19.43000030517578,18.510000228881836,19.399999618530273,2876113
2022-11-06,19.399999618530273,19.450000762939453,18.899999618530273,19.049999237060547,520023
2022-11-07,19.049999237060547,20.010000228881836,19.030000686645508,20.010000228881836,2467471
2022-11-08,20.010000228881836,20.5,19.399999618530273,19.84000015258789,1954059
2022-11-09,19.84000015258789,21.25,19.530000686645508,20.610000610351562,3060685
2022-11-10,20.610000610351562,21.530000686645508,20.600000381469727,21.5,1228186
2022-11-13,21.5,21.790000915527344,21.110000610351562,21.200000762939453,1168705
2022-11-14,21.200000762939453,21.959999084472656,21.40999984741211,21.5,1799369
2022-11-15,21.5,21.889999389648438,21.329999923706055,21.540000915527344,1589351
2022-11-16,21.540000915527344,22.979999542236328,21.5,22.229999542236328,4689619
2022-11-17,22.229999542236328,22.440000534057617,21.899999618530273,22.059999465942383,1320768
2022-11-20,22.059999465942383,22.229999542236328,21.5,21.540000915527344,630597
2022-11-21,21.540000915527344,22.200000762939453,21.299999237060547,22.0,2938138
2022-11-22,22.0,22.700000762939453,22.040000915527344,22.360000610351562,1995350
2022-11-23,22.360000610351562,22.790000915527344,22.469999313354492,22.68000030517578,920005
2022-11-24,22.68000030517578,24.790000915527344,22.700000762939453,23.3799991607666,3127908
2022-11-27,23.3799991607666,23.790000915527344,23.0,23.25,955453
2022-11-28,23.25,23.399999618530273,22.709999084472656,22.770000457763672,1811495
2022-11-29,22.770000457763672,23.299999237060547,22.799999237060547,22.81999969482422,1439115
2022-11-30,22.81999969482422,23.100000381469727,22.700000762939453,23.0,1382925
2022-12-01,23.0,24.979999542236328,22.989999771118164,24.309999465942383,2211957
2022-12-04,24.309999465942383,24.799999237060547,24.309999465942383,24.770000457763672,2037154
2022-12-05,24.770000457763672,25.25,24.719999313354492,25.0,1693190
2022-12-06,25.0,25.350000381469727,24.309999465942383,24.360000610351562,1251700
2022-12-07,24.360000610351562,25.0,24.399999618530273,24.59000015258789,1280303
2022-12-08,24.59000015258789,24.899999618530273,24.399999618530273,24.450000762939453,1271261
2022-12-11,24.450000762939453,24.799999237060547,22.799999237060547,22.799999237060547,3568817
2022-12-12,22.799999237060547,24.100000381469727,22.350000381469727,23.559999465942383,2660665
2022-12-13,23.559999465942383,24.969999313354492,20.200000762939453,23.219999313354492,1802197
2022-12-14,23.219999313354492,23.850000381469727,23.030000686645508,23.350000381469727,1705260
2022-12-15,23.350000381469727,24.100000381469727,23.1299991607666,23.649999618530273,2919803
2022-12-18,23.649999618530273,24.34000015258789,23.209999084472656,24.200000762939453,2355761
2022-12-19,24.200000762939453,25.75,24.200000762939453,25.25,4774991
2022-12-20,25.25,26.889999389648438,25.059999465942383,26.479999542236328,2078207
2022-12-21,26.479999542236328,26.790000915527344,25.540000915527344,26.489999771118164,1293210
2022-12-22,26.489999771118164,26.969999313354492,26.0,26.06999969482422,893095
2022-12-25,26.06999969482422,26.049999237060547,24.899999618530273,24.899999618530273,1073501
2022-12-26,24.899999618530273,25.8799991607666,24.899999618530273,25.280000686645508,754344
2022-12-27,25.280000686645508,25.729999542236328,24.950000762939453,25.0,838836
2022-12-28,25.0,25.65999984741211,24.950000762939453,25.510000228881836,954727
2022-12-29,25.510000228881836,25.780000686645508,25.100000381469727,25.100000381469727,722745
2023-01-02,25.100000381469727,25.5,24.639999389648438,24.729999542236328,1827707
2023-01-03,24.729999542236328,25.81999969482422,24.760000228881836,25.299999237060547,1561324
2023-01-04,25.299999237060547,25.979999542236328,24.110000610351562,25.6200008392334,1928573
2023-01-05,25.6200008392334,27.0,25.600000381469727,25.969999313354492,1388062
2023-01-09,25.969999313354492,26.389999389648438,25.530000686645508,25.790000915527344,771403
2023-01-10,25.790000915527344,25.979999542236328,24.040000915527344,24.350000381469727,831209
2023-01-11,24.350000381469727,25.5,24.020000457763672,24.5,1498919
2023-01-12,24.5,25.0,23.600000381469727,24.200000762939453,547793
2023-01-15,24.200000762939453,24.799999237060547,24.299999237060547,24.399999618530273,402506
2023-01-16,24.399999618530273,25.850000381469727,24.5,25.3700008392334,1081090
2023-01-17,25.3700008392334,25.799999237060547,25.200000762939453,25.34000015258789,518896
2023-01-18,25.34000015258789,25.600000381469727,24.3799991607666,24.420000076293945,778042
2023-01-19,24.420000076293945,24.860000610351562,24.010000228881836,24.149999618530273,853520
2023-01-22,24.149999618530273,24.670000076293945,24.06999969482422,24.280000686645508,702373
2023-01-23,24.280000686645508,24.860000610351562,24.200000762939453,24.5,617297
2023-01-24,24.5,24.649999618530273,24.18000030517578,24.280000686645508,981444
2023-01-25,24.280000686645508,24.790000915527344,24.219999313354492,24.40999984741211,981992
2023-01-29,24.40999984741211,27.989999771118164,24.459999084472656,27.989999771118164,3844335
2023-01-30,27.989999771118164,28.040000915527344,25.639999389648438,26.0,2256987
2023-01-31,26.0,27.450000762939453,25.899999618530273,27.399999618530273,2509406
2023-02-01,27.399999618530273,27.700000762939453,26.43000030517578,26.5,1000239
2023-02-02,26.5,27.299999237060547,26.010000228881836,26.030000686645508,1273742
2023-02-05,26.030000686645508,26.399999618530273,24.6200008392334,25.65999984741211,506391
2023-02-06,25.65999984741211,27.450000762939453,26.0,27.25,2142863
2023-02-07,27.25,27.75,27.0,27.399999618530273,1148259
2023-02-08,27.399999618530273,27.5,26.610000610351562,27.329999923706055,503836
2023-02-09,27.329999923706055,27.799999237060547,27.059999465942383,27.719999313354492,653536
2023-02-12,27.719999313354492,27.899999618530273,26.75,27.030000686645508,497176
2023-02-13,27.030000686645508,27.469999313354492,26.010000228881836,26.979999542236328,883306
2023-02-14,26.979999542236328,27.399999618530273,26.549999237060547,26.760000228881836,665203
2023-02-15,26.760000228881836,27.200000762939453,26.610000610351562,26.770000457763672,472383
2023-02-16,26.770000457763672,26.989999771118164,26.209999084472656,26.309999465942383,751168
2023-02-19,26.309999465942383,26.600000381469727,25.799999237060547,25.889999389648438,916782
2023-02-20,25.889999389648438,25.850000381469727,24.25,24.459999084472656,1156387
2023-02-21,24.459999084472656,25.350000381469727,24.299999237060547,25.0,1070881
2023-02-22,25.0,25.489999771118164,24.700000762939453,25.0,699948
2023-02-23,25.0,25.299999237060547,24.709999084472656,25.0,279606
2023-02-26,25.0,26.299999237060547,25.049999237060547,26.059999465942383,1680174
2023-02-27,26.059999465942383,26.649999618530273,26.0,26.170000076293945,918661
2023-02-28,26.170000076293945,26.100000381469727,25.1299991607666,26.079999923706055,1122310
2023-03-01,26.079999923706055,28.0,26.0,26.219999313354492,4017198
2023-03-02,26.219999313354492,26.690000534057617,25.799999237060547,25.809999465942383,890730
2023-03-05,25.809999465942383,28.049999237060547,25.799999237060547,27.799999237060547,2475906
2023-03-06,27.799999237060547,28.989999771118164,26.75,26.760000228881836,6812225
2023-03-07,26.760000228881836,27.0,25.399999618530273,25.549999237060547,3116527
2023-03-08,25.549999237060547,26.950000762939453,25.260000228881836,26.770000457763672,1453465
2023-03-09,26.770000457763672,27.0,26.079999923706055,26.389999389648438,689558
2023-03-12,26.389999389648438,26.489999771118164,25.0,25.450000762939453,951340
2023-03-13,25.450000762939453,25.989999771118164,24.600000381469727,25.25,1160278
2023-03-14,25.25,25.200000762939453,24.200000762939453,24.6200008392334,772064
2023-03-15,24.6200008392334,25.09000015258789,23.0,23.450000762939453,1088371
2023-03-16,23.450000762939453,24.0,22.510000228881836,23.0,1257193
2023-03-19,23.0,23.790000915527344,20.229999542236328,21.600000381469727,3154462
2023-03-20,21.600000381469727,22.989999771118164,21.25,22.0,3202669
2023-03-21,22.0,23.399999618530273,21.899999618530273,22.989999771118164,2042123
2023-03-22,22.989999771118164,23.399999618530273,21.950000762939453,22.030000686645508,2309530
2023-03-23,22.030000686645508,22.75,21.850000381469727,22.399999618530273,1389976
2023-03-26,22.399999618530273,23.0,22.489999771118164,22.690000534057617,1298642
2023-03-27,22.690000534057617,22.950000762939453,22.690000534057617,22.81999969482422,1504446
2023-03-28,22.81999969482422,23.1200008392334,22.5,22.809999465942383,2357232
2023-03-29,22.809999465942383,25.0,22.780000686645508,24.5,3716508
2023-03-30,24.5,25.399999618530273,23.530000686645508,24.700000762939453,2956466
2023-04-02,24.700000762939453,25.200000762939453,24.329999923706055,24.84000015258789,945775
2023-04-03,24.84000015258789,25.389999389648438,25.0,25.239999771118164,887155
2023-04-04,25.239999771118164,25.489999771118164,24.75,24.920000076293945,944352
2023-04-05,24.920000076293945,24.959999084472656,24.149999618530273,24.5,914201
2023-04-06,24.5,24.649999618530273,23.920000076293945,24.0,940699
2023-04-09,24.0,24.190000534057617,23.6200008392334,23.75,540057
2023-04-10,23.75,24.6299991607666,23.899999618530273,24.540000915527344,1010154
2023-04-11,24.540000915527344,24.93000030517578,24.540000915527344,24.860000610351562,394491
2023-04-12,24.860000610351562,25.149999618530273,24.700000762939453,24.81999969482422,1196499
2023-04-13,24.81999969482422,25.799999237060547,24.799999237060547,25.799999237060547,2222388
2023-04-18,25.799999237060547,25.389999389648438,24.549999237060547,24.81999969482422,2030855
2023-04-19,24.81999969482422,25.190000534057617,24.75,24.809999465942383,782363
2023-04-26,24.809999465942383,24.790000915527344,24.25,24.5,1264302
2023-04-27,24.5,24.719999313354492,24.399999618530273,24.540000915527344,1893641
2023-04-30,24.540000915527344,25.0,24.219999313354492,24.219999313354492,1642887
2023-05-01,24.219999313354492,24.219999313354492,24.219999313354492,24.219999313354492,0
2023-05-02,23.229999542236328,23.5,23.0,23.260000228881836,451412
2023-05-03,23.260000228881836,23.600000381469727,23.260000228881836,23.31999969482422,431162
2023-05-07,23.31999969482422,23.350000381469727,22.899999618530273,22.969999313354492,723492
2023-05-08,22.969999313354492,23.459999084472656,23.0,23.389999389648438,1760707
2023-05-09,23.389999389648438,23.989999771118164,23.0,23.139999389648438,3374870
2023-05-10,23.139999389648438,23.3799991607666,22.899999618530273,23.139999389648438,1802575
2023-05-11,23.139999389648438,23.690000534057617,23.0,23.110000610351562,4420415
2023-05-14,23.110000610351562,23.989999771118164,23.190000534057617,23.799999237060547,2582997
2023-05-15,23.799999237060547,24.0,23.079999923706055,23.200000762939453,2672282
2023-05-16,23.200000762939453,23.299999237060547,22.549999237060547,22.68000030517578,2115229
2023-05-17,22.68000030517578,23.299999237060547,22.739999771118164,22.940000534057617,2148558
2023-05-18,22.940000534057617,23.100000381469727,22.719999313354492,22.799999237060547,1160446
2023-05-21,22.799999237060547,23.079999923706055,22.760000228881836,22.899999618530273,879617
2023-05-22,22.899999618530273,23.139999389648438,22.799999237060547,22.84000015258789,647692
2023-05-23,22.84000015258789,23.190000534057617,22.729999542236328,23.0,1418148
2023-05-24,23.0,23.6200008392334,23.0,23.600000381469727,5015138
2023-05-25,23.600000381469727,23.610000610351562,23.229999542236328,23.399999618530273,545043
2023-05-28,23.399999618530273,24.329999923706055,23.770000457763672,24.239999771118164,4377966
2023-05-29,24.239999771118164,24.299999237060547,23.729999542236328,23.989999771118164,1012379
2023-05-30,23.989999771118164,24.799999237060547,24.200000762939453,24.5,5528867
2023-05-31,24.5,24.75,24.100000381469727,24.229999542236328,3831401
2023-06-01,24.229999542236328,24.309999465942383,24.0,24.200000762939453,1067295
2023-06-04,24.200000762939453,24.549999237060547,24.100000381469727,24.5,757990
2023-06-05,24.5,25.510000228881836,24.700000762939453,24.950000762939453,2749006
2023-06-06,24.950000762939453,26.0,25.0,25.440000534057617,2788856
2023-06-07,25.440000534057617,26.489999771118164,25.440000534057617,25.829999923706055,3454671
2023-06-08,25.829999923706055,27.1299991607666,25.850000381469727,26.850000381469727,3553762
2023-06-11,26.850000381469727,27.280000686645508,26.68000030517578,27.0,1674305
2023-06-12,27.0,27.0,26.299999237060547,26.459999084472656,473854
2023-06-13,26.459999084472656,27.700000762939453,26.350000381469727,27.700000762939453,2530391
2023-06-14,27.700000762939453,27.899999618530273,26.899999618530273,27.459999084472656,1424779
2023-06-15,27.459999084472656,27.459999084472656,26.299999237060547,26.610000610351562,1311472
2023-06-18,26.610000610351562,27.010000228881836,26.350000381469727,26.780000686645508,410342
2023-06-19,26.780000686645508,27.0,26.100000381469727,26.31999969482422,1053703
2023-06-20,26.31999969482422,26.450000762939453,25.959999084472656,26.0,1222353
2023-06-21,26.0,26.239999771118164,25.450000762939453,25.459999084472656,1019482
2023-06-22,25.459999084472656,25.5,24.899999618530273,25.239999771118164,1407739
2023-06-25,25.239999771118164,25.899999618530273,25.15999984741211,25.799999237060547,645332
2023-06-26,25.799999237060547,25.899999618530273,25.399999618530273,25.8799991607666,894674
2023-07-04,25.8799991607666,26.06999969482422,25.219999313354492,25.25,692298
2023-07-05,25.25,25.540000915527344,24.469999313354492,24.5,544564
2023-07-06,24.5,24.899999618530273,24.149999618530273,24.479999542236328,350492
2023-07-09,24.479999542236328,24.850000381469727,23.5,24.280000686645508,406020
2023-07-10,24.280000686645508,25.3799991607666,24.030000686645508,24.860000610351562,1378189
2023-07-11,24.860000610351562,25.75,24.899999618530273,25.15999984741211,1838898
2023-07-12,25.15999984741211,25.399999618530273,24.309999465942383,24.43000030517578,818739
2023-07-13,24.43000030517578,24.899999618530273,24.450000762939453,24.809999465942383,723264
2023-07-16,24.809999465942383,25.100000381469727,24.809999465942383,24.899999618530273,546900
2023-07-17,24.899999618530273,25.299999237060547,24.729999542236328,25.100000381469727,1243547
2023-07-18,25.100000381469727,25.59000015258789,25.010000228881836,25.459999084472656,999295
2023-07-19,25.459999084472656,25.459999084472656,25.459999084472656,25.459999084472656,0
2023-07-24,25.549999237060547,25.649999618530273,25.100000381469727,25.290000915527344,490535
2023-07-25,25.290000915527344,25.440000534057617,24.90999984741211,25.0,202030
2023-07-26,25.0,25.09000015258789,24.600000381469727,24.829999923706055,132731
2023-07-27,24.829999923706055,25.0,24.700000762939453,24.709999084472656,89211
2023-07-30,24.709999084472656,26.25,24.709999084472656,25.399999618530273,1140742
2023-07-31,25.399999618530273,26.270000457763672,25.520000457763672,26.200000762939453,1530228
2023-08-01,26.200000762939453,26.299999237060547,25.799999237060547,26.0,554618
2023-08-02,26.0,26.100000381469727,25.56999969482422,26.0,469670
2023-08-03,26.0,26.0,25.729999542236328,25.90999984741211,90680
2023-08-06,25.90999984741211,26.450000762939453,25.799999237060547,26.450000762939453,746740
2023-08-07,26.450000762939453,27.309999465942383,26.149999618530273,27.260000228881836,1876337
2023-08-08,27.260000228881836,27.239999771118164,26.719999313354492,26.899999618530273,521215
2023-08-09,26.899999618530273,27.690000534057617,26.700000762939453,27.06999969482422,1292619
2023-08-10,27.06999969482422,27.200000762939453,26.520000457763672,26.520000457763672,1481847
2023-08-13,26.520000457763672,26.799999237060547,26.5,26.700000762939453,232113
2023-08-14,26.700000762939453,26.989999771118164,26.420000076293945,26.440000534057617,498503
2023-08-15,26.440000534057617,26.739999771118164,25.950000762939453,26.479999542236328,532597
2023-08-16,26.479999542236328,26.690000534057617,26.209999084472656,26.270000457763672,434959
2023-08-17,26.270000457763672,26.3799991607666,25.860000610351562,26.0,515783
2023-08-20,26.0,26.290000915527344,25.90999984741211,25.969999313354492,133905
2023-08-21,25.969999313354492,26.5,26.0,26.010000228881836,433213
2023-08-22,26.010000228881836,26.350000381469727,26.049999237060547,26.299999237060547,261624
2023-08-23,26.299999237060547,26.68000030517578,26.18000030517578,26.190000534057617,695092
2023-08-24,26.190000534057617,26.399999618530273,26.09000015258789,26.280000686645508,335158
2023-08-27,26.280000686645508,26.469999313354492,26.200000762939453,26.43000030517578,101865
2023-08-28,26.43000030517578,26.690000534057617,26.309999465942383,26.43000030517578,430879
2023-08-29,26.43000030517578,27.0,26.43000030517578,26.780000686645508,1029872
2023-08-30,26.780000686645508,26.899999618530273,26.399999618530273,26.700000762939453,550684
2023-08-31,26.700000762939453,26.700000762939453,26.700000762939453,26.700000762939453,0
2023-09-03,26.299999237060547,26.649999618530273,25.950000762939453,26.010000228881836,458630
2023-09-04,26.010000228881836,27.600000381469727,26.06999969482422,26.899999618530273,2797949
2023-09-05,26.899999618530273,27.31999969482422,26.520000457763672,26.520000457763672,746779
2023-09-06,26.520000457763672,27.389999389648438,26.799999237060547,27.290000915527344,1527563
2023-09-07,27.290000915527344,28.399999618530273,27.06999969482422,28.389999389648438,3099484
2023-09-10,28.389999389648438,28.389999389648438,28.389999389648438,28.389999389648438,0
2023-09-11,29.600000381469727,29.59000015258789,28.610000610351562,28.799999237060547,1347633
2023-09-12,28.799999237060547,28.950000762939453,28.020000457763672,28.100000381469727,1451953
2023-09-13,28.100000381469727,28.600000381469727,28.0,28.520000457763672,779518
2023-09-14,28.520000457763672,29.200000762939453,28.5,28.899999618530273,742413
2023-09-17,28.899999618530273,29.0,28.600000381469727,28.649999618530273,481337
2023-09-18,28.649999618530273,28.889999389648438,28.530000686645508,28.780000686645508,286736
2023-09-19,28.780000686645508,29.5,28.610000610351562,29.350000381469727,696615
2023-09-20,29.350000381469727,29.350000381469727,29.350000381469727,29.350000381469727,0
2023-09-21,29.350000381469727,29.350000381469727,29.350000381469727,29.350000381469727,0
2023-09-24,29.350000381469727,29.350000381469727,29.350000381469727,29.350000381469727,0
2023-09-25,30.75,30.979999542236328,30.149999618530273,30.399999618530273,1354834
2023-09-26,30.399999618530273,30.75,30.15999984741211,30.260000228881836,447608
2023-09-27,30.260000228881836,30.260000228881836,30.260000228881836,30.260000228881836,0
2023-10-01,30.260000228881836,30.260000228881836,30.260000228881836,30.260000228881836,0
2023-10-02,29.15999984741211,29.5,27.219999313354492,28.5,1316569
2023-10-03,28.5,28.940000534057617,27.729999542236328,27.75,463687
2023-10-04,27.75,28.600000381469727,27.600000381469727,28.59000015258789,238369
2023-10-08,28.59000015258789,28.5,26.0,27.399999618530273,712158
2023-10-09,27.399999618530273,28.0,27.399999618530273,27.989999771118164,264325
2023-10-10,27.989999771118164,28.540000915527344,27.780000686645508,28.299999237060547,525583
2023-10-11,28.299999237060547,28.8799991607666,27.600000381469727,27.600000381469727,3044958
2023-10-12,27.600000381469727,28.200000762939453,27.649999618530273,27.93000030517578,852705
2023-10-15,27.93000030517578,28.979999542236328,27.93000030517578,28.530000686645508,815893
2023-10-16,28.530000686645508,29.940000534057617,28.75,29.6200008392334,2571403
2023-10-17,29.6200008392334,31.899999618530273,29.209999084472656,30.760000228881836,3559841
2023-10-18,30.760000228881836,32.900001525878906,30.760000228881836,31.5,3107789
2023-10-19,31.5,31.5,31.5,31.5,0
2023-10-22,30.829999923706055,31.399999618530273,30.049999237060547,30.8799991607666,896367
2023-10-23,30.8799991607666,31.5,30.649999618530273,30.809999465942383,1189500
2023-10-24,30.809999465942383,31.979999542236328,30.84000015258789,31.06999969482422,1754165
2023-10-25,31.06999969482422,33.0,31.25,32.189998626708984,3317547
2023-10-26,32.189998626708984,32.970001220703125,31.799999237060547,32.25,906045
2023-10-29,32.25,33.599998474121094,32.25,33.040000915527344,2940133
2023-10-30,33.040000915527344,33.45000076293945,32.29999923706055,32.70000076293945,617364
2023-10-31,32.70000076293945,34.849998474121094,32.400001525878906,34.0,2918480
2023-11-01,34.0,34.5,32.599998474121094,32.95000076293945,691467
2023-11-02,32.95000076293945,34.0,33.0099983215332,33.45000076293945,363920
2023-11-05,33.45000076293945,34.75,33.61000061035156,34.29999923706055,690763
2023-11-06,34.29999923706055,34.68000030517578,33.61000061035156,33.810001373291016,501069
2023-11-07,33.810001373291016,34.20000076293945,33.70000076293945,33.79999923706055,522449
2023-11-08,33.79999923706055,34.189998626708984,33.70000076293945,33.849998474121094,331824
2023-11-09,33.849998474121094,36.0,33.70000076293945,35.119998931884766,2413752
2023-11-12,35.119998931884766,36.0,34.0,34.0,396305
2023-11-13,34.0,40.20000076293945,34.0,38.20000076293945,2368656
2023-11-14,38.20000076293945,39.150001525878906,36.5,36.70000076293945,863287
2023-11-15,36.70000076293945,37.41999816894531,35.310001373291016,35.650001525878906,659957
2023-11-16,35.650001525878906,37.29999923706055,35.529998779296875,36.36000061035156,536480
2023-11-19,36.36000061035156,37.0,36.060001373291016,36.29999923706055,271930
2023-11-20,36.29999923706055,37.20000076293945,35.56999969482422,35.68000030517578,444158
2023-11-21,35.68000030517578,37.29999923706055,35.70000076293945,37.29999923706055,1094713
2023-11-22,37.29999923706055,38.5,37.0,37.0099983215332,2165393
2023-11-23,37.0099983215332,37.900001525878906,36.650001525878906,36.77000045776367,1000925
2023-11-26,36.77000045776367,37.380001068115234,36.56999969482422,36.79999923706055,333372
2023-11-27,36.79999923706055,36.97999954223633,36.38999938964844,36.459999084472656,316322
2023-11-28,36.459999084472656,36.84000015258789,36.0,36.20000076293945,659678
2023-11-29,36.20000076293945,36.47999954223633,35.529998779296875,35.79999923706055,567889
2023-11-30,35.79999923706055,36.5,35.630001068115234,35.9900016784668,845642
2023-12-03,35.9900016784668,36.45000076293945,35.79999923706055,36.0,422473
2023-12-04,36.0,37.7599983215332,36.0,37.52000045776367,1099916
2023-12-05,37.52000045776367,38.630001068115234,37.400001525878906,37.41999816894531,2633100
2023-12-06,37.41999816894531,37.68000030517578,36.599998474121094,36.790000915527344,589459
2023-12-07,36.790000915527344,36.790000915527344,35.68000030517578,36.060001373291016,1199268
2023-12-10,36.060001373291016,36.79999923706055,35.83000183105469,35.84000015258789,538748
2023-12-11,35.84000015258789,36.04999923706055,34.52000045776367,35.849998474121094,428809
2023-12-12,35.849998474121094,36.4900016784668,35.54999923706055,36.4900016784668,769353
2023-12-13,36.4900016784668,37.0,36.0,36.709999084472656,594325
2023-12-14,36.709999084472656,37.09000015258789,36.619998931884766,36.70000076293945,541781
2023-12-17,36.70000076293945,37.52000045776367,36.709999084472656,36.7599983215332,299657
2023-12-18,36.7599983215332,38.099998474121094,37.0099983215332,37.59000015258789,1061707
2023-12-19,37.59000015258789,38.4900016784668,37.5099983215332,37.900001525878906,1106341
2023-12-20,37.900001525878906,38.88999938964844,37.59000015258789,38.40999984741211,1671684
2023-12-21,38.40999984741211,38.70000076293945,36.810001373291016,37.47999954223633,1906822
2023-12-24,37.47999954223633,37.47999954223633,37.47999954223633,37.47999954223633,0
2023-12-25,36.970001220703125,37.099998474121094,36.04999923706055,36.61000061035156,844817
2023-12-26,36.61000061035156,36.959999084472656,35.099998474121094,35.43000030517578,3598391
2023-12-27,35.43000030517578,36.25,35.25,35.61000061035156,3038160
2023-12-28,35.61000061035156,37.25,35.63999938964844,36.66999816894531,1196665
2023-12-31,36.66999816894531,38.2400016784668,36.95000076293945,37.650001525878906,1173729
2024-01-02,37.650001525878906,38.630001068115234,37.84000015258789,38.5,981801
2024-01-03,38.5,38.689998626708984,38.04999923706055,38.310001373291016,396793
2024-01-04,38.310001373291016,38.5,37.86000061035156,38.2400016784668,1014726
2024-01-08,38.2400016784668,38.5,37.900001525878906,37.959999084472656,789705
2024-01-09,37.959999084472656,38.38999938964844,37.9900016784668,38.33000183105469,337966
2024-01-10,38.33000183105469,38.400001525878906,37.90999984741211,38.08000183105469,503605
2024-01-11,38.08000183105469,38.349998474121094,37.900001525878906,38.29999923706055,398767
2024-01-14,38.29999923706055,38.5,38.130001068115234,38.310001373291016,325799
2024-01-15,38.310001373291016,39.79999923706055,38.20000076293945,38.599998474121094,1117469
2024-01-16,38.599998474121094,39.599998474121094,38.709999084472656,39.5,763383
2024-01-17,39.5,41.4900016784668,39.630001068115234,39.81999969482422,1993472
2024-01-18,39.81999969482422,40.9900016784668,38.79999923706055,38.900001525878906,2010196
2024-01-21,38.900001525878906,39.599998474121094,38.5,39.459999084472656,1682386
2024-01-22,39.459999084472656,40.08000183105469,38.93000030517578,39.04999923706055,1993366
2024-01-23,39.04999923706055,39.599998474121094,37.75,37.81999969482422,1470658
2024-01-24,37.81999969482422,38.63999938964844,37.25,38.5,1539453
2024-01-28,38.5,39.599998474121094,38.060001373291016,39.0,2414409
2024-01-29,39.0,39.310001373291016,38.45000076293945,39.06999969482422,1075033
2024-01-30,39.06999969482422,39.349998474121094,38.29999923706055,39.31999969482422,2021176
2024-01-31,39.31999969482422,40.099998474121094,36.0,36.560001373291016,1754525
2024-02-01,36.560001373291016,37.68000030517578,34.02000045776367,37.0,1983097
2024-02-04,37.0,37.900001525878906,36.380001068115234,36.88999938964844,759954
2024-02-05,36.88999938964844,37.790000915527344,36.95000076293945,37.0099983215332,674373
2024-02-06,37.0099983215332,38.0,37.0,37.790000915527344,978039
2024-02-07,37.790000915527344,40.9900016784668,37.66999816894531,39.709999084472656,5146202
2024-02-08,39.709999084472656,42.41999816894531,40.060001373291016,41.58000183105469,7233734
2024-02-11,41.58000183105469,41.9900016784668,40.310001373291016,40.560001373291016,791675
2024-02-12,40.560001373291016,40.900001525878906,38.130001068115234,40.0,861073
2024-02-13,40.0,40.79999923706055,39.5,39.84000015258789,723649
2024-02-14,39.84000015258789,41.880001068115234,39.70000076293945,40.5099983215332,1625343
2024-02-15,40.5099983215332,40.900001525878906,39.790000915527344,40.15999984741211,801871
2024-02-18,40.15999984741211,40.15999984741211,40.15999984741211,40.15999984741211,0
2024-02-19,40.15999984741211,40.619998931884766,39.970001220703125,40.61000061035156,1984984
2024-02-20,40.61000061035156,41.900001525878906,40.61000061035156,41.5,3663449
2024-02-21,41.5,41.779998779296875,41.0099983215332,41.369998931884766,822029
2024-02-22,41.369998931884766,41.599998474121094,41.0,41.290000915527344,509634
2024-02-25,41.290000915527344,40.099998474121094,37.61000061035156,38.5,1277779
2024-02-26,38.5,40.599998474121094,38.099998474121094,40.5,2293583
2024-02-27,40.5,41.52000045776367,40.0099983215332,40.709999084472656,2716689
2024-02-28,40.709999084472656,42.20000076293945,40.5,40.5099983215332,3014684
2024-02-29,40.5099983215332,41.4900016784668,38.599998474121094,38.599998474121094,3294346
2024-03-03,38.599998474121094,39.79999923706055,38.65999984741211,39.40999984741211,848791
2024-03-04,39.40999984741211,40.20000076293945,39.08000183105469,39.08000183105469,999879
2024-03-05,39.08000183105469,39.70000076293945,38.38999938964844,38.650001525878906,1859626
2024-03-06,38.650001525878906,40.400001525878906,37.70000076293945,38.970001220703125,2863451
2024-03-07,38.970001220703125,39.29999923706055,37.75,37.81999969482422,2545621
2024-03-10,37.81999969482422,39.790000915527344,38.0,39.20000076293945,1482928
2024-03-11,39.20000076293945,42.65999984741211,40.709999084472656,41.0,4503070
2024-03-12,41.0,41.4900016784668,38.77000045776367,39.0,1945957
2024-03-13,39.0,39.400001525878906,38.25,39.279998779296875,1080906
2024-03-14,39.279998779296875,40.20000076293945,38.130001068115234,40.099998474121094,752409
2024-03-17,40.099998474121094,40.970001220703125,39.459999084472656,39.459999084472656,416925
2024-03-18,39.459999084472656,39.599998474121094,38.130001068115234,38.22999954223633,1020802
2024-03-19,38.22999954223633,38.15999984741211,35.0099983215332,38.0,2383547
2024-03-20,38.0,38.79999923706055,37.54999923706055,37.63999938964844,688731
2024-03-21,37.63999938964844,39.20000076293945,37.52000045776367,37.91999816894531,391679
2024-03-24,37.91999816894531,38.79999923706055,37.91999816894531,38.09000015258789,158443
2024-03-25,38.09000015258789,38.77000045776367,38.09000015258789,38.5,649357
2024-03-26,38.5,39.20000076293945,38.25,38.5,995218
2024-03-27,38.5,39.099998474121094,38.2599983215332,38.29999923706055,1820229
2024-03-28,38.29999923706055,38.45000076293945,37.61000061035156,37.779998779296875,1337422
2024-03-31,37.779998779296875,37.790000915527344,35.25,35.54999923706055,450548
2024-04-01,35.54999923706055,36.15999984741211,35.040000915527344,36.040000915527344,467158
2024-04-02,36.040000915527344,37.0,35.560001373291016,36.08000183105469,243996
2024-04-03,36.08000183105469,36.290000915527344,35.61000061035156,36.189998626708984,199578
2024-04-04,36.189998626708984,36.599998474121094,36.0,36.36000061035156,382908
2024-04-07,36.36000061035156,37.099998474121094,36.040000915527344,36.5,422536
2024-04-08,36.5,38.0,36.599998474121094,37.9900016784668,383624
2024-04-15,37.9900016784668,39.099998474121094,37.02000045776367,39.0,1259790
2024-04-16,39.0,39.400001525878906,37.900001525878906,38.400001525878906,2364858
2024-04-17,38.400001525878906,39.099998474121094,38.41999816894531,39.0,981798
2024-04-18,39.0,39.54999923706055,36.0,37.5,2847561
2024-04-21,37.5,38.900001525878906,36.75,36.79999923706055,1801818
2024-04-22,36.79999923706055,36.5,34.81999969482422,34.900001525878906,1503041
2024-04-23,34.900001525878906,35.099998474121094,33.06999969482422,33.5099983215332,953532
2024-04-24,33.5099983215332,33.88999938964844,31.079999923706055,32.0099983215332,2854619
2024-04-28,32.0099983215332,32.0099983215332,32.0099983215332,32.0099983215332,0
2024-04-29,31.0,32.5,30.829999923706055,32.16999816894531,330141
2024-04-30,32.16999816894531,33.20000076293945,30.020000457763672,30.90999984741211,1396381
2024-05-02,33.0,36.0,32.5,36.0,2167285
2024-05-07,36.0,35.849998474121094,33.0,34.0,840416
2024-05-08,34.0,34.439998626708984,33.54999923706055,33.70000076293945,156559
2024-05-09,33.70000076293945,33.95000076293945,32.29999923706055,33.02000045776367,108305
2024-05-12,33.02000045776367,33.5,32.20000076293945,32.5,89440
2024-05-13,32.5,32.650001525878906,31.030000686645508,31.719999313354492,286539
2024-05-14,31.719999313354492,32.5,31.5,31.639999389648438,165576
2024-05-15,31.639999389648438,32.38999938964844,31.56999969482422,32.33000183105469,196860
2024-05-16,32.33000183105469,33.400001525878906,32.0,33.349998474121094,184044
2024-05-19,33.349998474121094,35.599998474121094,31.399999618530273,31.709999084472656,2468621
2024-05-20,31.709999084472656,32.61000061035156,31.450000762939453,32.310001373291016,1737431
2024-05-21,32.310001373291016,32.5,31.700000762939453,32.040000915527344,899589
2024-05-22,32.040000915527344,32.20000076293945,31.6200008392334,31.950000762939453,354851
2024-05-23,31.950000762939453,32.5,31.850000381469727,31.8799991607666,550806
2024-05-26,31.8799991607666,31.8799991607666,31.8799991607666,31.8799991607666,0
2024-05-27,32.209999084472656,32.470001220703125,32.029998779296875,32.189998626708984,352958
2024-05-28,32.189998626708984,32.189998626708984,31.649999618530273,32.09000015258789,2377762
2024-05-29,32.09000015258789,32.5,32.060001373291016,32.29999923706055,648674
2024-05-30,32.29999923706055,32.439998626708984,30.84000015258789,30.84000015258789,1889792
2024-06-02,30.84000015258789,31.520000457763672,30.5,30.610000610351562,476546
2024-06-03,30.610000610351562,31.799999237060547,30.1200008392334,30.770000457763672,240288
2024-06-04,30.770000457763672,32.11000061035156,30.889999389648438,31.079999923706055,3886915
2024-06-05,31.079999923706055,31.25,30.309999465942383,31.0,3349344
2024-06-06,31.0,31.25,30.899999618530273,31.0,327592
2024-06-09,31.0,31.200000762939453,28.760000228881836,29.5,1846286
2024-06-10,29.5,29.700000762939453,28.90999984741211,29.1200008392334,1024864
2024-06-11,29.1200008392334,29.75,29.149999618530273,29.510000228881836,290402
2024-06-12,29.510000228881836,29.690000534057617,29.25,29.479999542236328,126336
2024-06-13,29.479999542236328,30.200000762939453,29.40999984741211,30.200000762939453,317433
2024-06-23,30.200000762939453,32.70000076293945,30.0,32.650001525878906,1182170
2024-06-24,32.650001525878906,32.63999938964844,30.420000076293945,30.5,2213792
2024-06-25,30.5,30.829999923706055,30.31999969482422,30.700000762939453,855139
2024-06-26,30.700000762939453,31.100000381469727,30.510000228881836,30.510000228881836,1546717
2024-06-27,30.510000228881836,31.600000381469727,30.559999465942383,31.15999984741211,1889653
2024-07-02,30.989999771118164,31.299999237060547,30.600000381469727,30.700000762939453,1350200
2024-07-03,30.700000762939453,31.280000686645508,30.5,30.549999237060547,890222
2024-07-04,30.549999237060547,31.149999618530273,30.479999542236328,30.510000228881836,1162557
2024-07-07,30.510000228881836,30.84000015258789,30.3700008392334,30.40999984741211,436234
2024-07-08,30.40999984741211,30.75,29.799999237060547,30.290000915527344,550163
2024-07-09,30.290000915527344,31.290000915527344,29.799999237060547,30.969999313354492,2379467
2024-07-10,30.969999313354492,31.420000076293945,30.459999084472656,30.459999084472656,725430
2024-07-14,30.459999084472656,31.040000915527344,30.649999618530273,31.020000457763672,510029
2024-07-15,31.020000457763672,31.25,30.809999465942383,31.25,4627443
2024-07-16,31.25,32.380001068115234,31.3700008392334,31.700000762939453,3968234
2024-07-17,31.700000762939453,32.79999923706055,31.770000457763672,32.79999923706055,1840628
2024-07-18,32.79999923706055,33.5099983215332,32.810001373291016,33.0,1740101
2024-07-21,33.0,33.4900016784668,32.11000061035156,32.5099983215332,644251
2024-07-22,32.5099983215332,33.099998474121094,32.20000076293945,32.45000076293945,465196
2024-07-23,32.45000076293945,33.099998474121094,32.41999816894531,32.77000045776367,1477639
2024-07-24,32.77000045776367,33.29999923706055,32.72999954223633,32.77000045776367,844573
2024-07-28,32.77000045776367,32.95000076293945,32.52000045776367,32.79999923706055,397004
2024-07-29,32.79999923706055,34.70000076293945,32.7599983215332,33.5,1813402
2024-07-30,33.5,34.0,33.52000045776367,33.810001373291016,1812445
2024-07-31,33.810001373291016,34.400001525878906,33.65999984741211,34.04999923706055,1754251
2024-08-01,34.04999923706055,34.29999923706055,33.90999984741211,34.04999923706055,1074282
2024-08-04,34.04999923706055,33.70000076293945,31.5,32.90999984741211,477136
2024-08-05,32.90999984741211,34.56999969482422,31.0,33.31999969482422,1412716
2024-08-06,33.31999969482422,34.099998474121094,33.029998779296875,33.5,198496
2024-08-07,33.5,33.970001220703125,33.400001525878906,33.47999954223633,263544
2024-08-08,33.47999954223633,34.09000015258789,33.400001525878906,33.84000015258789,214256
2024-08-11,33.84000015258789,34.22999954223633,33.849998474121094,33.900001525878906,222217
2024-08-12,33.900001525878906,34.0,33.400001525878906,33.79999923706055,1114809
2024-08-13,33.79999923706055,33.83000183105469,33.54999923706055,33.61000061035156,161157
2024-08-14,33.61000061035156,34.0,33.5099983215332,34.0,1211865
2024-08-15,34.0,34.22999954223633,33.0,33.0,4527725
2024-08-18,33.0,33.47999954223633,32.41999816894531,32.58000183105469,354628
2024-08-19,32.58000183105469,32.93000030517578,31.920000076293945,32.209999084472656,745793
2024-08-20,32.209999084472656,32.4900016784668,31.850000381469727,31.989999771118164,1689184
2024-08-21,31.989999771118164,32.22999954223633,31.530000686645508,31.6299991607666,2777281
2024-08-22,31.6299991607666,32.150001525878906,31.030000686645508,31.030000686645508,1783065
2024-08-25,31.030000686645508,31.399999618530273,31.0,31.239999771118164,308443
2024-08-26,31.239999771118164,31.5,30.899999618530273,31.0,454622
2024-08-27,31.0,31.700000762939453,31.0,31.510000228881836,860242
2024-08-28,31.510000228881836,32.709999084472656,31.700000762939453,32.2599983215332,2176488
2024-08-29,32.2599983215332,32.939998626708984,31.899999618530273,32.279998779296875,1573716
2024-09-01,32.279998779296875,32.66999816894531,31.850000381469727,31.90999984741211,932696
2024-09-02,31.90999984741211,32.650001525878906,31.959999084472656,32.06999969482422,1643542
2024-09-03,32.06999969482422,32.63999938964844,32.099998474121094,32.599998474121094,734739
2024-09-04,32.599998474121094,33.869998931884766,32.5099983215332,33.5,2635619
2024-09-05,33.5,34.0,33.52000045776367,33.880001068115234,1552384
2024-09-08,33.880001068115234,33.900001525878906,32.5,32.529998779296875,584756
2024-09-09,32.529998779296875,32.849998474121094,32.130001068115234,32.63999938964844,362721
2024-09-10,32.63999938964844,33.599998474121094,32.599998474121094,33.41999816894531,963056
2024-09-11,33.41999816894531,35.0,32.5099983215332,35.0,2873793
2024-09-12,35.0,35.29999923706055,34.75,34.900001525878906,860854
2024-09-16,34.900001525878906,35.099998474121094,33.54999923706055,34.16999816894531,651505
2024-09-17,34.16999816894531,34.25,33.63999938964844,34.09000015258789,536467
2024-09-18,34.09000015258789,34.08000183105469,33.54999923706055,33.970001220703125,242263
2024-09-19,33.970001220703125,35.20000076293945,34.0099983215332,34.900001525878906,3243045
2024-09-22,34.900001525878906,35.150001525878906,34.70000076293945,34.90999984741211,378532
2024-09-23,34.90999984741211,35.0,34.720001220703125,34.7400016784668,350021
2024-09-24,34.400001525878906,35.75,33.75,34.20000076293945,1976948
2024-09-25,34.45000076293945,34.7400016784668,34.25,34.400001525878906,539699
2024-09-26,34.400001525878906,35.75,33.75,34.20000076293945,1976948
2024-09-29,34.20000076293945,34.5,33.83000183105469,33.90999984741211,447823
2024-09-30,33.90999984741211,34.4900016784668,33.599998474121094,33.77000045776367,1219111
2024-10-01,33.77000045776367,34.599998474121094,33.810001373291016,34.2400016784668,869301
2024-10-02,34.2400016784668,34.380001068115234,33.77000045776367,34.08000183105469,516497
2024-10-03,34.08000183105469,34.439998626708984,33.849998474121094,34.099998474121094,300343
2024-10-07,34.099998474121094,34.9900016784668,34.119998931884766,34.27000045776367,852948
2024-10-08,34.27000045776367,34.4900016784668,33.34000015258789,33.5099983215332,350659
2024-10-09,33.5099983215332,35.0,33.5099983215332,34.709999084472656,1016816
2024-10-10,34.709999084472656,35.2400016784668,34.45000076293945,34.9900016784668,716548
2024-10-13,34.9900016784668,35.20000076293945,33.06999969482422,33.5099983215332,853609
2024-10-14,33.5099983215332,34.20000076293945,33.34000015258789,33.5,290432
2024-10-15,33.5,34.20000076293945,33.599998474121094,33.79999923706055,489254
2024-10-16,33.79999923706055,34.41999816894531,33.709999084472656,33.939998626708984,770401
2024-10-17,33.939998626708984,34.0,32.599998474121094,32.630001068115234,907386
2024-10-20,32.630001068115234,33.0,31.760000228881836,31.780000686645508,260066
2024-10-21,31.780000686645508,32.400001525878906,31.399999618530273,32.0099983215332,261120
2024-10-22,32.0099983215332,33.599998474121094,32.25,32.400001525878906,317130
2024-10-23,32.400001525878906,33.29999923706055,32.060001373291016,32.900001525878906,406418
2024-10-24,32.900001525878906,33.4900016784668,32.83000183105469,33.4900016784668,150114
2024-10-27,33.4900016784668,33.79999923706055,33.29999923706055,33.310001373291016,158345
2024-10-28,33.310001373291016,33.88999938964844,32.5,32.61000061035156,326660
2024-10-29,32.61000061035156,33.150001525878906,32.79999923706055,33.0099983215332,200847
2024-10-30,33.0099983215332,33.599998474121094,33.0,33.29999923706055,159362
2024-10-31,33.29999923706055,33.97999954223633,33.150001525878906,33.58000183105469,1154892
2024-11-03,33.58000183105469,33.84000015258789,33.0,33.77000045776367,2856036
2024-11-04,33.77000045776367,34.54999923706055,33.66999816894531,33.70000076293945,1268938
2024-11-05,33.70000076293945,33.9900016784668,33.70000076293945,33.9900016784668,268951
2024-11-06,33.9900016784668,34.099998474121094,33.45000076293945,33.45000076293945,467651
2024-11-07,33.45000076293945,34.20000076293945,33.5,33.900001525878906,194592
2024-11-10,33.900001525878906,33.900001525878906,33.65999984741211,33.7400016784668,112781
2024-11-11,33.7400016784668,37.0,33.65999984741211,36.0,1407957
2024-11-12,36.0,36.439998626708984,35.70000076293945,36.150001525878906,1607024
2024-11-13,36.150001525878906,36.25,35.2599983215332,35.41999816894531,295068
2024-11-14,35.41999816894531,35.41999816894531,34.27000045776367,34.400001525878906,544848
2024-11-17,34.400001525878906,34.45000076293945,33.15999984741211,33.5099983215332,718477
2024-11-18,33.5099983215332,33.7400016784668,32.95000076293945,33.0,1359313
2024-11-19,33.0,33.689998626708984,33.0,33.400001525878906,741221
2024-11-20,33.400001525878906,33.599998474121094,33.22999954223633,33.279998779296875,158475
2024-11-21,33.279998779296875,33.4900016784668,33.0,33.02000045776367,265933
2024-11-24,33.02000045776367,33.290000915527344,32.5,32.5,343464
2024-11-25,32.5,32.880001068115234,32.400001525878906,32.400001525878906,449508
2024-11-26,32.400001525878906,33.20000076293945,32.529998779296875,33.11000061035156,1043135
2024-11-27,33.11000061035156,33.189998626708984,32.54999923706055,32.779998779296875,182917
2024-11-28,32.779998779296875,33.099998474121094,32.5,33.0,421085
2024-12-01,33.0,33.400001525878906,32.75,32.959999084472656,298851
2024-12-02,32.959999084472656,33.25,32.849998474121094,32.93000030517578,1106419
2024-12-03,32.93000030517578,33.18000030517578,32.77000045776367,32.900001525878906,585250
2024-12-04,32.900001525878906,33.29999923706055,32.90999984741211,33.0,584181
2024-12-05,33.0,33.29999923706055,32.75,32.79999923706055,445087
2024-12-08,32.79999923706055,35.25,33.20000076293945,34.40999984741211,2318813
2024-12-09,34.40999984741211,34.900001525878906,34.04999923706055,34.400001525878906,804591
2024-12-10,34.400001525878906,34.5,33.5,34.040000915527344,1272476
2024-12-11,34.040000915527344,34.20000076293945,33.560001373291016,34.20000076293945,359306
2024-12-12,34.20000076293945,34.54999923706055,34.04999923706055,34.220001220703125,929507
2024-12-15,34.220001220703125,34.5,33.81999969482422,34.2599983215332,191242
2024-12-16,34.2599983215332,34.43000030517578,33.810001373291016,34.220001220703125,261819
2024-12-17,34.220001220703125,34.43000030517578,33.91999816894531,34.09000015258789,144482
2024-12-18,34.09000015258789,34.38999938964844,33.91999816894531,34.02000045776367,420416
2024-12-19,34.02000045776367,34.099998474121094,33.209999084472656,33.400001525878906,2962788
2024-12-22,33.400001525878906,33.97999954223633,33.29999923706055,33.459999084472656,277488
2024-12-23,33.459999084472656,33.5,32.880001068115234,33.0,5375013
2024-12-24,33.0,33.470001220703125,32.84000015258789,32.9900016784668,984158
2024-12-25,32.9900016784668,33.400001525878906,32.40999984741211,32.470001220703125,293026
2024-12-26,32.470001220703125,32.91999816894531,32.5,32.900001525878906,603753
2024-12-29,32.900001525878906,33.34000015258789,32.7400016784668,33.20000076293945,1173690
2024-12-30,33.20000076293945,33.4900016784668,32.599998474121094,33.13999938964844,984485
2024-12-31,33.13999938964844,33.439998626708984,32.599998474121094,33.099998474121094,689849
2025-01-02,33.099998474121094,34.75,33.099998474121094,34.59000015258789,2341484
2025-01-05,34.59000015258789,35.900001525878906,34.2599983215332,35.5,1783650
2025-01-06,35.5,35.650001525878906,34.47999954223633,35.18000030517578,1143199
2025-01-08,35.18000030517578,35.400001525878906,34.810001373291016,35.20000076293945,860060
2025-01-09,35.20000076293945,35.400001525878906,35.0,35.209999084472656,1273325
2025-01-12,35.209999084472656,35.0,34.349998474121094,34.900001525878906,322405
2025-01-13,34.900001525878906,34.9900016784668,34.52000045776367,34.560001373291016,230771
2025-01-14,34.560001373291016,34.5,33.029998779296875,34.0,591984
2025-01-15,34.0,34.5,33.0,33.630001068115234,549099
2025-01-16,33.630001068115234,34.15999984741211,33.5,33.90999984741211,191525
2025-01-19,33.630001068115234,34.5,33.5,34.0099983215332,310225
2025-01-20,34.0,34.33000183105469,33.400001525878906,33.650001525878906,315777
2025-01-21,33.650001525878906,33.79999923706055,33.29999923706055,33.45000076293945,1127317
2025-01-22,33.45000076293945,33.779998779296875,33.400001525878906,33.70000076293945,291784
2025-01-23,33.70000076293945,34.09000015258789,33.599998474121094,34.040000915527344,431951
2025-01-26,34.040000915527344,34.25,33.599998474121094,33.61000061035156,315030
2025-01-27,33.61000061035156,34.09000015258789,33.0,33.5,2283240
2025-01-28,33.5,33.9900016784668,33.209999084472656,33.810001373291016,1187273
2025-01-29,33.810001373291016,33.97999954223633,33.5099983215332,33.720001220703125,144162
2025-01-30,33.720001220703125,34.79999923706055,33.7599983215332,34.15999984741211,814047
2025-02-02,34.15999984741211,34.25,33.45000076293945,33.7400016784668,224949
2025-02-03,33.7400016784668,33.9900016784668,33.150001525878906,33.25,703535
2025-02-04,33.25,33.70000076293945,33.20000076293945,33.29999923706055,146192
2025-02-05,33.29999923706055,33.650001525878906,33.20000076293945,33.2400016784668,107655
2025-02-06,33.2400016784668,34.09000015258789,33.220001220703125,34.040000915527344,1114661
2025-02-09,34.040000915527344,34.040000915527344,33.709999084472656,33.869998931884766,84735
2025-02-10,33.869998931884766,34.0,33.560001373291016,34.0,519228
2025-02-11,34.0,34.5,33.56999969482422,34.2599983215332,1569079
2025-02-12,34.2599983215332,34.5,33.5,34.45000076293945,1201019
2025-02-13,34.45000076293945,35.400001525878906,34.150001525878906,35.029998779296875,1300919
2025-02-16,35.029998779296875,35.4900016784668,34.709999084472656,34.9900016784668,94040
2025-02-17,34.9900016784668,35.29999923706055,34.70000076293945,35.02000045776367,1924918
2025-02-18,35.02000045776367,36.5,34.810001373291016,36.5,2198108
2025-02-19,36.5,37.47999954223633,36.25,37.040000915527344,1497931
2025-02-20,37.040000915527344,38.04999923706055,37.0,37.31999969482422,1578908
2025-02-23,37.31999969482422,38.29999923706055,37.0,38.150001525878906,819425
2025-02-24,38.150001525878906,38.04999923706055,37.52000045776367,38.0,443530
2025-02-25,38.0,38.04999923706055,37.52000045776367,38.0,723152
2025-02-26,38.0,38.150001525878906,37.83000183105469,38.060001373291016,373688
2025-02-27,38.060001373291016,38.099998474121094,36.70000076293945,38.0,1379122
2025-03-02,38.0,38.0,37.029998779296875,37.84000015258789,191227
2025-03-03,37.84000015258789,37.97999954223633,37.119998931884766,37.79999923706055,441142
2025-03-04,37.79999923706055,37.97999954223633,37.029998779296875,37.599998474121094,740636
2025-03-05,37.599998474121094,38.119998931884766,37.209999084472656,38.02000045776367,994516
2025-03-06,38.02000045776367,38.02000045776367,37.5099983215332,37.79999923706055,211513
2025-03-09,37.79999923706055,38.02000045776367,37.70000076293945,37.849998474121094,438620
2025-03-10,37.849998474121094,38.0,36.540000915527344,36.61000061035156,242700
2025-03-11,36.61000061035156,36.849998474121094,36.58000183105469,36.61000061035156,25202
2025-03-12,36.61000061035156,37.25,36.599998474121094,36.720001220703125,134598
2025-03-13,36.720001220703125,36.97999954223633,36.619998931884766,36.70000076293945,269312
2025-03-16,36.70000076293945,36.95000076293945,36.59000015258789,36.630001068115234,121897
2025-03-17,36.630001068115234,36.79999923706055,36.61000061035156,36.75,166614
2025-03-18,36.75,37.2400016784668,36.599998474121094,37.0099983215332,245285
2025-03-19,37.0099983215332,37.400001525878906,37.0,37.099998474121094,52364
2025-03-20,37.099998474121094,37.189998626708984,36.310001373291016,36.970001220703125,204438
2025-03-23,36.970001220703125,37.349998474121094,36.33000183105469,36.939998626708984,147800
2025-03-24,36.939998626708984,36.900001525878906,36.29999923706055,36.31999969482422,436901
2025-03-25,36.31999969482422,37.0,36.29999923706055,36.34000015258789,28348
2025-03-26,36.34000015258789,36.400001525878906,35.5,36.0,218556
2025-03-27,36.0,36.2400016784668,35.0,35.29999923706055,1696567
2025-04-03,35.29999923706055,35.5,35.0099983215332,35.04999923706055,205563
2025-04-06,35.04999923706055,34.900001525878906,33.650001525878906,33.95000076293945,719506
2025-04-07,33.95000076293945,33.75,33.209999084472656,33.68000030517578,426974
2025-04-08,33.68000030517578,34.220001220703125,33.709999084472656,33.88999938964844,214751
2025-04-09,33.88999938964844,34.150001525878906,33.599998474121094,33.77000045776367,60460
2025-04-10,33.77000045776367,34.45000076293945,33.779998779296875,33.9900016784668,211419
2025-04-13,33.9900016784668,34.290000915527344,34.0,34.0,105357
2025-04-14,34.0,34.689998626708984,34.0,34.650001525878906,646359
2025-04-15,34.650001525878906,35.20000076293945,34.650001525878906,35.20000076293945,352625
2025-04-16,35.20000076293945,35.290000915527344,34.75,34.79999923706055,184420
2025-04-17,34.79999923706055,35.0,34.52000045776367,34.790000915527344,303369
2025-04-22,34.790000915527344,34.0,33.5,33.70000076293945,677416
2025-04-23,33.70000076293945,34.29999923706055,33.75,34.29999923706055,531824
2025-04-27,34.29999923706055,34.97999954223633,34.04999923706055,34.58000183105469,154378
2025-04-28,34.58000183105469,34.70000076293945,34.369998931884766,34.599998474121094,146420
2025-04-29,34.599998474121094,34.70000076293945,33.95000076293945,34.15999984741211,420497
2025-04-30,34.15999984741211,34.68000030517578,34.099998474121094,34.599998474121094,651606
2025-05-04,34.599998474121094,35.349998474121094,34.439998626708984,35.11000061035156,700022
2025-05-05,35.11000061035156,35.9900016784668,34.5099983215332,35.54999923706055,1792295
2025-05-06,35.54999923706055,35.880001068115234,35.29999923706055,35.720001220703125,150923
2025-05-07,35.720001220703125,35.9900016784668,34.9900016784668,35.20000076293945,1201418
2025-05-08,35.20000076293945,35.599998474121094,34.90999984741211,35.290000915527344,219453
2025-05-11,35.290000915527344,35.70000076293945,34.400001525878906,35.0,281958
2025-05-12,35.0,35.34000015258789,34.61000061035156,34.959999084472656,524963
2025-05-13,34.959999084472656,35.689998626708984,35.209999084472656,35.400001525878906,258173
2025-05-14,35.400001525878906,35.5,35.0099983215332,35.099998474121094,58369
2025-05-15,35.099998474121094,35.25,34.5099983215332,35.25,85387
2025-05-18,35.25,35.4900016784668,34.70000076293945,35.029998779296875,37401
2025-05-19,35.029998779296875,35.189998626708984,34.72999954223633,34.90999984741211,969295
2025-05-20,34.90999984741211,36.0,34.7400016784668,35.90999984741211,257817
2025-05-21,35.90999984741211,37.279998779296875,35.599998474121094,37.0099983215332,902265
2025-05-22,37.0099983215332,37.279998779296875,36.61000061035156,37.0,391577
2025-05-25,37.0,37.290000915527344,35.61000061035156,36.310001373291016,305892
2025-05-26,36.310001373291016,36.5,35.810001373291016,36.2599983215332,256173
2025-05-27,36.2599983215332,37.900001525878906,36.029998779296875,37.900001525878906,1221249
2025-05-28,37.900001525878906,37.88999938964844,36.900001525878906,36.9900016784668,336672
2025-05-29,36.9900016784668,37.099998474121094,35.5,36.130001068115234,1172465
2025-06-01,36.130001068115234,37.369998931884766,36.130001068115234,37.0,149147
2025-06-02,37.0,37.70000076293945,36.5,37.54999923706055,410031
2025-06-03,37.54999923706055,37.900001525878906,37.0099983215332,37.77000045776367,363186
2025-06-04,37.77000045776367,37.75,37.0,37.5,226168
2025-06-10,37.5,37.4900016784668,36.959999084472656,37.150001525878906,230741
2025-06-11,37.150001525878906,37.7400016784668,37.0,37.5,127344
2025-06-12,37.5,37.88999938964844,36.61000061035156,37.369998931884766,423410
2025-06-15,37.369998931884766,37.0,33.65999984741211,36.790000915527344,1056798
2025-06-16,36.790000915527344,36.79999923706055,35.029998779296875,36.380001068115234,436817
2025-06-17,36.380001068115234,36.68000030517578,35.5099983215332,35.880001068115234,421466
2025-06-18,35.880001068115234,36.5,35.04999923706055,36.040000915527344,363927
2025-06-19,36.040000915527344,36.29999923706055,35.36000061035156,36.0,105609
2025-06-22,36.0,36.400001525878906,34.150001525878906,36.34000015258789,210096
2025-06-23,36.34000015258789,37.4900016784668,35.41999816894531,37.4900016784668,3583698
2025-06-24,37.4900016784668,37.75,36.810001373291016,37.400001525878906,500237
2025-06-25,37.400001525878906,37.9900016784668,36.900001525878906,37.93000030517578,302714
2025-06-29,37.93000030517578,39.75,37.79999923706055,38.29999923706055,1110453
2025-06-30,38.29999923706055,39.27000045776367,37.90999984741211,38.0,1078876
2025-07-01,38.0,38.4900016784668,37.560001373291016,37.880001068115234,126918
2025-07-02,37.880001068115234,38.0,36.810001373291016,37.15999984741211,223423
2025-07-06,37.15999984741211,38.2400016784668,37.099998474121094,38.20000076293945,319393
2025-07-07,38.20000076293945,39.72999954223633,38.0,39.25,1295561
2025-07-09,39.25,39.70000076293945,37.709999084472656,38.349998474121094,335334
2025-07-10,38.349998474121094,38.9900016784668,37.90999984741211,38.70000076293945,308315
2025-07-13,38.70000076293945,38.900001525878906,36.9900016784668,37.25,1616533
2025-07-14,37.25,38.4900016784668,37.02000045776367,38.439998626708984,1042289
2025-07-15,38.439998626708984,39.4900016784668,38.15999984741211,39.349998474121094,714881
2025-07-16,39.349998474121094,39.279998779296875,38.04999923706055,38.25,218937
2025-07-17,38.25,39.0,38.18000030517578,38.369998931884766,164629
2025-07-20,38.369998931884766,38.88999938964844,38.13999938964844,38.31999969482422,188087
2025-07-21,38.31999969482422,38.65999984741211,37.630001068115234,37.630001068115234,258995
2025-07-22,37.630001068115234,38.02000045776367,37.02000045776367,37.61000061035156,844405
2025-07-23,37.61000061035156,37.61000061035156,37.61000061035156,37.61000061035156,0
2025-07-27,38.93000030517578,40.900001525878906,38.68000030517578,39.77000045776367,631265
2025-07-28,39.77000045776367,40.70000076293945,38.560001373291016,38.9900016784668,462021
2025-07-29,38.9900016784668,40.20000076293945,38.709999084472656,40.189998626708984,1283811
2025-07-30,40.189998626708984,40.400001525878906,39.5,40.13999938964844,222633
2025-07-31,40.13999938964844,41.0,39.400001525878906,41.0,407551
2025-08-03,41.0,41.0,41.0,41.0,0
2025-08-04,41.0,41.0,41.0,41.0,0
2025-08-05,41.0,41.0,41.0,41.0,0
2025-08-06,41.0,41.0,41.0,41.0,0
2025-08-07,41.0,41.0,41.0,41.0,0
2025-08-10,44.5,45.45000076293945,44.0,45.0,428921
2025-08-11,45.0,45.20000076293945,44.599998474121094,45.150001525878906,319911
2025-08-12,45.150001525878906,45.0,44.650001525878906,44.79999923706055,532502
2025-08-13,44.79999923706055,44.9900016784668,43.79999923706055,44.79999923706055,196518
2025-08-14,44.79999923706055,45.0,44.119998931884766,45.0,187146
2025-08-17,45.0,46.75,45.099998474121094,46.06999969482422,480937
2025-08-18,46.06999969482422,46.68000030517578,45.58000183105469,46.400001525878906,2022801
2025-08-19,46.400001525878906,46.95000076293945,46.0,46.79999923706055,419822
2025-08-20,46.79999923706055,46.5,46.0,46.189998626708984,314689
2025-08-21,46.189998626708984,46.47999954223633,44.0,46.0,594740
2025-08-24,46.0,46.29999923706055,45.29999923706055,46.20000076293945,152175
2025-08-25,46.20000076293945,46.599998474121094,46.02000045776367,46.22999954223633,285203
2025-08-26,46.22999954223633,46.70000076293945,46.0,46.0,1087739
2025-08-27,46.0,47.099998474121094,46.0,46.790000915527344,1168024
2025-08-28,46.790000915527344,47.0,45.86000061035156,46.33000183105469,429991
2025-08-31,46.33000183105469,46.88999938964844,44.900001525878906,45.5,243207
2025-09-01,45.5,45.900001525878906,45.11000061035156,45.900001525878906,288107
2025-09-02,45.900001525878906,46.459999084472656,45.33000183105469,46.189998626708984,290930
2025-09-03,46.189998626708984,46.189998626708984,44.90999984741211,45.04999923706055,496960
2025-09-07,45.04999923706055,46.189998626708984,44.349998474121094,45.0,534883
2025-09-08,45.0,45.900001525878906,45.119998931884766,45.72999954223633,632965
2025-09-09,45.72999954223633,45.86000061035156,44.099998474121094,44.099998474121094,307838
2025-09-10,44.099998474121094,44.959999084472656,44.20000076293945,44.79999923706055,83241
2025-09-11,44.79999923706055,46.02000045776367,44.7400016784668,46.02000045776367,576570
2025-09-14,46.02000045776367,47.5,45.5099983215332,46.959999084472656,570474
2025-09-15,46.959999084472656,47.75,46.79999923706055,47.709999084472656,328453
2025-09-16,47.709999084472656,47.88999938964844,46.0,46.900001525878906,812265
2025-09-17,46.900001525878906,47.40999984741211,46.02000045776367,46.5,395891
2025-09-18,46.5,47.29999923706055,45.900001525878906,47.25,401976
2025-09-21,47.25,47.7599983215332,46.52000045776367,46.83000183105469,102464
2025-09-22,46.83000183105469,47.34000015258789,46.099998474121094,46.5,413082
2025-09-23,46.5,47.0,46.400001525878906,46.689998626708984,171241
2025-09-24,46.689998626708984,47.20000076293945,46.40999984741211,46.939998626708984,245902
2025-09-25,46.939998626708984,47.0,46.40999984741211,47.0,279842
2025-09-28,47.0,48.5,46.40999984741211,48.5,627475
2025-09-29,48.5,50.470001220703125,48.099998474121094,49.9900016784668,767091
2025-09-30,49.9900016784668,51.97999954223633,49.20000076293945,51.0,842510
2025-10-01,51.0,51.9900016784668,49.209999084472656,51.0,484074
2025-10-02,51.0,50.9900016784668,49.79999923706055,49.79999923706055,2140144
2025-10-05,49.79999923706055,50.9900016784668,49.0,49.0,402795
2025-10-06,49.0,49.47999954223633,48.20000076293945,49.0,409187
2025-10-07,49.0,49.83000183105469,47.29999923706055,47.81999969482422,877894
2025-10-08,47.81999969482422,49.9900016784668,47.5099983215332,48.029998779296875,781997
2025-10-12,48.029998779296875,50.529998779296875,47.79999923706055,50.0,782593
2025-10-13,50.0,50.5,48.900001525878906,48.900001525878906,741644
2025-10-14,48.900001525878906,50.0,49.0,49.54999923706055,1312774
2025-10-15,49.54999923706055,50.0,48.0,50.0,748357
2025-10-16,50.0,50.97999954223633,49.95000076293945,50.33000183105469,1316116
2025-10-19,50.33000183105469,51.4900016784668,50.0,50.400001525878906,281180
2025-10-20,50.400001525878906,51.09000015258789,50.0,50.02000045776367,299737
2025-10-21,50.02000045776367,50.959999084472656,49.81999969482422,50.5,355182
2025-10-22,50.5,50.869998931884766,50.029998779296875,50.66999816894531,78215
2025-10-23,50.66999816894531,51.4900016784668,50.09000015258789,50.79999923706055,757315
2025-10-26,50.79999923706055,51.400001525878906,50.5,50.529998779296875,619544
2025-10-27,50.529998779296875,51.0,50.209999084472656,50.5099983215332,396167
2025-10-28,50.5099983215332,50.939998626708984,50.27000045776367,50.40999984741211,261704
2025-10-29,50.40999984741211,50.77000045776367,50.02000045776367,50.400001525878906,226062
2025-10-30,50.400001525878906,50.5,50.0,50.099998474121094,372094
2025-11-02,50.099998474121094,50.470001220703125,48.060001373291016,49.70000076293945,226824
2025-11-03,49.70000076293945,52.439998626708984,49.20000076293945,51.83000183105469,672264
2025-11-04,51.83000183105469,53.59000015258789,51.83000183105469,53.5,1123755
2025-11-05,53.5,53.939998626708984,52.75,53.79999923706055,346880
2025-11-06,53.79999923706055,54.0,52.77000045776367,52.86000061035156,272111
2025-11-09,52.86000061035156,53.47999954223633,52.04999923706055,52.47999954223633,269623
2025-11-10,52.47999954223633,52.9900016784668,51.2599983215332,52.4900016784668,1144965
2025-11-11,52.4900016784668,53.470001220703125,51.91999816894531,53.43000030517578,700148
2025-11-12,53.43000030517578,53.41999816894531,52.61000061035156,52.63999938964844,191591
2025-11-13,52.63999938964844,57.0,52.79999923706055,56.0,2957781
2025-11-16,56.0,62.880001068115234,56.11000061035156,62.68000030517578,1954233
2025-11-17,62.68000030517578,63.400001525878906,59.5099983215332,61.099998474121094,787739
2025-11-18,61.099998474121094,61.97999954223633,59.95000076293945,60.65999984741211,1499237
2025-11-19,60.65999984741211,61.099998474121094,59.5099983215332,60.0,578230
2025-11-20,60.0,62.900001525878906,59.599998474121094,62.900001525878906,2346619
2025-11-23,62.900001525878906,68.4800033569336,63.0,65.2699966430664,1614910
2025-11-24,65.2699966430664,66.9000015258789,63.11000061035156,65.80000305175781,1753351
2025-11-25,65.80000305175781,65.75,63.02000045776367,63.529998779296875,1167757
2025-11-26,63.529998779296875,65.44999694824219,63.5,63.9900016784668,3511864
2025-11-27,63.9900016784668,65.0,62.5099983215332,63.5,886700
2025-11-30,63.5,65.30000305175781,63.5,65.0,848302
2025-12-01,65.0,66.38999938964844,63.11000061035156,63.619998931884766,838952
2025-12-02,63.619998931884766,64.58999633789062,61.29999923706055,61.959999084472656,1053063
2025-12-03,61.959999084472656,63.72999954223633,61.5,61.95000076293945,2616253
2025-12-04,61.95000076293945,62.56999969482422,60.5099983215332,61.0,1564168
2025-12-07,61.0,62.939998626708984,60.93000030517578,62.0099983215332,629298
2025-12-08,62.0099983215332,64.48999786376953,62.11000061035156,64.0,2403702
2025-12-09,64.0,65.98999786376953,63.04999923706055,64.01000213623047,1623672
2025-12-10,64.01000213623047,64.88999938964844,63.29999923706055,63.650001525878906,1164059
2025-12-11,63.650001525878906,64.69999694824219,63.54999923706055,64.6500015258789,2026464
2025-12-14,64.6500015258789,66.33000183105469,64.80000305175781,66.0,764977
2025-12-15,66.0,66.80000305175781,65.55000305175781,66.1500015258789,533434
2025-12-16,66.1500015258789,66.12000274658203,63.79999923706055,64.01000213623047,1391155
2025-12-17,64.01000213623047,64.01000213623047,62.95000076293945,63.0,1002130
2025-12-18,63.0,63.189998626708984,62.25,63.130001068115234,1195801
2025-12-21,63.130001068115234,64.0,63.0,64.0,1760279
2025-12-22,64.0,64.48999786376953,62.599998474121094,62.79999923706055,863135
2025-12-23,62.79999923706055,63.5,62.04999923706055,63.0,1038245
2025-12-24,63.0,63.79999923706055,63.0,63.0,175103
2025-12-25,63.0,63.4900016784668,62.79999923706055,62.83000183105469,193073
2025-12-28,62.83000183105469,64.26000213623047,62.83000183105469,64.22000122070312,480424
2025-12-29,64.22000122070312,65.44999694824219,64.05000305175781,64.80000305175781,1051790
2025-12-30,64.80000305175781,65.2699966430664,64.69999694824219,64.79000091552734,488884
2025-12-31,64.79000091552734,65.7699966430664,64.69999694824219,65.7699966430664,706678
2026-01-04,65.7699966430664,67.5,65.30000305175781,65.30999755859375,872381
2026-01-05,65.30999755859375,66.44999694824219,63.02000045776367,63.97999954223633,1538516
2026-01-06,63.97999954223633,65.5,63.70000076293945,65.25,961801
2026-01-08,65.25,69.83999633789062,65.25,68.72000122070312,3159769
2026-01-11,68.72000122070312,71.37000274658203,68.9000015258789,71.0,1569586
2026-01-12,71.0,70.98999786376953,69.0999984741211,69.1500015258789,1009737
2026-01-13,69.1500015258789,70.0,67.26000213623047,69.01000213623047,1542671
2026-01-14,69.01000213623047,69.98999786376953,67.5,68.5,1990370
2026-01-15,68.5,69.69999694824219,67.76000213623047,68.25,855028
2026-01-18,68.25,69.5,67.80999755859375,67.94999694824219,463868
2026-01-19,67.94999694824219,74.0,68.12000274658203,73.87999725341797,3014820
2026-01-20,73.87999725341797,83.0,73.9000015258789,80.11000061035156,3117081
2026-01-21,80.11000061035156,84.30000305175781,79.80000305175781,80.11000061035156,2518265
2026-01-22,80.11000061035156,81.19999694824219,77.69999694824219,78.51000213623047,1518366
2026-01-25,78.51000213623047,79.83999633789062,77.0999984741211,77.98999786376953,849821
2026-01-26,77.98999786376953,82.0,78.05000305175781,81.2300033569336,1185622
2026-01-27,81.2300033569336,82.7300033569336,79.5,79.66000366210938,1821192
2026-01-28,79.66000366210938,80.88999938964844,78.0999984741211,78.5,715022
2026-02-01,78.5,79.9000015258789,77.75,79.27999877929688,687737
2026-02-02,79.27999877929688,79.80000305175781,77.5999984741211,78.4000015258789,2022573
2026-02-03,78.4000015258789,83.9800033569336,78.44000244140625,83.25,2942063
2026-02-04,83.25,84.0,82.12000274658203,83.30000305175781,1246256
2026-02-05,83.30000305175781,84.95999908447266,82.83999633789062,84.88999938964844,1605333
2026-02-08,84.88999938964844,89.55000305175781,86.0,88.75,2152785
2026-02-09,88.75,91.5999984741211,88.75,90.88999938964844,1949387
2026-02-10,90.88999938964844,92.88999938964844,90.1500015258789,92.88999938964844,1204925
2026-02-11,92.88999938964844,93.88999938964844,92.5,93.1500015258789,1061528
2026-02-12,93.1500015258789,94.94999694824219,91.11000061035156,94.94000244140625,1153038
2026-02-15,94.94000244140625,112.9800033569336,95.05000305175781,112.9800033569336,1933986
2026-02-16,112.9800033569336,110.5,98.5,99.01000213623047,6078193
2026-02-17,99.01000213623047,100.0,97.19999694824219,97.33999633789062,1946977
2026-02-18,97.33999633789062,100.01000213623047,97.30999755859375,97.69999694824219,2463340
2026-02-19,97.69999694824219,98.88999938964844,93.20999908447266,94.0999984741211,1958107
2026-02-22,94.0999984741211,95.4000015258789,91.0,91.88999938964844,1262562
2026-02-23,91.88999938964844,93.19999694824219,91.5,92.5,1733449
2026-02-24,92.5,96.87999725341797,91.8499984741211,93.9000015258789,2753086
2026-02-25,93.9000015258789,94.9000015258789,87.0,89.77999877929688,2039087
2026-02-26,89.77999877929688,92.79000091552734,88.25,92.79000091552734,2431296
2026-03-01,92.79000091552734,92.0,86.0,90.30000305175781,1812566
2026-03-02,90.30000305175781,91.47000122070312,88.01000213623047,88.83000183105469,1493042
2026-03-03,88.83000183105469,88.98999786376953,86.5199966430664,86.5999984741211,1518465
2026-03-04,86.5999984741211,88.01000213623047,85.30999755859375,88.0,1585063
2026-03-05,88.0,89.87999725341797,88.0,88.0,1712713
2026-03-08,88.0,88.6500015258789,85.8499984741211,86.0,1113631
2026-03-09,86.0,86.4800033569336,82.0,82.12999725341797,2280978
2026-03-10,82.12999725341797,85.0,83.04000091552734,84.01000213623047,1108289
2026-03-11,84.01000213623047,84.83999633789062,84.0199966430664,84.80000305175781,1222547
2026-03-12,84.80000305175781,85.80000305175781,84.20999908447266,84.6500015258789,1213684
2026-03-15,84.6500015258789,85.43000030517578,82.5,82.55000305175781,629265
2026-03-16,82.55000305175781,83.47000122070312,80.5199966430664,81.0,642479
2026-03-17,81.0,83.4800033569336,81.13999938964844,82.30000305175781,1032235
2026-03-18,82.30000305175781,84.38999938964844,82.51000213623047,84.38999938964844,1841718
2026-03-19,84.38999938964844,84.38999938964844,84.38999938964844,84.38999938964844,0
2026-03-24,84.38999938964844,85.55999755859375,82.5999984741211,82.5999984741211,1557379
2026-03-25,82.5999984741211,84.0,82.9000015258789,83.5,1163022
2026-03-26,83.5,84.29000091552734,82.6500015258789,82.6500015258789,399351
2026-03-29,82.6500015258789,83.0,81.0,81.5,704765
2026-03-30,81.5,81.75,78.5,79.01000213623047,742030
2026-03-31,79.01000213623047,79.9000015258789,78.3499984741211,78.58999633789062,1004624
2026-04-01,78.58999633789062,84.5,79.08000183105469,84.5,1895488
2026-04-02,84.5,85.33999633789062,82.16000366210938,84.41000366210938,1282377
2026-04-05,84.41000366210938,88.9000015258789,84.9000015258789,88.9000015258789,1957198
2026-04-06,88.9000015258789,89.95999908447266,87.51000213623047,88.44000244140625,893492
2026-04-07,88.44000244140625,88.75,87.04000091552734,87.9000015258789,699173
2026-04-08,87.9000015258789,92.5,89.11000061035156,91.0,3442250
2026-04-09,91.0,93.9000015258789,90.66999816894531,93.9000015258789,1028797
2026-04-14,93.9000015258789,94.88999938964844,92.01000213623047,94.0,1568140
2026-04-15,94.0,94.94999694824219,93.58000183105469,93.81999969482422,854179
2026-04-16,93.81999969482422,95.80000305175781,93.8499984741211,95.69000244140625,2369171
2026-04-19,95.69000244140625,97.0,94.5,96.25,1144797
2026-04-20,96.25,95.98999786376953,93.69999694824219,94.0,1093190
2026-04-21,94.0,94.98999786376953,93.70999908447266,94.0,1263258
2026-04-22,94.0,95.0,94.01000213623047,94.51000213623047,891862
2026-04-23,94.51000213623047,95.2699966430664,94.26000213623047,95.01000213623047,1262677
2026-04-26,95.01000213623047,95.98999786376953,94.75,95.94000244140625,740244
2026-04-27,95.94000244140625,96.4000015258789,95.01000213623047,95.6500015258789,672867
2026-04-28,95.6500015258789,95.48999786376953,94.5,95.0,1199710
2026-04-29,95.0,95.0,94.0,94.19999694824219,735630
2026-04-30,94.19999694824219,94.83999633789062,91.51000213623047,93.5,1062723
2026-05-03,93.5,93.5,92.06999969482422,93.5,972115
2026-05-04,93.5,94.30000305175781,92.61000061035156,93.0,582155
2026-05-05,93.0,93.0,91.0,92.5,810663
2026-05-06,92.5,99.5,94.0,96.70999908447266,5188359
2026-05-10,96.70999908447266,99.9000015258789,98.5,99.5,1547879
2026-05-11,99.5,101.88999938964844,97.4000015258789,98.88999938964844,2218937
2026-05-12,98.88999938964844,99.0,97.5,98.48999786376953,1043582
2026-05-13,98.48999786376953,98.9800033569336,96.36000061035156,96.5999984741211,931933
2026-05-14,96.5999984741211,98.0,95.19999694824219,96.5999984741211,860436
2026-05-17,96.5999984741211,96.86000061035156,94.0,94.25,805003
2026-05-18,94.25,95.19000244140625,93.01000213623047,93.30999755859375,978816
2026-05-19,93.30999755859375,96.41999816894531,93.3499984741211,95.75,917892
2026-05-20,95.75,97.7300033569336,95.04000091552734,95.48999786376953,856162
2026-05-21,95.48999786376953,95.97000122070312,93.61000061035156,95.48999786376953,1243183
2026-05-24,95.48999786376953,96.87999725341797,95.0,95.5,533135
2026-05-25,95.5,97.62999725341797,94.80000305175781,97.62999725341797,1041953
2026-05-26,97.62999725341797,97.62999725341797,97.62999725341797,97.62999725341797,0
2026-05-27,97.62999725341797,97.62999725341797,97.62999725341797,97.62999725341797,0
2026-05-28,97.62999725341797,97.62999725341797,97.62999725341797,97.62999725341797,0
2026-06-01,97.62999725341797,98.05000305175781,96.01000213623047,97.97000122070312,694642
2026-06-02,97.97000122070312,97.98999786376953,96.91000366210938,97.98999786376953,704094
2026-06-03,97.98999786376953,97.98999786376953,95.58999633789062,96.0999984741211,432807
2026-06-04,96.0999984741211,96.98999786376953,95.7300033569336,96.9000015258789,937501
2026-06-07,96.9000015258789,96.87000274658203,94.41000366210938,94.41000366210938,518543
2026-06-08,94.41000366210938,94.9800033569336,92.16999816894531,94.05000305175781,692666
2026-06-09,94.05000305175781,95.0999984741211,93.70999908447266,94.27999877929688,674745
2026-06-10,94.27999877929688,94.27999877929688,92.52999877929688,92.55999755859375,577745
2026-06-11,92.55999755859375,92.5,89.80000305175781,90.16000366210938,883624
2026-06-14,90.16000366210938,94.55000305175781,89.61000061035156,90.69000244140625,1943092
2026-06-15,90.69000244140625,93.0,91.0,93.0,1159724
2026-06-16,93.0,93.69999694824219,92.30999755859375,93.0,793263
2026-06-17,93.0,93.0,93.0,93.0,0
2026-06-18,93.0,93.0,93.0,93.0,0
2026-06-21,92.5,93.94999694824219,92.51000213623047,93.01000213623047,488580
2026-06-22,93.01000213623047,93.01000213623047,93.01000213623047,93.01000213623047,0
2026-06-23,95.13999938964844,96.62999725341797,94.30000305175781,95.36000061035156,1055832
2026-06-24,95.36000061035156,95.0,94.02999877929688,94.66000366210938,495076
2026-06-25,94.66000366210938,95.0,93.05000305175781,93.6500015258789,382716
2026-06-28,93.6500015258789,93.88999938964844,90.22000122070312,91.0,460314
2026-06-29,91.0,91.44000244140625,89.01000213623047,90.0,463687
2026-06-30,90.0,93.33999633789062,90.05000305175781,92.30000305175781,799301
2026-07-01,92.30000305175781,94.0,92.0199966430664,92.61000061035156,269394
2026-07-05,92.61000061035156,93.93000030517578,92.72000122070312,92.7699966430664,244380
2026-07-06,92.7699966430664,96.5,92.61000061035156,96.5,1033387
2026-07-07,96.5,101.5,96.01000213623047,98.5,2392602
2026-07-08,98.5,99.25,94.9000015258789,96.69000244140625,655894
2026-07-09,96.69000244140625,98.55999755859375,95.5,97.8499984741211,362283
2026-07-12,97.8499984741211,99.0,96.6500015258789,98.68000030517578,371760
2026-07-13,98.68000030517578,98.68000030517578,96.55999755859375,97.0,628430
2026-07-14,97.0,97.48999786376953,96.0,97.25,350605
2026-07-15,97.25,99.97000122070312,97.0,98.19999694824219,550807
2026-07-16,98.19999694824219,99.5,98.30000305175781,98.30000305175781,573588
2026-07-19,98.30000305175781,100.5,97.54000091552734,98.80999755859375,634401
2026-07-20,98.80999755859375,100.9000015258789,98.0,99.83999633789062,727842
2026-07-21,99.83999633789062,104.80000305175781,100.0,103.61000061035156,1720466
2026-07-22,103.61000061035156,106.9000015258789,103.0,103.27999877929688,2211725
2026-07-26,103.27999877929688,104.98999786376953,102.5,103.01000213623047,361999
2026-07-27,103.01000213623047,104.69000244140625,102.51000213623047,103.5,1066823
2026-07-28,103.5,107.19999694824219,104.01000213623047,105.25,1120344
2026-07-29,105.25,108.0,104.51000213623047,106.80000305175781,736510
2026-07-30,106.80000305175781,107.08999633789062,102.75,103.5999984741211,1511598
