date,open,high,low,close,volume
2015-01-04,4.651851177215576,4.651851177215576,4.651851177215576,4.651851177215576,0
2015-01-05,4.651851177215576,4.651851177215576,4.651851177215576,4.651851177215576,13328
2015-01-06,4.651851177215576,4.5768208503723145,4.501791000366211,4.501791000366211,177262
2015-01-08,4.501791000366211,4.501791000366211,4.501791000366211,4.501791000366211,0
2015-01-11,4.501791000366211,4.501791000366211,4.501791000366211,4.501791000366211,0
2015-01-12,4.501791000366211,4.951971054077148,4.681862831115723,4.948968887329102,196421
2015-01-13,4.948968887329102,5.442666053771973,5.442666053771973,5.442666053771973,464288
2015-01-14,5.442666053771973,5.985881805419922,5.702269077301025,5.970876216888428,1773507
2015-01-15,5.970876216888428,6.56661319732666,5.702269077301025,6.257490158081055,2610860
2015-01-18,6.257490158081055,6.446566104888916,5.967875003814697,6.110432147979736,1340206
2015-01-19,6.110432147979736,6.3025078773498535,5.777298927307129,5.915353775024414,4513002
2015-01-20,5.915353775024414,6.22747802734375,5.837323188781738,5.958870887756348,2954723
2015-01-21,5.958870887756348,5.874837875366211,5.687263011932373,5.7637939453125,3252784
2015-01-22,5.7637939453125,5.882340908050537,5.552209854125977,5.679759979248047,2634977
2015-01-26,5.679759979248047,5.702269077301025,5.514695167541504,5.6302409172058105,819153
2015-01-27,5.6302409172058105,5.699267864227295,5.517695903778076,5.573217868804932,1597730
2015-01-28,5.573217868804932,5.619736194610596,5.463674068450928,5.511693000793457,4833935
2015-01-29,5.511693000793457,5.537203788757324,5.387144088745117,5.4546709060668945,1796964
2015-02-01,5.4546709060668945,5.432161808013916,5.186063766479492,5.3241190910339355,1100608
2015-02-02,5.3241190910339355,5.457672119140625,5.223578929901123,5.339125156402588,1155313
2015-02-03,5.339125156402588,5.834321975708008,5.47567892074585,5.673758029937744,4599368
2015-02-04,5.673758029937744,5.702269077301025,5.5657148361206055,5.627239227294922,1380277
2015-02-05,5.627239227294922,5.68126106262207,5.508691787719727,5.600228786468506,1163390
2015-02-08,5.600228786468506,5.702269077301025,5.550708770751953,5.613733768463135,1202934
2015-02-09,5.346628189086914,5.75478982925415,5.552209854125977,5.639244079589844,2171075
2015-02-10,5.639244079589844,5.7292799949646,5.585223197937012,5.628739833831787,609923
2015-02-11,5.628739833831787,5.624238014221191,5.493686199188232,5.555211067199707,656145
2015-02-12,5.555211067199707,5.657250881195068,5.552209854125977,5.571716785430908,202226
2015-02-15,5.571716785430908,5.640745162963867,5.4546709060668945,5.511693000793457,246042
2015-02-16,5.511693000793457,5.5342020988464355,5.316616058349609,5.414155006408691,425090
2015-02-17,5.414155006408691,5.327119827270508,5.126039981842041,5.237083911895752,262435
2015-02-18,5.237083911895752,5.352630138397217,5.252089977264404,5.285102844238281,208543
2015-02-19,5.285102844238281,5.327119827270508,5.102029800415039,5.202569961547852,492070
2015-02-22,5.202569961547852,5.252089977264404,5.117035865783691,5.150049209594727,75130
2015-02-23,5.150049209594727,5.252089977264404,5.0269999504089355,5.156052112579346,258123
2015-02-24,5.156052112579346,5.202569961547852,5.05701208114624,5.171058177947998,244895
2015-02-25,5.171058177947998,5.34212589263916,5.081021785736084,5.2010698318481445,213868
2015-02-26,5.2010698318481445,5.3046112060546875,5.177060127258301,5.232582092285156,248301
2015-03-01,5.232582092285156,5.177060127258301,5.102029800415039,5.1230387687683105,307944
2015-03-02,5.1230387687683105,5.252089977264404,5.126039981842041,5.229580879211426,252659
2015-03-03,5.229580879211426,5.252089977264404,5.121538162231445,5.232582092285156,321352
2015-03-04,5.232582092285156,5.214574813842773,5.081021785736084,5.132041931152344,470612
2015-03-05,5.132041931152344,5.2220778465271,5.106532096862793,5.144046783447266,277222
2015-03-08,5.144046783447266,5.162054061889648,5.08852481842041,5.112534999847412,460603
2015-03-09,5.112534999847412,5.154551029205322,5.105031967163086,5.1290411949157715,818414
2015-03-10,5.1290411949157715,5.141046047210693,5.05701208114624,5.118536949157715,613322
2015-03-11,5.118536949157715,5.05701208114624,4.801910877227783,4.911455154418945,765615
2015-03-12,4.911455154418945,5.13954496383667,4.8169169425964355,5.0269999504089355,1678784
2015-03-15,5.0269999504089355,5.0269999504089355,4.801910877227783,4.8754401206970215,387012
2015-03-16,4.8754401206970215,4.951971054077148,4.696868896484375,4.801910877227783,994977
2015-03-17,4.801910877227783,5.177060127258301,4.876941204071045,4.999989986419678,1916650
2015-03-18,4.999989986419678,5.4021501541137695,5.10053014755249,5.292605876922607,1028410
2015-03-19,5.292605876922607,5.552209854125977,5.252089977264404,5.42765998840332,1710872
2015-03-22,5.42765998840332,5.552209854125977,5.216075897216797,5.330121040344238,541571
2015-03-23,5.330121040344238,5.339125156402588,5.117035865783691,5.229580879211426,1584768
2015-03-24,5.229580879211426,5.3571319580078125,5.207071781158447,5.240085124969482,647682
2015-03-25,5.240085124969482,5.213075160980225,5.030002117156982,5.106532096862793,690211
2015-03-26,5.106532096862793,5.205572128295898,5.0269999504089355,5.1230387687683105,208337
2015-03-29,5.1230387687683105,5.247588157653809,4.921958923339844,5.010494232177734,692344
2015-03-30,5.010000228881836,5.510000228881836,5.510000228881836,5.510000228881836,2020
2015-03-31,5.510000228881836,6.059999942779541,5.349999904632568,5.909999847412109,637138
2015-04-01,5.909999847412109,5.789999961853027,5.320000171661377,5.440000057220459,400326
2015-04-02,5.440000057220459,5.199999809265137,4.900000095367432,4.940000057220459,720428
2015-04-05,4.940000057220459,5.190000057220459,4.900000095367432,4.980000019073486,273990
2015-04-06,4.980000019073486,5.0,4.610000133514404,4.889999866485596,144324
2015-04-07,4.889999866485596,5.090000152587891,4.659999847412109,4.739999771118164,296240
2015-04-08,4.739999771118164,5.0,4.619999885559082,4.809999942779541,165615
2015-04-09,4.809999942779541,4.840000152587891,4.670000076293945,4.760000228881836,199756
2015-04-14,4.760000228881836,4.789999961853027,4.599999904632568,4.699999809265137,335223
2015-04-15,4.699999809265137,4.78000020980835,4.5,4.559999942779541,470046
2015-04-16,4.559999942779541,4.599999904632568,4.489999771118164,4.550000190734863,120761
2015-04-19,4.550000190734863,4.699999809265137,4.449999809265137,4.5,103143
2015-04-20,4.5,4.639999866485596,4.489999771118164,4.590000152587891,395017
2015-04-21,4.590000152587891,4.599999904632568,4.519999980926514,4.550000190734863,229126
2015-04-22,4.550000190734863,4.659999847412109,4.5,4.599999904632568,518268
2015-04-23,4.599999904632568,4.650000095367432,4.53000020980835,4.570000171661377,207309
2015-04-26,4.570000171661377,4.699999809265137,4.429999828338623,4.570000171661377,492286
2015-04-27,4.570000171661377,4.840000152587891,4.5,4.579999923706055,389951
2015-04-28,4.579999923706055,4.650000095367432,4.510000228881836,4.619999885559082,415608
2015-04-29,4.619999885559082,4.869999885559082,4.559999942779541,4.690000057220459,600204
2015-04-30,4.690000057220459,5.050000190734863,4.510000228881836,4.929999828338623,366468
2015-05-03,4.929999828338623,5.079999923706055,4.800000190734863,4.980000019073486,164474
2015-05-04,4.980000019073486,5.28000020980835,4.849999904632568,5.110000133514404,288876
2015-05-05,5.110000133514404,5.539999961853027,5.300000190734863,5.420000076293945,144275
2015-05-06,5.420000076293945,5.400000095367432,5.119999885559082,5.21999979019165,70171
2015-05-07,5.21999979019165,5.300000190734863,5.079999923706055,5.110000133514404,540150
2015-05-10,5.110000133514404,5.230000019073486,5.099999904632568,5.119999885559082,48905
2015-05-11,5.119999885559082,5.190000057220459,5.099999904632568,5.110000133514404,208008
2015-05-12,5.110000133514404,5.21999979019165,5.099999904632568,5.110000133514404,121146
2015-05-13,5.110000133514404,5.349999904632568,5.03000020980835,5.190000057220459,361684
2015-05-14,5.190000057220459,5.170000076293945,5.099999904632568,5.119999885559082,140146
2015-05-17,5.119999885559082,5.320000171661377,5.150000095367432,5.199999809265137,59343
2015-05-18,5.199999809265137,5.619999885559082,5.369999885559082,5.539999961853027,205202
2015-05-19,5.539999961853027,5.389999866485596,5.150000095367432,5.300000190734863,151850
2015-05-20,5.300000190734863,5.400000095367432,5.119999885559082,5.239999771118164,14411
2015-05-21,5.239999771118164,5.449999809265137,5.119999885559082,5.190000057220459,26015
2015-05-24,5.190000057220459,5.349999904632568,5.150000095367432,5.349999904632568,40600
2015-05-25,5.349999904632568,5.300000190734863,5.119999885559082,5.210000038146973,23232
2015-05-26,5.210000038146973,5.440000057220459,5.199999809265137,5.239999771118164,91038
2015-05-27,5.239999771118164,5.389999866485596,5.199999809265137,5.230000019073486,41711
2015-05-28,5.230000019073486,5.25,4.760000228881836,5.099999904632568,71510
2015-05-31,5.099999904632568,4.860000133514404,4.78000020980835,5.099999904632568,146
2015-06-01,5.099999904632568,5.090000152587891,4.860000133514404,5.099999904632568,1250
2015-06-02,5.099999904632568,5.079999923706055,5.0,5.0,63004
2015-06-03,5.0,5.0,4.889999866485596,5.0,65834
2015-06-04,5.0,5.0,4.809999942779541,5.0,1043
2015-06-07,5.0,5.059999942779541,5.0,5.0,2100
2015-06-08,5.0,5.099999904632568,4.699999809265137,5.0,3550
2015-06-09,5.0,5.0,4.71999979019165,5.0,2000
2015-06-10,5.0,5.070000171661377,4.760000228881836,4.820000171661377,9999
2015-06-11,4.820000171661377,4.820000171661377,4.820000171661377,4.820000171661377,0
2015-06-14,4.820000171661377,4.880000114440918,4.599999904632568,4.820000171661377,920
2015-06-15,4.820000171661377,4.670000076293945,4.670000076293945,4.670000076293945,7610
2015-06-16,4.670000076293945,4.880000114440918,4.659999847412109,4.699999809265137,186570
2015-06-17,4.699999809265137,4.869999885559082,4.599999904632568,4.809999942779541,135261
2015-06-18,4.809999942779541,4.900000095367432,4.650000095367432,4.880000114440918,74035
2015-06-21,4.880000114440918,4.800000190734863,4.800000190734863,4.880000114440918,50
2015-06-22,4.880000114440918,4.699999809265137,4.460000038146973,4.559999942779541,123521
2015-06-23,4.559999942779541,4.690000057220459,4.28000020980835,4.360000133514404,73898
2015-06-24,4.360000133514404,4.460000038146973,4.119999885559082,4.389999866485596,113764
2015-06-25,4.389999866485596,4.5,4.099999904632568,4.449999809265137,108494
2015-06-28,4.449999809265137,4.5,4.300000190734863,4.349999904632568,24850
2015-06-29,4.349999904632568,4.309999942779541,4.159999847412109,4.289999961853027,236796
2015-06-30,4.289999961853027,4.289999961853027,4.289999961853027,4.289999961853027,0
2015-07-02,4.289999961853027,4.289999961853027,4.150000095367432,4.28000020980835,558350
2015-07-05,4.28000020980835,4.440000057220459,4.0,4.099999904632568,43865
2015-07-06,4.099999904632568,4.0,3.869999885559082,4.0,383427
2015-07-07,4.0,4.0,3.7300000190734863,3.930000066757202,150511
2015-07-08,3.930000066757202,4.139999866485596,3.740000009536743,3.930000066757202,1193
2015-07-09,3.930000066757202,3.799999952316284,3.5999999046325684,3.6500000953674316,55950
2015-07-12,3.6500000953674316,3.7100000381469727,3.6500000953674316,3.6700000762939453,65550
2015-07-13,3.6700000762939453,3.609999895095825,3.5799999237060547,3.5999999046325684,77246
2015-07-14,3.5999999046325684,3.509999990463257,3.4700000286102295,3.5,16080
2015-07-15,3.5,3.799999952316284,3.4700000286102295,3.75,12836
2015-07-16,3.75,3.700000047683716,3.5999999046325684,3.75,1581
2015-07-19,3.75,3.75,3.75,3.75,0
2015-07-20,3.75,3.75,3.75,3.75,0
2015-07-21,3.75,3.7200000286102295,3.559999942779541,3.619999885559082,9350
2015-07-22,3.619999885559082,3.75,3.559999942779541,3.640000104904175,44005
2015-07-26,3.640000104904175,3.819999933242798,3.619999885559082,3.700000047683716,29425
2015-07-27,3.700000047683716,3.5999999046325684,3.509999990463257,3.5999999046325684,652287
2015-07-28,3.5999999046325684,3.5899999141693115,3.440000057220459,3.549999952316284,10581
2015-07-29,3.549999952316284,3.799999952316284,3.5899999141693115,3.6700000762939453,1004793
2015-07-30,3.6700000762939453,4.019999980926514,3.5999999046325684,3.859999895095825,2226404
2015-08-02,3.859999895095825,4.0,3.759999990463257,3.890000104904175,2103552
2015-08-03,3.890000104904175,3.859999895095825,3.759999990463257,3.799999952316284,1507944
2015-08-04,3.799999952316284,3.890000104904175,3.7300000190734863,3.7799999713897705,66000
2015-08-05,3.7799999713897705,3.7799999713897705,3.7799999713897705,3.7799999713897705,0
2015-08-06,3.7799999713897705,3.7799999713897705,3.7799999713897705,3.7799999713897705,0
2015-08-09,3.7899999618530273,4.0,3.799999952316284,3.8399999141693115,866463
2015-08-10,3.8399999141693115,3.8499999046325684,3.5999999046325684,3.809999942779541,163930
2015-08-11,3.809999942779541,3.8499999046325684,3.5999999046325684,3.690000057220459,692526
2015-08-12,3.690000057220459,3.5999999046325684,3.4600000381469727,3.509999990463257,212826
2015-08-13,3.509999990463257,3.5,3.4100000858306885,3.4800000190734863,107359
2015-08-16,3.4800000190734863,3.4200000762939453,3.2799999713897705,3.3399999141693115,41120
2015-08-17,3.3399999141693115,3.450000047683716,3.2899999618530273,3.369999885559082,84992
2015-08-18,3.369999885559082,3.3499999046325684,3.109999895095825,3.2100000381469727,158893
2015-08-19,3.2100000381469727,3.1500000953674316,2.990000009536743,3.0999999046325684,181665
2015-08-20,3.0999999046325684,3.0199999809265137,2.9600000381469727,3.0,1300570
2015-08-23,3.0,2.990000009536743,2.7300000190734863,2.75,138140
2015-08-24,2.75,2.7200000286102295,2.5,2.5899999141693115,765310
2015-08-25,2.5899999141693115,2.740000009536743,2.549999952316284,2.640000104904175,925475
2015-08-26,2.640000104904175,2.700000047683716,2.619999885559082,2.690000057220459,690266
2015-08-27,2.690000057220459,2.7699999809265137,2.6500000953674316,2.7300000190734863,179801
2015-08-30,2.7300000190734863,2.75,2.6500000953674316,2.7100000381469727,106872
2015-08-31,2.7100000381469727,2.859999895095825,2.700000047683716,2.809999942779541,133062
2015-09-01,2.809999942779541,2.7799999713897705,2.680000066757202,2.7200000286102295,253850
2015-09-02,2.7200000286102295,2.75,2.6600000858306885,2.7300000190734863,29031
2015-09-03,2.7300000190734863,2.950000047683716,2.700000047683716,2.8499999046325684,1031206
2015-09-06,2.8499999046325684,2.8499999046325684,2.7699999809265137,2.799999952316284,93352
2015-09-07,2.799999952316284,2.8399999141693115,2.619999885559082,2.700000047683716,131701
2015-09-08,2.700000047683716,2.7200000286102295,2.450000047683716,2.5299999713897705,653307
2015-09-09,2.5299999713897705,2.640000104904175,2.5199999809265137,2.559999942779541,455945
2015-09-10,2.559999942779541,2.5399999618530273,2.4700000286102295,2.5,96050
2015-09-13,2.5,2.549999952316284,2.4700000286102295,2.5,1283675
2015-09-14,2.5,2.5799999237060547,2.490000009536743,2.5399999618530273,440109
2015-09-15,2.5399999618530273,2.6500000953674316,2.5299999713897705,2.609999895095825,350447
2015-09-16,2.609999895095825,2.8299999237060547,2.630000114440918,2.759999990463257,998557
2015-09-17,2.759999990463257,3.0299999713897705,2.759999990463257,2.950000047683716,840547
2015-09-20,2.950000047683716,3.0,2.9000000953674316,2.9600000381469727,491631
2015-09-21,2.9600000381469727,3.119999885559082,2.9000000953674316,3.049999952316284,448661
2015-09-27,3.049999952316284,3.049999952316284,3.049999952316284,3.049999952316284,0
2015-09-28,3.109999895095825,3.200000047683716,3.059999942779541,3.1600000858306885,173261
2015-09-29,3.1600000858306885,3.1700000762939453,3.0799999237060547,3.0999999046325684,757100
2015-09-30,3.0999999046325684,3.140000104904175,3.0399999618530273,3.0999999046325684,713402
2015-10-01,3.0999999046325684,3.130000114440918,3.0,3.069999933242798,148600
2015-10-04,3.069999933242798,3.0,3.0,3.0,49172
2015-10-05,3.0,3.0199999809265137,2.9600000381469727,3.0,605110
2015-10-07,3.0,3.119999885559082,3.0,3.0999999046325684,1079900
2015-10-08,3.0999999046325684,3.1600000858306885,3.0799999237060547,3.109999895095825,845945
2015-10-11,3.109999895095825,3.240000009536743,3.0999999046325684,3.130000114440918,408762
2015-10-12,3.130000114440918,3.259999990463257,3.0999999046325684,3.1600000858306885,2081152
2015-10-13,3.1600000858306885,3.200000047683716,3.0999999046325684,3.1500000953674316,910366
2015-10-15,3.1500000953674316,3.1500000953674316,2.8499999046325684,2.990000009536743,747895
2015-10-18,2.990000009536743,2.940000057220459,2.859999895095825,2.9100000858306885,535219
2015-10-19,2.9100000858306885,2.9700000286102295,2.9000000953674316,2.930000066757202,1227342
2015-10-20,2.930000066757202,3.0,2.890000104904175,2.950000047683716,1548442
2015-10-21,2.950000047683716,2.940000057220459,2.859999895095825,2.9000000953674316,1224954
2015-10-22,2.9000000953674316,2.859999895095825,2.7799999713897705,2.809999942779541,269054
2015-10-25,2.809999942779541,2.9800000190734863,2.8299999237060547,2.940000057220459,1420583
2015-10-26,2.940000057220459,2.9700000286102295,2.8499999046325684,2.9100000858306885,1547929
2015-10-27,2.9100000858306885,3.049999952316284,2.880000114440918,2.9800000190734863,4082613
2015-10-28,2.9800000190734863,3.2300000190734863,2.950000047683716,3.0799999237060547,9920188
2015-10-29,3.0799999237060547,3.200000047683716,2.9200000762939453,3.009999990463257,5558728
2015-11-01,3.009999990463257,2.9600000381469727,2.799999952316284,2.880000114440918,2572081
2015-11-02,2.880000114440918,2.930000066757202,2.819999933242798,2.9000000953674316,2964404
2015-11-03,2.9000000953674316,2.940000057220459,2.869999885559082,2.9000000953674316,1537529
2015-11-04,2.9000000953674316,2.9200000762939453,2.880000114440918,2.9000000953674316,526782
2015-11-05,2.9000000953674316,3.109999895095825,2.9200000762939453,3.0,7108718
2015-11-08,3.0,3.049999952316284,2.890000104904175,2.9800000190734863,2261152
2015-11-09,2.9800000190734863,3.049999952316284,2.880000114440918,2.990000009536743,4055563
2015-11-10,2.990000009536743,2.990000009536743,2.7899999618530273,2.869999885559082,4850664
2015-11-11,2.869999885559082,2.9000000953674316,2.7300000190734863,2.799999952316284,2601208
2015-11-12,2.799999952316284,2.880000114440918,2.7300000190734863,2.819999933242798,2688726
2015-11-15,2.819999933242798,2.680000066757202,2.5899999141693115,2.619999885559082,1070519
2015-11-16,2.619999885559082,2.75,2.619999885559082,2.700000047683716,1605645
2015-11-17,2.700000047683716,2.7899999618530273,2.619999885559082,2.700000047683716,4018097
2015-11-18,2.700000047683716,2.759999990463257,2.7200000286102295,2.75,501137
2015-11-19,2.75,2.880000114440918,2.7699999809265137,2.8399999141693115,1159160
2015-11-22,2.8399999141693115,3.009999990463257,2.880000114440918,2.940000057220459,1348733
2015-11-23,2.940000057220459,3.0299999713897705,2.9200000762939453,2.9800000190734863,2019187
2015-11-24,2.9800000190734863,2.990000009536743,2.890000104904175,2.9200000762939453,545894
2015-11-25,2.9200000762939453,3.0999999046325684,2.930000066757202,3.0299999713897705,1643934
2015-11-26,3.0299999713897705,3.0899999141693115,2.9200000762939453,3.009999990463257,1176600
2015-11-29,3.009999990463257,3.0399999618530273,2.930000066757202,2.9700000286102295,179249
2015-11-30,2.9700000286102295,2.940000057220459,2.880000114440918,2.9000000953674316,66829
2015-12-01,2.9000000953674316,3.0,2.9000000953674316,2.940000057220459,118200
2015-12-02,2.940000057220459,3.0799999237060547,2.9600000381469727,3.0299999713897705,619285
2015-12-03,3.0299999713897705,3.180000066757202,3.0299999713897705,3.140000104904175,2562292
2015-12-06,3.140000104904175,3.4000000953674316,3.140000104904175,3.2899999618530273,1007429
2015-12-07,3.2899999618530273,3.559999942779541,3.3299999237060547,3.490000009536743,1767736
2015-12-08,3.490000009536743,3.5,3.25,3.3299999237060547,1218423
2015-12-09,3.3299999237060547,3.5799999237060547,3.299999952316284,3.4600000381469727,1749948
2015-12-10,3.4600000381469727,3.509999990463257,3.3399999141693115,3.4200000762939453,822271
2015-12-13,3.4200000762939453,3.369999885559082,3.200000047683716,3.2699999809265137,303094
2015-12-14,3.2699999809265137,3.4100000858306885,3.309999942779541,3.369999885559082,747492
2015-12-15,3.369999885559082,3.690000057220459,3.3499999046325684,3.569999933242798,1711948
2015-12-16,3.569999933242798,3.7799999713897705,3.559999942779541,3.640000104904175,2485151
2015-12-17,3.640000104904175,3.75,3.549999952316284,3.619999885559082,3330330
2015-12-20,3.619999885559082,3.630000114440918,3.5,3.559999942779541,377311
2015-12-21,3.559999942779541,3.640000104904175,3.509999990463257,3.569999933242798,788414
2015-12-22,3.569999933242798,3.619999885559082,3.4700000286102295,3.5299999713897705,910291
2015-12-24,3.5299999713897705,3.559999942779541,3.5,3.5199999809265137,675790
2015-12-27,3.5199999809265137,3.6500000953674316,3.549999952316284,3.5899999141693115,809194
2015-12-28,3.5899999141693115,3.700000047683716,3.5,3.619999885559082,4940698
2015-12-29,3.619999885559082,3.609999895095825,3.490000009536743,3.509999990463257,9616268
2015-12-30,3.509999990463257,3.700000047683716,3.5,3.5899999141693115,9474489
2015-12-31,3.5899999141693115,3.6600000858306885,3.4100000858306885,3.5399999618530273,3596118
2016-01-03,3.5399999618530273,3.549999952316284,3.4800000190734863,3.5199999809265137,866177
2016-01-04,3.5199999809265137,3.5299999713897705,3.3499999046325684,3.430000066757202,1017783
2016-01-05,3.430000066757202,3.490000009536743,3.3299999237060547,3.4100000858306885,820023
2016-01-06,3.4100000858306885,3.430000066757202,3.2699999809265137,3.3299999237060547,794481
2016-01-10,3.3299999237060547,3.3299999237060547,3.1500000953674316,3.2100000381469727,632928
2016-01-11,3.2100000381469727,3.4000000953674316,3.119999885559082,3.2799999713897705,1914265
2016-01-12,3.2799999713897705,3.200000047683716,3.0,3.119999885559082,1277425
2016-01-13,3.119999885559082,3.2100000381469727,2.809999942779541,3.009999990463257,1658390
2016-01-14,3.009999990463257,3.049999952316284,2.7200000286102295,2.799999952316284,795740
2016-01-17,2.799999952316284,2.8299999237060547,2.5999999046325684,2.740000009536743,777885
2016-01-18,2.740000009536743,2.740000009536743,2.740000009536743,2.740000009536743,0
2016-01-19,2.809999942779541,2.9200000762939453,2.819999933242798,2.869999885559082,1318714
2016-01-20,2.869999885559082,2.8399999141693115,2.5999999046325684,2.680000066757202,1414876
2016-01-21,2.680000066757202,2.630000114440918,2.5,2.5799999237060547,2954443
2016-01-24,2.6700000762939453,2.7100000381469727,2.5799999237060547,2.640000104904175,2771390
2016-01-26,2.640000104904175,2.680000066757202,2.549999952316284,2.630000114440918,4685891
2016-01-27,2.740000009536743,2.75,2.609999895095825,2.700000047683716,5531946
2016-01-28,2.700000047683716,2.7100000381469727,2.619999885559082,2.6700000762939453,2257330
2016-01-31,2.700000047683716,2.7100000381469727,2.549999952316284,2.630000114440918,2967034
2016-02-01,2.630000114440918,2.5999999046325684,2.5299999713897705,2.569999933242798,1969467
2016-02-02,2.569999933242798,2.6500000953674316,2.5799999237060547,2.609999895095825,2224379
2016-02-03,2.609999895095825,2.7100000381469727,2.569999933242798,2.6600000858306885,6061000
2016-02-04,2.6600000858306885,2.7100000381469727,2.619999885559082,2.6700000762939453,2812649
2016-02-07,2.6700000762939453,2.6500000953674316,2.5999999046325684,2.609999895095825,4836819
2016-02-08,2.609999895095825,2.6700000762939453,2.509999990463257,2.5999999046325684,9510309
2016-02-09,2.5999999046325684,2.559999942779541,2.4700000286102295,2.509999990463257,2032395
2016-02-10,2.509999990463257,2.5399999618530273,2.450000047683716,2.5,1925292
2016-02-11,2.5,2.4700000286102295,2.25,2.319999933242798,4583400
2016-02-14,2.319999933242798,2.3499999046325684,2.259999990463257,2.299999952316284,2157325
2016-02-15,2.299999952316284,2.3499999046325684,2.2200000286102295,2.2799999713897705,3063210
2016-02-16,2.2799999713897705,2.299999952316284,2.2200000286102295,2.2699999809265137,3109067
2016-02-17,2.2699999809265137,2.259999990463257,2.1700000762939453,2.2100000381469727,2994785
2016-02-18,2.25,2.25,2.200000047683716,2.2300000190734863,2724401
2016-02-21,2.2300000190734863,2.240000009536743,2.200000047683716,2.2200000286102295,1223220
2016-02-22,2.2200000286102295,2.2699999809265137,2.200000047683716,2.2300000190734863,3614185
2016-02-23,2.2300000190734863,2.25,2.190000057220459,2.2200000286102295,3878290
2016-02-24,2.2200000286102295,2.2200000286102295,2.180000066757202,2.200000047683716,3189126
2016-02-25,2.2300000190734863,2.2300000190734863,2.200000047683716,2.200000047683716,1806108
2016-02-28,2.200000047683716,2.2699999809265137,2.2100000381469727,2.240000009536743,3140446
2016-02-29,2.240000009536743,2.3399999141693115,2.25,2.2899999618530273,8860055
2016-03-01,2.2899999618530273,2.2899999618530273,2.240000009536743,2.259999990463257,1455414
2016-03-02,2.259999990463257,2.2799999713897705,2.1700000762939453,2.2200000286102295,2475076
2016-03-03,2.2200000286102295,2.2100000381469727,2.1600000858306885,2.180000066757202,1949848
2016-03-06,2.180000066757202,2.240000009536743,2.200000047683716,2.2200000286102295,2211216
2016-03-07,2.2200000286102295,2.259999990463257,2.2300000190734863,2.25,2569955
2016-03-08,2.25,2.2699999809265137,2.200000047683716,2.2300000190734863,2212050
2016-03-09,2.2300000190734863,2.25,2.2100000381469727,2.2300000190734863,1443538
2016-03-10,2.2300000190734863,2.4200000762939453,2.259999990463257,2.3299999237060547,9986350
2016-03-13,2.3299999237060547,2.450000047683716,2.3499999046325684,2.390000104904175,4583245
2016-03-14,2.390000104904175,2.5999999046325684,2.380000114440918,2.5199999809265137,10288041
2016-03-15,2.5199999809265137,2.619999885559082,2.4700000286102295,2.569999933242798,7254564
2016-03-16,2.569999933242798,2.680000066757202,2.5799999237060547,2.609999895095825,5441787
2016-03-17,2.609999895095825,2.690000057220459,2.5,2.619999885559082,6802750
2016-03-20,2.619999885559082,2.5999999046325684,2.440000057220459,2.5,2795469
2016-03-21,2.5,2.509999990463257,2.430000066757202,2.4700000286102295,2144410
2016-03-22,2.4700000286102295,2.509999990463257,2.4100000858306885,2.450000047683716,2979909
2016-03-23,2.450000047683716,2.609999895095825,2.4600000381469727,2.549999952316284,6308055
2016-03-24,2.549999952316284,2.640000104904175,2.559999942779541,2.609999895095825,4033810
2016-03-27,2.609999895095825,2.6600000858306885,2.5,2.5899999141693115,3173251
2016-03-28,2.5899999141693115,2.5799999237060547,2.490000009536743,2.5399999618530273,3244522
2016-03-29,2.5799999237060547,2.6600000858306885,2.549999952316284,2.609999895095825,7193202
2016-03-30,2.630000114440918,2.6500000953674316,2.5299999713897705,2.5999999046325684,5315333
2016-03-31,2.5999999046325684,2.609999895095825,2.5399999618530273,2.569999933242798,2849832
2016-04-03,2.569999933242798,2.5899999141693115,2.509999990463257,2.5399999618530273,2277949
2016-04-04,2.5399999618530273,2.549999952316284,2.4800000190734863,2.509999990463257,6615642
2016-04-05,2.509999990463257,2.5299999713897705,2.4000000953674316,2.4700000286102295,4364240
2016-04-06,2.4700000286102295,2.450000047683716,2.240000009536743,2.3299999237060547,4785041
2016-04-07,2.3299999237060547,2.359999895095825,2.2699999809265137,2.3299999237060547,3969382
2016-04-10,2.3299999237060547,2.390000104904175,2.299999952316284,2.3399999141693115,2068835
2016-04-11,2.3399999141693115,2.3499999046325684,2.299999952316284,2.3299999237060547,1302061
2016-04-12,2.3299999237060547,2.380000114440918,2.2899999618530273,2.3299999237060547,2515550
2016-04-13,2.3299999237060547,2.4100000858306885,2.3299999237060547,2.369999885559082,2164443
2016-04-14,2.369999885559082,2.390000104904175,2.3299999237060547,2.369999885559082,1011146
2016-04-17,2.369999885559082,2.440000057220459,2.3499999046325684,2.4000000953674316,1590427
2016-04-18,2.4000000953674316,2.5799999237060547,2.4100000858306885,2.509999990463257,8110443
2016-04-19,2.509999990463257,2.5799999237060547,2.5199999809265137,2.549999952316284,3723923
2016-04-20,2.549999952316284,2.5399999618530273,2.4200000762939453,2.4600000381469727,2634005
2016-04-21,2.4600000381469727,2.4800000190734863,2.390000104904175,2.4200000762939453,1609028
2016-04-24,2.4200000762939453,2.440000057220459,2.390000104904175,2.4100000858306885,1273276
2016-04-26,2.4100000858306885,2.4100000858306885,2.4100000858306885,2.4100000858306885,0
2016-04-27,2.4100000858306885,2.4100000858306885,2.319999933242798,2.359999895095825,1824722
2016-04-28,2.359999895095825,2.359999895095825,2.299999952316284,2.3399999141693115,1058357
2016-05-01,2.3399999141693115,2.3399999141693115,2.3399999141693115,2.3399999141693115,0
2016-05-03,2.3399999141693115,2.3299999237060547,2.259999990463257,2.299999952316284,2343003
2016-05-04,2.299999952316284,2.3499999046325684,2.2799999713897705,2.309999942779541,1594477
2016-05-05,2.309999942779541,2.369999885559082,2.309999942779541,2.3399999141693115,1205106
2016-05-08,2.3399999141693115,2.359999895095825,2.309999942779541,2.3299999237060547,628613
2016-05-09,2.3299999237060547,2.4000000953674316,2.359999895095825,2.369999885559082,1368336
2016-05-10,2.369999885559082,2.5199999809265137,2.359999895095825,2.450000047683716,3328041
2016-05-11,2.450000047683716,2.450000047683716,2.380000114440918,2.4100000858306885,3049226
2016-05-12,2.4100000858306885,2.440000057220459,2.369999885559082,2.4000000953674316,1088446
2016-05-15,2.4000000953674316,2.380000114440918,2.309999942779541,2.3299999237060547,638705
2016-05-16,2.3299999237060547,2.3499999046325684,2.299999952316284,2.319999933242798,637517
2016-05-17,2.319999933242798,2.4100000858306885,2.3299999237060547,2.380000114440918,736638
2016-05-18,2.380000114440918,2.4100000858306885,2.3499999046325684,2.369999885559082,420583
2016-05-19,2.369999885559082,2.3499999046325684,2.299999952316284,2.3299999237060547,376180
2016-05-22,2.3299999237060547,2.3499999046325684,2.309999942779541,2.3299999237060547,195784
2016-05-23,2.3299999237060547,2.3399999141693115,2.309999942779541,2.319999933242798,140486
2016-05-24,2.319999933242798,2.359999895095825,2.299999952316284,2.3299999237060547,788336
2016-05-25,2.3299999237060547,2.359999895095825,2.3399999141693115,2.3499999046325684,959780
2016-05-26,2.3499999046325684,2.359999895095825,2.3299999237060547,2.3499999046325684,765100
2016-05-29,2.3499999046325684,2.359999895095825,2.3299999237060547,2.3499999046325684,255348
2016-05-30,2.3499999046325684,2.369999885559082,2.319999933242798,2.3499999046325684,554888
2016-05-31,2.3499999046325684,2.5399999618530273,2.3399999141693115,2.450000047683716,3592726
2016-06-01,2.450000047683716,2.619999885559082,2.490000009536743,2.5799999237060547,6674642
2016-06-02,2.450000047683716,2.450000047683716,2.450000047683716,2.450000047683716,0
2016-06-05,2.569999933242798,2.569999933242798,2.4800000190734863,2.509999990463257,244918
2016-06-06,2.509999990463257,2.5299999713897705,2.4800000190734863,2.509999990463257,347000
2016-06-07,2.509999990463257,2.5999999046325684,2.5299999713897705,2.5799999237060547,1462155
2016-06-08,2.5799999237060547,2.609999895095825,2.5299999713897705,2.5799999237060547,2342579
2016-06-09,2.509999990463257,2.559999942779541,2.509999990463257,2.5299999713897705,339575
2016-06-12,2.5299999713897705,2.5399999618530273,2.4800000190734863,2.5,313090
2016-06-13,2.5,2.5199999809265137,2.5,2.5,669005
2016-06-14,2.5,2.5,2.5,2.5,0
2016-06-15,2.5,2.5,2.5,2.5,0
2016-06-16,2.5,2.5,2.5,2.5,0
2016-06-19,2.5199999809265137,2.5199999809265137,2.380000114440918,2.450000047683716,319886
2016-06-20,2.450000047683716,2.5,2.380000114440918,2.440000057220459,625607
2016-06-21,2.440000057220459,2.5,2.4100000858306885,2.440000057220459,103561
2016-06-22,2.440000057220459,2.5,2.380000114440918,2.4700000286102295,440725
2016-06-23,2.4700000286102295,2.4700000286102295,2.4700000286102295,2.4700000286102295,0
2016-06-26,2.4700000286102295,2.4700000286102295,2.4700000286102295,2.4700000286102295,0
2016-06-27,2.180000066757202,2.240000009536743,2.190000057220459,2.2100000381469727,1367896
2016-06-28,2.2100000381469727,2.25,2.2100000381469727,2.2300000190734863,316327
2016-06-29,2.2300000190734863,2.2300000190734863,2.2300000190734863,2.2300000190734863,0
2016-06-30,2.2300000190734863,2.2300000190734863,2.2300000190734863,2.2300000190734863,0
2016-07-03,2.2300000190734863,2.2699999809265137,2.2300000190734863,2.25,133500
2016-07-04,2.25,2.25,2.25,2.25,0
2016-07-05,2.25,2.25,2.25,2.25,0
2016-07-10,2.299999952316284,2.4600000381469727,2.359999895095825,2.4100000858306885,1404000
2016-07-11,2.4100000858306885,2.450000047683716,2.2799999713897705,2.3499999046325684,2442115
2016-07-12,2.3499999046325684,2.369999885559082,2.2799999713897705,2.3299999237060547,2634130
2016-07-13,2.3299999237060547,2.390000104904175,2.3399999141693115,2.359999895095825,877200
2016-07-14,2.359999895095825,2.359999895095825,2.359999895095825,2.359999895095825,0
2016-07-17,2.359999895095825,2.359999895095825,2.359999895095825,2.359999895095825,0
2016-07-18,2.359999895095825,2.359999895095825,2.359999895095825,2.359999895095825,0
2016-07-19,2.3399999141693115,2.3399999141693115,2.2899999618530273,2.319999933242798,736416
2016-07-20,2.319999933242798,2.319999933242798,2.319999933242798,2.319999933242798,0
2016-07-21,2.319999933242798,2.319999933242798,2.319999933242798,2.319999933242798,0
2016-07-24,2.319999933242798,2.319999933242798,2.319999933242798,2.319999933242798,0
2016-07-25,2.2699999809265137,2.309999942779541,2.259999990463257,2.2899999618530273,1159356
2016-07-26,2.2899999618530273,2.2899999618530273,2.2899999618530273,2.2899999618530273,0
2016-07-27,2.2899999618530273,2.3299999237060547,2.25,2.299999952316284,4749531
2016-07-28,2.299999952316284,2.3499999046325684,2.2300000190734863,2.2799999713897705,7779896
2016-07-31,2.2799999713897705,2.2799999713897705,2.2799999713897705,2.2799999713897705,0
2016-08-01,2.2300000190734863,2.25,2.200000047683716,2.2200000286102295,2874644
2016-08-02,2.2200000286102295,2.240000009536743,2.2100000381469727,2.2300000190734863,3316598
2016-08-03,2.2300000190734863,2.2899999618530273,2.2300000190734863,2.2699999809265137,5107478
2016-08-04,2.2699999809265137,2.2699999809265137,2.2699999809265137,2.2699999809265137,0
2016-08-07,2.2699999809265137,2.2699999809265137,2.2699999809265137,2.2699999809265137,0
2016-08-08,2.2699999809265137,2.2699999809265137,2.2699999809265137,2.2699999809265137,0
2016-08-09,2.390000104904175,2.450000047683716,2.369999885559082,2.4100000858306885,4883588
2016-08-10,2.4100000858306885,2.4100000858306885,2.4100000858306885,2.4100000858306885,0
2016-08-11,2.4100000858306885,2.4100000858306885,2.4100000858306885,2.4100000858306885,0
2016-08-14,2.4800000190734863,2.559999942779541,2.5,2.5199999809265137,3908120
2016-08-15,2.5199999809265137,2.5299999713897705,2.4600000381469727,2.490000009536743,2689596
2016-08-16,2.490000009536743,2.4800000190734863,2.4100000858306885,2.440000057220459,2523890
2016-08-17,2.440000057220459,2.440000057220459,2.440000057220459,2.440000057220459,0
2016-08-18,2.430000066757202,2.450000047683716,2.4000000953674316,2.4100000858306885,1171382
2016-08-21,2.4100000858306885,2.4100000858306885,2.4100000858306885,2.4100000858306885,0
2016-08-22,2.4100000858306885,2.4100000858306885,2.4100000858306885,2.4100000858306885,0
2016-08-23,2.5,2.4800000190734863,2.430000066757202,2.4600000381469727,1633390
2016-08-24,2.4600000381469727,2.5,2.4100000858306885,2.450000047683716,1810805
2016-08-25,2.450000047683716,2.430000066757202,2.3299999237060547,2.369999885559082,1692840
2016-08-28,2.369999885559082,2.369999885559082,2.369999885559082,2.369999885559082,0
2016-08-29,2.369999885559082,2.369999885559082,2.369999885559082,2.369999885559082,0
2016-08-30,2.369999885559082,2.369999885559082,2.369999885559082,2.369999885559082,0
2016-08-31,2.3399999141693115,2.4000000953674316,2.3399999141693115,2.369999885559082,1128113
2016-09-01,2.369999885559082,2.369999885559082,2.309999942779541,2.359999895095825,538973
2016-09-04,2.359999895095825,2.380000114440918,2.3499999046325684,2.3499999046325684,517290
2016-09-05,2.3499999046325684,2.359999895095825,2.309999942779541,2.3399999141693115,364563
2016-09-06,2.3399999141693115,2.319999933242798,2.2300000190734863,2.2699999809265137,1260016
2016-09-07,2.2699999809265137,2.2699999809265137,2.2699999809265137,2.2699999809265137,0
2016-09-08,2.259999990463257,2.319999933242798,2.2799999713897705,2.299999952316284,251338
2016-09-13,2.299999952316284,2.299999952316284,2.299999952316284,2.299999952316284,0
2016-09-14,2.299999952316284,2.319999933242798,2.25,2.2699999809265137,361275
2016-09-15,2.2699999809265137,2.259999990463257,2.2100000381469727,2.2300000190734863,279938
2016-09-18,2.2300000190734863,2.2699999809265137,2.2100000381469727,2.240000009536743,440503
2016-09-19,2.2300000190734863,2.259999990463257,2.2200000286102295,2.240000009536743,223397
2016-09-20,2.240000009536743,2.240000009536743,2.240000009536743,2.240000009536743,0
2016-09-21,2.240000009536743,2.240000009536743,2.240000009536743,2.240000009536743,0
2016-09-22,2.240000009536743,2.240000009536743,2.240000009536743,2.240000009536743,0
2016-09-25,2.240000009536743,2.240000009536743,2.240000009536743,2.240000009536743,0
2016-09-26,2.240000009536743,2.240000009536743,2.240000009536743,2.240000009536743,0
2016-09-27,2.2300000190734863,2.240000009536743,2.2200000286102295,2.2300000190734863,372942
2016-09-28,2.2300000190734863,2.2200000286102295,2.180000066757202,2.200000047683716,188460
2016-09-29,2.200000047683716,2.2200000286102295,2.1700000762939453,2.180000066757202,155842
2016-10-02,2.180000066757202,2.180000066757202,2.180000066757202,2.180000066757202,0
2016-10-03,2.180000066757202,2.180000066757202,2.180000066757202,2.180000066757202,0
2016-10-04,2.2799999713897705,2.2799999713897705,2.2200000286102295,2.25,478630
2016-10-05,2.25,2.25,2.25,2.25,0
2016-10-09,2.25,2.25,2.25,2.25,0
2016-10-10,2.2200000286102295,2.2100000381469727,2.0999999046325684,2.1700000762939453,1269951
2016-10-11,2.1700000762939453,2.130000114440918,2.0299999713897705,2.059999942779541,1636030
2016-10-12,2.059999942779541,2.0899999141693115,1.9900000095367432,2.0199999809265137,1889709
2016-10-13,2.0199999809265137,2.0199999809265137,2.0199999809265137,2.0199999809265137,0
2016-10-16,2.049999952316284,2.049999952316284,1.899999976158142,1.940000057220459,1088301
2016-10-17,1.940000057220459,1.940000057220459,1.7899999618530273,1.8600000143051147,1480356
2016-10-18,1.8600000143051147,1.8600000143051147,1.8600000143051147,1.8600000143051147,0
2016-10-19,1.8300000429153442,1.8899999856948853,1.809999942779541,1.840000033378601,1479492
2016-10-20,1.840000033378601,1.909999966621399,1.850000023841858,1.8799999952316284,382809
2016-10-23,1.8799999952316284,1.8899999856948853,1.8300000429153442,1.8600000143051147,163539
2016-10-24,1.8600000143051147,1.8799999952316284,1.840000033378601,1.850000023841858,295880
2016-10-25,1.850000023841858,1.899999976158142,1.840000033378601,1.8600000143051147,437289
2016-10-26,1.8600000143051147,1.9500000476837158,1.8600000143051147,1.909999966621399,1046562
2016-10-27,1.909999966621399,2.0199999809265137,1.9299999475479126,1.9800000190734863,936269
2016-10-30,1.9800000190734863,2.0199999809265137,1.9600000381469727,1.9800000190734863,285546
2016-10-31,1.9800000190734863,1.9900000095367432,1.940000057220459,1.9800000190734863,151894
2016-11-01,1.9800000190734863,2.0,1.9600000381469727,1.9800000190734863,462468
2016-11-02,1.9800000190734863,1.9800000190734863,1.9800000190734863,1.9800000190734863,0
2016-11-03,2.1600000858306885,2.359999895095825,2.0,2.1700000762939453,6673449
2016-11-06,2.1700000762939453,2.380000114440918,2.2899999618530273,2.359999895095825,2064244
2016-11-07,2.5899999141693115,2.8299999237060547,2.450000047683716,2.640000104904175,13319033
2016-11-08,2.640000104904175,2.9000000953674316,2.680000066757202,2.7699999809265137,11330690
2016-11-09,2.7699999809265137,2.799999952316284,2.5899999141693115,2.7100000381469727,9858581
2016-11-10,2.7100000381469727,2.8399999141693115,2.6600000858306885,2.759999990463257,6926978
2016-11-13,2.890000104904175,2.890000104904175,2.6500000953674316,2.740000009536743,6879709
2016-11-14,2.740000009536743,2.7799999713897705,2.630000114440918,2.700000047683716,3522637
2016-11-15,2.700000047683716,2.7300000190734863,2.640000104904175,2.680000066757202,5382230
2016-11-16,2.680000066757202,2.940000057220459,2.700000047683716,2.880000114440918,12187214
2016-11-17,2.880000114440918,3.0299999713897705,2.640000104904175,2.859999895095825,16500070
2016-11-20,2.859999895095825,2.819999933242798,2.690000057220459,2.7699999809265137,4243212
2016-11-21,2.7699999809265137,2.880000114440918,2.759999990463257,2.819999933242798,6869695
2016-11-22,2.819999933242798,2.819999933242798,2.819999933242798,2.819999933242798,0
2016-11-23,2.75,2.8399999141693115,2.680000066757202,2.759999990463257,5303704
2016-11-24,2.759999990463257,2.8399999141693115,2.5999999046325684,2.690000057220459,4572422
2016-11-27,2.690000057220459,2.6700000762939453,2.5799999237060547,2.619999885559082,1673176
2016-11-28,2.619999885559082,2.7100000381469727,2.619999885559082,2.6700000762939453,2639108
2016-11-29,2.6700000762939453,2.7100000381469727,2.5899999141693115,2.6600000858306885,3531680
2016-11-30,2.6600000858306885,2.9200000762939453,2.7100000381469727,2.859999895095825,26298490
2016-12-01,2.859999895095825,2.859999895095825,2.859999895095825,2.859999895095825,0
2016-12-04,2.869999885559082,3.1500000953674316,2.819999933242798,3.0199999809265137,32040811
2016-12-05,3.0199999809265137,3.190000057220459,2.990000009536743,3.0899999141693115,19889531
2016-12-06,3.0899999141693115,3.119999885559082,3.009999990463257,3.059999942779541,5058080
2016-12-07,3.059999942779541,3.059999942779541,2.890000104904175,2.9600000381469727,4120244
2016-12-08,2.9600000381469727,3.069999933242798,2.9200000762939453,3.0199999809265137,4367823
2016-12-11,3.0199999809265137,3.0199999809265137,3.0199999809265137,3.0199999809265137,0
2016-12-12,3.0199999809265137,3.0199999809265137,3.0199999809265137,3.0199999809265137,0
2016-12-13,3.0299999713897705,3.069999933242798,2.9200000762939453,3.0,2761634
2016-12-14,3.0,3.240000009536743,2.950000047683716,3.0899999141693115,7686211
2016-12-15,3.0899999141693115,3.0899999141693115,3.0899999141693115,3.0899999141693115,0
2016-12-18,3.0399999618530273,3.119999885559082,3.0,3.059999942779541,2926016
2016-12-19,3.059999942779541,3.359999895095825,3.0299999713897705,3.200000047683716,18270456
2016-12-20,3.200000047683716,3.4000000953674316,3.2300000190734863,3.299999952316284,15138391
2016-12-21,3.299999952316284,3.309999942779541,3.2300000190734863,3.2699999809265137,3867181
2016-12-22,3.2699999809265137,3.359999895095825,3.180000066757202,3.2799999713897705,4931474
2016-12-25,3.2799999713897705,3.2899999618530273,3.200000047683716,3.240000009536743,1152259
2016-12-26,3.240000009536743,3.450000047683716,3.25,3.390000104904175,11404837
2016-12-27,3.390000104904175,3.390000104904175,3.259999990463257,3.319999933242798,1931252
2016-12-28,3.319999933242798,3.369999885559082,3.259999990463257,3.309999942779541,1096030
2016-12-29,3.309999942779541,3.309999942779541,3.1700000762939453,3.240000009536743,1539259
2017-01-02,3.240000009536743,3.2799999713897705,3.1500000953674316,3.200000047683716,845827
2017-01-03,3.200000047683716,3.2300000190734863,3.1500000953674316,3.180000066757202,548946
2017-01-04,3.180000066757202,3.3499999046325684,3.190000057220459,3.2799999713897705,3376729
2017-01-05,3.2799999713897705,3.3499999046325684,3.259999990463257,3.299999952316284,1910144
2017-01-09,3.430000066757202,3.5199999809265137,3.380000114440918,3.450000047683716,2377685
2017-01-10,3.450000047683716,3.5,3.369999885559082,3.450000047683716,4681862
2017-01-11,3.450000047683716,3.450000047683716,3.319999933242798,3.369999885559082,3012453
2017-01-12,3.369999885559082,3.4100000858306885,3.3299999237060547,3.359999895095825,5196977
2017-01-15,3.359999895095825,3.5199999809265137,3.3499999046325684,3.430000066757202,7761226
2017-01-16,3.430000066757202,3.4100000858306885,3.319999933242798,3.359999895095825,2476820
2017-01-17,3.359999895095825,3.4800000190734863,3.3299999237060547,3.4000000953674316,9427573
2017-01-18,3.4000000953674316,3.380000114440918,3.109999895095825,3.2200000286102295,7146188
2017-01-19,3.2200000286102295,3.200000047683716,2.940000057220459,3.0199999809265137,7583398
2017-01-22,3.0199999809265137,3.069999933242798,2.9700000286102295,3.0299999713897705,1492211
2017-01-23,3.0299999713897705,3.0899999141693115,2.990000009536743,3.0199999809265137,1747409
2017-01-24,3.0199999809265137,3.069999933242798,2.9600000381469727,3.0199999809265137,744556
2017-01-26,3.0199999809265137,3.0999999046325684,3.0199999809265137,3.059999942779541,1723181
2017-01-29,3.059999942779541,3.059999942779541,3.059999942779541,3.059999942779541,0
2017-01-30,3.0899999141693115,3.390000104904175,3.0299999713897705,3.259999990463257,14859431
2017-01-31,3.259999990463257,3.3399999141693115,3.0999999046325684,3.2100000381469727,2810385
2017-02-01,3.2100000381469727,3.25,3.0999999046325684,3.140000104904175,2224275
2017-02-02,3.140000104904175,3.2300000190734863,3.130000114440918,3.180000066757202,807585
2017-02-05,3.180000066757202,3.3299999237060547,3.119999885559082,3.190000057220459,3216939
2017-02-06,3.190000057220459,3.180000066757202,3.049999952316284,3.119999885559082,2780304
2017-02-07,3.119999885559082,3.240000009536743,3.109999895095825,3.180000066757202,3401253
2017-02-08,3.180000066757202,3.2699999809265137,3.0999999046325684,3.1700000762939453,2452141
2017-02-09,3.1700000762939453,3.2200000286102295,3.1600000858306885,3.190000057220459,1456855
2017-02-12,3.190000057220459,3.2300000190734863,3.130000114440918,3.1700000762939453,269888
2017-02-13,3.1700000762939453,3.1600000858306885,3.0999999046325684,3.119999885559082,333222
2017-02-14,3.119999885559082,3.140000104904175,3.0,3.049999952316284,739566
2017-02-15,3.049999952316284,3.1500000953674316,3.009999990463257,3.0999999046325684,570620
2017-02-16,3.0999999046325684,3.1600000858306885,3.0799999237060547,3.109999895095825,178350
2017-02-19,3.109999895095825,3.240000009536743,3.0799999237060547,3.1600000858306885,1436146
2017-02-20,3.1600000858306885,3.1600000858306885,3.049999952316284,3.119999885559082,861500
2017-02-21,3.119999885559082,3.2200000286102295,3.0999999046325684,3.1700000762939453,1765349
2017-02-22,3.1700000762939453,3.190000057220459,3.049999952316284,3.109999895095825,1378768
2017-02-23,3.109999895095825,3.0999999046325684,2.809999942779541,2.9800000190734863,2641197
2017-02-26,2.9800000190734863,2.990000009536743,2.869999885559082,2.9000000953674316,538162
2017-02-27,2.9000000953674316,2.9100000858306885,2.6500000953674316,2.7699999809265137,541027
2017-02-28,2.7699999809265137,2.799999952316284,2.609999895095825,2.7200000286102295,830562
2017-03-01,2.7200000286102295,2.869999885559082,2.740000009536743,2.799999952316284,1734402
2017-03-02,2.799999952316284,2.9600000381469727,2.799999952316284,2.9200000762939453,2769866
2017-03-05,2.9200000762939453,2.940000057220459,2.859999895095825,2.9000000953674316,587735
2017-03-06,2.9000000953674316,2.9600000381469727,2.890000104904175,2.930000066757202,1429137
2017-03-07,2.930000066757202,3.0899999141693115,2.890000104904175,2.9600000381469727,7133267
2017-03-08,2.9600000381469727,3.009999990463257,2.9100000858306885,2.9600000381469727,1137538
2017-03-09,2.9600000381469727,2.9700000286102295,2.9200000762939453,2.950000047683716,941009
2017-03-12,2.950000047683716,2.940000057220459,2.7899999618530273,2.8499999046325684,2351452
2017-03-13,2.8499999046325684,2.8499999046325684,2.7100000381469727,2.759999990463257,3275731
2017-03-14,2.759999990463257,2.7699999809265137,2.6700000762939453,2.700000047683716,825033
2017-03-15,2.700000047683716,2.7899999618530273,2.690000057220459,2.7200000286102295,2752290
2017-03-16,2.7200000286102295,2.759999990463257,2.690000057220459,2.7200000286102295,2028500
2017-03-19,2.7200000286102295,2.75,2.7100000381469727,2.740000009536743,1499800
2017-03-20,2.740000009536743,2.819999933242798,2.740000009536743,2.7699999809265137,2258523
2017-03-21,2.7699999809265137,2.859999895095825,2.759999990463257,2.799999952316284,2693181
2017-03-22,2.799999952316284,2.880000114440918,2.7699999809265137,2.819999933242798,3869016
2017-03-23,2.819999933242798,2.8299999237060547,2.7799999713897705,2.799999952316284,1306166
2017-03-26,2.799999952316284,2.8299999237060547,2.7799999713897705,2.799999952316284,1162656
2017-03-27,2.799999952316284,2.819999933242798,2.740000009536743,2.759999990463257,1127303
2017-03-29,2.7100000381469727,2.7100000381469727,2.640000104904175,2.6700000762939453,1074276
2017-03-30,2.6700000762939453,2.680000066757202,2.5799999237060547,2.619999885559082,2432480
2017-04-02,2.619999885559082,2.6700000762939453,2.559999942779541,2.619999885559082,5939865
2017-04-03,2.5899999141693115,2.759999990463257,2.5899999141693115,2.680000066757202,17314833
2017-04-04,2.680000066757202,2.7300000190734863,2.609999895095825,2.6600000858306885,7988371
2017-04-05,2.6600000858306885,2.6600000858306885,2.5199999809265137,2.5899999141693115,8435904
2017-04-06,2.5899999141693115,2.559999942779541,2.4600000381469727,2.5,3767057
2017-04-09,2.5,2.5,2.380000114440918,2.440000057220459,3235638
2017-04-10,2.440000057220459,2.5199999809265137,2.4100000858306885,2.4600000381469727,2925762
2017-04-11,2.4600000381469727,2.490000009536743,2.440000057220459,2.4700000286102295,1370435
2017-04-12,2.4700000286102295,2.5,2.4100000858306885,2.450000047683716,1930228
2017-04-13,2.450000047683716,2.450000047683716,2.4100000858306885,2.430000066757202,1371258
2017-04-18,2.430000066757202,2.5399999618530273,2.450000047683716,2.509999990463257,5288690
2017-04-19,2.509999990463257,2.559999942779541,2.490000009536743,2.5199999809265137,2826218
2017-04-20,2.5199999809265137,2.549999952316284,2.450000047683716,2.5,2514124
2017-04-23,2.5,2.4600000381469727,2.369999885559082,2.390000104904175,29953977
2017-04-24,2.390000104904175,2.4200000762939453,2.390000104904175,2.4000000953674316,1555167
2017-04-26,2.4000000953674316,2.4700000286102295,2.4200000762939453,2.440000057220459,1980865
2017-04-27,2.440000057220459,2.450000047683716,2.4000000953674316,2.430000066757202,1793397
2017-04-30,2.430000066757202,2.430000066757202,2.369999885559082,2.4000000953674316,903672
2017-05-02,2.4000000953674316,2.450000047683716,2.4100000858306885,2.430000066757202,1488932
2017-05-03,2.430000066757202,2.569999933242798,2.4200000762939453,2.509999990463257,8481042
2017-05-04,2.509999990463257,2.5399999618530273,2.4800000190734863,2.509999990463257,2786479
2017-05-07,2.509999990463257,2.5,2.430000066757202,2.4600000381469727,1867941
2017-05-08,2.4600000381469727,2.5399999618530273,2.4600000381469727,2.5,4903284
2017-05-09,2.5,2.5199999809265137,2.4800000190734863,2.5,935142
2017-05-10,2.5,2.549999952316284,2.4600000381469727,2.509999990463257,2963480
2017-05-11,2.509999990463257,2.490000009536743,2.430000066757202,2.450000047683716,1033780
2017-05-14,2.450000047683716,2.4600000381469727,2.4200000762939453,2.440000057220459,828736
2017-05-15,2.440000057220459,2.450000047683716,2.4100000858306885,2.4200000762939453,1307370
2017-05-16,2.4200000762939453,2.430000066757202,2.3499999046325684,2.380000114440918,4476991
2017-05-17,2.380000114440918,2.4000000953674316,2.3399999141693115,2.369999885559082,5760798
2017-05-18,2.369999885559082,2.359999895095825,2.259999990463257,2.299999952316284,3268133
2017-05-21,2.299999952316284,2.319999933242798,2.2899999618530273,2.299999952316284,799013
2017-05-22,2.299999952316284,2.2799999713897705,2.069999933242798,2.119999885559082,6759944
2017-05-23,2.119999885559082,2.109999895095825,2.069999933242798,2.0899999141693115,2915189
2017-05-24,2.0899999141693115,2.140000104904175,2.0899999141693115,2.109999895095825,2251018
2017-05-25,2.109999895095825,2.1700000762939453,2.0999999046325684,2.130000114440918,2406920
2017-05-28,2.130000114440918,2.180000066757202,2.130000114440918,2.1500000953674316,1444173
2017-05-29,2.1500000953674316,2.1600000858306885,2.119999885559082,2.140000104904175,1261437
2017-05-30,2.140000104904175,2.2100000381469727,2.140000104904175,2.190000057220459,2806945
2017-05-31,2.190000057220459,2.190000057220459,2.140000104904175,2.1600000858306885,829862
2017-06-01,2.1600000858306885,2.180000066757202,2.140000104904175,2.1600000858306885,636163
2017-06-04,2.1600000858306885,2.2300000190734863,2.1600000858306885,2.200000047683716,1689064
2017-06-05,2.200000047683716,2.2699999809265137,2.1700000762939453,2.2300000190734863,3027652
2017-06-06,2.2300000190734863,2.259999990463257,2.200000047683716,2.2200000286102295,1258811
2017-06-07,2.2200000286102295,2.2300000190734863,2.190000057220459,2.2100000381469727,3650547
2017-06-08,2.2100000381469727,2.2300000190734863,2.1600000858306885,2.190000057220459,2463982
2017-06-11,2.190000057220459,2.200000047683716,2.1600000858306885,2.180000066757202,1080173
2017-06-12,2.180000066757202,2.180000066757202,2.109999895095825,2.140000104904175,3129077
2017-06-13,2.140000104904175,2.1600000858306885,2.109999895095825,2.140000104904175,2866594
2017-06-14,2.140000104904175,2.140000104904175,2.0899999141693115,2.109999895095825,1544625
2017-06-15,2.109999895095825,2.140000104904175,2.0799999237060547,2.109999895095825,2439723
2017-06-18,2.109999895095825,2.1600000858306885,2.119999885559082,2.140000104904175,1112317
2017-06-19,2.140000104904175,2.140000104904175,2.140000104904175,2.140000104904175,0
2017-06-20,2.109999895095825,2.119999885559082,2.0799999237060547,2.0999999046325684,1152526
2017-06-21,2.0999999046325684,2.109999895095825,2.0899999141693115,2.0999999046325684,2036724
2017-06-22,2.0999999046325684,2.1600000858306885,2.0999999046325684,2.109999895095825,7146281
2017-06-28,2.109999895095825,2.180000066757202,2.0999999046325684,2.140000104904175,1762860
2017-06-29,2.140000104904175,2.140000104904175,2.140000104904175,2.140000104904175,0
2017-07-02,2.140000104904175,2.2100000381469727,2.140000104904175,2.1700000762939453,2860431
2017-07-03,2.1700000762939453,2.200000047683716,2.1500000953674316,2.1700000762939453,1779325
2017-07-04,2.1700000762939453,2.180000066757202,2.140000104904175,2.1600000858306885,2527252
2017-07-05,2.1600000858306885,2.1500000953674316,2.109999895095825,2.130000114440918,1546699
2017-07-06,2.130000114440918,2.1500000953674316,2.119999885559082,2.130000114440918,1820336
2017-07-09,2.109999895095825,2.109999895095825,2.069999933242798,2.0899999141693115,2576057
2017-07-10,2.0899999141693115,2.130000114440918,2.0799999237060547,2.0999999046325684,2128030
2017-07-11,2.0999999046325684,2.130000114440918,2.0799999237060547,2.0999999046325684,1806391
2017-07-12,2.0999999046325684,2.1500000953674316,2.069999933242798,2.119999885559082,2776379
2017-07-13,2.119999885559082,2.1600000858306885,2.109999895095825,2.140000104904175,3144906
2017-07-16,2.140000104904175,2.1600000858306885,2.109999895095825,2.130000114440918,1092273
2017-07-17,2.130000114440918,2.1500000953674316,2.130000114440918,2.130000114440918,1224922
2017-07-18,2.130000114440918,2.140000104904175,2.0899999141693115,2.109999895095825,3254426
2017-07-19,2.109999895095825,2.109999895095825,2.069999933242798,2.0899999141693115,5042287
2017-07-20,2.0899999141693115,2.0999999046325684,2.0399999618530273,2.059999942779541,2825146
2017-07-24,2.059999942779541,2.059999942779541,1.9600000381469727,2.009999990463257,3526078
2017-07-25,2.009999990463257,2.0199999809265137,1.9800000190734863,2.0,1180202
2017-07-26,2.0,2.190000057220459,2.0,2.109999895095825,14458262
2017-07-27,2.109999895095825,2.130000114440918,2.059999942779541,2.0899999141693115,2486172
2017-07-30,2.0899999141693115,2.0899999141693115,2.049999952316284,2.069999933242798,1286556
2017-07-31,2.069999933242798,2.069999933242798,2.0299999713897705,2.049999952316284,402668
2017-08-01,2.049999952316284,2.049999952316284,2.009999990463257,2.0299999713897705,2664908
2017-08-02,2.0299999713897705,2.059999942779541,1.9900000095367432,2.009999990463257,5035809
2017-08-03,2.009999990463257,2.0199999809265137,1.9900000095367432,2.0,2001638
2017-08-06,2.0,2.0399999618530273,2.009999990463257,2.0199999809265137,1482926
2017-08-07,2.0199999809265137,2.0399999618530273,1.9800000190734863,2.009999990463257,7801846
2017-08-08,2.009999990463257,2.009999990463257,1.9600000381469727,1.9800000190734863,3006732
2017-08-09,1.9800000190734863,2.0399999618530273,1.9700000286102295,2.0199999809265137,5388258
2017-08-10,2.0199999809265137,2.0399999618530273,2.0,2.0199999809265137,3070049
2017-08-13,2.0199999809265137,2.0299999713897705,1.9800000190734863,2.0,1050366
2017-08-14,2.0,2.0299999713897705,1.9800000190734863,2.009999990463257,3731305
2017-08-15,2.009999990463257,2.009999990463257,2.009999990463257,2.009999990463257,0
2017-08-16,2.0199999809265137,2.0799999237060547,2.009999990463257,2.049999952316284,2743060
2017-08-17,2.049999952316284,2.049999952316284,2.009999990463257,2.0199999809265137,2010328
2017-08-20,2.0199999809265137,2.069999933242798,2.0299999713897705,2.049999952316284,2667616
2017-08-21,2.049999952316284,2.069999933242798,2.0399999618530273,2.049999952316284,1211404
2017-08-22,2.049999952316284,2.140000104904175,2.059999942779541,2.109999895095825,5620729
2017-08-23,2.109999895095825,2.1600000858306885,2.0799999237060547,2.119999885559082,3265327
2017-08-24,2.119999885559082,2.119999885559082,2.069999933242798,2.0799999237060547,924966
2017-08-27,2.0799999237060547,2.109999895095825,2.0899999141693115,2.0999999046325684,1017328
2017-08-28,2.0999999046325684,2.140000104904175,2.069999933242798,2.0899999141693115,3334701
2017-08-29,2.0899999141693115,2.2899999618530273,2.0899999141693115,2.2200000286102295,13306053
2017-08-30,2.2200000286102295,2.259999990463257,2.200000047683716,2.2100000381469727,1908742
2017-09-03,2.2100000381469727,2.2100000381469727,2.2100000381469727,2.2100000381469727,0
2017-09-04,2.2100000381469727,2.2100000381469727,2.2100000381469727,2.2100000381469727,0
2017-09-05,2.2100000381469727,2.369999885559082,2.25,2.3299999237060547,9060968
2017-09-06,2.3299999237060547,2.4200000762939453,2.319999933242798,2.380000114440918,7530130
2017-09-07,2.380000114440918,2.430000066757202,2.3399999141693115,2.380000114440918,7545349
2017-09-10,2.380000114440918,2.4100000858306885,2.3499999046325684,2.380000114440918,1985296
2017-09-11,2.380000114440918,2.4000000953674316,2.3499999046325684,2.369999885559082,2960471
2017-09-12,2.369999885559082,2.4600000381469727,2.3399999141693115,2.4000000953674316,6799421
2017-09-13,2.4000000953674316,2.390000104904175,2.319999933242798,2.3499999046325684,4666196
2017-09-14,2.3499999046325684,2.4000000953674316,2.3299999237060547,2.369999885559082,2948822
2017-09-17,2.369999885559082,2.4600000381469727,2.359999895095825,2.4200000762939453,4547276
2017-09-18,2.4700000286102295,2.569999933242798,2.4600000381469727,2.5199999809265137,14954380
2017-09-19,2.5199999809265137,2.5199999809265137,2.5199999809265137,2.5199999809265137,0
2017-09-20,2.630000114440918,2.809999942779541,2.640000104904175,2.7300000190734863,9345040
2017-09-24,2.7300000190734863,2.859999895095825,2.7300000190734863,2.819999933242798,6989141
2017-09-25,2.819999933242798,2.9200000762939453,2.799999952316284,2.869999885559082,7389725
2017-09-26,2.869999885559082,2.9200000762939453,2.799999952316284,2.880000114440918,5447442
2017-09-27,2.880000114440918,3.1600000858306885,2.930000066757202,3.069999933242798,9031652
2017-09-28,3.069999933242798,3.299999952316284,3.0199999809265137,3.0999999046325684,3999736
2017-10-01,3.0999999046325684,3.2100000381469727,2.950000047683716,3.049999952316284,3880092
2017-10-02,3.049999952316284,3.200000047683716,3.049999952316284,3.119999885559082,3328908
2017-10-03,3.119999885559082,3.240000009536743,3.0,3.069999933242798,14321941
2017-10-04,3.069999933242798,3.0899999141693115,2.9600000381469727,3.0,5392739
2017-10-08,3.0,3.0299999713897705,2.9800000190734863,3.0,2055844
2017-10-09,3.0,3.059999942779541,2.9700000286102295,3.0199999809265137,3168749
2017-10-10,3.0199999809265137,3.130000114440918,2.9800000190734863,3.0799999237060547,10471522
2017-10-11,3.1500000953674316,3.190000057220459,3.0899999141693115,3.1500000953674316,4326475
2017-10-12,3.1500000953674316,3.140000104904175,3.049999952316284,3.0799999237060547,2069207
2017-10-15,3.0799999237060547,3.380000114440918,3.0899999141693115,3.2899999618530273,8455796
2017-10-16,3.4100000858306885,3.5,3.2799999713897705,3.390000104904175,7515518
2017-10-17,3.390000104904175,3.450000047683716,3.2799999713897705,3.3499999046325684,4597843
2017-10-18,3.3499999046325684,3.450000047683716,3.359999895095825,3.4000000953674316,2330502
2017-10-19,3.4000000953674316,3.4700000286102295,3.3299999237060547,3.4000000953674316,2910405
2017-10-22,3.4000000953674316,3.390000104904175,3.2100000381469727,3.2699999809265137,1103451
2017-10-23,3.2699999809265137,3.309999942779541,3.1500000953674316,3.2100000381469727,1394662
2017-10-24,3.2100000381469727,3.309999942779541,3.1500000953674316,3.2100000381469727,1471808
2017-10-25,3.2100000381469727,3.259999990463257,3.1500000953674316,3.200000047683716,683280
2017-10-26,3.200000047683716,3.2899999618530273,3.1500000953674316,3.200000047683716,888805
2017-10-29,3.200000047683716,3.319999933242798,3.200000047683716,3.2300000190734863,1601298
2017-10-30,3.2300000190734863,3.299999952316284,3.200000047683716,3.25,873816
2017-10-31,3.25,3.390000104904175,3.25,3.309999942779541,3269894
2017-11-01,3.309999942779541,3.380000114440918,3.259999990463257,3.319999933242798,1663806
2017-11-02,3.319999933242798,3.3499999046325684,3.200000047683716,3.25,1267494
2017-11-05,3.25,3.2899999618530273,3.130000114440918,3.2100000381469727,1193083
2017-11-06,3.2100000381469727,3.2899999618530273,3.0,3.140000104904175,1891826
2017-11-07,3.140000104904175,3.0899999141693115,2.950000047683716,3.009999990463257,3066687
2017-11-08,3.009999990463257,3.1700000762939453,3.0199999809265137,3.130000114440918,1160595
2017-11-09,3.130000114440918,3.1600000858306885,3.0799999237060547,3.130000114440918,903163
2017-11-12,3.130000114440918,3.3499999046325684,3.1500000953674316,3.2799999713897705,2728704
2017-11-13,3.2799999713897705,3.3299999237060547,3.2200000286102295,3.25,564098
2017-11-14,3.25,3.25,3.25,3.25,0
2017-11-15,3.2200000286102295,3.2699999809265137,3.1500000953674316,3.190000057220459,1309721
2017-11-16,3.190000057220459,3.200000047683716,3.109999895095825,3.140000104904175,574539
2017-11-19,3.140000104904175,3.1500000953674316,2.9700000286102295,3.059999942779541,1232313
2017-11-20,3.059999942779541,3.0999999046325684,3.0,3.0399999618530273,248292
2017-11-21,3.0399999618530273,3.130000114440918,3.0299999713897705,3.069999933242798,412644
2017-11-22,3.069999933242798,3.140000104904175,3.0899999141693115,3.0999999046325684,241490
2017-11-23,3.0999999046325684,3.4100000858306885,3.109999895095825,3.319999933242798,3203281
2017-11-26,3.319999933242798,3.6500000953674316,3.4200000762939453,3.569999933242798,5635464
2017-11-27,3.569999933242798,3.569999933242798,3.569999933242798,3.569999933242798,0
2017-11-28,3.9100000858306885,4.21999979019165,3.9000000953674316,4.019999980926514,8348175
2017-11-29,4.019999980926514,4.210000038146973,3.799999952316284,3.930000066757202,4003470
2017-11-30,3.930000066757202,3.930000066757202,3.930000066757202,3.930000066757202,0
2017-12-03,3.930000066757202,4.019999980926514,3.8499999046325684,3.930000066757202,2530190
2017-12-04,4.050000190734863,4.119999885559082,3.9000000953674316,4.019999980926514,3124867
2017-12-05,4.019999980926514,4.0,3.880000114440918,3.9700000286102295,950470
2017-12-06,3.9700000286102295,3.9800000190734863,3.9000000953674316,3.930000066757202,3424953
2017-12-07,3.930000066757202,4.079999923706055,3.9200000762939453,4.010000228881836,6594755
2017-12-10,4.010000228881836,4.190000057220459,4.0,4.099999904632568,7248059
2017-12-11,4.099999904632568,4.099999904632568,4.099999904632568,4.099999904632568,0
2017-12-12,4.130000114440918,4.360000133514404,4.150000095367432,4.21999979019165,1560545
2017-12-13,4.21999979019165,4.28000020980835,4.099999904632568,4.199999809265137,1904322
2017-12-14,4.199999809265137,4.230000019073486,3.930000066757202,4.050000190734863,3827818
2017-12-17,4.050000190734863,4.079999923706055,3.9700000286102295,4.010000228881836,2199659
2017-12-18,4.010000228881836,4.159999847412109,4.0,4.059999942779541,7199745
2017-12-19,4.059999942779541,4.25,4.099999904632568,4.199999809265137,3916795
2017-12-20,4.199999809265137,4.199999809265137,4.199999809265137,4.199999809265137,0
2017-12-21,4.119999885559082,4.199999809265137,4.0,4.050000190734863,265950
2017-12-24,4.050000190734863,4.059999942779541,3.940000057220459,4.0,157609
2017-12-25,4.0,4.159999847412109,3.950000047683716,4.090000152587891,392515
2017-12-26,4.090000152587891,4.239999771118164,4.099999904632568,4.190000057220459,2577158
2017-12-27,4.190000057220459,4.400000095367432,4.159999847412109,4.28000020980835,4287417
2017-12-28,4.28000020980835,4.559999942779541,4.239999771118164,4.429999828338623,5071677
2017-12-31,4.429999828338623,4.599999904632568,4.400000095367432,4.489999771118164,6941997
2018-01-01,4.489999771118164,4.489999771118164,4.489999771118164,4.489999771118164,0
2018-01-02,4.489999771118164,4.489999771118164,4.489999771118164,4.489999771118164,0
2018-01-03,4.820000171661377,5.139999866485596,4.690000057220459,4.849999904632568,6935858
2018-01-04,4.849999904632568,4.78000020980835,4.519999980926514,4.650000095367432,2133351
2018-01-07,4.650000095367432,4.650000095367432,4.650000095367432,4.650000095367432,0
2018-01-08,4.650000095367432,4.789999961853027,4.570000171661377,4.690000057220459,3099428
2018-01-09,4.690000057220459,4.809999942779541,4.670000076293945,4.75,2136207
2018-01-10,4.75,5.099999904632568,4.75,4.949999809265137,7389699
2018-01-11,4.949999809265137,5.170000076293945,4.960000038146973,5.079999923706055,2165396
2018-01-14,5.079999923706055,5.239999771118164,5.0,5.090000152587891,4483209
2018-01-15,5.090000152587891,5.269999980926514,5.070000171661377,5.179999828338623,2004375
2018-01-16,5.179999828338623,5.460000038146973,5.059999942779541,5.289999961853027,2559196
2018-01-17,5.289999961853027,5.590000152587891,5.380000114440918,5.5,2265429
2018-01-18,5.5,5.550000190734863,5.28000020980835,5.429999828338623,2316511
2018-01-21,5.429999828338623,5.429999828338623,5.429999828338623,5.429999828338623,0
2018-01-22,5.369999885559082,5.480000019073486,5.300000190734863,5.380000114440918,1960075
2018-01-23,5.380000114440918,5.400000095367432,5.230000019073486,5.329999923706055,903557
2018-01-24,5.329999923706055,5.340000152587891,5.159999847412109,5.230000019073486,630711
2018-01-25,5.230000019073486,5.230000019073486,5.230000019073486,5.230000019073486,0
2018-01-28,5.230000019073486,5.190000057220459,4.940000057220459,5.019999980926514,970800
2018-01-29,5.019999980926514,5.25,5.0,5.150000095367432,3165620
2018-01-30,5.150000095367432,5.199999809265137,5.0,5.090000152587891,1186964
2018-01-31,5.090000152587891,5.099999904632568,4.869999885559082,4.940000057220459,2506067
2018-02-01,4.940000057220459,5.110000133514404,4.949999809265137,5.010000228881836,7553079
2018-02-04,5.010000228881836,5.019999980926514,4.900000095367432,4.96999979019165,2528886
2018-02-05,4.96999979019165,5.050000190734863,4.880000114440918,4.96999979019165,1332671
2018-02-06,4.829999923706055,4.949999809265137,4.599999904632568,4.820000171661377,1115295
2018-02-07,4.820000171661377,5.110000133514404,4.920000076293945,5.050000190734863,2993054
2018-02-08,5.050000190734863,5.050000190734863,5.050000190734863,5.050000190734863,0
2018-02-11,5.599999904632568,5.800000190734863,5.5,5.699999809265137,4229341
2018-02-12,5.699999809265137,5.800000190734863,5.630000114440918,5.690000057220459,3740594
2018-02-13,5.690000057220459,5.699999809265137,5.360000133514404,5.519999980926514,2699049
2018-02-14,5.519999980926514,5.610000133514404,5.300000190734863,5.440000057220459,1691042
2018-02-15,5.440000057220459,5.590000152587891,5.429999828338623,5.510000228881836,870329
2018-02-18,5.510000228881836,5.650000095367432,5.510000228881836,5.590000152587891,580486
2018-02-19,5.590000152587891,5.630000114440918,5.480000019073486,5.550000190734863,559397
2018-02-20,5.550000190734863,5.550000190734863,5.550000190734863,5.550000190734863,0
2018-02-21,5.429999828338623,5.400000095367432,4.889999866485596,5.019999980926514,3970639
2018-02-22,5.019999980926514,5.150000095367432,4.900000095367432,5.03000020980835,2198564
2018-02-25,5.03000020980835,5.230000019073486,5.070000171661377,5.150000095367432,922774
2018-02-26,5.150000095367432,5.170000076293945,4.929999828338623,5.010000228881836,1724502
2018-02-27,5.010000228881836,5.059999942779541,4.889999866485596,4.940000057220459,1651038
2018-02-28,4.940000057220459,5.0,4.800000190734863,4.849999904632568,1326363
2018-03-01,4.849999904632568,4.920000076293945,4.739999771118164,4.829999923706055,1244327
2018-03-04,4.829999923706055,4.900000095367432,4.75,4.820000171661377,663783
2018-03-05,4.820000171661377,4.829999923706055,4.699999809265137,4.739999771118164,752426
2018-03-06,4.940000057220459,5.099999904632568,4.769999980926514,5.0,3380399
2018-03-07,5.0,5.150000095367432,5.010000228881836,5.050000190734863,2592331
2018-03-08,5.050000190734863,5.150000095367432,4.949999809265137,5.019999980926514,2331950
2018-03-11,5.019999980926514,5.059999942779541,4.889999866485596,4.960000038146973,1375072
2018-03-12,4.960000038146973,5.199999809265137,4.949999809265137,5.099999904632568,2622976
2018-03-13,5.099999904632568,5.099999904632568,5.099999904632568,5.099999904632568,0
2018-03-14,5.239999771118164,5.21999979019165,4.880000114440918,4.980000019073486,2039408
2018-03-15,4.980000019073486,5.03000020980835,4.900000095367432,4.960000038146973,691170
2018-03-18,4.960000038146973,5.039999961853027,4.760000228881836,4.909999847412109,2091553
2018-03-19,4.909999847412109,4.989999771118164,4.800000190734863,4.860000133514404,2169027
2018-03-20,4.860000133514404,4.96999979019165,4.800000190734863,4.849999904632568,1256267
2018-03-21,4.849999904632568,5.059999942779541,4.789999961853027,4.949999809265137,2520284
2018-03-22,4.949999809265137,5.179999828338623,4.980000019073486,5.050000190734863,2366906
2018-03-25,5.050000190734863,5.099999904632568,4.940000057220459,4.989999771118164,460026
2018-03-26,4.989999771118164,5.21999979019165,5.0,5.150000095367432,2729150
2018-03-27,5.150000095367432,5.360000133514404,5.170000076293945,5.300000190734863,1218946
2018-03-28,5.300000190734863,5.349999904632568,5.010000228881836,5.090000152587891,1755580
2018-03-29,5.090000152587891,5.329999923706055,5.099999904632568,5.230000019073486,1377764
2018-04-01,5.230000019073486,5.380000114440918,5.150000095367432,5.230000019073486,723911
2018-04-02,5.230000019073486,5.25,5.099999904632568,5.190000057220459,512330
2018-04-03,5.190000057220459,5.199999809265137,5.019999980926514,5.110000133514404,1140444
2018-04-04,5.110000133514404,5.619999885559082,5.179999828338623,5.389999866485596,4758953
2018-04-05,5.389999866485596,5.920000076293945,5.599999904632568,5.829999923706055,2791334
2018-04-08,5.829999923706055,5.829999923706055,5.829999923706055,5.829999923706055,0
2018-04-09,5.829999923706055,5.829999923706055,5.829999923706055,5.829999923706055,0
2018-04-10,5.829999923706055,6.409999847412109,5.559999942779541,6.099999904632568,1970730
2018-04-11,6.099999904632568,6.300000190734863,5.75,5.949999809265137,2108464
2018-04-12,5.949999809265137,5.989999771118164,5.659999847412109,5.789999961853027,341655
2018-04-15,5.789999961853027,5.949999809265137,5.510000228881836,5.75,209885
2018-04-16,5.75,6.150000095367432,5.800000190734863,5.980000019073486,737451
2018-04-17,5.980000019073486,6.360000133514404,5.96999979019165,6.260000228881836,1264755
2018-04-18,6.260000228881836,6.650000095367432,6.269999980926514,6.449999809265137,2641808
2018-04-19,6.449999809265137,6.480000019073486,6.300000190734863,6.380000114440918,314295
2018-04-22,6.380000114440918,6.579999923706055,6.340000152587891,6.440000057220459,472950
2018-04-23,6.440000057220459,6.46999979019165,6.050000190734863,6.269999980926514,548261
2018-04-24,6.269999980926514,6.400000095367432,5.949999809265137,6.119999885559082,1621657
2018-04-25,6.119999885559082,6.119999885559082,6.119999885559082,6.119999885559082,0
2018-04-26,6.119999885559082,6.199999809265137,6.010000228881836,6.059999942779541,313855
2018-04-29,6.059999942779541,6.300000190734863,6.010000228881836,6.210000038146973,952324
2018-04-30,6.210000038146973,6.380000114440918,6.0,6.159999847412109,1218241
2018-05-01,6.159999847412109,6.159999847412109,6.159999847412109,6.159999847412109,0
2018-05-02,6.159999847412109,6.300000190734863,6.059999942779541,6.179999828338623,576981
2018-05-03,6.179999828338623,6.480000019073486,6.130000114440918,6.329999923706055,929675
2018-05-06,6.5,7.0,6.489999771118164,6.769999980926514,1949508
2018-05-07,6.769999980926514,6.75,6.420000076293945,6.599999904632568,225867
2018-05-08,6.599999904632568,6.71999979019165,6.429999828338623,6.570000171661377,181292
2018-05-09,6.570000171661377,6.599999904632568,5.920000076293945,6.050000190734863,2839667
2018-05-10,6.050000190734863,6.5,6.0,6.190000057220459,850707
2018-05-13,6.190000057220459,6.599999904632568,6.199999809265137,6.329999923706055,724254
2018-05-14,6.329999923706055,6.300000190734863,6.119999885559082,6.210000038146973,543686
2018-05-15,6.210000038146973,6.260000228881836,5.909999847412109,6.059999942779541,638482
2018-05-16,6.059999942779541,6.039999961853027,5.829999923706055,5.909999847412109,687901
2018-05-17,5.909999847412109,5.960000038146973,5.75,5.829999923706055,505971
2018-05-20,5.829999923706055,5.840000152587891,5.679999828338623,5.789999961853027,197718
2018-05-21,5.789999961853027,5.849999904632568,5.71999979019165,5.800000190734863,2427341
2018-05-22,5.800000190734863,5.849999904632568,5.599999904632568,5.730000019073486,424517
2018-05-23,5.730000019073486,5.809999942779541,5.610000133514404,5.690000057220459,594408
2018-05-24,5.690000057220459,5.75,5.449999809265137,5.579999923706055,478347
2018-05-27,5.579999923706055,5.75,5.550000190734863,5.679999828338623,533744
2018-05-28,5.679999828338623,5.800000190734863,5.699999809265137,5.71999979019165,4749814
2018-05-29,5.71999979019165,5.869999885559082,5.71999979019165,5.820000171661377,3460316
2018-05-30,5.820000171661377,5.820000171661377,5.710000038146973,5.760000228881836,1562601
2018-05-31,5.760000228881836,5.769999980926514,5.570000171661377,5.71999979019165,982602
2018-06-03,5.71999979019165,5.769999980926514,5.679999828338623,5.71999979019165,258684
2018-06-04,5.71999979019165,5.769999980926514,5.679999828338623,5.71999979019165,258684
2018-06-05,5.739999771118164,5.730000019073486,5.5,5.659999847412109,1343850
2018-06-06,5.659999847412109,5.659999847412109,5.449999809265137,5.519999980926514,754590
2018-06-07,5.519999980926514,5.769999980926514,5.400000095367432,5.639999866485596,963541
2018-06-10,5.639999866485596,5.730000019073486,5.650000095367432,5.699999809265137,114660
2018-06-11,5.699999809265137,5.699999809265137,5.699999809265137,5.699999809265137,0
2018-06-12,5.590000152587891,5.650000095367432,5.5,5.550000190734863,194885
2018-06-13,5.550000190734863,5.590000152587891,5.25,5.5,369619
2018-06-14,5.5,5.650000095367432,5.409999847412109,5.46999979019165,297770
2018-06-17,5.46999979019165,5.46999979019165,5.46999979019165,5.46999979019165,0
2018-06-18,5.46999979019165,5.46999979019165,5.46999979019165,5.46999979019165,0
2018-06-19,5.46999979019165,5.480000019073486,5.309999942779541,5.409999847412109,546850
2018-06-20,5.409999847412109,5.5,5.360000133514404,5.429999828338623,178558
2018-06-21,5.429999828338623,5.599999904632568,5.449999809265137,5.519999980926514,2145253
2018-06-24,5.519999980926514,5.5,5.389999866485596,5.440000057220459,543525
2018-06-25,5.440000057220459,5.480000019073486,5.349999904632568,5.400000095367432,255770
2018-06-26,5.400000095367432,5.449999809265137,5.300000190734863,5.360000133514404,1172037
2018-06-27,5.360000133514404,5.71999979019165,5.400000095367432,5.599999904632568,4456993
2018-06-28,5.599999904632568,5.650000095367432,5.5,5.579999923706055,605138
2018-07-01,5.579999923706055,5.579999923706055,5.579999923706055,5.579999923706055,0
2018-07-02,5.579999923706055,5.699999809265137,5.579999923706055,5.610000133514404,445834
2018-07-03,5.610000133514404,5.800000190734863,5.619999885559082,5.75,1398056
2018-07-04,5.75,5.800000190734863,5.619999885559082,5.670000076293945,187402
2018-07-05,5.670000076293945,5.610000133514404,5.460000038146973,5.519999980926514,3595402
2018-07-08,5.519999980926514,5.53000020980835,5.449999809265137,5.489999771118164,462889
2018-07-09,5.489999771118164,5.5,5.400000095367432,5.449999809265137,1192895
2018-07-10,5.449999809265137,5.71999979019165,5.440000057220459,5.690000057220459,8216994
2018-07-11,5.690000057220459,6.050000190734863,5.599999904632568,5.730000019073486,6065761
2018-07-12,5.730000019073486,6.139999866485596,5.860000133514404,6.03000020980835,4383494
2018-07-15,6.03000020980835,6.130000114440918,5.849999904632568,6.039999961853027,2386484
2018-07-16,6.039999961853027,5.949999809265137,5.78000020980835,5.840000152587891,210790
2018-07-17,5.840000152587891,5.909999847412109,5.75,5.809999942779541,741564
2018-07-18,5.809999942779541,6.090000152587891,5.829999923706055,5.989999771118164,772353
2018-07-19,5.989999771118164,6.0,5.760000228881836,5.880000114440918,198115
2018-07-22,5.880000114440918,5.989999771118164,5.75,5.800000190734863,558897
2018-07-23,5.800000190734863,5.800000190734863,5.800000190734863,5.800000190734863,0
2018-07-24,5.800000190734863,5.900000095367432,5.800000190734863,5.809999942779541,1371843
2018-07-25,5.809999942779541,5.949999809265137,5.699999809265137,5.809999942779541,1269593
2018-07-26,5.809999942779541,5.849999904632568,5.760000228881836,5.809999942779541,538560
2018-07-29,5.809999942779541,5.800000190734863,5.699999809265137,5.730000019073486,218950
2018-07-30,5.730000019073486,5.699999809265137,5.46999979019165,5.570000171661377,3247969
2018-07-31,5.570000171661377,5.699999809265137,5.5,5.639999866485596,4430642
2018-08-01,5.639999866485596,5.820000171661377,5.5,5.639999866485596,1253393
2018-08-02,5.639999866485596,5.699999809265137,5.550000190734863,5.650000095367432,631273
2018-08-05,5.650000095367432,5.679999828338623,5.550000190734863,5.619999885559082,97357
2018-08-06,5.619999885559082,5.699999809265137,5.579999923706055,5.639999866485596,410193
2018-08-07,5.639999866485596,5.800000190734863,5.659999847412109,5.730000019073486,1680100
2018-08-08,5.730000019073486,6.099999904632568,5.860000133514404,5.989999771118164,3461510
2018-08-09,5.989999771118164,6.25,6.03000020980835,6.170000076293945,7358495
2018-08-12,6.170000076293945,6.179999828338623,6.0,6.039999961853027,152484
2018-08-13,6.039999961853027,6.099999904632568,5.75,5.869999885559082,1810640
2018-08-14,5.869999885559082,6.199999809265137,6.0,6.03000020980835,713458
2018-08-15,6.03000020980835,6.119999885559082,5.920000076293945,6.070000171661377,763956
2018-08-16,6.070000171661377,6.110000133514404,5.909999847412109,6.019999980926514,332385
2018-08-19,6.019999980926514,6.110000133514404,5.949999809265137,6.059999942779541,68042
2018-08-20,6.059999942779541,6.059999942779541,6.059999942779541,6.059999942779541,0
2018-08-21,6.059999942779541,6.059999942779541,6.059999942779541,6.059999942779541,0
2018-08-22,6.059999942779541,6.059999942779541,6.059999942779541,6.059999942779541,0
2018-08-23,6.059999942779541,6.059999942779541,6.059999942779541,6.059999942779541,0
2018-08-26,6.070000171661377,6.070000171661377,6.070000171661377,6.070000171661377,0
2018-08-27,6.070000171661377,6.070000171661377,6.070000171661377,6.070000171661377,0
2018-08-28,6.070000171661377,6.070000171661377,6.070000171661377,6.070000171661377,0
2018-08-29,6.070000171661377,6.070000171661377,6.070000171661377,6.070000171661377,0
2018-08-30,6.070000171661377,6.070000171661377,6.070000171661377,6.070000171661377,0
2018-09-02,5.989999771118164,6.03000020980835,6.0,6.010000228881836,154500
2018-09-03,6.010000228881836,6.0,5.869999885559082,5.960000038146973,45800
2018-09-04,5.960000038146973,5.949999809265137,5.75,5.849999904632568,82359
2018-09-05,5.849999904632568,5.800000190734863,5.670000076293945,5.739999771118164,381051
2018-09-06,5.739999771118164,5.920000076293945,5.739999771118164,5.789999961853027,196523
2018-09-09,5.789999961853027,5.980000019073486,5.800000190734863,5.949999809265137,144374
2018-09-10,5.949999809265137,6.0,5.849999904632568,5.949999809265137,526253
2018-09-11,5.949999809265137,5.949999809265137,5.949999809265137,5.949999809265137,0
2018-09-12,5.949999809265137,5.900000095367432,5.510000228881836,5.75,1411422
2018-09-13,5.75,5.75,5.5,5.570000171661377,245626
2018-09-16,5.570000171661377,5.400000095367432,5.25,5.360000133514404,227068
2018-09-17,5.360000133514404,5.489999771118164,5.389999866485596,5.449999809265137,164647
2018-09-18,5.449999809265137,5.440000057220459,5.25,5.329999923706055,41326
2018-09-19,5.329999923706055,5.800000190734863,5.150000095367432,5.460000038146973,639799
2018-09-20,5.460000038146973,5.71999979019165,5.400000095367432,5.519999980926514,54007
2018-09-23,5.519999980926514,5.789999961853027,5.449999809265137,5.679999828338623,25783
2018-09-24,5.679999828338623,5.679999828338623,5.25,5.340000152587891,926226
2018-09-25,5.340000152587891,5.650000095367432,5.349999904632568,5.539999961853027,99643
2018-09-26,5.539999961853027,5.690000057220459,5.489999771118164,5.53000020980835,473612
2018-09-27,5.53000020980835,5.53000020980835,5.360000133514404,5.510000228881836,463741
2018-09-30,5.510000228881836,5.699999809265137,5.369999885559082,5.570000171661377,219346
2018-10-01,5.570000171661377,5.570000171661377,5.210000038146973,5.300000190734863,966099
2018-10-02,5.300000190734863,5.309999942779541,5.260000228881836,5.300000190734863,330579
2018-10-03,5.300000190734863,5.400000095367432,5.150000095367432,5.269999980926514,3084564
2018-10-04,5.269999980926514,5.199999809265137,5.079999923706055,5.150000095367432,1420516
2018-10-08,5.150000095367432,5.099999904632568,4.800000190734863,4.929999828338623,1955784
2018-10-09,4.929999828338623,4.900000095367432,4.849999904632568,4.860000133514404,126300
2018-10-10,4.860000133514404,4.869999885559082,4.53000020980835,4.769999980926514,604097
2018-10-11,4.769999980926514,4.900000095367432,4.300000190734863,4.630000114440918,431159
2018-10-15,4.960000038146973,4.949999809265137,4.699999809265137,4.900000095367432,12296
2018-10-16,4.900000095367432,5.199999809265137,4.909999847412109,5.050000190734863,171763
2018-10-17,5.050000190734863,5.059999942779541,4.800000190734863,4.880000114440918,125364
2018-10-18,4.880000114440918,4.920000076293945,4.809999942779541,4.860000133514404,307756
2018-10-21,4.860000133514404,4.909999847412109,4.71999979019165,4.860000133514404,736
2018-10-23,4.840000152587891,5.110000133514404,4.840000152587891,5.079999923706055,1036316
2018-10-24,5.079999923706055,5.300000190734863,5.0,5.239999771118164,2379594
2018-10-25,5.239999771118164,5.139999866485596,4.900000095367432,4.949999809265137,508383
2018-10-28,4.949999809265137,5.139999866485596,5.079999923706055,5.099999904632568,875950
2018-10-29,5.099999904632568,5.349999904632568,5.110000133514404,5.25,230747
2018-10-30,5.25,5.380000114440918,5.25,5.329999923706055,26391
2018-10-31,5.329999923706055,5.300000190734863,5.150000095367432,5.199999809265137,351401
2018-11-01,5.199999809265137,5.300000190734863,5.199999809265137,5.199999809265137,1723809
2018-11-04,5.199999809265137,5.349999904632568,5.199999809265137,5.340000152587891,239934
2018-11-05,5.340000152587891,5.570000171661377,5.380000114440918,5.5,720413
2018-11-06,5.5,5.679999828338623,5.400000095367432,5.5,3169542
2018-11-07,5.5,5.559999942779541,5.380000114440918,5.5,2850095
2018-11-08,5.5,5.670000076293945,5.5,5.590000152587891,808842
2018-11-11,5.590000152587891,5.5,5.369999885559082,5.400000095367432,79450
2018-11-12,5.400000095367432,5.619999885559082,5.46999979019165,5.579999923706055,1520200
2018-11-13,5.579999923706055,5.590000152587891,5.400000095367432,5.5,1819671
2018-11-14,5.5,5.429999828338623,5.159999847412109,5.28000020980835,29800
2018-11-15,5.28000020980835,5.400000095367432,5.130000114440918,5.369999885559082,220333
2018-11-18,5.369999885559082,5.550000190734863,5.400000095367432,5.5,254149
2018-11-19,5.5,5.420000076293945,5.300000190734863,5.329999923706055,125463
2018-11-20,5.329999923706055,5.329999923706055,5.329999923706055,5.329999923706055,0
2018-11-21,5.329999923706055,5.349999904632568,5.190000057220459,5.320000171661377,26344
2018-11-22,5.320000171661377,5.349999904632568,5.25,5.300000190734863,70796
2018-11-25,5.300000190734863,5.300000190734863,5.099999904632568,5.21999979019165,342918
2018-11-26,5.21999979019165,5.199999809265137,5.050000190734863,5.179999828338623,308635
2018-11-27,5.179999828338623,5.179999828338623,5.079999923706055,5.150000095367432,348227
2018-11-28,5.150000095367432,5.300000190734863,5.059999942779541,5.179999828338623,229780
2018-11-29,5.179999828338623,5.150000095367432,5.099999904632568,5.139999866485596,7191585
2018-12-02,5.139999866485596,5.099999904632568,5.019999980926514,5.059999942779541,766102
2018-12-03,5.059999942779541,5.0,4.78000020980835,4.929999828338623,562275
2018-12-04,4.929999828338623,4.980000019073486,4.5,4.849999904632568,968980
2018-12-05,4.849999904632568,4.96999979019165,4.730000019073486,4.769999980926514,453235
2018-12-06,4.769999980926514,5.0,4.599999904632568,4.860000133514404,48450
2018-12-09,4.860000133514404,4.699999809265137,4.699999809265137,4.860000133514404,800
2018-12-10,4.860000133514404,4.849999904632568,4.699999809265137,4.820000171661377,891987
2018-12-11,4.820000171661377,4.789999961853027,4.710000038146973,4.760000228881836,131937
2018-12-12,4.760000228881836,4.789999961853027,4.699999809265137,4.75,110103
2018-12-13,4.75,5.0,4.769999980926514,4.849999904632568,836139
2018-12-16,4.849999904632568,5.099999904632568,4.869999885559082,4.980000019073486,312366
2018-12-17,4.980000019073486,5.170000076293945,4.900000095367432,5.010000228881836,1474086
2018-12-18,5.010000228881836,5.0,4.900000095367432,4.940000057220459,430598
2018-12-19,4.940000057220459,5.090000152587891,4.900000095367432,5.0,998600
2018-12-20,5.0,5.21999979019165,4.849999904632568,5.110000133514404,1021289
2018-12-23,5.110000133514404,5.230000019073486,5.059999942779541,5.130000114440918,220753
2018-12-24,5.130000114440918,5.099999904632568,5.0,5.050000190734863,134119
2018-12-25,5.050000190734863,5.070000171661377,4.860000133514404,4.960000038146973,61792
2018-12-26,4.960000038146973,5.170000076293945,5.0,5.079999923706055,248570
2018-12-27,5.079999923706055,5.179999828338623,5.039999961853027,5.119999885559082,54249
2018-12-30,5.119999885559082,5.130000114440918,5.0,5.079999923706055,39400
2018-12-31,5.079999923706055,5.179999828338623,5.050000190734863,5.139999866485596,63101
2019-01-01,5.139999866485596,5.139999866485596,5.139999866485596,5.139999866485596,0
2019-01-02,5.139999866485596,5.349999904632568,5.139999866485596,5.28000020980835,898804
2019-01-03,5.28000020980835,5.289999961853027,5.03000020980835,5.210000038146973,102755
2019-01-06,5.210000038146973,5.21999979019165,5.039999961853027,5.070000171661377,222480
2019-01-07,5.070000171661377,5.070000171661377,5.070000171661377,5.070000171661377,0
2019-01-08,5.070000171661377,5.179999828338623,5.050000190734863,5.110000133514404,579195
2019-01-09,5.110000133514404,5.25,5.019999980926514,5.139999866485596,524004
2019-01-10,5.139999866485596,5.130000114440918,5.03000020980835,5.079999923706055,146150
2019-01-13,5.079999923706055,5.179999828338623,5.019999980926514,5.059999942779541,235311
2019-01-14,5.059999942779541,5.039999961853027,4.909999847412109,5.0,137750
2019-01-15,5.0,5.150000095367432,4.980000019073486,5.019999980926514,229793
2019-01-16,5.019999980926514,5.03000020980835,5.0,5.03000020980835,112201
2019-01-17,5.03000020980835,5.050000190734863,4.829999923706055,5.0,710373
2019-01-20,5.0,5.099999904632568,4.909999847412109,4.96999979019165,46373
2019-01-21,4.96999979019165,5.010000228881836,4.949999809265137,5.0,221092
2019-01-22,5.0,5.0,4.880000114440918,4.940000057220459,203660
2019-01-23,4.940000057220459,4.880000114440918,4.809999942779541,4.849999904632568,105510
2019-01-24,4.849999904632568,4.849999904632568,4.849999904632568,4.849999904632568,0
2019-01-27,4.849999904632568,4.940000057220459,4.769999980926514,4.820000171661377,68012
2019-01-28,4.820000171661377,4.820000171661377,4.699999809265137,4.75,677779
2019-01-29,4.75,4.920000076293945,4.739999771118164,4.820000171661377,63120
2019-01-30,4.820000171661377,5.03000020980835,4.739999771118164,4.949999809265137,235261
2019-01-31,4.949999809265137,5.039999961853027,4.900000095367432,4.909999847412109,180949
2019-02-03,4.909999847412109,5.099999904632568,4.900000095367432,5.0,208269
2019-02-04,5.0,5.170000076293945,5.0,5.079999923706055,365242
2019-02-05,5.079999923706055,5.579999923706055,5.099999904632568,5.409999847412109,4168556
2019-02-06,5.409999847412109,5.75,5.320000171661377,5.429999828338623,1300034
2019-02-07,5.429999828338623,5.400000095367432,5.25,5.360000133514404,217078
2019-02-10,5.360000133514404,5.46999979019165,5.349999904632568,5.409999847412109,179734
2019-02-11,5.409999847412109,5.420000076293945,5.159999847412109,5.21999979019165,307148
2019-02-12,5.21999979019165,5.340000152587891,5.099999904632568,5.21999979019165,838441
2019-02-13,5.21999979019165,5.369999885559082,5.210000038146973,5.269999980926514,234844
2019-02-14,5.269999980926514,5.329999923706055,5.260000228881836,5.300000190734863,657727
2019-02-17,5.300000190734863,5.679999828338623,5.409999847412109,5.53000020980835,4500462
2019-02-18,5.53000020980835,5.510000228881836,5.360000133514404,5.480000019073486,4189296
2019-02-19,5.480000019073486,5.400000095367432,5.239999771118164,5.269999980926514,1218293
2019-02-20,5.269999980926514,5.420000076293945,5.28000020980835,5.369999885559082,1736107
2019-02-21,5.369999885559082,5.360000133514404,5.210000038146973,5.340000152587891,3147300
2019-02-24,5.340000152587891,5.21999979019165,5.110000133514404,5.139999866485596,440832
2019-02-25,5.139999866485596,5.239999771118164,5.099999904632568,5.150000095367432,226575
2019-02-26,5.150000095367432,5.300000190734863,5.199999809265137,5.21999979019165,527582
2019-02-27,5.21999979019165,5.199999809265137,5.139999866485596,5.190000057220459,300200
2019-02-28,5.190000057220459,5.400000095367432,5.050000190734863,5.170000076293945,1655896
2019-03-03,5.170000076293945,5.199999809265137,4.949999809265137,5.019999980926514,1145860
2019-03-04,5.019999980926514,5.050000190734863,4.949999809265137,5.0,992317
2019-03-05,5.0,5.090000152587891,4.920000076293945,4.980000019073486,458650
2019-03-06,4.980000019073486,5.039999961853027,4.900000095367432,4.940000057220459,645434
2019-03-07,4.940000057220459,5.070000171661377,4.989999771118164,5.019999980926514,147242
2019-03-10,5.019999980926514,5.099999904632568,4.989999771118164,5.019999980926514,864681
2019-03-11,5.019999980926514,5.079999923706055,5.0,5.019999980926514,65401
2019-03-12,5.019999980926514,5.340000152587891,5.0,5.199999809265137,3341449
2019-03-13,5.199999809265137,5.369999885559082,5.199999809265137,5.329999923706055,3081341
2019-03-14,5.329999923706055,5.230000019073486,5.099999904632568,5.170000076293945,290493
2019-03-17,5.170000076293945,5.150000095367432,5.090000152587891,5.110000133514404,72281
2019-03-18,5.110000133514404,5.199999809265137,5.050000190734863,5.110000133514404,289709
2019-03-19,5.110000133514404,5.150000095367432,4.949999809265137,5.019999980926514,502950
2019-03-20,5.019999980926514,5.070000171661377,4.949999809265137,4.989999771118164,142958
2019-03-21,4.989999771118164,5.110000133514404,5.010000228881836,5.079999923706055,235419
2019-03-24,5.079999923706055,5.139999866485596,5.0,5.019999980926514,195950
2019-03-25,5.019999980926514,5.099999904632568,4.940000057220459,5.0,2190940
2019-03-26,5.0,5.0,4.929999828338623,4.960000038146973,139695
2019-03-27,4.960000038146973,5.0,4.900000095367432,4.940000057220459,540216
2019-03-28,4.940000057220459,5.0,4.900000095367432,4.949999809265137,1158121
2019-03-31,4.949999809265137,4.960000038146973,4.900000095367432,4.920000076293945,65043
2019-04-01,4.920000076293945,5.0,4.909999847412109,4.980000019073486,81406
2019-04-02,4.980000019073486,5.03000020980835,4.929999828338623,4.980000019073486,61730
2019-04-03,4.980000019073486,4.920000076293945,4.800000190734863,4.849999904632568,798867
2019-04-04,4.849999904632568,4.820000171661377,4.699999809265137,4.760000228881836,229274
2019-04-07,4.760000228881836,4.900000095367432,4.670000076293945,4.739999771118164,86121
2019-04-08,4.739999771118164,4.710000038146973,4.5,4.559999942779541,990772
2019-04-09,4.559999942779541,4.769999980926514,4.5,4.590000152587891,1149131
2019-04-10,4.590000152587891,4.679999828338623,4.5,4.590000152587891,653729
2019-04-11,4.590000152587891,4.650000095367432,4.53000020980835,4.590000152587891,445878
2019-04-14,4.550000190734863,4.550000190734863,4.5,4.510000228881836,200823
2019-04-15,4.510000228881836,4.519999980926514,4.449999809265137,4.5,200016
2019-04-16,4.5,4.610000133514404,4.489999771118164,4.550000190734863,1520329
2019-04-17,4.550000190734863,4.639999866485596,4.510000228881836,4.579999923706055,186898
2019-04-18,4.579999923706055,4.650000095367432,4.53000020980835,4.610000133514404,674825
2019-04-21,4.610000133514404,4.53000020980835,4.449999809265137,4.519999980926514,17376
2019-04-22,4.519999980926514,4.510000228881836,4.5,4.5,51874
2019-04-23,4.5,4.519999980926514,4.420000076293945,4.46999979019165,67400
2019-04-24,4.46999979019165,4.570000171661377,4.5,4.510000228881836,199800
2019-04-25,4.510000228881836,4.510000228881836,4.510000228881836,4.510000228881836,0
2019-04-28,4.510000228881836,4.510000228881836,4.510000228881836,4.510000228881836,0
2019-04-29,4.510000228881836,4.510000228881836,4.510000228881836,4.510000228881836,0
2019-04-30,4.510000228881836,4.619999885559082,4.510000228881836,4.550000190734863,11048
2019-05-01,4.550000190734863,4.550000190734863,4.550000190734863,4.550000190734863,0
2019-05-02,4.550000190734863,4.550000190734863,4.5,4.510000228881836,38333
2019-05-05,4.510000228881836,4.5,4.400000095367432,4.420000076293945,35500
2019-05-06,4.420000076293945,4.360000133514404,4.300000190734863,4.340000152587891,434969
2019-05-07,4.340000152587891,4.360000133514404,4.210000038146973,4.340000152587891,1334893
2019-05-08,4.340000152587891,4.340000152587891,4.099999904632568,4.199999809265137,492370
2019-05-09,4.199999809265137,4.309999942779541,4.090000152587891,4.300000190734863,596000
2019-05-12,4.300000190734863,4.300000190734863,4.179999828338623,4.300000190734863,1690171
2019-05-13,4.300000190734863,4.300000190734863,4.150000095367432,4.239999771118164,121915
2019-05-14,4.239999771118164,4.199999809265137,4.159999847412109,4.239999771118164,500
2019-05-15,4.239999771118164,4.159999847412109,4.0,4.070000171661377,117462
2019-05-16,4.070000171661377,4.090000152587891,4.010000228881836,4.03000020980835,229004
2019-05-19,4.03000020980835,4.199999809265137,3.8299999237060547,3.9600000381469727,243044
2019-05-20,3.9600000381469727,3.9000000953674316,3.8499999046325684,3.869999885559082,716361
2019-05-21,3.869999885559082,4.039999961853027,3.890000104904175,4.0,460478
2019-05-22,4.0,3.950000047683716,3.950000047683716,4.0,1000
2019-05-23,4.0,4.019999980926514,3.859999895095825,4.0,99488
2019-05-26,4.0,4.099999904632568,3.990000009536743,4.019999980926514,338567
2019-05-27,4.019999980926514,4.289999961853027,4.039999961853027,4.110000133514404,387344
2019-05-28,4.110000133514404,4.519999980926514,4.130000114440918,4.429999828338623,723618
2019-05-29,4.429999828338623,4.559999942779541,4.25,4.320000171661377,329917
2019-05-30,4.320000171661377,4.389999866485596,4.150000095367432,4.199999809265137,43400
2019-06-02,4.199999809265137,4.199999809265137,4.199999809265137,4.199999809265137,0
2019-06-03,4.199999809265137,4.300000190734863,4.199999809265137,4.21999979019165,32950
2019-06-04,4.21999979019165,4.21999979019165,4.21999979019165,4.21999979019165,0
2019-06-05,4.21999979019165,4.21999979019165,4.21999979019165,4.21999979019165,0
2019-06-06,4.21999979019165,4.21999979019165,4.21999979019165,4.21999979019165,0
2019-06-09,4.21999979019165,4.360000133514404,4.21999979019165,4.25,35000
2019-06-10,4.25,4.5,4.300000190734863,4.400000095367432,2702589
2019-06-11,4.400000095367432,4.400000095367432,4.230000019073486,4.309999942779541,298956
2019-06-12,4.309999942779541,4.190000057220459,4.159999847412109,4.179999828338623,17575
2019-06-13,4.179999828338623,4.309999942779541,4.150000095367432,4.21999979019165,90619
2019-06-16,4.21999979019165,4.139999866485596,4.110000133514404,4.119999885559082,18984
2019-06-17,4.119999885559082,4.199999809265137,4.099999904632568,4.119999885559082,49179
2019-06-18,4.119999885559082,4.21999979019165,4.130000114440918,4.170000076293945,323462
2019-06-19,4.170000076293945,4.300000190734863,4.110000133514404,4.210000038146973,137500
2019-06-20,4.210000038146973,4.25,4.099999904632568,4.119999885559082,159494
2019-06-23,4.119999885559082,4.179999828338623,4.059999942779541,4.099999904632568,30000
2019-06-24,4.099999904632568,4.119999885559082,4.0,4.099999904632568,3500
2019-06-25,4.099999904632568,4.099999904632568,4.099999904632568,4.099999904632568,0
2019-06-26,4.099999904632568,4.300000190734863,4.099999904632568,4.21999979019165,38817316
2019-06-27,4.21999979019165,4.300000190734863,4.099999904632568,4.239999771118164,1097605
2019-06-30,4.239999771118164,4.239999771118164,4.239999771118164,4.239999771118164,0
2019-07-01,4.239999771118164,4.239999771118164,4.239999771118164,4.239999771118164,0
2019-07-02,4.239999771118164,4.25,4.039999961853027,4.21999979019165,770446
2019-07-03,4.21999979019165,4.25,4.150000095367432,4.21999979019165,1010154
2019-07-04,4.21999979019165,4.210000038146973,4.039999961853027,4.159999847412109,114460
2019-07-07,4.159999847412109,4.150000095367432,4.039999961853027,4.070000171661377,23200
2019-07-08,4.070000171661377,4.150000095367432,4.059999942779541,4.139999866485596,813650
2019-07-09,4.139999866485596,4.239999771118164,4.059999942779541,4.190000057220459,744349
2019-07-10,4.190000057220459,4.210000038146973,4.159999847412109,4.210000038146973,1926335
2019-07-11,4.210000038146973,4.269999980926514,4.239999771118164,4.25,1213334
2019-07-14,4.25,4.260000228881836,4.0,4.070000171661377,270650
2019-07-15,4.070000171661377,4.199999809265137,4.0,4.130000114440918,90634
2019-07-16,4.130000114440918,4.190000057220459,4.0,4.139999866485596,451170
2019-07-17,4.139999866485596,4.090000152587891,3.9000000953674316,4.0,735492
2019-07-18,4.0,3.9600000381469727,3.7699999809265137,3.8399999141693115,912056
2019-07-21,3.8399999141693115,3.8499999046325684,3.7200000286102295,3.8399999141693115,6229
2019-07-22,3.8399999141693115,3.880000114440918,3.619999885559082,3.859999895095825,205537
2019-07-23,3.859999895095825,3.859999895095825,3.859999895095825,3.859999895095825,0
2019-07-24,3.859999895095825,3.9000000953674316,3.700000047683716,3.799999952316284,558475
2019-07-25,3.799999952316284,3.799999952316284,3.6500000953674316,3.7799999713897705,201789
2019-07-28,3.7799999713897705,3.7899999618530273,3.609999895095825,3.759999990463257,64785
2019-07-29,3.759999990463257,3.7899999618530273,3.609999895095825,3.759999990463257,366806
2019-07-30,3.759999990463257,4.0,3.4000000953674316,3.690000057220459,624194
2019-07-31,3.690000057220459,3.7100000381469727,3.569999933242798,3.6700000762939453,96040
2019-08-01,3.6700000762939453,3.799999952316284,3.359999895095825,3.5799999237060547,817823
2019-08-04,3.5799999237060547,3.680000066757202,3.509999990463257,3.569999933242798,36359
2019-08-05,3.569999933242798,3.7899999618530273,3.5399999618530273,3.690000057220459,350695
2019-08-06,3.690000057220459,3.700000047683716,3.5999999046325684,3.609999895095825,551534
2019-08-07,3.609999895095825,3.7100000381469727,3.549999952316284,3.6700000762939453,702712
2019-08-08,3.6700000762939453,4.0,3.700000047683716,3.819999933242798,1419233
2019-08-11,3.819999933242798,3.819999933242798,3.819999933242798,3.819999933242798,0
2019-08-12,3.819999933242798,3.819999933242798,3.819999933242798,3.819999933242798,0
2019-08-13,3.819999933242798,3.819999933242798,3.819999933242798,3.819999933242798,0
2019-08-14,3.819999933242798,3.9700000286102295,3.7799999713897705,3.8399999141693115,1733258
2019-08-15,3.8399999141693115,3.869999885559082,3.799999952316284,3.819999933242798,816338
2019-08-18,3.819999933242798,3.9000000953674316,3.799999952316284,3.8299999237060547,550925
2019-08-19,3.8299999237060547,4.019999980926514,3.8399999141693115,3.930000066757202,989400
2019-08-20,3.930000066757202,4.320000171661377,4.0,4.210000038146973,2331711
2019-08-21,4.210000038146973,4.5,4.210000038146973,4.349999904632568,3809723
2019-08-22,4.349999904632568,4.340000152587891,4.210000038146973,4.289999961853027,527298
2019-08-25,4.289999961853027,4.440000057220459,4.059999942779541,4.199999809265137,1477651
2019-08-26,4.199999809265137,4.199999809265137,4.070000171661377,4.170000076293945,255585
2019-08-27,4.170000076293945,4.199999809265137,4.0,4.090000152587891,515032
2019-08-28,4.090000152587891,4.150000095367432,4.0,4.039999961853027,788961
2019-08-29,4.039999961853027,4.380000114440918,4.070000171661377,4.260000228881836,3424997
2019-09-01,4.260000228881836,4.260000228881836,4.260000228881836,4.260000228881836,0
2019-09-02,4.320000171661377,4.75,4.25,4.570000171661377,5374053
2019-09-03,4.570000171661377,4.849999904632568,4.449999809265137,4.630000114440918,4983373
2019-09-04,4.630000114440918,4.559999942779541,4.349999904632568,4.480000019073486,1193332
2019-09-05,4.480000019073486,4.5,4.329999923706055,4.409999847412109,1120299
2019-09-08,4.409999847412109,4.420000076293945,4.170000076293945,4.300000190734863,1533855
2019-09-09,4.300000190734863,4.28000020980835,4.130000114440918,4.179999828338623,1339891
2019-09-10,4.179999828338623,4.309999942779541,4.150000095367432,4.21999979019165,1573478
2019-09-11,4.21999979019165,4.21999979019165,4.139999866485596,4.159999847412109,1769275
2019-09-12,4.159999847412109,4.199999809265137,4.110000133514404,4.139999866485596,1015270
2019-09-15,4.139999866485596,4.150000095367432,3.990000009536743,4.03000020980835,1529425
2019-09-16,4.03000020980835,4.079999923706055,3.950000047683716,4.010000228881836,1369495
2019-09-17,4.010000228881836,4.070000171661377,3.700000047683716,3.8299999237060547,2242442
2019-09-18,3.8299999237060547,3.8299999237060547,3.690000057220459,3.740000009536743,291881
2019-09-19,3.740000009536743,3.930000066757202,3.75,3.859999895095825,1125695
2019-09-22,3.859999895095825,3.7699999809265137,3.4800000190734863,3.569999933242798,1962448
2019-09-23,3.569999933242798,3.640000104904175,3.2699999809265137,3.5199999809265137,803141
2019-09-24,3.5199999809265137,3.5,3.190000057220459,3.2899999618530273,931409
2019-09-25,3.2899999618530273,3.5399999618530273,3.2300000190734863,3.4100000858306885,751658
2019-09-26,3.4100000858306885,3.5999999046325684,3.450000047683716,3.5199999809265137,1192833
2019-09-29,3.5199999809265137,3.7699999809265137,3.690000057220459,3.7200000286102295,657703
2019-09-30,3.7200000286102295,3.740000009536743,3.6700000762939453,3.700000047683716,1594059
2019-10-01,3.700000047683716,3.930000066757202,3.740000009536743,3.8299999237060547,918174
2019-10-02,3.8299999237060547,3.859999895095825,3.6600000858306885,3.7899999618530273,1026265
2019-10-03,3.7899999618530273,3.680000066757202,3.5,3.5899999141693115,1527954
2019-10-07,3.5899999141693115,3.75,3.359999895095825,3.509999990463257,6950501
2019-10-08,3.509999990463257,3.450000047683716,3.25,3.3299999237060547,2305395
2019-10-09,3.3299999237060547,3.549999952316284,3.25,3.440000057220459,5208638
2019-10-10,3.440000057220459,3.559999942779541,3.440000057220459,3.5,1547693
2019-10-13,3.5,3.549999952316284,3.440000057220459,3.490000009536743,451615
2019-10-14,3.490000009536743,3.509999990463257,3.359999895095825,3.450000047683716,642888
2019-10-15,3.450000047683716,3.4200000762939453,3.3299999237060547,3.369999885559082,558146
2019-10-16,3.369999885559082,3.490000009536743,3.4000000953674316,3.450000047683716,626336
2019-10-17,3.450000047683716,3.6700000762939453,3.4800000190734863,3.5799999237060547,3943325
2019-10-20,3.5799999237060547,3.6700000762939453,3.5199999809265137,3.5799999237060547,712656
2019-10-21,3.5799999237060547,3.5999999046325684,3.4700000286102295,3.509999990463257,452687
2019-10-22,3.509999990463257,3.5999999046325684,3.4700000286102295,3.5299999713897705,312650
2019-10-23,3.5299999713897705,3.4800000190734863,3.3399999141693115,3.4200000762939453,447808
2019-10-24,3.4200000762939453,3.5,3.4100000858306885,3.4600000381469727,99400
2019-10-27,3.4600000381469727,3.509999990463257,3.4000000953674316,3.430000066757202,716689
2019-10-28,3.440000057220459,3.549999952316284,3.440000057220459,3.5,2163132
2019-10-29,3.5,3.6600000858306885,3.5399999618530273,3.609999895095825,2921757
2019-10-30,3.609999895095825,3.7200000286102295,3.5999999046325684,3.680000066757202,2203694
2019-10-31,3.680000066757202,3.7699999809265137,3.619999885559082,3.700000047683716,4358421
2019-11-03,3.700000047683716,3.700000047683716,3.5899999141693115,3.630000114440918,1457799
2019-11-04,3.630000114440918,3.7799999713897705,3.5799999237060547,3.680000066757202,1807808
2019-11-05,3.680000066757202,3.8399999141693115,3.7200000286102295,3.7899999618530273,3829164
2019-11-06,3.7899999618530273,3.7899999618530273,3.619999885559082,3.6600000858306885,2162055
2019-11-07,3.6600000858306885,3.700000047683716,3.630000114440918,3.6500000953674316,562703
2019-11-11,3.6500000953674316,3.759999990463257,3.6500000953674316,3.7100000381469727,1567429
2019-11-12,3.7100000381469727,3.740000009536743,3.6500000953674316,3.700000047683716,1043895
2019-11-13,3.700000047683716,3.8499999046325684,3.6600000858306885,3.7899999618530273,5265281
2019-11-14,3.7899999618530273,3.9700000286102295,3.7899999618530273,3.890000104904175,4455788
2019-11-17,3.890000104904175,3.9700000286102295,3.819999933242798,3.890000104904175,798216
2019-11-18,3.890000104904175,3.880000114440918,3.700000047683716,3.740000009536743,578543
2019-11-19,3.740000009536743,3.759999990463257,3.6600000858306885,3.7100000381469727,221305
2019-11-20,3.7100000381469727,3.7899999618530273,3.6700000762939453,3.700000047683716,443447
2019-11-21,3.700000047683716,3.700000047683716,3.5999999046325684,3.6500000953674316,722175
2019-11-24,3.6500000953674316,3.6500000953674316,3.5999999046325684,3.619999885559082,18504
2019-11-25,3.619999885559082,3.7300000190734863,3.609999895095825,3.700000047683716,322344
2019-11-26,3.700000047683716,3.680000066757202,3.5799999237060547,3.609999895095825,147465
2019-11-27,3.609999895095825,3.7100000381469727,3.609999895095825,3.690000057220459,665167
2019-11-28,3.690000057220459,3.700000047683716,3.5999999046325684,3.630000114440918,195912
2019-12-01,3.630000114440918,3.6700000762939453,3.5799999237060547,3.640000104904175,2664534
2019-12-02,3.640000104904175,3.5999999046325684,3.5,3.5799999237060547,2707897
2019-12-03,3.5799999237060547,3.75,3.5,3.6700000762939453,1864478
2019-12-04,3.6700000762939453,3.9000000953674316,3.700000047683716,3.7899999618530273,2645277
2019-12-05,3.7899999618530273,3.8299999237060547,3.700000047683716,3.7200000286102295,2911935
2019-12-08,3.7200000286102295,3.75,3.700000047683716,3.700000047683716,418462
2019-12-09,3.700000047683716,3.740000009536743,3.6700000762939453,3.700000047683716,323310
2019-12-10,3.700000047683716,3.740000009536743,3.680000066757202,3.700000047683716,603600
2019-12-11,3.700000047683716,3.7899999618530273,3.6700000762939453,3.7200000286102295,596722
2019-12-12,3.7200000286102295,3.8299999237060547,3.7300000190734863,3.7799999713897705,501950
2019-12-15,3.7799999713897705,3.8499999046325684,3.740000009536743,3.809999942779541,93291
2019-12-16,3.809999942779541,3.8499999046325684,3.7300000190734863,3.799999952316284,451389
2019-12-17,3.799999952316284,3.930000066757202,3.799999952316284,3.8399999141693115,1374825
2019-12-18,3.8399999141693115,3.819999933242798,3.7899999618530273,3.809999942779541,641740
2019-12-19,3.809999942779541,3.8399999141693115,3.7100000381469727,3.7799999713897705,3352135
2019-12-22,3.7799999713897705,3.799999952316284,3.7699999809265137,3.7699999809265137,90000
2019-12-23,3.7699999809265137,3.9000000953674316,3.5999999046325684,3.7899999618530273,10914060
2019-12-24,3.7899999618530273,3.75,3.619999885559082,3.700000047683716,611130
2019-12-25,3.700000047683716,3.759999990463257,3.680000066757202,3.7100000381469727,431506
2019-12-26,3.7100000381469727,3.7899999618530273,3.700000047683716,3.75,493200
2019-12-29,3.75,3.7799999713897705,3.6500000953674316,3.7300000190734863,395197
2019-12-30,3.7300000190734863,3.7200000286102295,3.5899999141693115,3.6500000953674316,960559
2019-12-31,3.6500000953674316,3.7899999618530273,3.549999952316284,3.680000066757202,1659409
2020-01-02,3.680000066757202,3.7200000286102295,3.640000104904175,3.690000057220459,390250
2020-01-05,3.690000057220459,3.5999999046325684,3.3299999237060547,3.390000104904175,628442
2020-01-06,3.390000104904175,3.4000000953674316,3.0799999237060547,3.2699999809265137,1419716
2020-01-08,3.2699999809265137,3.430000066757202,3.2100000381469727,3.3399999141693115,2706433
2020-01-09,3.3399999141693115,3.559999942779541,3.4000000953674316,3.4700000286102295,1642439
2020-01-12,3.4700000286102295,3.680000066757202,3.5,3.5899999141693115,1943250
2020-01-13,3.5899999141693115,3.5999999046325684,3.5299999713897705,3.569999933242798,548026
2020-01-14,3.569999933242798,3.619999885559082,3.5199999809265137,3.549999952316284,445857
2020-01-15,3.549999952316284,3.5899999141693115,3.549999952316284,3.569999933242798,217842
2020-01-16,3.569999933242798,3.640000104904175,3.5399999618530273,3.5999999046325684,1098054
2020-01-19,3.5999999046325684,3.5999999046325684,3.5,3.5299999713897705,390259
2020-01-20,3.5299999713897705,3.509999990463257,3.4200000762939453,3.4800000190734863,340620
2020-01-21,3.4800000190734863,3.5,3.3399999141693115,3.430000066757202,139410
2020-01-22,3.430000066757202,3.509999990463257,3.3499999046325684,3.4100000858306885,339500
2020-01-23,3.4100000858306885,3.490000009536743,3.390000104904175,3.4200000762939453,77489
2020-01-26,3.4200000762939453,3.4800000190734863,3.4000000953674316,3.430000066757202,666360
2020-01-27,3.430000066757202,3.440000057220459,3.380000114440918,3.4000000953674316,174830
2020-01-28,3.4000000953674316,3.4200000762939453,3.3499999046325684,3.4000000953674316,476215
2020-01-29,3.4000000953674316,3.5,3.4000000953674316,3.440000057220459,1190990
2020-01-30,3.440000057220459,3.569999933242798,3.4200000762939453,3.5,6593873
2020-02-02,3.5,3.4800000190734863,3.3399999141693115,3.4100000858306885,746921
2020-02-03,3.4100000858306885,3.4100000858306885,3.4100000858306885,3.4100000858306885,0
2020-02-04,3.4100000858306885,3.4700000286102295,3.369999885559082,3.4100000858306885,1434074
2020-02-05,3.4100000858306885,3.450000047683716,3.369999885559082,3.4100000858306885,706153
2020-02-06,3.4100000858306885,3.4100000858306885,3.4100000858306885,3.4100000858306885,0
2020-02-09,3.440000057220459,3.440000057220459,3.359999895095825,3.4000000953674316,277970
2020-02-10,3.4000000953674316,3.390000104904175,3.3399999141693115,3.3499999046325684,423800
2020-02-11,3.3499999046325684,3.4200000762939453,3.3399999141693115,3.4000000953674316,938707
2020-02-12,3.4000000953674316,3.5299999713897705,3.359999895095825,3.430000066757202,4877939
2020-02-13,3.430000066757202,3.4000000953674316,3.3399999141693115,3.380000114440918,825932
2020-02-16,3.380000114440918,3.359999895095825,3.2100000381469727,3.2799999713897705,366418
2020-02-17,3.2799999713897705,3.309999942779541,3.25,3.299999952316284,1723286
2020-02-18,3.299999952316284,3.2799999713897705,3.0799999237060547,3.140000104904175,743850
2020-02-19,3.140000104904175,3.200000047683716,3.0799999237060547,3.140000104904175,599651
2020-02-20,3.140000104904175,3.25,3.0899999141693115,3.200000047683716,737523
2020-02-23,3.200000047683716,3.240000009536743,3.140000104904175,3.190000057220459,357981
2020-02-24,3.190000057220459,3.190000057220459,3.190000057220459,3.190000057220459,0
2020-02-25,3.0899999141693115,3.0899999141693115,2.9000000953674316,2.9800000190734863,1260941
2020-02-26,2.9800000190734863,2.950000047683716,2.690000057220459,2.740000009536743,3465014
2020-02-27,2.740000009536743,2.5999999046325684,2.4000000953674316,2.5199999809265137,7711688
2020-03-01,2.5199999809265137,2.369999885559082,2.200000047683716,2.309999942779541,2566704
2020-03-02,2.309999942779541,2.4100000858306885,2.0999999046325684,2.309999942779541,4961630
2020-03-03,2.309999942779541,2.430000066757202,2.2799999713897705,2.3399999141693115,3500257
2020-03-04,2.3399999141693115,2.3499999046325684,2.2699999809265137,2.309999942779541,2098678
2020-03-05,2.309999942779541,2.4000000953674316,2.3399999141693115,2.359999895095825,2566010
2020-03-08,2.359999895095825,2.299999952316284,2.200000047683716,2.259999990463257,1567785
2020-03-09,2.259999990463257,2.1700000762939453,2.0999999046325684,2.1500000953674316,2237356
2020-03-10,2.1500000953674316,2.2799999713897705,2.190000057220459,2.2100000381469727,1991900
2020-03-11,2.2100000381469727,2.309999942779541,2.240000009536743,2.2799999713897705,961401
2020-03-15,2.2799999713897705,2.25,2.059999942779541,2.0899999141693115,1011403
2020-03-16,2.0899999141693115,2.0,1.8899999856948853,1.940000057220459,1487504
2020-03-17,1.940000057220459,1.850000023841858,1.75,1.7599999904632568,2623058
2020-03-18,1.7599999904632568,1.6399999856948853,1.590000033378601,1.590000033378601,2275444
2020-03-19,1.590000033378601,1.649999976158142,1.440000057220459,1.5299999713897705,2460513
2020-03-22,1.5299999713897705,1.659000039100647,1.559999942779541,1.6100000143051147,239678
2020-03-23,1.6100000143051147,1.7300000190734863,1.6100000143051147,1.6679999828338623,744363
2020-03-24,1.6679999828338623,1.621000051498413,1.5019999742507935,1.5839999914169312,10108212
2020-03-25,1.5839999914169312,1.6100000143051147,1.4299999475479126,1.5399999618530273,14918381
2020-03-26,1.5399999618530273,1.694000005722046,1.5800000429153442,1.6629999876022339,7766231
2020-03-29,1.6629999876022339,1.7100000381469727,1.6039999723434448,1.6660000085830688,3448492
2020-03-30,1.6660000085830688,1.659999966621399,1.5520000457763672,1.625,3354458
2020-03-31,1.625,1.6699999570846558,1.5449999570846558,1.5829999446868896,8468938
2020-04-01,1.5829999446868896,1.590000033378601,1.4800000190734863,1.5119999647140503,17191362
2020-04-02,1.5119999647140503,1.5360000133514404,1.4809999465942383,1.5110000371932983,6813196
2020-04-05,1.5110000371932983,1.4700000286102295,1.409999966621399,1.4359999895095825,5378324
2020-04-06,1.4359999895095825,1.5479999780654907,1.4259999990463257,1.4700000286102295,11646227
2020-04-07,1.4700000286102295,1.5720000267028809,1.5180000066757202,1.5499999523162842,12592045
2020-04-08,1.5499999523162842,1.5789999961853027,1.5149999856948853,1.5470000505447388,8020884
2020-04-09,1.5470000505447388,1.5440000295639038,1.4850000143051147,1.5110000371932983,5024739
2020-04-12,1.5110000371932983,1.5269999504089355,1.4800000190734863,1.5,2319556
2020-04-13,1.5,1.6330000162124634,1.5169999599456787,1.590000033378601,16216870
2020-04-14,1.590000033378601,1.718999981880188,1.6069999933242798,1.6690000295639038,19040905
2020-04-15,1.6690000295639038,1.7369999885559082,1.6069999933242798,1.6710000038146973,7952792
2020-04-16,1.6710000038146973,1.6970000267028809,1.6200000047683716,1.6729999780654907,7904232
2020-04-21,1.6729999780654907,1.6699999570846558,1.600000023841858,1.621999979019165,10331640
2020-04-22,1.621999979019165,1.6490000486373901,1.6019999980926514,1.63100004196167,3372588
2020-04-23,1.63100004196167,1.7940000295639038,1.6510000228881836,1.7400000095367432,18163306
2020-04-26,1.7400000095367432,1.9140000343322754,1.8200000524520874,1.8910000324249268,10543625
2020-04-27,1.8910000324249268,2.0,1.8600000143051147,1.9160000085830688,10749399
2020-04-28,1.9160000085830688,1.940000057220459,1.8700000047683716,1.906000018119812,8487350
2020-04-29,1.906000018119812,1.9299999475479126,1.8229999542236328,1.878000020980835,8297983
2020-04-30,1.878000020980835,1.9179999828338623,1.8300000429153442,1.8730000257492065,7469843
2020-05-03,1.8730000257492065,1.840000033378601,1.656000018119812,1.718999981880188,9883623
2020-05-04,1.718999981880188,1.7300000190734863,1.6349999904632568,1.6799999475479126,4784748
2020-05-05,1.6799999475479126,1.7879999876022339,1.7000000476837158,1.746999979019165,10782357
2020-05-06,1.746999979019165,1.9210000038146973,1.7599999904632568,1.8029999732971191,10726975
2020-05-07,1.8029999732971191,1.7999999523162842,1.6699999570846558,1.715000033378601,10674787
2020-05-10,1.715000033378601,1.7100000381469727,1.6100000143051147,1.6419999599456787,8608227
2020-05-11,1.6419999599456787,1.656999945640564,1.5549999475479126,1.6139999628067017,7791762
2020-05-12,1.6139999628067017,1.684999942779541,1.6449999809265137,1.6660000085830688,5377484
2020-05-13,1.6660000085830688,1.659999966621399,1.590000033378601,1.6230000257492065,10033159
2020-05-14,1.6230000257492065,1.6299999952316284,1.5800000429153442,1.6009999513626099,5634399
2020-05-17,1.6009999513626099,1.6729999780654907,1.6100000143051147,1.6519999504089355,7502335
2020-05-18,1.6519999504089355,1.7369999885559082,1.659999966621399,1.6990000009536743,8258160
2020-05-19,1.6990000009536743,1.715000033378601,1.6519999504089355,1.6920000314712524,2908656
2020-05-20,1.6920000314712524,1.6610000133514404,1.6299999952316284,1.6430000066757202,2733815
2020-05-21,1.6430000066757202,1.6399999856948853,1.6200000047683716,1.625,5211251
2020-05-31,1.625,1.659999966621399,1.6299999952316284,1.6390000581741333,1527509
2020-06-01,1.6390000581741333,1.659999966621399,1.6100000143051147,1.6260000467300415,7833044
2020-06-02,1.6260000467300415,1.7289999723434448,1.6299999952316284,1.6890000104904175,13650140
2020-06-03,1.6890000104904175,1.7389999628067017,1.6740000247955322,1.7050000429153442,9270653
2020-06-04,1.7050000429153442,1.725000023841858,1.6759999990463257,1.7009999752044678,10503253
2020-06-07,1.7009999752044678,1.847000002861023,1.7319999933242798,1.7920000553131104,18963266
2020-06-08,1.7920000553131104,1.8519999980926514,1.7799999713897705,1.8079999685287476,7794680
2020-06-09,1.8079999685287476,1.8289999961853027,1.746000051498413,1.777999997138977,7948046
2020-06-10,1.777999997138977,1.7999999523162842,1.7599999904632568,1.781999945640564,6405018
2020-06-11,1.781999945640564,1.7799999713897705,1.7000000476837158,1.7369999885559082,11177759
2020-06-14,1.7369999885559082,1.7649999856948853,1.7100000381469727,1.7419999837875366,5228909
2020-06-15,1.7419999837875366,1.7990000247955322,1.7020000219345093,1.7649999856948853,6822730
2020-06-16,1.7649999856948853,1.9390000104904175,1.7899999618530273,1.8830000162124634,24055989
2020-06-17,1.8830000162124634,1.944000005722046,1.840000033378601,1.9019999504089355,7500865
2020-06-18,1.9019999504089355,1.8769999742507935,1.784999966621399,1.8209999799728394,17155498
2020-06-21,1.8209999799728394,1.840000033378601,1.7999999523162842,1.8220000267028809,6086224
2020-06-22,1.8220000267028809,1.8539999723434448,1.7999999523162842,1.8229999542236328,6272111
2020-06-23,1.8229999542236328,1.9199999570846558,1.809999942779541,1.8589999675750732,12166255
2020-06-24,1.8589999675750732,2.0999999046325684,1.9199999570846558,2.0160000324249268,29268529
2020-06-25,2.0160000324249268,2.130000114440918,2.0,2.061000108718872,14446519
2020-06-28,2.061000108718872,2.119999885559082,2.0199999809265137,2.069999933242798,9649218
2020-06-29,2.069999933242798,2.0799999237060547,2.0,2.0299999713897705,4314207
2020-06-30,2.0299999713897705,2.0999999046325684,2.0199999809265137,2.069999933242798,5683459
2020-07-05,2.069999933242798,2.2200000286102295,2.119999885559082,2.1600000858306885,10029366
2020-07-06,2.1600000858306885,2.2300000190734863,2.119999885559082,2.1700000762939453,10788823
2020-07-07,2.1700000762939453,2.1600000858306885,2.0899999141693115,2.119999885559082,5861719
2020-07-08,2.119999885559082,2.2200000286102295,2.049999952316284,2.140000104904175,8210071
2020-07-09,2.140000104904175,2.119999885559082,1.9900000095367432,2.0399999618530273,8117564
2020-07-12,2.0399999618530273,2.140000104904175,2.059999942779541,2.0999999046325684,5648935
2020-07-13,2.0999999046325684,2.1600000858306885,2.069999933242798,2.109999895095825,5231016
2020-07-14,2.109999895095825,2.319999933242798,2.0799999237060547,2.2300000190734863,25536274
2020-07-15,2.2300000190734863,2.3399999141693115,2.0299999713897705,2.140000104904175,18174007
2020-07-16,2.140000104904175,2.1500000953674316,2.0399999618530273,2.0999999046325684,6629584
2020-07-19,2.0999999046325684,2.1500000953674316,1.9900000095367432,2.049999952316284,6245659
2020-07-20,2.049999952316284,2.0999999046325684,2.0399999618530273,2.059999942779541,5229691
2020-07-21,2.059999942779541,2.1500000953674316,2.0799999237060547,2.109999895095825,6671923
2020-07-22,2.109999895095825,2.180000066757202,2.0999999046325684,2.1500000953674316,8228656
2020-07-26,2.1500000953674316,2.200000047683716,2.140000104904175,2.1600000858306885,3755711
2020-07-27,2.1600000858306885,2.190000057220459,2.0999999046325684,2.1500000953674316,3694586
2020-07-28,2.1500000953674316,2.2899999618530273,2.130000114440918,2.2300000190734863,19992334
2020-07-29,2.2300000190734863,2.25,2.200000047683716,2.2300000190734863,5474172
2020-08-04,2.2300000190734863,2.2899999618530273,2.2300000190734863,2.259999990463257,3503244
2020-08-05,2.259999990463257,2.4800000190734863,2.2200000286102295,2.369999885559082,14954744
2020-08-06,2.369999885559082,2.559999942779541,2.4100000858306885,2.4800000190734863,12053167
2020-08-09,2.4800000190734863,2.6700000762939453,2.5299999713897705,2.5899999141693115,11347469
2020-08-10,2.5899999141693115,2.5899999141693115,2.4700000286102295,2.5199999809265137,7327732
2020-08-11,2.5199999809265137,2.5999999046325684,2.4200000762939453,2.509999990463257,14484473
2020-08-12,2.509999990463257,2.5299999713897705,2.2899999618530273,2.4700000286102295,4090837
2020-08-13,2.4700000286102295,2.549999952316284,2.450000047683716,2.5,6958015
2020-08-16,2.5,2.559999942779541,2.490000009536743,2.5199999809265137,4141580
2020-08-17,2.5199999809265137,2.559999942779541,2.430000066757202,2.5,6154071
2020-08-18,2.5,2.6600000858306885,2.450000047683716,2.5799999237060547,12266610
2020-08-19,2.5799999237060547,2.75,2.609999895095825,2.700000047683716,8747375
2020-08-23,2.700000047683716,2.8499999046325684,2.700000047683716,2.7699999809265137,8711085
2020-08-24,2.7699999809265137,2.8499999046325684,2.75,2.799999952316284,4611139
2020-08-25,2.799999952316284,2.819999933242798,2.7200000286102295,2.759999990463257,3604731
2020-08-26,2.759999990463257,2.940000057220459,2.7799999713897705,2.8299999237060547,5283781
2020-08-27,2.8299999237060547,2.859999895095825,2.7799999713897705,2.819999933242798,5647210
2020-08-30,2.819999933242798,2.880000114440918,2.799999952316284,2.8299999237060547,3041153
2020-08-31,2.8299999237060547,2.859999895095825,2.740000009536743,2.7899999618530273,5386135
2020-09-01,2.7899999618530273,2.799999952316284,2.5999999046325684,2.690000057220459,3122236
2020-09-02,2.690000057220459,2.740000009536743,2.630000114440918,2.6700000762939453,2236931
2020-09-03,2.6700000762939453,2.7799999713897705,2.609999895095825,2.680000066757202,4563677
2020-09-06,2.680000066757202,2.700000047683716,2.559999942779541,2.619999885559082,2939493
2020-09-07,2.619999885559082,2.6700000762939453,2.559999942779541,2.609999895095825,1257491
2020-09-08,2.609999895095825,2.630000114440918,2.4000000953674316,2.5199999809265137,5619514
2020-09-09,2.5199999809265137,2.5199999809265137,2.5199999809265137,2.5199999809265137,0
2020-09-10,2.559999942779541,2.7300000190734863,2.5799999237060547,2.6500000953674316,8661118
2020-09-13,2.6500000953674316,2.740000009536743,2.630000114440918,2.680000066757202,3904511
2020-09-14,2.680000066757202,2.700000047683716,2.559999942779541,2.609999895095825,3955734
2020-09-15,2.609999895095825,2.630000114440918,2.5399999618530273,2.569999933242798,8081256
2020-09-16,2.569999933242798,2.7100000381469727,2.569999933242798,2.640000104904175,16869766
2020-09-17,2.640000104904175,2.7899999618530273,2.6600000858306885,2.7300000190734863,13925588
2020-09-20,2.7300000190734863,2.7300000190734863,2.6600000858306885,2.690000057220459,2885038
2020-09-21,2.690000057220459,2.700000047683716,2.4600000381469727,2.559999942779541,6403774
2020-09-22,2.559999942779541,2.6600000858306885,2.430000066757202,2.5899999141693115,8443950
2020-09-23,2.5899999141693115,2.690000057220459,2.5399999618530273,2.609999895095825,6819849
2020-09-24,2.609999895095825,2.5799999237060547,2.5,2.5399999618530273,2325608
2020-09-27,2.5399999618530273,2.5799999237060547,2.5,2.5299999713897705,6394698
2020-09-28,2.5299999713897705,2.559999942779541,2.4600000381469727,2.5,3740029
2020-09-29,2.5,2.5299999713897705,2.440000057220459,2.4800000190734863,5140610
2020-09-30,2.4800000190734863,2.4600000381469727,2.390000104904175,2.4200000762939453,5599402
2020-10-01,2.4200000762939453,2.549999952316284,2.4100000858306885,2.490000009536743,4857043
2020-10-04,2.490000009536743,2.5399999618530273,2.430000066757202,2.490000009536743,2004684
2020-10-05,2.490000009536743,2.490000009536743,2.4100000858306885,2.440000057220459,1568993
2020-10-06,2.440000057220459,2.440000057220459,2.440000057220459,2.440000057220459,0
2020-10-07,2.4800000190734863,2.700000047683716,2.5,2.630000114440918,15467159
2020-10-11,2.630000114440918,2.8499999046325684,2.5999999046325684,2.759999990463257,17939020
2020-10-12,2.759999990463257,2.9100000858306885,2.759999990463257,2.819999933242798,10294645
2020-10-13,2.819999933242798,2.809999942779541,2.700000047683716,2.759999990463257,3779520
2020-10-14,2.759999990463257,3.0299999713897705,2.7799999713897705,2.9800000190734863,17640209
2020-10-15,2.9800000190734863,3.0799999237060547,2.9100000858306885,2.9800000190734863,8149259
2020-10-18,2.9800000190734863,3.0799999237060547,2.8499999046325684,3.0,7255882
2020-10-19,3.0,3.119999885559082,2.9700000286102295,3.049999952316284,2997920
2020-10-20,3.049999952316284,3.059999942779541,2.950000047683716,3.0,4614345
2020-10-21,3.0,3.0399999618530273,2.7699999809265137,2.880000114440918,5574578
2020-10-22,2.880000114440918,2.9000000953674316,2.6500000953674316,2.759999990463257,6497789
2020-10-25,2.759999990463257,2.8399999141693115,2.6600000858306885,2.7699999809265137,6784729
2020-10-26,2.7699999809265137,2.8399999141693115,2.7300000190734863,2.7699999809265137,7048168
2020-10-27,2.7699999809265137,2.799999952316284,2.6700000762939453,2.740000009536743,15226636
2020-10-28,2.740000009536743,2.759999990463257,2.630000114440918,2.680000066757202,7488121
2020-11-01,2.680000066757202,2.6700000762939453,2.559999942779541,2.619999885559082,5481892
2020-11-02,2.619999885559082,2.6600000858306885,2.4600000381469727,2.559999942779541,4143809
2020-11-03,2.559999942779541,2.640000104904175,2.5299999713897705,2.5899999141693115,2790244
2020-11-04,2.5899999141693115,2.759999990463257,2.619999885559082,2.7100000381469727,8609019
2020-11-05,2.7100000381469727,2.740000009536743,2.630000114440918,2.680000066757202,4510158
2020-11-08,2.680000066757202,2.700000047683716,2.630000114440918,2.6600000858306885,1276803
2020-11-09,2.6600000858306885,2.890000104904175,2.690000057220459,2.799999952316284,7071021
2020-11-10,2.799999952316284,3.0,2.8399999141693115,2.9000000953674316,6402300
2020-11-11,2.9000000953674316,2.9600000381469727,2.8299999237060547,2.890000104904175,3999066
2020-11-12,2.890000104904175,3.1700000762939453,2.9000000953674316,3.0999999046325684,21839169
2020-11-15,3.0999999046325684,3.2200000286102295,3.109999895095825,3.1600000858306885,11030875
2020-11-16,3.1600000858306885,3.359999895095825,3.1500000953674316,3.25,14668739
2020-11-17,3.25,3.369999885559082,3.25,3.309999942779541,6074513
2020-11-18,3.309999942779541,3.2799999713897705,3.140000104904175,3.2100000381469727,8675718
2020-11-19,3.2100000381469727,3.2200000286102295,3.119999885559082,3.1600000858306885,2227528
2020-11-22,3.1600000858306885,3.299999952316284,3.119999885559082,3.2300000190734863,5657638
2020-11-23,3.2300000190734863,3.2699999809265137,3.180000066757202,3.2200000286102295,2645636
2020-11-24,3.2200000286102295,3.299999952316284,3.190000057220459,3.2300000190734863,3747305
2020-11-25,3.2300000190734863,3.369999885559082,3.2200000286102295,3.299999952316284,7326510
2020-11-26,3.299999952316284,3.299999952316284,3.1600000858306885,3.240000009536743,1360119
2020-11-29,3.240000009536743,3.2899999618530273,3.200000047683716,3.2300000190734863,3028281
2020-11-30,3.2300000190734863,3.4600000381469727,3.200000047683716,3.369999885559082,13831610
2020-12-01,3.369999885559082,3.4800000190734863,3.3499999046325684,3.4100000858306885,6712853
2020-12-02,3.4100000858306885,3.450000047683716,3.240000009536743,3.3399999141693115,6414000
2020-12-03,3.3399999141693115,3.380000114440918,3.2699999809265137,3.319999933242798,4768795
2020-12-06,3.319999933242798,3.369999885559082,3.2899999618530273,3.319999933242798,3407556
2020-12-07,3.319999933242798,3.3299999237060547,3.2200000286102295,3.25,7279024
2020-12-08,3.25,3.3399999141693115,3.200000047683716,3.2699999809265137,13958138
2020-12-09,3.2699999809265137,3.2799999713897705,3.140000104904175,3.180000066757202,8303078
2020-12-10,3.180000066757202,3.180000066757202,3.0399999618530273,3.0899999141693115,7742098
2020-12-13,3.0899999141693115,3.200000047683716,3.0899999141693115,3.140000104904175,4559605
2020-12-14,3.140000104904175,3.2200000286102295,3.1700000762939453,3.200000047683716,4201750
2020-12-15,3.200000047683716,3.2799999713897705,3.0799999237060547,3.2100000381469727,10199545
2020-12-16,3.2100000381469727,3.1700000762939453,3.0199999809265137,3.0899999141693115,5259371
2020-12-17,3.0899999141693115,3.1500000953674316,2.9700000286102295,3.069999933242798,4816603
2020-12-20,3.069999933242798,3.25,3.0999999046325684,3.200000047683716,4868979
2020-12-21,3.200000047683716,3.2300000190734863,2.940000057220459,3.0399999618530273,12764779
2020-12-22,3.0399999618530273,3.299999952316284,3.049999952316284,3.25,9667565
2020-12-23,3.25,3.390000104904175,3.200000047683716,3.25,3694047
2020-12-24,3.25,3.2899999618530273,3.180000066757202,3.2200000286102295,2342192
2020-12-27,3.2200000286102295,3.180000066757202,3.0399999618530273,3.119999885559082,2044610
2020-12-28,3.119999885559082,3.190000057220459,3.119999885559082,3.1500000953674316,2784342
2020-12-29,3.1500000953674316,3.380000114440918,3.200000047683716,3.309999942779541,11086843
2020-12-30,3.309999942779541,3.4100000858306885,3.299999952316284,3.359999895095825,4447843
2020-12-31,3.359999895095825,3.369999885559082,3.299999952316284,3.319999933242798,3191091
2021-01-03,3.319999933242798,3.609999895095825,3.3299999237060547,3.509999990463257,15145787
2021-01-04,3.509999990463257,3.619999885559082,3.490000009536743,3.5399999618530273,11713024
2021-01-05,3.5399999618530273,3.680000066757202,3.5299999713897705,3.619999885559082,8131778
2021-01-06,3.619999885559082,3.6700000762939453,3.5399999618530273,3.5799999237060547,1097396
2021-01-10,3.5799999237060547,3.759999990463257,3.549999952316284,3.6600000858306885,7284977
2021-01-11,3.6600000858306885,3.7699999809265137,3.5799999237060547,3.6600000858306885,5363989
2021-01-12,3.6600000858306885,3.6600000858306885,3.559999942779541,3.5899999141693115,1984618
2021-01-13,3.5899999141693115,3.6500000953674316,3.5799999237060547,3.609999895095825,2346408
2021-01-14,3.609999895095825,3.640000104904175,3.549999952316284,3.5899999141693115,2368556
2021-01-17,3.5899999141693115,3.640000104904175,3.559999942779541,3.5799999237060547,715698
2021-01-18,3.5799999237060547,3.609999895095825,3.4800000190734863,3.5399999618530273,2012888
2021-01-19,3.5399999618530273,3.619999885559082,3.5,3.569999933242798,1120714
2021-01-20,3.569999933242798,3.7699999809265137,3.5999999046325684,3.700000047683716,4627580
2021-01-21,3.700000047683716,3.759999990463257,3.6500000953674316,3.690000057220459,1912892
2021-01-24,3.690000057220459,3.700000047683716,3.609999895095825,3.6700000762939453,638674
2021-01-25,3.6700000762939453,3.6700000762939453,3.6700000762939453,3.6700000762939453,0
2021-01-26,3.619999885559082,3.680000066757202,3.5999999046325684,3.640000104904175,1126391
2021-01-27,3.640000104904175,3.680000066757202,3.569999933242798,3.5999999046325684,1263299
2021-01-31,3.5999999046325684,3.630000114440918,3.5299999713897705,3.5799999237060547,687054
2021-02-01,3.5799999237060547,3.6600000858306885,3.5,3.569999933242798,3858976
2021-02-02,3.569999933242798,3.7699999809265137,3.5799999237060547,3.690000057220459,7489426
2021-02-03,3.690000057220459,3.7699999809265137,3.619999885559082,3.680000066757202,2286092
2021-02-04,3.680000066757202,3.7100000381469727,3.630000114440918,3.6700000762939453,3466624
2021-02-07,3.6700000762939453,3.890000104904175,3.700000047683716,3.819999933242798,4200885
2021-02-08,3.819999933242798,3.940000057220459,3.6600000858306885,3.8499999046325684,5930133
2021-02-09,3.8499999046325684,3.8499999046325684,3.7100000381469727,3.799999952316284,801572
2021-02-10,3.799999952316284,3.880000114440918,3.7799999713897705,3.8499999046325684,1541605
2021-02-11,3.8499999046325684,4.039999961853027,3.880000114440918,3.9800000190734863,7711493
2021-02-14,3.9800000190734863,4.0,3.819999933242798,3.869999885559082,1706621
2021-02-15,3.869999885559082,3.9800000190734863,3.799999952316284,3.8399999141693115,3263275
2021-02-16,3.8399999141693115,3.9000000953674316,3.819999933242798,3.859999895095825,652562
2021-02-17,3.859999895095825,3.890000104904175,3.7699999809265137,3.809999942779541,1376064
2021-02-18,3.809999942779541,3.799999952316284,3.700000047683716,3.7200000286102295,1024302
2021-02-21,3.7200000286102295,3.8399999141693115,3.75,3.799999952316284,1348461
2021-02-22,3.799999952316284,3.9000000953674316,3.7300000190734863,3.809999942779541,1859602
2021-02-23,3.809999942779541,3.799999952316284,3.640000104904175,3.680000066757202,1993393
2021-02-24,3.680000066757202,3.7699999809265137,3.6700000762939453,3.7300000190734863,2496981
2021-02-25,3.7300000190734863,3.869999885559082,3.759999990463257,3.809999942779541,2628884
2021-02-28,3.809999942779541,3.9800000190734863,3.759999990463257,3.880000114440918,10374110
2021-03-01,3.880000114440918,4.190000057220459,3.740000009536743,3.990000009536743,11338478
2021-03-02,3.990000009536743,4.019999980926514,3.859999895095825,3.950000047683716,6174494
2021-03-03,3.950000047683716,3.940000057220459,3.759999990463257,3.8399999141693115,3711658
2021-03-04,3.8399999141693115,3.8399999141693115,3.8399999141693115,3.8399999141693115,0
2021-03-07,3.950000047683716,4.119999885559082,3.9000000953674316,4.010000228881836,2839299
2021-03-08,4.010000228881836,4.0,3.859999895095825,3.9000000953674316,2286666
2021-03-09,3.9000000953674316,3.940000057220459,3.819999933242798,3.880000114440918,477537
2021-03-10,3.880000114440918,3.9100000858306885,3.700000047683716,3.869999885559082,433237
2021-03-11,3.869999885559082,3.9800000190734863,3.799999952316284,3.940000057220459,1898832
2021-03-14,3.940000057220459,4.0,3.9000000953674316,3.950000047683716,834242
2021-03-15,3.950000047683716,4.150000095367432,3.940000057220459,4.070000171661377,5694322
2021-03-16,4.070000171661377,4.239999771118164,4.099999904632568,4.170000076293945,2247439
2021-03-17,4.170000076293945,4.21999979019165,4.03000020980835,4.079999923706055,776983
2021-03-18,4.079999923706055,4.090000152587891,3.990000009536743,4.039999961853027,1030481
2021-03-21,4.039999961853027,4.050000190734863,3.75,3.8299999237060547,1837592
2021-03-22,3.8299999237060547,3.8499999046325684,3.509999990463257,3.700000047683716,2705928
2021-03-23,3.700000047683716,3.9000000953674316,3.5,3.799999952316284,1224826
2021-03-24,3.799999952316284,3.9800000190734863,3.7899999618530273,3.869999885559082,495064
2021-03-25,3.869999885559082,3.9100000858306885,3.759999990463257,3.859999895095825,592577
2021-03-28,3.859999895095825,3.930000066757202,3.7799999713897705,3.809999942779541,456726
2021-03-29,3.809999942779541,4.0,3.7899999618530273,3.880000114440918,702804
2021-03-30,3.880000114440918,3.950000047683716,3.859999895095825,3.880000114440918,226200
2021-03-31,3.880000114440918,3.950000047683716,3.799999952316284,3.8499999046325684,997600
2021-04-01,3.8499999046325684,3.950000047683716,3.819999933242798,3.880000114440918,981942
2021-04-04,3.880000114440918,3.9200000762939453,3.75,3.809999942779541,1115845
2021-04-05,3.809999942779541,3.799999952316284,3.549999952316284,3.630000114440918,1350654
2021-04-06,3.630000114440918,3.700000047683716,3.559999942779541,3.5999999046325684,851348
2021-04-07,3.5999999046325684,3.609999895095825,3.4600000381469727,3.5199999809265137,1813808
2021-04-08,3.5199999809265137,3.559999942779541,3.430000066757202,3.4800000190734863,723662
2021-04-11,3.4800000190734863,3.819999933242798,3.5999999046325684,3.7799999713897705,1431687
2021-04-12,3.7799999713897705,3.940000057220459,3.7699999809265137,3.869999885559082,972231
2021-04-13,3.869999885559082,3.8299999237060547,3.5799999237060547,3.7300000190734863,2105864
2021-04-14,3.7300000190734863,3.7200000286102295,3.4000000953674316,3.5,2174856
2021-04-15,3.5,3.6500000953674316,3.4000000953674316,3.5399999618530273,2595266
2021-04-18,3.5399999618530273,3.869999885559082,3.5799999237060547,3.7699999809265137,2906622
2021-04-19,3.7699999809265137,3.859999895095825,3.740000009536743,3.7899999618530273,4034596
2021-04-20,3.7899999618530273,3.869999885559082,3.759999990463257,3.809999942779541,2695221
2021-04-21,3.809999942779541,3.7300000190734863,3.549999952316284,3.619999885559082,1727804
2021-04-22,3.619999885559082,3.6500000953674316,3.549999952316284,3.5999999046325684,736464
2021-04-25,3.5999999046325684,3.6600000858306885,3.549999952316284,3.5799999237060547,512431
2021-04-26,3.5799999237060547,3.640000104904175,3.4800000190734863,3.5199999809265137,1078438
2021-04-27,3.5199999809265137,3.5799999237060547,3.359999895095825,3.430000066757202,2236108
2021-04-28,3.430000066757202,3.450000047683716,3.299999952316284,3.369999885559082,1365836
2021-05-04,3.369999885559082,3.450000047683716,3.3499999046325684,3.390000104904175,864585
2021-05-05,3.390000104904175,3.4000000953674316,3.2699999809265137,3.309999942779541,2565126
2021-05-06,3.309999942779541,3.3499999046325684,3.25,3.309999942779541,1107776
2021-05-09,3.309999942779541,3.3499999046325684,3.1600000858306885,3.25,2114185
2021-05-10,3.25,3.3299999237060547,3.140000104904175,3.2699999809265137,2960753
2021-05-11,3.2699999809265137,3.3399999141693115,3.240000009536743,3.2799999713897705,2301480
2021-05-17,3.2799999713897705,3.4700000286102295,3.2899999618530273,3.4100000858306885,1618991
2021-05-18,3.4100000858306885,3.75,3.4000000953674316,3.619999885559082,9937870
2021-05-19,3.619999885559082,3.640000104904175,3.4700000286102295,3.5399999618530273,2658983
2021-05-20,3.5399999618530273,3.619999885559082,3.450000047683716,3.549999952316284,1784404
2021-05-23,3.549999952316284,3.6500000953674316,3.559999942779541,3.609999895095825,355632
2021-05-24,3.609999895095825,3.630000114440918,3.4700000286102295,3.5199999809265137,995756
2021-05-25,3.5199999809265137,3.5899999141693115,3.4000000953674316,3.509999990463257,856060
2021-05-26,3.509999990463257,3.5999999046325684,3.5,3.549999952316284,1380480
2021-05-27,3.549999952316284,3.5899999141693115,3.5,3.5399999618530273,1660515
2021-05-30,3.5399999618530273,3.609999895095825,3.450000047683716,3.509999990463257,777750
2021-05-31,3.509999990463257,3.5799999237060547,3.450000047683716,3.509999990463257,413420
2021-06-01,3.509999990463257,3.5299999713897705,3.369999885559082,3.4100000858306885,1778584
2021-06-02,3.4100000858306885,3.450000047683716,3.3299999237060547,3.390000104904175,1299221
2021-06-03,3.390000104904175,3.549999952316284,3.299999952316284,3.4100000858306885,4717609
2021-06-06,3.4100000858306885,3.4600000381469727,3.380000114440918,3.4100000858306885,1623624
2021-06-07,3.4100000858306885,3.4600000381469727,3.309999942779541,3.3499999046325684,319036
2021-06-08,3.3499999046325684,3.380000114440918,3.3299999237060547,3.3499999046325684,539781
2021-06-09,3.3499999046325684,3.430000066757202,3.3399999141693115,3.4000000953674316,998502
2021-06-10,3.4000000953674316,3.430000066757202,3.319999933242798,3.359999895095825,1925658
2021-06-13,3.359999895095825,3.390000104904175,3.2699999809265137,3.319999933242798,529199
2021-06-14,3.319999933242798,3.319999933242798,3.259999990463257,3.2899999618530273,190157
2021-06-15,3.2899999618530273,3.319999933242798,3.1700000762939453,3.240000009536743,417992
2021-06-16,3.240000009536743,3.380000114440918,3.200000047683716,3.299999952316284,1267437
2021-06-17,3.299999952316284,3.3499999046325684,3.1700000762939453,3.240000009536743,1697155
2021-06-20,3.240000009536743,3.299999952316284,3.180000066757202,3.2699999809265137,580100
2021-06-21,3.2699999809265137,3.5199999809265137,3.25,3.4200000762939453,4791359
2021-06-22,3.4200000762939453,3.5399999618530273,3.4000000953674316,3.4700000286102295,2499813
2021-06-23,3.4700000286102295,3.569999933242798,3.380000114440918,3.450000047683716,2511356
2021-06-24,3.450000047683716,3.5,3.450000047683716,3.4800000190734863,1448702
2021-06-27,3.4800000190734863,3.5199999809265137,3.4600000381469727,3.4800000190734863,1104789
2021-06-28,3.4800000190734863,3.700000047683716,3.509999990463257,3.5999999046325684,4108983
2021-06-29,3.5999999046325684,3.509999990463257,3.4100000858306885,3.4800000190734863,1419942
2021-06-30,3.4800000190734863,3.5,3.4200000762939453,3.4600000381469727,607069
2021-07-04,3.4600000381469727,3.5199999809265137,3.4200000762939453,3.450000047683716,918146
2021-07-05,3.450000047683716,3.619999885559082,3.440000057220459,3.5299999713897705,3416939
2021-07-06,3.5299999713897705,3.5399999618530273,3.4100000858306885,3.440000057220459,1191717
2021-07-07,3.440000057220459,3.490000009536743,3.4200000762939453,3.440000057220459,333995
2021-07-08,3.440000057220459,3.490000009536743,3.380000114440918,3.4100000858306885,408076
2021-07-11,3.4100000858306885,3.4600000381469727,3.3299999237060547,3.369999885559082,488054
2021-07-12,3.369999885559082,3.4700000286102295,3.380000114440918,3.4100000858306885,1068997
2021-07-13,3.4100000858306885,3.440000057220459,3.4000000953674316,3.4100000858306885,635747
2021-07-14,3.4100000858306885,3.5999999046325684,3.4100000858306885,3.5299999713897705,3147767
2021-07-15,3.5299999713897705,3.5999999046325684,3.5,3.5299999713897705,1437501
2021-07-18,3.5299999713897705,3.559999942779541,3.440000057220459,3.4700000286102295,894745
2021-07-25,3.4700000286102295,3.75,3.5,3.6600000858306885,7646040
2021-07-26,3.6600000858306885,3.8399999141693115,3.6700000762939453,3.7699999809265137,7883341
2021-07-27,3.7699999809265137,3.9600000381469727,3.7100000381469727,3.869999885559082,4297077
2021-07-28,3.869999885559082,3.950000047683716,3.8299999237060547,3.869999885559082,1099512
2021-07-29,3.869999885559082,3.9200000762939453,3.75,3.799999952316284,1085617
2021-08-01,3.799999952316284,3.9000000953674316,3.759999990463257,3.8399999141693115,1387718
2021-08-02,3.8399999141693115,3.9800000190734863,3.799999952316284,3.890000104904175,3194005
2021-08-03,3.890000104904175,4.070000171661377,3.7899999618530273,3.9700000286102295,6392736
2021-08-04,3.9700000286102295,4.0,3.890000104904175,3.930000066757202,1261731
2021-08-05,3.930000066757202,3.9800000190734863,3.869999885559082,3.9000000953674316,1162380
2021-08-08,3.9000000953674316,3.9000000953674316,3.9000000953674316,3.9000000953674316,0
2021-08-09,3.9000000953674316,3.9000000953674316,3.9000000953674316,3.9000000953674316,0
2021-08-10,3.890000104904175,3.9600000381469727,3.869999885559082,3.9100000858306885,753698
2021-08-11,3.9100000858306885,3.990000009536743,3.9000000953674316,3.950000047683716,913383
2021-08-15,3.950000047683716,4.099999904632568,3.9100000858306885,4.019999980926514,6686938
2021-08-16,4.019999980926514,4.0,3.8499999046325684,3.930000066757202,2587034
2021-08-17,3.930000066757202,3.9200000762939453,3.809999942779541,3.8499999046325684,1609434
2021-08-18,3.8499999046325684,4.0,3.7899999618530273,3.9100000858306885,6633151
2021-08-19,3.9100000858306885,3.9800000190734863,3.880000114440918,3.940000057220459,1216550
2021-08-22,3.940000057220459,4.079999923706055,3.9000000953674316,3.9800000190734863,3310514
2021-08-23,3.9800000190734863,3.9800000190734863,3.9000000953674316,3.940000057220459,1068762
2021-08-24,3.940000057220459,4.0,3.9100000858306885,3.940000057220459,626184
2021-08-25,3.940000057220459,4.099999904632568,3.950000047683716,4.039999961853027,3760345
2021-08-26,4.039999961853027,4.210000038146973,4.050000190734863,4.139999866485596,3851088
2021-08-29,4.139999866485596,4.150000095367432,3.950000047683716,4.059999942779541,1076002
2021-08-30,4.059999942779541,4.119999885559082,3.9700000286102295,4.059999942779541,1010140
2021-08-31,4.059999942779541,4.039999961853027,3.9600000381469727,4.010000228881836,477226
2021-09-01,4.010000228881836,4.110000133514404,4.019999980926514,4.079999923706055,1993682
2021-09-02,4.079999923706055,4.349999904632568,4.090000152587891,4.21999979019165,11181463
2021-09-05,4.21999979019165,4.269999980926514,4.059999942779541,4.099999904632568,1564628
2021-09-06,4.099999904632568,4.099999904632568,3.950000047683716,3.9700000286102295,2283486
2021-09-07,3.9700000286102295,4.130000114440918,3.9700000286102295,4.079999923706055,963515
2021-09-08,4.079999923706055,4.099999904632568,4.019999980926514,4.050000190734863,2099315
2021-09-09,4.050000190734863,4.079999923706055,3.809999942779541,3.869999885559082,1859381
2021-09-12,3.869999885559082,3.990000009536743,3.8499999046325684,3.930000066757202,546581
2021-09-13,3.930000066757202,4.03000020980835,3.9700000286102295,4.0,385540
2021-09-14,4.0,4.050000190734863,3.950000047683716,4.050000190734863,196006
2021-09-15,4.050000190734863,4.199999809265137,4.010000228881836,4.079999923706055,3247169
2021-09-16,4.079999923706055,4.190000057220459,4.059999942779541,4.099999904632568,947865
2021-09-19,4.099999904632568,4.25,4.050000190734863,4.079999923706055,5835852
2021-09-20,4.079999923706055,4.199999809265137,3.950000047683716,4.0,10579312
2021-09-21,4.0,4.119999885559082,3.950000047683716,4.050000190734863,4273595
2021-09-22,4.050000190734863,4.25,4.079999923706055,4.150000095367432,4424832
2021-09-23,4.150000095367432,4.260000228881836,4.139999866485596,4.159999847412109,1235172
2021-09-26,4.159999847412109,4.210000038146973,4.110000133514404,4.150000095367432,305957
2021-09-27,4.150000095367432,4.300000190734863,4.099999904632568,4.190000057220459,8041115
2021-09-28,4.190000057220459,4.329999923706055,4.119999885559082,4.289999961853027,6546948
2021-09-29,4.289999961853027,4.360000133514404,4.269999980926514,4.309999942779541,2265966
2021-09-30,4.309999942779541,4.449999809265137,4.239999771118164,4.320000171661377,2448186
2021-10-03,4.320000171661377,4.389999866485596,4.179999828338623,4.199999809265137,1642464
2021-10-04,4.199999809265137,4.199999809265137,4.079999923706055,4.119999885559082,2679941
2021-10-05,4.119999885559082,4.199999809265137,4.010000228881836,4.03000020980835,1645365
2021-10-06,4.03000020980835,4.150000095367432,4.019999980926514,4.090000152587891,3896356
2021-10-10,4.090000152587891,4.059999942779541,3.950000047683716,4.010000228881836,844522
2021-10-11,4.010000228881836,4.110000133514404,4.0,4.050000190734863,1424974
2021-10-12,4.050000190734863,4.130000114440918,4.010000228881836,4.090000152587891,206074
2021-10-13,4.090000152587891,4.130000114440918,4.0,4.0,3250835
2021-10-14,4.0,4.079999923706055,3.9800000190734863,4.03000020980835,410707
2021-10-17,4.03000020980835,4.150000095367432,4.0,4.099999904632568,1665729
2021-10-18,4.099999904632568,4.099999904632568,4.099999904632568,4.099999904632568,0
2021-10-19,4.420000076293945,4.46999979019165,4.199999809265137,4.349999904632568,4421739
2021-10-20,4.349999904632568,4.449999809265137,4.159999847412109,4.230000019073486,4221532
2021-10-24,4.230000019073486,4.389999866485596,4.179999828338623,4.210000038146973,505238
2021-10-25,4.210000038146973,4.309999942779541,4.199999809265137,4.260000228881836,1703152
2021-10-26,4.260000228881836,4.369999885559082,4.28000020980835,4.289999961853027,617818
2021-10-27,4.289999961853027,4.289999961853027,4.099999904632568,4.190000057220459,843135
2021-10-28,4.190000057220459,4.239999771118164,4.130000114440918,4.199999809265137,1099463
2021-10-31,4.199999809265137,4.25,4.150000095367432,4.159999847412109,318912
2021-11-01,4.159999847412109,4.199999809265137,4.119999885559082,4.139999866485596,658056
2021-11-02,4.139999866485596,4.5,4.179999828338623,4.46999979019165,3080898
2021-11-03,4.46999979019165,4.650000095367432,4.480000019073486,4.579999923706055,6653742
2021-11-04,4.579999923706055,4.639999866485596,4.300000190734863,4.389999866485596,170830
2021-11-07,4.389999866485596,4.389999866485596,4.389999866485596,4.389999866485596,0
2021-11-08,4.389999866485596,4.389999866485596,4.389999866485596,4.389999866485596,0
2021-11-09,4.389999866485596,4.389999866485596,4.389999866485596,4.389999866485596,0
2021-11-10,4.039999961853027,4.079999923706055,3.890000104904175,4.0,4338968
2021-11-11,4.0,4.070000171661377,3.869999885559082,3.940000057220459,2518942
2021-11-14,3.940000057220459,3.990000009536743,3.799999952316284,3.8299999237060547,2212496
2021-11-15,3.8299999237060547,3.9800000190734863,3.799999952316284,3.8499999046325684,1269326
2021-11-16,3.8499999046325684,3.9700000286102295,3.75,3.7699999809265137,976344
2021-11-17,3.7699999809265137,3.9000000953674316,3.6600000858306885,3.700000047683716,1224877
2021-11-18,3.700000047683716,3.700000047683716,3.700000047683716,3.700000047683716,0
2021-11-21,3.7699999809265137,3.8299999237060547,3.5999999046325684,3.630000114440918,843823
2021-11-22,3.630000114440918,3.630000114440918,3.630000114440918,3.630000114440918,0
2021-11-23,3.6500000953674316,3.799999952316284,3.6700000762939453,3.690000057220459,1344491
2021-11-24,3.690000057220459,3.859999895095825,3.690000057220459,3.8499999046325684,777711
2021-11-25,3.8499999046325684,3.9100000858306885,3.809999942779541,3.9000000953674316,704697
2021-11-28,3.9000000953674316,3.9000000953674316,3.9000000953674316,3.9000000953674316,0
2021-11-29,3.9000000953674316,3.9600000381469727,3.880000114440918,3.9000000953674316,250987
2021-11-30,3.9000000953674316,3.930000066757202,3.8499999046325684,3.9000000953674316,633782
2021-12-01,3.9000000953674316,3.9000000953674316,3.9000000953674316,3.9000000953674316,0
2021-12-02,3.9800000190734863,4.119999885559082,3.9800000190734863,4.010000228881836,3603475
2021-12-05,4.010000228881836,4.050000190734863,3.950000047683716,3.990000009536743,1975513
2021-12-06,3.990000009536743,4.360000133514404,4.0,4.360000133514404,6328134
2021-12-07,4.360000133514404,5.0,4.320000171661377,4.659999847412109,14042239
2021-12-08,4.659999847412109,4.699999809265137,4.53000020980835,4.599999904632568,4111865
2021-12-09,4.599999904632568,4.980000019073486,4.599999904632568,4.820000171661377,4765999
2021-12-12,4.820000171661377,5.050000190734863,4.769999980926514,4.989999771118164,4094938
2021-12-13,4.989999771118164,4.989999771118164,4.739999771118164,4.800000190734863,2361972
2021-12-14,4.800000190734863,4.869999885559082,4.769999980926514,4.789999961853027,1567508
2021-12-15,4.789999961853027,4.789999961853027,4.789999961853027,4.789999961853027,0
2021-12-16,4.800000190734863,5.0,4.75,4.869999885559082,5346991
2021-12-19,4.869999885559082,4.900000095367432,4.730000019073486,4.869999885559082,378801
2021-12-20,4.869999885559082,4.880000114440918,4.739999771118164,4.760000228881836,412199
2021-12-21,4.760000228881836,4.960000038146973,4.800000190734863,4.849999904632568,1483041
2021-12-22,4.849999904632568,4.929999828338623,4.699999809265137,4.760000228881836,841465
2021-12-23,4.760000228881836,5.110000133514404,4.769999980926514,5.010000228881836,4925680
2021-12-26,5.010000228881836,5.150000095367432,4.929999828338623,5.059999942779541,4060812
2021-12-27,5.059999942779541,5.03000020980835,4.880000114440918,4.920000076293945,2157011
2021-12-28,4.920000076293945,5.099999904632568,4.880000114440918,5.070000171661377,1008995
2021-12-29,5.070000171661377,5.150000095367432,4.949999809265137,4.980000019073486,2141105
2021-12-30,4.980000019073486,5.099999904632568,4.929999828338623,5.099999904632568,1564026
2022-01-02,5.099999904632568,5.079999923706055,4.949999809265137,4.96999979019165,570175
2022-01-03,4.96999979019165,5.170000076293945,4.900000095367432,5.0,3451113
2022-01-04,5.0,5.039999961853027,4.949999809265137,4.989999771118164,1310077
2022-01-05,4.989999771118164,5.079999923706055,4.980000019073486,5.010000228881836,2053080
2022-01-09,5.010000228881836,5.010000228881836,5.010000228881836,5.010000228881836,0
2022-01-10,4.980000019073486,5.010000228881836,4.929999828338623,4.940000057220459,147797
2022-01-11,4.940000057220459,4.949999809265137,4.739999771118164,4.800000190734863,3999374
2022-01-12,4.800000190734863,4.829999923706055,4.699999809265137,4.710000038146973,2397108
2022-01-13,4.710000038146973,4.849999904632568,4.699999809265137,4.710000038146973,2090226
2022-01-16,4.710000038146973,4.760000228881836,4.650000095367432,4.690000057220459,529517
2022-01-17,4.690000057220459,4.789999961853027,4.599999904632568,4.610000133514404,3864895
2022-01-18,4.610000133514404,4.860000133514404,4.610000133514404,4.840000152587891,2746512
2022-01-19,4.840000152587891,4.849999904632568,4.699999809265137,4.75,625014
2022-01-20,4.75,4.809999942779541,4.730000019073486,4.800000190734863,482299
2022-01-23,4.800000190734863,4.820000171661377,4.710000038146973,4.710000038146973,220140
2022-01-24,4.710000038146973,4.699999809265137,4.650000095367432,4.670000076293945,95886
2022-01-25,4.670000076293945,4.809999942779541,4.670000076293945,4.769999980926514,585537
2022-01-26,4.769999980926514,4.820000171661377,4.710000038146973,4.800000190734863,346605
2022-01-30,4.800000190734863,4.800000190734863,4.659999847412109,4.690000057220459,157926
2022-01-31,4.690000057220459,4.829999923706055,4.599999904632568,4.809999942779541,788696
2022-02-01,4.809999942779541,5.0,4.809999942779541,4.960000038146973,2826725
2022-02-02,4.960000038146973,5.46999979019165,4.989999771118164,5.389999866485596,11248838
2022-02-03,5.389999866485596,6.0,5.300000190734863,5.5,4008282
2022-02-06,5.5,5.699999809265137,5.400000095367432,5.460000038146973,2501207
2022-02-07,5.460000038146973,5.550000190734863,5.349999904632568,5.429999828338623,1218914
2022-02-08,5.429999828338623,5.599999904632568,5.380000114440918,5.550000190734863,830667
2022-02-09,5.550000190734863,6.059999942779541,5.590000152587891,5.829999923706055,5237198
2022-02-10,5.829999923706055,5.980000019073486,5.570000171661377,5.599999904632568,2688005
2022-02-13,5.599999904632568,6.010000228881836,5.590000152587891,5.739999771118164,2221994
2022-02-14,5.739999771118164,5.900000095367432,5.570000171661377,5.639999866485596,199617
2022-02-15,5.639999866485596,5.800000190734863,5.639999866485596,5.75,821563
2022-02-16,5.75,5.800000190734863,5.659999847412109,5.690000057220459,855676
2022-02-17,5.690000057220459,5.889999866485596,5.710000038146973,5.75,3787972
2022-02-20,5.75,5.789999961853027,5.5,5.590000152587891,416693
2022-02-21,5.590000152587891,5.679999828338623,5.400000095367432,5.510000228881836,192862
2022-02-22,5.510000228881836,5.579999923706055,5.28000020980835,5.380000114440918,1299324
2022-02-23,5.380000114440918,5.75,5.349999904632568,5.670000076293945,1481731
2022-02-24,5.670000076293945,5.510000228881836,4.699999809265137,5.369999885559082,3936501
2022-02-27,5.369999885559082,5.889999866485596,5.599999904632568,5.760000228881836,1485041
2022-02-28,5.760000228881836,5.900000095367432,5.650000095367432,5.760000228881836,1446394
2022-03-01,5.760000228881836,5.980000019073486,5.829999923706055,5.860000133514404,1734991
2022-03-02,5.860000133514404,5.889999866485596,5.730000019073486,5.769999980926514,1257448
2022-03-03,5.769999980926514,5.949999809265137,5.820000171661377,5.860000133514404,802579
2022-03-06,5.860000133514404,5.920000076293945,5.75,5.789999961853027,1408322
2022-03-07,5.789999961853027,5.75,5.429999828338623,5.510000228881836,1397118
2022-03-08,5.510000228881836,5.510000228881836,5.510000228881836,5.510000228881836,0
2022-03-09,5.400000095367432,5.510000228881836,5.260000228881836,5.300000190734863,1040536
2022-03-10,5.300000190734863,5.360000133514404,5.21999979019165,5.300000190734863,3953726
2022-03-13,5.300000190734863,5.460000038146973,5.300000190734863,5.340000152587891,573134
2022-03-14,5.340000152587891,5.340000152587891,5.309999942779541,5.309999942779541,314357
2022-03-15,5.309999942779541,5.340000152587891,5.099999904632568,5.199999809265137,890361
2022-03-16,5.199999809265137,5.28000020980835,5.070000171661377,5.150000095367432,5135281
2022-03-17,5.150000095367432,5.269999980926514,4.699999809265137,5.0,8605057
2022-03-20,5.0,5.199999809265137,5.0,5.159999847412109,2347687
2022-03-21,5.159999847412109,5.550000190734863,5.159999847412109,5.440000057220459,2519350
2022-03-22,5.440000057220459,5.679999828338623,5.170000076293945,5.269999980926514,1402828
2022-03-23,5.269999980926514,5.449999809265137,5.059999942779541,5.369999885559082,1117145
2022-03-24,5.369999885559082,5.449999809265137,5.260000228881836,5.300000190734863,1445459
2022-03-27,5.300000190734863,5.300000190734863,4.239999771118164,4.400000095367432,15846319
2022-03-28,4.400000095367432,4.5,4.150000095367432,4.320000171661377,2332605
2022-03-29,4.320000171661377,4.349999904632568,4.0,4.0,10182536
2022-03-30,4.0,4.099999904632568,3.799999952316284,3.8499999046325684,8276433
2022-03-31,3.8499999046325684,4.03000020980835,3.859999895095825,3.990000009536743,5859963
2022-04-03,3.990000009536743,4.329999923706055,4.0,4.269999980926514,6226972
2022-04-04,4.269999980926514,4.349999904632568,4.159999847412109,4.320000171661377,3907051
2022-04-05,4.320000171661377,4.369999885559082,4.25,4.289999961853027,3140194
2022-04-06,4.289999961853027,4.340000152587891,4.21999979019165,4.25,1236292
2022-04-07,4.25,4.25,4.059999942779541,4.110000133514404,579841
2022-04-10,4.110000133514404,4.150000095367432,3.859999895095825,3.9800000190734863,569354
2022-04-11,3.9800000190734863,4.099999904632568,3.869999885559082,3.9100000858306885,1141435
2022-04-12,3.9100000858306885,4.039999961853027,3.9000000953674316,3.9600000381469727,447098
2022-04-13,3.9600000381469727,4.139999866485596,3.950000047683716,4.0,1483210
2022-04-14,4.0,4.070000171661377,3.6600000858306885,3.7799999713897705,2828829
2022-04-17,3.7799999713897705,4.050000190734863,3.75,3.9200000762939453,6504507
2022-04-18,3.9200000762939453,4.059999942779541,3.880000114440918,4.050000190734863,1506818
2022-04-19,4.050000190734863,3.9700000286102295,3.880000114440918,3.950000047683716,724529
2022-04-20,3.950000047683716,4.0,3.809999942779541,3.880000114440918,561038
2022-04-21,3.880000114440918,3.950000047683716,3.8399999141693115,3.869999885559082,891416
2022-04-26,3.869999885559082,3.9800000190734863,3.799999952316284,3.9000000953674316,1666595
2022-04-27,3.9000000953674316,3.940000057220459,3.8399999141693115,3.859999895095825,1165762
2022-04-28,3.859999895095825,4.289999961853027,3.8499999046325684,4.25,5050163
2022-05-08,4.25,4.25,4.090000152587891,4.099999904632568,2211861
2022-05-09,4.099999904632568,4.159999847412109,3.930000066757202,3.940000057220459,2233767
2022-05-10,3.940000057220459,4.0,3.869999885559082,3.940000057220459,748905
2022-05-11,3.940000057220459,4.150000095367432,3.990000009536743,4.110000133514404,5381076
2022-05-12,4.110000133514404,4.150000095367432,3.9800000190734863,4.0,3427168
2022-05-15,4.0,4.050000190734863,3.819999933242798,3.869999885559082,1250283
2022-05-16,3.869999885559082,3.9000000953674316,3.6700000762939453,3.8399999141693115,4466254
2022-05-17,3.8399999141693115,3.9200000762939453,3.759999990463257,3.7799999713897705,757628
2022-05-18,3.7799999713897705,3.8299999237060547,3.7300000190734863,3.7799999713897705,504433
2022-05-19,3.7799999713897705,3.7300000190734863,3.6700000762939453,3.700000047683716,1359705
2022-05-22,3.700000047683716,3.75,3.5999999046325684,3.630000114440918,855764
2022-05-23,3.630000114440918,3.680000066757202,3.5,3.5299999713897705,1857296
2022-05-24,3.5299999713897705,3.5999999046325684,3.309999942779541,3.359999895095825,1928803
2022-05-25,3.359999895095825,3.3499999046325684,2.9700000286102295,3.0,8584536
2022-05-26,3.0,3.0199999809265137,2.7300000190734863,2.75,7928589
2022-05-29,2.75,2.9600000381469727,2.619999885559082,2.950000047683716,3862387
2022-05-30,2.950000047683716,3.069999933242798,2.9200000762939453,2.9800000190734863,1531676
2022-05-31,2.9800000190734863,3.069999933242798,2.990000009536743,3.0,904641
2022-06-01,3.0,3.0299999713897705,2.8499999046325684,2.890000104904175,474788
2022-06-02,2.890000104904175,2.940000057220459,2.8399999141693115,2.9100000858306885,624879
2022-06-05,2.9100000858306885,2.9100000858306885,2.9100000858306885,2.9100000858306885,0
2022-06-06,2.9000000953674316,3.0399999618530273,2.9100000858306885,2.950000047683716,1745947
2022-06-07,2.950000047683716,3.2300000190734863,2.9700000286102295,3.200000047683716,5277149
2022-06-08,3.200000047683716,3.299999952316284,3.2200000286102295,3.240000009536743,1477316
2022-06-09,3.240000009536743,3.359999895095825,3.2100000381469727,3.319999933242798,1905683
2022-06-12,3.319999933242798,3.3299999237060547,3.2300000190734863,3.25,613408
2022-06-13,3.25,3.25,3.0399999618530273,3.0399999618530273,3117932
2022-06-14,3.0399999618530273,3.119999885559082,3.0199999809265137,3.069999933242798,682122
2022-06-15,3.069999933242798,3.1600000858306885,3.059999942779541,3.0799999237060547,1147217
2022-06-16,3.0799999237060547,3.1600000858306885,3.059999942779541,3.140000104904175,1349144
2022-06-19,3.140000104904175,3.1500000953674316,2.9800000190734863,3.0,1434108
2022-06-20,3.0,3.0799999237060547,2.930000066757202,2.950000047683716,1128081
2022-06-21,2.950000047683716,3.0399999618530273,2.9600000381469727,2.9700000286102295,535077
2022-06-22,2.9700000286102295,3.0,2.940000057220459,2.990000009536743,571892
2022-06-23,2.990000009536743,2.9600000381469727,2.9000000953674316,2.9100000858306885,468159
2022-06-26,2.9100000858306885,2.9800000190734863,2.700000047683716,2.7200000286102295,2906086
2022-06-27,2.7200000286102295,2.7799999713897705,2.369999885559082,2.4200000762939453,7454950
2022-06-28,2.4200000762939453,2.619999885559082,2.259999990463257,2.549999952316284,4123446
2022-06-29,2.549999952316284,2.7200000286102295,2.509999990463257,2.6700000762939453,3008771
2022-07-03,2.6700000762939453,2.6700000762939453,2.450000047683716,2.4800000190734863,1731849
2022-07-04,2.4800000190734863,2.5199999809265137,2.3299999237060547,2.4000000953674316,1573812
2022-07-05,2.4000000953674316,2.609999895095825,2.4000000953674316,2.4100000858306885,3024920
2022-07-06,2.4100000858306885,2.700000047683716,2.440000057220459,2.6500000953674316,6112857
2022-07-07,2.6500000953674316,2.700000047683716,2.5799999237060547,2.619999885559082,4096798
2022-07-17,2.619999885559082,2.6700000762939453,2.559999942779541,2.569999933242798,360513
2022-07-18,2.569999933242798,2.809999942779541,2.5999999046325684,2.700000047683716,5217660
2022-07-19,2.700000047683716,2.8399999141693115,2.700000047683716,2.819999933242798,2995980
2022-07-20,2.819999933242798,2.9800000190734863,2.809999942779541,2.8299999237060547,4084977
2022-07-21,2.8299999237060547,2.9800000190734863,2.8299999237060547,2.950000047683716,4280325
2022-07-24,2.950000047683716,3.140000104904175,2.9600000381469727,3.0299999713897705,6824439
2022-07-25,3.0299999713897705,3.059999942779541,2.9000000953674316,2.930000066757202,5592819
2022-07-26,2.930000066757202,3.0299999713897705,2.930000066757202,3.009999990463257,5245527
2022-07-27,3.009999990463257,3.069999933242798,2.9000000953674316,2.9000000953674316,5562716
2022-07-28,2.9000000953674316,2.9600000381469727,2.8299999237060547,2.890000104904175,5471835
2022-07-31,2.890000104904175,2.950000047683716,2.8299999237060547,2.8299999237060547,8453128
2022-08-01,2.8299999237060547,3.0,2.799999952316284,2.9000000953674316,19825541
2022-08-02,2.9000000953674316,2.9700000286102295,2.869999885559082,2.9000000953674316,8518370
2022-08-03,2.9000000953674316,2.9800000190734863,2.880000114440918,2.930000066757202,9140141
2022-08-04,2.930000066757202,3.119999885559082,2.9600000381469727,3.0999999046325684,17875969
2022-08-07,3.0999999046325684,3.25,3.140000104904175,3.1700000762939453,15502910
2022-08-08,3.1700000762939453,3.2300000190734863,3.0999999046325684,3.119999885559082,8275811
2022-08-09,3.119999885559082,3.299999952316284,3.0999999046325684,3.109999895095825,12011842
2022-08-10,3.109999895095825,3.1700000762939453,3.059999942779541,3.109999895095825,4699511
2022-08-11,3.109999895095825,3.319999933242798,3.1700000762939453,3.2100000381469727,11818118
2022-08-14,3.2100000381469727,3.299999952316284,3.1600000858306885,3.180000066757202,4340391
2022-08-15,3.180000066757202,3.2899999618530273,3.1600000858306885,3.2100000381469727,8293337
2022-08-16,3.2100000381469727,3.309999942779541,3.1700000762939453,3.190000057220459,5798391
2022-08-17,3.190000057220459,3.430000066757202,3.190000057220459,3.369999885559082,15853611
2022-08-18,3.369999885559082,3.369999885559082,3.369999885559082,3.369999885559082,0
2022-08-21,3.3299999237060547,3.450000047683716,3.3499999046325684,3.4200000762939453,9649398
2022-08-22,3.4200000762939453,3.5399999618530273,3.359999895095825,3.380000114440918,11248865
2022-08-23,3.380000114440918,3.380000114440918,3.380000114440918,3.380000114440918,0
2022-08-24,3.240000009536743,3.390000104904175,3.200000047683716,3.2799999713897705,9616598
2022-08-25,3.2799999713897705,3.6500000953674316,3.319999933242798,3.5899999141693115,27415108
2022-08-28,3.5899999141693115,3.7100000381469727,3.5299999713897705,3.5899999141693115,7966400
2022-08-29,3.5899999141693115,3.690000057220459,3.509999990463257,3.549999952316284,5408151
2022-08-30,3.549999952316284,3.9100000858306885,3.5299999713897705,3.7699999809265137,17671028
2022-08-31,3.7699999809265137,3.8499999046325684,3.6500000953674316,3.6700000762939453,8079499
2022-09-01,3.6700000762939453,3.7799999713897705,3.5999999046325684,3.6600000858306885,5564744
2022-09-04,3.6600000858306885,3.7899999618530273,3.5799999237060547,3.759999990463257,3939949
2022-09-05,3.759999990463257,3.8399999141693115,3.7100000381469727,3.740000009536743,5032408
2022-09-06,3.740000009536743,3.940000057220459,3.759999990463257,3.8499999046325684,7690814
2022-09-07,3.8499999046325684,4.170000076293945,3.869999885559082,3.890000104904175,25978634
2022-09-08,3.890000104904175,4.019999980926514,3.8299999237060547,3.8499999046325684,8289820
2022-09-11,3.8499999046325684,3.930000066757202,3.8399999141693115,3.8499999046325684,3753878
2022-09-12,3.8499999046325684,3.930000066757202,3.8299999237060547,3.8399999141693115,3772012
2022-09-13,3.8399999141693115,3.880000114440918,3.759999990463257,3.7799999713897705,2740868
2022-09-14,3.7799999713897705,3.759999990463257,3.6500000953674316,3.700000047683716,6552462
2022-09-15,3.700000047683716,3.740000009536743,3.6500000953674316,3.6600000858306885,2641179
2022-09-18,3.6600000858306885,3.6700000762939453,3.259999990463257,3.3399999141693115,6502235
2022-09-19,3.3399999141693115,3.4600000381469727,3.240000009536743,3.430000066757202,2802723
2022-09-20,3.430000066757202,3.549999952316284,3.369999885559082,3.549999952316284,3295934
2022-09-21,3.549999952316284,3.5899999141693115,3.5,3.5399999618530273,4214628
2022-09-22,3.5399999618530273,3.490000009536743,3.369999885559082,3.390000104904175,5704603
2022-09-25,3.390000104904175,3.4200000762939453,3.259999990463257,3.2799999713897705,3302587
2022-09-26,3.2799999713897705,3.369999885559082,3.2799999713897705,3.299999952316284,4801799
2022-09-27,3.299999952316284,3.450000047683716,3.3299999237060547,3.390000104904175,4088610
2022-09-28,3.390000104904175,3.5799999237060547,3.4100000858306885,3.440000057220459,9783424
2022-09-29,3.440000057220459,3.559999942779541,3.430000066757202,3.450000047683716,6902751
2022-10-02,3.450000047683716,3.5,3.3299999237060547,3.3499999046325684,4097525
2022-10-03,3.3499999046325684,3.390000104904175,3.299999952316284,3.3299999237060547,1867510
2022-10-04,3.3299999237060547,3.4800000190734863,3.369999885559082,3.450000047683716,3277196
2022-10-05,3.450000047683716,3.5299999713897705,3.4200000762939453,3.430000066757202,2985860
2022-10-09,3.430000066757202,3.440000057220459,3.369999885559082,3.380000114440918,1222919
2022-10-10,3.380000114440918,3.440000057220459,3.359999895095825,3.4000000953674316,1552657
2022-10-11,3.4000000953674316,3.440000057220459,3.3399999141693115,3.359999895095825,3724162
2022-10-12,3.359999895095825,3.380000114440918,3.25,3.2799999713897705,2313816
2022-10-13,3.2799999713897705,3.309999942779541,3.140000104904175,3.200000047683716,5025483
2022-10-16,3.200000047683716,3.319999933242798,3.190000057220459,3.2699999809265137,4008344
2022-10-17,3.2699999809265137,3.430000066757202,3.2899999618530273,3.4200000762939453,3602570
2022-10-18,3.4200000762939453,3.5399999618530273,3.4200000762939453,3.4600000381469727,5743701
2022-10-19,3.4600000381469727,3.4800000190734863,3.3499999046325684,3.380000114440918,1392397
2022-10-20,3.380000114440918,3.4700000286102295,3.3499999046325684,3.430000066757202,1793859
2022-10-23,3.430000066757202,3.5399999618530273,3.4700000286102295,3.5,2489719
2022-10-24,3.5,3.5199999809265137,3.390000104904175,3.4100000858306885,1553030
2022-10-25,3.4100000858306885,3.5,3.380000114440918,3.430000066757202,2183071
2022-10-26,3.430000066757202,3.430000066757202,3.430000066757202,3.430000066757202,0
2022-10-27,3.559999942779541,3.990000009536743,3.7300000190734863,3.799999952316284,12705076
2022-10-30,3.799999952316284,4.139999866485596,3.799999952316284,3.940000057220459,10810818
2022-10-31,3.940000057220459,4.199999809265137,3.819999933242798,4.199999809265137,10289508
2022-11-01,4.199999809265137,4.309999942779541,4.090000152587891,4.239999771118164,10011024
2022-11-02,4.239999771118164,4.239999771118164,4.03000020980835,4.059999942779541,4610790
2022-11-03,4.059999942779541,4.150000095367432,3.9600000381469727,4.0,5763904
2022-11-06,4.0,4.260000228881836,4.010000228881836,4.21999979019165,4635177
2022-11-07,4.21999979019165,4.480000019073486,4.210000038146973,4.440000057220459,6900840
2022-11-08,4.440000057220459,4.550000190734863,4.300000190734863,4.329999923706055,9854211
2022-11-09,4.329999923706055,4.320000171661377,4.050000190734863,4.25,12847438
2022-11-10,4.25,4.590000152587891,4.159999847412109,4.440000057220459,8268880
2022-11-13,4.440000057220459,4.579999923706055,4.429999828338623,4.440000057220459,4532862
2022-11-14,4.440000057220459,4.480000019073486,4.269999980926514,4.320000171661377,8489239
2022-11-15,4.320000171661377,4.440000057220459,4.28000020980835,4.320000171661377,5721884
2022-11-16,4.320000171661377,4.480000019073486,4.309999942779541,4.360000133514404,7393788
2022-11-17,4.360000133514404,4.429999828338623,4.289999961853027,4.300000190734863,5772749
2022-11-20,4.300000190734863,4.400000095367432,4.28000020980835,4.309999942779541,10074559
2022-11-21,4.309999942779541,4.400000095367432,4.21999979019165,4.21999979019165,10689456
2022-11-22,4.21999979019165,4.369999885559082,4.119999885559082,4.340000152587891,24286175
2022-11-23,4.340000152587891,4.579999923706055,4.340000152587891,4.480000019073486,13751655
2022-11-24,4.480000019073486,4.829999923706055,4.480000019073486,4.789999961853027,17817586
2022-11-27,4.789999961853027,4.940000057220459,4.739999771118164,4.75,8205712
2022-11-28,4.75,4.800000190734863,4.630000114440918,4.670000076293945,5428071
2022-11-29,4.670000076293945,4.789999961853027,4.550000190734863,4.71999979019165,3656260
2022-11-30,4.71999979019165,4.78000020980835,4.630000114440918,4.639999866485596,2851429
2022-12-01,4.639999866485596,4.900000095367432,4.659999847412109,4.75,7605614
2022-12-04,4.75,4.909999847412109,4.71999979019165,4.809999942779541,9760236
2022-12-05,4.809999942779541,5.170000076293945,4.829999923706055,5.039999961853027,14490789
2022-12-06,5.039999961853027,5.090000152587891,4.889999866485596,5.010000228881836,9515174
2022-12-07,5.010000228881836,5.21999979019165,5.0,5.0,11033730
2022-12-08,5.0,5.179999828338623,4.929999828338623,4.960000038146973,15533310
2022-12-11,4.960000038146973,5.360000133514404,5.010000228881836,5.079999923706055,9320160
2022-12-12,5.079999923706055,5.150000095367432,4.809999942779541,4.960000038146973,10343003
2022-12-13,4.960000038146973,5.199999809265137,5.03000020980835,5.119999885559082,8150928
2022-12-14,5.119999885559082,5.75,5.170000076293945,5.610000133514404,17609831
2022-12-15,5.610000133514404,5.820000171661377,5.369999885559082,5.429999828338623,9532745
2022-12-18,5.429999828338623,5.510000228881836,5.300000190734863,5.300000190734863,4467945
2022-12-19,5.300000190734863,5.599999904632568,5.309999942779541,5.489999771118164,8574116
2022-12-20,5.489999771118164,5.670000076293945,5.5,5.519999980926514,7692116
2022-12-21,5.519999980926514,5.619999885559082,5.389999866485596,5.5,5791965
2022-12-22,5.5,5.590000152587891,5.269999980926514,5.309999942779541,3337259
2022-12-25,5.309999942779541,5.239999771118164,5.010000228881836,5.090000152587891,4576196
2022-12-26,5.090000152587891,5.480000019073486,5.130000114440918,5.440000057220459,5054766
2022-12-27,5.440000057220459,5.519999980926514,5.369999885559082,5.389999866485596,2801236
2022-12-28,5.389999866485596,5.449999809265137,5.360000133514404,5.380000114440918,1140764
2022-12-29,5.380000114440918,5.489999771118164,5.340000152587891,5.360000133514404,2257988
2023-01-02,5.360000133514404,5.630000114440918,5.429999828338623,5.579999923706055,3501656
2023-01-03,5.579999923706055,5.75,5.610000133514404,5.670000076293945,3556477
2023-01-04,5.670000076293945,5.829999923706055,5.150000095367432,5.75,9976525
2023-01-05,5.75,6.039999961853027,5.769999980926514,5.980000019073486,13621017
2023-01-09,5.980000019073486,6.119999885559082,5.71999979019165,5.800000190734863,10549895
2023-01-10,5.800000190734863,5.849999904632568,5.480000019073486,5.489999771118164,7514978
2023-01-11,5.489999771118164,5.800000190734863,5.349999904632568,5.409999847412109,6074275
2023-01-12,5.409999847412109,5.630000114440918,5.289999961853027,5.380000114440918,3005465
2023-01-15,5.380000114440918,5.480000019073486,5.329999923706055,5.369999885559082,3241195
2023-01-16,5.369999885559082,5.579999923706055,5.389999866485596,5.5,5226028
2023-01-17,5.5,5.789999961853027,5.570000171661377,5.730000019073486,8219967
2023-01-18,5.730000019073486,5.789999961853027,5.46999979019165,5.489999771118164,5350880
2023-01-19,5.489999771118164,5.619999885559082,5.449999809265137,5.46999979019165,3897897
2023-01-22,5.46999979019165,5.599999904632568,5.46999979019165,5.489999771118164,4779993
2023-01-23,5.489999771118164,5.559999942779541,5.300000190734863,5.400000095367432,1796783
2023-01-24,5.400000095367432,5.5,5.320000171661377,5.400000095367432,5820842
2023-01-25,5.400000095367432,5.570000171661377,5.400000095367432,5.5,7335724
2023-01-29,5.5,5.590000152587891,5.489999771118164,5.510000228881836,4734986
2023-01-30,5.510000228881836,5.599999904632568,5.230000019073486,5.309999942779541,5279768
2023-01-31,5.309999942779541,5.340000152587891,5.110000133514404,5.119999885559082,2701778
2023-02-01,5.119999885559082,5.210000038146973,4.869999885559082,4.900000095367432,7640809
2023-02-02,4.900000095367432,5.0,4.5,4.579999923706055,5398798
2023-02-05,4.579999923706055,5.0,4.389999866485596,5.0,6556702
2023-02-06,5.0,5.170000076293945,4.860000133514404,4.989999771118164,6086305
2023-02-07,4.989999771118164,5.21999979019165,5.03000020980835,5.119999885559082,8602067
2023-02-08,5.119999885559082,5.170000076293945,4.960000038146973,5.059999942779541,4262163
2023-02-09,5.059999942779541,5.349999904632568,5.059999942779541,5.320000171661377,7094199
2023-02-12,5.320000171661377,5.420000076293945,5.190000057220459,5.230000019073486,4025204
2023-02-13,5.230000019073486,5.360000133514404,5.190000057220459,5.21999979019165,2193083
2023-02-14,5.21999979019165,5.510000228881836,5.239999771118164,5.449999809265137,8173520
2023-02-15,5.449999809265137,5.599999904632568,5.46999979019165,5.46999979019165,11435113
2023-02-16,5.46999979019165,5.639999866485596,5.449999809265137,5.510000228881836,5460585
2023-02-19,5.510000228881836,5.579999923706055,5.400000095367432,5.440000057220459,880365
2023-02-20,5.440000057220459,5.449999809265137,5.159999847412109,5.190000057220459,3880447
2023-02-21,5.190000057220459,5.380000114440918,5.130000114440918,5.320000171661377,1781821
2023-02-22,5.320000171661377,5.400000095367432,5.010000228881836,5.059999942779541,4908746
2023-02-23,5.059999942779541,5.210000038146973,5.010000228881836,5.179999828338623,4176061
2023-02-26,5.179999828338623,5.400000095367432,5.110000133514404,5.239999771118164,2522141
2023-02-27,5.239999771118164,5.659999847412109,5.400000095367432,5.429999828338623,20322246
2023-02-28,5.429999828338623,5.550000190734863,5.380000114440918,5.449999809265137,11598158
2023-03-01,5.449999809265137,5.539999961853027,5.420000076293945,5.440000057220459,3807330
2023-03-02,5.440000057220459,5.570000171661377,5.440000057220459,5.460000038146973,4729042
2023-03-05,5.460000038146973,5.519999980926514,5.360000133514404,5.360000133514404,5989480
2023-03-06,5.360000133514404,5.440000057220459,5.340000152587891,5.349999904632568,2766257
2023-03-07,5.349999904632568,5.400000095367432,5.059999942779541,5.119999885559082,4539043
2023-03-08,5.119999885559082,5.190000057220459,5.03000020980835,5.070000171661377,3349022
2023-03-09,5.070000171661377,5.25,5.070000171661377,5.210000038146973,4563696
2023-03-12,5.210000038146973,5.199999809265137,4.809999942779541,4.809999942779541,6226697
2023-03-13,4.809999942779541,4.980000019073486,4.449999809265137,4.53000020980835,5469392
2023-03-14,4.53000020980835,4.739999771118164,4.489999771118164,4.599999904632568,5538545
2023-03-15,4.599999904632568,4.800000190734863,3.9700000286102295,4.130000114440918,8794161
2023-03-16,4.130000114440918,4.400000095367432,4.0,4.320000171661377,5230010
2023-03-19,4.320000171661377,4.369999885559082,4.150000095367432,4.340000152587891,3849202
2023-03-20,4.340000152587891,4.579999923706055,4.300000190734863,4.46999979019165,7015515
2023-03-21,4.46999979019165,4.690000057220459,4.460000038146973,4.690000057220459,4564904
2023-03-22,4.690000057220459,4.75,4.5,4.699999809265137,7515005
2023-03-23,4.699999809265137,4.809999942779541,4.590000152587891,4.789999961853027,5010775
2023-03-26,4.789999961853027,4.960000038146973,4.800000190734863,4.940000057220459,3244256
2023-03-27,4.940000057220459,4.929999828338623,4.699999809265137,4.71999979019165,7593337
2023-03-28,4.71999979019165,4.769999980926514,4.610000133514404,4.690000057220459,2834828
2023-03-29,4.690000057220459,4.880000114440918,4.690000057220459,4.800000190734863,8842203
2023-03-30,4.800000190734863,4.889999866485596,4.699999809265137,4.71999979019165,3979189
2023-04-02,4.71999979019165,4.860000133514404,4.710000038146973,4.800000190734863,2127715
2023-04-03,4.800000190734863,5.340000152587891,4.840000152587891,5.25,18499314
2023-04-04,5.25,5.369999885559082,5.150000095367432,5.289999961853027,6149240
2023-04-05,5.289999961853027,5.480000019073486,5.320000171661377,5.449999809265137,12630382
2023-04-06,5.449999809265137,5.539999961853027,5.329999923706055,5.360000133514404,6524255
2023-04-09,5.360000133514404,5.400000095367432,5.159999847412109,5.199999809265137,4855041
2023-04-10,5.199999809265137,5.369999885559082,5.210000038146973,5.289999961853027,5792549
2023-04-11,5.289999961853027,5.409999847412109,5.309999942779541,5.360000133514404,3841868
2023-04-12,5.360000133514404,5.449999809265137,5.329999923706055,5.329999923706055,3670601
2023-04-13,5.329999923706055,5.409999847412109,5.309999942779541,5.349999904632568,3405208
2023-04-18,5.349999904632568,5.420000076293945,5.329999923706055,5.349999904632568,3019684
2023-04-19,5.349999904632568,5.679999828338623,5.409999847412109,5.610000133514404,16426361
2023-04-26,5.610000133514404,5.789999961853027,5.5,5.789999961853027,16620052
2023-04-27,5.789999961853027,6.0,5.880000114440918,5.980000019073486,14586199
2023-04-30,5.980000019073486,6.269999980926514,5.989999771118164,6.130000114440918,19032667
2023-05-01,6.130000114440918,6.130000114440918,6.130000114440918,6.130000114440918,0
2023-05-02,5.920000076293945,5.96999979019165,5.800000190734863,5.840000152587891,6108518
2023-05-03,5.840000152587891,5.960000038146973,5.75,5.809999942779541,4907041
2023-05-07,5.809999942779541,5.860000133514404,5.679999828338623,5.769999980926514,3868050
2023-05-08,5.769999980926514,5.949999809265137,5.800000190734863,5.949999809265137,4719452
2023-05-09,5.949999809265137,6.139999866485596,5.849999904632568,5.849999904632568,9512315
2023-05-10,5.849999904632568,6.0,5.699999809265137,5.989999771118164,8006955
2023-05-11,5.989999771118164,6.079999923706055,5.800000190734863,5.860000133514404,7202646
2023-05-14,5.860000133514404,5.920000076293945,5.820000171661377,5.889999866485596,2695688
2023-05-15,5.889999866485596,5.949999809265137,5.71999979019165,5.71999979019165,3629102
2023-05-16,5.71999979019165,5.739999771118164,5.480000019073486,5.559999942779541,12073358
2023-05-17,5.559999942779541,5.630000114440918,5.309999942779541,5.320000171661377,10004913
2023-05-18,5.320000171661377,5.409999847412109,5.25,5.380000114440918,3288269
2023-05-21,5.380000114440918,5.440000057220459,5.340000152587891,5.349999904632568,2428380
2023-05-22,5.349999904632568,5.53000020980835,5.349999904632568,5.360000133514404,5282386
2023-05-23,5.360000133514404,5.440000057220459,5.340000152587891,5.420000076293945,2416011
2023-05-24,5.420000076293945,5.570000171661377,5.449999809265137,5.5,3131014
2023-05-25,5.5,5.570000171661377,5.429999828338623,5.449999809265137,2176903
2023-05-28,5.449999809265137,5.699999809265137,5.460000038146973,5.610000133514404,12645384
2023-05-29,5.610000133514404,5.679999828338623,5.590000152587891,5.630000114440918,4275203
2023-05-30,5.630000114440918,5.78000020980835,5.610000133514404,5.699999809265137,6302068
2023-05-31,5.699999809265137,5.809999942779541,5.559999942779541,5.599999904632568,4646779
2023-06-01,5.599999904632568,5.650000095367432,5.559999942779541,5.590000152587891,1530012
2023-06-04,5.590000152587891,5.699999809265137,5.5,5.53000020980835,4218502
2023-06-05,5.53000020980835,5.570000171661377,5.409999847412109,5.409999847412109,2710178
2023-06-06,5.409999847412109,5.480000019073486,5.380000114440918,5.389999866485596,2111520
2023-06-07,5.389999866485596,5.510000228881836,5.309999942779541,5.320000171661377,2883617
2023-06-08,5.320000171661377,5.440000057220459,5.300000190734863,5.360000133514404,2026576
2023-06-11,5.360000133514404,5.650000095367432,5.429999828338623,5.610000133514404,7562177
2023-06-12,5.610000133514404,5.800000190734863,5.630000114440918,5.739999771118164,8858545
2023-06-13,5.739999771118164,6.239999771118164,5.71999979019165,6.110000133514404,31490815
2023-06-14,6.110000133514404,6.190000057220459,5.860000133514404,5.949999809265137,10975503
2023-06-15,5.949999809265137,6.119999885559082,5.880000114440918,5.96999979019165,6966824
2023-06-18,5.96999979019165,6.090000152587891,5.980000019073486,6.0,2803302
2023-06-19,6.0,6.269999980926514,5.980000019073486,6.070000171661377,13446029
2023-06-20,6.070000171661377,6.5,6.070000171661377,6.349999904632568,19092830
2023-06-21,6.349999904632568,6.550000190734863,6.349999904632568,6.409999847412109,7050191
2023-06-22,6.409999847412109,6.789999961853027,6.300000190734863,6.619999885559082,11874232
2023-06-25,6.619999885559082,6.699999809265137,6.369999885559082,6.369999885559082,3756253
2023-06-26,6.369999885559082,6.53000020980835,6.369999885559082,6.480000019073486,2035411
2023-07-04,6.480000019073486,6.650000095367432,6.329999923706055,6.360000133514404,4061057
2023-07-05,6.360000133514404,6.480000019073486,6.199999809265137,6.269999980926514,2842920
2023-07-06,6.269999980926514,6.53000020980835,6.269999980926514,6.340000152587891,2071685
2023-07-09,6.340000152587891,6.389999866485596,5.960000038146973,5.960000038146973,1341566
2023-07-10,5.960000038146973,6.159999847412109,5.900000095367432,6.150000095367432,1732710
2023-07-11,6.150000095367432,6.289999961853027,6.119999885559082,6.159999847412109,1878592
2023-07-12,6.159999847412109,6.25,6.099999904632568,6.119999885559082,802680
2023-07-13,6.119999885559082,6.409999847412109,6.150000095367432,6.320000171661377,2437843
2023-07-16,6.320000171661377,6.400000095367432,6.190000057220459,6.260000228881836,1230109
2023-07-17,6.260000228881836,6.489999771118164,6.210000038146973,6.429999828338623,2111706
2023-07-18,6.429999828338623,6.670000076293945,6.429999828338623,6.539999961853027,6421906
2023-07-19,6.539999961853027,6.539999961853027,6.539999961853027,6.539999961853027,0
2023-07-24,6.5,6.619999885559082,6.480000019073486,6.489999771118164,1841017
2023-07-25,6.489999771118164,6.550000190734863,6.420000076293945,6.429999828338623,1009066
2023-07-26,6.429999828338623,6.489999771118164,6.360000133514404,6.429999828338623,679438
2023-07-27,6.429999828338623,6.5,6.329999923706055,6.360000133514404,417417
2023-07-30,6.360000133514404,6.659999847412109,6.360000133514404,6.489999771118164,2537564
2023-07-31,6.489999771118164,6.699999809265137,6.480000019073486,6.699999809265137,2703604
2023-08-01,6.699999809265137,6.800000190734863,6.679999828338623,6.789999961853027,3283982
2023-08-02,6.789999961853027,6.800000190734863,6.300000190734863,6.389999866485596,4395603
2023-08-03,6.389999866485596,6.5,6.329999923706055,6.369999885559082,1900381
2023-08-06,6.369999885559082,6.619999885559082,6.400000095367432,6.599999904632568,1399898
2023-08-07,6.599999904632568,6.699999809265137,6.519999980926514,6.590000152587891,1941703
2023-08-08,6.590000152587891,6.840000152587891,6.570000171661377,6.75,8056449
2023-08-09,6.75,7.03000020980835,6.679999828338623,6.800000190734863,7030190
2023-08-10,6.800000190734863,6.860000133514404,6.670000076293945,6.71999979019165,1530559
2023-08-13,6.71999979019165,6.829999923706055,6.71999979019165,6.75,1056535
2023-08-14,6.75,6.849999904632568,6.510000228881836,6.599999904632568,866834
2023-08-15,6.599999904632568,6.699999809265137,6.46999979019165,6.5,1389356
2023-08-16,6.5,6.679999828338623,6.449999809265137,6.449999809265137,2087332
2023-08-17,6.449999809265137,6.53000020980835,6.349999904632568,6.409999847412109,1177805
2023-08-20,6.409999847412109,6.590000152587891,6.420000076293945,6.46999979019165,636001
2023-08-21,6.46999979019165,6.619999885559082,6.449999809265137,6.480000019073486,922213
2023-08-22,6.480000019073486,6.579999923706055,6.429999828338623,6.449999809265137,598087
2023-08-23,6.449999809265137,6.550000190734863,6.28000020980835,6.300000190734863,1100772
2023-08-24,6.300000190734863,6.449999809265137,6.25,6.409999847412109,1301850
2023-08-27,6.409999847412109,6.489999771118164,6.309999942779541,6.380000114440918,814499
2023-08-28,6.380000114440918,6.449999809265137,6.110000133514404,6.199999809265137,4056488
2023-08-29,6.199999809265137,6.539999961853027,6.21999979019165,6.429999828338623,6371985
2023-08-30,6.429999828338623,6.489999771118164,6.28000020980835,6.340000152587891,1769446
2023-08-31,6.340000152587891,6.340000152587891,6.340000152587891,6.340000152587891,0
2023-09-03,6.239999771118164,6.329999923706055,6.179999828338623,6.190000057220459,1515278
2023-09-04,6.190000057220459,6.25,6.0,6.070000171661377,3952080
2023-09-05,6.070000171661377,6.159999847412109,6.039999961853027,6.070000171661377,5007708
2023-09-06,6.070000171661377,6.179999828338623,6.059999942779541,6.099999904632568,1677200
2023-09-07,6.099999904632568,6.150000095367432,6.050000190734863,6.130000114440918,1192694
2023-09-10,6.130000114440918,6.130000114440918,6.130000114440918,6.130000114440918,0
2023-09-11,6.179999828338623,6.25,6.139999866485596,6.170000076293945,2138811
2023-09-12,6.170000076293945,6.199999809265137,6.090000152587891,6.099999904632568,635747
2023-09-13,6.099999904632568,6.21999979019165,6.099999904632568,6.199999809265137,1376517
2023-09-14,6.199999809265137,6.380000114440918,6.199999809265137,6.289999961853027,6053851
2023-09-17,6.289999961853027,6.400000095367432,6.21999979019165,6.269999980926514,3616457
2023-09-18,6.269999980926514,6.309999942779541,6.25,6.25,949602
2023-09-19,6.25,6.289999961853027,6.090000152587891,6.099999904632568,1805775
2023-09-20,6.099999904632568,6.099999904632568,6.099999904632568,6.099999904632568,0
2023-09-21,6.099999904632568,6.099999904632568,6.099999904632568,6.099999904632568,0
2023-09-24,6.099999904632568,6.099999904632568,6.099999904632568,6.099999904632568,0
2023-09-25,5.610000133514404,5.769999980926514,5.610000133514404,5.670000076293945,4722213
2023-09-26,5.670000076293945,5.800000190734863,5.639999866485596,5.650000095367432,1765222
2023-09-27,5.650000095367432,5.650000095367432,5.650000095367432,5.650000095367432,0
2023-10-01,5.650000095367432,5.650000095367432,5.650000095367432,5.650000095367432,0
2023-10-02,5.449999809265137,5.730000019073486,5.380000114440918,5.550000190734863,4495800
2023-10-03,5.550000190734863,5.739999771118164,5.550000190734863,5.590000152587891,2347213
2023-10-04,5.590000152587891,5.650000095367432,5.53000020980835,5.579999923706055,1365607
2023-10-08,5.579999923706055,5.630000114440918,4.599999904632568,5.400000095367432,2281679
2023-10-09,5.400000095367432,5.449999809265137,5.230000019073486,5.329999923706055,1081798
2023-10-10,5.329999923706055,5.570000171661377,5.340000152587891,5.53000020980835,1335578
2023-10-11,5.53000020980835,5.619999885559082,5.420000076293945,5.480000019073486,991041
2023-10-12,5.480000019073486,5.550000190734863,5.360000133514404,5.369999885559082,4378003
2023-10-15,5.369999885559082,5.460000038146973,5.300000190734863,5.309999942779541,3147678
2023-10-16,5.309999942779541,5.510000228881836,5.329999923706055,5.46999979019165,2009592
2023-10-17,5.46999979019165,5.699999809265137,5.369999885559082,5.639999866485596,7395132
2023-10-18,5.639999866485596,5.75,5.559999942779541,5.559999942779541,4196696
2023-10-19,5.559999942779541,5.559999942779541,5.559999942779541,5.559999942779541,0
2023-10-22,5.559999942779541,5.650000095367432,5.489999771118164,5.630000114440918,2021320
2023-10-23,5.630000114440918,5.880000114440918,5.670000076293945,5.880000114440918,7347058
2023-10-24,5.880000114440918,6.059999942779541,5.71999979019165,5.829999923706055,10138610
2023-10-25,5.829999923706055,6.050000190734863,5.820000171661377,5.960000038146973,6351985
2023-10-26,5.960000038146973,6.090000152587891,5.889999866485596,5.980000019073486,4156727
2023-10-29,5.980000019073486,6.610000133514404,5.929999828338623,6.440000057220459,17261871
2023-10-30,6.440000057220459,6.550000190734863,6.190000057220459,6.230000019073486,6609753
2023-10-31,6.230000019073486,6.25,5.909999847412109,5.909999847412109,4177541
2023-11-01,5.909999847412109,6.079999923706055,5.800000190734863,5.900000095367432,4961782
2023-11-02,5.900000095367432,6.159999847412109,5.929999828338623,6.039999961853027,2732037
2023-11-05,6.039999961853027,6.269999980926514,6.079999923706055,6.139999866485596,2373857
2023-11-06,6.139999866485596,6.329999923706055,6.079999923706055,6.230000019073486,4933658
2023-11-07,6.230000019073486,6.429999828338623,6.230000019073486,6.289999961853027,7945993
2023-11-08,6.289999961853027,6.389999866485596,6.130000114440918,6.130000114440918,3834583
2023-11-09,6.130000114440918,6.400000095367432,6.099999904632568,6.260000228881836,8349212
2023-11-12,6.260000228881836,6.420000076293945,6.110000133514404,6.199999809265137,3522496
2023-11-13,6.199999809265137,6.300000190734863,6.130000114440918,6.139999866485596,3733687
2023-11-14,6.139999866485596,6.269999980926514,6.099999904632568,6.179999828338623,2558518
2023-11-15,6.179999828338623,6.53000020980835,6.199999809265137,6.420000076293945,17758269
2023-11-16,6.420000076293945,6.670000076293945,6.480000019073486,6.659999847412109,9108243
2023-11-19,6.659999847412109,6.699999809265137,6.53000020980835,6.550000190734863,5672071
2023-11-20,6.550000190734863,6.710000038146973,6.369999885559082,6.380000114440918,5379895
2023-11-21,6.380000114440918,6.71999979019165,6.349999904632568,6.659999847412109,9205744
2023-11-22,6.659999847412109,6.760000228881836,6.550000190734863,6.650000095367432,3979583
2023-11-23,6.650000095367432,6.789999961853027,6.619999885559082,6.690000057220459,6459346
2023-11-26,6.690000057220459,6.869999885559082,6.699999809265137,6.800000190734863,7089651
2023-11-27,6.800000190734863,7.739999771118164,6.789999961853027,7.449999809265137,28244535
2023-11-28,7.449999809265137,7.619999885559082,7.199999809265137,7.199999809265137,8007233
2023-11-29,7.199999809265137,7.920000076293945,7.170000076293945,7.78000020980835,14754377
2023-11-30,7.78000020980835,8.100000381469727,7.630000114440918,7.949999809265137,12774446
2023-12-03,7.949999809265137,8.880000114440918,8.069999694824219,8.529999732971191,13066896
2023-12-04,8.529999732971191,9.220000267028809,8.329999923706055,8.989999771118164,7235653
2023-12-05,8.989999771118164,9.039999961853027,8.420000076293945,8.649999618530273,5198663
2023-12-06,8.649999618530273,9.239999771118164,8.550000190734863,8.699999809265137,5735943
2023-12-07,8.699999809265137,8.699999809265137,8.199999809265137,8.579999923706055,3189887
2023-12-10,8.579999923706055,9.09000015258789,8.420000076293945,8.600000381469727,3506689
2023-12-11,8.600000381469727,8.890000343322754,8.399999618530273,8.6899995803833,2588354
2023-12-12,8.6899995803833,8.890000343322754,8.510000228881836,8.579999923706055,868214
2023-12-13,8.579999923706055,8.890000343322754,8.649999618530273,8.8100004196167,922105
2023-12-14,8.8100004196167,9.229999542236328,8.779999732971191,8.90999984741211,4223745
2023-12-17,8.90999984741211,9.399999618530273,8.970000267028809,9.239999771118164,4002343
2023-12-18,9.239999771118164,9.890000343322754,9.300000190734863,9.600000381469727,6807417
2023-12-19,9.600000381469727,9.770000457763672,9.170000076293945,9.279999732971191,2709705
2023-12-20,9.279999732971191,9.539999961853027,9.029999732971191,9.210000038146973,6068542
2023-12-21,9.210000038146973,9.4399995803833,8.699999809265137,8.770000457763672,5662221
2023-12-24,8.770000457763672,8.770000457763672,8.770000457763672,8.770000457763672,0
2023-12-25,8.260000228881836,8.550000190734863,8.050000190734863,8.229999542236328,3975468
2023-12-26,8.229999542236328,8.390000343322754,7.849999904632568,7.940000057220459,2790584
2023-12-27,7.940000057220459,8.399999618530273,7.880000114440918,8.229999542236328,3780038
2023-12-28,8.229999542236328,8.470000267028809,8.050000190734863,8.119999885559082,2608709
2023-12-31,8.119999885559082,8.239999771118164,7.900000095367432,7.900000095367432,2681480
2024-01-02,7.900000095367432,8.4399995803833,7.920000076293945,8.390000343322754,2221610
2024-01-03,8.390000343322754,9.029999732971191,8.449999809265137,8.789999961853027,7606690
2024-01-04,8.789999961853027,9.149999618530273,8.819999694824219,9.0,2801002
2024-01-08,9.0,9.09000015258789,8.899999618530273,8.989999771118164,1354362
2024-01-09,8.989999771118164,9.199999809265137,8.949999809265137,8.979999542236328,2617646
2024-01-10,8.979999542236328,9.149999618530273,8.9399995803833,8.949999809265137,701942
2024-01-11,8.949999809265137,9.1899995803833,8.899999618530273,9.029999732971191,1622504
2024-01-14,9.029999732971191,9.319999694824219,9.0,9.09000015258789,1455235
2024-01-15,9.09000015258789,9.449999809265137,9.100000381469727,9.100000381469727,5812748
2024-01-16,9.100000381469727,9.4399995803833,9.199999809265137,9.350000381469727,2648044
2024-01-17,9.350000381469727,9.630000114440918,9.300000190734863,9.430000305175781,2391572
2024-01-18,9.430000305175781,9.520000457763672,9.25,9.300000190734863,1095210
2024-01-21,9.300000190734863,9.649999618530273,9.329999923706055,9.649999618530273,1567666
2024-01-22,9.649999618530273,9.729999542236328,9.380000114440918,9.5,1432572
2024-01-23,9.5,9.529999732971191,9.010000228881836,9.020000457763672,3412434
2024-01-24,9.020000457763672,9.140000343322754,8.800000190734863,8.850000381469727,2228904
2024-01-28,8.850000381469727,9.0,8.569999694824219,8.579999923706055,6910478
2024-01-29,8.579999923706055,9.010000228881836,8.609999656677246,8.930000305175781,5519888
2024-01-30,8.930000305175781,9.0,8.680000305175781,8.770000457763672,4954882
2024-01-31,8.770000457763672,8.850000381469727,7.050000190734863,8.029999732971191,3250298
2024-02-01,8.029999732971191,8.289999961853027,7.300000190734863,8.180000305175781,3695292
2024-02-04,8.180000305175781,8.199999809265137,7.800000190734863,8.0,2287181
2024-02-05,8.0,8.710000038146973,8.029999732971191,8.460000038146973,3133667
2024-02-06,8.460000038146973,8.59000015258789,8.300000190734863,8.319999694824219,1208544
2024-02-07,8.319999694824219,8.460000038146973,7.599999904632568,7.800000190734863,11582356
2024-02-08,7.800000190734863,7.960000038146973,7.730000019073486,7.929999828338623,3399518
2024-02-11,7.929999828338623,8.039999961853027,7.659999847412109,7.75,4958877
2024-02-12,7.75,7.840000152587891,7.46999979019165,7.75,4030378
2024-02-13,7.75,8.529999732971191,7.650000095367432,8.300000190734863,13178597
2024-02-14,8.300000190734863,8.460000038146973,8.180000305175781,8.279999732971191,2795730
2024-02-15,8.279999732971191,8.449999809265137,8.1899995803833,8.289999961853027,3173864
2024-02-18,8.289999961853027,8.289999961853027,8.289999961853027,8.289999961853027,0
2024-02-19,8.5,9.079999923706055,8.510000228881836,8.960000038146973,8617695
2024-02-20,8.960000038146973,9.050000190734863,8.630000114440918,8.680000305175781,8225612
2024-02-21,8.680000305175781,8.739999771118164,8.479999542236328,8.600000381469727,3670744
2024-02-22,8.600000381469727,8.739999771118164,8.5,8.550000190734863,1458162
2024-02-25,8.550000190734863,8.989999771118164,7.909999847412109,8.800000190734863,8695197
2024-02-26,8.800000190734863,10.489999771118164,8.699999809265137,10.25,27078747
2024-02-27,10.25,11.989999771118164,10.210000038146973,10.350000381469727,17552148
2024-02-28,10.350000381469727,10.680000305175781,9.9399995803833,10.029999732971191,3062735
2024-02-29,10.029999732971191,10.5,9.520000457763672,9.890000343322754,1548197
2024-03-03,9.890000343322754,10.649999618530273,9.800000190734863,9.84000015258789,2288743
2024-03-04,9.84000015258789,11.550000190734863,9.90999984741211,11.510000228881836,4443375
2024-03-05,11.510000228881836,12.699999809265137,10.989999771118164,11.319999694824219,6812086
2024-03-06,11.319999694824219,12.470000267028809,10.029999732971191,11.399999618530273,7551063
2024-03-07,11.399999618530273,12.0,11.100000381469727,11.5,3891784
2024-03-10,11.5,12.0,11.100000381469727,11.119999885559082,3028640
2024-03-11,11.119999885559082,11.899999618530273,11.119999885559082,11.420000076293945,3145674
2024-03-12,11.420000076293945,12.449999809265137,11.100000381469727,11.199999809265137,5747337
2024-03-13,11.199999809265137,11.579999923706055,11.0,11.5,7891141
2024-03-14,11.5,13.350000381469727,11.300000190734863,12.649999618530273,10537263
2024-03-17,12.649999618530273,14.140000343322754,12.75,12.800000190734863,9409805
2024-03-18,12.800000190734863,13.0,11.899999618530273,12.0,9063903
2024-03-19,12.0,12.390000343322754,11.5,11.880000114440918,7205981
2024-03-20,11.880000114440918,12.5,11.8100004196167,12.100000381469727,11310194
2024-03-21,12.100000381469727,13.199999809265137,12.100000381469727,13.100000381469727,8114616
2024-03-24,13.100000381469727,14.239999771118164,12.850000381469727,13.0,5187914
2024-03-25,13.0,13.25,12.5600004196167,13.0,1731902
2024-03-26,13.0,13.100000381469727,12.350000381469727,12.880000114440918,3151405
2024-03-27,12.880000114440918,12.800000190734863,12.199999809265137,12.199999809265137,1396458
2024-03-28,12.199999809265137,12.65999984741211,11.829999923706055,12.319999694824219,4953039
2024-03-31,12.319999694824219,12.399999618530273,11.0,11.5,4396899
2024-04-01,11.5,12.25,11.40999984741211,12.069999694824219,2750613
2024-04-02,12.069999694824219,12.449999809265137,11.199999809265137,11.300000190734863,5247555
2024-04-03,11.300000190734863,11.329999923706055,10.829999923706055,11.100000381469727,3200374
2024-04-04,11.100000381469727,11.9399995803833,11.0600004196167,11.899999618530273,2203499
2024-04-07,11.899999618530273,12.09000015258789,11.600000381469727,11.630000114440918,635749
2024-04-08,11.630000114440918,11.90999984741211,11.510000228881836,11.600000381469727,126842
2024-04-15,11.600000381469727,12.199999809265137,11.649999618530273,12.050000190734863,711752
2024-04-16,12.050000190734863,12.199999809265137,11.699999809265137,11.75,529734
2024-04-17,11.75,12.0,11.680000305175781,11.699999809265137,560227
2024-04-18,11.699999809265137,11.850000381469727,10.600000381469727,10.970000267028809,1251470
2024-04-21,10.970000267028809,11.479999542236328,10.8100004196167,11.0,765513
2024-04-22,11.0,11.289999961853027,10.619999885559082,10.710000038146973,704533
2024-04-23,10.710000038146973,10.829999923706055,10.0,10.15999984741211,958822
2024-04-24,10.15999984741211,10.270000457763672,9.609999656677246,9.800000190734863,1266022
2024-04-28,9.800000190734863,9.800000190734863,9.800000190734863,9.800000190734863,0
2024-04-29,9.300000190734863,10.3100004196167,9.109999656677246,10.3100004196167,847695
2024-04-30,10.3100004196167,10.5,9.5,10.029999732971191,1065824
2024-05-02,10.460000038146973,10.84000015258789,10.25,10.699999809265137,1279286
2024-05-07,10.699999809265137,10.800000190734863,10.369999885559082,10.619999885559082,1233779
2024-05-08,10.619999885559082,10.800000190734863,10.149999618530273,10.199999809265137,577820
2024-05-09,10.199999809265137,10.34000015258789,9.800000190734863,10.010000228881836,2489206
2024-05-12,10.010000228881836,10.1899995803833,9.90999984741211,10.0,458136
2024-05-13,10.0,9.989999771118164,9.600000381469727,9.779999732971191,769456
2024-05-14,9.779999732971191,10.010000228881836,9.600000381469727,9.949999809265137,1355014
2024-05-15,9.949999809265137,10.4399995803833,9.8100004196167,10.109999656677246,470482
2024-05-16,10.109999656677246,10.399999618530273,10.130000114440918,10.350000381469727,425062
2024-05-19,10.350000381469727,10.350000381469727,10.350000381469727,10.350000381469727,0
2024-05-20,11.949999809265137,12.40999984741211,11.600000381469727,12.020000457763672,1489499
2024-05-21,12.020000457763672,12.380000114440918,11.399999618530273,11.4399995803833,679001
2024-05-22,11.4399995803833,11.630000114440918,10.90999984741211,11.210000038146973,591421
2024-05-23,11.210000038146973,11.5600004196167,11.199999809265137,11.359999656677246,260834
2024-05-26,11.359999656677246,11.359999656677246,11.359999656677246,11.359999656677246,0
2024-05-27,11.34000015258789,11.600000381469727,11.109999656677246,11.180000305175781,170030
2024-05-28,11.180000305175781,11.329999923706055,10.850000381469727,11.220000267028809,211215
2024-05-29,11.220000267028809,12.15999984741211,11.380000114440918,11.609999656677246,2192543
2024-05-30,11.609999656677246,11.640000343322754,11.130000114440918,11.270000457763672,274486
2024-06-02,11.270000457763672,11.489999771118164,10.5600004196167,10.850000381469727,577238
2024-06-03,10.850000381469727,11.300000190734863,10.850000381469727,11.180000305175781,290777
2024-06-04,11.180000305175781,11.329999923706055,11.149999618530273,11.25,195528
2024-06-05,11.25,11.34000015258789,10.859999656677246,11.0600004196167,298497
2024-06-06,11.0600004196167,11.180000305175781,10.899999618530273,10.930000305175781,194299
2024-06-09,10.930000305175781,10.90999984741211,10.09000015258789,10.100000381469727,480535
2024-06-10,10.100000381469727,10.800000190734863,9.90999984741211,10.489999771118164,513018
2024-06-11,10.489999771118164,11.470000267028809,10.520000457763672,11.40999984741211,1662632
2024-06-12,11.40999984741211,11.489999771118164,11.100000381469727,11.350000381469727,83428
2024-06-13,11.350000381469727,11.779999732971191,11.199999809265137,11.720000267028809,251811
2024-06-23,11.720000267028809,12.0,11.600000381469727,12.0,288554
2024-06-24,12.0,12.979999542236328,12.100000381469727,12.779999732971191,1728336
2024-06-25,12.779999732971191,15.329999923706055,12.699999809265137,14.800000190734863,3363842
2024-06-26,14.800000190734863,15.199999809265137,14.100000381469727,14.5,3549256
2024-06-27,14.5,14.699999809265137,14.119999885559082,14.210000038146973,932157
2024-07-02,15.619999885559082,15.850000381469727,15.0,15.430000305175781,2391012
2024-07-03,15.430000305175781,16.200000762939453,14.819999694824219,14.90999984741211,4173309
2024-07-04,14.90999984741211,15.170000076293945,14.0,14.5,1758038
2024-07-07,14.5,14.850000381469727,14.140000343322754,14.300000190734863,1576371
2024-07-08,14.300000190734863,14.729999542236328,13.90999984741211,13.949999809265137,2147082
2024-07-09,13.949999809265137,15.029999732971191,13.550000190734863,14.65999984741211,6771364
2024-07-10,14.65999984741211,14.899999618530273,14.010000228881836,14.069999694824219,4063031
2024-07-14,14.069999694824219,14.180000305175781,13.449999809265137,13.5,2348991
2024-07-15,13.5,13.710000038146973,13.260000228881836,13.300000190734863,981700
2024-07-16,13.300000190734863,13.869999885559082,13.260000228881836,13.260000228881836,2098293
2024-07-17,13.260000228881836,14.050000190734863,13.369999885559082,14.010000228881836,2906431
2024-07-18,14.010000228881836,14.850000381469727,14.369999885559082,14.739999771118164,7395819
2024-07-21,14.739999771118164,14.890000343322754,14.359999656677246,14.529999732971191,4182540
2024-07-22,14.529999732971191,14.760000228881836,13.920000076293945,13.930000305175781,2599124
2024-07-23,13.930000305175781,14.479999542236328,13.859999656677246,14.050000190734863,4612647
2024-07-24,14.050000190734863,14.300000190734863,13.470000267028809,13.630000114440918,2885862
2024-07-28,13.630000114440918,14.199999809265137,13.649999618530273,13.75,2196669
2024-07-29,13.75,14.069999694824219,13.600000381469727,13.65999984741211,1156167
2024-07-30,13.65999984741211,13.899999618530273,13.579999923706055,13.699999809265137,2774686
2024-07-31,13.699999809265137,14.09000015258789,13.699999809265137,13.9399995803833,2764510
2024-08-01,13.9399995803833,14.25,13.8100004196167,13.9399995803833,4951669
2024-08-04,13.9399995803833,13.789999961853027,13.260000228881836,13.420000076293945,2000864
2024-08-05,13.420000076293945,13.300000190734863,11.600000381469727,13.050000190734863,2265722
2024-08-06,13.050000190734863,13.520000457763672,13.0600004196167,13.399999618530273,600579
2024-08-07,13.399999618530273,13.640000343322754,13.199999809265137,13.420000076293945,1984614
2024-08-08,13.420000076293945,14.0600004196167,13.100000381469727,13.609999656677246,6783338
2024-08-11,13.609999656677246,14.479999542236328,13.8100004196167,14.15999984741211,6599318
2024-08-12,14.15999984741211,14.4399995803833,13.850000381469727,13.949999809265137,2971927
2024-08-13,13.949999809265137,14.039999961853027,13.619999885559082,13.640000343322754,1471701
2024-08-14,13.640000343322754,13.9399995803833,13.460000038146973,13.619999885559082,1324958
2024-08-15,13.619999885559082,13.75,13.369999885559082,13.5,1342703
2024-08-18,13.5,13.800000190734863,13.510000228881836,13.510000228881836,1763495
2024-08-19,13.510000228881836,13.739999771118164,13.529999732971191,13.65999984741211,866063
2024-08-20,13.65999984741211,14.15999984741211,13.649999618530273,14.15999984741211,3092210
2024-08-21,14.15999984741211,14.800000190734863,14.050000190734863,14.6899995803833,11160021
2024-08-22,14.6899995803833,14.880000114440918,14.510000228881836,14.619999885559082,3650652
2024-08-25,14.619999885559082,14.789999961853027,14.199999809265137,14.199999809265137,1320791
2024-08-26,14.199999809265137,14.399999618530273,13.739999771118164,13.949999809265137,2251334
2024-08-27,13.949999809265137,14.6899995803833,13.8100004196167,14.680000305175781,3423255
2024-08-28,14.680000305175781,15.300000190734863,14.600000381469727,14.989999771118164,6229562
2024-08-29,14.989999771118164,15.15999984741211,14.710000038146973,14.75,3653004
2024-09-01,14.75,15.09000015258789,14.720000267028809,14.75,1446370
2024-09-02,14.75,15.300000190734863,14.760000228881836,14.90999984741211,4107452
2024-09-03,14.90999984741211,15.239999771118164,14.90999984741211,15.069999694824219,1068146
2024-09-04,15.069999694824219,15.09000015258789,14.710000038146973,14.899999618530273,1236913
2024-09-05,14.899999618530273,15.0,14.40999984741211,14.619999885559082,1251941
2024-09-08,14.619999885559082,14.699999809265137,13.899999618530273,13.970000267028809,2333180
2024-09-09,13.970000267028809,14.470000267028809,13.979999542236328,14.199999809265137,1001735
2024-09-10,14.199999809265137,14.34000015258789,13.970000267028809,14.109999656677246,816278
2024-09-11,14.109999656677246,14.25,13.880000114440918,13.899999618530273,1417421
2024-09-12,13.899999618530273,14.149999618530273,13.880000114440918,13.899999618530273,889644
2024-09-16,13.899999618530273,14.100000381469727,13.8100004196167,13.8100004196167,219900
2024-09-17,13.8100004196167,13.989999771118164,13.430000305175781,13.430000305175781,300246
2024-09-18,13.430000305175781,13.800000190734863,13.449999809265137,13.699999809265137,185782
2024-09-19,13.699999809265137,14.479999542236328,14.0,14.470000267028809,2232017
2024-09-22,14.470000267028809,14.600000381469727,14.369999885559082,14.520000457763672,689169
2024-09-23,14.520000457763672,14.649999618530273,13.90999984741211,14.039999961853027,2238912
2024-09-24,14.039999961853027,14.039999961853027,14.039999961853027,14.039999961853027,0
2024-09-25,14.300000190734863,14.970000267028809,14.3100004196167,14.800000190734863,4920671
2024-09-26,14.800000190734863,15.100000381469727,14.720000267028809,14.720000267028809,2400884
2024-09-29,14.720000267028809,15.199999809265137,14.710000038146973,14.949999809265137,2774146
2024-09-30,14.949999809265137,15.100000381469727,14.699999809265137,14.75,1230850
2024-10-01,14.75,15.550000190734863,14.800000190734863,15.260000228881836,3877799
2024-10-02,15.260000228881836,15.270000457763672,14.4399995803833,14.5600004196167,1242072
2024-10-03,14.5600004196167,15.050000190734863,14.630000114440918,14.970000267028809,885334
2024-10-07,14.970000267028809,15.25,14.5,14.899999618530273,1348744
2024-10-08,14.899999618530273,14.949999809265137,14.0,14.0600004196167,1031899
2024-10-09,14.0600004196167,14.800000190734863,14.100000381469727,14.489999771118164,622869
2024-10-10,14.489999771118164,14.800000190734863,14.300000190734863,14.300000190734863,987321
2024-10-13,14.300000190734863,14.510000228881836,13.9399995803833,14.010000228881836,1029197
2024-10-14,14.010000228881836,14.5,13.449999809265137,14.09000015258789,4116520
2024-10-15,14.09000015258789,14.510000228881836,14.09000015258789,14.149999618530273,896534
2024-10-16,14.149999618530273,15.5,14.199999809265137,14.609999656677246,3962890
2024-10-17,14.609999656677246,14.869999885559082,14.550000190734863,14.579999923706055,915710
2024-10-20,14.579999923706055,14.6899995803833,14.15999984741211,14.180000305175781,495145
2024-10-21,14.180000305175781,14.600000381469727,13.850000381469727,14.5,1877749
2024-10-22,14.5,15.220000267028809,14.579999923706055,14.680000305175781,8645778
2024-10-23,14.680000305175781,15.579999923706055,14.699999809265137,15.289999961853027,19624846
2024-10-24,15.289999961853027,15.819999694824219,15.020000457763672,15.020000457763672,10619633
2024-10-27,15.020000457763672,15.300000190734863,14.899999618530273,15.039999961853027,5415110
2024-10-28,15.039999961853027,15.229999542236328,14.800000190734863,14.899999618530273,3702923
2024-10-29,14.899999618530273,15.050000190734863,14.350000381469727,14.449999809265137,3675672
2024-10-30,14.449999809265137,14.649999618530273,14.010000228881836,14.220000267028809,3905471
2024-10-31,14.220000267028809,14.5,14.229999542236328,14.350000381469727,3064950
2024-11-03,14.350000381469727,14.850000381469727,14.350000381469727,14.40999984741211,7052834
2024-11-04,14.40999984741211,14.59000015258789,14.210000038146973,14.279999732971191,3940980
2024-11-05,14.279999732971191,14.479999542236328,14.100000381469727,14.140000343322754,2291217
2024-11-06,14.140000343322754,14.899999618530273,14.25,14.649999618530273,7591715
2024-11-07,14.649999618530273,14.979999542236328,14.670000076293945,14.970000267028809,6034424
2024-11-10,14.970000267028809,15.039999961853027,14.739999771118164,14.75,1273195
2024-11-11,14.75,14.869999885559082,14.699999809265137,14.779999732971191,1237235
2024-11-12,14.779999732971191,14.84000015258789,14.550000190734863,14.619999885559082,1247005
2024-11-13,14.619999885559082,14.699999809265137,14.329999923706055,14.350000381469727,1711986
2024-11-14,14.350000381469727,14.479999542236328,14.300000190734863,14.369999885559082,1260246
2024-11-17,14.369999885559082,14.739999771118164,14.420000076293945,14.630000114440918,1561112
2024-11-18,14.630000114440918,14.800000190734863,14.289999961853027,14.289999961853027,1010109
2024-11-19,14.289999961853027,14.399999618530273,14.199999809265137,14.25,878247
2024-11-20,14.25,14.390000343322754,14.130000114440918,14.149999618530273,574042
2024-11-21,14.149999618530273,14.5,14.15999984741211,14.350000381469727,1170311
2024-11-24,14.350000381469727,14.489999771118164,14.15999984741211,14.3100004196167,420282
2024-11-25,14.3100004196167,14.300000190734863,14.100000381469727,14.15999984741211,804352
2024-11-26,14.15999984741211,14.319999694824219,14.140000343322754,14.170000076293945,765758
2024-11-27,14.170000076293945,14.399999618530273,14.0,14.199999809265137,1457731
2024-11-28,14.199999809265137,14.319999694824219,13.979999542236328,14.220000267028809,529002
2024-12-01,14.220000267028809,14.630000114440918,14.220000267028809,14.600000381469727,1180780
2024-12-02,14.600000381469727,14.75,14.449999809265137,14.5,3319145
2024-12-03,14.5,14.649999618530273,14.359999656677246,14.380000114440918,652638
2024-12-04,14.380000114440918,14.600000381469727,14.300000190734863,14.359999656677246,708027
2024-12-05,14.359999656677246,14.699999809265137,14.300000190734863,14.600000381469727,2326860
2024-12-08,14.600000381469727,15.100000381469727,14.649999618530273,14.899999618530273,5066301
2024-12-09,14.899999618530273,15.449999809265137,14.949999809265137,15.149999618530273,5212561
2024-12-10,15.149999618530273,15.180000305175781,14.930000305175781,15.010000228881836,1957006
2024-12-11,15.010000228881836,15.279999732971191,14.5,14.5,2043339
2024-12-12,14.5,15.1899995803833,14.529999732971191,15.140000343322754,3418680
2024-12-15,15.140000343322754,15.329999923706055,14.949999809265137,15.220000267028809,2226314
2024-12-16,15.220000267028809,15.949999809265137,15.15999984741211,15.890000343322754,7302282
2024-12-17,15.890000343322754,17.489999771118164,15.90999984741211,17.489999771118164,13667528
2024-12-18,17.489999771118164,17.479999542236328,16.510000228881836,16.65999984741211,5356319
2024-12-19,16.65999984741211,16.84000015258789,16.200000762939453,16.700000762939453,3010212
2024-12-22,16.700000762939453,16.940000534057617,16.299999237060547,16.31999969482422,1951788
2024-12-23,16.31999969482422,16.579999923706055,15.850000381469727,16.299999237060547,3674835
2024-12-24,16.299999237060547,16.649999618530273,16.020000457763672,16.34000015258789,1771980
2024-12-25,16.34000015258789,16.469999313354492,15.300000190734863,15.75,1080111
2024-12-26,15.75,16.149999618530273,15.5600004196167,16.0,2846913
2024-12-29,16.0,16.75,16.0,16.649999618530273,1643739
2024-12-30,16.649999618530273,17.190000534057617,16.360000610351562,16.920000076293945,1797163
2024-12-31,16.920000076293945,17.200000762939453,16.729999542236328,17.1299991607666,784599
2025-01-02,17.1299991607666,18.059999465942383,17.200000762939453,17.799999237060547,2623991
2025-01-05,17.799999237060547,18.049999237060547,17.600000381469727,17.690000534057617,1406201
2025-01-06,17.690000534057617,17.959999084472656,17.31999969482422,17.40999984741211,741217
2025-01-08,17.40999984741211,17.600000381469727,17.200000762939453,17.299999237060547,598576
2025-01-09,17.299999237060547,17.729999542236328,16.809999465942383,16.860000610351562,3182940
2025-01-12,16.860000610351562,17.049999237060547,16.649999618530273,17.049999237060547,923130
2025-01-13,17.049999237060547,17.450000762939453,16.450000762939453,16.5,3381421
2025-01-14,16.5,16.780000686645508,16.0,16.299999237060547,816422
2025-01-15,16.299999237060547,16.700000762939453,16.0,16.260000228881836,1268679
2025-01-16,16.260000228881836,16.59000015258789,16.1200008392334,16.489999771118164,830800
2025-01-19,16.260000228881836,16.899999618530273,16.1200008392334,16.610000610351562,1125238
2025-01-20,16.709999084472656,16.950000762939453,16.5,16.510000228881836,629662
2025-01-21,16.510000228881836,16.790000915527344,16.5,16.520000457763672,526237
2025-01-22,16.520000457763672,16.799999237060547,16.31999969482422,16.40999984741211,686113
2025-01-23,16.40999984741211,16.5,16.360000610351562,16.40999984741211,471603
2025-01-26,16.40999984741211,16.799999237060547,16.40999984741211,16.790000915527344,571123
2025-01-27,16.790000915527344,17.100000381469727,16.350000381469727,16.350000381469727,1675571
2025-01-28,16.350000381469727,16.649999618530273,16.3700008392334,16.5,295483
2025-01-29,16.5,16.989999771118164,16.43000030517578,16.940000534057617,676624
2025-01-30,16.940000534057617,17.110000610351562,16.649999618530273,16.75,784603
2025-02-02,16.75,17.049999237060547,16.510000228881836,16.610000610351562,1846704
2025-02-03,16.610000610351562,16.790000915527344,16.510000228881836,16.520000457763672,418726
2025-02-04,16.520000457763672,16.739999771118164,16.020000457763672,16.260000228881836,851267
2025-02-05,16.260000228881836,16.450000762939453,16.059999465942383,16.149999618530273,423417
2025-02-06,16.149999618530273,16.329999923706055,16.1299991607666,16.25,211098
2025-02-09,16.25,16.450000762939453,16.100000381469727,16.200000762939453,3382123
2025-02-10,16.200000762939453,16.389999389648438,15.899999618530273,16.18000030517578,720451
2025-02-11,16.18000030517578,16.25,15.5,15.619999885559082,1005669
2025-02-12,15.619999885559082,16.18000030517578,14.890000343322754,16.15999984741211,1672113
2025-02-13,16.15999984741211,16.209999084472656,15.699999809265137,15.989999771118164,819112
2025-02-16,15.989999771118164,16.18000030517578,15.699999809265137,16.0,439558
2025-02-17,16.0,16.84000015258789,16.0,16.81999969482422,2605252
2025-02-18,16.81999969482422,16.81999969482422,16.34000015258789,16.600000381469727,713055
2025-02-19,16.600000381469727,17.0,16.459999084472656,16.700000762939453,885000
2025-02-20,16.700000762939453,17.0,16.700000762939453,16.709999084472656,688461
2025-02-23,16.709999084472656,17.399999618530273,16.530000686645508,17.3700008392334,1492055
2025-02-24,17.3700008392334,17.600000381469727,17.1299991607666,17.290000915527344,1125834
2025-02-25,17.290000915527344,17.399999618530273,17.020000457763672,17.200000762939453,777828
2025-02-26,17.200000762939453,17.34000015258789,16.860000610351562,16.8799991607666,715566
2025-02-27,16.8799991607666,17.299999237060547,16.799999237060547,16.950000762939453,594520
2025-03-02,16.950000762939453,17.299999237060547,16.979999542236328,17.190000534057617,907599
2025-03-03,17.190000534057617,17.56999969482422,17.170000076293945,17.510000228881836,532364
2025-03-04,17.510000228881836,17.790000915527344,17.15999984741211,17.25,575446
2025-03-05,17.25,17.469999313354492,16.799999237060547,17.0,388503
2025-03-06,17.0,17.200000762939453,17.0,17.110000610351562,189333
2025-03-09,17.110000610351562,17.350000381469727,17.0,17.030000686645508,376761
2025-03-10,17.030000686645508,17.100000381469727,16.8799991607666,17.010000228881836,341241
2025-03-11,17.010000228881836,17.09000015258789,16.799999237060547,17.0,473589
2025-03-12,17.0,19.190000534057617,17.0,18.5,3965569
2025-03-13,18.5,19.190000534057617,18.25,18.5,1214271
2025-03-16,18.5,18.950000762939453,18.40999984741211,18.469999313354492,63859
2025-03-17,18.469999313354492,18.799999237060547,18.100000381469727,18.399999618530273,239822
2025-03-18,18.399999618530273,18.649999618530273,17.75,18.360000610351562,1197048
2025-03-19,18.360000610351562,18.5,17.979999542236328,18.030000686645508,1130545
2025-03-20,18.030000686645508,19.5,17.979999542236328,19.5,1034864
2025-03-23,19.5,19.739999771118164,18.600000381469727,18.700000762939453,540002
2025-03-24,18.700000762939453,18.899999618530273,18.110000610351562,18.6299991607666,565098
2025-03-25,18.6299991607666,18.8799991607666,18.260000228881836,18.780000686645508,866895
2025-03-26,18.780000686645508,21.200000762939453,18.510000228881836,19.5,5773055
2025-03-27,19.5,20.389999389648438,19.5,20.25,2789408
2025-04-03,20.25,21.75,20.25,21.6200008392334,1288726
2025-04-06,21.6200008392334,22.399999618530273,19.799999237060547,20.899999618530273,2410817
2025-04-07,20.899999618530273,21.5,20.1200008392334,21.010000228881836,3601070
2025-04-08,21.010000228881836,21.75,21.020000457763672,21.15999984741211,1143586
2025-04-09,21.15999984741211,21.989999771118164,20.600000381469727,20.6299991607666,2565697
2025-04-10,20.6299991607666,21.979999542236328,21.209999084472656,21.5,1889274
2025-04-13,21.5,21.760000228881836,21.020000457763672,21.06999969482422,2023582
2025-04-14,21.06999969482422,23.25,21.149999618530273,22.8700008392334,3140754
2025-04-15,22.8700008392334,23.049999237060547,22.450000762939453,23.0,888876
2025-04-16,23.0,23.25,22.299999237060547,22.350000381469727,531702
2025-04-17,22.350000381469727,23.200000762939453,22.0,22.989999771118164,1209274
2025-04-22,22.989999771118164,23.75,22.6200008392334,22.690000534057617,2270048
2025-04-23,22.690000534057617,23.010000228881836,22.700000762939453,22.760000228881836,786885
2025-04-27,22.760000228881836,23.5,22.799999237060547,23.040000915527344,627633
2025-04-28,23.040000915527344,23.200000762939453,22.450000762939453,22.860000610351562,607013
2025-04-29,22.860000610351562,23.0,22.350000381469727,22.489999771118164,1121271
2025-04-30,22.489999771118164,22.670000076293945,22.299999237060547,22.360000610351562,243096
2025-05-04,22.360000610351562,22.700000762939453,22.299999237060547,22.649999618530273,222436
2025-05-05,22.649999618530273,22.940000534057617,22.09000015258789,22.260000228881836,283824
2025-05-06,22.260000228881836,22.600000381469727,21.90999984741211,21.959999084472656,406781
2025-05-07,21.959999084472656,22.0,21.579999923706055,21.600000381469727,1494350
2025-05-08,21.600000381469727,21.790000915527344,21.030000686645508,21.5,598865
2025-05-11,21.5,21.700000762939453,21.0,21.010000228881836,270184
2025-05-12,21.010000228881836,21.59000015258789,21.010000228881836,21.219999313354492,266607
2025-05-13,21.219999313354492,21.600000381469727,21.219999313354492,21.559999465942383,104701
2025-05-14,21.559999465942383,21.799999237060547,21.5,21.729999542236328,677083
2025-05-15,21.729999542236328,21.850000381469727,20.920000076293945,20.989999771118164,921719
2025-05-18,20.989999771118164,21.350000381469727,20.510000228881836,20.530000686645508,385822
2025-05-19,20.530000686645508,20.799999237060547,20.260000228881836,20.309999465942383,173401
2025-05-20,20.309999465942383,21.299999237060547,20.34000015258789,21.260000228881836,190977
2025-05-21,21.260000228881836,22.0,21.0,21.850000381469727,631318
2025-05-22,21.850000381469727,22.200000762939453,21.1299991607666,21.399999618530273,465585
2025-05-25,21.399999618530273,21.860000610351562,21.0,21.0,588819
2025-05-26,21.0,21.850000381469727,21.010000228881836,21.600000381469727,974078
2025-05-27,21.600000381469727,23.100000381469727,21.68000030517578,22.959999084472656,5014691
2025-05-28,22.959999084472656,23.190000534057617,22.399999618530273,22.5,1535073
2025-05-29,22.5,22.670000076293945,22.260000228881836,22.450000762939453,317441
2025-06-01,22.450000762939453,24.0,22.459999084472656,23.709999084472656,2639295
2025-06-02,23.709999084472656,24.09000015258789,22.809999465942383,23.020000457763672,1056609
2025-06-03,23.020000457763672,23.020000457763672,22.25,22.3700008392334,1387583
2025-06-04,22.3700008392334,24.0,22.5,24.0,546747
2025-06-10,24.0,23.950000762939453,23.0,23.540000915527344,299259
2025-06-11,23.540000915527344,24.489999771118164,23.200000762939453,24.489999771118164,307449
2025-06-12,24.489999771118164,24.09000015258789,23.1200008392334,24.09000015258789,636289
2025-06-15,24.09000015258789,23.139999389648438,21.600000381469727,21.81999969482422,1094927
2025-06-16,21.81999969482422,22.700000762939453,20.75,22.0,2947227
2025-06-17,22.0,21.860000610351562,21.0,21.860000610351562,798728
2025-06-18,21.860000610351562,21.93000030517578,20.829999923706055,21.8799991607666,733922
2025-06-19,21.8799991607666,21.989999771118164,21.020000457763672,21.799999237060547,666960
2025-06-22,21.799999237060547,22.889999389648438,20.829999923706055,22.639999389648438,1693349
2025-06-23,22.639999389648438,23.700000762939453,22.110000610351562,22.5,979693
2025-06-24,22.5,23.5,22.700000762939453,22.799999237060547,939788
2025-06-25,22.799999237060547,23.690000534057617,22.549999237060547,23.690000534057617,666168
2025-06-29,23.690000534057617,23.600000381469727,22.940000534057617,23.489999771118164,3329482
2025-06-30,23.489999771118164,23.5,22.899999618530273,22.899999618530273,1128511
2025-07-01,22.899999618530273,23.1299991607666,21.549999237060547,21.549999237060547,994984
2025-07-02,21.549999237060547,22.18000030517578,21.56999969482422,21.899999618530273,961921
2025-07-06,21.899999618530273,22.290000915527344,21.950000762939453,22.200000762939453,727342
2025-07-07,22.200000762939453,22.309999465942383,21.93000030517578,21.940000534057617,378052
2025-07-09,21.940000534057617,23.170000076293945,21.8799991607666,23.0,3395174
2025-07-10,23.0,23.969999313354492,23.0,23.559999465942383,2738088
2025-07-13,23.559999465942383,24.5,23.549999237060547,23.75,3278031
2025-07-14,23.75,23.979999542236328,23.110000610351562,23.5,797696
2025-07-15,23.5,24.25,23.299999237060547,24.0,1195938
2025-07-16,24.0,24.25,23.799999237060547,24.1299991607666,2599984
2025-07-17,24.1299991607666,25.0,24.0,24.809999465942383,2731336
2025-07-20,24.809999465942383,25.239999771118164,24.600000381469727,24.8799991607666,1074770
2025-07-21,24.8799991607666,25.0,24.0,24.010000228881836,1935806
2025-07-22,24.010000228881836,24.280000686645508,23.360000610351562,23.40999984741211,1705800
2025-07-23,23.40999984741211,23.40999984741211,23.40999984741211,23.40999984741211,0
2025-07-27,23.43000030517578,23.799999237060547,23.260000228881836,23.600000381469727,544949
2025-07-28,23.600000381469727,24.299999237060547,23.610000610351562,24.100000381469727,2301402
2025-07-29,24.100000381469727,25.170000076293945,23.829999923706055,24.5,1788569
2025-07-30,24.5,24.700000762939453,24.0,24.299999237060547,931439
2025-07-31,24.299999237060547,25.489999771118164,24.18000030517578,25.489999771118164,2297794
2025-08-03,25.489999771118164,25.489999771118164,25.489999771118164,25.489999771118164,0
2025-08-04,25.489999771118164,25.489999771118164,25.489999771118164,25.489999771118164,0
2025-08-05,25.489999771118164,25.489999771118164,25.489999771118164,25.489999771118164,0
2025-08-06,25.489999771118164,25.489999771118164,25.489999771118164,25.489999771118164,0
2025-08-07,25.489999771118164,25.489999771118164,25.489999771118164,25.489999771118164,0
2025-08-10,24.5,24.899999618530273,24.40999984741211,24.5,358175
2025-08-11,24.5,25.200000762939453,24.299999237060547,24.799999237060547,1679136
2025-08-12,24.799999237060547,25.0,24.510000228881836,24.899999618530273,1032228
2025-08-13,24.899999618530273,25.440000534057617,24.360000610351562,24.510000228881836,1265829
2025-08-14,24.510000228881836,25.149999618530273,24.309999465942383,24.979999542236328,734213
2025-08-17,24.979999542236328,25.350000381469727,24.6200008392334,25.299999237060547,1352088
2025-08-18,25.299999237060547,26.969999313354492,25.399999618530273,26.510000228881836,3242203
2025-08-19,26.510000228881836,26.799999237060547,25.860000610351562,26.469999313354492,1201074
2025-08-20,26.469999313354492,26.5,25.149999618530273,25.790000915527344,1278348
2025-08-21,25.790000915527344,26.09000015258789,25.25,26.09000015258789,584343
2025-08-24,26.09000015258789,26.450000762939453,25.600000381469727,26.0,1121027
2025-08-25,26.0,26.0,25.5,25.799999237060547,246741
2025-08-26,25.799999237060547,25.899999618530273,25.200000762939453,25.59000015258789,946623
2025-08-27,25.59000015258789,25.5,24.799999237060547,25.170000076293945,1149371
2025-08-28,25.170000076293945,25.510000228881836,24.899999618530273,25.5,445915
2025-08-31,25.5,25.700000762939453,24.899999618530273,24.969999313354492,484037
2025-09-01,24.969999313354492,25.200000762939453,24.399999618530273,24.989999771118164,603116
2025-09-02,24.989999771118164,25.100000381469727,24.600000381469727,24.940000534057617,505420
2025-09-03,24.940000534057617,24.950000762939453,23.8799991607666,24.170000076293945,1093849
2025-09-07,24.170000076293945,24.479999542236328,23.25,23.600000381469727,764902
2025-09-08,23.600000381469727,24.049999237060547,23.260000228881836,23.260000228881836,460273
2025-09-09,23.260000228881836,23.5,23.25,23.5,390351
2025-09-10,23.5,23.68000030517578,23.329999923706055,23.459999084472656,362077
2025-09-11,23.459999084472656,24.0,23.40999984741211,23.780000686645508,736639
2025-09-14,23.780000686645508,23.8700008392334,23.5,23.600000381469727,939522
2025-09-15,23.600000381469727,23.770000457763672,19.100000381469727,22.270000457763672,1068330
2025-09-16,22.270000457763672,22.770000457763672,21.299999237060547,22.0,1007718
2025-09-17,22.0,22.100000381469727,21.600000381469727,22.0,1161891
2025-09-18,22.0,22.299999237060547,21.030000686645508,22.0,1617586
2025-09-21,22.0,22.1299991607666,21.299999237060547,21.600000381469727,893372
2025-09-22,21.600000381469727,21.860000610351562,21.420000076293945,21.829999923706055,329253
2025-09-23,21.829999923706055,21.829999923706055,21.299999237060547,21.450000762939453,1498299
2025-09-24,21.450000762939453,21.579999923706055,21.25,21.5,380047
2025-09-25,21.5,21.850000381469727,21.360000610351562,21.850000381469727,1061960
2025-09-28,21.850000381469727,22.170000076293945,21.610000610351562,22.149999618530273,570465
2025-09-29,22.149999618530273,22.700000762939453,21.850000381469727,22.700000762939453,892166
2025-09-30,22.700000762939453,22.729999542236328,22.3799991607666,22.399999618530273,1023252
2025-10-01,22.399999618530273,23.0,21.920000076293945,22.860000610351562,1302364
2025-10-02,22.860000610351562,23.0,22.5,22.5,237754
2025-10-05,22.5,23.459999084472656,22.510000228881836,23.0,916442
2025-10-06,23.0,23.200000762939453,22.700000762939453,22.700000762939453,502257
2025-10-07,22.700000762939453,22.899999618530273,22.520000457763672,22.610000610351562,450352
2025-10-08,22.610000610351562,22.790000915527344,22.510000228881836,22.790000915527344,840397
2025-10-12,22.790000915527344,23.459999084472656,22.700000762939453,23.459999084472656,577568
2025-10-13,23.459999084472656,23.5,22.920000076293945,22.950000762939453,1252554
2025-10-14,22.950000762939453,23.25,22.899999618530273,22.90999984741211,620446
2025-10-15,22.90999984741211,23.0,22.600000381469727,23.0,988460
2025-10-16,23.0,23.299999237060547,22.799999237060547,23.190000534057617,6790813
2025-10-19,23.190000534057617,23.940000534057617,23.200000762939453,23.899999618530273,2506971
2025-10-20,23.899999618530273,24.610000610351562,23.899999618530273,24.5,10247735
2025-10-21,24.5,24.600000381469727,24.100000381469727,24.469999313354492,1898132
2025-10-22,24.469999313354492,25.0,24.18000030517578,24.799999237060547,2201133
2025-10-23,24.799999237060547,25.18000030517578,24.5,25.170000076293945,14515106
2025-10-26,25.170000076293945,25.5,24.959999084472656,25.34000015258789,1434780
2025-10-27,25.34000015258789,25.329999923706055,24.6299991607666,24.93000030517578,479422
2025-10-28,24.93000030517578,24.920000076293945,24.040000915527344,24.43000030517578,2041893
2025-10-29,24.43000030517578,24.6200008392334,24.239999771118164,24.510000228881836,2534830
2025-10-30,24.510000228881836,24.850000381469727,24.5,24.59000015258789,845109
2025-11-02,24.59000015258789,24.899999618530273,24.399999618530273,24.81999969482422,544542
2025-11-03,24.81999969482422,25.5,24.56999969482422,25.030000686645508,5365122
2025-11-04,25.030000686645508,25.709999084472656,25.030000686645508,25.690000534057617,865283
2025-11-05,25.690000534057617,25.950000762939453,24.5,25.90999984741211,1506986
2025-11-06,25.90999984741211,26.149999618530273,25.299999237060547,26.0,2602232
2025-11-09,26.0,28.0,26.06999969482422,27.469999313354492,4671045
2025-11-10,27.469999313354492,27.940000534057617,26.510000228881836,27.139999389648438,3621823
2025-11-11,27.139999389648438,27.899999618530273,26.799999237060547,27.309999465942383,2178683
2025-11-12,27.309999465942383,27.969999313354492,27.15999984741211,27.309999465942383,1328444
2025-11-13,27.309999465942383,28.049999237060547,27.329999923706055,27.75,1905664
2025-11-16,27.75,28.5,27.75,28.09000015258789,3220644
2025-11-17,28.09000015258789,28.479999542236328,27.43000030517578,27.81999969482422,789195
2025-11-18,27.81999969482422,27.979999542236328,26.5,26.690000534057617,1584601
2025-11-19,26.690000534057617,26.989999771118164,26.139999389648438,26.559999465942383,1388948
2025-11-20,26.559999465942383,27.25,26.25,26.5,891348
2025-11-23,26.5,27.389999389648438,26.399999618530273,26.829999923706055,758070
2025-11-24,26.829999923706055,26.989999771118164,26.459999084472656,26.850000381469727,974811
2025-11-25,26.850000381469727,27.0,26.479999542236328,26.600000381469727,922998
2025-11-26,26.600000381469727,26.850000381469727,25.799999237060547,26.190000534057617,1149687
2025-11-27,26.190000534057617,26.799999237060547,25.5,26.139999389648438,626662
2025-11-30,26.139999389648438,26.75,25.940000534057617,26.010000228881836,196056
2025-12-01,26.010000228881836,26.450000762939453,25.510000228881836,25.600000381469727,982094
2025-12-02,25.600000381469727,25.950000762939453,25.31999969482422,25.329999923706055,786911
2025-12-03,25.329999923706055,25.479999542236328,24.90999984741211,25.0,1458626
2025-12-04,25.0,26.270000457763672,24.68000030517578,26.260000228881836,669139
2025-12-07,26.260000228881836,26.260000228881836,25.530000686645508,25.989999771118164,1212920
2025-12-08,25.989999771118164,26.469999313354492,26.0,26.049999237060547,554707
2025-12-09,26.049999237060547,26.280000686645508,25.780000686645508,26.0,1114192
2025-12-10,26.0,26.200000762939453,25.790000915527344,25.889999389648438,386569
2025-12-11,25.889999389648438,26.399999618530273,25.799999237060547,26.299999237060547,1257660
2025-12-14,26.299999237060547,27.049999237060547,26.18000030517578,26.489999771118164,1858724
2025-12-15,26.489999771118164,27.65999984741211,26.399999618530273,27.639999389648438,3052551
2025-12-16,27.639999389648438,27.790000915527344,27.0,27.399999618530273,2643988
2025-12-17,27.399999618530273,27.489999771118164,26.799999237060547,26.950000762939453,183150
2025-12-18,26.950000762939453,27.100000381469727,26.0,26.989999771118164,344230
2025-12-21,26.989999771118164,27.0,26.25,26.920000076293945,851838
2025-12-22,26.920000076293945,27.299999237060547,26.5,26.510000228881836,866816
2025-12-23,26.510000228881836,27.0,26.100000381469727,27.0,894446
2025-12-24,27.0,27.549999237060547,26.700000762939453,26.799999237060547,2115854
2025-12-25,26.799999237060547,27.139999389648438,26.90999984741211,26.989999771118164,812049
2025-12-28,26.989999771118164,27.389999389648438,26.5,27.200000762939453,621031
2025-12-29,27.200000762939453,27.25,26.700000762939453,27.0,879365
2025-12-30,27.0,27.149999618530273,26.399999618530273,26.489999771118164,1217572
2025-12-31,26.489999771118164,27.0,26.31999969482422,27.0,2165111
2026-01-04,27.0,27.149999618530273,25.719999313354492,26.0,1435246
2026-01-05,26.0,26.299999237060547,25.34000015258789,25.829999923706055,1476426
2026-01-06,25.829999923706055,26.75,25.75,26.600000381469727,1243001
2026-01-08,26.600000381469727,26.799999237060547,26.100000381469727,26.200000762939453,920795
2026-01-11,26.200000762939453,26.549999237060547,25.899999618530273,26.06999969482422,995318
2026-01-12,26.06999969482422,27.8799991607666,26.110000610351562,27.110000610351562,4487516
2026-01-13,27.110000610351562,29.25,27.200000762939453,28.0,6558973
2026-01-14,28.0,28.25,26.829999923706055,27.31999969482422,1480427
2026-01-15,27.31999969482422,27.489999771118164,25.700000762939453,26.0,2316314
2026-01-18,26.0,26.950000762939453,26.100000381469727,26.889999389648438,623960
2026-01-19,26.889999389648438,28.200000762939453,26.65999984741211,28.0,3722998
2026-01-20,28.0,30.440000534057617,28.0,29.309999465942383,8197306
2026-01-21,29.309999465942383,30.25,28.600000381469727,28.90999984741211,4106463
2026-01-22,28.90999984741211,30.25,28.5,29.360000610351562,6286801
2026-01-25,29.360000610351562,30.18000030517578,29.5,30.0,2283754
2026-01-26,30.0,31.799999237060547,30.0,31.600000381469727,9393486
2026-01-27,31.600000381469727,31.899999618530273,30.889999389648438,31.399999618530273,1871728
2026-01-28,31.399999618530273,31.75,30.600000381469727,31.030000686645508,3058735
2026-02-01,31.030000686645508,31.3799991607666,30.1200008392334,30.399999618530273,1449848
2026-02-02,30.399999618530273,31.0,29.799999237060547,31.0,2055216
2026-02-03,31.0,33.400001525878906,31.0,31.790000915527344,4245961
2026-02-04,31.790000915527344,32.5,31.110000610351562,31.5,1321027
2026-02-05,31.5,31.899999618530273,30.100000381469727,30.760000228881836,2125602
2026-02-08,30.760000228881836,31.049999237060547,29.3700008392334,29.700000762939453,3107374
2026-02-09,29.700000762939453,31.200000762939453,29.799999237060547,31.139999389648438,6513097
2026-02-10,31.139999389648438,31.579999923706055,30.200000762939453,31.399999618530273,5572750
2026-02-11,31.399999618530273,31.450000762939453,30.520000457763672,30.600000381469727,1776054
2026-02-12,30.600000381469727,31.200000762939453,30.010000228881836,30.420000076293945,2225281
2026-02-15,30.420000076293945,31.1299991607666,30.31999969482422,30.719999313354492,3306416
2026-02-16,30.719999313354492,31.299999237060547,30.200000762939453,30.5,1941959
2026-02-17,30.5,30.850000381469727,30.399999618530273,30.65999984741211,358539
2026-02-18,30.65999984741211,31.600000381469727,30.450000762939453,31.030000686645508,6026232
2026-02-19,31.030000686645508,31.610000610351562,30.200000762939453,30.56999969482422,2930146
2026-02-22,30.56999969482422,30.93000030517578,28.6299991607666,29.149999618530273,3610917
2026-02-23,29.149999618530273,30.299999237060547,29.200000762939453,30.200000762939453,2296633
2026-02-24,30.200000762939453,30.350000381469727,29.559999465942383,30.010000228881836,638275
2026-02-25,30.010000228881836,30.0,28.700000762939453,28.920000076293945,950630
2026-02-26,28.920000076293945,29.280000686645508,28.549999237060547,28.549999237060547,970288
2026-03-01,28.549999237060547,28.270000457763672,26.100000381469727,27.799999237060547,2593355
2026-03-02,27.799999237060547,28.200000762939453,27.520000457763672,28.170000076293945,876978
2026-03-03,28.170000076293945,28.170000076293945,27.25,27.81999969482422,1178114
2026-03-04,27.81999969482422,27.979999542236328,25.989999771118164,26.84000015258789,3620924
2026-03-05,26.84000015258789,27.850000381469727,26.850000381469727,27.0,3425889
2026-03-08,27.0,27.239999771118164,25.510000228881836,25.690000534057617,4069567
2026-03-09,25.690000534057617,25.829999923706055,23.950000762939453,24.639999389648438,11468145
2026-03-10,24.639999389648438,25.899999618530273,24.81999969482422,25.899999618530273,12562103
2026-03-11,25.899999618530273,26.459999084472656,25.610000610351562,25.989999771118164,2213935
2026-03-12,25.989999771118164,26.0,24.809999465942383,25.260000228881836,5046989
2026-03-15,25.260000228881836,25.3799991607666,24.549999237060547,24.600000381469727,2931443
2026-03-16,24.600000381469727,24.790000915527344,23.920000076293945,24.049999237060547,3027185
2026-03-17,24.049999237060547,24.5,24.010000228881836,24.420000076293945,5705160
2026-03-18,24.420000076293945,25.139999389648438,24.3799991607666,24.920000076293945,5375414
2026-03-19,24.920000076293945,24.920000076293945,24.920000076293945,24.920000076293945,0
2026-03-24,24.920000076293945,25.8700008392334,24.649999618530273,24.809999465942383,3517021
2026-03-25,24.809999465942383,24.989999771118164,24.420000076293945,24.760000228881836,4411752
2026-03-26,24.760000228881836,24.84000015258789,24.559999465942383,24.799999237060547,1275772
2026-03-29,24.799999237060547,24.790000915527344,24.100000381469727,24.239999771118164,2073430
2026-03-30,24.239999771118164,24.8700008392334,24.030000686645508,24.450000762939453,3511857
2026-03-31,24.450000762939453,24.549999237060547,24.100000381469727,24.100000381469727,2005631
2026-04-01,24.100000381469727,25.09000015258789,24.149999618530273,25.0,4933426
2026-04-02,25.0,25.0,24.559999465942383,24.600000381469727,3411396
2026-04-05,24.600000381469727,24.84000015258789,24.299999237060547,24.549999237060547,1829848
2026-04-06,24.549999237060547,24.93000030517578,24.5,24.510000228881836,2315045
2026-04-07,24.510000228881836,24.68000030517578,24.309999465942383,24.329999923706055,1547158
2026-04-08,24.329999923706055,26.190000534057617,24.90999984741211,26.049999237060547,8436884
2026-04-09,26.049999237060547,26.049999237060547,25.520000457763672,25.649999618530273,4052769
2026-04-14,25.649999618530273,26.5,25.25,26.15999984741211,2921327
2026-04-15,26.15999984741211,27.25,26.200000762939453,26.989999771118164,5398935
2026-04-16,26.989999771118164,28.729999542236328,26.75,27.700000762939453,6970284
2026-04-19,27.700000762939453,28.700000762939453,27.399999618530273,27.850000381469727,3486809
2026-04-20,27.850000381469727,27.799999237060547,27.010000228881836,27.219999313354492,1544091
2026-04-21,27.219999313354492,28.079999923706055,27.010000228881836,27.799999237060547,3406534
2026-04-22,27.799999237060547,27.989999771118164,27.020000457763672,27.25,3186020
2026-04-23,27.25,28.549999237060547,27.270000457763672,27.799999237060547,8231003
2026-04-26,27.799999237060547,28.100000381469727,26.850000381469727,27.100000381469727,3730005
2026-04-27,27.100000381469727,27.190000534057617,26.75,27.049999237060547,1887567
2026-04-28,27.049999237060547,27.200000762939453,26.399999618530273,26.420000076293945,2342639
2026-04-29,26.420000076293945,27.0,26.1200008392334,26.989999771118164,1824063
2026-04-30,26.989999771118164,27.040000915527344,26.450000762939453,26.450000762939453,1380688
2026-05-03,26.450000762939453,26.799999237060547,26.450000762939453,26.600000381469727,2251528
2026-05-04,26.600000381469727,27.40999984741211,26.260000228881836,26.8799991607666,4978536
2026-05-05,26.8799991607666,26.8799991607666,26.299999237060547,26.600000381469727,1324593
2026-05-06,26.600000381469727,27.649999618530273,26.700000762939453,27.59000015258789,3478081
2026-05-10,27.59000015258789,28.700000762939453,27.600000381469727,28.5,10906283
2026-05-11,28.5,28.850000381469727,28.110000610351562,28.700000762939453,4600715
2026-05-12,28.700000762939453,29.299999237060547,28.639999389648438,29.299999237060547,5127339
2026-05-13,29.299999237060547,29.5,28.75,28.799999237060547,5876252
2026-05-14,28.799999237060547,29.190000534057617,28.229999542236328,29.190000534057617,3127901
2026-05-17,29.190000534057617,29.170000076293945,27.420000076293945,27.5,6201590
2026-05-18,27.5,27.790000915527344,25.799999237060547,26.5,6870138
2026-05-19,26.5,26.709999084472656,26.059999465942383,26.149999618530273,5758846
2026-05-20,26.149999618530273,26.329999923706055,25.25,25.5,3932759
2026-05-21,25.5,26.18000030517578,25.299999237060547,25.520000457763672,3030301
2026-05-24,25.520000457763672,26.139999389648438,25.600000381469727,25.8799991607666,2938852
2026-05-25,25.8799991607666,26.600000381469727,25.899999618530273,26.600000381469727,3795390
2026-05-26,26.600000381469727,26.600000381469727,26.600000381469727,26.600000381469727,0
2026-05-27,26.600000381469727,26.600000381469727,26.600000381469727,26.600000381469727,0
2026-05-28,26.600000381469727,26.600000381469727,26.600000381469727,26.600000381469727,0
2026-06-01,26.600000381469727,26.989999771118164,26.450000762939453,26.690000534057617,2079902
2026-06-02,26.690000534057617,26.75,26.25,26.329999923706055,2268097
2026-06-03,26.329999923706055,26.440000534057617,25.899999618530273,25.979999542236328,4554373
2026-06-04,25.979999542236328,26.40999984741211,25.90999984741211,26.329999923706055,2352085
2026-06-07,26.329999923706055,26.290000915527344,25.610000610351562,25.700000762939453,2261734
2026-06-08,25.700000762939453,26.610000610351562,25.25,26.5,3356466
2026-06-09,26.5,28.1299991607666,27.1299991607666,27.899999618530273,8790983
2026-06-10,27.899999618530273,28.489999771118164,27.5,27.690000534057617,6485596
2026-06-11,27.690000534057617,27.989999771118164,26.6200008392334,27.989999771118164,3240034
2026-06-14,27.989999771118164,28.600000381469727,28.110000610351562,28.399999618530273,3502102
2026-06-15,28.399999618530273,28.809999465942383,28.049999237060547,28.5,3652399
2026-06-16,28.5,28.549999237060547,27.770000457763672,28.329999923706055,1672093
2026-06-17,28.329999923706055,28.329999923706055,28.329999923706055,28.329999923706055,0
2026-06-18,28.329999923706055,28.329999923706055,28.329999923706055,28.329999923706055,0
2026-06-21,28.799999237060547,29.270000457763672,28.600000381469727,29.010000228881836,2476387
2026-06-22,29.010000228881836,29.010000228881836,29.010000228881836,29.010000228881836,0
2026-06-23,31.299999237060547,31.5,30.270000457763672,31.25,2230628
2026-06-24,31.25,31.700000762939453,30.200000762939453,31.469999313354492,1588263
2026-06-25,31.469999313354492,31.5,30.700000762939453,31.5,2263553
2026-06-28,31.5,31.450000762939453,29.5,31.0,2004506
2026-06-29,31.0,32.099998474121094,30.170000076293945,31.450000762939453,3598568
2026-06-30,31.450000762939453,32.45000076293945,31.010000228881836,32.45000076293945,3837625
2026-07-01,32.45000076293945,32.4900016784668,31.8700008392334,31.90999984741211,1039876
2026-07-05,31.90999984741211,32.38999938964844,31.170000076293945,31.170000076293945,3231584
2026-07-06,31.170000076293945,31.479999542236328,30.520000457763672,31.229999542236328,2870637
2026-07-07,31.229999542236328,31.65999984741211,31.020000457763672,31.25,2110209
2026-07-08,31.25,31.549999237060547,30.1200008392334,30.3700008392334,937772
2026-07-09,30.3700008392334,31.149999618530273,30.3700008392334,30.719999313354492,830491
2026-07-12,30.719999313354492,31.329999923706055,30.540000915527344,31.209999084472656,808648
2026-07-13,31.209999084472656,32.25,31.299999237060547,31.809999465942383,3079814
2026-07-14,31.809999465942383,31.899999618530273,31.0,31.899999618530273,1117682
2026-07-15,31.899999618530273,34.20000076293945,31.1200008392334,33.279998779296875,7431172
2026-07-16,33.279998779296875,33.5,32.20000076293945,32.849998474121094,1730959
2026-07-19,32.849998474121094,33.04999923706055,31.75,32.439998626708984,1971867
2026-07-20,32.439998626708984,33.04999923706055,31.5,31.75,3116006
2026-07-21,31.75,32.599998474121094,31.510000228881836,32.25,2685559
2026-07-22,32.25,32.439998626708984,31.309999465942383,31.309999465942383,2471638
2026-07-26,31.309999465942383,31.59000015258789,30.850000381469727,30.899999618530273,926216
2026-07-27,30.899999618530273,31.18000030517578,30.299999237060547,30.299999237060547,1416365
2026-07-28,30.299999237060547,30.989999771118164,30.229999542236328,30.489999771118164,718037
2026-07-29,30.489999771118164,30.790000915527344,29.530000686645508,30.290000915527344,1716238
2026-07-30,30.290000915527344,30.280000686645508,29.65999984741211,29.65999984741211,1017420
