date,open,high,low,close,volume
2021-08-10,72.98999786376953,73.44000244140625,72.0,72.05999755859375,12521
2021-08-11,72.05999755859375,73.25,70.0,70.58999633789062,102010
2021-08-15,70.58999633789062,71.05000305175781,70.55000305175781,70.7300033569336,17047
2021-08-16,70.7300033569336,72.5,70.01000213623047,70.88999938964844,31387
2021-08-17,70.88999938964844,72.4000015258789,70.05000305175781,71.62999725341797,16289
2021-08-18,71.62999725341797,71.98999786376953,70.16000366210938,70.9000015258789,15024
2021-08-19,70.9000015258789,73.5,70.08999633789062,71.94000244140625,200130
2021-08-22,71.94000244140625,74.9000015258789,72.0,72.91999816894531,101139
2021-08-23,72.91999816894531,74.0,72.0199966430664,72.69000244140625,57557
2021-08-24,72.69000244140625,73.77999877929688,71.5999984741211,72.27999877929688,63303
2021-08-25,72.27999877929688,75.0,72.5,73.9000015258789,116657
2021-08-26,73.9000015258789,74.86000061035156,73.0999984741211,74.0,121460
2021-08-29,74.0,75.01000213623047,74.44000244140625,74.72000122070312,27348
2021-08-30,74.72000122070312,75.0,74.5,74.7699966430664,135911
2021-08-31,74.7699966430664,75.80000305175781,73.05000305175781,74.80999755859375,64700
2021-09-01,74.80999755859375,79.9000015258789,74.01000213623047,77.2699966430664,154814
2021-09-02,77.2699966430664,79.5,77.80000305175781,78.43000030517578,187929
2021-09-05,78.43000030517578,77.80000305175781,76.16999816894531,77.02999877929688,12302
2021-09-06,77.02999877929688,77.87000274658203,74.9000015258789,75.0,72730
2021-09-07,75.0,76.44999694824219,74.9000015258789,74.98999786376953,35635
2021-09-08,74.98999786376953,76.0,75.0,75.5,19768
2021-09-09,75.5,76.5,75.5,75.91999816894531,22926
2021-09-12,75.91999816894531,76.97000122070312,76.0,76.05999755859375,5232
2021-09-13,76.05999755859375,76.5,75.0,75.05999755859375,9847
2021-09-14,75.05999755859375,76.4800033569336,75.0999984741211,75.30999755859375,3095
2021-09-15,75.30999755859375,75.51000213623047,75.25,75.41000366210938,3201
2021-09-16,75.41000366210938,76.0,70.61000061035156,70.61000061035156,2001344
2021-09-19,70.61000061035156,73.5,72.0,72.86000061035156,114487
2021-09-20,72.86000061035156,73.30000305175781,70.5,71.80000305175781,38587
2021-09-21,71.80000305175781,71.80000305175781,71.80000305175781,71.80000305175781,0
2021-09-22,71.12999725341797,72.88999938964844,72.0,71.12999725341797,2645
2021-09-23,71.12999725341797,72.87999725341797,72.5,72.62999725341797,10266
2021-09-26,72.62999725341797,72.98999786376953,71.26000213623047,72.0,6789
2021-09-27,72.0,72.5,70.51000213623047,71.66000366210938,8090
2021-09-28,71.66000366210938,72.25,71.0,71.01000213623047,7750
2021-09-29,71.01000213623047,71.01000213623047,71.01000213623047,71.01000213623047,0
2021-09-30,71.0999984741211,74.0,71.9000015258789,73.94999694824219,21805
2021-10-03,73.94999694824219,74.41999816894531,73.5,73.55999755859375,31017
2021-10-04,73.55999755859375,74.0,72.0,73.94999694824219,7976
2021-10-05,73.94999694824219,73.98999786376953,72.06999969482422,73.5,4094
2021-10-06,73.5,74.9800033569336,72.0,73.3499984741211,50121
2021-10-10,73.3499984741211,73.05000305175781,72.9000015258789,73.05000305175781,13500
2021-10-11,73.05000305175781,73.0,72.0,73.0,18447
2021-10-12,73.0,73.4000015258789,72.9000015258789,72.94999694824219,17619
2021-10-13,72.94999694824219,73.0,71.01000213623047,71.26000213623047,47231
2021-10-14,71.26000213623047,71.22000122070312,70.0,70.01000213623047,303604
2021-10-17,70.01000213623047,71.88999938964844,70.01000213623047,71.05000305175781,23554
2021-10-18,71.05000305175781,71.05000305175781,71.05000305175781,71.05000305175781,0
2021-10-19,71.05000305175781,71.05000305175781,71.05000305175781,71.05000305175781,0
2021-10-20,71.05000305175781,71.05000305175781,71.05000305175781,71.05000305175781,0
2021-10-24,71.05000305175781,71.05000305175781,71.05000305175781,71.05000305175781,0
2021-10-25,71.05000305175781,71.05000305175781,71.05000305175781,71.05000305175781,0
2021-10-26,71.05000305175781,71.05000305175781,71.05000305175781,71.05000305175781,0
2021-10-27,71.05000305175781,71.05000305175781,71.05000305175781,71.05000305175781,0
2021-10-28,71.05000305175781,71.05000305175781,71.05000305175781,71.05000305175781,0
2021-10-31,71.05000305175781,71.05000305175781,71.05000305175781,71.05000305175781,0
2021-11-01,71.05000305175781,71.05000305175781,71.05000305175781,71.05000305175781,0
2021-11-02,71.05000305175781,71.05000305175781,71.05000305175781,71.05000305175781,0
2021-11-03,71.05000305175781,71.05000305175781,71.05000305175781,71.05000305175781,0
2021-11-04,71.05000305175781,71.05000305175781,71.05000305175781,71.05000305175781,0
2021-11-07,71.05000305175781,71.05000305175781,71.05000305175781,71.05000305175781,0
2021-11-08,71.05000305175781,71.05000305175781,71.05000305175781,71.05000305175781,0
2021-11-09,71.05000305175781,71.05000305175781,71.05000305175781,71.05000305175781,0
2021-11-10,71.05000305175781,71.05000305175781,71.05000305175781,71.05000305175781,0
2021-11-11,71.05000305175781,71.05000305175781,71.05000305175781,71.05000305175781,0
2021-11-14,71.05000305175781,71.05000305175781,71.05000305175781,71.05000305175781,0
2021-11-15,71.05000305175781,71.05000305175781,71.05000305175781,71.05000305175781,0
2021-11-16,71.05000305175781,71.05000305175781,71.05000305175781,71.05000305175781,0
2021-11-17,71.05000305175781,71.05000305175781,71.05000305175781,71.05000305175781,0
2021-11-18,71.05000305175781,71.05000305175781,71.05000305175781,71.05000305175781,0
2021-11-21,71.05000305175781,71.05000305175781,71.05000305175781,71.05000305175781,0
2021-11-22,71.05000305175781,71.05000305175781,71.05000305175781,71.05000305175781,0
2021-11-23,71.05000305175781,71.05000305175781,71.05000305175781,71.05000305175781,0
2021-11-24,71.05000305175781,71.05000305175781,71.05000305175781,71.05000305175781,0
2021-11-25,71.05000305175781,71.05000305175781,71.05000305175781,71.05000305175781,0
2021-11-28,71.05000305175781,71.05000305175781,71.05000305175781,71.05000305175781,0
2021-11-29,71.05000305175781,71.05000305175781,71.05000305175781,71.05000305175781,0
2021-11-30,71.05000305175781,71.05000305175781,71.05000305175781,71.05000305175781,0
2021-12-01,71.05000305175781,71.05000305175781,71.05000305175781,71.05000305175781,0
2021-12-02,71.05000305175781,71.05000305175781,71.05000305175781,71.05000305175781,0
2021-12-05,71.05000305175781,71.05000305175781,71.05000305175781,71.05000305175781,0
2021-12-06,71.05000305175781,71.05000305175781,71.05000305175781,71.05000305175781,0
2021-12-07,71.05000305175781,71.05000305175781,71.05000305175781,71.05000305175781,0
2021-12-08,71.05000305175781,71.05000305175781,71.05000305175781,71.05000305175781,0
2021-12-09,71.05000305175781,71.05000305175781,71.05000305175781,71.05000305175781,0
2021-12-12,71.05000305175781,71.05000305175781,71.05000305175781,71.05000305175781,0
2021-12-13,71.05000305175781,71.05000305175781,71.05000305175781,71.05000305175781,0
2021-12-14,71.05000305175781,71.05000305175781,71.05000305175781,71.05000305175781,0
2021-12-15,71.05000305175781,71.05000305175781,71.05000305175781,71.05000305175781,0
2021-12-16,71.05000305175781,71.05000305175781,71.05000305175781,71.05000305175781,0
2021-12-19,71.05000305175781,71.05000305175781,71.05000305175781,71.05000305175781,0
2021-12-20,71.05000305175781,71.05000305175781,71.05000305175781,71.05000305175781,0
2021-12-21,71.05000305175781,71.05000305175781,71.05000305175781,71.05000305175781,0
2021-12-22,71.05000305175781,71.05000305175781,71.05000305175781,71.05000305175781,0
2021-12-23,71.05000305175781,71.05000305175781,71.05000305175781,71.05000305175781,0
2021-12-26,71.05000305175781,71.05000305175781,71.05000305175781,71.05000305175781,0
2021-12-27,71.05000305175781,71.05000305175781,71.05000305175781,71.05000305175781,0
2021-12-28,71.05000305175781,71.05000305175781,71.05000305175781,71.05000305175781,0
2021-12-29,71.05000305175781,71.05000305175781,71.05000305175781,71.05000305175781,0
2021-12-30,71.05000305175781,71.05000305175781,71.05000305175781,71.05000305175781,0
2022-01-02,71.05000305175781,71.05000305175781,71.05000305175781,71.05000305175781,0
2022-01-03,71.05000305175781,71.05000305175781,71.05000305175781,71.05000305175781,0
2022-01-04,71.05000305175781,71.05000305175781,71.05000305175781,71.05000305175781,0
2022-01-05,71.05000305175781,71.05000305175781,71.05000305175781,71.05000305175781,0
2022-01-09,71.05000305175781,71.05000305175781,71.05000305175781,71.05000305175781,0
2022-01-10,71.05000305175781,71.05000305175781,71.05000305175781,71.05000305175781,0
2022-01-11,71.05000305175781,71.05000305175781,71.05000305175781,71.05000305175781,0
2022-01-12,71.05000305175781,71.05000305175781,71.05000305175781,71.05000305175781,0
2022-01-13,71.05000305175781,71.05000305175781,71.05000305175781,71.05000305175781,0
2022-01-16,71.05000305175781,71.05000305175781,71.05000305175781,71.05000305175781,0
2022-01-17,71.05000305175781,71.05000305175781,71.05000305175781,71.05000305175781,0
2022-01-18,71.05000305175781,71.05000305175781,71.05000305175781,71.05000305175781,0
2022-01-19,71.05000305175781,71.05000305175781,71.05000305175781,71.05000305175781,0
2022-01-20,71.05000305175781,71.05000305175781,71.05000305175781,71.05000305175781,0
2022-01-23,71.05000305175781,71.05000305175781,71.05000305175781,71.05000305175781,0
2022-01-24,71.05000305175781,71.05000305175781,71.05000305175781,71.05000305175781,0
2022-01-25,71.05000305175781,71.05000305175781,71.05000305175781,71.05000305175781,0
2022-01-26,71.05000305175781,71.05000305175781,71.05000305175781,71.05000305175781,0
2022-01-30,71.05000305175781,71.05000305175781,71.05000305175781,71.05000305175781,0
2022-01-31,71.05000305175781,71.05000305175781,71.05000305175781,71.05000305175781,0
2022-02-01,71.05000305175781,71.05000305175781,71.05000305175781,71.05000305175781,0
2022-02-02,71.05000305175781,71.05000305175781,71.05000305175781,71.05000305175781,0
2022-02-03,71.05000305175781,71.05000305175781,71.05000305175781,71.05000305175781,0
2022-02-06,71.05000305175781,71.05000305175781,71.05000305175781,71.05000305175781,0
2022-02-07,71.05000305175781,71.05000305175781,71.05000305175781,71.05000305175781,0
2022-02-08,71.05000305175781,71.05000305175781,71.05000305175781,71.05000305175781,0
2022-02-09,71.05000305175781,71.05000305175781,71.05000305175781,71.05000305175781,0
2022-02-10,71.05000305175781,71.05000305175781,71.05000305175781,71.05000305175781,0
2022-02-13,71.05000305175781,71.05000305175781,71.05000305175781,71.05000305175781,0
2022-02-14,71.05000305175781,71.05000305175781,71.05000305175781,71.05000305175781,0
2022-02-15,71.05000305175781,71.05000305175781,71.05000305175781,71.05000305175781,0
2022-02-16,71.05000305175781,71.05000305175781,71.05000305175781,71.05000305175781,0
2022-02-17,71.05000305175781,71.05000305175781,71.05000305175781,71.05000305175781,0
2022-02-20,71.05000305175781,71.05000305175781,71.05000305175781,71.05000305175781,0
2022-02-21,71.05000305175781,71.05000305175781,71.05000305175781,71.05000305175781,0
2022-02-22,71.05000305175781,71.05000305175781,71.05000305175781,71.05000305175781,0
2022-02-23,71.05000305175781,71.05000305175781,71.05000305175781,71.05000305175781,0
2022-02-24,71.05000305175781,71.05000305175781,71.05000305175781,71.05000305175781,0
2022-02-27,71.05000305175781,71.05000305175781,71.05000305175781,71.05000305175781,0
2022-02-28,71.05000305175781,71.05000305175781,71.05000305175781,71.05000305175781,0
2022-03-01,71.05000305175781,71.05000305175781,71.05000305175781,71.05000305175781,0
2022-03-02,71.05000305175781,71.05000305175781,71.05000305175781,71.05000305175781,0
2022-03-03,71.05000305175781,71.05000305175781,71.05000305175781,71.05000305175781,0
2022-03-06,71.05000305175781,71.05000305175781,71.05000305175781,71.05000305175781,0
2022-03-07,71.05000305175781,71.05000305175781,71.05000305175781,71.05000305175781,0
2022-03-08,71.05000305175781,71.05000305175781,71.05000305175781,71.05000305175781,0
2022-03-09,71.05000305175781,71.05000305175781,71.05000305175781,71.05000305175781,0
2022-03-10,71.05000305175781,71.05000305175781,71.05000305175781,71.05000305175781,0
2022-03-13,71.05000305175781,71.05000305175781,71.05000305175781,71.05000305175781,0
2022-03-14,71.05000305175781,71.05000305175781,71.05000305175781,71.05000305175781,0
2022-03-15,71.05000305175781,71.05000305175781,71.05000305175781,71.05000305175781,0
2022-03-16,71.05000305175781,71.05000305175781,71.05000305175781,71.05000305175781,0
2022-03-17,71.05000305175781,71.05000305175781,71.05000305175781,71.05000305175781,0
2022-03-20,71.05000305175781,71.05000305175781,71.05000305175781,71.05000305175781,0
2022-03-21,71.05000305175781,71.05000305175781,71.05000305175781,71.05000305175781,0
2022-03-22,71.05000305175781,71.05000305175781,71.05000305175781,71.05000305175781,0
2022-03-23,71.05000305175781,71.05000305175781,71.05000305175781,71.05000305175781,0
2022-03-24,71.05000305175781,71.05000305175781,71.05000305175781,71.05000305175781,0
2022-03-27,71.05000305175781,71.05000305175781,71.05000305175781,71.05000305175781,0
2022-03-28,71.05000305175781,71.05000305175781,71.05000305175781,71.05000305175781,0
2022-03-29,71.05000305175781,71.05000305175781,71.05000305175781,71.05000305175781,0
2022-03-30,71.05000305175781,71.05000305175781,71.05000305175781,71.05000305175781,0
2022-03-31,71.05000305175781,71.05000305175781,71.05000305175781,71.05000305175781,0
2022-04-03,71.05000305175781,71.05000305175781,71.05000305175781,71.05000305175781,0
2022-04-04,71.05000305175781,71.05000305175781,71.05000305175781,71.05000305175781,0
2022-04-05,71.05000305175781,71.05000305175781,71.05000305175781,71.05000305175781,0
2022-04-06,71.05000305175781,71.05000305175781,71.05000305175781,71.05000305175781,0
2022-04-07,71.05000305175781,71.05000305175781,71.05000305175781,71.05000305175781,0
2022-04-10,71.05000305175781,71.05000305175781,71.05000305175781,71.05000305175781,0
2022-04-11,71.05000305175781,71.05000305175781,71.05000305175781,71.05000305175781,0
2022-04-12,71.05000305175781,71.05000305175781,71.05000305175781,71.05000305175781,0
2022-04-13,71.05000305175781,71.05000305175781,71.05000305175781,71.05000305175781,0
2022-04-14,71.05000305175781,71.05000305175781,71.05000305175781,71.05000305175781,0
2022-04-17,71.05000305175781,71.05000305175781,71.05000305175781,71.05000305175781,0
2022-04-18,71.05000305175781,71.05000305175781,71.05000305175781,71.05000305175781,0
2022-04-19,71.05000305175781,71.05000305175781,71.05000305175781,71.05000305175781,0
2022-04-20,71.05000305175781,71.05000305175781,71.05000305175781,71.05000305175781,0
2022-04-21,71.05000305175781,71.05000305175781,71.05000305175781,71.05000305175781,0
2022-04-26,71.05000305175781,71.05000305175781,71.05000305175781,71.05000305175781,0
2022-04-27,71.05000305175781,71.05000305175781,71.05000305175781,71.05000305175781,0
2022-04-28,71.05000305175781,71.05000305175781,71.05000305175781,71.05000305175781,0
2022-05-08,71.05000305175781,71.05000305175781,71.05000305175781,71.05000305175781,0
2022-05-09,71.05000305175781,71.05000305175781,71.05000305175781,71.05000305175781,0
2022-05-10,71.05000305175781,71.05000305175781,71.05000305175781,71.05000305175781,0
2022-05-11,71.05000305175781,71.05000305175781,71.05000305175781,71.05000305175781,0
2022-05-12,71.05000305175781,71.05000305175781,71.05000305175781,71.05000305175781,0
2022-05-15,71.05000305175781,71.05000305175781,71.05000305175781,71.05000305175781,0
2022-05-16,71.05000305175781,71.05000305175781,71.05000305175781,71.05000305175781,0
2022-05-17,71.05000305175781,71.05000305175781,71.05000305175781,71.05000305175781,0
2022-05-18,71.05000305175781,71.05000305175781,71.05000305175781,71.05000305175781,0
2022-05-19,71.05000305175781,71.05000305175781,71.05000305175781,71.05000305175781,0
2022-05-22,71.05000305175781,71.05000305175781,71.05000305175781,71.05000305175781,0
2022-05-23,71.05000305175781,71.05000305175781,71.05000305175781,71.05000305175781,0
2022-05-24,71.05000305175781,71.05000305175781,71.05000305175781,71.05000305175781,0
2022-05-25,71.05000305175781,71.05000305175781,71.05000305175781,71.05000305175781,0
2022-05-26,71.05000305175781,71.05000305175781,71.05000305175781,71.05000305175781,0
2022-05-29,71.05000305175781,71.05000305175781,71.05000305175781,71.05000305175781,0
2022-05-30,71.05000305175781,71.05000305175781,71.05000305175781,71.05000305175781,0
2022-05-31,71.05000305175781,71.05000305175781,71.05000305175781,71.05000305175781,0
2022-06-01,71.05000305175781,71.05000305175781,71.05000305175781,71.05000305175781,0
2022-06-02,71.05000305175781,71.05000305175781,71.05000305175781,71.05000305175781,0
2022-06-05,71.05000305175781,71.05000305175781,71.05000305175781,71.05000305175781,0
2022-06-06,71.05000305175781,71.05000305175781,71.05000305175781,71.05000305175781,0
2022-06-07,71.05000305175781,71.05000305175781,71.05000305175781,71.05000305175781,0
2022-06-08,71.05000305175781,71.05000305175781,71.05000305175781,71.05000305175781,0
2022-06-09,71.05000305175781,71.05000305175781,71.05000305175781,71.05000305175781,0
2022-06-12,71.05000305175781,71.05000305175781,71.05000305175781,71.05000305175781,0
2022-06-13,71.05000305175781,71.05000305175781,71.05000305175781,71.05000305175781,0
2022-06-14,71.05000305175781,71.05000305175781,71.05000305175781,71.05000305175781,0
2022-06-15,71.05000305175781,71.05000305175781,71.05000305175781,71.05000305175781,0
2022-06-16,71.05000305175781,71.05000305175781,71.05000305175781,71.05000305175781,0
2022-06-19,71.05000305175781,71.05000305175781,71.05000305175781,71.05000305175781,0
2022-06-20,71.05000305175781,71.05000305175781,71.05000305175781,71.05000305175781,0
2022-06-21,71.05000305175781,71.05000305175781,71.05000305175781,71.05000305175781,0
2022-06-22,71.05000305175781,71.05000305175781,71.05000305175781,71.05000305175781,0
2022-06-23,71.05000305175781,71.05000305175781,71.05000305175781,71.05000305175781,0
2022-06-26,71.05000305175781,71.05000305175781,71.05000305175781,71.05000305175781,0
2022-06-27,71.05000305175781,71.05000305175781,71.05000305175781,71.05000305175781,0
2022-06-28,71.05000305175781,71.05000305175781,71.05000305175781,71.05000305175781,0
2022-06-29,71.05000305175781,71.05000305175781,71.05000305175781,71.05000305175781,0
2022-07-03,71.05000305175781,71.05000305175781,71.05000305175781,71.05000305175781,0
2022-07-04,71.05000305175781,71.05000305175781,71.05000305175781,71.05000305175781,0
2022-07-05,71.05000305175781,71.05000305175781,71.05000305175781,71.05000305175781,0
2022-07-06,71.05000305175781,71.05000305175781,71.05000305175781,71.05000305175781,0
2022-07-07,71.05000305175781,71.05000305175781,71.05000305175781,71.05000305175781,0
2022-07-17,71.05000305175781,71.05000305175781,71.05000305175781,71.05000305175781,0
2022-07-18,71.05000305175781,71.05000305175781,71.05000305175781,71.05000305175781,0
2022-07-19,71.05000305175781,71.05000305175781,71.05000305175781,71.05000305175781,0
2022-07-20,71.05000305175781,71.05000305175781,71.05000305175781,71.05000305175781,0
2022-07-21,71.05000305175781,71.05000305175781,71.05000305175781,71.05000305175781,0
2022-07-24,71.05000305175781,71.05000305175781,71.05000305175781,71.05000305175781,0
2022-07-25,71.05000305175781,71.05000305175781,71.05000305175781,71.05000305175781,0
2022-07-26,71.05000305175781,71.05000305175781,71.05000305175781,71.05000305175781,0
2022-07-27,71.05000305175781,71.05000305175781,71.05000305175781,71.05000305175781,0
2022-07-28,71.05000305175781,71.05000305175781,71.05000305175781,71.05000305175781,0
2022-07-31,71.05000305175781,71.05000305175781,71.05000305175781,71.05000305175781,0
2022-08-01,71.05000305175781,71.05000305175781,71.05000305175781,71.05000305175781,0
2022-08-02,71.05000305175781,71.05000305175781,71.05000305175781,71.05000305175781,0
2022-08-03,71.05000305175781,71.05000305175781,71.05000305175781,71.05000305175781,0
2022-08-04,71.05000305175781,71.05000305175781,71.05000305175781,71.05000305175781,0
2022-08-07,71.05000305175781,71.05000305175781,71.05000305175781,71.05000305175781,0
2022-08-08,71.05000305175781,71.05000305175781,71.05000305175781,71.05000305175781,0
2022-08-09,71.05000305175781,71.05000305175781,71.05000305175781,71.05000305175781,0
2022-08-10,71.05000305175781,71.05000305175781,71.05000305175781,71.05000305175781,0
2022-08-11,71.05000305175781,71.05000305175781,71.05000305175781,71.05000305175781,0
2022-08-14,71.05000305175781,71.05000305175781,71.05000305175781,71.05000305175781,0
2022-08-15,71.05000305175781,71.05000305175781,71.05000305175781,71.05000305175781,0
2022-08-16,71.05000305175781,71.05000305175781,71.05000305175781,71.05000305175781,0
2022-08-17,71.05000305175781,71.05000305175781,71.05000305175781,71.05000305175781,0
2022-08-18,71.05000305175781,71.05000305175781,71.05000305175781,71.05000305175781,0
2022-08-21,71.05000305175781,71.05000305175781,71.05000305175781,71.05000305175781,0
2022-08-22,71.05000305175781,71.05000305175781,71.05000305175781,71.05000305175781,0
2022-08-23,71.05000305175781,71.05000305175781,71.05000305175781,71.05000305175781,0
2022-08-24,71.05000305175781,71.05000305175781,71.05000305175781,71.05000305175781,0
2022-08-25,71.05000305175781,71.05000305175781,71.05000305175781,71.05000305175781,0
2022-08-28,71.05000305175781,71.05000305175781,71.05000305175781,71.05000305175781,0
2022-08-29,71.05000305175781,71.05000305175781,71.05000305175781,71.05000305175781,0
2022-08-30,71.05000305175781,71.05000305175781,71.05000305175781,71.05000305175781,0
2022-08-31,71.05000305175781,71.05000305175781,71.05000305175781,71.05000305175781,0
2022-09-01,71.05000305175781,71.05000305175781,71.05000305175781,71.05000305175781,0
2022-09-04,71.05000305175781,71.05000305175781,71.05000305175781,71.05000305175781,0
2022-09-05,71.05000305175781,71.05000305175781,71.05000305175781,71.05000305175781,0
2022-09-06,71.05000305175781,71.05000305175781,71.05000305175781,71.05000305175781,0
2022-09-07,71.05000305175781,71.05000305175781,71.05000305175781,71.05000305175781,0
2022-09-08,71.05000305175781,71.05000305175781,71.05000305175781,71.05000305175781,0
2022-09-11,71.05000305175781,71.05000305175781,71.05000305175781,71.05000305175781,0
2022-09-12,71.05000305175781,71.05000305175781,71.05000305175781,71.05000305175781,0
2022-09-13,71.05000305175781,71.05000305175781,71.05000305175781,71.05000305175781,0
2022-09-14,71.05000305175781,71.05000305175781,71.05000305175781,71.05000305175781,0
2022-09-15,71.05000305175781,71.05000305175781,71.05000305175781,71.05000305175781,0
2022-09-18,71.05000305175781,71.05000305175781,71.05000305175781,71.05000305175781,0
2022-09-19,71.05000305175781,71.05000305175781,71.05000305175781,71.05000305175781,0
2022-09-20,71.05000305175781,71.05000305175781,71.05000305175781,71.05000305175781,0
2022-09-21,71.05000305175781,71.05000305175781,71.05000305175781,71.05000305175781,0
2022-09-22,71.05000305175781,71.05000305175781,71.05000305175781,71.05000305175781,0
2022-09-25,71.05000305175781,71.05000305175781,71.05000305175781,71.05000305175781,0
2022-09-26,71.05000305175781,71.05000305175781,71.05000305175781,71.05000305175781,0
2022-09-27,71.05000305175781,71.05000305175781,71.05000305175781,71.05000305175781,0
2022-09-28,71.05000305175781,71.05000305175781,71.05000305175781,71.05000305175781,0
2022-09-29,71.05000305175781,71.05000305175781,71.05000305175781,71.05000305175781,0
2022-10-02,71.05000305175781,71.05000305175781,71.05000305175781,71.05000305175781,0
2022-10-03,71.05000305175781,71.05000305175781,71.05000305175781,71.05000305175781,0
2022-10-04,71.05000305175781,71.05000305175781,71.05000305175781,71.05000305175781,0
2022-10-05,71.05000305175781,71.05000305175781,71.05000305175781,71.05000305175781,0
2022-10-09,71.05000305175781,71.05000305175781,71.05000305175781,71.05000305175781,0
2022-10-10,71.05000305175781,71.05000305175781,71.05000305175781,71.05000305175781,0
2022-10-11,71.05000305175781,71.05000305175781,71.05000305175781,71.05000305175781,0
2022-10-12,71.05000305175781,71.05000305175781,71.05000305175781,71.05000305175781,0
2022-10-13,71.05000305175781,71.05000305175781,71.05000305175781,71.05000305175781,0
2022-10-16,71.05000305175781,71.05000305175781,71.05000305175781,71.05000305175781,0
2022-10-17,71.05000305175781,71.05000305175781,71.05000305175781,71.05000305175781,0
2022-10-18,71.05000305175781,71.05000305175781,71.05000305175781,71.05000305175781,0
2022-10-19,71.05000305175781,71.05000305175781,71.05000305175781,71.05000305175781,0
2022-10-20,71.05000305175781,71.05000305175781,71.05000305175781,71.05000305175781,0
2022-10-23,71.05000305175781,71.05000305175781,71.05000305175781,71.05000305175781,0
2022-10-24,71.05000305175781,71.05000305175781,71.05000305175781,71.05000305175781,0
2022-10-25,71.05000305175781,71.05000305175781,71.05000305175781,71.05000305175781,0
2022-10-26,71.05000305175781,71.05000305175781,71.05000305175781,71.05000305175781,0
2022-10-27,71.05000305175781,71.05000305175781,71.05000305175781,71.05000305175781,0
2022-10-30,71.05000305175781,71.05000305175781,71.05000305175781,71.05000305175781,0
2022-10-31,71.05000305175781,71.05000305175781,71.05000305175781,71.05000305175781,0
2022-11-01,71.05000305175781,71.05000305175781,71.05000305175781,71.05000305175781,0
2022-11-02,71.05000305175781,71.05000305175781,71.05000305175781,71.05000305175781,0
2022-11-03,71.05000305175781,71.05000305175781,71.05000305175781,71.05000305175781,0
2022-11-06,71.05000305175781,71.05000305175781,71.05000305175781,71.05000305175781,0
2022-11-07,71.05000305175781,71.05000305175781,71.05000305175781,71.05000305175781,0
2022-11-08,71.05000305175781,71.05000305175781,71.05000305175781,71.05000305175781,0
2022-11-09,71.05000305175781,71.05000305175781,71.05000305175781,71.05000305175781,0
2022-11-10,71.05000305175781,71.05000305175781,71.05000305175781,71.05000305175781,0
2022-11-13,71.05000305175781,71.05000305175781,71.05000305175781,71.05000305175781,0
2022-11-14,71.05000305175781,71.05000305175781,71.05000305175781,71.05000305175781,0
2022-11-15,71.05000305175781,71.05000305175781,71.05000305175781,71.05000305175781,0
2022-11-16,71.05000305175781,71.05000305175781,71.05000305175781,71.05000305175781,0
2022-11-17,71.05000305175781,71.05000305175781,71.05000305175781,71.05000305175781,0
2022-11-20,71.05000305175781,71.05000305175781,71.05000305175781,71.05000305175781,0
2022-11-21,71.05000305175781,71.05000305175781,71.05000305175781,71.05000305175781,0
2022-11-22,71.05000305175781,71.05000305175781,71.05000305175781,71.05000305175781,0
2022-11-23,71.05000305175781,71.05000305175781,71.05000305175781,71.05000305175781,0
2022-11-24,71.05000305175781,71.05000305175781,71.05000305175781,71.05000305175781,0
2022-11-27,71.05000305175781,71.05000305175781,71.05000305175781,71.05000305175781,0
2022-11-28,71.05000305175781,71.05000305175781,71.05000305175781,71.05000305175781,0
2022-11-29,71.05000305175781,71.05000305175781,71.05000305175781,71.05000305175781,0
2022-11-30,71.05000305175781,71.05000305175781,71.05000305175781,71.05000305175781,0
2022-12-01,71.05000305175781,71.05000305175781,71.05000305175781,71.05000305175781,0
2022-12-04,71.05000305175781,71.05000305175781,71.05000305175781,71.05000305175781,0
2022-12-05,71.05000305175781,71.05000305175781,71.05000305175781,71.05000305175781,0
2022-12-06,71.05000305175781,71.05000305175781,71.05000305175781,71.05000305175781,0
2022-12-07,71.05000305175781,71.05000305175781,71.05000305175781,71.05000305175781,0
2022-12-08,71.05000305175781,71.05000305175781,71.05000305175781,71.05000305175781,0
2022-12-11,71.05000305175781,71.05000305175781,71.05000305175781,71.05000305175781,0
2022-12-12,71.05000305175781,71.05000305175781,71.05000305175781,71.05000305175781,0
2022-12-13,71.05000305175781,71.05000305175781,71.05000305175781,71.05000305175781,0
2022-12-14,71.05000305175781,71.05000305175781,71.05000305175781,71.05000305175781,0
2022-12-15,71.05000305175781,71.05000305175781,71.05000305175781,71.05000305175781,0
2022-12-18,71.05000305175781,71.05000305175781,71.05000305175781,71.05000305175781,0
2022-12-19,71.05000305175781,71.05000305175781,71.05000305175781,71.05000305175781,0
2022-12-20,71.05000305175781,71.05000305175781,71.05000305175781,71.05000305175781,0
2022-12-21,71.05000305175781,71.05000305175781,71.05000305175781,71.05000305175781,0
2022-12-22,71.05000305175781,71.05000305175781,71.05000305175781,71.05000305175781,0
2022-12-25,71.05000305175781,71.05000305175781,71.05000305175781,71.05000305175781,0
2022-12-26,71.05000305175781,71.05000305175781,71.05000305175781,71.05000305175781,0
2022-12-27,71.05000305175781,71.05000305175781,71.05000305175781,71.05000305175781,0
2022-12-28,71.05000305175781,71.05000305175781,71.05000305175781,71.05000305175781,0
2022-12-29,71.05000305175781,71.05000305175781,71.05000305175781,71.05000305175781,0
2023-01-02,71.05000305175781,71.05000305175781,71.05000305175781,71.05000305175781,0
2023-01-03,71.05000305175781,71.05000305175781,71.05000305175781,71.05000305175781,0
2023-01-04,71.05000305175781,71.05000305175781,71.05000305175781,71.05000305175781,0
2023-01-05,71.05000305175781,71.05000305175781,71.05000305175781,71.05000305175781,0
2023-01-09,71.05000305175781,71.05000305175781,71.05000305175781,71.05000305175781,0
2023-01-10,71.05000305175781,71.05000305175781,71.05000305175781,71.05000305175781,0
2023-01-11,71.05000305175781,71.05000305175781,71.05000305175781,71.05000305175781,0
2023-01-12,71.05000305175781,71.05000305175781,71.05000305175781,71.05000305175781,0
2023-01-15,71.05000305175781,71.05000305175781,71.05000305175781,71.05000305175781,0
2023-01-16,71.05000305175781,71.05000305175781,71.05000305175781,71.05000305175781,0
2023-01-17,71.05000305175781,71.05000305175781,71.05000305175781,71.05000305175781,0
2023-01-18,71.05000305175781,71.05000305175781,71.05000305175781,71.05000305175781,0
2023-01-19,71.05000305175781,71.05000305175781,71.05000305175781,71.05000305175781,0
2023-01-22,71.05000305175781,71.05000305175781,71.05000305175781,71.05000305175781,0
2023-01-23,71.05000305175781,71.05000305175781,71.05000305175781,71.05000305175781,0
2023-01-24,71.05000305175781,71.05000305175781,71.05000305175781,71.05000305175781,0
2023-01-25,71.05000305175781,71.05000305175781,71.05000305175781,71.05000305175781,0
2023-01-29,71.05000305175781,71.05000305175781,71.05000305175781,71.05000305175781,0
2023-01-30,71.05000305175781,71.05000305175781,71.05000305175781,71.05000305175781,0
2023-01-31,71.05000305175781,71.05000305175781,71.05000305175781,71.05000305175781,0
2023-02-01,71.05000305175781,71.05000305175781,71.05000305175781,71.05000305175781,0
2023-02-02,71.05000305175781,71.05000305175781,71.05000305175781,71.05000305175781,0
2023-02-05,71.05000305175781,71.05000305175781,71.05000305175781,71.05000305175781,0
2023-02-06,71.05000305175781,71.05000305175781,71.05000305175781,71.05000305175781,0
2023-02-07,71.05000305175781,71.05000305175781,71.05000305175781,71.05000305175781,0
2023-02-08,71.05000305175781,71.05000305175781,71.05000305175781,71.05000305175781,0
2023-02-09,71.05000305175781,71.05000305175781,71.05000305175781,71.05000305175781,0
2023-02-12,71.05000305175781,71.05000305175781,71.05000305175781,71.05000305175781,0
2023-02-13,71.05000305175781,71.05000305175781,71.05000305175781,71.05000305175781,0
2023-02-14,71.05000305175781,71.05000305175781,71.05000305175781,71.05000305175781,0
2023-02-15,71.05000305175781,71.05000305175781,71.05000305175781,71.05000305175781,0
2023-02-16,71.05000305175781,71.05000305175781,71.05000305175781,71.05000305175781,0
2023-02-19,71.05000305175781,71.05000305175781,71.05000305175781,71.05000305175781,0
2023-02-20,71.05000305175781,71.05000305175781,71.05000305175781,71.05000305175781,0
2023-02-21,71.05000305175781,71.05000305175781,71.05000305175781,71.05000305175781,0
2023-02-22,71.05000305175781,71.05000305175781,71.05000305175781,71.05000305175781,0
2023-02-23,71.05000305175781,71.05000305175781,71.05000305175781,71.05000305175781,0
2023-02-26,71.05000305175781,71.05000305175781,71.05000305175781,71.05000305175781,0
2023-02-27,71.05000305175781,71.05000305175781,71.05000305175781,71.05000305175781,0
2023-02-28,71.05000305175781,71.05000305175781,71.05000305175781,71.05000305175781,0
2023-03-01,71.05000305175781,71.05000305175781,71.05000305175781,71.05000305175781,0
2023-03-02,71.05000305175781,71.05000305175781,71.05000305175781,71.05000305175781,0
2023-03-05,71.05000305175781,71.05000305175781,71.05000305175781,71.05000305175781,0
2023-03-06,71.05000305175781,71.05000305175781,71.05000305175781,71.05000305175781,0
2023-03-07,71.05000305175781,71.05000305175781,71.05000305175781,71.05000305175781,0
2023-03-08,71.05000305175781,71.05000305175781,71.05000305175781,71.05000305175781,0
2023-03-09,71.05000305175781,71.05000305175781,71.05000305175781,71.05000305175781,0
2023-03-12,71.05000305175781,71.05000305175781,71.05000305175781,71.05000305175781,0
2023-03-13,71.05000305175781,71.05000305175781,71.05000305175781,71.05000305175781,0
2023-03-14,71.05000305175781,71.05000305175781,71.05000305175781,71.05000305175781,0
2023-03-15,71.05000305175781,71.05000305175781,71.05000305175781,71.05000305175781,0
2023-03-16,71.05000305175781,71.05000305175781,71.05000305175781,71.05000305175781,0
2023-03-19,71.05000305175781,71.05000305175781,71.05000305175781,71.05000305175781,0
2023-03-20,71.05000305175781,71.05000305175781,71.05000305175781,71.05000305175781,0
2023-03-21,71.05000305175781,71.05000305175781,71.05000305175781,71.05000305175781,0
2023-03-22,71.05000305175781,71.05000305175781,71.05000305175781,71.05000305175781,0
2023-03-23,71.05000305175781,71.05000305175781,71.05000305175781,71.05000305175781,0
2023-03-26,71.05000305175781,71.05000305175781,71.05000305175781,71.05000305175781,0
2023-03-27,71.05000305175781,71.05000305175781,71.05000305175781,71.05000305175781,0
2023-03-28,71.05000305175781,71.05000305175781,71.05000305175781,71.05000305175781,0
2023-03-29,71.05000305175781,71.05000305175781,71.05000305175781,71.05000305175781,0
2023-03-30,71.05000305175781,71.05000305175781,71.05000305175781,71.05000305175781,0
2023-04-02,71.05000305175781,71.05000305175781,71.05000305175781,71.05000305175781,0
2023-04-03,71.05000305175781,71.05000305175781,71.05000305175781,71.05000305175781,0
2023-04-04,71.05000305175781,71.05000305175781,71.05000305175781,71.05000305175781,0
2023-04-05,71.05000305175781,71.05000305175781,71.05000305175781,71.05000305175781,0
2023-04-06,71.05000305175781,71.05000305175781,71.05000305175781,71.05000305175781,0
2023-04-09,71.05000305175781,71.05000305175781,71.05000305175781,71.05000305175781,0
2023-04-10,71.05000305175781,71.05000305175781,71.05000305175781,71.05000305175781,0
2023-04-11,71.05000305175781,71.05000305175781,71.05000305175781,71.05000305175781,0
2023-04-12,71.05000305175781,71.05000305175781,71.05000305175781,71.05000305175781,0
2023-04-13,71.05000305175781,71.05000305175781,71.05000305175781,71.05000305175781,0
2023-04-18,71.05000305175781,71.05000305175781,71.05000305175781,71.05000305175781,0
2023-04-19,71.05000305175781,71.05000305175781,71.05000305175781,71.05000305175781,0
2023-04-26,71.05000305175781,71.05000305175781,71.05000305175781,71.05000305175781,0
2023-04-27,71.05000305175781,71.05000305175781,71.05000305175781,71.05000305175781,0
2023-04-30,71.05000305175781,71.05000305175781,71.05000305175781,71.05000305175781,0
2023-05-01,71.05000305175781,71.05000305175781,71.05000305175781,71.05000305175781,0
2023-05-02,71.05000305175781,71.05000305175781,71.05000305175781,71.05000305175781,0
2023-05-03,71.05000305175781,71.05000305175781,71.05000305175781,71.05000305175781,0
2023-05-07,71.05000305175781,71.05000305175781,71.05000305175781,71.05000305175781,0
2023-05-08,71.05000305175781,71.05000305175781,71.05000305175781,71.05000305175781,0
2023-05-09,71.05000305175781,71.05000305175781,71.05000305175781,71.05000305175781,0
2023-05-10,71.05000305175781,71.05000305175781,71.05000305175781,71.05000305175781,0
2023-05-11,71.05000305175781,71.05000305175781,71.05000305175781,71.05000305175781,0
2023-05-14,71.05000305175781,71.05000305175781,71.05000305175781,71.05000305175781,0
2023-05-15,71.05000305175781,71.05000305175781,71.05000305175781,71.05000305175781,0
2023-05-16,71.05000305175781,71.05000305175781,71.05000305175781,71.05000305175781,0
2023-05-17,71.05000305175781,71.05000305175781,71.05000305175781,71.05000305175781,0
2023-05-18,71.05000305175781,71.05000305175781,71.05000305175781,71.05000305175781,0
2023-05-21,71.05000305175781,71.05000305175781,71.05000305175781,71.05000305175781,0
2023-05-22,71.05000305175781,71.05000305175781,71.05000305175781,71.05000305175781,0
2023-05-23,71.05000305175781,71.05000305175781,71.05000305175781,71.05000305175781,0
2023-05-24,71.05000305175781,71.05000305175781,71.05000305175781,71.05000305175781,0
2023-05-25,71.05000305175781,71.05000305175781,71.05000305175781,71.05000305175781,0
2023-05-28,71.05000305175781,71.05000305175781,71.05000305175781,71.05000305175781,0
2023-05-29,71.05000305175781,71.05000305175781,71.05000305175781,71.05000305175781,0
2023-05-30,71.05000305175781,71.05000305175781,71.05000305175781,71.05000305175781,0
2023-05-31,71.05000305175781,71.05000305175781,71.05000305175781,71.05000305175781,0
2023-06-01,71.05000305175781,71.05000305175781,71.05000305175781,71.05000305175781,0
2023-06-04,71.05000305175781,71.05000305175781,71.05000305175781,71.05000305175781,0
2023-06-05,71.05000305175781,71.05000305175781,71.05000305175781,71.05000305175781,0
2023-06-06,71.05000305175781,71.05000305175781,71.05000305175781,71.05000305175781,0
2023-06-07,71.05000305175781,71.05000305175781,71.05000305175781,71.05000305175781,0
2023-06-08,71.05000305175781,71.05000305175781,71.05000305175781,71.05000305175781,0
2023-06-11,71.05000305175781,71.05000305175781,71.05000305175781,71.05000305175781,0
2023-06-12,71.05000305175781,71.05000305175781,71.05000305175781,71.05000305175781,0
2023-06-13,71.05000305175781,71.05000305175781,71.05000305175781,71.05000305175781,0
2023-06-14,71.05000305175781,71.05000305175781,71.05000305175781,71.05000305175781,0
2023-06-15,71.05000305175781,71.05000305175781,71.05000305175781,71.05000305175781,0
2023-06-18,71.05000305175781,71.05000305175781,71.05000305175781,71.05000305175781,0
2023-06-19,71.05000305175781,71.05000305175781,71.05000305175781,71.05000305175781,0
2023-06-20,71.05000305175781,71.05000305175781,71.05000305175781,71.05000305175781,0
2023-06-21,71.05000305175781,71.05000305175781,71.05000305175781,71.05000305175781,0
2023-06-22,71.05000305175781,71.05000305175781,71.05000305175781,71.05000305175781,0
2023-06-25,71.05000305175781,71.05000305175781,71.05000305175781,71.05000305175781,0
2023-06-26,71.05000305175781,71.05000305175781,71.05000305175781,71.05000305175781,0
2023-07-04,71.05000305175781,71.05000305175781,71.05000305175781,71.05000305175781,0
2023-07-05,71.05000305175781,71.05000305175781,71.05000305175781,71.05000305175781,0
2023-07-06,71.05000305175781,71.05000305175781,71.05000305175781,71.05000305175781,0
2023-07-09,71.05000305175781,71.05000305175781,71.05000305175781,71.05000305175781,0
2023-07-10,71.05000305175781,71.05000305175781,71.05000305175781,71.05000305175781,0
2023-07-11,71.05000305175781,71.05000305175781,71.05000305175781,71.05000305175781,0
2023-07-12,71.05000305175781,71.05000305175781,71.05000305175781,71.05000305175781,0
2023-07-13,71.05000305175781,71.05000305175781,71.05000305175781,71.05000305175781,0
2023-07-16,71.05000305175781,71.05000305175781,71.05000305175781,71.05000305175781,0
2023-07-17,71.05000305175781,71.05000305175781,71.05000305175781,71.05000305175781,0
2023-07-18,71.05000305175781,71.05000305175781,71.05000305175781,71.05000305175781,0
2023-07-19,71.05000305175781,71.05000305175781,71.05000305175781,71.05000305175781,0
2023-07-24,71.05000305175781,71.05000305175781,71.05000305175781,71.05000305175781,0
2023-07-25,71.05000305175781,71.05000305175781,71.05000305175781,71.05000305175781,0
2023-07-26,71.05000305175781,71.05000305175781,71.05000305175781,71.05000305175781,0
2023-07-27,71.05000305175781,71.05000305175781,71.05000305175781,71.05000305175781,0
2023-07-30,71.05000305175781,71.05000305175781,71.05000305175781,71.05000305175781,0
2023-07-31,71.05000305175781,71.05000305175781,71.05000305175781,71.05000305175781,0
2023-08-01,71.05000305175781,71.05000305175781,71.05000305175781,71.05000305175781,0
2023-08-02,71.05000305175781,71.05000305175781,71.05000305175781,71.05000305175781,0
2023-08-03,71.05000305175781,71.05000305175781,71.05000305175781,71.05000305175781,0
2023-08-06,71.05000305175781,71.05000305175781,71.05000305175781,71.05000305175781,0
2023-08-07,71.05000305175781,71.05000305175781,71.05000305175781,71.05000305175781,0
2023-08-08,71.05000305175781,71.05000305175781,71.05000305175781,71.05000305175781,0
2023-08-09,71.05000305175781,71.05000305175781,71.05000305175781,71.05000305175781,0
2023-08-10,71.05000305175781,71.05000305175781,71.05000305175781,71.05000305175781,0
2023-08-13,71.05000305175781,71.05000305175781,71.05000305175781,71.05000305175781,0
2023-08-14,71.05000305175781,71.05000305175781,71.05000305175781,71.05000305175781,0
2023-08-15,71.05000305175781,71.05000305175781,71.05000305175781,71.05000305175781,0
2023-08-16,71.05000305175781,71.05000305175781,71.05000305175781,71.05000305175781,0
2023-08-17,71.05000305175781,71.05000305175781,71.05000305175781,71.05000305175781,0
2023-08-20,71.05000305175781,71.05000305175781,71.05000305175781,71.05000305175781,0
2023-08-21,71.05000305175781,71.05000305175781,71.05000305175781,71.05000305175781,0
2023-08-22,71.05000305175781,71.05000305175781,71.05000305175781,71.05000305175781,0
2023-08-23,71.05000305175781,71.05000305175781,71.05000305175781,71.05000305175781,0
2023-08-24,71.05000305175781,71.05000305175781,71.05000305175781,71.05000305175781,0
2023-08-27,71.05000305175781,71.05000305175781,71.05000305175781,71.05000305175781,0
2023-08-28,71.05000305175781,71.05000305175781,71.05000305175781,71.05000305175781,0
2023-08-29,71.05000305175781,71.05000305175781,71.05000305175781,71.05000305175781,0
2023-08-30,71.05000305175781,71.05000305175781,71.05000305175781,71.05000305175781,0
2023-08-31,71.05000305175781,71.05000305175781,71.05000305175781,71.05000305175781,0
2023-09-03,71.05000305175781,71.05000305175781,71.05000305175781,71.05000305175781,0
2023-09-04,71.05000305175781,71.05000305175781,71.05000305175781,71.05000305175781,0
2023-09-05,71.05000305175781,71.05000305175781,71.05000305175781,71.05000305175781,0
2023-09-06,71.05000305175781,71.05000305175781,71.05000305175781,71.05000305175781,0
2023-09-07,71.05000305175781,71.05000305175781,71.05000305175781,71.05000305175781,0
2023-09-10,71.05000305175781,71.05000305175781,71.05000305175781,71.05000305175781,0
2023-09-11,71.05000305175781,71.05000305175781,71.05000305175781,71.05000305175781,0
2023-09-12,71.05000305175781,71.05000305175781,71.05000305175781,71.05000305175781,0
2023-09-13,71.05000305175781,71.05000305175781,71.05000305175781,71.05000305175781,0
2023-09-14,71.05000305175781,71.05000305175781,71.05000305175781,71.05000305175781,0
2023-09-17,71.05000305175781,71.05000305175781,71.05000305175781,71.05000305175781,0
2023-09-18,71.05000305175781,71.05000305175781,71.05000305175781,71.05000305175781,0
2023-09-19,71.05000305175781,71.05000305175781,71.05000305175781,71.05000305175781,0
2023-09-20,71.05000305175781,71.05000305175781,71.05000305175781,71.05000305175781,0
2023-09-21,71.05000305175781,71.05000305175781,71.05000305175781,71.05000305175781,0
2023-09-24,71.05000305175781,71.05000305175781,71.05000305175781,71.05000305175781,0
2023-09-25,71.05000305175781,71.05000305175781,71.05000305175781,71.05000305175781,0
2023-09-26,71.05000305175781,71.05000305175781,71.05000305175781,71.05000305175781,0
2023-09-27,71.05000305175781,71.05000305175781,71.05000305175781,71.05000305175781,0
2023-10-01,71.05000305175781,71.05000305175781,71.05000305175781,71.05000305175781,0
2023-10-02,71.05000305175781,71.05000305175781,71.05000305175781,71.05000305175781,0
2023-10-03,71.05000305175781,71.05000305175781,71.05000305175781,71.05000305175781,0
2023-10-04,71.05000305175781,71.05000305175781,71.05000305175781,71.05000305175781,0
2023-10-08,71.05000305175781,71.05000305175781,71.05000305175781,71.05000305175781,0
2023-10-09,71.05000305175781,71.05000305175781,71.05000305175781,71.05000305175781,0
2023-10-10,71.05000305175781,71.05000305175781,71.05000305175781,71.05000305175781,0
2023-10-11,71.05000305175781,71.05000305175781,71.05000305175781,71.05000305175781,0
2023-10-12,71.05000305175781,71.05000305175781,71.05000305175781,71.05000305175781,0
2023-10-15,71.05000305175781,71.05000305175781,71.05000305175781,71.05000305175781,0
2023-10-16,71.05000305175781,71.05000305175781,71.05000305175781,71.05000305175781,0
2023-10-17,71.05000305175781,71.05000305175781,71.05000305175781,71.05000305175781,0
2023-10-18,71.05000305175781,71.05000305175781,71.05000305175781,71.05000305175781,0
2023-10-19,71.05000305175781,71.05000305175781,71.05000305175781,71.05000305175781,0
2023-10-22,71.05000305175781,71.05000305175781,71.05000305175781,71.05000305175781,0
2023-10-23,71.05000305175781,71.05000305175781,71.05000305175781,71.05000305175781,0
2023-10-24,71.05000305175781,71.05000305175781,71.05000305175781,71.05000305175781,0
2023-10-25,71.05000305175781,71.05000305175781,71.05000305175781,71.05000305175781,0
2023-10-26,71.05000305175781,71.05000305175781,71.05000305175781,71.05000305175781,0
2023-10-29,71.05000305175781,71.05000305175781,71.05000305175781,71.05000305175781,0
2023-10-30,71.05000305175781,71.05000305175781,71.05000305175781,71.05000305175781,0
2023-10-31,71.05000305175781,71.05000305175781,71.05000305175781,71.05000305175781,0
2023-11-01,71.05000305175781,71.05000305175781,71.05000305175781,71.05000305175781,0
2023-11-02,71.05000305175781,71.05000305175781,71.05000305175781,71.05000305175781,0
2023-11-05,71.05000305175781,71.05000305175781,71.05000305175781,71.05000305175781,0
2023-11-06,71.05000305175781,71.05000305175781,71.05000305175781,71.05000305175781,0
2023-11-07,71.05000305175781,71.05000305175781,71.05000305175781,71.05000305175781,0
2023-11-08,71.05000305175781,71.05000305175781,71.05000305175781,71.05000305175781,0
2023-11-09,71.05000305175781,71.05000305175781,71.05000305175781,71.05000305175781,0
2023-11-12,71.05000305175781,71.05000305175781,71.05000305175781,71.05000305175781,0
2023-11-13,71.05000305175781,71.05000305175781,71.05000305175781,71.05000305175781,0
2023-11-14,71.05000305175781,71.05000305175781,71.05000305175781,71.05000305175781,0
2023-11-15,71.05000305175781,71.05000305175781,71.05000305175781,71.05000305175781,0
2023-11-16,71.05000305175781,71.05000305175781,71.05000305175781,71.05000305175781,0
2023-11-19,71.05000305175781,71.05000305175781,71.05000305175781,71.05000305175781,0
2023-11-20,71.05000305175781,71.05000305175781,71.05000305175781,71.05000305175781,0
2023-11-21,71.05000305175781,71.05000305175781,71.05000305175781,71.05000305175781,0
2023-11-22,71.05000305175781,71.05000305175781,71.05000305175781,71.05000305175781,0
2023-11-23,71.05000305175781,71.05000305175781,71.05000305175781,71.05000305175781,0
2023-11-26,71.05000305175781,71.05000305175781,71.05000305175781,71.05000305175781,0
2023-11-27,71.05000305175781,71.05000305175781,71.05000305175781,71.05000305175781,0
2023-11-28,71.05000305175781,71.05000305175781,71.05000305175781,71.05000305175781,0
2023-11-29,71.05000305175781,71.05000305175781,71.05000305175781,71.05000305175781,0
2023-11-30,71.05000305175781,71.05000305175781,71.05000305175781,71.05000305175781,0
2023-12-03,71.05000305175781,71.05000305175781,71.05000305175781,71.05000305175781,0
2023-12-04,71.05000305175781,71.05000305175781,71.05000305175781,71.05000305175781,0
2023-12-05,71.05000305175781,71.05000305175781,71.05000305175781,71.05000305175781,0
2023-12-06,71.05000305175781,71.05000305175781,71.05000305175781,71.05000305175781,0
2023-12-07,71.05000305175781,71.05000305175781,71.05000305175781,71.05000305175781,0
2023-12-10,71.05000305175781,71.05000305175781,71.05000305175781,71.05000305175781,0
2023-12-11,71.05000305175781,71.05000305175781,71.05000305175781,71.05000305175781,0
2023-12-12,71.05000305175781,71.05000305175781,71.05000305175781,71.05000305175781,0
2023-12-13,71.05000305175781,71.05000305175781,71.05000305175781,71.05000305175781,0
2023-12-14,71.05000305175781,71.05000305175781,71.05000305175781,71.05000305175781,0
2023-12-17,71.05000305175781,71.05000305175781,71.05000305175781,71.05000305175781,0
2023-12-18,71.05000305175781,71.05000305175781,71.05000305175781,71.05000305175781,0
2023-12-19,71.05000305175781,71.05000305175781,71.05000305175781,71.05000305175781,0
2023-12-20,71.05000305175781,71.05000305175781,71.05000305175781,71.05000305175781,0
2023-12-21,71.05000305175781,71.05000305175781,71.05000305175781,71.05000305175781,0
2023-12-24,71.05000305175781,71.05000305175781,71.05000305175781,71.05000305175781,0
2023-12-25,71.05000305175781,71.05000305175781,71.05000305175781,71.05000305175781,0
2023-12-26,71.05000305175781,71.05000305175781,71.05000305175781,71.05000305175781,0
2023-12-27,71.05000305175781,71.05000305175781,71.05000305175781,71.05000305175781,0
2023-12-28,71.05000305175781,71.05000305175781,71.05000305175781,71.05000305175781,0
2023-12-31,71.05000305175781,71.05000305175781,71.05000305175781,71.05000305175781,0
2024-01-02,71.05000305175781,71.05000305175781,71.05000305175781,71.05000305175781,0
2024-01-03,71.05000305175781,71.05000305175781,71.05000305175781,71.05000305175781,0
2024-01-04,71.05000305175781,71.05000305175781,71.05000305175781,71.05000305175781,0
2024-01-08,71.05000305175781,71.05000305175781,71.05000305175781,71.05000305175781,0
2024-01-09,71.05000305175781,71.05000305175781,71.05000305175781,71.05000305175781,0
2024-01-10,71.05000305175781,71.05000305175781,71.05000305175781,71.05000305175781,0
2024-01-11,71.05000305175781,71.05000305175781,71.05000305175781,71.05000305175781,0
2024-01-14,71.05000305175781,71.05000305175781,71.05000305175781,71.05000305175781,0
2024-01-15,71.05000305175781,71.05000305175781,71.05000305175781,71.05000305175781,0
2024-01-16,71.05000305175781,71.05000305175781,71.05000305175781,71.05000305175781,0
2024-01-17,71.05000305175781,71.05000305175781,71.05000305175781,71.05000305175781,0
2024-01-18,71.05000305175781,71.05000305175781,71.05000305175781,71.05000305175781,0
2024-01-21,71.05000305175781,71.05000305175781,71.05000305175781,71.05000305175781,0
2024-01-22,71.05000305175781,71.05000305175781,71.05000305175781,71.05000305175781,0
2024-01-23,71.05000305175781,71.05000305175781,71.05000305175781,71.05000305175781,0
2024-01-24,71.05000305175781,71.05000305175781,71.05000305175781,71.05000305175781,0
2024-01-28,71.05000305175781,71.05000305175781,71.05000305175781,71.05000305175781,0
2024-01-29,71.05000305175781,71.05000305175781,71.05000305175781,71.05000305175781,0
2024-01-30,71.05000305175781,71.05000305175781,71.05000305175781,71.05000305175781,0
2024-01-31,71.05000305175781,71.05000305175781,71.05000305175781,71.05000305175781,0
2024-02-01,71.05000305175781,71.05000305175781,71.05000305175781,71.05000305175781,0
2024-02-04,71.05000305175781,71.05000305175781,71.05000305175781,71.05000305175781,0
2024-02-05,71.05000305175781,71.05000305175781,71.05000305175781,71.05000305175781,0
2024-02-06,71.05000305175781,71.05000305175781,71.05000305175781,71.05000305175781,0
2024-02-07,71.05000305175781,71.05000305175781,71.05000305175781,71.05000305175781,0
2024-02-08,71.05000305175781,71.05000305175781,71.05000305175781,71.05000305175781,0
2024-02-11,71.05000305175781,71.05000305175781,71.05000305175781,71.05000305175781,0
2024-02-12,71.05000305175781,71.05000305175781,71.05000305175781,71.05000305175781,0
2024-02-13,71.05000305175781,71.05000305175781,71.05000305175781,71.05000305175781,0
2024-02-14,71.05000305175781,71.05000305175781,71.05000305175781,71.05000305175781,0
2024-02-15,71.05000305175781,71.05000305175781,71.05000305175781,71.05000305175781,0
2024-02-18,71.05000305175781,71.05000305175781,71.05000305175781,71.05000305175781,0
2024-02-19,71.05000305175781,71.05000305175781,71.05000305175781,71.05000305175781,0
2024-02-20,71.05000305175781,71.05000305175781,71.05000305175781,71.05000305175781,0
2024-02-21,71.05000305175781,71.05000305175781,71.05000305175781,71.05000305175781,0
2024-02-22,71.05000305175781,71.05000305175781,71.05000305175781,71.05000305175781,0
2024-02-25,71.05000305175781,71.05000305175781,71.05000305175781,71.05000305175781,0
2024-02-26,71.05000305175781,71.05000305175781,71.05000305175781,71.05000305175781,0
2024-02-27,71.05000305175781,71.05000305175781,71.05000305175781,71.05000305175781,0
2024-02-28,71.05000305175781,71.05000305175781,71.05000305175781,71.05000305175781,0
2024-02-29,71.05000305175781,71.05000305175781,71.05000305175781,71.05000305175781,0
2024-03-03,71.05000305175781,71.05000305175781,71.05000305175781,71.05000305175781,0
2024-03-04,71.05000305175781,71.05000305175781,71.05000305175781,71.05000305175781,0
2024-03-05,71.05000305175781,71.05000305175781,71.05000305175781,71.05000305175781,0
2024-03-06,71.05000305175781,71.05000305175781,71.05000305175781,71.05000305175781,0
2024-03-07,71.05000305175781,71.05000305175781,71.05000305175781,71.05000305175781,0
2024-03-10,71.05000305175781,71.05000305175781,71.05000305175781,71.05000305175781,0
2024-03-11,71.05000305175781,71.05000305175781,71.05000305175781,71.05000305175781,0
2024-03-12,71.05000305175781,71.05000305175781,71.05000305175781,71.05000305175781,0
2024-03-13,71.05000305175781,71.05000305175781,71.05000305175781,71.05000305175781,0
2024-03-14,71.05000305175781,71.05000305175781,71.05000305175781,71.05000305175781,0
2024-03-17,71.05000305175781,71.05000305175781,71.05000305175781,71.05000305175781,0
2024-03-18,71.05000305175781,71.05000305175781,71.05000305175781,71.05000305175781,0
2024-03-19,71.05000305175781,71.05000305175781,71.05000305175781,71.05000305175781,0
2024-03-20,71.05000305175781,71.05000305175781,71.05000305175781,71.05000305175781,0
2024-03-21,71.05000305175781,71.05000305175781,71.05000305175781,71.05000305175781,0
2024-03-24,71.05000305175781,71.05000305175781,71.05000305175781,71.05000305175781,0
2024-03-25,71.05000305175781,71.05000305175781,71.05000305175781,71.05000305175781,0
2024-03-26,71.05000305175781,71.05000305175781,71.05000305175781,71.05000305175781,0
2024-03-27,71.05000305175781,71.05000305175781,71.05000305175781,71.05000305175781,0
2024-03-28,71.05000305175781,71.05000305175781,71.05000305175781,71.05000305175781,0
2024-03-31,71.05000305175781,71.05000305175781,71.05000305175781,71.05000305175781,0
2024-04-01,71.05000305175781,71.05000305175781,71.05000305175781,71.05000305175781,0
2024-04-02,71.05000305175781,71.05000305175781,71.05000305175781,71.05000305175781,0
2024-04-03,71.05000305175781,71.05000305175781,71.05000305175781,71.05000305175781,0
2024-04-04,71.05000305175781,71.05000305175781,71.05000305175781,71.05000305175781,0
2024-04-07,71.05000305175781,71.05000305175781,71.05000305175781,71.05000305175781,0
2024-04-08,71.05000305175781,71.05000305175781,71.05000305175781,71.05000305175781,0
2024-04-15,71.05000305175781,71.05000305175781,71.05000305175781,71.05000305175781,0
2024-04-16,71.05000305175781,71.05000305175781,71.05000305175781,71.05000305175781,0
2024-04-17,71.05000305175781,71.05000305175781,71.05000305175781,71.05000305175781,0
2024-04-18,71.05000305175781,71.05000305175781,71.05000305175781,71.05000305175781,0
2024-04-21,71.05000305175781,71.05000305175781,71.05000305175781,71.05000305175781,0
2024-04-22,71.05000305175781,71.05000305175781,71.05000305175781,71.05000305175781,0
2024-04-23,71.05000305175781,71.05000305175781,71.05000305175781,71.05000305175781,0
2024-04-24,71.05000305175781,71.05000305175781,71.05000305175781,71.05000305175781,0
2024-04-28,71.05000305175781,71.05000305175781,71.05000305175781,71.05000305175781,0
2024-04-29,71.05000305175781,71.05000305175781,71.05000305175781,71.05000305175781,0
2024-04-30,71.05000305175781,71.05000305175781,71.05000305175781,71.05000305175781,0
2024-05-01,71.05000305175781,71.05000305175781,71.05000305175781,71.05000305175781,0
2024-05-02,71.05000305175781,71.05000305175781,71.05000305175781,71.05000305175781,0
2024-05-07,71.05000305175781,71.05000305175781,71.05000305175781,71.05000305175781,0
2024-05-08,71.05000305175781,71.05000305175781,71.05000305175781,71.05000305175781,0
2024-05-09,71.05000305175781,71.05000305175781,71.05000305175781,71.05000305175781,0
2024-05-12,71.05000305175781,71.05000305175781,71.05000305175781,71.05000305175781,0
2024-05-13,71.05000305175781,71.05000305175781,71.05000305175781,71.05000305175781,0
2024-05-14,71.05000305175781,71.05000305175781,71.05000305175781,71.05000305175781,0
2024-05-15,71.05000305175781,71.05000305175781,71.05000305175781,71.05000305175781,0
2024-05-16,71.05000305175781,71.05000305175781,71.05000305175781,71.05000305175781,0
2024-05-19,71.05000305175781,71.05000305175781,71.05000305175781,71.05000305175781,0
2024-05-20,71.05000305175781,71.05000305175781,71.05000305175781,71.05000305175781,0
2024-05-21,71.05000305175781,71.05000305175781,71.05000305175781,71.05000305175781,0
2024-05-22,71.05000305175781,71.05000305175781,71.05000305175781,71.05000305175781,0
2024-05-23,71.05000305175781,71.05000305175781,71.05000305175781,71.05000305175781,0
2024-05-26,71.05000305175781,71.05000305175781,71.05000305175781,71.05000305175781,0
2024-05-27,71.05000305175781,71.05000305175781,71.05000305175781,71.05000305175781,0
2024-05-28,71.05000305175781,71.05000305175781,71.05000305175781,71.05000305175781,0
2024-05-29,71.05000305175781,71.05000305175781,71.05000305175781,71.05000305175781,0
2024-05-30,71.05000305175781,71.05000305175781,71.05000305175781,71.05000305175781,0
2024-06-02,71.05000305175781,71.05000305175781,71.05000305175781,71.05000305175781,0
2024-06-03,71.05000305175781,71.05000305175781,71.05000305175781,71.05000305175781,0
2024-06-04,71.05000305175781,71.05000305175781,71.05000305175781,71.05000305175781,0
2024-06-05,71.05000305175781,71.05000305175781,71.05000305175781,71.05000305175781,0
2024-06-06,71.05000305175781,71.05000305175781,71.05000305175781,71.05000305175781,0
2024-06-09,71.05000305175781,71.05000305175781,71.05000305175781,71.05000305175781,0
2024-06-10,71.05000305175781,71.05000305175781,71.05000305175781,71.05000305175781,0
2024-06-11,71.05000305175781,71.05000305175781,71.05000305175781,71.05000305175781,0
2024-06-12,71.05000305175781,71.05000305175781,71.05000305175781,71.05000305175781,0
2024-06-13,71.05000305175781,71.05000305175781,71.05000305175781,71.05000305175781,0
2024-06-23,71.05000305175781,71.05000305175781,71.05000305175781,71.05000305175781,0
2024-06-24,71.05000305175781,71.05000305175781,71.05000305175781,71.05000305175781,0
2024-06-25,71.05000305175781,71.05000305175781,71.05000305175781,71.05000305175781,0
2024-06-26,71.05000305175781,71.05000305175781,71.05000305175781,71.05000305175781,0
2024-06-27,71.05000305175781,71.05000305175781,71.05000305175781,71.05000305175781,0
2024-07-01,71.05000305175781,71.05000305175781,71.05000305175781,71.05000305175781,0
2024-07-02,71.05000305175781,71.05000305175781,71.05000305175781,71.05000305175781,0
2024-07-03,71.05000305175781,71.05000305175781,71.05000305175781,71.05000305175781,0
2024-07-04,71.05000305175781,71.05000305175781,71.05000305175781,71.05000305175781,0
2024-07-07,71.05000305175781,71.05000305175781,71.05000305175781,71.05000305175781,0
2024-07-08,71.05000305175781,71.05000305175781,71.05000305175781,71.05000305175781,0
2024-07-09,71.05000305175781,71.05000305175781,71.05000305175781,71.05000305175781,0
2024-07-10,71.05000305175781,71.05000305175781,71.05000305175781,71.05000305175781,0
2024-07-14,71.05000305175781,71.05000305175781,71.05000305175781,71.05000305175781,0
2024-07-15,71.05000305175781,71.05000305175781,71.05000305175781,71.05000305175781,0
2024-07-16,71.05000305175781,71.05000305175781,71.05000305175781,71.05000305175781,0
2024-07-17,71.05000305175781,71.05000305175781,71.05000305175781,71.05000305175781,0
2024-07-18,71.05000305175781,71.05000305175781,71.05000305175781,71.05000305175781,0
2024-07-21,71.05000305175781,71.05000305175781,71.05000305175781,71.05000305175781,0
2024-07-22,71.05000305175781,71.05000305175781,71.05000305175781,71.05000305175781,0
2024-07-23,71.05000305175781,71.05000305175781,71.05000305175781,71.05000305175781,0
2024-07-24,71.05000305175781,71.05000305175781,71.05000305175781,71.05000305175781,0
2024-07-28,71.05000305175781,71.05000305175781,71.05000305175781,71.05000305175781,0
2024-07-29,71.05000305175781,71.05000305175781,71.05000305175781,71.05000305175781,0
2024-07-30,71.05000305175781,71.05000305175781,71.05000305175781,71.05000305175781,0
2024-07-31,71.05000305175781,71.05000305175781,71.05000305175781,71.05000305175781,0
2024-08-01,71.05000305175781,71.05000305175781,71.05000305175781,71.05000305175781,0
2024-08-04,71.05000305175781,71.05000305175781,71.05000305175781,71.05000305175781,0
2024-08-05,71.05000305175781,71.05000305175781,71.05000305175781,71.05000305175781,0
2024-08-06,71.05000305175781,71.05000305175781,71.05000305175781,71.05000305175781,0
2024-08-07,71.05000305175781,71.05000305175781,71.05000305175781,71.05000305175781,0
2024-08-08,71.05000305175781,71.05000305175781,71.05000305175781,71.05000305175781,0
2024-08-11,71.05000305175781,71.05000305175781,71.05000305175781,71.05000305175781,0
2024-08-12,71.05000305175781,71.05000305175781,71.05000305175781,71.05000305175781,0
2024-08-13,71.05000305175781,71.05000305175781,71.05000305175781,71.05000305175781,0
2024-08-14,71.05000305175781,71.05000305175781,71.05000305175781,71.05000305175781,0
2024-08-15,71.05000305175781,71.05000305175781,71.05000305175781,71.05000305175781,0
2024-08-18,71.05000305175781,71.05000305175781,71.05000305175781,71.05000305175781,0
2024-08-19,71.05000305175781,71.05000305175781,71.05000305175781,71.05000305175781,0
2024-08-20,71.05000305175781,71.05000305175781,71.05000305175781,71.05000305175781,0
2024-08-21,71.05000305175781,71.05000305175781,71.05000305175781,71.05000305175781,0
2024-08-22,71.05000305175781,71.05000305175781,71.05000305175781,71.05000305175781,0
2024-08-25,71.05000305175781,71.05000305175781,71.05000305175781,71.05000305175781,0
2024-08-26,71.05000305175781,71.05000305175781,71.05000305175781,71.05000305175781,0
2024-08-27,71.05000305175781,71.05000305175781,71.05000305175781,71.05000305175781,0
2024-08-28,71.05000305175781,71.05000305175781,71.05000305175781,71.05000305175781,0
2024-08-29,71.05000305175781,71.05000305175781,71.05000305175781,71.05000305175781,0
2024-09-01,71.05000305175781,71.05000305175781,71.05000305175781,71.05000305175781,0
2024-09-02,71.05000305175781,71.05000305175781,71.05000305175781,71.05000305175781,0
2024-09-03,71.05000305175781,71.05000305175781,71.05000305175781,71.05000305175781,0
2024-09-04,71.05000305175781,71.05000305175781,71.05000305175781,71.05000305175781,0
2024-09-05,71.05000305175781,71.05000305175781,71.05000305175781,71.05000305175781,0
2024-09-08,71.05000305175781,71.05000305175781,71.05000305175781,71.05000305175781,0
2024-09-09,71.05000305175781,71.05000305175781,71.05000305175781,71.05000305175781,0
2024-09-10,71.05000305175781,71.05000305175781,71.05000305175781,71.05000305175781,0
2024-09-11,71.05000305175781,71.05000305175781,71.05000305175781,71.05000305175781,0
2024-09-12,71.05000305175781,71.05000305175781,71.05000305175781,71.05000305175781,0
2024-09-16,71.05000305175781,71.05000305175781,71.05000305175781,71.05000305175781,0
2024-09-17,71.05000305175781,71.05000305175781,71.05000305175781,71.05000305175781,0
2024-09-18,71.05000305175781,71.05000305175781,71.05000305175781,71.05000305175781,0
2024-09-19,71.05000305175781,71.05000305175781,71.05000305175781,71.05000305175781,0
2024-09-22,71.05000305175781,71.05000305175781,71.05000305175781,71.05000305175781,0
2024-09-23,71.05000305175781,71.05000305175781,71.05000305175781,71.05000305175781,0
2024-09-24,71.05000305175781,71.05000305175781,71.05000305175781,71.05000305175781,0
2024-09-25,71.05000305175781,71.05000305175781,71.05000305175781,71.05000305175781,0
2024-09-26,71.05000305175781,71.05000305175781,71.05000305175781,71.05000305175781,0
2024-09-29,71.05000305175781,71.05000305175781,71.05000305175781,71.05000305175781,0
2024-09-30,71.05000305175781,71.05000305175781,71.05000305175781,71.05000305175781,0
2024-10-01,71.05000305175781,71.05000305175781,71.05000305175781,71.05000305175781,0
2024-10-02,71.05000305175781,71.05000305175781,71.05000305175781,71.05000305175781,0
2024-10-03,71.05000305175781,71.05000305175781,71.05000305175781,71.05000305175781,0
2024-10-07,71.05000305175781,71.05000305175781,71.05000305175781,71.05000305175781,0
2024-10-08,71.05000305175781,71.05000305175781,71.05000305175781,71.05000305175781,0
2024-10-09,71.05000305175781,71.05000305175781,71.05000305175781,71.05000305175781,0
2024-10-10,71.05000305175781,71.05000305175781,71.05000305175781,71.05000305175781,0
2024-10-13,71.05000305175781,71.05000305175781,71.05000305175781,71.05000305175781,0
2024-10-14,71.05000305175781,71.05000305175781,71.05000305175781,71.05000305175781,0
2024-10-15,71.05000305175781,71.05000305175781,71.05000305175781,71.05000305175781,0
2024-10-16,71.05000305175781,71.05000305175781,71.05000305175781,71.05000305175781,0
2024-10-17,71.05000305175781,71.05000305175781,71.05000305175781,71.05000305175781,0
2024-10-20,71.05000305175781,71.05000305175781,71.05000305175781,71.05000305175781,0
2024-10-21,71.05000305175781,71.05000305175781,71.05000305175781,71.05000305175781,0
2024-10-22,71.05000305175781,71.05000305175781,71.05000305175781,71.05000305175781,0
2024-10-23,71.05000305175781,71.05000305175781,71.05000305175781,71.05000305175781,0
2024-10-24,71.05000305175781,71.05000305175781,71.05000305175781,71.05000305175781,0
2024-10-27,71.05000305175781,71.05000305175781,71.05000305175781,71.05000305175781,0
2024-10-28,71.05000305175781,71.05000305175781,71.05000305175781,71.05000305175781,0
2024-10-29,71.05000305175781,71.05000305175781,71.05000305175781,71.05000305175781,0
2024-10-30,71.05000305175781,71.05000305175781,71.05000305175781,71.05000305175781,0
2024-10-31,71.05000305175781,71.05000305175781,71.05000305175781,71.05000305175781,0
2024-11-03,71.05000305175781,71.05000305175781,71.05000305175781,71.05000305175781,0
2024-11-04,71.05000305175781,71.05000305175781,71.05000305175781,71.05000305175781,0
2024-11-05,71.05000305175781,71.05000305175781,71.05000305175781,71.05000305175781,0
2024-11-06,71.05000305175781,71.05000305175781,71.05000305175781,71.05000305175781,0
2024-11-07,71.05000305175781,71.05000305175781,71.05000305175781,71.05000305175781,0
2024-11-10,71.05000305175781,71.05000305175781,71.05000305175781,71.05000305175781,0
2024-11-11,71.05000305175781,71.05000305175781,71.05000305175781,71.05000305175781,0
2024-11-12,71.05000305175781,71.05000305175781,71.05000305175781,71.05000305175781,0
2024-11-13,71.05000305175781,71.05000305175781,71.05000305175781,71.05000305175781,0
2024-11-14,71.05000305175781,71.05000305175781,71.05000305175781,71.05000305175781,0
2024-11-17,71.05000305175781,71.05000305175781,71.05000305175781,71.05000305175781,0
2024-11-18,71.05000305175781,71.05000305175781,71.05000305175781,71.05000305175781,0
2024-11-19,71.05000305175781,71.05000305175781,71.05000305175781,71.05000305175781,0
2024-11-20,71.05000305175781,71.05000305175781,71.05000305175781,71.05000305175781,0
2024-11-21,71.05000305175781,71.05000305175781,71.05000305175781,71.05000305175781,0
2024-11-24,71.05000305175781,71.05000305175781,71.05000305175781,71.05000305175781,0
2024-11-25,71.05000305175781,71.05000305175781,71.05000305175781,71.05000305175781,0
2024-11-26,71.05000305175781,71.05000305175781,71.05000305175781,71.05000305175781,0
2024-11-27,71.05000305175781,71.05000305175781,71.05000305175781,71.05000305175781,0
2024-11-28,71.05000305175781,71.05000305175781,71.05000305175781,71.05000305175781,0
2024-12-01,71.05000305175781,71.05000305175781,71.05000305175781,71.05000305175781,0
2024-12-02,71.05000305175781,71.05000305175781,71.05000305175781,71.05000305175781,0
2024-12-03,71.05000305175781,71.05000305175781,71.05000305175781,71.05000305175781,0
2024-12-04,71.05000305175781,71.05000305175781,71.05000305175781,71.05000305175781,0
2024-12-05,71.05000305175781,71.05000305175781,71.05000305175781,71.05000305175781,0
2024-12-08,71.05000305175781,71.05000305175781,71.05000305175781,71.05000305175781,0
2024-12-09,71.05000305175781,71.05000305175781,71.05000305175781,71.05000305175781,0
2024-12-10,71.05000305175781,71.05000305175781,71.05000305175781,71.05000305175781,0
2024-12-11,71.05000305175781,71.05000305175781,71.05000305175781,71.05000305175781,0
2024-12-12,71.05000305175781,71.05000305175781,71.05000305175781,71.05000305175781,0
2024-12-15,71.05000305175781,71.05000305175781,71.05000305175781,71.05000305175781,0
2024-12-16,71.05000305175781,71.05000305175781,71.05000305175781,71.05000305175781,0
2024-12-17,71.05000305175781,71.05000305175781,71.05000305175781,71.05000305175781,0
2024-12-18,71.05000305175781,71.05000305175781,71.05000305175781,71.05000305175781,0
2024-12-19,71.05000305175781,71.05000305175781,71.05000305175781,71.05000305175781,0
2024-12-22,71.05000305175781,71.05000305175781,71.05000305175781,71.05000305175781,0
2024-12-23,71.05000305175781,71.05000305175781,71.05000305175781,71.05000305175781,0
2024-12-24,71.05000305175781,71.05000305175781,71.05000305175781,71.05000305175781,0
2024-12-25,71.05000305175781,71.05000305175781,71.05000305175781,71.05000305175781,0
2024-12-26,71.05000305175781,71.05000305175781,71.05000305175781,71.05000305175781,0
2024-12-29,71.05000305175781,71.05000305175781,71.05000305175781,71.05000305175781,0
2024-12-30,71.05000305175781,71.05000305175781,71.05000305175781,71.05000305175781,0
2024-12-31,71.05000305175781,71.05000305175781,71.05000305175781,71.05000305175781,0
2025-01-02,71.05000305175781,71.05000305175781,71.05000305175781,71.05000305175781,0
2025-01-05,71.05000305175781,71.05000305175781,71.05000305175781,71.05000305175781,0
2025-01-06,71.05000305175781,71.05000305175781,71.05000305175781,71.05000305175781,0
2025-01-08,71.05000305175781,71.05000305175781,71.05000305175781,71.05000305175781,0
2025-01-09,71.05000305175781,71.05000305175781,71.05000305175781,71.05000305175781,0
2025-01-12,71.05000305175781,71.05000305175781,71.05000305175781,71.05000305175781,0
2025-01-13,71.05000305175781,71.05000305175781,71.05000305175781,71.05000305175781,0
2025-01-14,71.05000305175781,71.05000305175781,71.05000305175781,71.05000305175781,0
2025-01-15,71.05000305175781,71.05000305175781,71.05000305175781,71.05000305175781,0
2025-01-16,71.05000305175781,71.05000305175781,71.05000305175781,71.05000305175781,0
2025-01-19,71.05000305175781,71.05000305175781,71.05000305175781,71.05000305175781,0
2025-01-20,71.05000305175781,71.05000305175781,71.05000305175781,71.05000305175781,0
2025-01-21,71.05000305175781,71.05000305175781,71.05000305175781,71.05000305175781,0
2025-01-22,71.05000305175781,71.05000305175781,71.05000305175781,71.05000305175781,0
2025-01-23,71.05000305175781,71.05000305175781,71.05000305175781,71.05000305175781,0
2025-01-26,71.05000305175781,71.05000305175781,71.05000305175781,71.05000305175781,0
2025-01-27,71.05000305175781,71.05000305175781,71.05000305175781,71.05000305175781,0
2025-01-28,71.05000305175781,71.05000305175781,71.05000305175781,71.05000305175781,0
2025-01-29,71.05000305175781,71.05000305175781,71.05000305175781,71.05000305175781,0
2025-01-30,71.05000305175781,71.05000305175781,71.05000305175781,71.05000305175781,0
2025-02-02,71.05000305175781,71.05000305175781,71.05000305175781,71.05000305175781,0
2025-02-03,71.05000305175781,71.05000305175781,71.05000305175781,71.05000305175781,0
2025-02-04,71.05000305175781,71.05000305175781,71.05000305175781,71.05000305175781,0
2025-02-05,71.05000305175781,71.05000305175781,71.05000305175781,71.05000305175781,0
2025-02-06,71.05000305175781,71.05000305175781,71.05000305175781,71.05000305175781,0
2025-02-09,71.05000305175781,71.05000305175781,71.05000305175781,71.05000305175781,0
2025-02-10,71.05000305175781,71.05000305175781,71.05000305175781,71.05000305175781,0
2025-02-11,71.05000305175781,71.05000305175781,71.05000305175781,71.05000305175781,0
2025-02-12,71.05000305175781,71.05000305175781,71.05000305175781,71.05000305175781,0
2025-02-13,71.05000305175781,71.05000305175781,71.05000305175781,71.05000305175781,0
2025-02-16,71.05000305175781,71.05000305175781,71.05000305175781,71.05000305175781,0
2025-02-17,71.05000305175781,71.05000305175781,71.05000305175781,71.05000305175781,0
2025-02-18,71.05000305175781,71.05000305175781,71.05000305175781,71.05000305175781,0
2025-02-19,71.05000305175781,71.05000305175781,71.05000305175781,71.05000305175781,0
2025-02-20,71.05000305175781,71.05000305175781,71.05000305175781,71.05000305175781,0
2025-02-23,71.05000305175781,71.05000305175781,71.05000305175781,71.05000305175781,0
2025-02-24,71.05000305175781,71.05000305175781,71.05000305175781,71.05000305175781,0
2025-02-25,71.05000305175781,71.05000305175781,71.05000305175781,71.05000305175781,0
2025-02-26,71.05000305175781,71.05000305175781,71.05000305175781,71.05000305175781,0
2025-02-27,71.05000305175781,71.05000305175781,71.05000305175781,71.05000305175781,0
2025-03-02,71.05000305175781,71.05000305175781,71.05000305175781,71.05000305175781,0
2025-03-03,71.05000305175781,71.05000305175781,71.05000305175781,71.05000305175781,0
2025-03-04,71.05000305175781,71.05000305175781,71.05000305175781,71.05000305175781,0
2025-03-05,71.05000305175781,71.05000305175781,71.05000305175781,71.05000305175781,0
2025-03-06,71.05000305175781,71.05000305175781,71.05000305175781,71.05000305175781,0
2025-03-09,71.05000305175781,71.05000305175781,71.05000305175781,71.05000305175781,0
2025-03-10,71.05000305175781,71.05000305175781,71.05000305175781,71.05000305175781,0
2025-03-11,71.05000305175781,71.05000305175781,71.05000305175781,71.05000305175781,0
2025-03-12,71.05000305175781,71.05000305175781,71.05000305175781,71.05000305175781,0
2025-03-13,71.05000305175781,71.05000305175781,71.05000305175781,71.05000305175781,0
2025-03-16,71.05000305175781,71.05000305175781,71.05000305175781,71.05000305175781,0
2025-03-17,71.05000305175781,71.05000305175781,71.05000305175781,71.05000305175781,0
2025-03-18,71.05000305175781,71.05000305175781,71.05000305175781,71.05000305175781,0
2025-03-19,71.05000305175781,71.05000305175781,71.05000305175781,71.05000305175781,0
2025-03-20,71.05000305175781,71.05000305175781,71.05000305175781,71.05000305175781,0
2025-03-23,71.05000305175781,71.05000305175781,71.05000305175781,71.05000305175781,0
2025-03-24,71.05000305175781,71.05000305175781,71.05000305175781,71.05000305175781,0
2025-03-25,71.05000305175781,71.05000305175781,71.05000305175781,71.05000305175781,0
2025-03-26,71.05000305175781,71.05000305175781,71.05000305175781,71.05000305175781,0
2025-03-27,71.05000305175781,71.05000305175781,71.05000305175781,71.05000305175781,0
2025-04-03,71.05000305175781,71.05000305175781,71.05000305175781,71.05000305175781,0
2025-04-06,71.05000305175781,71.05000305175781,71.05000305175781,71.05000305175781,0
2025-04-07,71.05000305175781,71.05000305175781,71.05000305175781,71.05000305175781,0
2025-04-08,71.05000305175781,71.05000305175781,71.05000305175781,71.05000305175781,0
2025-04-09,71.05000305175781,71.05000305175781,71.05000305175781,71.05000305175781,0
2025-04-10,71.05000305175781,71.05000305175781,71.05000305175781,71.05000305175781,0
2025-04-13,71.05000305175781,71.05000305175781,71.05000305175781,71.05000305175781,0
2025-04-14,71.05000305175781,71.05000305175781,71.05000305175781,71.05000305175781,0
2025-04-15,71.05000305175781,71.05000305175781,71.05000305175781,71.05000305175781,0
2025-04-16,71.05000305175781,71.05000305175781,71.05000305175781,71.05000305175781,0
2025-04-17,71.05000305175781,71.05000305175781,71.05000305175781,71.05000305175781,0
2025-04-22,71.05000305175781,71.05000305175781,71.05000305175781,71.05000305175781,0
2025-04-23,71.05000305175781,71.05000305175781,71.05000305175781,71.05000305175781,0
2025-04-27,71.05000305175781,71.05000305175781,71.05000305175781,71.05000305175781,0
2025-04-28,71.05000305175781,71.05000305175781,71.05000305175781,71.05000305175781,0
2025-04-29,71.05000305175781,71.05000305175781,71.05000305175781,71.05000305175781,0
2025-04-30,71.05000305175781,71.05000305175781,71.05000305175781,71.05000305175781,0
2025-05-04,71.05000305175781,71.05000305175781,71.05000305175781,71.05000305175781,0
2025-05-05,71.05000305175781,71.05000305175781,71.05000305175781,71.05000305175781,0
2025-05-06,71.05000305175781,71.05000305175781,71.05000305175781,71.05000305175781,0
2025-05-07,71.05000305175781,71.05000305175781,71.05000305175781,71.05000305175781,0
2025-05-08,71.05000305175781,71.05000305175781,71.05000305175781,71.05000305175781,0
2025-05-11,71.05000305175781,71.05000305175781,71.05000305175781,71.05000305175781,0
2025-05-12,71.05000305175781,71.05000305175781,71.05000305175781,71.05000305175781,0
2025-05-13,71.05000305175781,71.05000305175781,71.05000305175781,71.05000305175781,0
2025-05-14,71.05000305175781,71.05000305175781,71.05000305175781,71.05000305175781,0
2025-05-15,71.05000305175781,71.05000305175781,71.05000305175781,71.05000305175781,0
2025-05-18,71.05000305175781,71.05000305175781,71.05000305175781,71.05000305175781,0
2025-05-19,71.05000305175781,71.05000305175781,71.05000305175781,71.05000305175781,0
2025-05-20,71.05000305175781,71.05000305175781,71.05000305175781,71.05000305175781,0
2025-05-21,71.05000305175781,71.05000305175781,71.05000305175781,71.05000305175781,0
2025-05-22,71.05000305175781,71.05000305175781,71.05000305175781,71.05000305175781,0
2025-05-25,71.05000305175781,71.05000305175781,71.05000305175781,71.05000305175781,0
2025-05-26,71.05000305175781,71.05000305175781,71.05000305175781,71.05000305175781,0
2025-05-27,71.05000305175781,71.05000305175781,71.05000305175781,71.05000305175781,0
2025-05-28,71.05000305175781,71.05000305175781,71.05000305175781,71.05000305175781,0
2025-05-29,71.05000305175781,71.05000305175781,71.05000305175781,71.05000305175781,0
2025-06-01,71.05000305175781,71.05000305175781,71.05000305175781,71.05000305175781,0
2025-06-02,71.05000305175781,71.05000305175781,71.05000305175781,71.05000305175781,0
2025-06-03,71.05000305175781,71.05000305175781,71.05000305175781,71.05000305175781,0
2025-06-04,71.05000305175781,71.05000305175781,71.05000305175781,71.05000305175781,0
2025-06-10,71.05000305175781,71.05000305175781,71.05000305175781,71.05000305175781,0
2025-06-11,71.05000305175781,71.05000305175781,71.05000305175781,71.05000305175781,0
2025-06-12,71.05000305175781,71.05000305175781,71.05000305175781,71.05000305175781,0
2025-06-15,71.05000305175781,71.05000305175781,71.05000305175781,71.05000305175781,0
2025-06-16,71.05000305175781,71.05000305175781,71.05000305175781,71.05000305175781,0
2025-06-17,71.05000305175781,71.05000305175781,71.05000305175781,71.05000305175781,0
2025-06-18,71.05000305175781,71.05000305175781,71.05000305175781,71.05000305175781,0
2025-06-19,71.05000305175781,71.05000305175781,71.05000305175781,71.05000305175781,0
2025-06-22,71.05000305175781,71.05000305175781,71.05000305175781,71.05000305175781,0
2025-06-23,71.05000305175781,71.05000305175781,71.05000305175781,71.05000305175781,0
2025-06-24,71.05000305175781,71.05000305175781,71.05000305175781,71.05000305175781,0
2025-06-25,71.05000305175781,71.05000305175781,71.05000305175781,71.05000305175781,0
2025-06-29,71.05000305175781,71.05000305175781,71.05000305175781,71.05000305175781,0
2025-06-30,71.05000305175781,71.05000305175781,71.05000305175781,71.05000305175781,0
2025-07-01,71.05000305175781,71.05000305175781,71.05000305175781,71.05000305175781,0
2025-07-02,71.05000305175781,71.05000305175781,71.05000305175781,71.05000305175781,0
2025-07-06,71.05000305175781,71.05000305175781,71.05000305175781,71.05000305175781,0
2025-07-07,71.05000305175781,71.05000305175781,71.05000305175781,71.05000305175781,0
2025-07-09,71.05000305175781,71.05000305175781,71.05000305175781,71.05000305175781,0
2025-07-10,71.05000305175781,71.05000305175781,71.05000305175781,71.05000305175781,0
2025-07-13,71.05000305175781,71.05000305175781,71.05000305175781,71.05000305175781,0
2025-07-14,71.05000305175781,71.05000305175781,71.05000305175781,71.05000305175781,0
2025-07-15,71.05000305175781,71.05000305175781,71.05000305175781,71.05000305175781,0
2025-07-16,71.05000305175781,71.05000305175781,71.05000305175781,71.05000305175781,0
2025-07-17,71.05000305175781,71.05000305175781,71.05000305175781,71.05000305175781,0
2025-07-20,71.05000305175781,71.05000305175781,71.05000305175781,71.05000305175781,0
2025-07-21,71.05000305175781,71.05000305175781,71.05000305175781,71.05000305175781,0
2025-07-22,71.05000305175781,71.05000305175781,71.05000305175781,71.05000305175781,0
2025-07-23,71.05000305175781,71.05000305175781,71.05000305175781,71.05000305175781,0
2025-07-27,71.05000305175781,71.05000305175781,71.05000305175781,71.05000305175781,0
2025-07-28,71.05000305175781,71.05000305175781,71.05000305175781,71.05000305175781,0
2025-07-29,71.05000305175781,71.05000305175781,71.05000305175781,71.05000305175781,0
2025-07-30,71.05000305175781,71.05000305175781,71.05000305175781,71.05000305175781,0
2025-07-31,71.05000305175781,71.05000305175781,71.05000305175781,71.05000305175781,0
2025-08-03,71.05000305175781,71.05000305175781,71.05000305175781,71.05000305175781,0
2025-08-04,71.05000305175781,71.05000305175781,71.05000305175781,71.05000305175781,0
2025-08-05,71.05000305175781,71.05000305175781,71.05000305175781,71.05000305175781,0
2025-08-06,71.05000305175781,71.05000305175781,71.05000305175781,71.05000305175781,0
2025-08-07,71.05000305175781,71.05000305175781,71.05000305175781,71.05000305175781,0
2025-08-10,71.05000305175781,71.05000305175781,71.05000305175781,71.05000305175781,0
2025-08-11,71.05000305175781,71.05000305175781,71.05000305175781,71.05000305175781,0
2025-08-12,71.05000305175781,71.05000305175781,71.05000305175781,71.05000305175781,0
2025-08-13,71.05000305175781,71.05000305175781,71.05000305175781,71.05000305175781,0
2025-08-14,71.05000305175781,71.05000305175781,71.05000305175781,71.05000305175781,0
2025-08-17,71.05000305175781,71.05000305175781,71.05000305175781,71.05000305175781,0
2025-08-18,71.05000305175781,71.05000305175781,71.05000305175781,71.05000305175781,0
2025-08-19,71.05000305175781,71.05000305175781,71.05000305175781,71.05000305175781,0
2025-08-20,71.05000305175781,71.05000305175781,71.05000305175781,71.05000305175781,0
2025-08-21,71.05000305175781,71.05000305175781,71.05000305175781,71.05000305175781,0
2025-08-24,71.05000305175781,71.05000305175781,71.05000305175781,71.05000305175781,0
2025-08-25,71.05000305175781,71.05000305175781,71.05000305175781,71.05000305175781,0
2025-08-26,71.05000305175781,71.05000305175781,71.05000305175781,71.05000305175781,0
2025-08-27,71.05000305175781,71.05000305175781,71.05000305175781,71.05000305175781,0
2025-08-28,71.05000305175781,71.05000305175781,71.05000305175781,71.05000305175781,0
2025-08-31,71.05000305175781,71.05000305175781,71.05000305175781,71.05000305175781,0
2025-09-01,71.05000305175781,71.05000305175781,71.05000305175781,71.05000305175781,0
2025-09-02,71.05000305175781,71.05000305175781,71.05000305175781,71.05000305175781,0
2025-09-03,71.05000305175781,71.05000305175781,71.05000305175781,71.05000305175781,0
2025-09-07,71.05000305175781,71.05000305175781,71.05000305175781,71.05000305175781,0
2025-09-08,71.05000305175781,71.05000305175781,71.05000305175781,71.05000305175781,0
2025-09-09,71.05000305175781,71.05000305175781,71.05000305175781,71.05000305175781,0
2025-09-10,71.05000305175781,71.05000305175781,71.05000305175781,71.05000305175781,0
2025-09-11,71.05000305175781,71.05000305175781,71.05000305175781,71.05000305175781,0
2025-09-14,71.05000305175781,71.05000305175781,71.05000305175781,71.05000305175781,0
2025-09-15,71.05000305175781,71.05000305175781,71.05000305175781,71.05000305175781,0
2025-09-16,71.05000305175781,71.05000305175781,71.05000305175781,71.05000305175781,0
2025-09-17,71.05000305175781,71.05000305175781,71.05000305175781,71.05000305175781,0
2025-09-18,71.05000305175781,71.05000305175781,71.05000305175781,71.05000305175781,0
2025-09-21,71.05000305175781,71.05000305175781,71.05000305175781,71.05000305175781,0
2025-09-22,71.05000305175781,71.05000305175781,71.05000305175781,71.05000305175781,0
2025-09-23,71.05000305175781,71.05000305175781,71.05000305175781,71.05000305175781,0
2025-09-24,71.05000305175781,71.05000305175781,71.05000305175781,71.05000305175781,0
2025-09-25,71.05000305175781,71.05000305175781,71.05000305175781,71.05000305175781,0
2025-09-28,71.05000305175781,71.05000305175781,71.05000305175781,71.05000305175781,0
2025-09-29,71.05000305175781,71.05000305175781,71.05000305175781,71.05000305175781,0
2025-09-30,71.05000305175781,71.05000305175781,71.05000305175781,71.05000305175781,0
2025-10-01,71.05000305175781,71.05000305175781,71.05000305175781,71.05000305175781,0
2025-10-02,71.05000305175781,71.05000305175781,71.05000305175781,71.05000305175781,0
2025-10-05,71.05000305175781,71.05000305175781,71.05000305175781,71.05000305175781,0
2025-10-06,71.05000305175781,71.05000305175781,71.05000305175781,71.05000305175781,0
2025-10-07,71.05000305175781,71.05000305175781,71.05000305175781,71.05000305175781,0
2025-10-08,71.05000305175781,71.05000305175781,71.05000305175781,71.05000305175781,0
2025-10-12,71.05000305175781,71.05000305175781,71.05000305175781,71.05000305175781,0
2025-10-13,71.05000305175781,71.05000305175781,71.05000305175781,71.05000305175781,0
2025-10-14,71.05000305175781,71.05000305175781,71.05000305175781,71.05000305175781,0
2025-10-15,71.05000305175781,71.05000305175781,71.05000305175781,71.05000305175781,0
2025-10-16,71.05000305175781,71.05000305175781,71.05000305175781,71.05000305175781,0
2025-10-19,71.05000305175781,71.05000305175781,71.05000305175781,71.05000305175781,0
2025-10-20,71.05000305175781,71.05000305175781,71.05000305175781,71.05000305175781,0
2025-10-21,71.05000305175781,71.05000305175781,71.05000305175781,71.05000305175781,0
2025-10-22,71.05000305175781,71.05000305175781,71.05000305175781,71.05000305175781,0
2025-10-23,71.05000305175781,71.05000305175781,71.05000305175781,71.05000305175781,0
2025-10-26,71.05000305175781,71.05000305175781,71.05000305175781,71.05000305175781,0
2025-10-27,71.05000305175781,71.05000305175781,71.05000305175781,71.05000305175781,0
2025-10-28,71.05000305175781,71.05000305175781,71.05000305175781,71.05000305175781,0
2025-10-29,71.05000305175781,71.05000305175781,71.05000305175781,71.05000305175781,0
2025-10-30,71.05000305175781,71.05000305175781,71.05000305175781,71.05000305175781,0
2025-11-02,71.05000305175781,71.05000305175781,71.05000305175781,71.05000305175781,0
2025-11-03,71.05000305175781,71.05000305175781,71.05000305175781,71.05000305175781,0
2025-11-04,71.05000305175781,71.05000305175781,71.05000305175781,71.05000305175781,0
2025-11-05,71.05000305175781,71.05000305175781,71.05000305175781,71.05000305175781,0
2025-11-06,71.05000305175781,71.05000305175781,71.05000305175781,71.05000305175781,0
2025-11-09,71.05000305175781,71.05000305175781,71.05000305175781,71.05000305175781,0
2025-11-10,71.05000305175781,71.05000305175781,71.05000305175781,71.05000305175781,0
2025-11-11,71.05000305175781,71.05000305175781,71.05000305175781,71.05000305175781,0
2025-11-12,71.05000305175781,71.05000305175781,71.05000305175781,71.05000305175781,0
2025-11-13,71.05000305175781,71.05000305175781,71.05000305175781,71.05000305175781,0
2025-11-16,71.05000305175781,71.05000305175781,71.05000305175781,71.05000305175781,0
2025-11-17,71.05000305175781,71.05000305175781,71.05000305175781,71.05000305175781,0
2025-11-18,71.05000305175781,71.05000305175781,71.05000305175781,71.05000305175781,0
2025-11-19,71.05000305175781,71.05000305175781,71.05000305175781,71.05000305175781,0
2025-11-20,71.05000305175781,71.05000305175781,71.05000305175781,71.05000305175781,0
2025-11-23,71.05000305175781,71.05000305175781,71.05000305175781,71.05000305175781,0
2025-11-24,71.05000305175781,71.05000305175781,71.05000305175781,71.05000305175781,0
2025-11-25,71.05000305175781,71.05000305175781,71.05000305175781,71.05000305175781,0
2025-11-26,71.05000305175781,71.05000305175781,71.05000305175781,71.05000305175781,0
2025-11-27,71.05000305175781,71.05000305175781,71.05000305175781,71.05000305175781,0
2025-11-30,71.05000305175781,71.05000305175781,71.05000305175781,71.05000305175781,0
2025-12-01,71.05000305175781,71.05000305175781,71.05000305175781,71.05000305175781,0
2025-12-02,71.05000305175781,71.05000305175781,71.05000305175781,71.05000305175781,0
2025-12-03,71.05000305175781,71.05000305175781,71.05000305175781,71.05000305175781,0
2025-12-04,71.05000305175781,71.05000305175781,71.05000305175781,71.05000305175781,0
2025-12-07,71.05000305175781,71.05000305175781,71.05000305175781,71.05000305175781,0
2025-12-08,71.05000305175781,71.05000305175781,71.05000305175781,71.05000305175781,0
2025-12-09,71.05000305175781,71.05000305175781,71.05000305175781,71.05000305175781,0
2025-12-10,71.05000305175781,71.05000305175781,71.05000305175781,71.05000305175781,0
2025-12-11,71.05000305175781,71.05000305175781,71.05000305175781,71.05000305175781,0
2025-12-14,71.05000305175781,71.05000305175781,71.05000305175781,71.05000305175781,0
2025-12-15,71.05000305175781,71.05000305175781,71.05000305175781,71.05000305175781,0
2025-12-16,71.05000305175781,71.05000305175781,71.05000305175781,71.05000305175781,0
2025-12-17,71.05000305175781,71.05000305175781,71.05000305175781,71.05000305175781,0
2025-12-18,71.05000305175781,71.05000305175781,71.05000305175781,71.05000305175781,0
2025-12-21,71.05000305175781,71.05000305175781,71.05000305175781,71.05000305175781,0
2025-12-22,71.05000305175781,71.05000305175781,71.05000305175781,71.05000305175781,0
2025-12-23,71.05000305175781,71.05000305175781,71.05000305175781,71.05000305175781,0
2025-12-24,71.05000305175781,71.05000305175781,71.05000305175781,71.05000305175781,0
2025-12-25,71.05000305175781,71.05000305175781,71.05000305175781,71.05000305175781,0
2025-12-28,71.05000305175781,71.05000305175781,71.05000305175781,71.05000305175781,0
2025-12-29,71.05000305175781,71.05000305175781,71.05000305175781,71.05000305175781,0
2025-12-30,71.05000305175781,71.05000305175781,71.05000305175781,71.05000305175781,0
2025-12-31,71.05000305175781,71.05000305175781,71.05000305175781,71.05000305175781,0
2026-01-04,71.05000305175781,71.05000305175781,71.05000305175781,71.05000305175781,0
2026-01-05,71.05000305175781,71.05000305175781,71.05000305175781,71.05000305175781,0
2026-01-06,71.05000305175781,71.05000305175781,71.05000305175781,71.05000305175781,0
2026-01-08,71.05000305175781,71.05000305175781,71.05000305175781,71.05000305175781,0
2026-01-11,71.05000305175781,71.05000305175781,71.05000305175781,71.05000305175781,0
2026-01-12,71.05000305175781,71.05000305175781,71.05000305175781,71.05000305175781,0
2026-01-13,71.05000305175781,71.05000305175781,71.05000305175781,71.05000305175781,0
2026-01-14,71.05000305175781,71.05000305175781,71.05000305175781,71.05000305175781,0
2026-01-15,71.05000305175781,71.05000305175781,71.05000305175781,71.05000305175781,0
2026-01-18,71.05000305175781,71.05000305175781,71.05000305175781,71.05000305175781,0
2026-01-19,71.05000305175781,71.05000305175781,71.05000305175781,71.05000305175781,0
2026-01-20,71.05000305175781,71.05000305175781,71.05000305175781,71.05000305175781,0
2026-01-21,71.05000305175781,71.05000305175781,71.05000305175781,71.05000305175781,0
2026-01-22,71.05000305175781,71.05000305175781,71.05000305175781,71.05000305175781,0
2026-01-25,71.05000305175781,71.05000305175781,71.05000305175781,71.05000305175781,0
2026-01-26,71.05000305175781,71.05000305175781,71.05000305175781,71.05000305175781,0
2026-01-27,71.05000305175781,71.05000305175781,71.05000305175781,71.05000305175781,0
2026-01-28,71.05000305175781,71.05000305175781,71.05000305175781,71.05000305175781,0
2026-02-01,71.05000305175781,71.05000305175781,71.05000305175781,71.05000305175781,0
2026-02-02,71.05000305175781,71.05000305175781,71.05000305175781,71.05000305175781,0
2026-02-03,71.05000305175781,71.05000305175781,71.05000305175781,71.05000305175781,0
2026-02-04,71.05000305175781,71.05000305175781,71.05000305175781,71.05000305175781,0
2026-02-05,71.05000305175781,71.05000305175781,71.05000305175781,71.05000305175781,0
2026-02-08,71.05000305175781,71.05000305175781,71.05000305175781,71.05000305175781,0
2026-02-09,71.05000305175781,71.05000305175781,71.05000305175781,71.05000305175781,0
2026-02-10,71.05000305175781,71.05000305175781,71.05000305175781,71.05000305175781,0
2026-02-11,71.05000305175781,71.05000305175781,71.05000305175781,71.05000305175781,0
2026-02-12,71.05000305175781,71.05000305175781,71.05000305175781,71.05000305175781,0
2026-02-15,71.05000305175781,71.05000305175781,71.05000305175781,71.05000305175781,0
2026-02-16,71.05000305175781,71.05000305175781,71.05000305175781,71.05000305175781,0
2026-02-17,71.05000305175781,71.05000305175781,71.05000305175781,71.05000305175781,0
2026-02-18,71.05000305175781,71.05000305175781,71.05000305175781,71.05000305175781,0
2026-02-19,71.05000305175781,71.05000305175781,71.05000305175781,71.05000305175781,0
2026-02-22,71.05000305175781,71.05000305175781,71.05000305175781,71.05000305175781,0
2026-02-23,71.05000305175781,71.05000305175781,71.05000305175781,71.05000305175781,0
2026-02-24,71.05000305175781,71.05000305175781,71.05000305175781,71.05000305175781,0
2026-02-25,71.05000305175781,71.05000305175781,71.05000305175781,71.05000305175781,0
2026-02-26,71.05000305175781,71.05000305175781,71.05000305175781,71.05000305175781,0
2026-03-01,71.05000305175781,71.05000305175781,71.05000305175781,71.05000305175781,0
2026-03-02,71.05000305175781,71.05000305175781,71.05000305175781,71.05000305175781,0
2026-03-03,71.05000305175781,71.05000305175781,71.05000305175781,71.05000305175781,0
2026-03-04,71.05000305175781,71.05000305175781,71.05000305175781,71.05000305175781,0
2026-03-05,71.05000305175781,71.05000305175781,71.05000305175781,71.05000305175781,0
2026-03-08,71.05000305175781,71.05000305175781,71.05000305175781,71.05000305175781,0
2026-03-09,71.05000305175781,71.05000305175781,71.05000305175781,71.05000305175781,0
2026-03-10,71.05000305175781,71.05000305175781,71.05000305175781,71.05000305175781,0
2026-03-11,71.05000305175781,71.05000305175781,71.05000305175781,71.05000305175781,0
2026-03-12,71.05000305175781,71.05000305175781,71.05000305175781,71.05000305175781,0
2026-03-15,71.05000305175781,71.05000305175781,71.05000305175781,71.05000305175781,0
2026-03-16,71.05000305175781,71.05000305175781,71.05000305175781,71.05000305175781,0
2026-03-17,71.05000305175781,71.05000305175781,71.05000305175781,71.05000305175781,0
2026-03-18,71.05000305175781,71.05000305175781,71.05000305175781,71.05000305175781,0
2026-03-19,71.05000305175781,71.05000305175781,71.05000305175781,71.05000305175781,0
2026-03-24,71.05000305175781,71.05000305175781,71.05000305175781,71.05000305175781,0
2026-03-25,71.05000305175781,71.05000305175781,71.05000305175781,71.05000305175781,0
2026-03-26,71.05000305175781,71.05000305175781,71.05000305175781,71.05000305175781,0
2026-03-29,71.05000305175781,71.05000305175781,71.05000305175781,71.05000305175781,0
2026-03-30,71.05000305175781,71.05000305175781,71.05000305175781,71.05000305175781,0
2026-03-31,71.05000305175781,71.05000305175781,71.05000305175781,71.05000305175781,0
2026-04-01,71.05000305175781,71.05000305175781,71.05000305175781,71.05000305175781,0
2026-04-02,71.05000305175781,71.05000305175781,71.05000305175781,71.05000305175781,0
2026-04-05,71.05000305175781,71.05000305175781,71.05000305175781,71.05000305175781,0
2026-04-06,71.05000305175781,71.05000305175781,71.05000305175781,71.05000305175781,0
2026-04-07,71.05000305175781,71.05000305175781,71.05000305175781,71.05000305175781,0
2026-04-08,71.05000305175781,71.05000305175781,71.05000305175781,71.05000305175781,0
2026-04-09,71.05000305175781,71.05000305175781,71.05000305175781,71.05000305175781,0
2026-04-14,71.05000305175781,71.05000305175781,71.05000305175781,71.05000305175781,0
2026-04-15,71.05000305175781,71.05000305175781,71.05000305175781,71.05000305175781,0
2026-04-16,71.05000305175781,71.05000305175781,71.05000305175781,71.05000305175781,0
2026-04-19,71.05000305175781,71.05000305175781,71.05000305175781,71.05000305175781,0
2026-04-20,71.05000305175781,71.05000305175781,71.05000305175781,71.05000305175781,0
2026-04-21,71.05000305175781,71.05000305175781,71.05000305175781,71.05000305175781,0
2026-04-22,71.05000305175781,71.05000305175781,71.05000305175781,71.05000305175781,0
2026-04-23,71.05000305175781,71.05000305175781,71.05000305175781,71.05000305175781,0
2026-04-26,71.05000305175781,71.05000305175781,71.05000305175781,71.05000305175781,0
2026-04-27,71.05000305175781,71.05000305175781,71.05000305175781,71.05000305175781,0
2026-04-28,71.05000305175781,71.05000305175781,71.05000305175781,71.05000305175781,0
2026-04-29,71.05000305175781,71.05000305175781,71.05000305175781,71.05000305175781,0
2026-04-30,71.05000305175781,71.05000305175781,71.05000305175781,71.05000305175781,0
2026-05-03,71.05000305175781,71.05000305175781,71.05000305175781,71.05000305175781,0
2026-05-04,71.05000305175781,71.05000305175781,71.05000305175781,71.05000305175781,0
2026-05-05,71.05000305175781,71.05000305175781,71.05000305175781,71.05000305175781,0
2026-05-06,71.05000305175781,71.05000305175781,71.05000305175781,71.05000305175781,0
2026-05-07,71.05000305175781,71.05000305175781,71.05000305175781,71.05000305175781,0
2026-05-10,71.05000305175781,71.05000305175781,71.05000305175781,71.05000305175781,0
2026-05-11,71.05000305175781,71.05000305175781,71.05000305175781,71.05000305175781,0
2026-05-12,71.05000305175781,71.05000305175781,71.05000305175781,71.05000305175781,0
2026-05-13,71.05000305175781,71.05000305175781,71.05000305175781,71.05000305175781,0
2026-05-14,71.05000305175781,71.05000305175781,71.05000305175781,71.05000305175781,0
2026-05-17,71.05000305175781,71.05000305175781,71.05000305175781,71.05000305175781,0
2026-05-18,71.05000305175781,71.05000305175781,71.05000305175781,71.05000305175781,0
2026-05-19,71.05000305175781,71.05000305175781,71.05000305175781,71.05000305175781,0
2026-05-20,71.05000305175781,71.05000305175781,71.05000305175781,71.05000305175781,0
2026-05-21,71.05000305175781,71.05000305175781,71.05000305175781,71.05000305175781,0
2026-05-24,71.05000305175781,71.05000305175781,71.05000305175781,71.05000305175781,0
2026-05-25,71.05000305175781,71.05000305175781,71.05000305175781,71.05000305175781,0
2026-05-26,71.05000305175781,71.05000305175781,71.05000305175781,71.05000305175781,0
2026-05-27,71.05000305175781,71.05000305175781,71.05000305175781,71.05000305175781,0
2026-05-28,71.05000305175781,71.05000305175781,71.05000305175781,71.05000305175781,0
2026-06-01,71.05000305175781,71.05000305175781,71.05000305175781,71.05000305175781,0
2026-06-02,71.05000305175781,71.05000305175781,71.05000305175781,71.05000305175781,0
2026-06-03,71.05000305175781,71.05000305175781,71.05000305175781,71.05000305175781,0
2026-06-04,71.05000305175781,71.05000305175781,71.05000305175781,71.05000305175781,0
2026-06-07,71.05000305175781,71.05000305175781,71.05000305175781,71.05000305175781,0
2026-06-08,71.05000305175781,71.05000305175781,71.05000305175781,71.05000305175781,0
2026-06-09,71.05000305175781,71.05000305175781,71.05000305175781,71.05000305175781,0
2026-06-10,71.05000305175781,71.05000305175781,71.05000305175781,71.05000305175781,0
2026-06-11,71.05000305175781,71.05000305175781,71.05000305175781,71.05000305175781,0
2026-06-14,71.05000305175781,71.05000305175781,71.05000305175781,71.05000305175781,0
2026-06-15,71.05000305175781,71.05000305175781,71.05000305175781,71.05000305175781,0
2026-06-16,71.05000305175781,71.05000305175781,71.05000305175781,71.05000305175781,0
2026-06-17,71.05000305175781,71.05000305175781,71.05000305175781,71.05000305175781,0
2026-06-18,71.05000305175781,71.05000305175781,71.05000305175781,71.05000305175781,0
2026-06-21,71.05000305175781,71.05000305175781,71.05000305175781,71.05000305175781,0
2026-06-22,71.05000305175781,71.05000305175781,71.05000305175781,71.05000305175781,0
2026-06-23,71.05000305175781,71.05000305175781,71.05000305175781,71.05000305175781,0
2026-06-24,71.05000305175781,71.05000305175781,71.05000305175781,71.05000305175781,0
2026-06-25,71.05000305175781,71.05000305175781,71.05000305175781,71.05000305175781,0
2026-06-28,71.05000305175781,71.05000305175781,71.05000305175781,71.05000305175781,0
2026-06-29,71.05000305175781,71.05000305175781,71.05000305175781,71.05000305175781,0
2026-06-30,71.05000305175781,71.05000305175781,71.05000305175781,71.05000305175781,0
2026-07-01,71.05000305175781,71.05000305175781,71.05000305175781,71.05000305175781,0
2026-07-02,71.05000305175781,71.05000305175781,71.05000305175781,71.05000305175781,0
2026-07-05,71.05000305175781,71.05000305175781,71.05000305175781,71.05000305175781,0
2026-07-06,71.05000305175781,71.05000305175781,71.05000305175781,71.05000305175781,0
2026-07-07,71.05000305175781,71.05000305175781,71.05000305175781,71.05000305175781,0
2026-07-08,71.05000305175781,71.05000305175781,71.05000305175781,71.05000305175781,0
2026-07-09,71.05000305175781,71.05000305175781,71.05000305175781,71.05000305175781,0
2026-07-12,71.05000305175781,71.05000305175781,71.05000305175781,71.05000305175781,0
2026-07-13,71.05000305175781,71.05000305175781,71.05000305175781,71.05000305175781,0
2026-07-14,71.05000305175781,71.05000305175781,71.05000305175781,71.05000305175781,0
2026-07-15,71.05000305175781,71.05000305175781,71.05000305175781,71.05000305175781,0
2026-07-16,71.05000305175781,71.05000305175781,71.05000305175781,71.05000305175781,0
2026-07-19,71.05000305175781,71.05000305175781,71.05000305175781,71.05000305175781,0
2026-07-20,71.05000305175781,71.05000305175781,71.05000305175781,71.05000305175781,0
2026-07-21,71.05000305175781,71.05000305175781,71.05000305175781,71.05000305175781,0
2026-07-22,71.05000305175781,71.05000305175781,71.05000305175781,71.05000305175781,0
2026-07-23,71.05000305175781,71.05000305175781,71.05000305175781,71.05000305175781,0
2026-07-26,71.05000305175781,71.05000305175781,71.05000305175781,71.05000305175781,0
2026-07-27,71.05000305175781,71.05000305175781,71.05000305175781,71.05000305175781,0
2026-07-28,71.05000305175781,71.05000305175781,71.05000305175781,71.05000305175781,0
2026-07-29,71.05000305175781,71.05000305175781,71.05000305175781,71.05000305175781,0
2026-07-30,71.05000305175781,71.05000305175781,71.05000305175781,71.05000305175781,0
