date,open,high,low,close,volume
2019-12-11,2.352447032928467,2.41302490234375,2.044508934020996,2.2413880825042725,8715526
2019-12-12,2.2413880825042725,2.190906047821045,2.08994197845459,2.1252799034118652,5298259
2019-12-15,2.1252799034118652,2.24643611907959,2.1454720497131348,2.2010018825531006,1234712
2019-12-16,2.2010018825531006,2.24643611907959,2.170712947845459,2.2211949825286865,1518062
2019-12-17,2.2211949825286865,2.307013988494873,2.2211949825286865,2.251483917236328,1359941
2019-12-18,2.251483917236328,2.261579990386963,2.2363390922546387,2.24643611907959,580503
2019-12-19,2.24643611907959,2.261579990386963,2.1959540843963623,2.226243019104004,2209441
2019-12-22,2.226243019104004,2.216146945953369,2.170712947845459,2.190906047821045,578383
2019-12-23,2.190906047821045,2.2211949825286865,2.1757609844207764,2.2110989093780518,366079
2019-12-24,2.2110989093780518,2.2211949825286865,2.170712947845459,2.1959540843963623,849557
2019-12-25,2.1959540843963623,2.2211949825286865,2.170712947845459,2.2010018825531006,1097058
2019-12-26,2.2010018825531006,2.271677017211914,2.2110989093780518,2.2363390922546387,1633139
2019-12-29,2.2363390922546387,2.296916961669922,2.226243019104004,2.2666280269622803,1406033
2019-12-30,2.2666280269622803,2.3120620250701904,2.24643611907959,2.2767250537872314,3787953
2019-12-31,2.2767250537872314,2.3473989963531494,2.271677017211914,2.327207088470459,1913716
2020-01-02,2.327207088470459,2.296916961669922,2.2565319538116455,2.2666280269622803,571050
2020-01-05,2.2666280269622803,2.24643611907959,2.1252799034118652,2.1656649112701416,1053767
2020-01-06,2.1656649112701416,2.1959540843963623,2.0697500705718994,2.1404240131378174,818054
2020-01-08,2.1404240131378174,2.271677017211914,2.190906047821045,2.24643611907959,1373390
2020-01-09,2.24643611907959,2.327207088470459,2.296916961669922,2.322158098220825,4635872
2020-01-12,2.322158098220825,2.362544059753418,2.271677017211914,2.352447032928467,8900157
2020-01-13,2.352447032928467,2.352447032928467,2.322158098220825,2.322158098220825,1940801
2020-01-14,2.322158098220825,2.3373029232025146,2.271677017211914,2.281773090362549,1593905
2020-01-15,2.281773090362549,2.3473989963531494,2.2767250537872314,2.307013988494873,5692461
2020-01-16,2.307013988494873,2.4483630657196045,2.3322548866271973,2.387784957885742,9836324
2020-01-19,2.387784957885742,2.4483630657196045,2.3726398944854736,2.418073892593384,723509
2020-01-20,2.418073892593384,2.4635069370269775,2.3928329944610596,2.4079771041870117,6157548
2020-01-21,2.4079771041870117,2.4937961101531982,2.362544059753418,2.4483630657196045,2456630
2020-01-22,2.4483630657196045,2.4736030101776123,2.423121929168701,2.4433140754699707,9708921
2020-01-23,2.4433140754699707,2.4937961101531982,2.4483630657196045,2.468554973602295,1942739
2020-01-26,2.468554973602295,2.4736030101776123,2.3827359676361084,2.4382660388946533,1073994
2020-01-27,2.4382660388946533,2.433218002319336,2.3726398944854736,2.3827359676361084,1677801
2020-01-28,2.3827359676361084,2.3827359676361084,2.3473989963531494,2.362544059753418,2148976
2020-01-29,2.362544059753418,2.362544059753418,2.362544059753418,2.362544059753418,0
2020-01-30,2.362544059753418,2.423121929168701,2.3726398944854736,2.397881031036377,413417
2020-02-02,2.397881031036377,2.397881031036377,2.3827359676361084,2.397881031036377,262520
2020-02-03,2.397881031036377,2.397881031036377,2.352447032928467,2.3726398944854736,5178617
2020-02-04,2.3726398944854736,2.4029290676116943,2.397881031036377,2.397881031036377,3405712
2020-02-05,2.397881031036377,2.423121929168701,2.3827359676361084,2.423121929168701,10403277
2020-02-06,2.423121929168701,2.423121929168701,2.423121929168701,2.423121929168701,0
2020-02-09,2.4281699657440186,2.4635069370269775,2.397881031036377,2.4079771041870117,311839
2020-02-10,2.4079771041870117,2.4029290676116943,2.397881031036377,2.397881031036377,332348
2020-02-11,2.397881031036377,2.4029290676116943,2.397881031036377,2.397881031036377,464481
2020-02-12,2.397881031036377,2.397881031036377,2.3574960231781006,2.3726398944854736,2806364
2020-02-13,2.3726398944854736,2.423121929168701,2.3726398944854736,2.377687931060791,1049488
2020-02-16,2.377687931060791,2.377687931060791,2.362544059753418,2.3726398944854736,1029679
2020-02-17,2.3726398944854736,2.397881031036377,2.3726398944854736,2.3726398944854736,1146355
2020-02-18,2.3726398944854736,2.397881031036377,2.3726398944854736,2.377687931060791,1620006
2020-02-19,2.377687931060791,2.423121929168701,2.397881031036377,2.423121929168701,2261896
2020-02-20,2.423121929168701,2.423121929168701,2.3726398944854736,2.41302490234375,656475
2020-02-23,2.41302490234375,2.423121929168701,2.397881031036377,2.418073892593384,150549
2020-02-24,2.418073892593384,2.423121929168701,2.3726398944854736,2.4029290676116943,445963
2020-02-25,2.4029290676116943,2.397881031036377,2.3726398944854736,2.3726398944854736,655241
2020-02-26,2.3726398944854736,2.3726398944854736,2.3726398944854736,2.3726398944854736,0
2020-02-27,2.3726398944854736,2.423121929168701,2.362544059753418,2.4079771041870117,1171344
2020-03-01,2.4079771041870117,2.362544059753418,2.271677017211914,2.3373029232025146,478470
2020-03-02,2.3373029232025146,2.322158098220825,2.1959540843963623,2.281773090362549,1479084
2020-03-03,2.281773090362549,2.281773090362549,2.281773090362549,2.281773090362549,0
2020-03-04,2.281773090362549,2.317110061645508,2.2211949825286865,2.2312910556793213,118528
2020-03-05,2.2312910556793213,2.418073892593384,2.2110989093780518,2.281773090362549,398902
2020-03-08,2.281773090362549,2.2010018825531006,2.1050870418548584,2.1252799034118652,26712
2020-03-09,2.1252799034118652,2.0293641090393066,1.913256049156189,1.9990750551223755,2599765
2020-03-10,1.9990750551223755,2.044508934020996,1.9687860012054443,1.9687860012054443,5389830
2020-03-11,1.9687860012054443,2.074798107147217,2.019268035888672,2.0293641090393066,1622579
2020-03-15,2.0293641090393066,1.9183050394058228,1.8324860334396362,1.8476300239562988,17035
2020-03-16,1.8476300239562988,1.994027018547058,1.7668590545654297,1.963737964630127,378016
2020-03-17,1.963737964630127,1.9788830280303955,1.9788830280303955,1.963737964630127,19
2020-03-18,1.963737964630127,2.019268035888672,2.019268035888672,1.963737964630127,2258
2020-03-19,1.963737964630127,2.019268035888672,1.7719080448150635,1.9839309453964233,189934
2020-03-22,1.9839309453964233,2.019268035888672,1.9687860012054443,1.994027018547058,3520510
2020-03-23,1.994027018547058,2.155569076538086,2.019268035888672,2.019268035888672,3523129
2020-03-24,2.019268035888672,2.0243160724639893,2.019268035888672,2.019268035888672,1361211
2020-03-25,2.019268035888672,2.019268035888672,2.019268035888672,2.019268035888672,174320
2020-03-26,2.019268035888672,2.0697500705718994,1.994027018547058,2.019268035888672,713240
2020-03-29,2.019268035888672,2.115183115005493,2.009171962738037,2.0495569705963135,123014
2020-03-30,2.0495569705963135,2.1454720497131348,2.115183115005493,2.1353759765625,59625
2020-03-31,2.1353759765625,2.1454720497131348,2.110135078430176,2.1404240131378174,152530
2020-04-01,2.1404240131378174,2.1202309131622314,2.110135078430176,2.115183115005493,37637
2020-04-02,2.115183115005493,2.1202309131622314,2.0949909687042236,2.1202309131622314,1292448
2020-04-05,2.1202309131622314,2.1454720497131348,2.0949909687042236,2.1404240131378174,25605
2020-04-06,2.1404240131378174,2.2211949825286865,2.1454720497131348,2.1858580112457275,128759
2020-04-07,2.1858580112457275,2.1858580112457275,2.1202309131622314,2.1454720497131348,786766
2020-04-08,2.1454720497131348,2.2110989093780518,2.206049919128418,2.2110989093780518,77019
2020-04-09,2.2110989093780518,2.2211949825286865,2.2110989093780518,2.2110989093780518,39648
2020-04-12,2.2110989093780518,2.1202309131622314,2.1202309131622314,2.1202309131622314,218891
2020-04-13,2.1202309131622314,2.1656649112701416,2.1202309131622314,2.1202309131622314,683703
2020-04-14,2.1202309131622314,2.170712947845459,2.1454720497131348,2.1606171131134033,29713
2020-04-15,2.1606171131134033,2.170712947845459,2.1202309131622314,2.1505210399627686,52807
2020-04-16,2.1505210399627686,2.1202309131622314,2.0243160724639893,2.0697500705718994,1182049
2020-04-21,2.0697500705718994,2.115183115005493,2.115183115005493,2.115183115005493,14361
2020-04-22,2.115183115005493,2.1353759765625,2.1050870418548584,2.1202309131622314,399368
2020-04-23,2.1202309131622314,2.1202309131622314,2.0697500705718994,2.0848939418792725,500943
2020-04-26,2.0848939418792725,2.1202309131622314,2.1202309131622314,2.1202309131622314,57129
2020-04-27,2.1202309131622314,2.1202309131622314,2.0697500705718994,2.1202309131622314,1188487
2020-04-28,2.1202309131622314,2.170712947845459,2.08994197845459,2.155569076538086,15847
2020-04-29,2.155569076538086,2.1202309131622314,2.074798107147217,2.1202309131622314,172973
2020-04-30,2.1202309131622314,2.1202309131622314,2.115183115005493,2.1202309131622314,1018957
2020-05-03,2.1202309131622314,2.1202309131622314,2.044508934020996,2.115183115005493,108970
2020-05-04,2.115183115005493,2.074798107147217,2.0697500705718994,2.0697500705718994,1603121
2020-05-05,2.0697500705718994,2.1404240131378174,2.0697500705718994,2.0697500705718994,12178
2020-05-06,2.0697500705718994,2.0697500705718994,2.0697500705718994,2.0697500705718994,0
2020-05-07,2.0697500705718994,2.0697500705718994,2.044508934020996,2.0697500705718994,398974
2020-05-10,2.0697500705718994,2.0697500705718994,2.0697500705718994,2.0697500705718994,265739
2020-05-11,2.0697500705718994,2.0697500705718994,2.0495569705963135,2.0697500705718994,194906
2020-05-12,2.0697500705718994,2.0949909687042236,2.044508934020996,2.0596530437469482,675981
2020-05-13,2.0596530437469482,2.0243160724639893,2.019268035888672,2.019268035888672,128759
2020-05-14,2.019268035888672,2.110135078430176,1.994027018547058,2.044508934020996,801478
2020-05-17,2.044508934020996,1.9990750551223755,1.9687860012054443,1.994027018547058,47147
2020-05-18,1.994027018547058,2.0697500705718994,1.9233529567718506,1.9839309453964233,4679603
2020-05-19,1.9839309453964233,1.9536420106887817,1.837533950805664,1.9031599760055542,6695456
2020-05-20,1.9031599760055542,1.9031599760055542,1.8072450160980225,1.8173409700393677,4582538
2020-05-21,1.8173409700393677,1.8425819873809814,1.792099952697754,1.8173409700393677,2150800
2020-05-31,1.8173409700393677,1.8678230047225952,1.7971489429473877,1.837533950805664,134141
2020-06-01,1.837533950805664,1.8173409700393677,1.8122930526733398,1.8173409700393677,95414
2020-06-02,1.8173409700393677,1.8678230047225952,1.8122930526733398,1.837533950805664,340224
2020-06-03,1.837533950805664,1.8425819873809814,1.8122930526733398,1.822389006614685,46353
2020-06-04,1.822389006614685,1.8274379968643188,1.802196979522705,1.8173409700393677,310520
2020-06-07,1.8173409700393677,1.8880159854888916,1.8122930526733398,1.8476300239562988,1209360
2020-06-08,1.8476300239562988,1.8779189586639404,1.8122930526733398,1.822389006614685,2890262
2020-06-09,1.822389006614685,1.8627749681472778,1.8173409700393677,1.822389006614685,781330
2020-06-10,1.822389006614685,1.8526779413223267,1.822389006614685,1.8425819873809814,76800
2020-06-11,1.8425819873809814,1.8274379968643188,1.8173409700393677,1.822389006614685,53880
2020-06-14,1.822389006614685,1.8425819873809814,1.792099952697754,1.8072450160980225,50079
2020-06-15,1.8072450160980225,1.8173409700393677,1.7769559621810913,1.8072450160980225,3064513
2020-06-16,1.8072450160980225,1.8274379968643188,1.7820039987564087,1.8122930526733398,347173
2020-06-17,1.8122930526733398,1.8173409700393677,1.792099952697754,1.8072450160980225,114982
2020-06-18,1.8072450160980225,1.85772705078125,1.787052035331726,1.8173409700393677,186705
2020-06-21,1.8173409700393677,1.8425819873809814,1.802196979522705,1.8274379968643188,203142
2020-06-22,1.8274379968643188,1.9233529567718506,1.8122930526733398,1.8627749681472778,1353410
2020-06-23,1.8627749681472778,2.24643611907959,2.044508934020996,2.24643611907959,4316093
2020-06-24,2.24643611907959,2.468554973602295,2.1454720497131348,2.3322548866271973,45745208
2020-06-25,2.3322548866271973,2.317110061645508,2.18080997467041,2.2565319538116455,16134234
2020-06-28,2.2565319538116455,2.2767250537872314,2.1505210399627686,2.216146945953369,10473570
2020-06-29,2.216146945953369,2.216146945953369,2.0697500705718994,2.1303279399871826,8678354
2020-06-30,2.1303279399871826,2.2211949825286865,2.1050870418548584,2.1454720497131348,6679628
2020-07-05,2.1454720497131348,2.1656649112701416,2.110135078430176,2.1252799034118652,3327908
2020-07-06,2.1252799034118652,2.2666280269622803,2.110135078430176,2.190906047821045,13341805
2020-07-07,2.190906047821045,2.1959540843963623,2.115183115005493,2.1454720497131348,3234230
2020-07-08,2.1454720497131348,2.1656649112701416,2.08994197845459,2.115183115005493,5137072
2020-07-09,2.115183115005493,2.110135078430176,2.019268035888672,2.064702033996582,6646182
2020-07-12,2.064702033996582,2.1303279399871826,2.0697500705718994,2.1050870418548584,3603542
2020-07-13,2.1050870418548584,2.1353759765625,2.0243160724639893,2.074798107147217,5693334
2020-07-14,2.074798107147217,2.079845905303955,2.019268035888672,2.0394608974456787,2537104
2020-07-15,2.0394608974456787,2.0697500705718994,1.837533950805664,1.9384969472885132,5477583
2020-07-16,1.9384969472885132,1.9435449838638306,1.8425819873809814,1.9082080125808716,1633896
2020-07-19,1.9082080125808716,1.9183050394058228,1.7719080448150635,1.822389006614685,1046442
2020-07-20,1.822389006614685,1.9334490299224854,1.822389006614685,1.8728710412979126,3634918
2020-07-21,1.8728710412979126,1.9788830280303955,1.893064022064209,1.9233529567718506,10270251
2020-07-22,1.9233529567718506,2.1858580112457275,1.9990750551223755,2.0949909687042236,21116091
2020-07-26,2.0949909687042236,2.1454720497131348,2.0344130992889404,2.0949909687042236,8761782
2020-07-27,2.0949909687042236,2.1404240131378174,2.044508934020996,2.08994197845459,5340577
2020-07-28,2.08994197845459,2.079845905303955,2.0142199993133545,2.054605007171631,6568364
2020-07-29,2.054605007171631,2.054605007171631,2.0041239261627197,2.0293641090393066,2882594
2020-08-04,2.0293641090393066,2.0848939418792725,2.0344130992889404,2.064702033996582,2458924
2020-08-05,2.064702033996582,2.079845905303955,2.044508934020996,2.064702033996582,2958469
2020-08-06,2.064702033996582,2.0697500705718994,2.0243160724639893,2.0394608974456787,1282975
2020-08-09,2.0394608974456787,2.044508934020996,1.9687860012054443,2.0243160724639893,2125052
2020-08-10,2.0243160724639893,2.044508934020996,1.9889789819717407,2.0293641090393066,1663002
2020-08-11,2.0293641090393066,2.0848939418792725,2.0142199993133545,2.0394608974456787,4769493
2020-08-12,2.0394608974456787,2.0848939418792725,2.019268035888672,2.044508934020996,4434132
2020-08-13,2.044508934020996,2.0495569705963135,2.0041239261627197,2.019268035888672,1307643
2020-08-16,2.019268035888672,2.044508934020996,2.009171962738037,2.0293641090393066,1798520
2020-08-17,2.0293641090393066,2.0495569705963135,1.9183050394058228,1.963737964630127,4954378
2020-08-18,1.963737964630127,2.044508934020996,1.9384969472885132,2.0041239261627197,5870579
2020-08-19,2.0041239261627197,2.0495569705963135,2.0041239261627197,2.0243160724639893,2053811
2020-08-23,2.0243160724639893,2.0596530437469482,2.0344130992889404,2.0495569705963135,2045877
2020-08-24,2.0495569705963135,2.1252799034118652,2.0495569705963135,2.0949909687042236,5995547
2020-08-25,2.0949909687042236,2.1050870418548584,2.044508934020996,2.054605007171631,3743779
2020-08-26,2.054605007171631,2.0848939418792725,2.0293641090393066,2.0697500705718994,2399042
2020-08-27,2.0697500705718994,2.08994197845459,2.0495569705963135,2.074798107147217,1677863
2020-08-30,2.074798107147217,2.110135078430176,2.074798107147217,2.08994197845459,1414736
2020-08-31,2.08994197845459,2.1050870418548584,2.044508934020996,2.064702033996582,3586678
2020-09-01,2.064702033996582,2.079845905303955,1.9687860012054443,2.0344130992889404,1312079
2020-09-02,2.0344130992889404,2.0697500705718994,1.9889789819717407,2.019268035888672,797043
2020-09-03,2.019268035888672,2.054605007171631,2.0041239261627197,2.0243160724639893,644308
2020-09-06,2.0243160724639893,2.0394608974456787,1.994027018547058,2.009171962738037,1332096
2020-09-07,2.009171962738037,2.0596530437469482,2.0041239261627197,2.0243160724639893,2168789
2020-09-08,2.0243160724639893,2.0293641090393066,1.9435449838638306,1.994027018547058,4420675
2020-09-09,1.994027018547058,1.994027018547058,1.994027018547058,1.994027018547058,0
2020-09-10,1.963737964630127,2.074798107147217,1.9687860012054443,2.044508934020996,2660189
2020-09-13,2.044508934020996,2.0848939418792725,2.0243160724639893,2.0495569705963135,611746
2020-09-14,2.0495569705963135,2.0394608974456787,1.9990750551223755,2.019268035888672,463555
2020-09-15,2.019268035888672,2.044508934020996,1.994027018547058,2.019268035888672,690715
2020-09-16,2.019268035888672,2.019268035888672,1.9990750551223755,2.0142199993133545,1372946
2020-09-17,2.0142199993133545,2.044508934020996,2.0041239261627197,2.0394608974456787,1591055
2020-09-20,2.0394608974456787,2.0697500705718994,2.0041239261627197,2.044508934020996,1744986
2020-09-21,2.044508934020996,2.0243160724639893,1.9485939741134644,2.0142199993133545,1896631
2020-09-22,2.0142199993133545,2.0041239261627197,1.928400993347168,1.9738349914550781,870671
2020-09-23,1.9738349914550781,2.0041239261627197,1.893064022064209,1.9384969472885132,4541747
2020-09-24,1.9384969472885132,1.9183050394058228,1.8476300239562988,1.8728710412979126,1979796
2020-09-27,1.8728710412979126,1.9082080125808716,1.822389006614685,1.8476300239562988,1633506
2020-09-28,1.8476300239562988,1.8779189586639404,1.792099952697754,1.8173409700393677,2229500
2020-09-29,1.8173409700393677,1.8476300239562988,1.7668590545654297,1.802196979522705,4745795
2020-09-30,1.802196979522705,1.8779189586639404,1.802196979522705,1.8476300239562988,2595765
2020-10-01,1.8476300239562988,1.9384969472885132,1.8526779413223267,1.893064022064209,3337208
2020-10-04,1.893064022064209,1.893064022064209,1.8425819873809814,1.85772705078125,461953
2020-10-05,1.85772705078125,1.8678230047225952,1.8274379968643188,1.8425819873809814,583882
2020-10-06,1.8425819873809814,1.8425819873809814,1.8425819873809814,1.8425819873809814,0
2020-10-07,1.8981120586395264,1.9334490299224854,1.85772705078125,1.8779189586639404,1932994
2020-10-11,1.8779189586639404,1.9082080125808716,1.8728710412979126,1.8880159854888916,353880
2020-10-12,1.8880159854888916,1.913256049156189,1.85772705078125,1.8779189586639404,1611369
2020-10-13,1.8779189586639404,1.8728710412979126,1.7820039987564087,1.8173409700393677,5390338
2020-10-14,1.8173409700393677,1.85772705078125,1.8072450160980225,1.822389006614685,666883
2020-10-15,1.822389006614685,1.8526779413223267,1.7820039987564087,1.802196979522705,1075193
2020-10-18,1.802196979522705,1.8173409700393677,1.7820039987564087,1.787052035331726,574423
2020-10-19,1.787052035331726,1.8324860334396362,1.7820039987564087,1.802196979522705,553578
2020-10-20,1.802196979522705,1.8173409700393677,1.7769559621810913,1.7971489429473877,440995
2020-10-21,1.7971489429473877,1.802196979522705,1.6911369562149048,1.7517149448394775,1494592
2020-10-22,1.7517149448394775,1.7365700006484985,1.6658960580825806,1.7012330293655396,1284564
2020-10-25,1.7012330293655396,1.7416189908981323,1.6658960580825806,1.7163779735565186,4703657
2020-10-26,1.7163779735565186,1.7769559621810913,1.6911369562149048,1.7517149448394775,4650054
2020-10-27,1.7517149448394775,1.837533950805664,1.7517149448394775,1.7719080448150635,29917873
2020-10-28,1.7719080448150635,1.8627749681472778,1.792099952697754,1.8173409700393677,1869330
2020-11-01,1.8173409700393677,1.822389006614685,1.7668590545654297,1.802196979522705,1288165
2020-11-02,1.802196979522705,1.8122930526733398,1.7365700006484985,1.7618110179901123,830300
2020-11-03,1.7618110179901123,1.792099952697754,1.7416189908981323,1.756762981414795,253735
2020-11-04,1.756762981414795,1.8274379968643188,1.7668590545654297,1.7820039987564087,2290960
2020-11-05,1.7820039987564087,1.85772705078125,1.7971489429473877,1.822389006614685,2477443
2020-11-08,1.822389006614685,1.85772705078125,1.8173409700393677,1.8324860334396362,407175
2020-11-09,1.8324860334396362,1.9031599760055542,1.8274379968643188,1.8678230047225952,5666261
2020-11-10,1.8678230047225952,1.9183050394058228,1.8678230047225952,1.893064022064209,2005698
2020-11-11,1.893064022064209,1.928400993347168,1.8678230047225952,1.8981120586395264,2221176
2020-11-12,1.8981120586395264,1.913256049156189,1.8678230047225952,1.8880159854888916,1658642
2020-11-15,1.8880159854888916,1.8829669952392578,1.8476300239562988,1.8678230047225952,819278
2020-11-16,1.8678230047225952,1.8678230047225952,1.8324860334396362,1.8425819873809814,4177685
2020-11-17,1.8425819873809814,1.9687860012054443,1.85772705078125,1.9183050394058228,4827900
2020-11-18,1.9183050394058228,1.913256049156189,1.8526779413223267,1.8678230047225952,1502280
2020-11-19,1.8678230047225952,1.8678230047225952,1.85772705078125,1.8678230047225952,7392318
2020-11-22,1.8678230047225952,1.913256049156189,1.8678230047225952,1.8880159854888916,638443
2020-11-23,1.8880159854888916,2.044508934020996,1.8678230047225952,1.9839309453964233,25836195
2020-11-24,1.9839309453964233,2.079845905303955,2.019268035888672,2.054605007171631,4620195
2020-11-25,2.054605007171631,2.08994197845459,2.019268035888672,2.0394608974456787,3190438
2020-11-26,2.0394608974456787,2.079845905303955,1.994027018547058,2.0344130992889404,6605946
2020-11-29,2.0344130992889404,2.0596530437469482,1.9839309453964233,2.019268035888672,1344516
2020-11-30,2.019268035888672,2.0394608974456787,1.9485939741134644,1.9738349914550781,4420355
2020-12-01,1.9738349914550781,2.0041239261627197,1.9485939741134644,1.9839309453964233,4219977
2020-12-02,1.9839309453964233,2.0142199993133545,1.9687860012054443,1.994027018547058,1737478
2020-12-03,1.994027018547058,2.064702033996582,1.9889789819717407,2.044508934020996,1113296
2020-12-06,2.044508934020996,2.054605007171631,1.9435449838638306,1.9839309453964233,1901722
2020-12-07,1.9839309453964233,1.9485939741134644,1.8880159854888916,1.9233529567718506,3147759
2020-12-08,1.9233529567718506,1.963737964630127,1.893064022064209,1.928400993347168,1312516
2020-12-09,1.928400993347168,1.9233529567718506,1.8526779413223267,1.8981120586395264,4037010
2020-12-10,1.8981120586395264,1.893064022064209,1.802196979522705,1.8425819873809814,2764123
2020-12-13,1.8425819873809814,1.8425819873809814,1.802196979522705,1.8122930526733398,1014187
2020-12-14,1.8122930526733398,1.8476300239562988,1.7971489429473877,1.8173409700393677,2851644
2020-12-15,1.8173409700393677,1.8678230047225952,1.8173409700393677,1.8324860334396362,1488123
2020-12-16,1.8324860334396362,1.8476300239562988,1.8072450160980225,1.8324860334396362,1310125
2020-12-17,1.8324860334396362,1.8425819873809814,1.7971489429473877,1.822389006614685,392621
2020-12-20,1.822389006614685,1.893064022064209,1.8173409700393677,1.85772705078125,1786262
2020-12-21,1.85772705078125,1.837533950805664,1.7466670274734497,1.7820039987564087,3225199
2020-12-22,1.7820039987564087,1.822389006614685,1.7264740467071533,1.8072450160980225,2568868
2020-12-23,1.8072450160980225,1.8476300239562988,1.802196979522705,1.822389006614685,1539200
2020-12-24,1.822389006614685,1.9536420106887817,1.8425819873809814,1.8880159854888916,5922378
2020-12-27,1.8880159854888916,1.9082080125808716,1.7416189908981323,1.822389006614685,852914
2020-12-28,1.822389006614685,1.9384969472885132,1.8678230047225952,1.913256049156189,3654889
2020-12-29,1.913256049156189,1.9183050394058228,1.8678230047225952,1.8829669952392578,602612
2020-12-30,1.8829669952392578,1.9687860012054443,1.8880159854888916,1.9233529567718506,1395848
2020-12-31,1.9233529567718506,1.994027018547058,1.8829669952392578,1.9233529567718506,4226680
2021-01-03,1.9233529567718506,1.928400993347168,1.9031599760055542,1.9183050394058228,1869421
2021-01-04,1.9183050394058228,1.893064022064209,1.8526779413223267,1.8678230047225952,795628
2021-01-05,1.8678230047225952,1.8880159854888916,1.8425819873809814,1.8526779413223267,928520
2021-01-06,1.8526779413223267,1.8678230047225952,1.8425819873809814,1.85772705078125,1138432
2021-01-10,1.85772705078125,1.893064022064209,1.8324860334396362,1.85772705078125,2208639
2021-01-11,1.85772705078125,1.8728710412979126,1.8425819873809814,1.85772705078125,474460
2021-01-12,1.85772705078125,1.8678230047225952,1.787052035331726,1.8173409700393677,4527976
2021-01-13,1.8173409700393677,1.8425819873809814,1.7668590545654297,1.792099952697754,8928013
2021-01-14,1.792099952697754,1.792099952697754,1.7315219640731812,1.7618110179901123,13434266
2021-01-17,1.7618110179901123,1.8476300239562988,1.7820039987564087,1.822389006614685,21105444
2021-01-18,1.822389006614685,1.8627749681472778,1.802196979522705,1.837533950805664,7857152
2021-01-19,1.837533950805664,1.8324860334396362,1.7971489429473877,1.8122930526733398,7468282
2021-01-20,1.8122930526733398,1.8324860334396362,1.802196979522705,1.8173409700393677,4159852
2021-01-21,1.8173409700393677,1.8274379968643188,1.792099952697754,1.8072450160980225,3079257
2021-01-24,1.8072450160980225,1.8173409700393677,1.792099952697754,1.802196979522705,1659935
2021-01-25,1.802196979522705,1.802196979522705,1.802196979522705,1.802196979522705,0
2021-01-26,1.822389006614685,1.8274379968643188,1.7820039987564087,1.7971489429473877,2913837
2021-01-27,1.7971489429473877,1.7971489429473877,1.7971489429473877,1.7971489429473877,0
2021-01-31,1.7820039987564087,1.822389006614685,1.7517149448394775,1.802196979522705,5928534
2021-02-01,1.802196979522705,1.8122930526733398,1.7820039987564087,1.792099952697754,2558209
2021-02-02,1.792099952697754,1.8122930526733398,1.7820039987564087,1.787052035331726,3373904
2021-02-03,1.787052035331726,1.913256049156189,1.8274379968643188,1.8627749681472778,24876495
2021-02-04,1.8627749681472778,1.8476300239562988,1.787052035331726,1.8072450160980225,5159505
2021-02-07,1.8072450160980225,1.8173409700393677,1.7769559621810913,1.792099952697754,4602185
2021-02-08,1.792099952697754,1.7971489429473877,1.7466670274734497,1.7668590545654297,5193411
2021-02-09,1.7668590545654297,1.787052035331726,1.7365700006484985,1.7466670274734497,1914215
2021-02-10,1.7466670274734497,1.7618110179901123,1.7416189908981323,1.7466670274734497,1648472
2021-02-11,1.7466670274734497,1.7618110179901123,1.7163779735565186,1.7365700006484985,2383669
2021-02-14,1.7365700006484985,1.7466670274734497,1.6911369562149048,1.721426010131836,4453121
2021-02-15,1.721426010131836,1.756762981414795,1.7113300561904907,1.7264740467071533,2047206
2021-02-16,1.7264740467071533,1.7618110179901123,1.7264740467071533,1.7466670274734497,4318961
2021-02-17,1.7466670274734497,1.7416189908981323,1.7062809467315674,1.721426010131836,2347287
2021-02-18,1.721426010131836,1.7365700006484985,1.6911369562149048,1.7163779735565186,1182164
2021-02-21,1.7163779735565186,1.756762981414795,1.7113300561904907,1.7264740467071533,2306385
2021-02-22,1.7264740467071533,1.7416189908981323,1.7012330293655396,1.7163779735565186,3068316
2021-02-23,1.7163779735565186,1.7163779735565186,1.7163779735565186,1.7163779735565186,0
2021-02-24,1.6911369562149048,1.686089038848877,1.6507519483566284,1.6658960580825806,2904530
2021-02-25,1.6658960580825806,1.6911369562149048,1.6608480215072632,1.6658960580825806,2986738
2021-02-28,1.6658960580825806,1.6759920120239258,1.6356070041656494,1.6608480215072632,2338508
2021-03-01,1.6608480215072632,1.6557999849319458,1.615414023399353,1.6406550407409668,2373554
2021-03-02,1.6406550407409668,1.6911369562149048,1.6002700328826904,1.6507519483566284,3470292
2021-03-03,1.6507519483566284,1.6356070041656494,1.564932942390442,1.6002700328826904,1570968
2021-03-04,1.6002700328826904,1.6053179502487183,1.559883952140808,1.580077052116394,1865764
2021-03-07,1.580077052116394,1.6255110502243042,1.564932942390442,1.595221996307373,1530970
2021-03-08,1.595221996307373,1.6002700328826904,1.564932942390442,1.5851249694824219,7577518
2021-03-09,1.5851249694824219,1.5901730060577393,1.5396920442581177,1.5699809789657593,2330332
2021-03-10,1.5699809789657593,1.564932942390442,1.5245469808578491,1.5447399616241455,1608083
2021-03-11,1.5447399616241455,1.564932942390442,1.4841619729995728,1.5245469808578491,3558336
2021-03-14,1.5245469808578491,1.5396920442581177,1.4942580461502075,1.514451026916504,1250916
2021-03-15,1.514451026916504,1.5346440076828003,1.458920955657959,1.4993059635162354,3029191
2021-03-16,1.4993059635162354,1.5295950174331665,1.4942580461502075,1.514451026916504,4590834
2021-03-17,1.514451026916504,1.5194989442825317,1.479114055633545,1.5094029903411865,2951886
2021-03-18,1.5094029903411865,1.514451026916504,1.4841619729995728,1.4993059635162354,4561364
2021-03-21,1.4993059635162354,1.514451026916504,1.4538730382919312,1.4892100095748901,1361742
2021-03-22,1.4892100095748901,1.479114055633545,1.3630059957504272,1.4336800575256348,3895935
2021-03-23,1.4336800575256348,1.388247013092041,1.2923309803009033,1.3377649784088135,8440896
2021-03-24,1.3377649784088135,1.4033910036087036,1.317571997642517,1.3630059957504272,3561648
2021-03-25,1.3630059957504272,1.3983429670333862,1.317571997642517,1.3781499862670898,2355627
2021-03-28,1.3781499862670898,1.4185359477996826,1.3932950496673584,1.408439040184021,716370
2021-03-29,1.408439040184021,1.4336800575256348,1.3579579591751099,1.3680540323257446,5119844
2021-03-30,1.3680540323257446,1.3983429670333862,1.3579579591751099,1.3680540323257446,2645288
2021-03-31,1.3680540323257446,1.3630059957504272,1.3377649784088135,1.352908968925476,2036844
2021-04-01,1.352908968925476,1.3932950496673584,1.352908968925476,1.3731019496917725,3956446
2021-04-04,1.3731019496917725,1.3831980228424072,1.3377649784088135,1.3478610515594482,2212187
2021-04-05,1.3478610515594482,1.3377649784088135,1.2418500185012817,1.287282943725586,1992511
2021-04-06,1.287282943725586,1.3125239610671997,1.2216570377349854,1.2923309803009033,1938931
2021-04-07,1.2923309803009033,1.3125239610671997,1.2468980550765991,1.2923309803009033,1318843
2021-04-08,1.2923309803009033,1.3630059957504272,1.2923309803009033,1.3428130149841309,3552682
2021-04-11,1.3428130149841309,1.3630059957504272,1.3125239610671997,1.332716941833496,1574677
2021-04-12,1.332716941833496,1.3831980228424072,1.3125239610671997,1.3478610515594482,5340751
2021-04-13,1.3478610515594482,1.3428130149841309,1.297379970550537,1.3226200342178345,5709786
2021-04-14,1.3226200342178345,1.3276690244674683,1.2620420455932617,1.3024280071258545,2098015
2021-04-15,1.3024280071258545,1.3074760437011719,1.251945972442627,1.2771869897842407,1432073
2021-04-18,1.2771869897842407,1.3983429670333862,1.3024280071258545,1.352908968925476,5126097
2021-04-19,1.352908968925476,1.3983429670333862,1.3478610515594482,1.3781499862670898,9227349
2021-04-20,1.3781499862670898,1.3932950496673584,1.3579579591751099,1.3781499862670898,6093503
2021-04-21,1.3781499862670898,1.3731019496917725,1.332716941833496,1.352908968925476,1862557
2021-04-22,1.352908968925476,1.3630059957504272,1.3377649784088135,1.3630059957504272,8336169
2021-04-25,1.3630059957504272,1.3781499862670898,1.3428130149841309,1.3579579591751099,914317
2021-04-26,1.3579579591751099,1.352908968925476,1.3276690244674683,1.3377649784088135,838424
2021-04-27,1.3377649784088135,1.3428130149841309,1.3024280071258545,1.317571997642517,1843029
2021-04-28,1.317571997642517,1.352908968925476,1.287282943725586,1.317571997642517,997567
2021-05-04,1.317571997642517,1.3630059957504272,1.332716941833496,1.3428130149841309,825562
2021-05-05,1.3428130149841309,1.3680540323257446,1.3478610515594482,1.3579579591751099,2196363
2021-05-06,1.3579579591751099,1.3983429670333862,1.3630059957504272,1.3831980228424072,3394137
2021-05-09,1.3831980228424072,1.5043549537658691,1.4033910036087036,1.4538730382919312,11045409
2021-05-10,1.4538730382919312,1.514451026916504,1.4639689922332764,1.4892100095748901,5653865
2021-05-11,1.4892100095748901,1.4942580461502075,1.4488250017166138,1.4639689922332764,2871881
2021-05-17,1.4639689922332764,1.4690170288085938,1.4134869575500488,1.4387279748916626,3144407
2021-05-18,1.4387279748916626,1.4639689922332764,1.4286320209503174,1.4437769651412964,3851059
2021-05-19,1.4437769651412964,1.4639689922332764,1.423583984375,1.4387279748916626,5528407
2021-05-20,1.4387279748916626,1.4538730382919312,1.408439040184021,1.423583984375,5619720
2021-05-23,1.423583984375,1.4538730382919312,1.4286320209503174,1.4387279748916626,1505877
2021-05-24,1.4387279748916626,1.4387279748916626,1.4134869575500488,1.4286320209503174,5640206
2021-05-25,1.4286320209503174,1.4185359477996826,1.3831980228424072,1.4033910036087036,2277830
2021-05-26,1.4033910036087036,1.4336800575256348,1.3932950496673584,1.4185359477996826,806070
2021-05-27,1.4185359477996826,1.4185359477996826,1.3831980228424072,1.408439040184021,1004288
2021-05-30,1.408439040184021,1.4033910036087036,1.3478610515594482,1.3680540323257446,2281792
2021-05-31,1.3680540323257446,1.388247013092041,1.3125239610671997,1.352908968925476,2547611
2021-06-01,1.352908968925476,1.3377649784088135,1.3074760437011719,1.317571997642517,1250870
2021-06-02,1.317571997642517,1.3579579591751099,1.2721389532089233,1.3074760437011719,3983898
2021-06-03,1.3074760437011719,1.3024280071258545,1.2620420455932617,1.282235026359558,1892071
2021-06-06,1.282235026359558,1.3377649784088135,1.3074760437011719,1.3226200342178345,2652938
2021-06-07,1.3226200342178345,1.3478610515594482,1.3125239610671997,1.332716941833496,1952631
2021-06-08,1.332716941833496,1.4639689922332764,1.3276690244674683,1.4387279748916626,16352376
2021-06-09,1.4387279748916626,1.4387279748916626,1.3781499862670898,1.4033910036087036,3947847
2021-06-10,1.4033910036087036,1.4033910036087036,1.3831980228424072,1.388247013092041,1715536
2021-06-13,1.388247013092041,1.408439040184021,1.3377649784088135,1.3630059957504272,1577226
2021-06-14,1.3630059957504272,1.4387279748916626,1.3125239610671997,1.3831980228424072,7162615
2021-06-15,1.3831980228424072,1.3731019496917725,1.3226200342178345,1.3428130149841309,1344716
2021-06-16,1.3428130149841309,1.352908968925476,1.3074760437011719,1.317571997642517,2100162
2021-06-17,1.317571997642517,1.3630059957504272,1.287282943725586,1.3226200342178345,5665520
2021-06-20,1.3226200342178345,1.3276690244674683,1.3024280071258545,1.317571997642517,705085
2021-06-21,1.317571997642517,1.3478610515594482,1.2923309803009033,1.317571997642517,5811823
2021-06-22,1.317571997642517,1.3831980228424072,1.3125239610671997,1.3428130149841309,6566189
2021-06-23,1.3428130149841309,1.4185359477996826,1.3579579591751099,1.388247013092041,6032459
2021-06-24,1.388247013092041,1.4134869575500488,1.3428130149841309,1.3932950496673584,3070026
2021-06-27,1.3932950496673584,1.4134869575500488,1.3680540323257446,1.388247013092041,1313176
2021-06-28,1.388247013092041,1.3932950496673584,1.3478610515594482,1.3731019496917725,3451948
2021-06-29,1.3731019496917725,1.3781499862670898,1.317571997642517,1.3478610515594482,1948117
2021-06-30,1.3478610515594482,1.4033910036087036,1.3630059957504272,1.3781499862670898,1549265
2021-07-04,1.3781499862670898,1.3983429670333862,1.3630059957504272,1.3781499862670898,1896801
2021-07-05,1.3781499862670898,1.3731019496917725,1.3377649784088135,1.3579579591751099,1323140
2021-07-06,1.3579579591751099,1.3428130149841309,1.3226200342178345,1.3276690244674683,581216
2021-07-07,1.3276690244674683,1.3428130149841309,1.3226200342178345,1.3377649784088135,319204
2021-07-08,1.3377649784088135,1.3377649784088135,1.2923309803009033,1.3226200342178345,4098266
2021-07-11,1.3226200342178345,1.3276690244674683,1.3074760437011719,1.317571997642517,186693
2021-07-12,1.317571997642517,1.3781499862670898,1.3276690244674683,1.3579579591751099,1654006
2021-07-13,1.3579579591751099,1.408439040184021,1.3579579591751099,1.388247013092041,6647411
2021-07-14,1.388247013092041,1.4185359477996826,1.3831980228424072,1.408439040184021,1794006
2021-07-15,1.408439040184021,1.4488250017166138,1.408439040184021,1.423583984375,4988644
2021-07-18,1.423583984375,1.4387279748916626,1.3983429670333862,1.4134869575500488,1021405
2021-07-25,1.4134869575500488,1.4437769651412964,1.3630059957504272,1.3781499862670898,3359719
2021-07-26,1.3781499862670898,1.3831980228424072,1.3630059957504272,1.3731019496917725,1793376
2021-07-27,1.3731019496917725,1.388247013092041,1.3680540323257446,1.3831980228424072,3049940
2021-07-28,1.3831980228424072,1.5043549537658691,1.3731019496917725,1.423583984375,63503083
2021-07-29,1.423583984375,1.4892100095748901,1.423583984375,1.4488250017166138,8697947
2021-08-01,1.4488250017166138,1.5851249694824219,1.4387279748916626,1.5295950174331665,18353515
2021-08-02,1.5295950174331665,1.6002700328826904,1.4690170288085938,1.5396920442581177,7895536
2021-08-03,1.5396920442581177,1.564932942390442,1.4690170288085938,1.514451026916504,9479531
2021-08-04,1.514451026916504,1.5194989442825317,1.4639689922332764,1.4942580461502075,2822960
2021-08-05,1.4942580461502075,1.5094029903411865,1.458920955657959,1.479114055633545,3448335
2021-08-08,1.479114055633545,1.479114055633545,1.479114055633545,1.479114055633545,0
2021-08-09,1.479114055633545,1.479114055633545,1.479114055633545,1.479114055633545,0
2021-08-10,1.514451026916504,1.5295950174331665,1.4740660190582275,1.4942580461502075,1603602
2021-08-11,1.4942580461502075,1.5194989442825317,1.4639689922332764,1.4841619729995728,2455285
2021-08-15,1.4841619729995728,1.4892100095748901,1.4387279748916626,1.4639689922332764,2730091
2021-08-16,1.4639689922332764,1.479114055633545,1.4387279748916626,1.4639689922332764,2729112
2021-08-17,1.4639689922332764,1.514451026916504,1.4488250017166138,1.4892100095748901,2950426
2021-08-18,1.4892100095748901,1.5194989442825317,1.4841619729995728,1.5043549537658691,2726514
2021-08-19,1.5043549537658691,1.5043549537658691,1.4740660190582275,1.4892100095748901,1846926
2021-08-22,1.4892100095748901,1.4993059635162354,1.4538730382919312,1.4639689922332764,522456
2021-08-23,1.4639689922332764,1.4740660190582275,1.408439040184021,1.4286320209503174,9709196
2021-08-24,1.4286320209503174,1.4690170288085938,1.423583984375,1.4488250017166138,5728674
2021-08-25,1.4488250017166138,1.479114055633545,1.4488250017166138,1.4639689922332764,2097557
2021-08-26,1.4639689922332764,1.479114055633545,1.4488250017166138,1.4639689922332764,1804558
2021-08-29,1.4639689922332764,1.4740660190582275,1.4336800575256348,1.4538730382919312,1501274
2021-08-30,1.4538730382919312,1.4942580461502075,1.4488250017166138,1.4690170288085938,3297510
2021-08-31,1.4690170288085938,1.4639689922332764,1.4387279748916626,1.4538730382919312,2131724
2021-09-01,1.4538730382919312,1.5245469808578491,1.4538730382919312,1.4942580461502075,6610455
2021-09-02,1.4942580461502075,1.514451026916504,1.4740660190582275,1.4841619729995728,1975499
2021-09-05,1.4841619729995728,1.4841619729995728,1.4387279748916626,1.4437769651412964,1600684
2021-09-06,1.4437769651412964,1.4437769651412964,1.4033910036087036,1.4185359477996826,1884743
2021-09-07,1.4185359477996826,1.4387279748916626,1.4033910036087036,1.4185359477996826,1224914
2021-09-08,1.4185359477996826,1.4538730382919312,1.423583984375,1.4387279748916626,1470175
2021-09-09,1.4387279748916626,1.5094029903411865,1.4336800575256348,1.4892100095748901,3372516
2021-09-12,1.4892100095748901,1.5094029903411865,1.4740660190582275,1.4841619729995728,3058111
2021-09-13,1.4841619729995728,1.5245469808578491,1.4639689922332764,1.4841619729995728,6911916
2021-09-14,1.4841619729995728,1.4942580461502075,1.458920955657959,1.4639689922332764,3342477
2021-09-15,1.4639689922332764,1.514451026916504,1.4639689922332764,1.4841619729995728,9643967
2021-09-16,1.4841619729995728,1.4993059635162354,1.4639689922332764,1.4690170288085938,4089260
2021-09-19,1.4690170288085938,1.4841619729995728,1.423583984375,1.4387279748916626,2523476
2021-09-20,1.4387279748916626,1.4538730382919312,1.408439040184021,1.4185359477996826,1299702
2021-09-21,1.4185359477996826,1.4185359477996826,1.4185359477996826,1.4185359477996826,0
2021-09-22,1.3983429670333862,1.4134869575500488,1.3932950496673584,1.3983429670333862,3527055
2021-09-23,1.3983279466629028,1.41211998462677,1.3267359733581543,1.385848045349121,1308673
2021-09-26,1.385848045349121,1.392416000366211,1.3595759868621826,1.3727120161056519,775279
2021-09-27,1.3727120161056519,1.392416000366211,1.3530080318450928,1.3595759868621826,1011908
2021-09-28,1.3595759868621826,1.3661439418792725,1.3267359733581543,1.3333040475845337,963950
2021-09-29,1.3333040475845337,1.3333040475845337,1.3333040475845337,1.3333040475845337,0
2021-09-30,1.3530080318450928,1.3661439418792725,1.3464399576187134,1.3595759868621826,497779
2021-10-03,1.3595759868621826,1.3727120161056519,1.3398720026016235,1.3398720026016235,777616
2021-10-04,1.3398720026016235,1.3398720026016235,1.3398720026016235,1.3398720026016235,0
2021-10-05,1.313599944114685,1.3333040475845337,1.3070319890975952,1.3201680183410645,869751
2021-10-06,1.3201680183410645,1.3267359733581543,1.293895959854126,1.3004640340805054,1253094
2021-10-10,1.3004640340805054,1.293895959854126,1.267624020576477,1.2689379453659058,1335597
2021-10-11,1.2689379453659058,1.2807600498199463,1.270907998085022,1.274191975593567,885407
2021-10-12,1.274191975593567,1.2873280048370361,1.274191975593567,1.2807600498199463,930565
2021-10-13,1.2807600498199463,1.2774759531021118,1.2544879913330078,1.2610559463500977,5182677
2021-10-14,1.2610559463500977,1.273535966873169,1.2216479778289795,1.2544879913330078,1229982
2021-10-17,1.2544879913330078,1.2794469594955444,1.2347840070724487,1.2485769987106323,2982417
2021-10-18,1.2485769987106323,1.2485769987106323,1.2485769987106323,1.2485769987106323,0
2021-10-19,1.2413519620895386,1.2544879913330078,1.2216479778289795,1.223618984222412,1229458
2021-10-20,1.223618984222412,1.2459499835968018,1.0837199687957764,1.1802699565887451,2522294
2021-10-24,1.1802699565887451,1.207198977470398,1.1789560317993164,1.1822400093078613,1090302
2021-10-25,1.1822400093078613,1.2150800228118896,1.1881510019302368,1.2019439935684204,8252774
2021-10-26,1.2019439935684204,1.203914999961853,1.1507140398025513,1.1684470176696777,1471226
2021-10-27,1.1684470176696777,1.1631929874420166,1.0640159845352173,1.1080219745635986,2057442
2021-10-28,1.1080219745635986,1.1776429414749146,1.0837199687957764,1.1750149726867676,10625246
2021-10-31,1.1750149726867676,1.1822400093078613,1.1388909816741943,1.1658200025558472,746447
2021-11-01,1.1658200025558472,1.1953760385513306,1.1625360250473022,1.1861809492111206,1514546
2021-11-02,1.1861809492111206,1.215736985206604,1.196033000946045,1.2150800228118896,3303144
2021-11-03,1.2150800228118896,1.2663110494613647,1.2026009559631348,1.2505470514297485,5640515
2021-11-04,1.2505470514297485,1.2597429752349854,1.2249319553375244,1.2466069459915161,1211922
2021-11-07,1.2466069459915161,1.2466069459915161,1.2466069459915161,1.2466069459915161,0
2021-11-08,1.2466069459915161,1.2466069459915161,1.2466069459915161,1.2466069459915161,0
2021-11-09,1.2466069459915161,1.2466069459915161,1.2466069459915161,1.2466069459915161,0
2021-11-10,1.3786239624023438,1.3851920366287231,1.3464399576187134,1.3753399848937988,4070091
2021-11-11,1.3753399848937988,1.431823968887329,1.3595759868621826,1.4101500511169434,19838650
2021-11-14,1.4101500511169434,1.4778000116348267,1.392416000366211,1.431823968887329,13238890
2021-11-15,1.431823968887329,1.5500479936599731,1.431823968887329,1.510640025138855,11922877
2021-11-16,1.510640025138855,1.530344009399414,1.4712320566177368,1.4778000116348267,3501157
2021-11-17,1.4778000116348267,1.4843679666519165,1.3530080318450928,1.392416000366211,2992662
2021-11-18,1.392416000366211,1.41211998462677,1.3595759868621826,1.3792799711227417,636759
2021-11-21,1.3792799711227417,1.392416000366211,1.3398720026016235,1.3464399576187134,14650555
2021-11-22,1.3464399576187134,1.4515279531478882,1.3398720026016235,1.4383920431137085,4095860
2021-11-23,1.4383920431137085,1.4383920431137085,1.4383920431137085,1.4383920431137085,0
2021-11-24,1.4449599981307983,1.4449599981307983,1.3792799711227417,1.385848045349121,770162
2021-11-25,1.385848045349121,1.4712320566177368,1.41211998462677,1.4646639823913574,7720409
2021-11-28,1.4646639823913574,1.4646639823913574,1.4646639823913574,1.4646639823913574,0
2021-11-29,1.510640025138855,1.5237760543823242,1.4778000116348267,1.490936040878296,2502700
2021-11-30,1.490936040878296,1.5040719509124756,1.4778000116348267,1.490936040878296,1231753
2021-12-01,1.490936040878296,1.5434800386428833,1.4449599981307983,1.5434800386428833,3045115
2021-12-02,1.5434800386428833,1.6091610193252563,1.5172079801559448,1.6091610193252563,9946426
2021-12-05,1.6091610193252563,1.74052095413208,1.5828880071640015,1.694545030593872,7528675
2021-12-06,1.694545030593872,1.7799290418624878,1.6420010328292847,1.6617050170898438,9171265
2021-12-07,1.6617050170898438,1.7076809406280518,1.510640025138855,1.556615948677063,13967556
2021-12-08,1.556615948677063,1.6288650035858154,1.5434800386428833,1.6091610193252563,7647391
2021-12-09,1.6091610193252563,1.6420010328292847,1.5763200521469116,1.6091610193252563,2015269
2021-12-12,1.6091610193252563,1.6551369428634644,1.602592945098877,1.6222970485687256,2579873
2021-12-13,1.6222970485687256,1.6682729721069336,1.6091610193252563,1.6420010328292847,2223206
2021-12-14,1.6420010328292847,1.6420010328292847,1.6420010328292847,1.6420010328292847,0
2021-12-15,1.6617050170898438,1.8062009811401367,1.6682729721069336,1.694545030593872,20319125
2021-12-16,1.694545030593872,1.7996330261230469,1.7273850440979004,1.7799290418624878,10920408
2021-12-19,1.7799290418624878,1.8127690553665161,1.7339529991149902,1.7470890283584595,2356950
2021-12-20,1.7470890283584595,1.7470890283584595,1.7470890283584595,1.7470890283584595,0
2021-12-21,1.7142490148544312,1.9244250059127808,1.720816969871521,1.8259049654006958,8282694
2021-12-22,1.8259049654006958,1.839040994644165,1.7470890283584595,1.7667930126190186,4353497
2021-12-23,1.7667930126190186,1.7733609676361084,1.74052095413208,1.7470890283584595,1533703
2021-12-26,1.7470890283584595,1.7996330261230469,1.7076809406280518,1.7339529991149902,2160801
2021-12-27,1.7339529991149902,1.7470890283584595,1.6420010328292847,1.674841046333313,3591975
2021-12-28,1.674841046333313,1.6879769563674927,1.5763200521469116,1.602592945098877,8447453
2021-12-29,1.602592945098877,1.6222970485687256,1.5697519779205322,1.5894570350646973,4409074
2021-12-30,1.5894570350646973,1.720816969871521,1.5763200521469116,1.5763200521469116,13669635
2022-01-02,1.5763200521469116,1.6222970485687256,1.5631840229034424,1.602592945098877,5013428
2022-01-03,1.602592945098877,1.694545030593872,1.602592945098877,1.6420010328292847,4216705
2022-01-04,1.6420010328292847,1.7733609676361084,1.6354329586029053,1.694545030593872,9891013
2022-01-05,1.694545030593872,1.7602250576019287,1.701112985610962,1.7076809406280518,6006311
2022-01-09,1.7076809406280518,1.7076809406280518,1.7076809406280518,1.7076809406280518,0
2022-01-10,1.6617050170898438,1.674841046333313,1.6288650035858154,1.6354329586029053,2052448
2022-01-11,1.6354329586029053,1.6420010328292847,1.6157289743423462,1.6288650035858154,1732581
2022-01-12,1.6288650035858154,1.6814090013504028,1.6354329586029053,1.6682729721069336,5081061
2022-01-13,1.6682729721069336,1.674841046333313,1.6091610193252563,1.6222970485687256,4961280
2022-01-16,1.6222970485687256,1.6354329586029053,1.5237760543823242,1.5434800386428833,2461894
2022-01-17,1.5434800386428833,1.7076809406280518,1.5763200521469116,1.6288650035858154,11413727
2022-01-18,1.6288650035858154,1.674841046333313,1.596024990081787,1.6091610193252563,6097423
2022-01-19,1.6091610193252563,1.6157289743423462,1.556615948677063,1.5631840229034424,3500148
2022-01-20,1.5631840229034424,1.5828880071640015,1.5434800386428833,1.556615948677063,1573686
2022-01-23,1.556615948677063,1.5763200521469116,1.5040719509124756,1.510640025138855,1371252
2022-01-24,1.510640025138855,1.5500479936599731,1.4843679666519165,1.490936040878296,3148446
2022-01-25,1.490936040878296,1.5172079801559448,1.4778000116348267,1.510640025138855,2297655
2022-01-26,1.510640025138855,1.536911964416504,1.490936040878296,1.4975039958953857,915698
2022-01-30,1.4975039958953857,1.510640025138855,1.4580960273742676,1.4778000116348267,1555822
2022-01-31,1.4778000116348267,1.5040719509124756,1.4712320566177368,1.4975039958953857,3862366
2022-02-01,1.4975039958953857,1.5500479936599731,1.510640025138855,1.5237760543823242,3102030
2022-02-02,1.5237760543823242,1.5894570350646973,1.530344009399414,1.5697519779205322,1780103
2022-02-03,1.5697519779205322,1.5763200521469116,1.5237760543823242,1.5500479936599731,10307533
2022-02-06,1.5500479936599731,1.5631840229034424,1.5434800386428833,1.5500479936599731,641289
2022-02-07,1.5500479936599731,1.5894570350646973,1.5434800386428833,1.5500479936599731,2668864
2022-02-08,1.5500479936599731,1.6091610193252563,1.5500479936599731,1.5894570350646973,4419307
2022-02-09,1.5894570350646973,1.6354329586029053,1.5763200521469116,1.602592945098877,4638308
2022-02-10,1.602592945098877,1.602592945098877,1.4843679666519165,1.5237760543823242,7068540
2022-02-13,1.5237760543823242,1.510640025138855,1.4186880588531494,1.4383920431137085,3126232
2022-02-14,1.4383920431137085,1.4580960273742676,1.4186880588531494,1.4449599981307983,1070127
2022-02-15,1.4449599981307983,1.4843679666519165,1.4580960273742676,1.4778000116348267,1093435
2022-02-16,1.4778000116348267,1.490936040878296,1.4186880588531494,1.4252560138702393,1589811
2022-02-17,1.4252560138702393,1.4383920431137085,1.4186880588531494,1.431823968887329,9918459
2022-02-20,1.431823968887329,1.4383920431137085,1.4055520296096802,1.41211998462677,1362444
2022-02-21,1.41211998462677,1.4515279531478882,1.3661439418792725,1.4383920431137085,2311824
2022-02-22,1.4383920431137085,1.4055520296096802,1.3661439418792725,1.392416000366211,3558839
2022-02-23,1.392416000366211,1.4252560138702393,1.3727120161056519,1.385848045349121,768661
2022-02-24,1.385848045349121,1.392416000366211,1.2544879913330078,1.3727120161056519,4014425
2022-02-27,1.3727120161056519,1.431823968887329,1.3792799711227417,1.4186880588531494,1230242
2022-02-28,1.4186880588531494,1.431823968887329,1.3989839553833008,1.3989839553833008,622633
2022-03-01,1.3989839553833008,1.4975039958953857,1.3989839553833008,1.4778000116348267,2436965
2022-03-02,1.4778000116348267,1.4778000116348267,1.431823968887329,1.4383920431137085,639210
2022-03-03,1.4383920431137085,1.4778000116348267,1.4449599981307983,1.4778000116348267,2076148
2022-03-06,1.4778000116348267,1.490936040878296,1.41211998462677,1.41211998462677,2540348
2022-03-07,1.41211998462677,1.4186880588531494,1.274191975593567,1.313599944114685,9400875
2022-03-08,1.313599944114685,1.313599944114685,1.313599944114685,1.313599944114685,0
2022-03-09,1.2610559463500977,1.3727120161056519,1.2807600498199463,1.313599944114685,15135856
2022-03-10,1.313599944114685,1.41211998462677,1.3070319890975952,1.313599944114685,3701437
2022-03-13,1.313599944114685,1.3530080318450928,1.3004640340805054,1.3267359733581543,3362799
2022-03-14,1.3267359733581543,1.3267359733581543,1.2544879913330078,1.2544879913330078,3872593
2022-03-15,1.2544879913330078,1.2807600498199463,1.1822400093078613,1.2019439935684204,3679562
2022-03-16,1.2019439935684204,1.2610559463500977,1.2085119485855103,1.2413519620895386,25325006
2022-03-17,1.2413519620895386,1.3201680183410645,1.2347840070724487,1.274191975593567,6570563
2022-03-20,1.274191975593567,1.3595759868621826,1.2649970054626465,1.3595759868621826,7011706
2022-03-21,1.3595759868621826,1.4186880588531494,1.314257025718689,1.3661439418792725,10279620
2022-03-22,1.3661439418792725,1.3989839553833008,1.3470970392227173,1.351694941520691,8308263
2022-03-23,1.351694941520691,1.3595759868621826,1.3168840408325195,1.333961009979248,4224803
2022-03-24,1.333961009979248,1.3595759868621826,1.282073974609375,1.313599944114685,13161524
2022-03-27,1.313599944114685,1.3267359733581543,1.2807600498199463,1.2873280048370361,2268075
2022-03-28,1.2873280048370361,1.3070319890975952,1.2544879913330078,1.2807600498199463,2278131
2022-03-29,1.2807600498199463,1.3004640340805054,1.247920036315918,1.2873280048370361,5433263
2022-03-30,1.2873280048370361,1.293895959854126,1.2282160520553589,1.247920036315918,10256805
2022-03-31,1.247920036315918,1.293895959854126,1.2347840070724487,1.274191975593567,2964934
2022-04-03,1.274191975593567,1.3333040475845337,1.2485769987106323,1.3083460330963135,3855486
2022-04-04,1.3083460330963135,1.3398720026016235,1.3201680183410645,1.3267359733581543,2303372
2022-04-05,1.3267359733581543,1.340528964996338,1.313599944114685,1.3359320163726807,1945886
2022-04-06,1.3359320163726807,1.391759991645813,1.3333040475845337,1.3825639486312866,12603474
2022-04-07,1.3825639486312866,1.4443039894104004,1.3733689785003662,1.4252560138702393,15703569
2022-04-10,1.4252560138702393,1.4580960273742676,1.4055520296096802,1.4186880588531494,4106041
2022-04-11,1.4186880588531494,1.3989839553833008,1.3398720026016235,1.3727120161056519,1695790
2022-04-12,1.3727120161056519,1.3727120161056519,1.3267359733581543,1.3464399576187134,419614
2022-04-13,1.3464399576187134,1.385848045349121,1.3333040475845337,1.3595759868621826,1010492
2022-04-14,1.3595759868621826,1.3595759868621826,1.313599944114685,1.3464399576187134,1354630
2022-04-17,1.3464399576187134,1.3989839553833008,1.3464399576187134,1.3595759868621826,919426
2022-04-18,1.3595759868621826,1.3792799711227417,1.3464399576187134,1.3595759868621826,1074126
2022-04-19,1.3595759868621826,1.4186880588531494,1.3464399576187134,1.4055520296096802,3407369
2022-04-20,1.4055520296096802,1.4252560138702393,1.3595759868621826,1.3792799711227417,4138150
2022-04-21,1.3792799711227417,1.4383920431137085,1.3333040475845337,1.4186880588531494,110859506
2022-04-26,1.4186880588531494,1.431823968887329,1.392416000366211,1.41211998462677,914906
2022-04-27,1.41211998462677,1.5434800386428833,1.3989839553833008,1.4975039958953857,6117185
2022-04-28,1.4975039958953857,1.536911964416504,1.4449599981307983,1.4646639823913574,4386548
2022-05-08,1.4646639823913574,1.490936040878296,1.4515279531478882,1.4843679666519165,1716710
2022-05-09,1.4843679666519165,1.5172079801559448,1.4646639823913574,1.4778000116348267,3829728
2022-05-10,1.4778000116348267,1.4778000116348267,1.4646639823913574,1.4778000116348267,1494910
2022-05-11,1.4778000116348267,1.5697519779205322,1.4778000116348267,1.536911964416504,13603453
2022-05-12,1.536911964416504,1.5434800386428833,1.4712320566177368,1.4843679666519165,2037451
2022-05-15,1.4843679666519165,1.5040719509124756,1.4646639823913574,1.4778000116348267,1170842
2022-05-16,1.4778000116348267,1.490936040878296,1.41211998462677,1.4580960273742676,2139016
2022-05-17,1.4580960273742676,1.4778000116348267,1.4449599981307983,1.4646639823913574,820673
2022-05-18,1.4646639823913574,1.4712320566177368,1.431823968887329,1.4383920431137085,331318
2022-05-19,1.4383920431137085,1.4515279531478882,1.4186880588531494,1.4186880588531494,338497
2022-05-22,1.4186880588531494,1.4515279531478882,1.41211998462677,1.41211998462677,384273
2022-05-23,1.41211998462677,1.431823968887329,1.4186880588531494,1.4186880588531494,7486335
2022-05-24,1.4186880588531494,1.4778000116348267,1.4186880588531494,1.4712320566177368,1225574
2022-05-25,1.4712320566177368,1.4712320566177368,1.3595759868621826,1.3792799711227417,897711
2022-05-26,1.3792799711227417,1.41211998462677,1.3530080318450928,1.3661439418792725,1048260
2022-05-29,1.3661439418792725,1.41211998462677,1.293895959854126,1.3333040475845337,780629
2022-05-30,1.3333040475845337,1.3792799711227417,1.3398720026016235,1.3661439418792725,1105035
2022-05-31,1.3661439418792725,1.3792799711227417,1.3530080318450928,1.3530080318450928,264853
2022-06-01,1.3530080318450928,1.4055520296096802,1.3464399576187134,1.3792799711227417,1506711
2022-06-02,1.3792799711227417,1.41211998462677,1.3661439418792725,1.3792799711227417,1939105
2022-06-05,1.3792799711227417,1.3792799711227417,1.3792799711227417,1.3792799711227417,0
2022-06-06,1.3792799711227417,1.41211998462677,1.3661439418792725,1.392416000366211,716426
2022-06-07,1.392416000366211,1.392416000366211,1.3792799711227417,1.3792799711227417,442039
2022-06-08,1.3792799711227417,1.4186880588531494,1.392416000366211,1.41211998462677,333947
2022-06-09,1.41211998462677,1.4383920431137085,1.3792799711227417,1.4186880588531494,7060670
2022-06-12,1.4186880588531494,1.4383920431137085,1.392416000366211,1.3989839553833008,763547
2022-06-13,1.3989839553833008,1.490936040878296,1.41211998462677,1.4252560138702393,8105996
2022-06-14,1.4252560138702393,1.4449599981307983,1.41211998462677,1.4252560138702393,847796
2022-06-15,1.4252560138702393,1.4515279531478882,1.4055520296096802,1.4186880588531494,1303995
2022-06-16,1.4186880588531494,1.4580960273742676,1.4186880588531494,1.4449599981307983,5414347
2022-06-19,1.4449599981307983,1.4515279531478882,1.4449599981307983,1.4515279531478882,2397163
2022-06-20,1.4515279531478882,1.4843679666519165,1.4186880588531494,1.4646639823913574,2244582
2022-06-21,1.4646639823913574,1.4843679666519165,1.4449599981307983,1.4449599981307983,851593
2022-06-22,1.4449599981307983,1.4449599981307983,1.4252560138702393,1.431823968887329,2726558
2022-06-23,1.431823968887329,1.4515279531478882,1.4252560138702393,1.4449599981307983,434693
2022-06-26,1.4449599981307983,1.4778000116348267,1.4252560138702393,1.4646639823913574,512618
2022-06-27,1.4646639823913574,1.4975039958953857,1.431823968887329,1.4383920431137085,347167
2022-06-28,1.4383920431137085,1.4646639823913574,1.3792799711227417,1.385848045349121,4820130
2022-06-29,1.385848045349121,1.4515279531478882,1.392416000366211,1.4383920431137085,1619510
2022-07-03,1.4383920431137085,1.4646639823913574,1.4186880588531494,1.4449599981307983,3789563
2022-07-04,1.4449599981307983,1.431823968887329,1.3595759868621826,1.3792799711227417,425800
2022-07-05,1.3792799711227417,1.4186880588531494,1.385848045349121,1.41211998462677,1339472
2022-07-06,1.41211998462677,1.4646639823913574,1.3989839553833008,1.4449599981307983,1382861
2022-07-07,1.4449599981307983,1.4580960273742676,1.4449599981307983,1.4449599981307983,1478630
2022-07-17,1.4449599981307983,1.4449599981307983,1.4186880588531494,1.4449599981307983,117178
2022-07-18,1.4449599981307983,1.4449599981307983,1.431823968887329,1.4383920431137085,2771697
2022-07-19,1.4383920431137085,1.4646639823913574,1.4449599981307983,1.4580960273742676,615763
2022-07-20,1.4580960273742676,1.4843679666519165,1.385848045349121,1.4778000116348267,2597909
2022-07-21,1.4778000116348267,1.5894570350646973,1.4712320566177368,1.556615948677063,3263420
2022-07-24,1.556615948677063,1.5434800386428833,1.510640025138855,1.536911964416504,789798
2022-07-25,1.536911964416504,1.5434800386428833,1.4778000116348267,1.4975039958953857,1327185
2022-07-26,1.4975039958953857,1.5763200521469116,1.4843679666519165,1.5434800386428833,5896468
2022-07-27,1.5434800386428833,1.6091610193252563,1.5172079801559448,1.5763200521469116,9692595
2022-07-28,1.5763200521469116,1.6420010328292847,1.5763200521469116,1.6354329586029053,3792672
2022-07-31,1.6354329586029053,1.674841046333313,1.5894570350646973,1.5894570350646973,3323215
2022-08-01,1.5894570350646973,1.6222970485687256,1.5763200521469116,1.5828880071640015,2684666
2022-08-02,1.5828880071640015,1.6420010328292847,1.5697519779205322,1.5894570350646973,1337464
2022-08-03,1.5894570350646973,1.6420010328292847,1.5763200521469116,1.6420010328292847,2686612
2022-08-04,1.6420010328292847,1.7339529991149902,1.6288650035858154,1.720816969871521,32504157
2022-08-07,1.720816969871521,1.7733609676361084,1.674841046333313,1.7273850440979004,3166955
2022-08-08,1.7273850440979004,1.74052095413208,1.694545030593872,1.720816969871521,1075902
2022-08-09,1.720816969871521,1.74052095413208,1.6814090013504028,1.701112985610962,2075533
2022-08-10,1.701112985610962,1.7273850440979004,1.6814090013504028,1.701112985610962,1155259
2022-08-11,1.701112985610962,1.8062009811401367,1.7142490148544312,1.7864969968795776,6892842
2022-08-14,1.7864969968795776,1.839040994644165,1.5237760543823242,1.7733609676361084,1282907
2022-08-15,1.7733609676361084,1.8062009811401367,1.7076809406280518,1.720816969871521,742354
2022-08-16,1.720816969871521,1.8324730396270752,1.7602250576019287,1.7799290418624878,3751349
2022-08-17,1.7799290418624878,1.839040994644165,1.7733609676361084,1.8062009811401367,1320812
2022-08-18,1.8062009811401367,1.8062009811401367,1.8062009811401367,1.8062009811401367,0
2022-08-21,1.7996330261230469,1.8850170373916626,1.8127690553665161,1.8456089496612549,1373458
2022-08-22,1.8456089496612549,1.8718810081481934,1.7733609676361084,1.7996330261230469,2223675
2022-08-23,1.7996330261230469,1.7996330261230469,1.7996330261230469,1.7996330261230469,0
2022-08-24,1.7864969968795776,1.8718810081481934,1.7733609676361084,1.839040994644165,7229214
2022-08-25,1.839040994644165,1.93756103515625,1.8259049654006958,1.917857050895691,6186629
2022-08-28,1.917857050895691,1.9441289901733398,1.8587449789047241,1.9047210216522217,355858
2022-08-29,1.9047210216522217,1.93756103515625,1.839040994644165,1.8850170373916626,475482
2022-08-30,1.8850170373916626,1.9047210216522217,1.8653130531311035,1.8850170373916626,51723
2022-08-31,1.8850170373916626,1.9047210216522217,1.8259049654006958,1.8718810081481934,959028
2022-09-01,1.8718810081481934,1.9047210216522217,1.819337010383606,1.8784489631652832,510511
2022-09-04,1.8784489631652832,1.9047210216522217,1.7799290418624878,1.8259049654006958,505488
2022-09-05,1.8259049654006958,1.8653130531311035,1.8127690553665161,1.8259049654006958,114843
2022-09-06,1.8259049654006958,1.839040994644165,1.7996330261230469,1.8062009811401367,718665
2022-09-07,1.8062009811401367,1.8062009811401367,1.7733609676361084,1.7733609676361084,976590
2022-09-08,1.7733609676361084,1.8324730396270752,1.7667930126190186,1.7930649518966675,2283597
2022-09-11,1.7930649518966675,1.8653130531311035,1.8127690553665161,1.839040994644165,485619
2022-09-12,1.839040994644165,1.839040994644165,1.74052095413208,1.7536569833755493,1889872
2022-09-13,1.7536569833755493,1.7996330261230469,1.6879769563674927,1.7536569833755493,6735470
2022-09-14,1.7536569833755493,1.7996330261230469,1.7273850440979004,1.7799290418624878,10805350
2022-09-15,1.7799290418624878,1.9047210216522217,1.7930649518966675,1.8127690553665161,2200561
2022-09-18,1.8127690553665161,1.9047210216522217,1.74052095413208,1.7667930126190186,1792303
2022-09-19,1.7667930126190186,1.9047210216522217,1.7470890283584595,1.8521770238876343,4490326
2022-09-20,1.8521770238876343,1.9047210216522217,1.7996330261230469,1.8718810081481934,24161807
2022-09-21,1.8718810081481934,1.8784489631652832,1.8062009811401367,1.819337010383606,4110924
2022-09-22,1.819337010383606,1.819337010383606,1.7733609676361084,1.8062009811401367,275077
2022-09-25,1.8062009811401367,1.8259049654006958,1.7733609676361084,1.7864969968795776,190421
2022-09-26,1.7864969968795776,1.8062009811401367,1.7733609676361084,1.7733609676361084,383554
2022-09-27,1.7733609676361084,1.7930649518966675,1.7733609676361084,1.7799290418624878,367103
2022-09-28,1.7799290418624878,1.7930649518966675,1.7536569833755493,1.7667930126190186,569195
2022-09-29,1.7667930126190186,1.8259049654006958,1.7536569833755493,1.7733609676361084,196682
2022-10-02,1.7733609676361084,1.8062009811401367,1.7076809406280518,1.7142490148544312,1909761
2022-10-03,1.7142490148544312,1.8062009811401367,1.7142490148544312,1.7470890283584595,1233089
2022-10-04,1.7470890283584595,1.7996330261230469,1.74052095413208,1.7536569833755493,488468
2022-10-05,1.7536569833755493,1.7930649518966675,1.7536569833755493,1.7536569833755493,135077
2022-10-09,1.7536569833755493,1.8653130531311035,1.7273850440979004,1.8062009811401367,288127
2022-10-10,1.8062009811401367,1.839040994644165,1.7536569833755493,1.8062009811401367,131907
2022-10-11,1.8062009811401367,1.7733609676361084,1.74052095413208,1.8062009811401367,147812
2022-10-12,1.8062009811401367,1.7930649518966675,1.7339529991149902,1.7536569833755493,1282219
2022-10-13,1.7536569833755493,1.8062009811401367,1.7076809406280518,1.7339529991149902,6210897
2022-10-16,1.7339529991149902,1.7667930126190186,1.74052095413208,1.7339529991149902,60918
2022-10-17,1.7339529991149902,1.7733609676361084,1.7142490148544312,1.7339529991149902,1966247
2022-10-18,1.7339529991149902,1.7602250576019287,1.720816969871521,1.7339529991149902,464378
2022-10-19,1.7339529991149902,1.7536569833755493,1.7142490148544312,1.74052095413208,998228
2022-10-20,1.74052095413208,1.7799290418624878,1.74052095413208,1.7536569833755493,256960
2022-10-23,1.7536569833755493,1.7733609676361084,1.7339529991149902,1.7667930126190186,271659
2022-10-24,1.7667930126190186,1.7930649518966675,1.6617050170898438,1.674841046333313,1331498
2022-10-25,1.674841046333313,1.74052095413208,1.674841046333313,1.6879769563674927,428312
2022-10-26,1.6879769563674927,1.6879769563674927,1.6879769563674927,1.6879769563674927,0
2022-10-27,1.6879769563674927,1.7996330261230469,1.694545030593872,1.7799290418624878,706916
2022-10-30,1.7799290418624878,1.7799290418624878,1.7536569833755493,1.7799290418624878,65551
2022-10-31,1.7799290418624878,1.7733609676361084,1.74052095413208,1.74052095413208,785448
2022-11-01,1.74052095413208,1.7536569833755493,1.720816969871521,1.7470890283584595,2424115
2022-11-02,1.7470890283584595,1.7667930126190186,1.7273850440979004,1.74052095413208,943852
2022-11-03,1.74052095413208,1.7667930126190186,1.7273850440979004,1.74052095413208,62795
2022-11-06,1.74052095413208,1.7733609676361084,1.7142490148544312,1.7602250576019287,204026
2022-11-07,1.7602250576019287,1.8127690553665161,1.7470890283584595,1.7733609676361084,707787
2022-11-08,1.7733609676361084,1.7733609676361084,1.74052095413208,1.74052095413208,794000
2022-11-09,1.74052095413208,1.7470890283584595,1.7076809406280518,1.720816969871521,1431696
2022-11-10,1.720816969871521,1.8062009811401367,1.7142490148544312,1.8062009811401367,1080730
2022-11-13,1.8062009811401367,1.8324730396270752,1.7667930126190186,1.7733609676361084,436727
2022-11-14,1.7733609676361084,1.839040994644165,1.7667930126190186,1.8259049654006958,3832937
2022-11-15,1.8259049654006958,1.917857050895691,1.839040994644165,1.8850170373916626,7078546
2022-11-16,1.8850170373916626,2.022944927215576,1.8915849924087524,2.0032410621643066,6967086
2022-11-17,2.0032410621643066,2.082056999206543,2.0032410621643066,2.0032410621643066,2259456
2022-11-20,2.0032410621643066,2.0689210891723633,1.9047210216522217,2.0098090171813965,392390
2022-11-21,2.0098090171813965,2.036081075668335,1.917857050895691,1.93756103515625,6500719
2022-11-22,1.93756103515625,1.93756103515625,1.8915849924087524,1.9047210216522217,3965172
2022-11-23,1.9047210216522217,1.9309929609298706,1.8653130531311035,1.8718810081481934,3342045
2022-11-24,1.8718810081481934,1.9901050329208374,1.8653130531311035,1.8718810081481934,3343487
2022-11-27,1.8718810081481934,1.917857050895691,1.8521770238876343,1.8653130531311035,4359587
2022-11-28,1.8653130531311035,1.8915849924087524,1.8259049654006958,1.8324730396270752,1620920
2022-11-29,1.8324730396270752,1.8587449789047241,1.8127690553665161,1.819337010383606,1523252
2022-11-30,1.819337010383606,1.9047210216522217,1.839040994644165,1.8587449789047241,6148359
2022-12-01,1.8587449789047241,1.9901050329208374,1.8915849924087524,1.9309929609298706,5124824
2022-12-04,1.9309929609298706,2.0032410621643066,1.9244250059127808,1.9704010486602783,6703091
2022-12-05,1.9704010486602783,2.0032410621643066,1.9047210216522217,1.9112889766693115,7371196
2022-12-06,1.9112889766693115,1.9506969451904297,1.8850170373916626,1.93756103515625,828288
2022-12-07,1.93756103515625,1.963832974433899,1.8324730396270752,1.8456089496612549,13003077
2022-12-08,1.8456089496612549,1.9047210216522217,1.8324730396270752,1.8718810081481934,7484771
2022-12-11,1.8718810081481934,1.8850170373916626,1.8521770238876343,1.8587449789047241,1110692
2022-12-12,1.8587449789047241,1.8587449789047241,1.8127690553665161,1.839040994644165,1242136
2022-12-13,1.839040994644165,1.9112889766693115,1.839040994644165,1.9047210216522217,3454481
2022-12-14,1.9047210216522217,1.9441289901733398,1.8718810081481934,1.9047210216522217,3232989
2022-12-15,1.9047210216522217,1.957265019416809,1.8784489631652832,1.8850170373916626,4266139
2022-12-18,1.8850170373916626,1.917857050895691,1.8718810081481934,1.8850170373916626,1451105
2022-12-19,1.8850170373916626,1.9047210216522217,1.8259049654006958,1.8653130531311035,1531897
2022-12-20,1.8653130531311035,1.8981529474258423,1.8653130531311035,1.8784489631652832,943336
2022-12-21,1.8784489631652832,1.8981529474258423,1.839040994644165,1.839040994644165,1550766
2022-12-22,1.839040994644165,1.8653130531311035,1.839040994644165,1.8521770238876343,954436
2022-12-25,1.8521770238876343,1.8521770238876343,1.7864969968795776,1.8324730396270752,548944
2022-12-26,1.8324730396270752,1.8521770238876343,1.8062009811401367,1.8324730396270752,892660
2022-12-27,1.8324730396270752,1.8653130531311035,1.819337010383606,1.839040994644165,8744647
2022-12-28,1.839040994644165,1.8784489631652832,1.8259049654006958,1.839040994644165,1067237
2022-12-29,1.839040994644165,1.9704010486602783,1.839040994644165,1.9506969451904297,8239802
2023-01-02,1.9506969451904297,1.963832974433899,1.917857050895691,1.9506969451904297,817727
2023-01-03,1.9506969451904297,1.963832974433899,1.9244250059127808,1.9309929609298706,1290635
2023-01-04,1.9309929609298706,1.9506969451904297,1.8587449789047241,1.93756103515625,3172213
2023-01-05,1.93756103515625,1.93756103515625,1.8653130531311035,1.8784489631652832,2954868
2023-01-09,1.8784489631652832,1.9309929609298706,1.8587449789047241,1.8653130531311035,2047241
2023-01-10,1.8653130531311035,1.8718810081481934,1.8062009811401367,1.8127690553665161,1430775
2023-01-11,1.8127690553665161,1.8718810081481934,1.7799290418624878,1.8062009811401367,5178475
2023-01-12,1.8062009811401367,1.8784489631652832,1.7864969968795776,1.8456089496612549,2259907
2023-01-15,1.8456089496612549,1.8718810081481934,1.8259049654006958,1.839040994644165,339090
2023-01-16,1.839040994644165,1.8653130531311035,1.8127690553665161,1.8259049654006958,667925
2023-01-17,1.8259049654006958,1.8587449789047241,1.8259049654006958,1.839040994644165,4024950
2023-01-18,1.839040994644165,1.8587449789047241,1.8062009811401367,1.8062009811401367,924592
2023-01-19,1.8062009811401367,1.8324730396270752,1.7733609676361084,1.7799290418624878,1194301
2023-01-22,1.7799290418624878,1.8062009811401367,1.7602250576019287,1.7799290418624878,2299019
2023-01-23,1.7799290418624878,1.8127690553665161,1.7470890283584595,1.7733609676361084,1601220
2023-01-24,1.7733609676361084,1.7864969968795776,1.7536569833755493,1.7799290418624878,975442
2023-01-25,1.7799290418624878,1.8718810081481934,1.7667930126190186,1.8456089496612549,3324947
2023-01-29,1.8456089496612549,1.8718810081481934,1.8062009811401367,1.819337010383606,4791895
2023-01-30,1.819337010383606,1.8653130531311035,1.7799290418624878,1.7930649518966675,2250388
2023-01-31,1.7930649518966675,1.8127690553665161,1.7470890283584595,1.7536569833755493,462820
2023-02-01,1.7536569833755493,1.7799290418624878,1.7339529991149902,1.7536569833755493,202263
2023-02-02,1.7536569833755493,1.7864969968795776,1.7470890283584595,1.7602250576019287,741957
2023-02-05,1.7602250576019287,1.7733609676361084,1.6420010328292847,1.7142490148544312,828248
2023-02-06,1.7142490148544312,1.74052095413208,1.7076809406280518,1.7142490148544312,159002
2023-02-07,1.7142490148544312,1.7602250576019287,1.7142490148544312,1.74052095413208,458145
2023-02-08,1.74052095413208,1.7602250576019287,1.7142490148544312,1.720816969871521,461607
2023-02-09,1.720816969871521,1.74052095413208,1.7142490148544312,1.7273850440979004,349817
2023-02-12,1.7273850440979004,1.74052095413208,1.7142490148544312,1.7273850440979004,107649
2023-02-13,1.7273850440979004,1.7602250576019287,1.720816969871521,1.7339529991149902,1882989
2023-02-14,1.7339529991149902,1.7733609676361084,1.7339529991149902,1.7470890283584595,386000
2023-02-15,1.7470890283584595,1.7733609676361084,1.7273850440979004,1.7339529991149902,8574627
2023-02-16,1.7339529991149902,1.7536569833755493,1.6814090013504028,1.6879769563674927,4750840
2023-02-19,1.6879769563674927,1.7142490148544312,1.674841046333313,1.6814090013504028,909594
2023-02-20,1.6814090013504028,1.701112985610962,1.596024990081787,1.6091610193252563,1971189
2023-02-21,1.6091610193252563,1.6288650035858154,1.5763200521469116,1.602592945098877,972651
2023-02-22,1.602592945098877,1.6354329586029053,1.5894570350646973,1.602592945098877,1006782
2023-02-23,1.602592945098877,1.6288650035858154,1.5894570350646973,1.602592945098877,840410
2023-02-26,1.602592945098877,1.6157289743423462,1.5828880071640015,1.5894570350646973,668708
2023-02-27,1.5894570350646973,1.6420010328292847,1.5763200521469116,1.6354329586029053,6004145
2023-02-28,1.6354329586029053,1.6682729721069336,1.5697519779205322,1.5763200521469116,8270337
2023-03-01,1.5763200521469116,1.5894570350646973,1.5434800386428833,1.5500479936599731,3665547
2023-03-02,1.5500479936599731,1.5828880071640015,1.5434800386428833,1.5763200521469116,1462782
2023-03-05,1.5763200521469116,1.5894570350646973,1.556615948677063,1.5631840229034424,941686
2023-03-06,1.5631840229034424,1.5763200521469116,1.5434800386428833,1.556615948677063,640502
2023-03-07,1.556615948677063,1.596024990081787,1.5237760543823242,1.530344009399414,3481476
2023-03-08,1.530344009399414,1.556615948677063,1.4778000116348267,1.4843679666519165,4330616
2023-03-09,1.4843679666519165,1.536911964416504,1.4778000116348267,1.5237760543823242,1331081
2023-03-12,1.5237760543823242,1.536911964416504,1.4712320566177368,1.4778000116348267,1641571
2023-03-13,1.4778000116348267,1.4975039958953857,1.3267359733581543,1.4252560138702393,2916784
2023-03-14,1.4252560138702393,1.4646639823913574,1.385848045349121,1.41211998462677,4382714
2023-03-15,1.41211998462677,1.4383920431137085,1.2873280048370361,1.3201680183410645,10100400
2023-03-16,1.3201680183410645,1.3530080318450928,1.2544879913330078,1.3004640340805054,6121468
2023-03-19,1.3004640340805054,1.313599944114685,1.2544879913330078,1.2971800565719604,558012
2023-03-20,1.2971800565719604,1.3792799711227417,1.2840440273284912,1.3464399576187134,11168937
2023-03-21,1.3464399576187134,1.4055520296096802,1.3497240543365479,1.3792799711227417,5201517
2023-03-22,1.3792799711227417,1.4186880588531494,1.356948971748352,1.3615469932556152,4158311
2023-03-23,1.3615469932556152,1.392416000366211,1.3595759868621826,1.3799370527267456,1485245
2023-03-26,1.3799370527267456,1.392416000366211,1.3595759868621826,1.3661439418792725,8529047
2023-03-27,1.3661439418792725,1.3792799711227417,1.3464399576187134,1.3530080318450928,2532361
2023-03-28,1.3530080318450928,1.3595759868621826,1.313599944114685,1.3267359733581543,2929791
2023-03-29,1.3267359733581543,1.3595759868621826,1.3201680183410645,1.3398720026016235,4144890
2023-03-30,1.3398720026016235,1.3530080318450928,1.2807600498199463,1.3004640340805054,8146228
2023-04-02,1.3004640340805054,1.3267359733581543,1.3004640340805054,1.313599944114685,2649374
2023-04-03,1.313599944114685,1.3983279466629028,1.3129440546035767,1.372056007385254,16716291
2023-04-04,1.372056007385254,1.4613800048828125,1.38059401512146,1.4383920431137085,13869599
2023-04-05,1.4383920431137085,1.509984016418457,1.4449599981307983,1.509984016418457,18941711
2023-04-06,1.509984016418457,1.5231200456619263,1.4725459814071655,1.4981609582901,4048417
2023-04-09,1.4981609582901,1.510640025138855,1.4646639823913574,1.4843679666519165,6324418
2023-04-10,1.4843679666519165,1.4975039958953857,1.431823968887329,1.4515279531478882,5162003
2023-04-11,1.4515279531478882,1.4778000116348267,1.4383920431137085,1.4515279531478882,3107443
2023-04-12,1.4515279531478882,1.4975039958953857,1.4252560138702393,1.4252560138702393,5467158
2023-04-13,1.4252560138702393,1.4449599981307983,1.385848045349121,1.4055520296096802,6729149
2023-04-18,1.4055520296096802,1.4383920431137085,1.4055520296096802,1.431823968887329,1835329
2023-04-19,1.431823968887329,1.4383920431137085,1.4055520296096802,1.4383920431137085,4792113
2023-04-26,1.4383920431137085,1.4580960273742676,1.4252560138702393,1.431823968887329,5249757
2023-04-27,1.431823968887329,1.4778000116348267,1.4252560138702393,1.4778000116348267,7608533
2023-04-30,1.4778000116348267,1.5763200521469116,1.4843679666519165,1.510640025138855,21024846
2023-05-01,1.510640025138855,1.510640025138855,1.510640025138855,1.510640025138855,0
2023-05-02,1.4646639823913574,1.4712320566177368,1.431823968887329,1.4580960273742676,4122139
2023-05-03,1.4580960273742676,1.4843679666519165,1.431823968887329,1.4580960273742676,3045281
2023-05-07,1.4580960273742676,1.4712320566177368,1.431823968887329,1.4515279531478882,1925007
2023-05-08,1.4515279531478882,1.5040719509124756,1.4515279531478882,1.490936040878296,3246528
2023-05-09,1.490936040878296,1.5040719509124756,1.4580960273742676,1.4646639823913574,3707223
2023-05-10,1.4646639823913574,1.4843679666519165,1.4383920431137085,1.4580960273742676,5399311
2023-05-11,1.4580960273742676,1.510640025138855,1.4712320566177368,1.490936040878296,6695266
2023-05-14,1.490936040878296,1.602592945098877,1.5040719509124756,1.5763200521469116,33856546
2023-05-15,1.5763200521469116,1.596024990081787,1.4975039958953857,1.510640025138855,9827507
2023-05-16,1.510640025138855,1.5500479936599731,1.4778000116348267,1.5434800386428833,10889230
2023-05-17,1.5434800386428833,1.5763200521469116,1.490936040878296,1.510640025138855,10427957
2023-05-18,1.510640025138855,1.5237760543823242,1.4712320566177368,1.5172079801559448,7105606
2023-05-21,1.5172079801559448,1.5894570350646973,1.5172079801559448,1.5631840229034424,11750259
2023-05-22,1.5631840229034424,1.5763200521469116,1.530344009399414,1.536911964416504,4905167
2023-05-23,1.536911964416504,1.556615948677063,1.510640025138855,1.5434800386428833,3961127
2023-05-24,1.5434800386428833,1.5631840229034424,1.530344009399414,1.5434800386428833,4188598
2023-05-25,1.5434800386428833,1.5500479936599731,1.5040719509124756,1.5172079801559448,9732612
2023-05-28,1.5172079801559448,1.5434800386428833,1.5172079801559448,1.5237760543823242,3599734
2023-05-29,1.5237760543823242,1.5434800386428833,1.4843679666519165,1.5040719509124756,8797357
2023-05-30,1.5040719509124756,1.5237760543823242,1.490936040878296,1.4975039958953857,11459295
2023-05-31,1.4975039958953857,1.530344009399414,1.490936040878296,1.5040719509124756,10748788
2023-06-01,1.5040719509124756,1.556615948677063,1.5040719509124756,1.530344009399414,11383068
2023-06-04,1.530344009399414,1.5631840229034424,1.530344009399414,1.536911964416504,9287934
2023-06-05,1.536911964416504,1.6682729721069336,1.536911964416504,1.602592945098877,44760487
2023-06-06,1.602592945098877,1.6288650035858154,1.5894570350646973,1.596024990081787,14732566
2023-06-07,1.596024990081787,1.7339529991149902,1.6354329586029053,1.6682729721069336,38958539
2023-06-08,1.6682729721069336,1.6879769563674927,1.6288650035858154,1.6485689878463745,14162687
2023-06-11,1.6485689878463745,1.694545030593872,1.6420010328292847,1.6551369428634644,17519934
2023-06-12,1.6551369428634644,1.674841046333313,1.6420010328292847,1.6420010328292847,3157995
2023-06-13,1.6420010328292847,1.674841046333313,1.6354329586029053,1.6420010328292847,8082178
2023-06-14,1.6420010328292847,1.6682729721069336,1.602592945098877,1.602592945098877,8312918
2023-06-15,1.602592945098877,1.6420010328292847,1.5894570350646973,1.6222970485687256,7861493
2023-06-18,1.6222970485687256,1.6879769563674927,1.6420010328292847,1.6682729721069336,13060500
2023-06-19,1.6682729721069336,1.694545030593872,1.6288650035858154,1.6288650035858154,4925152
2023-06-20,1.6288650035858154,1.6551369428634644,1.6091610193252563,1.6157289743423462,8829944
2023-06-21,1.6157289743423462,1.6288650035858154,1.5894570350646973,1.596024990081787,4358728
2023-06-22,1.596024990081787,1.6091610193252563,1.5434800386428833,1.5763200521469116,19009794
2023-06-25,1.5763200521469116,1.602592945098877,1.5237760543823242,1.530344009399414,8596319
2023-06-26,1.530344009399414,1.5631840229034424,1.5172079801559448,1.5631840229034424,5028536
2023-07-04,1.5631840229034424,1.5763200521469116,1.5434800386428833,1.5500479936599731,1865601
2023-07-05,1.5500479936599731,1.5631840229034424,1.536911964416504,1.5434800386428833,7497204
2023-07-06,1.5434800386428833,1.5500479936599731,1.4975039958953857,1.5040719509124756,3662438
2023-07-09,1.5040719509124756,1.510640025138855,1.4055520296096802,1.4055520296096802,6897354
2023-07-10,1.4055520296096802,1.4646639823913574,1.4055520296096802,1.4449599981307983,4810706
2023-07-11,1.4449599981307983,1.4580960273742676,1.4252560138702393,1.4383920431137085,5347269
2023-07-12,1.4383920431137085,1.4975039958953857,1.431823968887329,1.4449599981307983,6254271
2023-07-13,1.4449599981307983,1.4843679666519165,1.4383920431137085,1.4646639823913574,5368571
2023-07-16,1.4646639823913574,1.4843679666519165,1.4580960273742676,1.4580960273742676,2240036
2023-07-17,1.4580960273742676,1.4843679666519165,1.4580960273742676,1.4646639823913574,1988503
2023-07-18,1.4646639823913574,1.490936040878296,1.4646639823913574,1.490936040878296,2857283
2023-07-19,1.490936040878296,1.490936040878296,1.490936040878296,1.490936040878296,0
2023-07-24,1.4843679666519165,1.5172079801559448,1.4778000116348267,1.4778000116348267,3229113
2023-07-25,1.4778000116348267,1.490936040878296,1.4580960273742676,1.4580960273742676,15436680
2023-07-26,1.4580960273742676,1.4712320566177368,1.4383920431137085,1.4449599981307983,3621124
2023-07-27,1.4449599981307983,1.4515279531478882,1.4252560138702393,1.4252560138702393,5210957
2023-07-30,1.4252560138702393,1.4778000116348267,1.4186880588531494,1.431823968887329,5382198
2023-07-31,1.431823968887329,1.4580960273742676,1.4252560138702393,1.4449599981307983,2614731
2023-08-01,1.4449599981307983,1.4580960273742676,1.4252560138702393,1.4252560138702393,3246296
2023-08-02,1.4252560138702393,1.431823968887329,1.392416000366211,1.41211998462677,4161634
2023-08-03,1.41211998462677,1.4186880588531494,1.3792799711227417,1.4055520296096802,2410450
2023-08-06,1.4055520296096802,1.431823968887329,1.3989839553833008,1.4186880588531494,3402243
2023-08-07,1.4186880588531494,1.4383920431137085,1.41211998462677,1.4186880588531494,4624519
2023-08-08,1.4186880588531494,1.431823968887329,1.4055520296096802,1.4055520296096802,3712642
2023-08-09,1.4055520296096802,1.4186880588531494,1.3989839553833008,1.4055520296096802,5244252
2023-08-10,1.4055520296096802,1.41211998462677,1.3792799711227417,1.392416000366211,7998326
2023-08-13,1.392416000366211,1.4055520296096802,1.392416000366211,1.3989839553833008,4106474
2023-08-14,1.3989839553833008,1.4186880588531494,1.3989839553833008,1.4055520296096802,9947157
2023-08-15,1.4055520296096802,1.431823968887329,1.3989839553833008,1.3989839553833008,4677539
2023-08-16,1.3989839553833008,1.4186880588531494,1.392416000366211,1.3989839553833008,20178938
2023-08-17,1.3989839553833008,1.431823968887329,1.3530080318450928,1.385848045349121,26268608
2023-08-20,1.385848045349121,1.4186880588531494,1.3595759868621826,1.3792799711227417,10259002
2023-08-21,1.3792799711227417,1.392416000366211,1.3661439418792725,1.3661439418792725,6476343
2023-08-22,1.3661439418792725,1.385848045349121,1.3530080318450928,1.3661439418792725,12135989
2023-08-23,1.3661439418792725,1.3792799711227417,1.3333040475845337,1.3398720026016235,18099815
2023-08-24,1.3398720026016235,1.3530080318450928,1.3201680183410645,1.3333040475845337,15138726
2023-08-27,1.3333040475845337,1.3398720026016235,1.313599944114685,1.313599944114685,12495529
2023-08-28,1.313599944114685,1.3530080318450928,1.3070319890975952,1.3267359733581543,21245385
2023-08-29,1.3267359733581543,1.385848045349121,1.3267359733581543,1.3792799711227417,51640291
2023-08-30,1.3792799711227417,1.4252560138702393,1.385848045349121,1.3989839553833008,35811093
2023-08-31,1.3989839553833008,1.3989839553833008,1.3989839553833008,1.3989839553833008,0
2023-09-03,1.392416000366211,1.4449599981307983,1.385848045349121,1.392416000366211,14001556
2023-09-04,1.392416000366211,1.4186880588531494,1.3792799711227417,1.3989839553833008,8401042
2023-09-05,1.3989839553833008,1.4580960273742676,1.4055520296096802,1.4449599981307983,26611563
2023-09-06,1.4449599981307983,1.4843679666519165,1.4383920431137085,1.4449599981307983,14854742
2023-09-07,1.4449599981307983,1.4646639823913574,1.4383920431137085,1.4383920431137085,5714420
2023-09-10,1.4383920431137085,1.4383920431137085,1.4383920431137085,1.4383920431137085,0
2023-09-11,1.4252560138702393,1.4383920431137085,1.4055520296096802,1.4186880588531494,6435493
2023-09-12,1.4186880588531494,1.4252560138702393,1.3989839553833008,1.41211998462677,3802343
2023-09-13,1.41211998462677,1.4252560138702393,1.41211998462677,1.4186880588531494,2862041
2023-09-14,1.4186880588531494,1.4712320566177368,1.4252560138702393,1.4712320566177368,10459591
2023-09-17,1.4712320566177368,1.510640025138855,1.4778000116348267,1.4778000116348267,25382126
2023-09-18,1.4778000116348267,1.4843679666519165,1.4712320566177368,1.4778000116348267,4256261
2023-09-19,1.4778000116348267,1.5237760543823242,1.4778000116348267,1.510640025138855,17108688
2023-09-20,1.510640025138855,1.510640025138855,1.510640025138855,1.510640025138855,0
2023-09-21,1.510640025138855,1.510640025138855,1.510640025138855,1.510640025138855,0
2023-09-24,1.510640025138855,1.510640025138855,1.510640025138855,1.510640025138855,0
2023-09-25,1.4589999914169312,1.4600000381469727,1.4210000038146973,1.437000036239624,9358035
2023-09-26,1.437000036239624,1.4550000429153442,1.4249999523162842,1.4299999475479126,9725657
2023-09-27,1.4299999475479126,1.4299999475479126,1.4299999475479126,1.4299999475479126,0
2023-10-01,1.4299999475479126,1.4299999475479126,1.4299999475479126,1.4299999475479126,0
2023-10-02,1.4129999876022339,1.4240000247955322,1.3990000486373901,1.406999945640564,7208163
2023-10-03,1.406999945640564,1.409000039100647,1.3799999952316284,1.3899999856948853,3289127
2023-10-04,1.3899999856948853,1.399999976158142,1.3700000047683716,1.3980000019073486,2566622
2023-10-08,1.3980000019073486,1.3960000276565552,1.309999942779541,1.3320000171661377,5118034
2023-10-09,1.3320000171661377,1.3600000143051147,1.3350000381469727,1.340999960899353,2689128
2023-10-10,1.340999960899353,1.3519999980926514,1.3370000123977661,1.343999981880188,3257213
2023-10-11,1.343999981880188,1.4639999866485596,1.347000002861023,1.434999942779541,12880900
2023-10-12,1.434999942779541,1.4490000009536743,1.4199999570846558,1.440000057220459,4294790
2023-10-15,1.440000057220459,1.4900000095367432,1.440000057220459,1.4880000352859497,7850587
2023-10-16,1.4880000352859497,1.5190000534057617,1.440000057220459,1.4859999418258667,8201777
2023-10-17,1.4859999418258667,1.5399999618530273,1.4800000190734863,1.5019999742507935,19870734
2023-10-18,1.5019999742507935,1.534000039100647,1.5019999742507935,1.5089999437332153,8316201
2023-10-19,1.5089999437332153,1.5089999437332153,1.5089999437332153,1.5089999437332153,0
2023-10-22,1.5549999475479126,1.5750000476837158,1.5399999618530273,1.562999963760376,7249852
2023-10-23,1.562999963760376,1.590000033378601,1.5549999475479126,1.5720000267028809,8636148
2023-10-24,1.5720000267028809,1.5850000381469727,1.5399999618530273,1.5460000038146973,9380421
2023-10-25,1.5460000038146973,1.5750000476837158,1.5360000133514404,1.5700000524520874,24927171
2023-10-26,1.5700000524520874,1.6390000581741333,1.5709999799728394,1.5870000123977661,17621913
2023-10-29,1.5870000123977661,1.628999948501587,1.5870000123977661,1.590000033378601,7533494
2023-10-30,1.590000033378601,1.6100000143051147,1.5709999799728394,1.5750000476837158,5830237
2023-10-31,1.5750000476837158,1.5889999866485596,1.5399999618530273,1.5410000085830688,4477547
2023-11-01,1.5410000085830688,1.5579999685287476,1.503000020980835,1.5210000276565552,3692140
2023-11-02,1.5210000276565552,1.5490000247955322,1.5199999809265137,1.5299999713897705,17933554
2023-11-05,1.5299999713897705,1.5470000505447388,1.5240000486373901,1.5260000228881836,9168081
2023-11-06,1.5260000228881836,1.5440000295639038,1.524999976158142,1.527999997138977,4033780
2023-11-07,1.527999997138977,1.61899995803833,1.524999976158142,1.6089999675750732,11135606
2023-11-08,1.6089999675750732,1.6180000305175781,1.5549999475479126,1.5579999685287476,5843160
2023-11-09,1.5579999685287476,1.590000033378601,1.531999945640564,1.5390000343322754,5326999
2023-11-12,1.5390000343322754,1.5570000410079956,1.4989999532699585,1.5010000467300415,5966283
2023-11-13,1.5010000467300415,1.5199999809265137,1.5,1.5180000066757202,4071666
2023-11-14,1.5180000066757202,1.5399999618530273,1.5,1.5119999647140503,5685184
2023-11-15,1.5119999647140503,1.5299999713897705,1.5049999952316284,1.5099999904632568,3905300
2023-11-16,1.5099999904632568,1.5199999809265137,1.5069999694824219,1.5140000581741333,2808371
2023-11-19,1.5140000581741333,1.527999997138977,1.5099999904632568,1.5199999809265137,4776582
2023-11-20,1.5199999809265137,1.5399999618530273,1.5219999551773071,1.5390000343322754,6879631
2023-11-21,1.5390000343322754,1.5889999866485596,1.5299999713897705,1.5880000591278076,8012407
2023-11-22,1.5880000591278076,1.6059999465942383,1.5750000476837158,1.6019999980926514,16486219
2023-11-23,1.6019999980926514,1.61899995803833,1.5920000076293945,1.6119999885559082,10196553
2023-11-26,1.6119999885559082,1.6349999904632568,1.6100000143051147,1.621000051498413,7533503
2023-11-27,1.621000051498413,1.6799999475479126,1.5980000495910645,1.6549999713897705,19616504
2023-11-28,1.6549999713897705,1.7239999771118164,1.6399999856948853,1.6950000524520874,37498811
2023-11-29,1.6950000524520874,1.7170000076293945,1.6319999694824219,1.6390000581741333,11705293
2023-11-30,1.6390000581741333,1.6779999732971191,1.6319999694824219,1.6720000505447388,3732435
2023-12-03,1.6720000505447388,1.7990000247955322,1.6679999828338623,1.7799999713897705,50287540
2023-12-04,1.7799999713897705,1.899999976158142,1.7920000553131104,1.899999976158142,49374837
2023-12-05,1.899999976158142,1.9700000286102295,1.8899999856948853,1.899999976158142,25905045
2023-12-06,1.899999976158142,1.9390000104904175,1.8600000143051147,1.8799999952316284,8391930
2023-12-07,1.8799999952316284,1.8799999952316284,1.7599999904632568,1.8339999914169312,6914737
2023-12-10,1.8339999914169312,1.8799999952316284,1.8109999895095825,1.8250000476837158,5121093
2023-12-11,1.8250000476837158,1.8370000123977661,1.75,1.7660000324249268,8255392
2023-12-12,1.7660000324249268,1.7949999570846558,1.7120000123977661,1.7269999980926514,3326270
2023-12-13,1.7269999980926514,1.850000023841858,1.7350000143051147,1.8489999771118164,5738633
2023-12-14,1.8489999771118164,1.8760000467300415,1.8309999704360962,1.8459999561309814,2914241
2023-12-17,1.8459999561309814,1.8589999675750732,1.8170000314712524,1.8209999799728394,3081909
2023-12-18,1.8209999799728394,1.840000033378601,1.809999942779541,1.8200000524520874,3183225
2023-12-19,1.8200000524520874,1.8350000381469727,1.503999948501587,1.7519999742507935,8156569
2023-12-20,1.7519999742507935,1.7890000343322754,1.6610000133514404,1.6790000200271606,10657507
2023-12-21,1.6790000200271606,1.7000000476837158,1.6230000257492065,1.6269999742507935,10814396
2023-12-24,1.6269999742507935,1.6269999742507935,1.6269999742507935,1.6269999742507935,0
2023-12-25,1.6269999742507935,1.6490000486373901,1.600000023841858,1.6089999675750732,4931729
2023-12-26,1.6089999675750732,1.6480000019073486,1.6050000190734863,1.6160000562667847,5137594
2023-12-27,1.6160000562667847,1.7450000047683716,1.6200000047683716,1.7380000352859497,8161410
2023-12-28,1.7380000352859497,1.7380000352859497,1.690000057220459,1.7050000429153442,5092830
2023-12-31,1.7050000429153442,1.718999981880188,1.649999976158142,1.649999976158142,3780562
2024-01-02,1.649999976158142,1.718999981880188,1.6510000228881836,1.715000033378601,1612622
2024-01-03,1.715000033378601,1.7380000352859497,1.7089999914169312,1.7280000448226929,3072566
2024-01-04,1.7280000448226929,1.784999966621399,1.7280000448226929,1.7319999933242798,4185223
2024-01-08,1.7319999933242798,1.7450000047683716,1.7209999561309814,1.7330000400543213,2248863
2024-01-09,1.7330000400543213,1.8070000410079956,1.7300000190734863,1.774999976158142,6473183
2024-01-10,1.774999976158142,1.8660000562667847,1.7799999713897705,1.850000023841858,24133399
2024-01-11,1.850000023841858,1.8869999647140503,1.8300000429153442,1.8459999561309814,14370393
2024-01-14,1.8459999561309814,1.8700000047683716,1.8480000495910645,1.8539999723434448,5796542
2024-01-15,1.8539999723434448,1.937999963760376,1.8550000190734863,1.8940000534057617,13993490
2024-01-16,1.8940000534057617,1.909999966621399,1.875,1.8880000114440918,7426021
2024-01-17,1.8880000114440918,1.9980000257492065,1.8609999418258667,1.8650000095367432,30244136
2024-01-18,1.8650000095367432,1.9170000553131104,1.8669999837875366,1.8769999742507935,3933278
2024-01-21,1.8769999742507935,1.9249999523162842,1.899999976158142,1.9010000228881836,6460456
2024-01-22,1.9010000228881836,1.9249999523162842,1.8980000019073486,1.899999976158142,12886596
2024-01-23,1.899999976158142,1.9249999523162842,1.8660000562667847,1.899999976158142,6535754
2024-01-24,1.899999976158142,1.9149999618530273,1.8730000257492065,1.875,6396794
2024-01-28,1.875,1.9199999570846558,1.850000023841858,1.8700000047683716,5669618
2024-01-29,1.8700000047683716,2.0,1.8960000276565552,2.0,35639761
2024-01-30,2.0,2.299999952316284,2.0199999809265137,2.1710000038146973,55223721
2024-01-31,2.1710000038146973,2.2200000286102295,1.8450000286102295,1.9509999752044678,20453621
2024-02-01,1.9509999752044678,2.0380001068115234,1.840000033378601,2.010999917984009,13136662
2024-02-04,2.010999917984009,2.4100000858306885,1.9900000095367432,2.369999885559082,44056499
2024-02-05,2.369999885559082,2.4600000381469727,2.259999990463257,2.309999942779541,28252986
2024-02-06,2.309999942779541,2.369999885559082,2.2100000381469727,2.25,14537134
2024-02-07,2.25,2.2799999713897705,2.1700000762939453,2.200000047683716,6211520
2024-02-08,2.200000047683716,2.559999942779541,2.2300000190734863,2.430000066757202,35375755
2024-02-11,2.430000066757202,2.4800000190734863,2.3299999237060547,2.4200000762939453,13631523
2024-02-12,2.4200000762939453,2.440000057220459,2.2899999618530273,2.299999952316284,11042515
2024-02-13,2.299999952316284,2.619999885559082,2.3299999237060547,2.569999933242798,46376031
2024-02-14,2.569999933242798,2.7200000286102295,2.4800000190734863,2.6500000953674316,25256388
2024-02-15,2.6500000953674316,2.8299999237060547,2.630000114440918,2.799999952316284,41872010
2024-02-18,2.799999952316284,2.799999952316284,2.799999952316284,2.799999952316284,0
2024-02-19,2.6600000858306885,2.700000047683716,2.559999942779541,2.5999999046325684,16843375
2024-02-20,2.5999999046325684,2.9700000286102295,2.5999999046325684,2.940000057220459,44435482
2024-02-21,2.940000057220459,3.240000009536743,2.950000047683716,3.0799999237060547,41124362
2024-02-22,3.0799999237060547,3.1500000953674316,2.9700000286102295,3.009999990463257,14976538
2024-02-25,3.009999990463257,3.390000104904175,2.700000047683716,3.299999952316284,31415863
2024-02-26,3.299999952316284,3.4000000953674316,3.059999942779541,3.130000114440918,9632011
2024-02-27,3.130000114440918,3.240000009536743,2.8499999046325684,2.940000057220459,7771486
2024-02-28,2.940000057220459,3.0899999141693115,2.9000000953674316,2.9000000953674316,7625701
2024-02-29,2.9000000953674316,2.9800000190734863,2.7699999809265137,2.9000000953674316,4647068
2024-03-03,2.9000000953674316,2.9800000190734863,2.8499999046325684,2.859999895095825,4416480
2024-03-04,2.859999895095825,3.009999990463257,2.8499999046325684,2.9000000953674316,5865825
2024-03-05,2.9000000953674316,3.049999952316284,2.8499999046325684,2.940000057220459,7928765
2024-03-06,2.940000057220459,2.9700000286102295,2.7300000190734863,2.759999990463257,8007059
2024-03-07,2.759999990463257,2.869999885559082,2.5999999046325684,2.7899999618530273,6484278
2024-03-10,2.7899999618530273,2.8499999046325684,2.7100000381469727,2.7699999809265137,4234385
2024-03-11,2.7699999809265137,2.8299999237060547,2.7200000286102295,2.740000009536743,2031997
2024-03-12,2.740000009536743,2.799999952316284,2.619999885559082,2.6600000858306885,1541624
2024-03-13,2.6600000858306885,2.7300000190734863,2.5199999809265137,2.619999885559082,2943078
2024-03-14,2.619999885559082,2.8299999237060547,2.630000114440918,2.8299999237060547,2576045
2024-03-17,2.8299999237060547,3.0799999237060547,2.8499999046325684,2.930000066757202,10133523
2024-03-18,2.930000066757202,2.950000047683716,2.5999999046325684,2.5999999046325684,3354939
2024-03-19,2.5999999046325684,2.9000000953674316,2.5999999046325684,2.630000114440918,2605975
2024-03-20,2.630000114440918,2.940000057220459,2.6500000953674316,2.8399999141693115,5055117
2024-03-21,2.8399999141693115,2.9100000858306885,2.819999933242798,2.9000000953674316,2545493
2024-03-24,2.9000000953674316,2.950000047683716,2.809999942779541,2.8499999046325684,2265570
2024-03-25,2.8499999046325684,2.890000104904175,2.809999942779541,2.880000114440918,1905258
2024-03-26,2.880000114440918,2.940000057220459,2.799999952316284,2.799999952316284,4087976
2024-03-27,2.799999952316284,2.880000114440918,2.7200000286102295,2.869999885559082,3992452
2024-03-28,2.869999885559082,2.869999885559082,2.6500000953674316,2.700000047683716,2420553
2024-03-31,2.700000047683716,2.740000009536743,2.509999990463257,2.5999999046325684,2262758
2024-04-01,2.5999999046325684,2.700000047683716,2.549999952316284,2.700000047683716,3058784
2024-04-02,2.700000047683716,2.740000009536743,2.5999999046325684,2.6600000858306885,2112672
2024-04-03,2.6600000858306885,2.6700000762939453,2.569999933242798,2.5999999046325684,1661302
2024-04-04,2.5999999046325684,2.680000066757202,2.619999885559082,2.630000114440918,2688314
2024-04-07,2.630000114440918,2.680000066757202,2.559999942779541,2.5799999237060547,3858258
2024-04-08,2.5799999237060547,2.609999895095825,2.5299999713897705,2.559999942779541,2760698
2024-04-15,2.559999942779541,2.6500000953674316,2.559999942779541,2.609999895095825,4607189
2024-04-16,2.609999895095825,2.6600000858306885,2.5999999046325684,2.640000104904175,4919411
2024-04-17,2.640000104904175,2.680000066757202,2.5999999046325684,2.609999895095825,8922104
2024-04-18,2.609999895095825,2.690000057220459,2.430000066757202,2.490000009536743,8651035
2024-04-21,2.490000009536743,2.569999933242798,2.4700000286102295,2.5399999618530273,3522580
2024-04-22,2.5399999618530273,2.6600000858306885,2.450000047683716,2.509999990463257,4664347
2024-04-23,2.509999990463257,2.559999942779541,2.2899999618530273,2.369999885559082,5209276
2024-04-24,2.369999885559082,2.4100000858306885,2.0399999618530273,2.2200000286102295,13400688
2024-04-28,2.2200000286102295,2.2200000286102295,2.2200000286102295,2.2200000286102295,0
2024-04-29,2.140000104904175,2.190000057220459,2.0799999237060547,2.1500000953674316,4220854
2024-04-30,2.1500000953674316,2.180000066757202,1.940000057220459,2.059999942779541,7846718
2024-05-02,2.059999942779541,2.0999999046325684,2.009999990463257,2.069999933242798,5215029
2024-05-07,2.069999933242798,2.1500000953674316,2.0299999713897705,2.0899999141693115,8649960
2024-05-08,2.0899999141693115,2.1500000953674316,2.0399999618530273,2.059999942779541,4638050
2024-05-09,2.059999942779541,2.059999942779541,1.9700000286102295,2.0299999713897705,5342341
2024-05-12,2.0299999713897705,2.069999933242798,1.9700000286102295,1.9800000190734863,3499406
2024-05-13,1.9800000190734863,2.0,1.850000023841858,1.9900000095367432,3385068
2024-05-14,1.9900000095367432,2.0299999713897705,1.9700000286102295,1.9900000095367432,1961645
2024-05-15,1.9900000095367432,2.009999990463257,1.9600000381469727,1.9800000190734863,3123296
2024-05-16,1.9800000190734863,2.0899999141693115,1.9700000286102295,2.049999952316284,7047411
2024-05-19,2.049999952316284,2.190000057220459,2.0799999237060547,2.190000057220459,7924592
2024-05-20,2.190000057220459,2.2300000190734863,2.119999885559082,2.1500000953674316,7549985
2024-05-21,2.1500000953674316,2.2200000286102295,2.119999885559082,2.140000104904175,10047394
2024-05-22,2.140000104904175,2.190000057220459,2.0899999141693115,2.119999885559082,4380097
2024-05-23,2.119999885559082,2.200000047683716,2.140000104904175,2.1500000953674316,4612622
2024-05-26,2.1500000953674316,2.1500000953674316,2.1500000953674316,2.1500000953674316,0
2024-05-27,2.2699999809265137,2.490000009536743,2.2699999809265137,2.3499999046325684,19050995
2024-05-28,2.3499999046325684,2.3499999046325684,2.180000066757202,2.2699999809265137,4563469
2024-05-29,2.2699999809265137,2.380000114440918,2.200000047683716,2.240000009536743,11186560
2024-05-30,2.240000009536743,2.359999895095825,2.200000047683716,2.3499999046325684,2380457
2024-06-02,2.3499999046325684,2.3499999046325684,2.2699999809265137,2.2699999809265137,2896622
2024-06-03,2.2699999809265137,2.299999952316284,2.200000047683716,2.25,2978663
2024-06-04,2.25,2.2899999618530273,2.2100000381469727,2.2200000286102295,1988287
2024-06-05,2.2200000286102295,2.25,2.1500000953674316,2.2100000381469727,2349596
2024-06-06,2.2100000381469727,2.259999990463257,2.1500000953674316,2.1600000858306885,3700119
2024-06-09,2.1600000858306885,2.1700000762939453,2.0299999713897705,2.049999952316284,3631220
2024-06-10,2.049999952316284,2.0899999141693115,2.0,2.0899999141693115,3469050
2024-06-11,2.0899999141693115,2.1600000858306885,2.0899999141693115,2.0999999046325684,2783663
2024-06-12,2.0999999046325684,2.140000104904175,2.0999999046325684,2.119999885559082,1614514
2024-06-13,2.119999885559082,2.190000057220459,2.119999885559082,2.180000066757202,3085386
2024-06-23,2.180000066757202,2.299999952316284,2.190000057220459,2.2699999809265137,4199415
2024-06-24,2.2699999809265137,2.4100000858306885,2.309999942779541,2.359999895095825,8618110
2024-06-25,2.359999895095825,2.390000104904175,2.2899999618530273,2.309999942779541,8013247
2024-06-26,2.309999942779541,2.359999895095825,2.309999942779541,2.319999933242798,4994759
2024-06-27,2.319999933242798,2.4200000762939453,2.299999952316284,2.380000114440918,11873860
2024-07-02,2.369999885559082,2.450000047683716,2.3499999046325684,2.4200000762939453,15167907
2024-07-03,2.4200000762939453,2.450000047683716,2.3299999237060547,2.3499999046325684,10012869
2024-07-04,2.3499999046325684,2.380000114440918,2.309999942779541,2.3399999141693115,4998630
2024-07-07,2.3399999141693115,2.4700000286102295,2.359999895095825,2.380000114440918,19877723
2024-07-08,2.380000114440918,2.4200000762939453,2.299999952316284,2.309999942779541,8845255
2024-07-09,2.309999942779541,2.3299999237060547,2.2699999809265137,2.319999933242798,6942777
2024-07-10,2.319999933242798,2.4100000858306885,2.299999952316284,2.319999933242798,9884925
2024-07-14,2.319999933242798,2.3499999046325684,2.2899999618530273,2.309999942779541,6004688
2024-07-15,2.309999942779541,2.3299999237060547,2.2899999618530273,2.309999942779541,3282418
2024-07-16,2.309999942779541,2.3299999237060547,2.299999952316284,2.299999952316284,3155891
2024-07-17,2.299999952316284,2.319999933242798,2.2699999809265137,2.2899999618530273,4567734
2024-07-18,2.2899999618530273,2.369999885559082,2.299999952316284,2.3299999237060547,10331626
2024-07-21,2.3299999237060547,2.3499999046325684,2.240000009536743,2.2699999809265137,17675718
2024-07-22,2.2699999809265137,2.309999942779541,2.259999990463257,2.2799999713897705,6196802
2024-07-23,2.2799999713897705,2.299999952316284,2.259999990463257,2.2899999618530273,4347591
2024-07-24,2.2899999618530273,2.299999952316284,2.259999990463257,2.2799999713897705,9452390
2024-07-28,2.2799999713897705,2.309999942779541,2.2699999809265137,2.2699999809265137,3003581
2024-07-29,2.2699999809265137,2.299999952316284,2.25,2.259999990463257,3874129
2024-07-30,2.259999990463257,2.2699999809265137,2.25,2.25,2307752
2024-07-31,2.25,2.2799999713897705,2.25,2.259999990463257,1857577
2024-08-01,2.259999990463257,2.369999885559082,2.2699999809265137,2.3299999237060547,15445788
2024-08-04,2.3299999237060547,2.309999942779541,2.190000057220459,2.25,12490791
2024-08-05,2.25,2.25,2.1500000953674316,2.2100000381469727,10963188
2024-08-06,2.2100000381469727,2.240000009536743,2.200000047683716,2.2200000286102295,2289257
2024-08-07,2.2200000286102295,2.450000047683716,2.259999990463257,2.380000114440918,46134502
2024-08-08,2.380000114440918,2.509999990463257,2.359999895095825,2.4700000286102295,43227005
2024-08-11,2.4700000286102295,2.5399999618530273,2.4600000381469727,2.4700000286102295,14394271
2024-08-12,2.4700000286102295,2.4800000190734863,2.380000114440918,2.390000104904175,14297448
2024-08-13,2.390000104904175,2.4200000762939453,2.3499999046325684,2.3499999046325684,7546379
2024-08-14,2.3499999046325684,2.380000114440918,2.309999942779541,2.3299999237060547,8073243
2024-08-15,2.3299999237060547,2.4000000953674316,2.3299999237060547,2.359999895095825,5751019
2024-08-18,2.359999895095825,2.4000000953674316,2.3299999237060547,2.3399999141693115,4778230
2024-08-19,2.3399999141693115,2.380000114440918,2.319999933242798,2.3399999141693115,8088875
2024-08-20,2.3399999141693115,2.390000104904175,2.3399999141693115,2.380000114440918,3876533
2024-08-21,2.380000114440918,2.4800000190734863,2.369999885559082,2.380000114440918,15025707
2024-08-22,2.380000114440918,2.430000066757202,2.390000104904175,2.4000000953674316,7149727
2024-08-25,2.4000000953674316,2.4700000286102295,2.390000104904175,2.4100000858306885,14147470
2024-08-26,2.4100000858306885,2.440000057220459,2.3399999141693115,2.369999885559082,5709505
2024-08-27,2.369999885559082,2.4000000953674316,2.3399999141693115,2.3499999046325684,3228406
2024-08-28,2.3499999046325684,2.4000000953674316,2.319999933242798,2.359999895095825,6034037
2024-08-29,2.359999895095825,2.390000104904175,2.3399999141693115,2.3399999141693115,4512966
2024-09-01,2.3399999141693115,2.380000114440918,2.3399999141693115,2.369999885559082,3657561
2024-09-02,2.369999885559082,2.4600000381469727,2.369999885559082,2.4000000953674316,26894096
2024-09-03,2.4000000953674316,2.4800000190734863,2.4100000858306885,2.450000047683716,16527226
2024-09-04,2.450000047683716,2.5999999046325684,2.4200000762939453,2.549999952316284,34022293
2024-09-05,2.549999952316284,2.75,2.559999942779541,2.5799999237060547,36110752
2024-09-08,2.5799999237060547,2.5999999046325684,2.490000009536743,2.509999990463257,10525536
2024-09-09,2.509999990463257,2.5999999046325684,2.490000009536743,2.490000009536743,10702295
2024-09-10,2.490000009536743,2.5299999713897705,2.4600000381469727,2.4800000190734863,10693969
2024-09-11,2.4800000190734863,2.4800000190734863,2.390000104904175,2.440000057220459,11408868
2024-09-12,2.440000057220459,2.609999895095825,2.440000057220459,2.569999933242798,17432270
2024-09-16,2.569999933242798,2.6600000858306885,2.559999942779541,2.5799999237060547,21867770
2024-09-17,2.5799999237060547,2.609999895095825,2.4700000286102295,2.509999990463257,6848312
2024-09-18,2.509999990463257,2.569999933242798,2.4600000381469727,2.559999942779541,6168097
2024-09-19,2.559999942779541,2.740000009536743,2.5299999713897705,2.6500000953674316,30734768
2024-09-22,2.6500000953674316,2.890000104904175,2.6600000858306885,2.890000104904175,27548368
2024-09-23,2.890000104904175,2.880000114440918,2.759999990463257,2.7899999618530273,36537632
2024-09-24,2.7699999809265137,2.9100000858306885,2.75,2.75,29240152
2024-09-25,2.7899999618530273,2.819999933242798,2.7699999809265137,2.7699999809265137,7820650
2024-09-26,2.7699999809265137,2.9100000858306885,2.75,2.75,29240152
2024-09-29,2.75,2.9100000858306885,2.759999990463257,2.8499999046325684,20326110
2024-09-30,2.8499999046325684,3.2799999713897705,2.9000000953674316,3.109999895095825,60172793
2024-10-01,3.109999895095825,3.2300000190734863,3.0899999141693115,3.0999999046325684,17298377
2024-10-02,3.0999999046325684,3.130000114440918,2.9800000190734863,3.009999990463257,9872571
2024-10-03,3.009999990463257,3.200000047683716,3.009999990463257,3.140000104904175,14859597
2024-10-07,3.140000104904175,3.3499999046325684,3.140000104904175,3.259999990463257,29001323
2024-10-08,3.259999990463257,3.3299999237060547,3.009999990463257,3.049999952316284,21294787
2024-10-09,3.049999952316284,3.1500000953674316,3.0199999809265137,3.0899999141693115,9364618
2024-10-10,3.0899999141693115,3.140000104904175,3.0299999713897705,3.0299999713897705,9184350
2024-10-13,3.0299999713897705,3.1600000858306885,3.0199999809265137,3.0299999713897705,22629697
2024-10-14,3.0299999713897705,3.2100000381469727,2.950000047683716,3.2100000381469727,17450077
2024-10-15,3.2100000381469727,3.7100000381469727,3.2899999618530273,3.6600000858306885,64594765
2024-10-16,3.6600000858306885,3.7200000286102295,3.5799999237060547,3.619999885559082,19831330
2024-10-17,3.619999885559082,3.740000009536743,3.5,3.5299999713897705,11900771
2024-10-20,3.5299999713897705,3.6500000953674316,3.2799999713897705,3.3299999237060547,9571627
2024-10-21,3.3299999237060547,3.5199999809265137,3.299999952316284,3.5199999809265137,9770113
2024-10-22,3.5199999809265137,4.050000190734863,3.609999895095825,3.8499999046325684,34743072
2024-10-23,3.8499999046325684,3.890000104904175,3.640000104904175,3.690000057220459,8789714
2024-10-24,3.690000057220459,3.930000066757202,3.740000009536743,3.880000114440918,46223227
2024-10-27,3.880000114440918,3.9000000953674316,3.7300000190734863,3.740000009536743,12026366
2024-10-28,3.740000009536743,3.7699999809265137,3.6600000858306885,3.6700000762939453,6974530
2024-10-29,3.6700000762939453,3.75,3.5,3.509999990463257,17013991
2024-10-30,3.509999990463257,3.6600000858306885,3.4800000190734863,3.5199999809265137,10696327
2024-10-31,3.5199999809265137,3.6500000953674316,3.5,3.5899999141693115,24304712
2024-11-03,3.5899999141693115,3.6500000953674316,3.549999952316284,3.559999942779541,6741733
2024-11-04,3.559999942779541,3.619999885559082,3.4800000190734863,3.5,5993917
2024-11-05,3.5,3.75,3.5,3.680000066757202,26069020
2024-11-06,3.680000066757202,3.759999990463257,3.6500000953674316,3.680000066757202,9864985
2024-11-07,3.680000066757202,3.740000009536743,3.630000114440918,3.630000114440918,11550051
2024-11-10,3.630000114440918,3.7100000381469727,3.630000114440918,3.6600000858306885,4056240
2024-11-11,3.6600000858306885,3.700000047683716,3.630000114440918,3.6600000858306885,3464972
2024-11-12,3.6600000858306885,3.680000066757202,3.559999942779541,3.5799999237060547,5189051
2024-11-13,3.5799999237060547,3.5999999046325684,3.5299999713897705,3.5799999237060547,2019895
2024-11-14,3.5799999237060547,3.619999885559082,3.549999952316284,3.559999942779541,4592873
2024-11-17,3.559999942779541,3.630000114440918,3.549999952316284,3.559999942779541,3616750
2024-11-18,3.559999942779541,3.609999895095825,3.4800000190734863,3.5,8878876
2024-11-19,3.5,3.5299999713897705,3.4200000762939453,3.4600000381469727,3890363
2024-11-20,3.4600000381469727,3.490000009536743,3.319999933242798,3.380000114440918,5188678
2024-11-21,3.380000114440918,3.4000000953674316,3.319999933242798,3.369999885559082,2969516
2024-11-24,3.369999885559082,3.390000104904175,3.200000047683716,3.2200000286102295,5925726
2024-11-25,3.2200000286102295,3.4200000762939453,3.200000047683716,3.4000000953674316,12295254
2024-11-26,3.4000000953674316,3.4800000190734863,3.3299999237060547,3.3499999046325684,7072154
2024-11-27,3.3499999046325684,3.430000066757202,3.299999952316284,3.299999952316284,5639732
2024-11-28,3.299999952316284,3.4800000190734863,3.259999990463257,3.4600000381469727,6919436
2024-12-01,3.4600000381469727,3.690000057220459,3.4600000381469727,3.5799999237060547,11634732
2024-12-02,3.5799999237060547,3.630000114440918,3.450000047683716,3.490000009536743,9241922
2024-12-03,3.490000009536743,3.5199999809265137,3.430000066757202,3.490000009536743,11399989
2024-12-04,3.490000009536743,3.549999952316284,3.4200000762939453,3.430000066757202,10642189
2024-12-05,3.430000066757202,3.509999990463257,3.390000104904175,3.4700000286102295,9355957
2024-12-08,3.4700000286102295,3.509999990463257,3.430000066757202,3.450000047683716,7645567
2024-12-09,3.450000047683716,3.5,3.440000057220459,3.450000047683716,8301048
2024-12-10,3.450000047683716,3.4800000190734863,3.299999952316284,3.3399999141693115,6540700
2024-12-11,3.3399999141693115,3.4600000381469727,3.3399999141693115,3.430000066757202,6632068
2024-12-12,3.430000066757202,3.490000009536743,3.390000104904175,3.4000000953674316,5211823
2024-12-15,3.4000000953674316,3.509999990463257,3.359999895095825,3.5,10950892
2024-12-16,3.5,3.630000114440918,3.4800000190734863,3.5299999713897705,25160989
2024-12-17,3.5299999713897705,3.5799999237060547,3.4800000190734863,3.509999990463257,8095090
2024-12-18,3.509999990463257,3.549999952316284,3.380000114440918,3.390000104904175,6433264
2024-12-19,3.390000104904175,3.4100000858306885,3.299999952316284,3.390000104904175,6489582
2024-12-22,3.390000104904175,3.4600000381469727,3.369999885559082,3.4100000858306885,4800312
2024-12-23,3.4100000858306885,3.4200000762939453,3.2799999713897705,3.299999952316284,3127680
2024-12-24,3.299999952316284,3.4100000858306885,3.259999990463257,3.4100000858306885,4406007
2024-12-25,3.4100000858306885,3.450000047683716,3.3299999237060547,3.3299999237060547,2467335
2024-12-26,3.3299999237060547,3.3499999046325684,3.299999952316284,3.3399999141693115,3477791
2024-12-29,3.3399999141693115,3.369999885559082,3.2799999713897705,3.3299999237060547,2451631
2024-12-30,3.3299999237060547,3.369999885559082,3.2899999618530273,3.2899999618530273,3386238
2024-12-31,3.2899999618530273,3.369999885559082,3.2899999618530273,3.3399999141693115,2739454
2025-01-02,3.3399999141693115,3.4100000858306885,3.3499999046325684,3.4100000858306885,1783475
2025-01-05,3.4100000858306885,3.5999999046325684,3.4200000762939453,3.5999999046325684,18466964
2025-01-06,3.5999999046325684,3.6500000953674316,3.5399999618530273,3.5999999046325684,9172693
2025-01-08,3.5999999046325684,3.630000114440918,3.4800000190734863,3.5299999713897705,9158443
2025-01-09,3.5299999713897705,3.609999895095825,3.490000009536743,3.5299999713897705,5334714
2025-01-12,3.5299999713897705,3.5,3.390000104904175,3.4100000858306885,3923007
2025-01-13,3.4100000858306885,3.4600000381469727,3.299999952316284,3.299999952316284,3885096
2025-01-14,3.299999952316284,3.390000104904175,3.049999952316284,3.299999952316284,9584410
2025-01-15,3.299999952316284,3.319999933242798,3.190000057220459,3.240000009536743,7843996
2025-01-16,3.240000009536743,3.2799999713897705,3.200000047683716,3.259999990463257,3659164
2025-01-19,3.240000009536743,3.309999942779541,3.200000047683716,3.299999952316284,6970150
2025-01-20,3.2799999713897705,3.319999933242798,3.259999990463257,3.259999990463257,3814894
2025-01-21,3.259999990463257,3.380000114440918,3.2699999809265137,3.3299999237060547,10914766
2025-01-22,3.3299999237060547,3.4800000190734863,3.3399999141693115,3.440000057220459,17406100
2025-01-23,3.440000057220459,3.490000009536743,3.369999885559082,3.390000104904175,6359634
2025-01-26,3.390000104904175,3.430000066757202,3.3399999141693115,3.3499999046325684,2651814
2025-01-27,3.3499999046325684,3.390000104904175,3.3299999237060547,3.3499999046325684,5004747
2025-01-28,3.3499999046325684,3.6500000953674316,3.3499999046325684,3.6500000953674316,31277419
2025-01-29,3.6500000953674316,3.75,3.549999952316284,3.7100000381469727,26003590
2025-01-30,3.7100000381469727,3.75,3.5999999046325684,3.5999999046325684,7692246
2025-02-02,3.5999999046325684,3.809999942779541,3.5,3.7300000190734863,16387120
2025-02-03,3.7300000190734863,3.7300000190734863,3.5899999141693115,3.6600000858306885,7060335
2025-02-04,3.6600000858306885,3.8499999046325684,3.630000114440918,3.7100000381469727,17360522
2025-02-05,3.7100000381469727,3.740000009536743,3.619999885559082,3.6700000762939453,6220806
2025-02-06,3.6700000762939453,3.7799999713897705,3.549999952316284,3.5899999141693115,11059488
2025-02-09,3.5899999141693115,3.630000114440918,3.549999952316284,3.569999933242798,2499427
2025-02-10,3.569999933242798,3.5899999141693115,3.450000047683716,3.4600000381469727,3481810
2025-02-11,3.4600000381469727,3.490000009536743,3.2699999809265137,3.299999952316284,6070571
2025-02-12,3.299999952316284,3.359999895095825,3.240000009536743,3.309999942779541,7913560
2025-02-13,3.309999942779541,3.369999885559082,3.299999952316284,3.3499999046325684,5631392
2025-02-16,3.3499999046325684,3.6500000953674316,3.380000114440918,3.5,12216811
2025-02-17,3.5,3.5399999618530273,3.4600000381469727,3.5,3422085
2025-02-18,3.5,3.630000114440918,3.5,3.609999895095825,5573299
2025-02-19,3.609999895095825,3.75,3.5999999046325684,3.6700000762939453,16578670
2025-02-20,3.6700000762939453,3.859999895095825,3.6700000762939453,3.7699999809265137,17237150
2025-02-23,3.7699999809265137,3.8299999237060547,3.6500000953674316,3.819999933242798,5203473
2025-02-24,3.819999933242798,3.890000104904175,3.690000057220459,3.75,2747329
2025-02-25,3.75,4.139999866485596,3.75,4.119999885559082,36744125
2025-02-26,4.119999885559082,4.190000057220459,4.019999980926514,4.059999942779541,17716676
2025-02-27,4.059999942779541,4.21999979019165,4.039999961853027,4.130000114440918,17844588
2025-03-02,4.130000114440918,4.25,4.099999904632568,4.159999847412109,9287626
2025-03-03,4.159999847412109,4.300000190734863,4.130000114440918,4.179999828338623,9736836
2025-03-04,4.179999828338623,4.360000133514404,4.179999828338623,4.289999961853027,11834143
2025-03-05,4.289999961853027,4.420000076293945,4.230000019073486,4.289999961853027,13445281
2025-03-06,4.289999961853027,4.320000171661377,4.119999885559082,4.210000038146973,6616396
2025-03-09,4.210000038146973,4.5,4.199999809265137,4.369999885559082,18421102
2025-03-10,4.369999885559082,4.449999809265137,4.230000019073486,4.239999771118164,10471388
2025-03-11,4.239999771118164,4.25,4.079999923706055,4.210000038146973,7324160
2025-03-12,4.210000038146973,4.440000057220459,4.179999828338623,4.429999828338623,12579596
2025-03-13,4.429999828338623,4.670000076293945,4.440000057220459,4.630000114440918,14423832
2025-03-16,4.630000114440918,4.650000095367432,4.409999847412109,4.5,7742053
2025-03-17,4.5,4.519999980926514,4.340000152587891,4.360000133514404,5562361
2025-03-18,4.360000133514404,4.550000190734863,4.289999961853027,4.349999904632568,11629506
2025-03-19,4.349999904632568,4.550000190734863,4.210000038146973,4.420000076293945,21671900
2025-03-20,4.420000076293945,4.440000057220459,4.28000020980835,4.28000020980835,7850523
2025-03-23,4.28000020980835,4.360000133514404,4.25,4.360000133514404,4324345
2025-03-24,4.360000133514404,4.380000114440918,4.230000019073486,4.289999961853027,3396809
2025-03-25,4.289999961853027,4.380000114440918,4.199999809265137,4.349999904632568,9973680
2025-03-26,4.349999904632568,4.369999885559082,4.25,4.269999980926514,5404353
2025-03-27,4.269999980926514,4.599999904632568,4.289999961853027,4.400000095367432,6412039
2025-04-03,4.400000095367432,4.5,4.349999904632568,4.480000019073486,2903268
2025-04-06,4.480000019073486,4.400000095367432,4.150000095367432,4.199999809265137,6257466
2025-04-07,4.199999809265137,4.440000057220459,4.079999923706055,4.349999904632568,15372313
2025-04-08,4.349999904632568,4.5,4.400000095367432,4.400000095367432,5506761
2025-04-09,4.400000095367432,4.579999923706055,4.289999961853027,4.340000152587891,9637068
2025-04-10,4.340000152587891,4.610000133514404,4.46999979019165,4.46999979019165,9756800
2025-04-13,4.46999979019165,4.699999809265137,4.5,4.550000190734863,7598971
2025-04-14,4.550000190734863,4.650000095367432,4.510000228881836,4.510000228881836,5968766
2025-04-15,4.510000228881836,4.550000190734863,4.420000076293945,4.429999828338623,6708438
2025-04-16,4.429999828338623,4.440000057220459,4.289999961853027,4.320000171661377,10572954
2025-04-17,4.320000171661377,4.389999866485596,4.25,4.300000190734863,9859350
2025-04-22,4.300000190734863,4.409999847412109,4.269999980926514,4.28000020980835,11427219
2025-04-23,4.28000020980835,4.400000095367432,4.28000020980835,4.360000133514404,8781490
2025-04-27,4.360000133514404,4.559999942779541,4.369999885559082,4.440000057220459,14166036
2025-04-28,4.440000057220459,4.650000095367432,4.449999809265137,4.650000095367432,19671434
2025-04-29,4.650000095367432,4.730000019073486,4.550000190734863,4.550000190734863,18821768
2025-04-30,4.550000190734863,4.789999961853027,4.550000190734863,4.730000019073486,26169853
2025-05-04,4.730000019073486,4.880000114440918,4.650000095367432,4.699999809265137,17136553
2025-05-05,4.699999809265137,4.760000228881836,4.579999923706055,4.650000095367432,13730250
2025-05-06,4.650000095367432,4.809999942779541,4.650000095367432,4.670000076293945,16762190
2025-05-07,4.670000076293945,4.75,4.409999847412109,4.570000171661377,13594735
2025-05-08,4.570000171661377,4.639999866485596,4.5,4.550000190734863,12628971
2025-05-11,4.550000190734863,4.699999809265137,4.550000190734863,4.559999942779541,6278889
2025-05-12,4.559999942779541,4.670000076293945,4.570000171661377,4.599999904632568,6418194
2025-05-13,4.599999904632568,4.739999771118164,4.619999885559082,4.670000076293945,18733590
2025-05-14,4.670000076293945,4.760000228881836,4.639999866485596,4.75,14544765
2025-05-15,4.75,4.820000171661377,4.71999979019165,4.730000019073486,15439355
2025-05-18,4.730000019073486,4.789999961853027,4.599999904632568,4.610000133514404,24702708
2025-05-19,4.610000133514404,4.710000038146973,4.539999961853027,4.590000152587891,5129476
2025-05-20,4.590000152587891,4.619999885559082,4.539999961853027,4.599999904632568,6433258
2025-05-21,4.599999904632568,4.619999885559082,4.489999771118164,4.510000228881836,8822902
2025-05-22,4.510000228881836,4.559999942779541,4.449999809265137,4.510000228881836,8309224
2025-05-25,4.510000228881836,4.619999885559082,4.519999980926514,4.550000190734863,11091279
2025-05-26,4.550000190734863,4.599999904632568,4.489999771118164,4.519999980926514,6017180
2025-05-27,4.519999980926514,4.610000133514404,4.489999771118164,4.570000171661377,5869859
2025-05-28,4.570000171661377,4.599999904632568,4.53000020980835,4.559999942779541,5462296
2025-05-29,4.559999942779541,4.570000171661377,4.46999979019165,4.510000228881836,5964946
2025-06-01,4.510000228881836,4.539999961853027,4.449999809265137,4.539999961853027,4259230
2025-06-02,4.539999961853027,4.550000190734863,4.480000019073486,4.510000228881836,5683825
2025-06-03,4.510000228881836,4.539999961853027,4.480000019073486,4.5,2925663
2025-06-04,4.5,4.519999980926514,4.460000038146973,4.480000019073486,1961632
2025-06-10,4.480000019073486,4.610000133514404,4.480000019073486,4.570000171661377,10796107
2025-06-11,4.570000171661377,4.710000038146973,4.579999923706055,4.650000095367432,13361286
2025-06-12,4.650000095367432,4.650000095367432,4.489999771118164,4.539999961853027,6204823
2025-06-15,4.539999961853027,4.369999885559082,4.090000152587891,4.260000228881836,4608792
2025-06-16,4.260000228881836,4.380000114440918,4.21999979019165,4.340000152587891,4043390
2025-06-17,4.340000152587891,4.349999904632568,4.199999809265137,4.239999771118164,3002353
2025-06-18,4.239999771118164,4.289999961853027,4.159999847412109,4.210000038146973,2158436
2025-06-19,4.210000038146973,4.239999771118164,4.099999904632568,4.199999809265137,1604435
2025-06-22,4.199999809265137,4.360000133514404,4.050000190734863,4.349999904632568,2637165
2025-06-23,4.349999904632568,4.420000076293945,4.320000171661377,4.409999847412109,2113094
2025-06-24,4.409999847412109,4.539999961853027,4.440000057220459,4.519999980926514,2987655
2025-06-25,4.519999980926514,4.610000133514404,4.489999771118164,4.599999904632568,5563285
2025-06-29,4.599999904632568,4.639999866485596,4.510000228881836,4.519999980926514,3286236
2025-06-30,4.519999980926514,4.550000190734863,4.429999828338623,4.449999809265137,2744657
2025-07-01,4.449999809265137,4.46999979019165,4.300000190734863,4.329999923706055,8922993
2025-07-02,4.329999923706055,4.420000076293945,4.309999942779541,4.409999847412109,5899301
2025-07-06,4.409999847412109,4.46999979019165,4.420000076293945,4.429999828338623,3495842
2025-07-07,4.429999828338623,4.449999809265137,4.389999866485596,4.400000095367432,3235662
2025-07-09,4.400000095367432,4.670000076293945,4.349999904632568,4.599999904632568,17378237
2025-07-10,4.599999904632568,4.639999866485596,4.46999979019165,4.53000020980835,6192458
2025-07-13,4.53000020980835,4.619999885559082,4.46999979019165,4.590000152587891,7745852
2025-07-14,4.590000152587891,4.599999904632568,4.53000020980835,4.539999961853027,4416301
2025-07-15,4.539999961853027,4.599999904632568,4.429999828338623,4.440000057220459,6030142
2025-07-16,4.440000057220459,4.519999980926514,4.369999885559082,4.380000114440918,7242340
2025-07-17,4.380000114440918,4.510000228881836,4.389999866485596,4.46999979019165,3445934
2025-07-20,4.46999979019165,4.519999980926514,4.440000057220459,4.519999980926514,6696531
2025-07-21,4.519999980926514,4.71999979019165,4.480000019073486,4.510000228881836,36632622
2025-07-22,4.510000228881836,4.539999961853027,4.420000076293945,4.449999809265137,6247239
2025-07-23,4.449999809265137,4.449999809265137,4.449999809265137,4.449999809265137,0
2025-07-27,4.440000057220459,4.489999771118164,4.429999828338623,4.440000057220459,2560301
2025-07-28,4.440000057220459,4.489999771118164,4.320000171661377,4.349999904632568,4242401
2025-07-29,4.349999904632568,4.409999847412109,4.320000171661377,4.389999866485596,2661430
2025-07-30,4.389999866485596,4.420000076293945,4.309999942779541,4.329999923706055,2997915
2025-07-31,4.329999923706055,4.510000228881836,4.340000152587891,4.510000228881836,4339934
2025-08-03,4.510000228881836,4.510000228881836,4.510000228881836,4.510000228881836,0
2025-08-04,4.510000228881836,4.510000228881836,4.510000228881836,4.510000228881836,0
2025-08-05,4.510000228881836,4.510000228881836,4.510000228881836,4.510000228881836,0
2025-08-06,4.510000228881836,4.510000228881836,4.510000228881836,4.510000228881836,0
2025-08-07,4.510000228881836,4.510000228881836,4.510000228881836,4.510000228881836,0
2025-08-10,4.53000020980835,4.579999923706055,4.510000228881836,4.53000020980835,2295658
2025-08-11,4.53000020980835,4.619999885559082,4.519999980926514,4.550000190734863,8371964
2025-08-12,4.550000190734863,4.650000095367432,4.480000019073486,4.489999771118164,8225868
2025-08-13,4.489999771118164,4.550000190734863,4.349999904632568,4.380000114440918,12237400
2025-08-14,4.380000114440918,4.400000095367432,4.300000190734863,4.329999923706055,6435441
2025-08-17,4.329999923706055,4.440000057220459,4.340000152587891,4.389999866485596,3273402
2025-08-18,4.389999866485596,4.440000057220459,4.349999904632568,4.349999904632568,3253953
2025-08-19,4.349999904632568,4.420000076293945,4.360000133514404,4.369999885559082,2846408
2025-08-20,4.369999885559082,4.400000095367432,4.28000020980835,4.300000190734863,4970902
2025-08-21,4.300000190734863,4.309999942779541,4.210000038146973,4.21999979019165,7036188
2025-08-24,4.21999979019165,4.260000228881836,4.170000076293945,4.170000076293945,5304360
2025-08-25,4.170000076293945,4.349999904632568,4.179999828338623,4.309999942779541,6161487
2025-08-26,4.309999942779541,4.46999979019165,4.309999942779541,4.389999866485596,11920562
2025-08-27,4.389999866485596,4.420000076293945,4.309999942779541,4.309999942779541,3474153
2025-08-28,4.309999942779541,4.369999885559082,4.260000228881836,4.28000020980835,3733790
2025-08-31,4.28000020980835,4.349999904632568,4.130000114440918,4.170000076293945,7514179
2025-09-01,4.170000076293945,4.190000057220459,4.0,4.099999904632568,7029698
2025-09-02,4.099999904632568,4.159999847412109,4.039999961853027,4.079999923706055,7879623
2025-09-03,4.079999923706055,4.119999885559082,4.010000228881836,4.059999942779541,7172335
2025-09-07,4.059999942779541,4.239999771118164,4.059999942779541,4.110000133514404,12346426
2025-09-08,4.110000133514404,4.179999828338623,4.099999904632568,4.139999866485596,6258358
2025-09-09,4.139999866485596,4.170000076293945,4.050000190734863,4.059999942779541,5098092
2025-09-10,4.059999942779541,4.099999904632568,4.050000190734863,4.079999923706055,2841373
2025-09-11,4.079999923706055,4.269999980926514,4.090000152587891,4.170000076293945,12308529
2025-09-14,4.170000076293945,4.260000228881836,4.150000095367432,4.210000038146973,5049796
2025-09-15,4.210000038146973,4.239999771118164,4.150000095367432,4.190000057220459,3652640
2025-09-16,4.190000057220459,4.199999809265137,4.070000171661377,4.099999904632568,2975017
2025-09-17,4.099999904632568,4.150000095367432,4.070000171661377,4.119999885559082,5138396
2025-09-18,4.119999885559082,4.139999866485596,4.079999923706055,4.090000152587891,2465027
2025-09-21,4.090000152587891,4.119999885559082,4.03000020980835,4.079999923706055,7552409
2025-09-22,4.079999923706055,4.119999885559082,4.059999942779541,4.079999923706055,2213643
2025-09-23,4.079999923706055,4.119999885559082,4.059999942779541,4.059999942779541,2112051
2025-09-24,4.059999942779541,4.099999904632568,4.050000190734863,4.090000152587891,2916119
2025-09-25,4.090000152587891,4.110000133514404,4.019999980926514,4.059999942779541,6253706
2025-09-28,4.059999942779541,4.199999809265137,4.03000020980835,4.199999809265137,7647385
2025-09-29,4.199999809265137,4.260000228881836,4.170000076293945,4.199999809265137,5668316
2025-09-30,4.199999809265137,4.239999771118164,4.110000133514404,4.239999771118164,8798759
2025-10-01,4.239999771118164,4.349999904632568,4.199999809265137,4.340000152587891,11063077
2025-10-02,4.340000152587891,4.340000152587891,4.269999980926514,4.320000171661377,3794627
2025-10-05,4.320000171661377,4.340000152587891,4.28000020980835,4.28000020980835,2983406
2025-10-06,4.28000020980835,4.309999942779541,4.21999979019165,4.260000228881836,3379300
2025-10-07,4.260000228881836,4.309999942779541,4.21999979019165,4.300000190734863,4059210
2025-10-08,4.300000190734863,4.329999923706055,4.260000228881836,4.309999942779541,2310625
2025-10-12,4.309999942779541,4.309999942779541,4.25,4.289999961853027,1960908
2025-10-13,4.289999961853027,4.329999923706055,4.25,4.289999961853027,3330618
2025-10-14,4.289999961853027,4.420000076293945,4.289999961853027,4.369999885559082,7646268
2025-10-15,4.369999885559082,4.389999866485596,4.320000171661377,4.380000114440918,2680287
2025-10-16,4.380000114440918,4.389999866485596,4.340000152587891,4.380000114440918,4514328
2025-10-19,4.380000114440918,4.400000095367432,4.349999904632568,4.380000114440918,3177970
2025-10-20,4.380000114440918,4.480000019073486,4.340000152587891,4.480000019073486,9221967
2025-10-21,4.480000019073486,4.550000190734863,4.429999828338623,4.480000019073486,11865735
2025-10-22,4.480000019073486,4.510000228881836,4.440000057220459,4.449999809265137,3177665
2025-10-23,4.449999809265137,4.46999979019165,4.429999828338623,4.440000057220459,2299607
2025-10-26,4.440000057220459,4.53000020980835,4.429999828338623,4.5,4689051
2025-10-27,4.5,4.539999961853027,4.429999828338623,4.449999809265137,4448729
2025-10-28,4.449999809265137,4.46999979019165,4.360000133514404,4.389999866485596,4337895
2025-10-29,4.389999866485596,4.440000057220459,4.340000152587891,4.400000095367432,2931553
2025-10-30,4.400000095367432,4.429999828338623,4.320000171661377,4.340000152587891,6127949
2025-11-02,4.340000152587891,4.349999904632568,4.239999771118164,4.300000190734863,3608402
2025-11-03,4.300000190734863,4.329999923706055,4.21999979019165,4.260000228881836,6032185
2025-11-04,4.260000228881836,4.300000190734863,4.190000057220459,4.230000019073486,15181870
2025-11-05,4.230000019073486,4.25,4.110000133514404,4.159999847412109,16058392
2025-11-06,4.159999847412109,4.309999942779541,4.090000152587891,4.28000020980835,20445538
2025-11-09,4.28000020980835,4.429999828338623,4.21999979019165,4.21999979019165,29273082
2025-11-10,4.21999979019165,4.28000020980835,4.179999828338623,4.179999828338623,7334926
2025-11-11,4.179999828338623,4.239999771118164,4.190000057220459,4.199999809265137,5498415
2025-11-12,4.199999809265137,4.230000019073486,4.150000095367432,4.170000076293945,6602512
2025-11-13,4.170000076293945,4.210000038146973,4.130000114440918,4.179999828338623,6713966
2025-11-16,4.179999828338623,4.21999979019165,4.150000095367432,4.159999847412109,5736453
2025-11-17,4.159999847412109,4.300000190734863,4.179999828338623,4.289999961853027,9072971
2025-11-18,4.289999961853027,4.300000190734863,4.190000057220459,4.210000038146973,4813826
2025-11-19,4.210000038146973,4.230000019073486,4.170000076293945,4.190000057220459,3763761
2025-11-20,4.190000057220459,4.230000019073486,4.170000076293945,4.179999828338623,3403126
2025-11-23,4.179999828338623,4.230000019073486,4.170000076293945,4.170000076293945,3059954
2025-11-24,3.1504271030426025,3.1730918884277344,3.067322015762329,3.1428720951080322,11550391
2025-11-25,3.1428720951080322,3.157982110977173,3.112652063369751,3.1202070713043213,2734328
2025-11-26,3.1202070713043213,3.1730918884277344,3.112652063369751,3.1202070713043213,3592828
2025-11-27,3.1202070713043213,3.165537118911743,3.0975420475006104,3.1202070713043213,7756549
2025-11-30,3.1202070713043213,3.157982110977173,3.1277620792388916,3.1277620792388916,5390702
2025-12-01,3.1277620792388916,3.165537118911743,3.1050970554351807,3.112652063369751,6391721
2025-12-02,3.112652063369751,3.1504271030426025,3.1277620792388916,3.1504271030426025,4437124
2025-12-03,3.1500000953674316,3.2200000286102295,3.119999885559082,3.1700000762939453,8156169
2025-12-04,3.1700000762939453,3.1700000762939453,3.0799999237060547,3.0899999141693115,9346826
2025-12-07,3.0899999141693115,3.130000114440918,3.0899999141693115,3.109999895095825,5902158
2025-12-08,3.109999895095825,3.1500000953674316,3.109999895095825,3.119999885559082,3379179
2025-12-09,3.119999885559082,3.140000104904175,3.119999885559082,3.130000114440918,2203589
2025-12-10,3.130000114440918,3.2100000381469727,3.130000114440918,3.1700000762939453,11548059
2025-12-11,3.1700000762939453,3.240000009536743,3.180000066757202,3.190000057220459,10343824
2025-12-14,3.190000057220459,3.2200000286102295,3.1700000762939453,3.1700000762939453,4877296
2025-12-15,3.1700000762939453,3.2100000381469727,3.180000066757202,3.200000047683716,4322131
2025-12-16,3.200000047683716,3.200000047683716,3.1500000953674316,3.1700000762939453,3334332
2025-12-17,3.1700000762939453,3.190000057220459,3.1500000953674316,3.1500000953674316,1478086
2025-12-18,3.1500000953674316,3.1700000762939453,3.119999885559082,3.1600000858306885,8450533
2025-12-21,3.1600000858306885,3.180000066757202,3.1500000953674316,3.1500000953674316,4131457
2025-12-22,3.1500000953674316,3.1700000762939453,3.140000104904175,3.1600000858306885,2748610
2025-12-23,3.1600000858306885,3.2100000381469727,3.140000104904175,3.2100000381469727,5746725
2025-12-24,3.2100000381469727,3.309999942779541,3.2200000286102295,3.2799999713897705,12969451
2025-12-25,3.2799999713897705,3.3399999141693115,3.2799999713897705,3.319999933242798,10186267
2025-12-28,3.319999933242798,3.3399999141693115,3.2799999713897705,3.3399999141693115,8211888
2025-12-29,3.3399999141693115,3.359999895095825,3.299999952316284,3.299999952316284,3956442
2025-12-30,3.299999952316284,3.3399999141693115,3.299999952316284,3.309999942779541,4201215
2025-12-31,3.309999942779541,3.3299999237060547,3.2899999618530273,3.3299999237060547,7474759
2026-01-04,3.3299999237060547,3.3399999141693115,3.2699999809265137,3.299999952316284,3916124
2026-01-05,3.299999952316284,3.299999952316284,3.2200000286102295,3.240000009536743,4423129
2026-01-06,3.240000009536743,3.299999952316284,3.2100000381469727,3.299999952316284,2667391
2026-01-08,3.299999952316284,3.2899999618530273,3.2100000381469727,3.2100000381469727,3380580
2026-01-11,3.2100000381469727,3.2699999809265137,3.2200000286102295,3.259999990463257,2658746
2026-01-12,3.259999990463257,3.2799999713897705,3.200000047683716,3.2200000286102295,4872465
2026-01-13,3.2200000286102295,3.2300000190734863,3.130000114440918,3.1500000953674316,5760768
2026-01-14,3.1500000953674316,3.1600000858306885,3.0799999237060547,3.119999885559082,5260709
2026-01-15,3.119999885559082,3.130000114440918,3.059999942779541,3.0999999046325684,7222862
2026-01-18,3.0999999046325684,3.1500000953674316,3.059999942779541,3.0999999046325684,10917826
2026-01-19,3.0999999046325684,3.140000104904175,3.0999999046325684,3.130000114440918,11764428
2026-01-20,3.130000114440918,3.1500000953674316,3.0899999141693115,3.0999999046325684,16973717
2026-01-21,3.0999999046325684,3.1500000953674316,3.0799999237060547,3.109999895095825,19216691
2026-01-22,3.109999895095825,3.2100000381469727,3.109999895095825,3.200000047683716,14533866
2026-01-25,3.200000047683716,3.240000009536743,3.1600000858306885,3.200000047683716,13521688
2026-01-26,3.200000047683716,3.2100000381469727,3.1500000953674316,3.190000057220459,3504487
2026-01-27,3.190000057220459,3.190000057220459,3.130000114440918,3.1700000762939453,3992515
2026-01-28,3.1700000762939453,3.1700000762939453,3.0799999237060547,3.0899999141693115,5085157
2026-02-01,3.0899999141693115,3.180000066757202,3.0799999237060547,3.180000066757202,4991825
2026-02-02,3.180000066757202,3.2100000381469727,3.1500000953674316,3.200000047683716,6329786
2026-02-03,3.200000047683716,3.299999952316284,3.1700000762939453,3.2899999618530273,10752195
2026-02-04,3.2899999618530273,3.390000104904175,3.259999990463257,3.319999933242798,25122752
2026-02-05,3.319999933242798,3.549999952316284,3.25,3.4800000190734863,42831496
2026-02-08,3.4800000190734863,3.6500000953674316,3.490000009536743,3.5199999809265137,29113828
2026-02-09,3.5199999809265137,3.640000104904175,3.4600000381469727,3.5899999141693115,26876026
2026-02-10,3.5899999141693115,3.6700000762939453,3.549999952316284,3.6600000858306885,19801245
2026-02-11,3.6600000858306885,3.700000047683716,3.619999885559082,3.630000114440918,13809030
2026-02-12,3.630000114440918,3.930000066757202,3.619999885559082,3.7899999618530273,172184892
2026-02-15,3.7899999618530273,3.9000000953674316,3.7899999618530273,3.8499999046325684,24648307
2026-02-16,3.8499999046325684,4.0,3.819999933242798,3.930000066757202,38472415
2026-02-17,3.930000066757202,4.090000152587891,3.940000057220459,4.079999923706055,102338829
2026-02-18,4.079999923706055,4.230000019073486,4.119999885559082,4.139999866485596,30220201
2026-02-19,4.139999866485596,4.260000228881836,4.139999866485596,4.239999771118164,70984382
2026-02-22,4.239999771118164,4.28000020980835,3.9800000190734863,4.0,18645832
2026-02-23,4.0,4.449999809265137,4.019999980926514,4.380000114440918,42210291
2026-02-24,4.380000114440918,4.809999942779541,4.260000228881836,4.630000114440918,60973343
2026-02-25,4.630000114440918,4.650000095367432,4.320000171661377,4.53000020980835,29068463
2026-02-26,4.53000020980835,4.599999904632568,4.360000133514404,4.510000228881836,16557631
2026-03-01,4.510000228881836,4.5,4.039999961853027,4.429999828338623,14351640
2026-03-02,4.429999828338623,4.860000133514404,4.449999809265137,4.659999847412109,38214792
2026-03-03,4.659999847412109,4.789999961853027,4.619999885559082,4.710000038146973,16871076
2026-03-04,4.710000038146973,4.789999961853027,4.539999961853027,4.570000171661377,15636535
2026-03-05,4.570000171661377,4.639999866485596,4.519999980926514,4.550000190734863,7327735
2026-03-08,4.550000190734863,4.610000133514404,4.349999904632568,4.400000095367432,15102038
2026-03-09,4.400000095367432,4.429999828338623,4.300000190734863,4.369999885559082,16225282
2026-03-10,4.369999885559082,4.619999885559082,4.380000114440918,4.590000152587891,14805835
2026-03-11,4.590000152587891,4.679999828338623,4.579999923706055,4.659999847412109,9577843
2026-03-12,4.659999847412109,5.119999885559082,4.659999847412109,4.710000038146973,264266398
2026-03-15,4.710000038146973,4.769999980926514,4.46999979019165,4.5,19569498
2026-03-16,4.5,4.579999923706055,4.28000020980835,4.320000171661377,19013350
2026-03-17,4.320000171661377,4.409999847412109,4.320000171661377,4.349999904632568,8660586
2026-03-18,4.349999904632568,4.489999771118164,4.320000171661377,4.449999809265137,11026019
2026-03-19,4.449999809265137,4.449999809265137,4.449999809265137,4.449999809265137,0
2026-03-24,4.449999809265137,4.579999923706055,4.329999923706055,4.340000152587891,17295499
2026-03-25,4.340000152587891,4.389999866485596,4.320000171661377,4.329999923706055,15706985
2026-03-26,4.329999923706055,4.400000095367432,4.300000190734863,4.300000190734863,11176149
2026-03-29,4.300000190734863,4.309999942779541,4.099999904632568,4.130000114440918,10536900
2026-03-30,4.130000114440918,4.199999809265137,4.0,4.070000171661377,16714715
2026-03-31,4.070000171661377,4.110000133514404,4.010000228881836,4.059999942779541,8874824
2026-04-01,4.059999942779541,4.139999866485596,4.079999923706055,4.099999904632568,8288208
2026-04-02,4.099999904632568,4.119999885559082,4.039999961853027,4.070000171661377,13466997
2026-04-05,4.070000171661377,4.25,4.070000171661377,4.159999847412109,40164911
2026-04-06,4.159999847412109,4.28000020980835,4.159999847412109,4.230000019073486,19929709
2026-04-07,4.230000019073486,4.349999904632568,4.199999809265137,4.300000190734863,32375141
2026-04-08,4.300000190734863,4.449999809265137,4.340000152587891,4.420000076293945,13534075
2026-04-09,4.420000076293945,4.449999809265137,4.369999885559082,4.429999828338623,6417337
2026-04-14,4.429999828338623,4.460000038146973,4.400000095367432,4.409999847412109,5011463
2026-04-15,4.409999847412109,4.440000057220459,4.349999904632568,4.380000114440918,12815946
2026-04-16,4.380000114440918,4.579999923706055,4.400000095367432,4.460000038146973,19675440
2026-04-19,4.460000038146973,4.53000020980835,4.449999809265137,4.460000038146973,5242728
2026-04-20,4.460000038146973,4.730000019073486,4.460000038146973,4.559999942779541,41905633
2026-04-21,4.559999942779541,4.670000076293945,4.579999923706055,4.599999904632568,10542634
2026-04-22,4.599999904632568,4.690000057220459,4.579999923706055,4.650000095367432,6790388
2026-04-23,4.650000095367432,4.690000057220459,4.579999923706055,4.619999885559082,7205191
2026-04-26,4.619999885559082,4.659999847412109,4.550000190734863,4.550000190734863,6930788
2026-04-27,4.550000190734863,4.630000114440918,4.519999980926514,4.610000133514404,5745737
2026-04-28,4.610000133514404,4.659999847412109,4.5,4.550000190734863,14709468
2026-04-29,4.550000190734863,4.619999885559082,4.510000228881836,4.579999923706055,8291502
2026-04-30,4.579999923706055,4.610000133514404,4.460000038146973,4.46999979019165,8368450
2026-05-03,4.46999979019165,4.550000190734863,4.409999847412109,4.539999961853027,10152225
2026-05-04,4.539999961853027,4.590000152587891,4.400000095367432,4.400000095367432,5251730
2026-05-05,4.400000095367432,4.599999904632568,4.360000133514404,4.519999980926514,7748862
2026-05-06,4.519999980926514,4.800000190734863,4.5,4.769999980926514,26738372
2026-05-10,4.769999980926514,5.03000020980835,4.809999942779541,5.03000020980835,34356920
2026-05-11,5.03000020980835,5.139999866485596,4.940000057220459,5.050000190734863,27280897
2026-05-12,5.050000190734863,5.139999866485596,5.010000228881836,5.130000114440918,26849319
2026-05-13,5.130000114440918,5.179999828338623,5.03000020980835,5.090000152587891,7792162
2026-05-14,5.090000152587891,5.150000095367432,5.059999942779541,5.130000114440918,7276189
2026-05-17,5.130000114440918,5.159999847412109,4.980000019073486,5.0,9989643
2026-05-18,5.0,5.139999866485596,4.980000019073486,5.0,14459740
2026-05-19,5.0,5.150000095367432,5.010000228881836,5.130000114440918,9354994
2026-05-20,5.130000114440918,5.21999979019165,4.989999771118164,5.079999923706055,13946662
2026-05-21,5.079999923706055,5.099999904632568,4.989999771118164,5.039999961853027,4177506
2026-05-24,5.039999961853027,5.179999828338623,5.050000190734863,5.150000095367432,3162987
2026-05-25,5.150000095367432,5.190000057220459,5.050000190734863,5.059999942779541,6039356
2026-05-26,5.059999942779541,5.059999942779541,5.059999942779541,5.059999942779541,0
2026-05-27,5.059999942779541,5.059999942779541,5.059999942779541,5.059999942779541,0
2026-05-28,5.059999942779541,5.059999942779541,5.059999942779541,5.059999942779541,0
2026-06-01,5.059999942779541,5.150000095367432,5.070000171661377,5.150000095367432,2306858
2026-06-02,5.150000095367432,5.159999847412109,5.099999904632568,5.139999866485596,4301766
2026-06-03,5.139999866485596,5.170000076293945,5.039999961853027,5.059999942779541,3831115
2026-06-04,5.059999942779541,5.119999885559082,5.059999942779541,5.099999904632568,3095155
2026-06-07,5.099999904632568,5.159999847412109,5.039999961853027,5.150000095367432,7684605
2026-06-08,5.150000095367432,5.380000114440918,5.059999942779541,5.230000019073486,206685520
2026-06-09,5.230000019073486,5.380000114440918,5.239999771118164,5.289999961853027,9318162
2026-06-10,5.289999961853027,5.289999961853027,5.070000171661377,5.079999923706055,6402377
2026-06-11,5.079999923706055,5.079999923706055,4.920000076293945,4.96999979019165,5473597
2026-06-14,4.96999979019165,5.21999979019165,5.039999961853027,5.21999979019165,6479503
2026-06-15,5.21999979019165,5.25,5.099999904632568,5.110000133514404,4505469
2026-06-16,5.110000133514404,5.159999847412109,5.079999923706055,5.090000152587891,2698500
2026-06-17,5.090000152587891,5.090000152587891,5.090000152587891,5.090000152587891,0
2026-06-18,5.090000152587891,5.090000152587891,5.090000152587891,5.090000152587891,0
2026-06-21,5.039999961853027,5.130000114440918,5.059999942779541,5.090000152587891,2347836
2026-06-22,5.090000152587891,5.090000152587891,5.090000152587891,5.090000152587891,0
2026-06-23,5.099999904632568,5.099999904632568,5.010000228881836,5.03000020980835,1953286
2026-06-24,5.03000020980835,5.050000190734863,4.960000038146973,5.0,5605721
2026-06-25,5.0,5.03000020980835,4.940000057220459,4.940000057220459,4546397
2026-06-28,4.940000057220459,5.010000228881836,4.849999904632568,4.849999904632568,4571384
2026-06-29,4.849999904632568,4.960000038146973,4.809999942779541,4.900000095367432,3338949
2026-06-30,4.900000095367432,5.0,4.900000095367432,4.949999809265137,2371110
2026-07-01,4.949999809265137,5.03000020980835,4.929999828338623,5.010000228881836,1852658
2026-07-05,5.010000228881836,5.039999961853027,4.980000019073486,5.010000228881836,1974770
2026-07-06,5.010000228881836,5.139999866485596,4.909999847412109,5.099999904632568,10451561
2026-07-07,5.099999904632568,5.150000095367432,5.050000190734863,5.090000152587891,4330092
2026-07-08,5.090000152587891,5.110000133514404,4.949999809265137,4.980000019073486,4732470
2026-07-09,4.980000019073486,5.03000020980835,4.96999979019165,4.989999771118164,1948541
2026-07-12,4.989999771118164,5.019999980926514,4.980000019073486,5.0,1728889
2026-07-13,5.0,5.019999980926514,4.960000038146973,4.96999979019165,4038987
2026-07-14,4.96999979019165,4.989999771118164,4.940000057220459,4.960000038146973,3252288
2026-07-15,4.960000038146973,4.980000019073486,4.949999809265137,4.949999809265137,3277868
2026-07-16,4.949999809265137,5.039999961853027,4.960000038146973,4.980000019073486,5036609
2026-07-19,4.980000019073486,4.989999771118164,4.949999809265137,4.960000038146973,1571710
2026-07-20,4.960000038146973,5.0,4.949999809265137,4.96999979019165,3414496
2026-07-21,4.96999979019165,5.039999961853027,4.96999979019165,4.989999771118164,4456455
2026-07-22,4.989999771118164,5.03000020980835,4.96999979019165,4.980000019073486,3257085
2026-07-26,4.980000019073486,5.170000076293945,4.980000019073486,5.110000133514404,11568558
2026-07-27,5.110000133514404,5.300000190734863,5.110000133514404,5.300000190734863,20204256
2026-07-28,5.300000190734863,5.349999904632568,5.150000095367432,5.190000057220459,9122075
2026-07-29,5.190000057220459,5.340000152587891,5.119999885559082,5.21999979019165,13891313
2026-07-30,5.21999979019165,5.289999961853027,5.079999923706055,5.28000020980835,8245937
