date,open,high,low,close,volume
2015-01-04,4.168000221252441,4.168000221252441,4.168000221252441,4.168000221252441,0
2015-01-05,4.168000221252441,4.400000095367432,4.199999809265137,4.248000144958496,3271720
2015-01-06,4.248000144958496,4.260000228881836,4.199999809265137,4.2230000495910645,3319620
2015-01-08,4.2230000495910645,4.260000228881836,4.21999979019165,4.251999855041504,1263360
2015-01-11,4.251999855041504,4.25,4.201000213623047,4.244999885559082,109320
2015-01-12,4.244999885559082,4.340000152587891,4.250999927520752,4.298999786376953,2288970
2015-01-13,4.298999786376953,4.7220001220703125,4.324999809265137,4.540999889373779,1704420
2015-01-14,4.540999889373779,4.840000152587891,4.61299991607666,4.802000045776367,2022360
2015-01-15,4.802000045776367,5.099999904632568,4.802999973297119,5.002999782562256,1870200
2015-01-18,5.002999782562256,5.25,4.830999851226807,5.105000019073486,841700
2015-01-19,5.105000019073486,5.360000133514404,5.000999927520752,5.238999843597412,2162660
2015-01-20,5.238999843597412,5.449999809265137,5.199999809265137,5.381999969482422,598620
2015-01-21,5.381999969482422,5.497000217437744,5.269999980926514,5.4029998779296875,883350
2015-01-22,5.4029998779296875,5.400000095367432,5.28000020980835,5.343999862670898,792840
2015-01-26,5.343999862670898,5.329999923706055,5.059999942779541,5.205999851226807,292600
2015-01-27,5.205999851226807,5.2789998054504395,5.125,5.214000225067139,554630
2015-01-28,5.214000225067139,5.199999809265137,5.048999786376953,5.099999904632568,1591840
2015-01-29,5.099999904632568,5.150000095367432,5.005000114440918,5.073999881744385,1209920
2015-02-01,5.073999881744385,5.168000221252441,5.0,5.105000019073486,236160
2015-02-02,5.105000019073486,5.099999904632568,5.048999786376953,5.061999797821045,651170
2015-02-03,5.061999797821045,5.1020002365112305,5.052999973297119,5.072999954223633,1803250
2015-02-04,5.072999954223633,5.295000076293945,5.057000160217285,5.10699987411499,10826920
2015-02-05,5.10699987411499,5.1479997634887695,5.040999889373779,5.1020002365112305,3633460
2015-02-08,5.1020002365112305,5.189000129699707,5.14900016784668,5.1529998779296875,1056100
2015-02-09,5.1529998779296875,5.103000164031982,5.050000190734863,5.099999904632568,8654680
2015-02-10,5.099999904632568,5.139999866485596,5.0269999504089355,5.098999977111816,1794290
2015-02-11,5.098999977111816,5.197000026702881,5.0,5.10699987411499,908590
2015-02-12,5.10699987411499,5.122000217437744,5.0,5.089000225067139,827040
2015-02-15,5.089000225067139,5.248000144958496,5.125,5.165999889373779,33430
2015-02-16,5.165999889373779,5.150000095367432,4.901000022888184,5.098999977111816,11779760
2015-02-17,5.098999977111816,5.098999977111816,4.949999809265137,5.008999824523926,108940
2015-02-18,5.008999824523926,5.019999980926514,5.0,5.000999927520752,270750
2015-02-19,5.000999927520752,5.122000217437744,4.920000076293945,4.994999885559082,1090830
2015-02-22,4.994999885559082,5.0,4.999000072479248,5.0,678030
2015-02-23,5.0,5.0,4.9029998779296875,4.980999946594238,67260
2015-02-24,4.980999946594238,4.953000068664551,4.869999885559082,4.9039998054504395,779170
2015-02-25,4.9039998054504395,4.96999979019165,4.784999847412109,4.801000118255615,493430
2015-02-26,4.801000118255615,4.800000190734863,4.625,4.723999977111816,331180
2015-03-01,4.723999977111816,4.796999931335449,4.599999904632568,4.603000164031982,11019440
2015-03-02,4.603000164031982,4.89900016784668,4.650000095367432,4.701000213623047,4128090
2015-03-03,4.701000213623047,4.72599983215332,4.699999809265137,4.718999862670898,3062770
2015-03-04,4.718999862670898,4.715000152587891,4.6529998779296875,4.703999996185303,442000
2015-03-05,4.703999996185303,4.702000141143799,4.651000022888184,4.697999954223633,551500
2015-03-08,4.697999954223633,4.699999809265137,4.651000022888184,4.699999809265137,4002430
2015-03-09,4.699999809265137,4.75,4.671000003814697,4.699999809265137,2754150
2015-03-10,4.699999809265137,4.73799991607666,4.639999866485596,4.65500020980835,277910
2015-03-11,4.65500020980835,4.699999809265137,4.614999771118164,4.685999870300293,243950
2015-03-12,4.685999870300293,4.651000022888184,4.61899995803833,4.63100004196167,335700
2015-03-15,4.63100004196167,4.800000190734863,4.650000095367432,4.706999778747559,1598910
2015-03-16,4.706999778747559,4.783999919891357,4.650000095367432,4.7129998207092285,8069500
2015-03-17,4.7129998207092285,5.099999904632568,4.784999847412109,4.933000087738037,3425590
2015-03-18,4.933000087738037,5.0,4.849999904632568,4.935999870300293,794490
2015-03-19,4.935999870300293,5.151000022888184,4.900000095367432,5.074999809265137,3348240
2015-03-22,5.074999809265137,5.048999786376953,4.949999809265137,4.964000225067139,124910
2015-03-23,4.964000225067139,4.942999839782715,4.849999904632568,4.9070000648498535,1130050
2015-03-24,4.9070000648498535,4.949999809265137,4.755000114440918,4.835999965667725,548390
2015-03-25,4.835999965667725,4.75,4.605000019073486,4.692999839782715,1725820
2015-03-26,4.692999839782715,4.820000171661377,4.300000190734863,4.636000156402588,1895620
2015-03-29,4.636000156402588,4.699999809265137,4.636000156402588,4.677999973297119,9000
2015-03-30,4.677999973297119,4.888000011444092,4.699999809265137,4.802000045776367,178920
2015-03-31,4.802000045776367,4.849999904632568,4.800000190734863,4.804999828338623,364000
2015-04-01,4.804999828338623,4.775000095367432,4.750999927520752,4.7729997634887695,37750
2015-04-02,4.7729997634887695,4.800000190734863,4.651000022888184,4.708000183105469,144900
2015-04-05,4.708000183105469,4.605000019073486,4.400000095367432,4.480999946594238,606900
2015-04-06,4.480999946594238,4.684000015258789,4.300000190734863,4.420000076293945,1448040
2015-04-07,4.420000076293945,4.699999809265137,4.598999977111816,4.642000198364258,246200
2015-04-08,4.642000198364258,4.909999847412109,4.614999771118164,4.8470001220703125,330760
2015-04-09,4.8470001220703125,4.900000095367432,4.750999927520752,4.89900016784668,770960
2015-04-14,4.89900016784668,4.900000095367432,4.800000190734863,4.802999973297119,483420
2015-04-15,4.802999973297119,4.868000030517578,4.710999965667725,4.801000118255615,283160
2015-04-16,4.801000118255615,4.894999980926514,4.75,4.7789998054504395,1042340
2015-04-19,4.7789998054504395,4.800000190734863,4.60699987411499,4.697000026702881,172750
2015-04-20,4.697000026702881,4.617000102996826,4.599999904632568,4.697000026702881,7340
2015-04-21,4.697000026702881,4.690000057220459,4.619999885559082,4.665999889373779,652240
2015-04-22,4.665999889373779,4.699999809265137,4.639999866485596,4.689000129699707,389660
2015-04-23,4.689000129699707,4.710000038146973,4.699999809265137,4.699999809265137,10258410
2015-04-26,4.699999809265137,4.699999809265137,4.699999809265137,4.699999809265137,0
2015-04-27,4.699999809265137,4.678999900817871,4.4039998054504395,4.578999996185303,101140
2015-04-28,4.578999996185303,4.690000057220459,4.5,4.52400016784668,1058450
2015-04-29,4.52400016784668,4.699999809265137,4.550000190734863,4.6529998779296875,378360
2015-04-30,4.6529998779296875,4.795000076293945,4.699999809265137,4.736999988555908,101490
2015-05-03,4.736999988555908,4.775000095367432,4.675000190734863,4.698999881744385,90960
2015-05-04,4.698999881744385,4.701000213623047,4.699999809265137,4.699999809265137,145420
2015-05-05,4.699999809265137,4.900000095367432,4.749000072479248,4.89300012588501,960890
2015-05-06,4.89300012588501,4.800000190734863,4.702000141143799,4.796999931335449,293190
2015-05-07,4.796999931335449,4.801000118255615,4.701000213623047,4.800000190734863,10987690
2015-05-10,4.800000190734863,4.724999904632568,4.705999851226807,4.800000190734863,3620
2015-05-11,4.800000190734863,4.801000118255615,4.800000190734863,4.800000190734863,549740
2015-05-12,4.800000190734863,4.775000095367432,4.703000068664551,4.775000095367432,840400
2015-05-13,4.775000095367432,4.703000068664551,4.650000095367432,4.6570000648498535,409900
2015-05-14,4.6570000648498535,4.650000095367432,4.619999885559082,4.63100004196167,1301240
2015-05-17,4.63100004196167,4.642000198364258,4.625,4.631999969482422,254100
2015-05-18,4.631999969482422,4.989999771118164,4.800000190734863,4.822999954223633,2181490
2015-05-19,4.822999954223633,4.989999771118164,4.704999923706055,4.800000190734863,10140940
2015-05-20,4.800000190734863,4.900000095367432,4.760000228881836,4.802999973297119,1199320
2015-05-21,4.802999973297119,4.849999904632568,4.703000068664551,4.800000190734863,6718880
2015-05-24,4.800000190734863,4.896999835968018,4.801000118255615,4.8480000495910645,202630
2015-05-25,4.8480000495910645,4.875,4.800000190734863,4.822999954223633,996170
2015-05-26,4.822999954223633,4.820000171661377,4.699999809265137,4.802999973297119,212710
2015-05-27,4.802999973297119,4.824999809265137,4.800000190734863,4.800000190734863,282470
2015-05-28,4.800000190734863,4.800000190734863,4.710000038146973,4.76200008392334,414240
2015-05-31,4.76200008392334,4.794000148773193,4.611000061035156,4.6519999504089355,676230
2015-06-01,4.6519999504089355,4.71999979019165,4.650000095367432,4.6519999504089355,1423010
2015-06-02,4.6519999504089355,4.739999771118164,4.6620001792907715,4.702000141143799,281980
2015-06-03,4.702000141143799,4.75,4.679999828338623,4.701000213623047,356290
2015-06-04,4.701000213623047,4.900000095367432,4.769999980926514,4.829999923706055,2064600
2015-06-07,4.829999923706055,4.849999904632568,4.849999904632568,4.849999904632568,704840
2015-06-08,4.849999904632568,4.909999847412109,4.848999977111816,4.855999946594238,363080
2015-06-09,4.855999946594238,5.0,4.800000190734863,4.986999988555908,1969650
2015-06-10,4.986999988555908,5.005000114440918,4.800000190734863,4.889999866485596,3687660
2015-06-11,4.889999866485596,4.945000171661377,4.875,4.900000095367432,2490840
2015-06-14,4.900000095367432,4.909999847412109,4.860000133514404,4.900000095367432,304590
2015-06-15,4.900000095367432,4.900000095367432,4.800000190734863,4.801000118255615,5798090
2015-06-16,4.801000118255615,4.894999980926514,4.806000232696533,4.807000160217285,2078490
2015-06-17,4.807000160217285,4.826000213623047,4.699999809265137,4.744999885559082,8503220
2015-06-18,4.744999885559082,4.900000095367432,4.800000190734863,4.821000099182129,3332020
2015-06-21,4.821000099182129,4.824999809265137,4.824999809265137,4.824999809265137,149830
2015-06-22,4.824999809265137,4.849999904632568,4.800000190734863,4.829999923706055,4780220
2015-06-23,4.829999923706055,4.807000160217285,4.760000228881836,4.802000045776367,375690
2015-06-24,4.802000045776367,4.848999977111816,4.802000045776367,4.826000213623047,1869430
2015-06-25,4.826000213623047,4.889999866485596,4.800000190734863,4.817999839782715,2393930
2015-06-28,4.817999839782715,4.85099983215332,4.804999828338623,4.849999904632568,283080
2015-06-29,4.849999904632568,4.817999839782715,4.790999889373779,4.801000118255615,1789070
2015-06-30,4.801000118255615,4.801000118255615,4.801000118255615,4.801000118255615,0
2015-07-02,4.801000118255615,4.86899995803833,4.769999980926514,4.798999786376953,6148600
2015-07-05,4.798999786376953,4.750999927520752,4.739999771118164,4.75,358370
2015-07-06,4.75,4.698999881744385,4.610000133514404,4.620999813079834,414380
2015-07-07,4.620999813079834,4.611000061035156,4.550000190734863,4.586999893188477,556470
2015-07-08,4.586999893188477,4.724999904632568,4.199999809265137,4.40500020980835,319090
2015-07-09,4.40500020980835,4.409999847412109,4.202000141143799,4.401000022888184,2225600
2015-07-12,4.401000022888184,4.590000152587891,4.409999847412109,4.4670000076293945,41090
2015-07-13,4.4670000076293945,4.519999980926514,4.46999979019165,4.499000072479248,796510
2015-07-14,4.499000072479248,4.508999824523926,4.499000072479248,4.500999927520752,74110
2015-07-15,4.500999927520752,4.576000213623047,4.5,4.507999897003174,564950
2015-07-16,4.507999897003174,4.550000190734863,4.5,4.510000228881836,1984130
2015-07-19,4.510000228881836,4.510000228881836,4.510000228881836,4.510000228881836,0
2015-07-20,4.510000228881836,4.510000228881836,4.510000228881836,4.510000228881836,0
2015-07-21,4.510000228881836,4.550000190734863,4.440999984741211,4.510000228881836,2567320
2015-07-22,4.510000228881836,4.547999858856201,4.453000068664551,4.511000156402588,112790
2015-07-26,4.511000156402588,4.511000156402588,4.511000156402588,4.511000156402588,3450
2015-07-27,4.511000156402588,4.449999809265137,4.400000095367432,4.421999931335449,57150
2015-07-28,4.421999931335449,4.525000095367432,4.449999809265137,4.480000019073486,736640
2015-07-29,4.480000019073486,4.650000095367432,4.519999980926514,4.579999923706055,880680
2015-07-30,4.579999923706055,4.730000019073486,4.599999904632568,4.6539998054504395,286770
2015-08-02,4.6539998054504395,4.748000144958496,4.6539998054504395,4.670000076293945,328300
2015-08-03,4.670000076293945,4.75,4.650000095367432,4.65500020980835,248770
2015-08-04,4.65500020980835,4.760000228881836,4.6570000648498535,4.695000171661377,2223840
2015-08-05,4.695000171661377,4.695000171661377,4.695000171661377,4.695000171661377,0
2015-08-06,4.695000171661377,4.695000171661377,4.695000171661377,4.695000171661377,0
2015-08-09,4.7230000495910645,4.695000171661377,4.599999904632568,4.658999919891357,22000
2015-08-10,4.658999919891357,4.675000190734863,4.534999847412109,4.658999919891357,1012000
2015-08-11,4.658999919891357,4.659999847412109,4.599999904632568,4.656000137329102,707560
2015-08-12,4.656000137329102,4.651000022888184,4.650000095367432,4.650000095367432,282710
2015-08-13,4.650000095367432,4.651000022888184,4.610000133514404,4.64900016784668,1198610
2015-08-16,4.64900016784668,4.650000095367432,4.449999809265137,4.625,461930
2015-08-17,4.625,4.550000190734863,4.420000076293945,4.550000190734863,947410
2015-08-18,4.550000190734863,4.599999904632568,4.499000072479248,4.567999839782715,1650750
2015-08-19,4.567999839782715,4.5,4.199999809265137,4.331999778747559,808400
2015-08-20,4.331999778747559,4.36899995803833,4.275000095367432,4.300000190734863,1470570
2015-08-23,4.300000190734863,4.199999809265137,4.0,4.059000015258789,47900
2015-08-24,4.059000015258789,4.050000190734863,3.75,3.885999917984009,1094580
2015-08-25,3.885999917984009,4.050000190734863,3.8510000705718994,3.9820001125335693,231590
2015-08-26,3.9820001125335693,3.990000009536743,3.869999885559082,3.9609999656677246,219470
2015-08-27,3.9609999656677246,4.0,3.9200000762939453,3.9649999141693115,600970
2015-08-30,3.9649999141693115,3.950000047683716,3.700000047683716,3.8350000381469727,364950
2015-08-31,3.8350000381469727,4.070000171661377,3.8469998836517334,4.01200008392334,477830
2015-09-01,4.01200008392334,4.050000190734863,4.0,4.0,1388520
2015-09-02,4.0,4.060999870300293,4.0,4.000999927520752,907630
2015-09-03,4.000999927520752,4.25,4.199999809265137,4.203999996185303,170830
2015-09-06,4.203999996185303,4.298999786376953,4.275000095367432,4.289999961853027,27000
2015-09-07,4.289999961853027,4.21999979019165,4.0,4.11299991607666,160250
2015-09-08,4.11299991607666,4.14900016784668,4.0,4.004000186920166,167550
2015-09-09,4.004000186920166,4.125,4.0,4.064000129699707,89340
2015-09-10,4.064000129699707,4.300000190734863,4.099999904632568,4.211999893188477,189520
2015-09-13,4.211999893188477,4.224999904632568,4.151000022888184,4.199999809265137,630250
2015-09-14,4.199999809265137,4.25,4.199999809265137,4.206999778747559,1748940
2015-09-15,4.206999778747559,4.224999904632568,4.210000038146973,4.211999893188477,276220
2015-09-16,4.211999893188477,4.295000076293945,4.204999923706055,4.254000186920166,299630
2015-09-17,4.254000186920166,4.320000171661377,4.25,4.293000221252441,3532810
2015-09-20,4.293000221252441,4.25,4.199999809265137,4.204999923706055,10500
2015-09-21,4.204999923706055,4.317999839782715,4.296999931335449,4.297999858856201,81050
2015-09-27,4.297999858856201,4.297999858856201,4.297999858856201,4.297999858856201,0
2015-09-28,4.300000190734863,4.349999904632568,4.300000190734863,4.300000190734863,188770
2015-09-29,4.300000190734863,4.730000019073486,4.300000190734863,4.301000118255615,3762000
2015-09-30,4.301000118255615,4.300000190734863,4.214000225067139,4.300000190734863,149150
2015-10-01,4.300000190734863,4.300000190734863,4.203000068664551,4.300000190734863,2487930
2015-10-04,4.300000190734863,4.300000190734863,4.300000190734863,4.300000190734863,0
2015-10-05,4.300000190734863,4.300000190734863,4.199999809265137,4.293000221252441,572910
2015-10-07,4.293000221252441,4.224999904632568,4.199999809265137,4.199999809265137,570530
2015-10-08,4.199999809265137,4.25,4.201000213623047,4.224999904632568,510480
2015-10-11,4.224999904632568,4.3979997634887695,4.224999904632568,4.229000091552734,548320
2015-10-12,4.229000091552734,4.400000095367432,4.300000190734863,4.314000129699707,314060
2015-10-13,4.314000129699707,4.349999904632568,4.25,4.349999904632568,1755930
2015-10-15,4.349999904632568,4.3520002365112305,4.300000190734863,4.348999977111816,120750
2015-10-18,4.348999977111816,4.324999809265137,4.25,4.324999809265137,731330
2015-10-19,4.324999809265137,4.400000095367432,4.324999809265137,4.336999893188477,1223170
2015-10-20,4.336999893188477,4.448999881744385,4.340000152587891,4.375,2025960
2015-10-21,4.375,4.425000190734863,4.375,4.380000114440918,150360
2015-10-22,4.380000114440918,4.375,4.340000152587891,4.34499979019165,438700
2015-10-25,4.34499979019165,4.304999828338623,4.304999828338623,4.34499979019165,1500
2015-10-26,4.34499979019165,4.307000160217285,4.300000190734863,4.34499979019165,4000
2015-10-27,4.34499979019165,4.400000095367432,4.289999961853027,4.311999797821045,25990
2015-10-28,4.311999797821045,4.297999858856201,4.293000221252441,4.296999931335449,56500
2015-10-29,4.296999931335449,4.300000190734863,4.199999809265137,4.276000022888184,436120
2015-11-01,4.276000022888184,4.179999828338623,4.10099983215332,4.276000022888184,1580
2015-11-02,4.276000022888184,4.276000022888184,4.276000022888184,4.276000022888184,0
2015-11-03,4.276000022888184,4.298999786376953,4.199999809265137,4.202000141143799,126620
2015-11-04,4.202000141143799,4.199999809265137,4.135000228881836,4.183000087738037,39880
2015-11-05,4.183000087738037,4.25,4.050000190734863,4.172999858856201,169470
2015-11-08,4.172999858856201,4.099999904632568,3.9049999713897705,4.0,65440
2015-11-09,4.0,4.0,3.878000020980835,3.996000051498413,135890
2015-11-10,3.996000051498413,3.9000000953674316,3.7009999752044678,3.759999990463257,99710
2015-11-11,3.759999990463257,3.7300000190734863,3.384000062942505,3.690000057220459,928250
2015-11-12,3.690000057220459,3.6600000858306885,3.4609999656677246,3.561000108718872,2366330
2015-11-15,3.561000108718872,3.4800000190734863,3.3570001125335693,3.3889999389648438,469550
2015-11-16,3.3889999389648438,3.4600000381469727,3.4000000953674316,3.4200000762939453,1560270
2015-11-17,3.4200000762939453,3.5,3.4000000953674316,3.4539999961853027,662330
2015-11-18,3.4539999961853027,3.5,3.4549999237060547,3.5,374870
2015-11-19,3.5,3.549999952316284,3.505000114440918,3.5460000038146973,869350
2015-11-22,3.5460000038146973,3.5250000953674316,3.490000009536743,3.496999979019165,28850
2015-11-23,3.496999979019165,3.490000009536743,3.4000000953674316,3.434000015258789,1672320
2015-11-24,3.434000015258789,3.450000047683716,3.4089999198913574,3.4189999103546143,2520090
2015-11-25,3.4189999103546143,3.4189999103546143,3.4170000553131104,3.4189999103546143,2388830
2015-11-26,3.4189999103546143,3.4140000343322754,3.4000000953674316,3.4189999103546143,1000
2015-11-29,3.4189999103546143,3.450000047683716,3.4010000228881836,3.4189999103546143,1100
2015-11-30,3.4189999103546143,3.4000000953674316,3.299999952316284,3.3980000019073486,231690
2015-12-01,3.3980000019073486,3.3299999237060547,3.299999952316284,3.303999900817871,162080
2015-12-02,3.303999900817871,3.436000108718872,3.2890000343322754,3.365000009536743,8497520
2015-12-03,3.365000009536743,3.5899999141693115,3.4000000953674316,3.4739999771118164,1176420
2015-12-06,3.4739999771118164,3.5999999046325684,3.4630000591278076,3.555000066757202,859700
2015-12-07,3.555000066757202,3.578000068664551,3.4749999046325684,3.509999990463257,322600
2015-12-08,3.509999990463257,3.440000057220459,3.4000000953674316,3.4059998989105225,216500
2015-12-09,3.4059998989105225,3.4800000190734863,3.436000108718872,3.450000047683716,5277720
2015-12-10,3.450000047683716,3.5199999809265137,3.450000047683716,3.4679999351501465,647010
2015-12-13,3.4679999351501465,3.4649999141693115,3.4010000228881836,3.447999954223633,418000
2015-12-14,3.447999954223633,3.4600000381469727,3.447999954223633,3.450000047683716,1292290
2015-12-15,3.450000047683716,3.500999927520752,3.450000047683716,3.4570000171661377,511120
2015-12-16,3.4570000171661377,3.5299999713897705,3.4509999752044678,3.502000093460083,286500
2015-12-17,3.502000093460083,3.568000078201294,3.5360000133514404,3.549999952316284,995650
2015-12-20,3.549999952316284,3.572999954223633,3.559000015258789,3.565999984741211,107940
2015-12-21,3.565999984741211,3.700000047683716,3.453000068664551,3.5959999561309814,1100700
2015-12-22,3.5959999561309814,3.5999999046325684,3.5510001182556152,3.5910000801086426,575480
2015-12-24,3.5910000801086426,3.684000015258789,3.566999912261963,3.5950000286102295,1785790
2015-12-27,3.5950000286102295,3.6010000705718994,3.569999933242798,3.5989999771118164,137050
2015-12-28,3.5989999771118164,3.625,3.549999952316284,3.5899999141693115,212690
2015-12-29,3.5899999141693115,3.690000057220459,3.555000066757202,3.562999963760376,8054300
2015-12-30,3.562999963760376,3.690000057220459,3.5799999237060547,3.6579999923706055,244420
2015-12-31,3.6579999923706055,3.696000099182129,3.6050000190734863,3.6689999103546143,295040
2016-01-03,3.6689999103546143,3.7249999046325684,3.630000114440918,3.690000057220459,240830
2016-01-04,3.690000057220459,3.700000047683716,3.5999999046325684,3.628000020980835,176900
2016-01-05,3.628000020980835,3.700000047683716,3.6500000953674316,3.671999931335449,189210
2016-01-06,3.671999931335449,3.700000047683716,3.5999999046325684,3.6459999084472656,228440
2016-01-10,3.6459999084472656,3.571000099182129,3.549999952316284,3.568000078201294,54890
2016-01-11,3.568000078201294,3.5160000324249268,3.5,3.503000020980835,224800
2016-01-12,3.503000020980835,3.4749999046325684,3.4159998893737793,3.450000047683716,554920
2016-01-13,3.450000047683716,3.4200000762939453,3.130000114440918,3.322000026702881,629920
2016-01-14,3.322000026702881,3.115000009536743,3.0999999046325684,3.1019999980926514,158450
2016-01-17,3.1019999980926514,3.0,2.7920000553131104,2.934999942779541,528990
2016-01-18,2.934999942779541,2.934999942779541,2.934999942779541,2.934999942779541,0
2016-01-19,2.996000051498413,3.200000047683716,3.0989999771118164,3.11299991607666,1885170
2016-01-20,3.11299991607666,3.059999942779541,3.0,3.000999927520752,2081130
2016-01-21,3.000999927520752,3.0899999141693115,3.0,3.0179998874664307,6595430
2016-01-24,3.0179998874664307,3.194999933242798,3.0250000953674316,3.121000051498413,46000
2016-01-26,3.121000051498413,3.140000104904175,3.049999952316284,3.0820000171661377,331420
2016-01-27,3.0820000171661377,3.3889999389648438,3.1500000953674316,3.2079999446868896,661140
2016-01-28,3.2079999446868896,3.4010000228881836,3.299999952316284,3.375,3451070
2016-01-31,3.375,3.569999933242798,3.489000082015991,3.5329999923706055,12372270
2016-02-01,3.5329999923706055,3.484999895095825,3.4200000762939453,3.433000087738037,224230
2016-02-02,3.433000087738037,3.4700000286102295,3.3489999771118164,3.381999969482422,291350
2016-02-03,3.381999969482422,3.5,3.450000047683716,3.496999979019165,1142950
2016-02-04,3.496999979019165,3.565999984741211,3.4000000953674316,3.500999927520752,8194810
2016-02-07,3.500999927520752,3.509000062942505,3.3399999141693115,3.4619998931884766,68410
2016-02-08,3.4619998931884766,3.500999927520752,3.5,3.5,866410
2016-02-09,3.5,3.509999990463257,3.4700000286102295,3.5,4665100
2016-02-10,3.5,3.50600004196167,3.5,3.503000020980835,69930
2016-02-11,3.503000020980835,3.5,3.4800000190734863,3.5,1365280
2016-02-14,3.5,3.502000093460083,3.5,3.5,226000
2016-02-15,3.5,3.556999921798706,3.5190000534057617,3.5510001182556152,61490
2016-02-16,3.5510001182556152,3.549999952316284,3.549999952316284,3.549999952316284,189530
2016-02-17,3.549999952316284,3.749000072479248,3.3529999256134033,3.6040000915527344,3662690
2016-02-18,3.6040000915527344,3.6549999713897705,3.5999999046325684,3.6510000228881836,1769860
2016-02-21,3.6510000228881836,3.700000047683716,3.558000087738037,3.5969998836517334,29670
2016-02-22,3.5969998836517334,3.700000047683716,3.5999999046325684,3.6630001068115234,449660
2016-02-23,3.6630001068115234,3.744999885559082,3.6989998817443848,3.700000047683716,344910
2016-02-24,3.700000047683716,3.700000047683716,3.700000047683716,3.700000047683716,253110
2016-02-25,3.700000047683716,3.7100000381469727,3.700000047683716,3.7100000381469727,90960
2016-02-28,3.7100000381469727,3.7899999618530273,3.700000047683716,3.74399995803833,603930
2016-02-29,3.74399995803833,3.7699999809265137,3.75,3.759000062942505,2558340
2016-03-01,3.759000062942505,3.799999952316284,3.799999952316284,3.799999952316284,803600
2016-03-02,3.799999952316284,3.9019999504089355,3.8499999046325684,3.8949999809265137,3306050
2016-03-03,3.8949999809265137,3.9489998817443848,3.9000000953674316,3.9110000133514404,238640
2016-03-06,3.9110000133514404,4.0,3.8989999294281006,3.98799991607666,1255710
2016-03-07,3.98799991607666,4.03000020980835,3.9649999141693115,3.9809999465942383,525000
2016-03-08,3.9809999465942383,3.997999906539917,3.763000011444092,3.8970000743865967,1100650
2016-03-09,3.8970000743865967,3.947999954223633,3.878999948501587,3.8949999809265137,1859000
2016-03-10,3.8949999809265137,3.950000047683716,3.9000000953674316,3.937999963760376,1134460
2016-03-13,3.937999963760376,3.9000000953674316,3.8310000896453857,3.8940000534057617,61700
2016-03-14,3.8940000534057617,4.2829999923706055,3.9000000953674316,4.245999813079834,2315110
2016-03-15,4.245999813079834,4.659999847412109,4.201000213623047,4.484000205993652,1374880
2016-03-16,4.484000205993652,4.550000190734863,4.449999809265137,4.500999927520752,2114530
2016-03-17,4.500999927520752,4.605000019073486,4.49399995803833,4.565999984741211,692730
2016-03-20,4.565999984741211,4.630000114440918,4.300000190734863,4.515999794006348,105680
2016-03-21,4.515999794006348,4.324999809265137,4.201000213623047,4.297999858856201,853700
2016-03-22,4.297999858856201,4.324999809265137,4.201000213623047,4.230000019073486,101000
2016-03-23,4.230000019073486,4.289999961853027,4.001999855041504,4.191999912261963,1781250
2016-03-24,4.191999912261963,4.1479997634887695,4.099999904632568,4.114999771118164,122170
2016-03-27,4.114999771118164,4.199999809265137,4.099999904632568,4.105999946594238,333460
2016-03-28,4.105999946594238,4.199999809265137,4.105999946594238,4.140999794006348,360080
2016-03-29,4.140999794006348,4.2129998207092285,4.105999946594238,4.192999839782715,251770
2016-03-30,4.192999839782715,4.288000106811523,4.150000095367432,4.242000102996826,202660
2016-03-31,4.242000102996826,4.650000095367432,4.288000106811523,4.456999778747559,878330
2016-04-03,4.456999778747559,4.497000217437744,4.349999904632568,4.406000137329102,216820
2016-04-04,4.406000137329102,4.5,4.400000095367432,4.4019999504089355,786800
2016-04-05,4.4019999504089355,4.425000190734863,4.400000095367432,4.4120001792907715,303050
2016-04-06,4.4120001792907715,4.478000164031982,4.375,4.400000095367432,1181840
2016-04-07,4.400000095367432,4.449999809265137,4.324999809265137,4.39900016784668,1717220
2016-04-10,4.39900016784668,4.389999866485596,4.198999881744385,4.296999931335449,237490
2016-04-11,4.296999931335449,4.210999965667725,4.199999809265137,4.206999778747559,188000
2016-04-12,4.206999778747559,4.300000190734863,4.199999809265137,4.26200008392334,196400
2016-04-13,4.26200008392334,4.599999904632568,4.38700008392334,4.544000148773193,997140
2016-04-14,4.544000148773193,4.60099983215332,4.5970001220703125,4.599999904632568,220970
2016-04-17,4.599999904632568,4.599999904632568,4.599999904632568,4.599999904632568,0
2016-04-18,4.599999904632568,4.6020002365112305,4.320000171661377,4.598999977111816,180900
2016-04-19,4.598999977111816,4.650000095367432,4.599999904632568,4.605999946594238,489590
2016-04-20,4.605999946594238,4.60099983215332,4.5,4.578999996185303,1610270
2016-04-21,4.578999996185303,4.611999988555908,4.599999904632568,4.599999904632568,12650010
2016-04-24,4.599999904632568,4.599999904632568,4.590000152587891,4.599999904632568,1011630
2016-04-26,4.599999904632568,4.599999904632568,4.599999904632568,4.599999904632568,0
2016-04-27,4.65500020980835,4.800000190734863,4.514999866485596,4.645999908447266,2112650
2016-04-28,4.645999908447266,4.748000144958496,4.540999889373779,4.6539998054504395,111090
2016-05-01,4.6539998054504395,4.6539998054504395,4.6539998054504395,4.6539998054504395,0
2016-05-03,4.6539998054504395,4.60099983215332,4.5,4.590000152587891,1413520
2016-05-04,4.590000152587891,4.5,4.440999984741211,4.479000091552734,176670
2016-05-05,4.479000091552734,4.5,4.425000190734863,4.4770002365112305,102450
2016-05-08,4.4770002365112305,4.525000095367432,4.499000072479248,4.5,3644400
2016-05-09,4.5,4.510000228881836,4.431000232696533,4.505000114440918,6011640
2016-05-10,4.505000114440918,4.5,4.4019999504089355,4.505000114440918,4480
2016-05-11,4.505000114440918,4.449999809265137,4.400000095367432,4.449999809265137,39667990
2016-05-12,4.449999809265137,4.400000095367432,4.369999885559082,4.449999809265137,2480
2016-05-15,4.449999809265137,4.40500020980835,4.40500020980835,4.449999809265137,2480
2016-05-16,4.449999809265137,4.5,4.449999809265137,4.47599983215332,83540
2016-05-17,4.47599983215332,4.550000190734863,4.550000190734863,4.550000190734863,30000
2016-05-18,4.550000190734863,4.449999809265137,4.302000045776367,4.428999900817871,15310
2016-05-19,4.428999900817871,4.400000095367432,4.25,4.298999786376953,1003000
2016-05-22,4.298999786376953,4.35099983215332,4.298999786376953,4.320000171661377,66990
2016-05-23,4.320000171661377,4.39900016784668,4.300000190734863,4.335000038146973,75200
2016-05-24,4.335000038146973,4.439000129699707,4.311999797821045,4.400000095367432,691790
2016-05-25,4.400000095367432,4.400000095367432,4.300000190734863,4.3470001220703125,129740
2016-05-26,4.3470001220703125,4.400000095367432,4.201000213623047,4.328000068664551,126400
2016-05-29,4.328000068664551,4.300000190734863,4.199999809265137,4.2170000076293945,70580
2016-05-30,4.2170000076293945,4.400000095367432,4.199999809265137,4.396999835968018,6073300
2016-05-31,4.396999835968018,4.400000095367432,4.255000114440918,4.363999843597412,506450
2016-06-01,4.423999786376953,4.423999786376953,4.400000095367432,4.400000095367432,407860
2016-06-02,4.363999843597412,4.363999843597412,4.363999843597412,4.363999843597412,0
2016-06-05,4.413000106811523,4.400000095367432,4.150000095367432,4.204999923706055,149220
2016-06-06,4.204999923706055,4.300000190734863,4.205999851226807,4.297999858856201,131930
2016-06-07,4.400000095367432,4.400000095367432,4.349999904632568,4.369999885559082,5360520
2016-06-08,4.369999885559082,4.400000095367432,4.300000190734863,4.333000183105469,145970
2016-06-09,4.400000095367432,4.400000095367432,4.349999904632568,4.381999969482422,172280
2016-06-12,4.381999969482422,4.381999969482422,4.381999969482422,4.381999969482422,841540
2016-06-13,4.380000114440918,4.380000114440918,4.300000190734863,4.301000118255615,178810
2016-06-14,4.301000118255615,4.301000118255615,4.301000118255615,4.301000118255615,0
2016-06-15,4.381999969482422,4.381999969482422,4.381999969482422,4.381999969482422,0
2016-06-16,4.381999969482422,4.381999969482422,4.381999969482422,4.381999969482422,0
2016-06-19,4.385000228881836,4.447000026702881,4.360000133514404,4.381999969482422,165140
2016-06-20,4.381999969482422,4.340000152587891,4.215000152587891,4.257999897003174,18730
2016-06-21,4.381999969482422,4.400000095367432,4.381999969482422,4.400000095367432,8614900
2016-06-22,4.400000095367432,4.385000228881836,4.242000102996826,4.380000114440918,55140
2016-06-23,4.380000114440918,4.380000114440918,4.380000114440918,4.380000114440918,0
2016-06-26,4.380000114440918,4.380000114440918,4.380000114440918,4.380000114440918,0
2016-06-27,4.103000164031982,4.119999885559082,4.059999942779541,4.099999904632568,616100
2016-06-28,4.099999904632568,4.125,4.099999904632568,4.105999946594238,1100750
2016-06-29,4.105999946594238,4.105999946594238,4.105999946594238,4.105999946594238,0
2016-06-30,4.105999946594238,4.105999946594238,4.105999946594238,4.105999946594238,0
2016-07-03,4.296999931335449,4.199999809265137,4.139999866485596,4.199999809265137,341910
2016-07-04,4.199999809265137,4.199999809265137,4.199999809265137,4.199999809265137,0
2016-07-05,4.199999809265137,4.199999809265137,4.199999809265137,4.199999809265137,0
2016-07-10,4.291999816894531,4.449999809265137,4.369999885559082,4.39900016784668,1669020
2016-07-11,4.39900016784668,4.400000095367432,4.199999809265137,4.388999938964844,2986610
2016-07-12,4.388999938964844,4.449999809265137,4.300000190734863,4.440999984741211,6775570
2016-07-13,4.440999984741211,4.39900016784668,4.314000129699707,4.383999824523926,175800
2016-07-14,4.383999824523926,4.383999824523926,4.383999824523926,4.383999824523926,0
2016-07-17,4.383999824523926,4.383999824523926,4.383999824523926,4.383999824523926,0
2016-07-18,4.383999824523926,4.383999824523926,4.383999824523926,4.383999824523926,0
2016-07-19,4.301000118255615,4.300000190734863,4.204999923706055,4.218999862670898,251260
2016-07-20,4.218999862670898,4.218999862670898,4.218999862670898,4.218999862670898,0
2016-07-21,4.218999862670898,4.218999862670898,4.218999862670898,4.218999862670898,0
2016-07-24,4.218999862670898,4.218999862670898,4.218999862670898,4.218999862670898,0
2016-07-25,4.248000144958496,4.23199987411499,4.210000038146973,4.2220001220703125,915260
2016-07-26,4.2220001220703125,4.2220001220703125,4.2220001220703125,4.2220001220703125,0
2016-07-27,4.224999904632568,4.39900016784668,4.300000190734863,4.335999965667725,3998520
2016-07-28,4.335999965667725,4.388999938964844,4.300000190734863,4.348999977111816,2019300
2016-07-31,4.348999977111816,4.348999977111816,4.348999977111816,4.348999977111816,0
2016-08-01,4.396999835968018,4.53000020980835,4.423999786376953,4.500999927520752,1742820
2016-08-02,4.500999927520752,4.559999942779541,4.5,4.5320000648498535,489480
2016-08-03,4.5320000648498535,4.650000095367432,4.534999847412109,4.581999778747559,1507570
2016-08-04,4.581999778747559,4.581999778747559,4.581999778747559,4.581999778747559,0
2016-08-07,4.581999778747559,4.581999778747559,4.581999778747559,4.581999778747559,0
2016-08-08,4.581999778747559,4.581999778747559,4.581999778747559,4.581999778747559,0
2016-08-09,4.708000183105469,4.800000190734863,4.702000141143799,4.760000228881836,635010
2016-08-10,4.760000228881836,4.760000228881836,4.760000228881836,4.760000228881836,0
2016-08-11,4.760000228881836,4.760000228881836,4.760000228881836,4.760000228881836,0
2016-08-14,4.929999828338623,5.0,4.849999904632568,4.928999900817871,319690
2016-08-15,4.928999900817871,5.019999980926514,4.949999809265137,5.011000156402588,426460
2016-08-16,5.011000156402588,5.099999904632568,4.999000072479248,5.047999858856201,1479520
2016-08-17,5.047999858856201,5.047999858856201,5.047999858856201,5.047999858856201,0
2016-08-18,5.0980000495910645,5.048999786376953,5.0,5.041999816894531,537970
2016-08-21,5.041999816894531,5.041999816894531,5.041999816894531,5.041999816894531,0
2016-08-22,5.041999816894531,5.041999816894531,5.041999816894531,5.041999816894531,0
2016-08-23,5.0229997634887695,5.019999980926514,4.949999809265137,5.001999855041504,1461750
2016-08-24,5.001999855041504,4.999000072479248,4.9019999504089355,4.949999809265137,628510
2016-08-25,4.949999809265137,4.949999809265137,4.925000190734863,4.949999809265137,1212700
2016-08-28,4.949999809265137,4.949999809265137,4.949999809265137,4.949999809265137,0
2016-08-29,4.949999809265137,4.949999809265137,4.949999809265137,4.949999809265137,0
2016-08-30,4.949999809265137,4.949999809265137,4.949999809265137,4.949999809265137,0
2016-08-31,5.006999969482422,5.197000026702881,5.099999904632568,5.150000095367432,1796450
2016-09-01,5.150000095367432,5.169000148773193,5.144999980926514,5.160999774932861,13430
2016-09-04,5.160999774932861,5.201000213623047,5.150000095367432,5.195000171661377,1115990
2016-09-05,5.195000171661377,5.201000213623047,5.170000076293945,5.197999954223633,797920
2016-09-06,5.197999954223633,5.302000045776367,5.199999809265137,5.258999824523926,1754260
2016-09-07,5.258999824523926,5.258999824523926,5.258999824523926,5.258999824523926,0
2016-09-08,5.309000015258789,5.5,5.449999809265137,5.494999885559082,534030
2016-09-13,5.494999885559082,5.494999885559082,5.494999885559082,5.494999885559082,0
2016-09-14,5.494999885559082,5.5,5.401000022888184,5.5,2717790
2016-09-15,5.5,5.400000095367432,5.300000190734863,5.3420000076293945,389810
2016-09-18,5.300000190734863,5.300000190734863,5.199999809265137,5.260000228881836,588880
2016-09-19,5.257999897003174,5.260000228881836,5.210999965667725,5.260000228881836,653100
2016-09-20,5.260000228881836,5.260000228881836,5.260000228881836,5.260000228881836,0
2016-09-21,5.260000228881836,5.260000228881836,5.260000228881836,5.260000228881836,0
2016-09-22,5.260000228881836,5.260000228881836,5.260000228881836,5.260000228881836,0
2016-09-25,5.260000228881836,5.260000228881836,5.260000228881836,5.260000228881836,0
2016-09-26,5.260000228881836,5.260000228881836,5.260000228881836,5.260000228881836,0
2016-09-27,5.098999977111816,5.099999904632568,5.090000152587891,5.099999904632568,696180
2016-09-28,5.099999904632568,5.098999977111816,5.074999809265137,5.0929999351501465,424000
2016-09-29,5.0929999351501465,5.400000095367432,5.050000190734863,5.119999885559082,773740
2016-10-02,5.119999885559082,5.119999885559082,5.119999885559082,5.119999885559082,0
2016-10-03,5.119999885559082,5.119999885559082,5.119999885559082,5.119999885559082,0
2016-10-04,5.203000068664551,5.396999835968018,5.297999858856201,5.309000015258789,502290
2016-10-05,5.309000015258789,5.309000015258789,5.309000015258789,5.309000015258789,0
2016-10-09,5.309000015258789,5.309000015258789,5.309000015258789,5.309000015258789,0
2016-10-10,5.580999851226807,6.138999938964844,5.693999767303467,5.945000171661377,4939300
2016-10-11,5.945000171661377,5.900000095367432,5.801000118255615,5.874000072479248,2726270
2016-10-12,5.874000072479248,5.929999828338623,5.820000171661377,5.877999782562256,2217140
2016-10-13,5.877999782562256,5.877999782562256,5.877999782562256,5.877999782562256,0
2016-10-16,6.017000198364258,6.14900016784668,6.002999782562256,6.10699987411499,3333490
2016-10-17,6.10699987411499,6.098999977111816,5.960000038146973,6.034999847412109,3318790
2016-10-18,6.034999847412109,6.034999847412109,6.034999847412109,6.034999847412109,0
2016-10-19,6.211999893188477,6.25,6.076000213623047,6.119999885559082,4263280
2016-10-20,6.119999885559082,6.199999809265137,6.005000114440918,6.050000190734863,4375450
2016-10-23,6.050000190734863,6.0970001220703125,6.048999786376953,6.054999828338623,1629710
2016-10-24,6.054999828338623,6.090000152587891,6.001999855041504,6.060999870300293,1669260
2016-10-25,6.060999870300293,6.201000213623047,6.0970001220703125,6.1570000648498535,950430
2016-10-26,6.1570000648498535,6.099999904632568,6.0,6.017000198364258,700410
2016-10-27,6.017000198364258,6.195000171661377,5.96999979019165,6.02400016784668,900270
2016-10-30,6.02400016784668,6.119999885559082,6.031000137329102,6.111999988555908,36500
2016-10-31,6.111999988555908,6.449999809265137,6.150000095367432,6.269999980926514,2115040
2016-11-01,6.269999980926514,6.300000190734863,6.103000164031982,6.232999801635742,967180
2016-11-02,6.232999801635742,6.232999801635742,6.232999801635742,6.232999801635742,0
2016-11-03,6.64900016784668,6.699999809265137,5.986000061035156,6.261000156402588,2027090
2016-11-06,6.261000156402588,6.88700008392334,6.232999801635742,6.479000091552734,1902690
2016-11-07,6.479000091552734,7.125999927520752,6.980000019073486,7.033999919891357,3801630
2016-11-08,7.033999919891357,7.736999988555908,7.126999855041504,7.452000141143799,9408010
2016-11-09,7.452000141143799,7.670000076293945,6.849999904632568,7.4629998207092285,6041970
2016-11-10,7.4629998207092285,7.9730000495910645,7.629000186920166,7.881999969482422,2314390
2016-11-13,7.881999969482422,8.199999809265137,7.10099983215332,7.889999866485596,5878600
2016-11-14,7.889999866485596,7.800000190734863,7.502999782562256,7.675000190734863,1678920
2016-11-15,7.675000190734863,7.650000095367432,7.502999782562256,7.603000164031982,1455900
2016-11-16,7.603000164031982,7.603000164031982,7.603000164031982,7.603000164031982,0
2016-11-17,7.954999923706055,8.399999618530273,7.800000190734863,8.175999641418457,2303340
2016-11-20,8.175999641418457,8.130000114440918,7.849999904632568,7.961999893188477,1465270
2016-11-21,7.961999893188477,8.100000381469727,7.949999809265137,8.012999534606934,1040320
2016-11-22,8.012999534606934,8.012999534606934,8.012999534606934,8.012999534606934,0
2016-11-23,7.690999984741211,7.764999866485596,7.570000171661377,7.658999919891357,1553400
2016-11-24,7.658999919891357,7.993000030517578,7.576000213623047,7.697000026702881,1548780
2016-11-27,7.697000026702881,7.599999904632568,7.5,7.550000190734863,549420
2016-11-28,7.550000190734863,7.699999809265137,7.550000190734863,7.5960001945495605,2483720
2016-11-29,7.5960001945495605,7.559999942779541,7.5,7.515999794006348,811380
2016-11-30,7.515999794006348,7.738999843597412,7.599999904632568,7.697000026702881,4502790
2016-12-01,7.697000026702881,7.697000026702881,7.697000026702881,7.697000026702881,0
2016-12-04,7.875999927520752,7.949999809265137,7.808000087738037,7.892000198364258,649080
2016-12-05,7.892000198364258,7.998000144958496,7.679999828338623,7.803999900817871,2123800
2016-12-06,7.803999900817871,7.889999866485596,7.603000164031982,7.77400016784668,756790
2016-12-07,7.77400016784668,7.75,7.561999797821045,7.625999927520752,464280
2016-12-08,7.625999927520752,7.784999847412109,7.550000190734863,7.561999797821045,3738790
2016-12-11,7.561999797821045,7.561999797821045,7.561999797821045,7.561999797821045,0
2016-12-12,7.561999797821045,7.561999797821045,7.561999797821045,7.561999797821045,0
2016-12-13,7.538000106811523,7.599999904632568,7.199999809265137,7.427999973297119,1996770
2016-12-14,7.427999973297119,7.5,7.275000095367432,7.343999862670898,2439630
2016-12-15,7.343999862670898,7.343999862670898,7.343999862670898,7.343999862670898,0
2016-12-18,7.359000205993652,7.64900016784668,7.400000095367432,7.5370001792907715,895030
2016-12-19,7.5370001792907715,7.900000095367432,7.499000072479248,7.706999778747559,4657650
2016-12-20,7.706999778747559,7.989999771118164,7.699999809265137,7.798999786376953,834880
2016-12-21,7.798999786376953,7.801000118255615,7.599999904632568,7.646999835968018,2608240
2016-12-22,7.646999835968018,7.849999904632568,7.5,7.693999767303467,1536890
2016-12-25,7.693999767303467,7.650000095367432,7.519999980926514,7.59499979019165,796600
2016-12-26,7.59499979019165,7.76800012588501,7.570000171661377,7.60099983215332,550500
2016-12-27,7.60099983215332,7.60099983215332,7.5,7.573999881744385,1182360
2016-12-28,7.573999881744385,7.650000095367432,7.340000152587891,7.414000034332275,4579620
2016-12-29,7.414000034332275,7.599999904632568,7.364999771118164,7.414999961853027,947500
2017-01-02,7.414999961853027,7.500999927520752,7.449999809265137,7.465000152587891,507050
2017-01-03,7.465000152587891,7.579999923706055,7.4120001792907715,7.506999969482422,1104250
2017-01-04,7.506999969482422,7.5,7.400000095367432,7.480999946594238,1473620
2017-01-05,7.480999946594238,7.550000190734863,7.429999828338623,7.499000072479248,6620740
2017-01-09,7.6539998054504395,7.764999866485596,7.460999965667725,7.504000186920166,2361160
2017-01-10,7.504000186920166,7.999000072479248,7.526000022888184,7.590000152587891,3212870
2017-01-11,7.590000152587891,8.0,7.599999904632568,7.885000228881836,5470890
2017-01-12,7.885000228881836,8.210000038146973,8.0,8.14799976348877,6629860
2017-01-15,8.14799976348877,8.25,8.050000190734863,8.128999710083008,988830
2017-01-16,8.128999710083008,8.199000358581543,7.9019999504089355,7.979000091552734,1400920
2017-01-17,7.979000091552734,8.100000381469727,7.949999809265137,8.0,6534700
2017-01-18,8.0,8.25,7.900000095367432,8.151000022888184,5830770
2017-01-19,8.151000022888184,8.0,7.75,7.870999813079834,1045450
2017-01-22,7.870999813079834,8.390000343322754,7.824999809265137,8.126999855041504,1705060
2017-01-23,8.126999855041504,8.6899995803833,8.395000457763672,8.522000312805176,7643770
2017-01-24,8.522000312805176,8.550000190734863,8.414999961853027,8.53600025177002,410470
2017-01-26,8.53600025177002,8.937999725341797,8.5600004196167,8.706000328063965,6415040
2017-01-29,8.706000328063965,8.706000328063965,8.706000328063965,8.706000328063965,0
2017-01-30,8.842000007629395,8.949999809265137,8.789999961853027,8.880000114440918,1841020
2017-01-31,8.880000114440918,8.701000213623047,8.199999809265137,8.404000282287598,1468180
2017-02-01,8.404000282287598,8.399999618530273,8.1899995803833,8.270999908447266,944490
2017-02-02,8.270999908447266,8.48799991607666,8.399999618530273,8.440999984741211,16646570
2017-02-05,8.440999984741211,8.800000190734863,8.600000381469727,8.699999809265137,1362190
2017-02-06,8.699999809265137,9.199999809265137,8.800000190734863,9.045000076293945,19192580
2017-02-07,9.045000076293945,9.295000076293945,9.022000312805176,9.140999794006348,13329340
2017-02-08,9.140999794006348,9.300000190734863,9.10099983215332,9.208999633789062,4744500
2017-02-09,9.208999633789062,9.199999809265137,8.800000190734863,9.137999534606934,1022380
2017-02-12,9.137999534606934,9.0,8.60200023651123,8.831000328063965,539110
2017-02-13,8.831000328063965,8.800000190734863,8.609999656677246,8.6899995803833,2011220
2017-02-14,8.6899995803833,8.6899995803833,8.6899995803833,8.6899995803833,0
2017-02-15,8.326000213623047,8.39799976348877,8.149999618530273,8.201000213623047,1286380
2017-02-16,8.201000213623047,8.300000190734863,8.029999732971191,8.204999923706055,7458220
2017-02-19,8.204999923706055,8.270000457763672,7.949999809265137,8.00100040435791,277930
2017-02-20,8.00100040435791,8.199000358581543,7.800000190734863,7.965000152587891,1652690
2017-02-21,7.965000152587891,8.0,7.880000114440918,7.984000205993652,3231860
2017-02-22,7.984000205993652,7.999000072479248,7.750999927520752,7.8470001220703125,582090
2017-02-23,7.8470001220703125,8.0,7.750999927520752,7.807000160217285,1819450
2017-02-26,7.807000160217285,7.949999809265137,7.849999904632568,7.861999988555908,331740
2017-02-27,7.861999988555908,7.8979997634887695,7.650000095367432,7.7870001792907715,3049320
2017-02-28,7.7870001792907715,7.800000190734863,7.550000190734863,7.790999889373779,449740
2017-03-01,7.790999889373779,7.798999786376953,7.6519999504089355,7.708000183105469,62830
2017-03-02,7.708000183105469,7.801000118255615,7.749000072479248,7.784999847412109,1718450
2017-03-05,7.784999847412109,7.900000095367432,7.704999923706055,7.820000171661377,434940
2017-03-06,7.820000171661377,8.09000015258789,7.751999855041504,7.822999954223633,4652430
2017-03-07,7.822999954223633,8.380000114440918,8.050000190734863,8.173999786376953,2919860
2017-03-08,8.173999786376953,8.600000381469727,8.244000434875488,8.449000358581543,3195060
2017-03-09,8.449000358581543,8.600000381469727,8.401000022888184,8.494000434875488,2140350
2017-03-12,8.494000434875488,8.550000190734863,8.276000022888184,8.383999824523926,775240
2017-03-13,8.383999824523926,8.5,8.3100004196167,8.402000427246094,991160
2017-03-14,8.402000427246094,8.444000244140625,8.069999694824219,8.147000312805176,860190
2017-03-15,8.147000312805176,8.187999725341797,8.069999694824219,8.100000381469727,260040
2017-03-16,8.100000381469727,8.350000381469727,8.164999961853027,8.272000312805176,1652040
2017-03-19,8.272000312805176,8.449999809265137,8.298999786376953,8.38700008392334,1318450
2017-03-20,8.38700008392334,8.404999732971191,8.300999641418457,8.354000091552734,1600250
2017-03-21,8.354000091552734,8.399999618530273,8.300000190734863,8.388999938964844,1468710
2017-03-22,8.388999938964844,8.5,8.329999923706055,8.430999755859375,753690
2017-03-23,8.430999755859375,8.644000053405762,8.479999542236328,8.576000213623047,1325930
2017-03-26,8.576000213623047,8.788000106811523,8.60099983215332,8.70199966430664,750880
2017-03-27,8.70199966430664,8.697999954223633,8.5,8.531000137329102,1073060
2017-03-29,8.550999641418457,8.600000381469727,8.520999908447266,8.569999694824219,544000
2017-03-30,8.569999694824219,8.699999809265137,8.501999855041504,8.586000442504883,776690
2017-04-02,8.586000442504883,8.583000183105469,8.404999732971191,8.520999908447266,95350
2017-04-03,8.520999908447266,8.539999961853027,8.375,8.432000160217285,942310
2017-04-04,8.432000160217285,8.475000381469727,8.350000381469727,8.39799976348877,372070
2017-04-05,8.39799976348877,8.449999809265137,8.1899995803833,8.258000373840332,549760
2017-04-06,8.258000373840332,8.350000381469727,8.015000343322754,8.206000328063965,2770520
2017-04-09,8.206000328063965,8.100000381469727,7.949999809265137,8.001999855041504,1059630
2017-04-10,8.001999855041504,8.005000114440918,7.802999973297119,7.913000106811523,1618400
2017-04-11,7.913000106811523,8.380000114440918,8.149999618530273,8.281000137329102,3888510
2017-04-12,8.281000137329102,8.293999671936035,7.940000057220459,8.01099967956543,1659320
2017-04-13,8.01099967956543,8.095000267028809,7.961999893188477,7.995999813079834,723020
2017-04-18,7.995999813079834,8.100000381469727,7.829999923706055,7.935999870300293,1095720
2017-04-19,7.935999870300293,8.043999671936035,7.804999828338623,7.932000160217285,3815520
2017-04-20,7.932000160217285,8.0,7.89900016784668,7.906000137329102,5682710
2017-04-23,7.906000137329102,7.994999885559082,7.809999942779541,7.876999855041504,1331320
2017-04-24,7.876999855041504,7.949999809265137,7.840000152587891,7.906000137329102,548340
2017-04-26,7.906000137329102,8.140000343322754,7.949999809265137,8.032999992370605,1852980
2017-04-27,8.032999992370605,8.13599967956543,7.900000095367432,7.984000205993652,1157790
2017-04-30,7.984000205993652,8.0,7.900000095367432,7.953999996185303,476020
2017-05-02,7.953999996185303,8.0,7.9019999504089355,7.959000110626221,176900
2017-05-03,7.959000110626221,7.959000110626221,7.959000110626221,7.959000110626221,0
2017-05-04,8.012999534606934,8.347000122070312,8.104999542236328,8.217000007629395,1587720
2017-05-07,8.217000007629395,8.399999618530273,8.204999923706055,8.269000053405762,915270
2017-05-08,8.269000053405762,8.550000190734863,8.25,8.399999618530273,2555470
2017-05-09,8.399999618530273,8.5,8.449999809265137,8.468000411987305,1609690
2017-05-10,8.468000411987305,8.5,8.298999786376953,8.35200023651123,880860
2017-05-11,8.35200023651123,8.315999984741211,8.199999809265137,8.232999801635742,484700
2017-05-14,8.232999801635742,8.350000381469727,8.149999618530273,8.215999603271484,789200
2017-05-15,8.215999603271484,8.300000190734863,8.199999809265137,8.25100040435791,1148120
2017-05-16,8.25100040435791,8.350000381469727,8.265000343322754,8.317000389099121,1851490
2017-05-17,8.317000389099121,8.399999618530273,8.300000190734863,8.348999977111816,287700
2017-05-18,8.348999977111816,8.369999885559082,8.300000190734863,8.303000450134277,480670
2017-05-21,8.303000450134277,8.449999809265137,8.270000457763672,8.345999717712402,90600
2017-05-22,8.345999717712402,8.1899995803833,8.020000457763672,8.14900016784668,1333280
2017-05-23,8.14900016784668,8.234999656677246,8.102999687194824,8.192000389099121,83400
2017-05-24,8.192000389099121,8.699999809265137,8.244000434875488,8.553000450134277,3563850
2017-05-25,8.649999618530273,9.170000076293945,8.649999618530273,8.888999938964844,4868530
2017-05-28,8.888999938964844,8.906000137329102,8.725000381469727,8.838000297546387,420850
2017-05-29,8.838000297546387,8.90999984741211,8.729000091552734,8.831999778747559,1283550
2017-05-30,8.831999778747559,8.994000434875488,8.800000190734863,8.866999626159668,630600
2017-05-31,8.866999626159668,8.895000457763672,8.699999809265137,8.77400016784668,885210
2017-06-01,8.77400016784668,8.850000381469727,8.720999717712402,8.800000190734863,1468580
2017-06-04,8.800000190734863,8.850000381469727,8.725000381469727,8.807000160217285,324300
2017-06-05,8.807000160217285,8.800999641418457,8.795000076293945,8.800000190734863,855150
2017-06-06,8.800000190734863,8.89799976348877,8.798999786376953,8.838000297546387,1129400
2017-06-07,8.838000297546387,8.803999900817871,8.795000076293945,8.800000190734863,1345740
2017-06-08,8.800000190734863,9.045999526977539,8.800000190734863,8.907999992370605,2326420
2017-06-11,8.907999992370605,8.854000091552734,8.800000190734863,8.814000129699707,134980
2017-06-12,8.814000129699707,8.850000381469727,8.800999641418457,8.83899974822998,850210
2017-06-13,8.83899974822998,8.899999618530273,8.800999641418457,8.85200023651123,385590
2017-06-14,8.85200023651123,8.845000267028809,8.798999786376953,8.800000190734863,797960
2017-06-15,8.800000190734863,8.949999809265137,8.8100004196167,8.916000366210938,1778630
2017-06-18,8.916000366210938,8.895999908447266,8.699999809265137,8.781000137329102,561560
2017-06-19,8.781000137329102,8.781000137329102,8.781000137329102,8.781000137329102,0
2017-06-20,8.859000205993652,8.859999656677246,8.798999786376953,8.802000045776367,238760
2017-06-21,8.802000045776367,9.170000076293945,8.798999786376953,9.005000114440918,3217490
2017-06-22,9.005000114440918,9.1850004196167,9.100000381469727,9.118000030517578,1776830
2017-06-28,9.118000030517578,9.48799991607666,9.045999526977539,9.392999649047852,4554950
2017-06-29,9.392999649047852,9.392999649047852,9.392999649047852,9.392999649047852,0
2017-07-02,9.392999649047852,9.402999877929688,9.260000228881836,9.32699966430664,62800
2017-07-03,9.32699966430664,9.300000190734863,9.180000305175781,9.230999946594238,689400
2017-07-04,9.230999946594238,9.1850004196167,8.899999618530273,9.031999588012695,788780
2017-07-05,9.031999588012695,9.100000381469727,8.904999732971191,9.071000099182129,210860
2017-07-06,9.071000099182129,9.074999809265137,8.906999588012695,9.050999641418457,736500
2017-07-09,9.050999641418457,9.069000244140625,8.899999618530273,8.972999572753906,102230
2017-07-10,8.972999572753906,9.055000305175781,8.930000305175781,8.99899959564209,1051670
2017-07-11,8.99899959564209,9.100000381469727,8.901000022888184,9.005999565124512,2458280
2017-07-12,9.005999565124512,9.125,9.032999992370605,9.071999549865723,1186080
2017-07-13,9.071999549865723,9.052000045776367,9.0,9.045999526977539,1221000
2017-07-16,9.045999526977539,8.987000465393066,8.925999641418457,8.979000091552734,18700
2017-07-17,8.979000091552734,9.100000381469727,9.005000114440918,9.062999725341797,1415940
2017-07-18,9.062999725341797,9.100000381469727,8.5,8.689000129699707,1070640
2017-07-19,8.689000129699707,8.800000190734863,8.645000457763672,8.737000465393066,1686980
2017-07-20,8.737000465393066,8.829999923706055,8.75,8.776000022888184,638830
2017-07-24,8.776000022888184,9.0,8.899999618530273,8.968000411987305,226960
2017-07-25,8.968000411987305,9.100000381469727,8.954999923706055,8.996999740600586,511620
2017-07-26,8.996999740600586,9.0,8.852999687194824,8.892000198364258,100010
2017-07-27,8.892000198364258,9.0,8.649999618530273,8.77400016784668,1069400
2017-07-30,8.77400016784668,8.99899959564209,8.524999618530273,8.590999603271484,423810
2017-07-31,8.590999603271484,8.600000381469727,8.335000038146973,8.434000015258789,652720
2017-08-01,8.434000015258789,8.699999809265137,8.5,8.621999740600586,1276450
2017-08-02,8.621999740600586,8.699999809265137,8.645000457763672,8.685999870300293,382730
2017-08-03,8.685999870300293,8.699999809265137,8.630999565124512,8.696000099182129,2038650
2017-08-06,8.696000099182129,8.779000282287598,8.649999618530273,8.67300033569336,16840
2017-08-07,8.67300033569336,8.652000427246094,8.5,8.642000198364258,1162220
2017-08-08,8.642000198364258,8.625,8.51099967956543,8.621000289916992,792150
2017-08-09,8.621000289916992,8.699000358581543,8.50100040435791,8.569999694824219,227350
2017-08-10,8.569999694824219,8.654000282287598,8.5,8.59000015258789,1670860
2017-08-13,8.59000015258789,8.550000190734863,8.5,8.545999526977539,1345790
2017-08-14,8.545999526977539,8.503000259399414,8.449999809265137,8.49899959564209,513720
2017-08-15,8.49899959564209,8.49899959564209,8.49899959564209,8.49899959564209,0
2017-08-16,8.600000381469727,9.399999618530273,8.64900016784668,9.100000381469727,2999740
2017-08-17,9.605999946594238,9.800000190734863,9.20300006866455,9.39900016784668,4197650
2017-08-20,9.39900016784668,9.347999572753906,9.15999984741211,9.253000259399414,990520
2017-08-21,9.253000259399414,9.569999694824219,9.222000122070312,9.324999809265137,4857910
2017-08-22,9.324999809265137,9.300999641418457,9.069999694824219,9.21399974822998,975740
2017-08-23,9.21399974822998,9.300000190734863,8.821000099182129,8.980999946594238,867670
2017-08-24,8.980999946594238,9.098999977111816,8.722000122070312,8.822999954223633,660130
2017-08-27,8.822999954223633,8.899999618530273,8.729999542236328,8.802000045776367,2273890
2017-08-28,8.802000045776367,8.871999740600586,8.70199966430664,8.833000183105469,2353620
2017-08-29,8.833000183105469,9.00100040435791,8.850000381469727,8.9399995803833,1936010
2017-08-30,8.9399995803833,8.949999809265137,8.819999694824219,8.878000259399414,432120
2017-09-03,8.878000259399414,8.878000259399414,8.878000259399414,8.878000259399414,0
2017-09-04,8.878000259399414,8.878000259399414,8.878000259399414,8.878000259399414,0
2017-09-05,8.878000259399414,9.093999862670898,8.861000061035156,8.968999862670898,493360
2017-09-06,8.968999862670898,9.199000358581543,8.949999809265137,8.972000122070312,2415040
2017-09-07,8.972000122070312,9.300000190734863,9.100000381469727,9.20300006866455,976400
2017-09-10,9.20300006866455,9.25,9.050000190734863,9.114999771118164,1418650
2017-09-11,9.114999771118164,9.288999557495117,9.114999771118164,9.201000213623047,1246160
2017-09-12,9.201000213623047,9.246000289916992,8.899999618530273,9.003999710083008,3822890
2017-09-13,9.003999710083008,9.199000358581543,8.901000022888184,9.059000015258789,1790380
2017-09-14,9.059000015258789,9.399999618530273,9.105999946594238,9.291000366210938,2632670
2017-09-17,9.291000366210938,10.088000297546387,9.449999809265137,9.809000015258789,5789560
2017-09-18,10.010000228881836,10.689000129699707,10.0,10.309000015258789,5423260
2017-09-19,10.309000015258789,10.309000015258789,10.309000015258789,10.309000015258789,0
2017-09-20,10.37600040435791,10.5,10.098999977111816,10.223999977111816,2176250
2017-09-24,10.223999977111816,10.282999992370605,10.015999794006348,10.128000259399414,420050
2017-09-25,10.128000259399414,10.569999694824219,10.194999694824219,10.369000434875488,6092930
2017-09-26,10.369000434875488,10.70300006866455,10.274999618530273,10.4399995803833,1908550
2017-09-27,10.4399995803833,10.5,10.300000190734863,10.387999534606934,740670
2017-09-28,10.387999534606934,10.649999618530273,10.300000190734863,10.494999885559082,3442000
2017-10-01,10.494999885559082,10.746999740600586,10.300999641418457,10.600000381469727,1177500
2017-10-02,10.600000381469727,11.055000305175781,10.675000190734863,10.883000373840332,3545880
2017-10-03,10.883000373840332,11.147000312805176,10.649999618530273,10.916999816894531,2603690
2017-10-04,10.916999816894531,11.449999809265137,10.904000282287598,11.234000205993652,4671860
2017-10-08,11.234000205993652,10.96500015258789,10.550000190734863,10.75,6395850
2017-10-09,10.75,10.777999877929688,10.399999618530273,10.585000038146973,1938510
2017-10-10,10.585000038146973,10.60099983215332,10.399999618530273,10.47700023651123,1310210
2017-10-11,10.47700023651123,10.5600004196167,10.399999618530273,10.442000389099121,799360
2017-10-12,10.442000389099121,11.0,10.449999809265137,10.833000183105469,2437680
2017-10-15,10.833000183105469,11.135000228881836,10.800000190734863,11.015999794006348,1426220
2017-10-16,11.015999794006348,10.899999618530273,10.449999809265137,10.585000038146973,872260
2017-10-17,10.585000038146973,10.699999809265137,10.5,10.605999946594238,1001670
2017-10-18,10.605999946594238,10.899999618530273,10.51099967956543,10.638999938964844,480950
2017-10-19,10.638999938964844,10.899999618530273,10.399999618530273,10.543000221252441,1292430
2017-10-22,10.543000221252441,10.510000228881836,10.399999618530273,10.420000076293945,622510
2017-10-23,10.420000076293945,10.5,10.375,10.45199966430664,767350
2017-10-24,10.45199966430664,10.75,10.404999732971191,10.62600040435791,731330
2017-10-25,10.62600040435791,10.6850004196167,10.5,10.583000183105469,446450
2017-10-26,10.583000183105469,10.699999809265137,10.5,10.57800006866455,378920
2017-10-29,10.57800006866455,10.649999618530273,10.5,10.520000457763672,454350
2017-10-30,10.520000457763672,11.399999618530273,10.550000190734863,10.993000030517578,3275760
2017-10-31,10.993000030517578,11.524999618530273,11.199999809265137,11.390000343322754,1369910
2017-11-01,11.390000343322754,11.79800033569336,11.100000381469727,11.411999702453613,2776440
2017-11-02,11.411999702453613,11.399999618530273,11.199000358581543,11.282999992370605,1013190
2017-11-05,11.282999992370605,11.395000457763672,11.0,11.093999862670898,333390
2017-11-06,11.093999862670898,11.199999809265137,11.0,11.095000267028809,843890
2017-11-07,11.095000267028809,11.199999809265137,11.0,11.093999862670898,665190
2017-11-08,11.093999862670898,11.380000114440918,11.0,11.163000106811523,1487200
2017-11-09,11.163000106811523,11.680000305175781,11.125,11.512999534606934,1117850
2017-11-12,11.512999534606934,11.699000358581543,11.199999809265137,11.357000350952148,1064940
2017-11-13,11.357000350952148,11.399999618530273,11.220000267028809,11.302000045776367,562790
2017-11-14,11.302000045776367,11.302000045776367,11.302000045776367,11.302000045776367,0
2017-11-15,11.803000450134277,12.496999740600586,11.835000038146973,12.08899974822998,5394490
2017-11-16,12.08899974822998,12.098999977111816,11.850000381469727,11.937000274658203,1486560
2017-11-19,11.937000274658203,12.00100040435791,11.65999984741211,11.883999824523926,2086010
2017-11-20,11.883999824523926,12.097000122070312,11.70199966430664,11.871999740600586,1688310
2017-11-21,11.871999740600586,11.979999542236328,11.741000175476074,11.829000473022461,1184480
2017-11-22,11.829000473022461,12.00100040435791,11.760000228881836,11.875,2174890
2017-11-23,11.875,13.050000190734863,12.09000015258789,12.538000106811523,6829040
2017-11-26,12.538000106811523,13.151000022888184,12.600000381469727,12.824999809265137,2756120
2017-11-27,12.824999809265137,12.824999809265137,12.824999809265137,12.824999809265137,0
2017-11-28,12.675999641418457,13.74899959564209,12.789999961853027,13.319999694824219,3946000
2017-11-29,13.319999694824219,14.097000122070312,13.28499984741211,13.532999992370605,12438160
2017-11-30,13.532999992370605,13.532999992370605,13.532999992370605,13.532999992370605,0
2017-12-03,13.532999992370605,14.0600004196167,13.699999809265137,13.866000175476074,2200770
2017-12-04,13.866000175476074,13.88599967956543,13.5600004196167,13.678999900817871,916240
2017-12-05,13.678999900817871,13.699999809265137,13.255000114440918,13.482999801635742,1423690
2017-12-06,13.482999801635742,13.600000381469727,13.310999870300293,13.461999893188477,4443470
2017-12-07,13.461999893188477,13.800000190734863,13.437000274658203,13.562999725341797,2560900
2017-12-10,13.562999725341797,13.75,13.579999923706055,13.628000259399414,502680
2017-12-11,13.628000259399414,13.628000259399414,13.628000259399414,13.628000259399414,0
2017-12-12,13.690999984741211,14.194999694824219,13.652000427246094,13.97700023651123,3554870
2017-12-13,13.97700023651123,14.364999771118164,13.984999656677246,14.081000328063965,1204600
2017-12-14,14.081000328063965,14.890000343322754,14.100000381469727,14.597000122070312,4045530
2017-12-17,14.597000122070312,15.199999809265137,14.699999809265137,15.013999938964844,1215630
2017-12-18,15.013999938964844,15.48799991607666,15.0,15.321999549865723,1982470
2017-12-19,15.321999549865723,15.46500015258789,14.850000381469727,15.062000274658203,2053980
2017-12-20,15.062000274658203,15.062000274658203,15.062000274658203,15.062000274658203,0
2017-12-21,14.86400032043457,15.0,14.600000381469727,14.753999710083008,1712810
2017-12-24,14.753999710083008,14.949999809265137,14.649999618530273,14.845000267028809,197710
2017-12-25,14.845000267028809,15.199000358581543,14.765000343322754,14.968000411987305,475840
2017-12-26,14.968000411987305,15.225000381469727,14.75,15.010000228881836,673300
2017-12-27,15.010000228881836,15.03499984741211,14.75100040435791,14.833999633789062,298690
2017-12-28,14.833999633789062,15.074999809265137,14.805000305175781,14.942999839782715,335860
2017-12-31,14.942999839782715,15.0,14.65999984741211,14.741999626159668,524940
2018-01-01,14.741999626159668,14.741999626159668,14.741999626159668,14.741999626159668,0
2018-01-02,14.741999626159668,14.741999626159668,14.741999626159668,14.741999626159668,0
2018-01-03,14.854000091552734,14.807000160217285,14.300000190734863,14.515999794006348,1240670
2018-01-04,14.515999794006348,14.59000015258789,14.199999809265137,14.324000358581543,2074540
2018-01-07,14.324000358581543,14.324000358581543,14.324000358581543,14.324000358581543,0
2018-01-08,14.324000358581543,14.60099983215332,14.25100040435791,14.477999687194824,3106560
2018-01-09,14.477999687194824,14.848999977111816,14.361000061035156,14.670999526977539,2043050
2018-01-10,14.670999526977539,14.61299991607666,14.449999809265137,14.553000450134277,1078260
2018-01-11,14.553000450134277,14.694000244140625,14.399999618530273,14.487000465393066,1426250
2018-01-14,14.487000465393066,14.699999809265137,14.456000328063965,14.541000366210938,882440
2018-01-15,14.541000366210938,14.5600004196167,14.35200023651123,14.390999794006348,5318980
2018-01-16,14.390999794006348,14.598999977111816,14.399999618530273,14.50100040435791,2967290
2018-01-17,14.50100040435791,15.149999618530273,14.42199993133545,14.765000343322754,3616060
2018-01-18,14.765000343322754,16.000999450683594,15.09000015258789,15.704000473022461,3513980
2018-01-21,15.704000473022461,15.704000473022461,15.704000473022461,15.704000473022461,0
2018-01-22,16.104999542236328,16.489999771118164,16.059999465942383,16.288000106811523,2217170
2018-01-23,16.288000106811523,16.399999618530273,15.829999923706055,16.243999481201172,5958350
2018-01-24,16.243999481201172,16.448999404907227,16.0,16.149999618530273,2600970
2018-01-25,16.149999618530273,16.149999618530273,16.149999618530273,16.149999618530273,0
2018-01-28,16.149999618530273,16.399999618530273,16.049999237060547,16.270999908447266,1087910
2018-01-29,16.270999908447266,16.597000122070312,16.003000259399414,16.26300048828125,2991220
2018-01-30,16.26300048828125,16.26300048828125,15.800000190734863,16.013999938964844,3621550
2018-01-31,16.013999938964844,15.899999618530273,15.3100004196167,15.642999649047852,3412130
2018-02-01,15.642999649047852,15.649999618530273,15.329999923706055,15.454999923706055,1372890
2018-02-04,15.454999923706055,15.5,15.100000381469727,15.282999992370605,1927260
2018-02-05,15.282999992370605,15.600000381469727,15.300000190734863,15.496000289916992,2250090
2018-02-06,14.993000030517578,15.699000358581543,14.899999618530273,15.232999801635742,1761690
2018-02-07,15.232999801635742,15.9399995803833,15.303999900817871,15.708999633789062,1549220
2018-02-08,15.708999633789062,15.760000228881836,15.300000190734863,15.493000030517578,1586300
2018-02-11,15.302000045776367,15.5,15.100000381469727,15.354000091552734,1277420
2018-02-12,15.354000091552734,15.770000457763672,15.399999618530273,15.607000350952148,1729320
2018-02-13,15.607000350952148,15.5,15.071000099182129,15.24899959564209,2926970
2018-02-14,15.24899959564209,15.300000190734863,14.899999618530273,15.116999626159668,1665020
2018-02-15,15.116999626159668,15.199999809265137,14.600000381469727,14.854999542236328,4874820
2018-02-18,15.180000305175781,15.295000076293945,14.800000190734863,15.055000305175781,3338090
2018-02-19,15.055000305175781,15.394000053405762,15.00100040435791,15.220000267028809,1643150
2018-02-20,15.220000267028809,15.220000267028809,15.220000267028809,15.220000267028809,0
2018-02-21,15.220999717712402,15.199999809265137,15.069999694824219,15.123000144958496,648080
2018-02-22,15.123000144958496,15.210000038146973,15.0,15.041999816894531,489930
2018-02-25,15.041999816894531,15.199999809265137,15.0,15.031000137329102,512050
2018-02-26,15.031000137329102,15.75,15.098999977111816,15.543000221252441,4578700
2018-02-27,15.543000221252441,15.800000190734863,15.406000137329102,15.633999824523926,1619040
2018-02-28,15.699999809265137,15.800000190734863,15.199999809265137,15.461000442504883,11674470
2018-03-01,15.461000442504883,15.760000228881836,15.5,15.628000259399414,2779700
2018-03-04,15.628000259399414,15.649999618530273,15.5,15.522000312805176,668020
2018-03-05,15.522000312805176,15.699999809265137,15.399999618530273,15.515000343322754,1211750
2018-03-06,15.515000343322754,16.299999237060547,15.454999923706055,15.82800006866455,4521110
2018-03-07,15.82800006866455,16.950000762939453,16.0,16.56800079345703,5518170
2018-03-08,16.56800079345703,16.5,16.200000762939453,16.37700080871582,1866970
2018-03-11,16.37700080871582,17.700000762939453,16.399999618530273,17.163000106811523,4176110
2018-03-12,17.163000106811523,18.878999710083008,17.600000381469727,18.170000076293945,11482660
2018-03-13,18.170000076293945,18.170000076293945,18.170000076293945,18.170000076293945,0
2018-03-14,21.0,23.100000381469727,20.100000381469727,21.756000518798828,7289300
2018-03-15,21.756000518798828,21.48900032043457,20.100000381469727,20.86199951171875,5474240
2018-03-18,20.86199951171875,21.200000762939453,20.399999618530273,20.964000701904297,3821240
2018-03-19,20.964000701904297,21.0,20.013999938964844,20.645999908447266,4534640
2018-03-20,20.645999908447266,21.0,20.520000457763672,20.768999099731445,2063020
2018-03-21,21.017000198364258,21.600000381469727,20.922000885009766,21.201000213623047,9582720
2018-03-22,21.298999786376953,21.30500030517578,20.450000762939453,20.847000122070312,3636320
2018-03-25,20.847000122070312,21.09000015258789,20.600000381469727,20.97100067138672,5019230
2018-03-26,20.97100067138672,21.149999618530273,20.75,20.982999801635742,4652640
2018-03-27,21.60700035095215,22.0,21.516000747680664,21.74799919128418,8337510
2018-03-28,21.72800064086914,21.8439998626709,21.15999984741211,21.43199920654297,4810710
2018-03-29,21.415000915527344,22.7450008392334,21.016000747680664,21.663999557495117,12121870
2018-04-01,21.663999557495117,22.950000762939453,22.299999237060547,22.577999114990234,2632550
2018-04-02,22.577999114990234,23.58799934387207,22.3799991607666,23.195999145507812,4140570
2018-04-03,23.195999145507812,24.399999618530273,22.90399932861328,23.691999435424805,5511150
2018-04-04,23.691999435424805,24.899999618530273,23.402999877929688,24.184999465942383,3691040
2018-04-05,24.184999465942383,24.398000717163086,23.5,23.85700035095215,3407650
2018-04-08,23.85700035095215,23.85700035095215,23.85700035095215,23.85700035095215,0
2018-04-09,23.85700035095215,23.85700035095215,23.85700035095215,23.85700035095215,0
2018-04-10,23.85700035095215,24.149999618530273,23.709999084472656,23.909000396728516,5768970
2018-04-11,23.909000396728516,24.799999237060547,23.799999237060547,24.27199935913086,3784890
2018-04-12,24.27199935913086,24.08799934387207,23.500999450683594,23.795000076293945,2060610
2018-04-15,23.795000076293945,23.98699951171875,23.200000762939453,23.433000564575195,3151240
2018-04-16,23.433000564575195,23.68000030517578,23.049999237060547,23.371000289916992,1536290
2018-04-17,23.371000289916992,23.5,23.10300064086914,23.29199981689453,1197220
2018-04-18,23.29199981689453,23.4060001373291,22.76099967956543,23.0049991607666,2654770
2018-04-19,23.0049991607666,23.600000381469727,22.8700008392334,23.275999069213867,3207230
2018-04-22,23.275999069213867,24.239999771118164,23.496999740600586,23.959999084472656,2010420
2018-04-23,23.959999084472656,24.149999618530273,23.35300064086914,23.60700035095215,3876170
2018-04-24,23.60700035095215,23.84000015258789,23.354999542236328,23.503000259399414,1502340
2018-04-25,23.503000259399414,23.503000259399414,23.503000259399414,23.503000259399414,0
2018-04-26,25.802000045776367,25.85300064086914,24.100000381469727,25.145000457763672,11086290
2018-04-29,25.145000457763672,24.948999404907227,24.309999465942383,24.804000854492188,2039210
2018-04-30,24.804000854492188,25.499000549316406,24.856000900268555,25.14699935913086,3507520
2018-05-01,25.14699935913086,25.14699935913086,25.14699935913086,25.14699935913086,0
2018-05-02,25.14699935913086,25.29599952697754,24.030000686645508,24.368000030517578,4052080
2018-05-03,24.368000030517578,24.209999084472656,23.6299991607666,23.871999740600586,6599160
2018-05-06,23.871999740600586,24.00200080871582,23.111000061035156,23.566999435424805,2234550
2018-05-07,23.566999435424805,23.736000061035156,23.21500015258789,23.490999221801758,4047740
2018-05-08,23.490999221801758,23.736000061035156,23.309999465942383,23.527000427246094,3801210
2018-05-09,23.527000427246094,23.600000381469727,21.950000762939453,22.722999572753906,5190940
2018-05-10,22.722999572753906,22.899999618530273,22.0,22.440000534057617,3020980
2018-05-13,22.440000534057617,23.149999618530273,22.405000686645508,22.79800033569336,1431060
2018-05-14,22.79800033569336,23.197999954223633,22.649999618530273,22.88599967956543,5843650
2018-05-15,23.51099967956543,23.799999237060547,21.850000381469727,22.493999481201172,9035110
2018-05-16,22.493999481201172,22.100000381469727,21.25,21.576000213623047,4838140
2018-05-17,21.576000213623047,22.450000762939453,21.5,22.013999938964844,4328570
2018-05-20,22.013999938964844,22.25,21.551000595092773,21.858999252319336,2220620
2018-05-21,21.858999252319336,22.3439998626709,21.760000228881836,21.98200035095215,2221780
2018-05-22,21.98200035095215,21.98200035095215,21.399999618530273,21.764999389648438,4967560
2018-05-23,21.764999389648438,22.125,21.5,21.864999771118164,2362190
2018-05-24,21.864999771118164,22.200000762939453,21.799999237060547,21.972999572753906,1954270
2018-05-27,21.972999572753906,22.100000381469727,21.825000762939453,22.011999130249023,2098880
2018-05-28,22.011999130249023,22.64900016784668,21.920000076293945,22.260000228881836,7495470
2018-05-29,22.260000228881836,22.600000381469727,22.10300064086914,22.347000122070312,4856620
2018-05-30,22.347000122070312,22.288999557495117,21.39900016784668,21.783000946044922,6490030
2018-05-31,21.783000946044922,21.783000946044922,20.299999237060547,20.94099998474121,61018940
2018-06-03,20.94099998474121,21.698999404907227,20.899999618530273,21.437999725341797,4645470
2018-06-04,20.94099998474121,21.698999404907227,20.899999618530273,21.437999725341797,4645470
2018-06-05,21.166000366210938,21.089000701904297,19.999000549316406,20.726999282836914,3720360
2018-06-06,20.726999282836914,21.0,19.799999237060547,20.233999252319336,2403850
2018-06-07,20.233999252319336,21.000999450683594,19.799999237060547,20.534000396728516,4857750
2018-06-10,20.534000396728516,21.079999923706055,20.600000381469727,20.825000762939453,1249670
2018-06-11,20.825000762939453,20.825000762939453,20.825000762939453,20.825000762939453,0
2018-06-12,20.652000427246094,20.649999618530273,20.01099967956543,20.25200080871582,1892630
2018-06-13,20.25200080871582,20.4950008392334,20.0,20.202999114990234,2337720
2018-06-14,20.202999114990234,20.250999450683594,19.614999771118164,19.930999755859375,4360710
2018-06-17,19.930999755859375,19.930999755859375,19.930999755859375,19.930999755859375,0
2018-06-18,19.930999755859375,19.930999755859375,19.930999755859375,19.930999755859375,0
2018-06-19,19.930999755859375,20.399999618530273,19.854999542236328,20.139999389648438,3674700
2018-06-20,20.139999389648438,19.795000076293945,19.305999755859375,19.54400062561035,2926960
2018-06-21,19.54400062561035,19.90999984741211,19.704999923706055,19.820999145507812,1085620
2018-06-24,19.820999145507812,19.899999618530273,19.514999389648438,19.618999481201172,2213240
2018-06-25,19.618999481201172,19.701000213623047,19.299999237060547,19.54199981689453,3069980
2018-06-26,19.54199981689453,19.39699935913086,19.010000228881836,19.155000686645508,1078440
2018-06-27,19.155000686645508,19.493999481201172,19.065000534057617,19.268999099731445,2121540
2018-06-28,19.268999099731445,20.20199966430664,19.475000381469727,19.961000442504883,28758660
2018-07-01,19.961000442504883,19.961000442504883,19.961000442504883,19.961000442504883,0
2018-07-02,20.600000381469727,20.600000381469727,20.299999237060547,20.461000442504883,3043340
2018-07-03,20.461000442504883,20.788999557495117,20.454999923706055,20.52400016784668,2491070
2018-07-04,20.52400016784668,20.450000762939453,19.81999969482422,20.11400032043457,1125300
2018-07-05,20.11400032043457,20.100000381469727,19.700000762939453,19.90399932861328,1752000
2018-07-08,19.90399932861328,20.39900016784668,18.902999877929688,19.242000579833984,920710
2018-07-09,19.242000579833984,19.549999237060547,18.399999618530273,19.030000686645508,2641590
2018-07-10,19.030000686645508,19.799999237060547,19.200000762939453,19.395999908447266,1066660
2018-07-11,19.395999908447266,19.798999786376953,19.400999069213867,19.444000244140625,141100
2018-07-12,19.444000244140625,19.5,19.0,19.224000930786133,788790
2018-07-15,19.224000930786133,19.5,18.80299949645996,19.024999618530273,420440
2018-07-16,19.024999618530273,18.809999465942383,18.450000762939453,18.551000595092773,966690
2018-07-17,18.551000595092773,18.649999618530273,17.802000045776367,18.143999099731445,1380000
2018-07-18,18.143999099731445,18.24799919128418,17.815000534057617,17.974000930786133,633490
2018-07-19,17.974000930786133,18.5,18.097999572753906,18.184999465942383,3096280
2018-07-22,18.184999465942383,18.18600082397461,17.899999618530273,17.93899917602539,297050
2018-07-23,17.93899917602539,17.93899917602539,17.93899917602539,17.93899917602539,0
2018-07-24,17.93899917602539,18.29400062561035,18.100000381469727,18.16699981689453,805440
2018-07-25,18.16699981689453,18.149999618530273,17.85099983215332,17.993999481201172,987130
2018-07-26,17.993999481201172,18.190000534057617,17.950000762939453,18.083999633789062,571840
2018-07-29,18.083999633789062,18.665000915527344,18.0,18.40999984741211,819150
2018-07-30,18.40999984741211,18.600000381469727,18.350000381469727,18.481000900268555,194260
2018-07-31,18.481000900268555,18.75,18.30500030517578,18.645999908447266,354940
2018-08-01,18.645999908447266,18.850000381469727,18.56100082397461,18.69300079345703,392130
2018-08-02,18.69300079345703,19.399999618530273,18.520000457763672,19.142000198364258,1213200
2018-08-05,19.142000198364258,19.75,19.299999237060547,19.466999053955078,511680
2018-08-06,19.466999053955078,19.469999313354492,19.003000259399414,19.20599937438965,1131680
2018-08-07,19.20599937438965,19.399999618530273,19.051000595092773,19.30299949645996,120410
2018-08-08,19.30299949645996,19.670000076293945,19.0,19.312999725341797,1526000
2018-08-09,19.312999725341797,19.389999389648438,19.100000381469727,19.260000228881836,303000
2018-08-12,19.260000228881836,19.299999237060547,19.003000259399414,19.222000122070312,320470
2018-08-13,19.222000122070312,19.299999237060547,18.700000762939453,18.974000930786133,777310
2018-08-14,18.974000930786133,18.899999618530273,18.0,18.0939998626709,2149490
2018-08-15,18.0939998626709,18.3799991607666,17.510000228881836,17.85300064086914,1449280
2018-08-16,17.85300064086914,17.799999237060547,17.299999237060547,17.492000579833984,501260
2018-08-19,17.492000579833984,17.56999969482422,17.100000381469727,17.405000686645508,55720
2018-08-20,17.405000686645508,17.405000686645508,17.405000686645508,17.405000686645508,0
2018-08-21,17.405000686645508,17.405000686645508,17.405000686645508,17.405000686645508,0
2018-08-22,17.405000686645508,17.405000686645508,17.405000686645508,17.405000686645508,0
2018-08-23,17.405000686645508,17.405000686645508,17.405000686645508,17.405000686645508,0
2018-08-26,17.405000686645508,17.405000686645508,17.405000686645508,17.405000686645508,0
2018-08-27,17.405000686645508,17.405000686645508,17.405000686645508,17.405000686645508,0
2018-08-28,17.405000686645508,17.405000686645508,17.405000686645508,17.405000686645508,0
2018-08-29,17.405000686645508,17.405000686645508,17.405000686645508,17.405000686645508,0
2018-08-30,17.405000686645508,17.405000686645508,17.405000686645508,17.405000686645508,0
2018-09-02,19.2450008392334,19.700000762939453,19.100000381469727,19.347999572753906,272760
2018-09-03,19.347999572753906,20.38800048828125,19.200000762939453,19.856000900268555,1869030
2018-09-04,19.856000900268555,20.450000762939453,19.950000762939453,20.222999572753906,3944420
2018-09-05,20.222999572753906,20.198999404907227,19.56100082397461,19.886999130249023,971230
2018-09-06,19.886999130249023,20.0,19.801000595092773,19.950000762939453,371050
2018-09-09,19.950000762939453,19.799999237060547,19.600000381469727,19.680999755859375,146980
2018-09-10,19.680999755859375,19.97800064086914,19.420000076293945,19.554000854492188,697410
2018-09-11,19.554000854492188,19.554000854492188,19.554000854492188,19.554000854492188,0
2018-09-12,19.554000854492188,19.5,19.0,19.30699920654297,1231130
2018-09-13,19.30699920654297,19.3700008392334,18.399999618530273,18.601999282836914,507820
2018-09-16,18.601999282836914,18.21299934387207,17.399999618530273,17.77400016784668,1643760
2018-09-17,17.77400016784668,18.239999771118164,17.399999618530273,17.990999221801758,683100
2018-09-18,17.990999221801758,18.399999618530273,17.799999237060547,18.16900062561035,962770
2018-09-19,18.16900062561035,18.15999984741211,16.625,17.259000778198242,2399600
2018-09-20,17.259000778198242,17.400999069213867,15.534000396728516,16.493999481201172,7352600
2018-09-23,16.493999481201172,17.000999450683594,16.5,16.85300064086914,581950
2018-09-24,16.85300064086914,17.065000534057617,16.600000381469727,16.804000854492188,1004920
2018-09-25,16.804000854492188,17.599000930786133,16.700000762939453,17.222000122070312,1043810
2018-09-26,17.222000122070312,17.79800033569336,17.326000213623047,17.50200080871582,888260
2018-09-27,17.50200080871582,18.200000762939453,17.110000610351562,17.829999923706055,1058234
2018-09-30,17.829999923706055,18.280000686645508,17.450000762939453,17.709999084472656,1344113
2018-10-01,17.709999084472656,17.600000381469727,16.899999618530273,17.1299991607666,779339
2018-10-02,17.1299991607666,17.139999389648438,16.799999237060547,16.950000762939453,1864145
2018-10-03,16.950000762939453,17.239999771118164,16.110000610351562,16.700000762939453,572858
2018-10-04,16.700000762939453,16.5,15.869999885559082,16.110000610351562,1258676
2018-10-08,16.110000610351562,16.100000381469727,14.600000381469727,14.979999542236328,1882124
2018-10-09,14.979999542236328,15.350000381469727,14.520000457763672,14.859999656677246,2190401
2018-10-10,14.859999656677246,15.0,14.430000305175781,14.720000267028809,2284892
2018-10-11,14.720000267028809,14.40999984741211,13.5,13.880000114440918,3011476
2018-10-15,14.319999694824219,14.369999885559082,13.600000381469727,14.119999885559082,931116
2018-10-16,14.119999885559082,14.899999618530273,14.119999885559082,14.600000381469727,2143167
2018-10-17,14.600000381469727,15.239999771118164,14.619999885559082,14.979999542236328,1983920
2018-10-18,14.979999542236328,14.880000114440918,14.1899995803833,14.489999771118164,1228988
2018-10-21,14.489999771118164,14.789999961853027,14.0,14.5,448459
2018-10-23,15.130000114440918,15.449999809265137,14.609999656677246,14.979999542236328,1764316
2018-10-24,14.979999542236328,14.869999885559082,14.029999732971191,14.210000038146973,2774216
2018-10-25,14.210000038146973,14.449999809265137,13.850000381469727,14.149999618530273,2380550
2018-10-28,14.149999618530273,14.5,13.9399995803833,14.3100004196167,953080
2018-10-29,14.3100004196167,14.640000343322754,14.109999656677246,14.449999809265137,672740
2018-10-30,14.449999809265137,14.869999885559082,14.390000343322754,14.609999656677246,2963706
2018-10-31,14.609999656677246,15.329999923706055,14.880000114440918,15.170000076293945,3717035
2018-11-01,15.170000076293945,15.4399995803833,14.930000305175781,15.15999984741211,1103981
2018-11-04,15.15999984741211,15.149999618530273,14.800000190734863,14.960000038146973,592168
2018-11-05,14.960000038146973,15.279999732971191,14.949999809265137,15.0600004196167,784817
2018-11-06,15.0600004196167,16.290000915527344,15.199999809265137,15.739999771118164,2948018
2018-11-07,15.739999771118164,16.450000762939453,16.0,16.25,3856759
2018-11-08,16.25,16.450000762939453,16.0,16.270000457763672,1328609
2018-11-11,16.270000457763672,16.450000762939453,15.930000305175781,16.079999923706055,1132540
2018-11-12,16.079999923706055,17.329999923706055,16.0,16.59000015258789,5300588
2018-11-13,16.59000015258789,17.15999984741211,16.200000762939453,16.709999084472656,2887243
2018-11-14,16.709999084472656,16.549999237060547,16.200000762939453,16.399999618530273,852562
2018-11-15,16.399999618530273,17.030000686645508,16.5,16.84000015258789,1191631
2018-11-18,16.84000015258789,17.459999084472656,16.959999084472656,17.229999542236328,1210593
2018-11-19,17.229999542236328,17.200000762939453,16.489999771118164,16.780000686645508,2976957
2018-11-20,16.780000686645508,16.780000686645508,16.780000686645508,16.780000686645508,0
2018-11-21,16.780000686645508,16.899999618530273,16.18000030517578,16.450000762939453,1796015
2018-11-22,16.450000762939453,16.75,16.25,16.540000915527344,4117890
2018-11-25,16.540000915527344,16.600000381469727,15.899999618530273,16.1200008392334,533779
2018-11-26,16.1200008392334,16.440000534057617,16.030000686645508,16.25,1428564
2018-11-27,16.25,16.59000015258789,16.270000457763672,16.43000030517578,1129399
2018-11-28,16.43000030517578,16.6299991607666,15.880000114440918,16.309999465942383,911704
2018-11-29,16.309999465942383,16.389999389648438,15.699999809265137,16.030000686645508,2919226
2018-12-02,16.030000686645508,16.059999465942383,15.779999732971191,15.989999771118164,269978
2018-12-03,15.989999771118164,16.100000381469727,14.800000190734863,15.1899995803833,1652550
2018-12-04,15.1899995803833,15.149999618530273,14.109999656677246,14.449999809265137,3061307
2018-12-05,14.449999809265137,14.770000457763672,14.25,14.40999984741211,2078766
2018-12-06,14.40999984741211,14.699999809265137,13.800000190734863,14.069999694824219,1882634
2018-12-09,14.069999694824219,14.970000267028809,13.850000381469727,14.359999656677246,1942617
2018-12-10,14.359999656677246,15.369999885559082,14.970000267028809,15.149999618530273,1503806
2018-12-11,15.149999618530273,16.049999237060547,15.119999885559082,15.720000267028809,4600691
2018-12-12,15.720000267028809,17.290000915527344,16.15999984741211,16.739999771118164,1765496
2018-12-13,16.739999771118164,17.149999618530273,16.299999237060547,16.75,3644196
2018-12-16,16.75,16.850000381469727,16.25,16.579999923706055,700805
2018-12-17,16.579999923706055,17.139999389648438,16.530000686645508,16.90999984741211,1531377
2018-12-18,16.90999984741211,17.0,16.5,16.709999084472656,802597
2018-12-19,16.709999084472656,17.049999237060547,16.469999313354492,16.809999465942383,1988460
2018-12-20,16.809999465942383,16.989999771118164,16.420000076293945,16.81999969482422,1538216
2018-12-23,16.81999969482422,16.979999542236328,16.309999465942383,16.65999984741211,581014
2018-12-24,16.65999984741211,16.3799991607666,15.890000343322754,16.190000534057617,1113998
2018-12-25,16.190000534057617,16.219999313354492,15.800000190734863,16.059999465942383,432312
2018-12-26,16.059999465942383,16.690000534057617,16.0,16.3799991607666,711100
2018-12-27,16.3799991607666,17.559999465942383,16.559999465942383,17.239999771118164,3017670
2018-12-30,17.239999771118164,17.5,17.239999771118164,17.350000381469727,766984
2018-12-31,17.350000381469727,18.450000762939453,17.479999542236328,17.969999313354492,3076425
2019-01-01,17.969999313354492,17.969999313354492,17.969999313354492,17.969999313354492,0
2019-01-02,17.969999313354492,18.25,17.920000076293945,18.040000915527344,585197
2019-01-03,18.040000915527344,18.100000381469727,17.56999969482422,17.799999237060547,1279366
2019-01-06,17.799999237060547,18.0,17.700000762939453,17.809999465942383,492140
2019-01-07,17.809999465942383,17.809999465942383,17.809999465942383,17.809999465942383,0
2019-01-08,17.809999465942383,18.850000381469727,17.899999618530273,18.399999618530273,3009698
2019-01-09,18.399999618530273,18.809999465942383,18.0,18.399999618530273,2658970
2019-01-10,18.399999618530273,18.780000686645508,18.200000762939453,18.56999969482422,2755271
2019-01-13,18.56999969482422,19.09000015258789,18.450000762939453,18.799999237060547,1519772
2019-01-14,18.799999237060547,18.719999313354492,18.200000762939453,18.399999618530273,820967
2019-01-15,18.399999618530273,18.6200008392334,18.309999465942383,18.450000762939453,632940
2019-01-16,18.450000762939453,18.5,18.1200008392334,18.309999465942383,1494336
2019-01-17,18.309999465942383,18.5,17.940000534057617,18.15999984741211,1101262
2019-01-20,18.15999984741211,18.299999237060547,17.649999618530273,17.860000610351562,693264
2019-01-21,17.860000610351562,18.06999969482422,17.600000381469727,17.829999923706055,791562
2019-01-22,17.829999923706055,17.989999771118164,17.3799991607666,17.559999465942383,729253
2019-01-23,17.559999465942383,18.0,17.329999923706055,17.850000381469727,1564196
2019-01-24,17.850000381469727,17.850000381469727,17.850000381469727,17.850000381469727,0
2019-01-27,17.850000381469727,18.399999618530273,17.850000381469727,18.1299991607666,989791
2019-01-28,18.1299991607666,18.139999389648438,17.860000610351562,18.010000228881836,2306581
2019-01-29,18.010000228881836,18.309999465942383,17.8799991607666,18.040000915527344,3325488
2019-01-30,18.040000915527344,18.190000534057617,17.549999237060547,17.829999923706055,4203281
2019-01-31,17.829999923706055,17.940000534057617,17.5,17.68000030517578,5394752
2019-02-03,17.68000030517578,18.0,17.5,17.889999389648438,1392984
2019-02-04,17.889999389648438,18.239999771118164,17.700000762939453,17.989999771118164,2938821
2019-02-05,17.989999771118164,18.25,17.770000457763672,18.040000915527344,4683629
2019-02-06,18.040000915527344,18.18000030517578,17.84000015258789,18.030000686645508,2179048
2019-02-07,18.030000686645508,18.639999389648438,17.899999618530273,18.299999237060547,4513852
2019-02-10,18.299999237060547,18.5,18.1200008392334,18.25,1353408
2019-02-11,18.25,18.399999618530273,18.06999969482422,18.170000076293945,1607820
2019-02-12,18.170000076293945,18.829999923706055,18.170000076293945,18.59000015258789,5743485
2019-02-13,18.59000015258789,18.799999237060547,18.5,18.6200008392334,1713714
2019-02-14,18.6200008392334,18.68000030517578,18.100000381469727,18.260000228881836,1440249
2019-02-17,18.260000228881836,18.729999542236328,18.260000228881836,18.43000030517578,1286356
2019-02-18,18.43000030517578,18.84000015258789,18.299999237060547,18.610000610351562,4057108
2019-02-19,18.610000610351562,18.450000762939453,18.200000762939453,18.309999465942383,662236
2019-02-20,18.309999465942383,18.549999237060547,18.100000381469727,18.290000915527344,1500827
2019-02-21,18.290000915527344,18.34000015258789,18.0,18.139999389648438,1588922
2019-02-24,18.139999389648438,18.18000030517578,17.799999237060547,17.93000030517578,1136359
2019-02-25,17.93000030517578,18.0,17.690000534057617,17.860000610351562,1009129
2019-02-26,17.860000610351562,18.200000762939453,17.610000610351562,17.84000015258789,1196098
2019-02-27,17.84000015258789,17.950000762939453,17.530000686645508,17.610000610351562,491518
2019-02-28,17.610000610351562,17.829999923706055,16.760000228881836,17.209999084472656,3274932
2019-03-03,17.209999084472656,17.399999618530273,16.559999465942383,16.920000076293945,1885729
2019-03-04,16.920000076293945,17.09000015258789,16.299999237060547,16.700000762939453,1904595
2019-03-05,16.700000762939453,16.8700008392334,16.399999618530273,16.559999465942383,1778702
2019-03-06,16.559999465942383,16.690000534057617,16.030000686645508,16.31999969482422,1876204
2019-03-07,16.31999969482422,17.239999771118164,16.489999771118164,16.8700008392334,2919877
2019-03-10,16.8700008392334,17.600000381469727,17.149999618530273,17.40999984741211,1353701
2019-03-11,17.40999984741211,17.799999237060547,17.260000228881836,17.510000228881836,3104644
2019-03-12,17.510000228881836,17.690000534057617,17.260000228881836,17.459999084472656,1635502
2019-03-13,17.459999084472656,17.600000381469727,17.139999389648438,17.350000381469727,1501370
2019-03-14,17.350000381469727,17.280000686645508,16.799999237060547,16.969999313354492,2748281
2019-03-17,16.969999313354492,17.25,16.899999618530273,17.1200008392334,255924
2019-03-18,17.1200008392334,17.489999771118164,16.799999237060547,17.110000610351562,1555354
2019-03-19,17.110000610351562,17.049999237060547,16.5,16.65999984741211,996648
2019-03-20,16.65999984741211,16.700000762939453,16.280000686645508,16.469999313354492,1895300
2019-03-21,16.469999313354492,16.790000915527344,16.270000457763672,16.450000762939453,1642998
2019-03-24,16.450000762939453,16.8700008392334,16.510000228881836,16.700000762939453,548675
2019-03-25,16.700000762939453,16.709999084472656,16.030000686645508,16.209999084472656,2073892
2019-03-26,16.209999084472656,16.299999237060547,15.859999656677246,16.049999237060547,1406385
2019-03-27,16.049999237060547,16.290000915527344,15.140000343322754,15.609999656677246,3251929
2019-03-28,15.609999656677246,15.729999542236328,15.229999542236328,15.550000190734863,3066641
2019-03-31,15.550000190734863,15.890000343322754,15.59000015258789,15.75,887183
2019-04-01,15.75,16.399999618530273,15.5600004196167,16.0,2122145
2019-04-02,16.0,16.5,16.040000915527344,16.360000610351562,1167798
2019-04-03,16.360000610351562,16.5,16.0,16.110000610351562,1857699
2019-04-04,16.110000610351562,16.3700008392334,16.06999969482422,16.229999542236328,912379
2019-04-07,16.229999542236328,16.290000915527344,16.0,16.1299991607666,502192
2019-04-08,16.1299991607666,16.299999237060547,15.949999809265137,16.1200008392334,750265
2019-04-09,16.1200008392334,16.260000228881836,16.0,16.1200008392334,603664
2019-04-10,16.1200008392334,16.600000381469727,16.100000381469727,16.34000015258789,2586351
2019-04-11,16.34000015258789,16.530000686645508,16.200000762939453,16.399999618530273,893797
2019-04-14,16.399999618530273,16.489999771118164,16.200000762939453,16.34000015258789,437098
2019-04-15,16.34000015258789,16.350000381469727,16.149999618530273,16.239999771118164,699946
2019-04-16,16.239999771118164,16.389999389648438,15.829999923706055,16.15999984741211,1317817
2019-04-17,16.15999984741211,15.899999618530273,15.5,15.649999618530273,2929416
2019-04-18,15.649999618530273,16.049999237060547,15.6899995803833,15.920000076293945,1692383
2019-04-21,15.920000076293945,15.970000267028809,15.399999618530273,15.539999961853027,1333268
2019-04-22,15.539999961853027,15.739999771118164,15.569999694824219,15.680000305175781,554319
2019-04-23,15.680000305175781,15.609999656677246,15.079999923706055,15.3100004196167,1377391
2019-04-24,15.3100004196167,15.510000228881836,15.270000457763672,15.40999984741211,510621
2019-04-25,15.40999984741211,15.40999984741211,15.40999984741211,15.40999984741211,0
2019-04-28,15.40999984741211,15.40999984741211,15.40999984741211,15.40999984741211,0
2019-04-29,15.40999984741211,15.40999984741211,15.40999984741211,15.40999984741211,0
2019-04-30,15.40999984741211,15.739999771118164,15.460000038146973,15.619999885559082,1219587
2019-05-01,15.619999885559082,15.619999885559082,15.619999885559082,15.619999885559082,0
2019-05-02,15.619999885559082,15.75,15.449999809265137,15.579999923706055,959861
2019-05-05,15.579999923706055,15.619999885559082,15.119999885559082,15.25,852232
2019-05-06,15.25,14.699999809265137,13.899999618530273,14.100000381469727,1620632
2019-05-07,14.100000381469727,14.300000190734863,14.0,14.15999984741211,603391
2019-05-08,14.15999984741211,14.0,12.8100004196167,13.470000267028809,717222
2019-05-09,13.470000267028809,14.800000190734863,13.149999618530273,14.020000457763672,1031058
2019-05-12,14.020000457763672,14.59000015258789,14.109999656677246,14.25,557179
2019-05-13,14.25,14.289999961853027,13.600000381469727,13.930000305175781,1185896
2019-05-14,13.930000305175781,14.199999809265137,13.899999618530273,14.039999961853027,628098
2019-05-15,14.039999961853027,14.149999618530273,13.199999809265137,13.539999961853027,1310292
2019-05-16,13.539999961853027,14.0600004196167,13.600000381469727,13.819999694824219,1299514
2019-05-19,13.819999694824219,13.979999542236328,13.270000457763672,13.40999984741211,496507
2019-05-20,13.40999984741211,13.300000190734863,12.819999694824219,13.0,1026955
2019-05-21,13.0,14.039999961853027,13.0,13.649999618530273,2564815
2019-05-22,13.649999618530273,14.039999961853027,13.699999809265137,13.899999618530273,584734
2019-05-23,13.899999618530273,14.390000343322754,13.979999542236328,14.1899995803833,1213783
2019-05-26,14.1899995803833,14.600000381469727,14.399999618530273,14.520000457763672,742749
2019-05-27,14.520000457763672,14.600000381469727,14.170000076293945,14.369999885559082,908056
2019-05-28,14.369999885559082,14.779999732971191,14.0,14.5,4824063
2019-05-29,14.5,14.609999656677246,14.0,14.1899995803833,1128871
2019-05-30,14.1899995803833,14.1899995803833,13.75,13.90999984741211,1007752
2019-06-02,13.90999984741211,13.930000305175781,13.75,13.800000190734863,131898
2019-06-03,13.800000190734863,14.140000343322754,13.800000190734863,13.979999542236328,339218
2019-06-04,13.979999542236328,13.979999542236328,13.979999542236328,13.979999542236328,0
2019-06-05,13.979999542236328,13.979999542236328,13.979999542236328,13.979999542236328,0
2019-06-06,13.979999542236328,13.979999542236328,13.979999542236328,13.979999542236328,0
2019-06-09,13.979999542236328,14.25,14.0,14.130000114440918,546315
2019-06-10,14.130000114440918,14.319999694824219,14.149999618530273,14.25,1514833
2019-06-11,14.25,14.600000381469727,14.079999923706055,14.3100004196167,1749662
2019-06-12,14.3100004196167,14.25,13.890000343322754,14.09000015258789,1733769
2019-06-13,14.09000015258789,14.199999809265137,13.880000114440918,14.0,901256
2019-06-16,14.0,14.199999809265137,13.899999618530273,14.0600004196167,808897
2019-06-17,14.0600004196167,14.449999809265137,14.100000381469727,14.279999732971191,4713107
2019-06-18,14.279999732971191,14.399999618530273,14.050000190734863,14.170000076293945,1195564
2019-06-19,14.170000076293945,14.199999809265137,13.859999656677246,13.979999542236328,1144471
2019-06-20,13.979999542236328,14.0,13.619999885559082,13.800000190734863,1300356
2019-06-23,13.800000190734863,13.930000305175781,13.279999732971191,13.529999732971191,1798002
2019-06-24,13.529999732971191,13.699999809265137,13.550000190734863,13.619999885559082,801566
2019-06-25,13.619999885559082,13.800000190734863,13.399999618530273,13.609999656677246,1254117
2019-06-26,13.609999656677246,14.270000457763672,13.770000457763672,14.0600004196167,1965298
2019-06-27,14.0600004196167,14.399999618530273,14.09000015258789,14.289999961853027,3024960
2019-06-30,14.289999961853027,14.289999961853027,14.289999961853027,14.289999961853027,0
2019-07-01,14.289999961853027,14.289999961853027,14.289999961853027,14.289999961853027,0
2019-07-02,14.289999961853027,14.5600004196167,14.25,14.449999809265137,2363069
2019-07-03,14.449999809265137,14.569999694824219,14.270000457763672,14.40999984741211,1207227
2019-07-04,14.40999984741211,14.4399995803833,14.109999656677246,14.229999542236328,788270
2019-07-07,14.229999542236328,14.109999656677246,13.869999885559082,14.0,388154
2019-07-08,14.0,14.100000381469727,13.890000343322754,13.960000038146973,713322
2019-07-09,13.960000038146973,14.079999923706055,13.649999618530273,13.84000015258789,415956
2019-07-10,13.84000015258789,13.75,13.4399995803833,13.539999961853027,976440
2019-07-11,13.539999961853027,13.640000343322754,13.220000267028809,13.380000114440918,791110
2019-07-14,13.380000114440918,13.5,12.920000076293945,13.229999542236328,386514
2019-07-15,13.229999542236328,13.380000114440918,12.90999984741211,13.210000038146973,868967
2019-07-16,13.210000038146973,13.390000343322754,12.970000267028809,13.149999618530273,965890
2019-07-17,13.149999618530273,13.329999923706055,12.949999809265137,13.09000015258789,980449
2019-07-18,13.09000015258789,13.380000114440918,13.149999618530273,13.239999771118164,895115
2019-07-21,13.239999771118164,13.199999809265137,13.069999694824219,13.149999618530273,459100
2019-07-22,13.149999618530273,13.5,13.149999618530273,13.40999984741211,1184514
2019-07-23,13.40999984741211,13.40999984741211,13.40999984741211,13.40999984741211,0
2019-07-24,13.40999984741211,13.5,13.119999885559082,13.34000015258789,288529
2019-07-25,13.34000015258789,13.350000381469727,12.949999809265137,13.079999923706055,851482
2019-07-28,13.079999923706055,13.15999984741211,12.829999923706055,13.029999732971191,382772
2019-07-29,13.029999732971191,13.0,12.850000381469727,12.920000076293945,185677
2019-07-30,12.920000076293945,12.899999618530273,11.699999809265137,12.199999809265137,5107037
2019-07-31,12.199999809265137,12.40999984741211,11.5600004196167,12.100000381469727,3423963
2019-08-01,12.100000381469727,12.5,12.15999984741211,12.260000228881836,725810
2019-08-04,12.260000228881836,12.470000267028809,12.199999809265137,12.350000381469727,538383
2019-08-05,12.350000381469727,12.600000381469727,12.010000228881836,12.350000381469727,1963982
2019-08-06,12.350000381469727,12.350000381469727,11.989999771118164,12.149999618530273,1540126
2019-08-07,12.149999618530273,12.569999694824219,12.149999618530273,12.40999984741211,1699115
2019-08-08,12.40999984741211,13.5,12.600000381469727,13.180000305175781,5458853
2019-08-11,13.180000305175781,13.180000305175781,13.180000305175781,13.180000305175781,0
2019-08-12,13.180000305175781,13.180000305175781,13.180000305175781,13.180000305175781,0
2019-08-13,13.180000305175781,13.180000305175781,13.180000305175781,13.180000305175781,0
2019-08-14,13.180000305175781,14.399999618530273,13.399999618530273,14.050000190734863,4583640
2019-08-15,14.050000190734863,14.350000381469727,13.649999618530273,13.84000015258789,2386239
2019-08-18,13.84000015258789,14.300000190734863,13.880000114440918,14.079999923706055,1200849
2019-08-19,14.079999923706055,14.199999809265137,13.770000457763672,14.020000457763672,2394737
2019-08-20,14.020000457763672,14.399999618530273,14.0,14.170000076293945,2180652
2019-08-21,14.170000076293945,14.25,13.800000190734863,13.9399995803833,2332569
2019-08-22,13.9399995803833,14.0,13.739999771118164,13.84000015258789,854132
2019-08-25,13.84000015258789,14.050000190734863,13.430000305175781,13.739999771118164,2058800
2019-08-26,13.739999771118164,13.770000457763672,13.210000038146973,13.539999961853027,1574370
2019-08-27,13.539999961853027,13.800000190734863,13.319999694824219,13.520000457763672,2976401
2019-08-28,13.520000457763672,14.029999732971191,13.399999618530273,13.869999885559082,4496866
2019-08-29,13.869999885559082,14.279999732971191,13.920000076293945,14.15999984741211,3970898
2019-09-01,14.15999984741211,14.15999984741211,14.15999984741211,14.15999984741211,0
2019-09-02,14.029999732971191,15.010000228881836,13.84000015258789,14.699999809265137,8061097
2019-09-03,14.699999809265137,15.170000076293945,14.800000190734863,15.0,2449344
2019-09-04,15.0,15.069999694824219,14.699999809265137,14.920000076293945,2129189
2019-09-05,14.920000076293945,15.0,14.65999984741211,14.789999961853027,1376349
2019-09-08,14.789999961853027,14.899999618530273,14.6899995803833,14.75,303543
2019-09-09,14.75,14.9399995803833,14.4399995803833,14.619999885559082,1387320
2019-09-10,14.619999885559082,14.930000305175781,14.649999618530273,14.800000190734863,718024
2019-09-11,14.800000190734863,14.899999618530273,14.649999618530273,14.770000457763672,827671
2019-09-12,14.770000457763672,14.84000015258789,14.569999694824219,14.649999618530273,947287
2019-09-15,14.649999618530273,14.800000190734863,14.25,14.380000114440918,1078489
2019-09-16,14.380000114440918,14.300000190734863,13.979999542236328,14.130000114440918,2993679
2019-09-17,14.130000114440918,14.149999618530273,13.199999809265137,13.6899995803833,3344930
2019-09-18,13.6899995803833,13.899999618530273,13.449999809265137,13.649999618530273,1146698
2019-09-19,13.649999618530273,14.0,13.600000381469727,13.850000381469727,2309495
2019-09-22,13.850000381469727,13.550000190734863,12.470000267028809,12.84000015258789,1780339
2019-09-23,12.84000015258789,13.15999984741211,11.920000076293945,12.649999618530273,3713284
2019-09-24,12.649999618530273,13.0,12.0,12.430000305175781,4209162
2019-09-25,12.430000305175781,13.180000305175781,12.699999809265137,12.970000267028809,1978323
2019-09-26,12.970000267028809,13.289999961853027,12.59000015258789,12.859999656677246,2126644
2019-09-29,12.859999656677246,13.550000190734863,13.25,13.420000076293945,2270774
2019-09-30,13.420000076293945,13.600000381469727,13.260000228881836,13.390000343322754,1339045
2019-10-01,13.390000343322754,13.75,13.369999885559082,13.619999885559082,1040317
2019-10-02,13.619999885559082,13.6899995803833,12.979999542236328,13.15999984741211,751901
2019-10-03,13.15999984741211,13.079999923706055,12.600000381469727,12.84000015258789,3328412
2019-10-07,12.84000015258789,13.380000114440918,13.0,13.239999771118164,2413414
2019-10-08,13.239999771118164,13.399999618530273,12.899999618530273,13.100000381469727,660454
2019-10-09,13.100000381469727,13.069999694824219,12.739999771118164,12.930000305175781,944647
2019-10-10,12.930000305175781,13.140000343322754,12.899999618530273,13.020000457763672,911665
2019-10-13,13.020000457763672,13.1899995803833,12.819999694824219,12.899999618530273,518523
2019-10-14,12.899999618530273,13.0,12.710000038146973,12.829999923706055,1240342
2019-10-15,12.829999923706055,12.819999694824219,12.630000114440918,12.729999542236328,679864
2019-10-16,12.729999542236328,13.079999923706055,12.819999694824219,12.979999542236328,547954
2019-10-17,12.979999542236328,13.149999618530273,12.869999885559082,12.970000267028809,985393
2019-10-20,12.970000267028809,13.109999656677246,12.899999618530273,12.979999542236328,474521
2019-10-21,12.979999542236328,13.149999618530273,12.90999984741211,13.020000457763672,577007
2019-10-22,13.020000457763672,13.260000228881836,13.039999961853027,13.15999984741211,578293
2019-10-23,13.15999984741211,13.100000381469727,12.859999656677246,12.949999809265137,572556
2019-10-24,12.949999809265137,13.130000114440918,13.029999732971191,13.100000381469727,364041
2019-10-27,13.100000381469727,13.09000015258789,12.960000038146973,13.0,567739
2019-10-28,13.0600004196167,13.279999732971191,13.0600004196167,13.1899995803833,1165369
2019-10-29,13.1899995803833,13.470000267028809,13.100000381469727,13.350000381469727,5841635
2019-10-30,13.350000381469727,13.520000457763672,13.260000228881836,13.369999885559082,2064811
2019-10-31,13.369999885559082,13.609999656677246,13.270000457763672,13.449999809265137,4556744
2019-11-03,13.449999809265137,13.600000381469727,13.34000015258789,13.489999771118164,751399
2019-11-04,13.489999771118164,13.399999618530273,13.210000038146973,13.300000190734863,1132168
2019-11-05,13.300000190734863,13.479999542236328,13.15999984741211,13.319999694824219,2688450
2019-11-06,13.319999694824219,13.319999694824219,12.9399995803833,13.010000228881836,2198711
2019-11-07,13.010000228881836,13.109999656677246,12.920000076293945,12.989999771118164,1172450
2019-11-11,12.989999771118164,13.029999732971191,12.649999618530273,12.789999961853027,1683597
2019-11-12,12.789999961853027,12.899999618530273,12.640000343322754,12.75,1522518
2019-11-13,12.75,12.869999885559082,12.6899995803833,12.760000228881836,696478
2019-11-14,12.760000228881836,12.970000267028809,12.6899995803833,12.829999923706055,742152
2019-11-17,12.829999923706055,12.899999618530273,12.680000305175781,12.770000457763672,423131
2019-11-18,12.770000457763672,12.75,12.300000190734863,12.470000267028809,1588401
2019-11-19,12.470000267028809,12.470000267028809,12.170000076293945,12.260000228881836,1872268
2019-11-20,12.260000228881836,12.359999656677246,12.15999984741211,12.260000228881836,1177299
2019-11-21,12.260000228881836,12.300000190734863,12.050000190734863,12.199999809265137,1611098
2019-11-24,12.199999809265137,12.199999809265137,12.010000228881836,12.079999923706055,489077
2019-11-25,12.079999923706055,12.270000457763672,12.020000457763672,12.149999618530273,2765288
2019-11-26,12.149999618530273,12.329999923706055,12.020000457763672,12.210000038146973,7742676
2019-11-27,12.210000038146973,12.25,11.899999618530273,12.050000190734863,1163080
2019-11-28,12.050000190734863,12.170000076293945,11.930000305175781,12.029999732971191,2138577
2019-12-01,12.029999732971191,12.100000381469727,11.710000038146973,11.859999656677246,792408
2019-12-02,11.859999656677246,11.800000190734863,11.260000228881836,11.430000305175781,4972479
2019-12-03,11.430000305175781,11.4399995803833,10.899999618530273,11.149999618530273,11952387
2019-12-04,11.149999618530273,11.430000305175781,11.220000267028809,11.319999694824219,2080254
2019-12-05,11.319999694824219,11.520000457763672,11.279999732971191,11.369999885559082,2793903
2019-12-08,11.369999885559082,11.5,11.199999809265137,11.279999732971191,2875592
2019-12-09,11.279999732971191,11.390000343322754,11.25,11.260000228881836,772955
2019-12-10,11.260000228881836,11.649999618530273,11.25,11.489999771118164,1299043
2019-12-11,11.489999771118164,11.649999618530273,11.300000190734863,11.420000076293945,1121239
2019-12-12,11.420000076293945,11.420000076293945,11.420000076293945,11.420000076293945,0
2019-12-15,11.359999656677246,11.550000190734863,11.350000381469727,11.460000038146973,408510
2019-12-16,11.460000038146973,11.5,11.199999809265137,11.279999732971191,1324983
2019-12-17,11.279999732971191,11.739999771118164,11.300000190734863,11.550000190734863,4073999
2019-12-18,11.550000190734863,11.75,11.600000381469727,11.65999984741211,1552805
2019-12-19,11.65999984741211,11.65999984741211,11.350000381469727,11.449999809265137,2069631
2019-12-22,11.449999809265137,11.5600004196167,11.390000343322754,11.470000267028809,299621
2019-12-23,11.470000267028809,11.529999732971191,11.3100004196167,11.430000305175781,1133655
2019-12-24,11.430000305175781,11.430000305175781,11.170000076293945,11.229999542236328,1650263
2019-12-25,11.229999542236328,11.369999885559082,11.149999618530273,11.210000038146973,437465
2019-12-26,11.210000038146973,11.34000015258789,11.199999809265137,11.25,1003201
2019-12-29,11.25,11.390000343322754,11.130000114440918,11.210000038146973,407403
2019-12-30,11.210000038146973,11.289999961853027,11.229999542236328,11.25,783772
2019-12-31,11.25,11.800000190734863,11.180000305175781,11.5,2831813
2020-01-02,11.5,11.460000038146973,11.170000076293945,11.329999923706055,792436
2020-01-05,11.329999923706055,10.869999885559082,10.5,10.670000076293945,1253768
2020-01-06,10.670000076293945,11.050000190734863,10.229999542236328,10.869999885559082,2597517
2020-01-08,10.869999885559082,11.0,10.600000381469727,10.890000343322754,2399405
2020-01-09,10.890000343322754,11.149999618530273,10.859999656677246,11.0,1987062
2020-01-12,11.0,11.220000267028809,10.869999885559082,11.050000190734863,1997924
2020-01-13,11.050000190734863,11.229999542236328,10.949999809265137,11.079999923706055,848789
2020-01-14,11.079999923706055,11.600000381469727,11.079999923706055,11.260000228881836,3328656
2020-01-15,11.260000228881836,11.199999809265137,10.989999771118164,11.069999694824219,2507789
2020-01-16,11.069999694824219,11.100000381469727,10.869999885559082,10.960000038146973,2100129
2020-01-19,10.960000038146973,11.15999984741211,10.569999694824219,10.869999885559082,2334074
2020-01-20,10.869999885559082,10.75,10.550000190734863,10.640000343322754,1462561
2020-01-21,10.640000343322754,10.699999809265137,10.380000114440918,10.520000457763672,965053
2020-01-22,10.520000457763672,10.710000038146973,10.529999732971191,10.649999618530273,691687
2020-01-23,10.649999618530273,10.819999694824219,10.600000381469727,10.710000038146973,1835260
2020-01-26,10.710000038146973,10.729999542236328,10.600000381469727,10.680000305175781,245141
2020-01-27,10.680000305175781,10.699999809265137,10.5,10.569999694824219,704193
2020-01-28,10.569999694824219,10.729999542236328,10.449999809265137,10.630000114440918,527671
2020-01-29,10.630000114440918,11.079999923706055,10.770000457763672,10.880000114440918,1966948
2020-01-30,10.880000114440918,11.420000076293945,10.970000267028809,11.279999732971191,5619880
2020-02-02,11.279999732971191,11.279999732971191,10.869999885559082,11.050000190734863,1991285
2020-02-03,11.050000190734863,11.180000305175781,10.850000381469727,10.949999809265137,865726
2020-02-04,10.949999809265137,10.949999809265137,10.949999809265137,10.949999809265137,0
2020-02-05,10.90999984741211,10.949999809265137,10.720000267028809,10.8100004196167,624504
2020-02-06,10.8100004196167,10.8100004196167,10.8100004196167,10.8100004196167,0
2020-02-09,10.880000114440918,10.899999618530273,10.630000114440918,10.760000228881836,1548211
2020-02-10,10.760000228881836,10.829999923706055,10.619999885559082,10.680000305175781,628833
2020-02-11,10.680000305175781,10.819999694824219,10.520000457763672,10.630000114440918,1480123
2020-02-12,10.630000114440918,10.649999618530273,10.350000381469727,10.460000038146973,1279670
2020-02-13,10.460000038146973,10.600000381469727,10.270000457763672,10.399999618530273,1017255
2020-02-16,10.399999618530273,10.350000381469727,9.920000076293945,10.050000190734863,1722118
2020-02-17,10.050000190734863,10.260000228881836,10.0600004196167,10.170000076293945,1112357
2020-02-18,10.170000076293945,10.199999809265137,9.210000038146973,9.8100004196167,3144288
2020-02-19,9.8100004196167,10.15999984741211,9.550000190734863,9.979999542236328,2749949
2020-02-20,9.979999542236328,10.319999694824219,10.0,10.1899995803833,1484542
2020-02-23,10.1899995803833,10.25,10.0,10.09000015258789,250472
2020-02-24,10.09000015258789,10.119999885559082,9.609999656677246,9.770000457763672,2182118
2020-02-25,9.770000457763672,10.050000190734863,9.720000267028809,9.890000343322754,720792
2020-02-26,9.890000343322754,10.050000190734863,9.680000305175781,9.8100004196167,1376782
2020-02-27,9.8100004196167,9.899999618530273,9.270000457763672,9.449999809265137,4403592
2020-03-01,9.449999809265137,9.25,8.34000015258789,8.739999771118164,4962282
2020-03-02,8.739999771118164,9.239999771118164,8.420000076293945,8.850000381469727,3122413
2020-03-03,8.850000381469727,9.050000190734863,8.84000015258789,8.949999809265137,1839221
2020-03-04,8.949999809265137,8.949999809265137,8.949999809265137,8.949999809265137,0
2020-03-05,8.960000038146973,9.100000381469727,8.880000114440918,8.960000038146973,1618847
2020-03-08,8.960000038146973,8.960000038146973,8.489999771118164,8.65999984741211,786436
2020-03-09,8.65999984741211,8.5,7.800000190734863,8.0600004196167,4525880
2020-03-10,8.0600004196167,8.779999732971191,8.109999656677246,8.420000076293945,2006878
2020-03-11,8.420000076293945,8.420000076293945,8.420000076293945,8.420000076293945,0
2020-03-15,8.630000114440918,8.380000114440918,7.769999980926514,7.809999942779541,2740164
2020-03-16,7.809999942779541,7.739999771118164,7.03000020980835,7.070000171661377,4563312
2020-03-17,7.070000171661377,6.590000152587891,6.369999885559082,6.389999866485596,5020418
2020-03-18,6.389999866485596,6.400000095367432,5.760000228881836,5.820000171661377,5470849
2020-03-19,5.820000171661377,6.400000095367432,5.239999771118164,6.260000228881836,5677062
2020-03-22,6.260000228881836,6.880000114440918,6.409999847412109,6.809999942779541,7263449
2020-03-23,6.809999942779541,8.220000267028809,7.130000114440918,7.53000020980835,8319369
2020-03-24,7.53000020980835,7.699999809265137,7.010000228881836,7.329999923706055,3518440
2020-03-25,7.329999923706055,7.800000190734863,7.289999961853027,7.510000228881836,4534702
2020-03-26,7.510000228881836,7.809999942779541,7.5,7.71999979019165,4123037
2020-03-29,7.71999979019165,7.699999809265137,7.5,7.599999904632568,2217676
2020-03-30,7.599999904632568,7.610000133514404,7.400000095367432,7.510000228881836,1969435
2020-03-31,7.510000228881836,7.940000057220459,7.630000114440918,7.840000152587891,3811003
2020-04-01,7.840000152587891,7.869999885559082,7.619999885559082,7.75,1449333
2020-04-02,7.75,8.979999542236328,8.0,8.399999618530273,4654388
2020-04-05,8.399999618530273,8.5,8.130000114440918,8.239999771118164,1784503
2020-04-06,8.239999771118164,8.84000015258789,8.279999732971191,8.579999923706055,3492194
2020-04-07,8.579999923706055,9.1899995803833,8.710000038146973,8.989999771118164,4477357
2020-04-08,8.989999771118164,9.479999542236328,8.800000190734863,9.079999923706055,4488257
2020-04-09,9.079999923706055,9.329999923706055,8.899999618530273,9.100000381469727,1959218
2020-04-12,9.100000381469727,9.180000305175781,8.829999923706055,8.920000076293945,2401055
2020-04-13,8.920000076293945,9.119999885559082,8.869999885559082,8.960000038146973,3082399
2020-04-14,8.960000038146973,9.279999732971191,9.0,9.149999618530273,3522166
2020-04-15,9.149999618530273,9.300000190734863,8.960000038146973,9.079999923706055,2851877
2020-04-16,9.079999923706055,9.229999542236328,8.960000038146973,9.100000381469727,3430472
2020-04-21,9.100000381469727,9.149999618530273,8.850000381469727,8.9399995803833,4092495
2020-04-22,8.9399995803833,9.0,8.720000267028809,8.890000343322754,3030093
2020-04-23,8.890000343322754,9.270000457763672,9.0,9.1899995803833,4593499
2020-04-26,9.1899995803833,9.65999984741211,9.329999923706055,9.489999771118164,5258015
2020-04-27,9.489999771118164,9.800000190734863,9.3100004196167,9.569999694824219,4984204
2020-04-28,9.569999694824219,9.25,8.920000076293945,9.09000015258789,8295418
2020-04-29,9.09000015258789,9.140000343322754,8.760000228881836,8.970000267028809,5128432
2020-04-30,8.970000267028809,9.0,8.789999961853027,8.899999618530273,3676104
2020-05-03,8.899999618530273,8.899999618530273,8.149999618530273,8.390000343322754,4023363
2020-05-04,8.390000343322754,8.300000190734863,8.029999732971191,8.15999984741211,2790320
2020-05-05,8.15999984741211,8.350000381469727,8.109999656677246,8.199999809265137,2587936
2020-05-06,8.199999809265137,8.329999923706055,8.149999618530273,8.239999771118164,3938832
2020-05-07,8.239999771118164,8.270000457763672,7.420000076293945,8.010000228881836,3601768
2020-05-10,8.010000228881836,8.279999732971191,7.980000019073486,8.140000343322754,1839487
2020-05-11,8.140000343322754,8.489999771118164,8.050000190734863,8.319999694824219,6729718
2020-05-12,8.319999694824219,8.819999694824219,8.539999961853027,8.680000305175781,5492304
2020-05-13,8.680000305175781,8.550000190734863,7.820000171661377,8.010000228881836,13143028
2020-05-14,8.010000228881836,7.900000095367432,7.25,7.559999942779541,9736595
2020-05-17,7.559999942779541,7.659999847412109,7.309999942779541,7.510000228881836,3237626
2020-05-18,7.510000228881836,7.5,7.03000020980835,7.210000038146973,6869421
2020-05-19,7.210000038146973,7.420000076293945,7.170000076293945,7.28000020980835,4823640
2020-05-20,7.28000020980835,7.329999923706055,7.159999847412109,7.239999771118164,1896195
2020-05-21,7.239999771118164,7.699999809265137,7.150000095367432,7.429999828338623,12005896
2020-05-31,7.429999828338623,7.710000038146973,7.570000171661377,7.639999866485596,2547797
2020-06-01,7.639999866485596,7.619999885559082,7.400000095367432,7.5,3003360
2020-06-02,7.5,7.690000057220459,7.5,7.599999904632568,2222191
2020-06-03,7.599999904632568,7.630000114440918,7.349999904632568,7.460000038146973,4734591
2020-06-04,7.460000038146973,7.550000190734863,7.369999885559082,7.460000038146973,3807256
2020-06-07,7.460000038146973,7.880000114440918,7.599999904632568,7.739999771118164,13120626
2020-06-08,7.739999771118164,7.869999885559082,7.639999866485596,7.75,5473738
2020-06-09,7.75,7.820000171661377,7.53000020980835,7.690000057220459,2977013
2020-06-10,7.690000057220459,7.650000095367432,7.449999809265137,7.510000228881836,2940938
2020-06-11,7.510000228881836,7.5,7.260000228881836,7.329999923706055,3259245
2020-06-14,7.329999923706055,7.300000190734863,7.0,7.099999904632568,8933303
2020-06-15,7.099999904632568,7.110000133514404,6.849999904632568,7.010000228881836,4199542
2020-06-16,7.010000228881836,7.239999771118164,7.019999980926514,7.119999885559082,4325013
2020-06-17,7.119999885559082,7.179999828338623,7.03000020980835,7.099999904632568,2782356
2020-06-18,7.099999904632568,7.179999828338623,7.03000020980835,7.079999923706055,2860047
2020-06-21,7.079999923706055,7.0,6.809999942779541,6.940000057220459,2254437
2020-06-22,6.940000057220459,7.070000171661377,6.71999979019165,6.869999885559082,8151802
2020-06-23,6.869999885559082,6.809999942779541,6.550000190734863,6.650000095367432,10362178
2020-06-24,6.650000095367432,7.119999885559082,6.75,6.989999771118164,16486660
2020-06-25,6.989999771118164,7.150000095367432,6.800000190734863,6.980000019073486,7559229
2020-06-28,6.980000019073486,6.960000038146973,6.650000095367432,6.739999771118164,5830644
2020-06-29,6.739999771118164,6.769999980926514,6.519999980926514,6.619999885559082,4769991
2020-06-30,6.619999885559082,6.730000019073486,6.579999923706055,6.630000114440918,4571675
2020-07-05,6.630000114440918,6.940000057220459,6.690000057220459,6.809999942779541,5657639
2020-07-06,6.809999942779541,6.889999866485596,6.75,6.809999942779541,4158205
2020-07-07,6.809999942779541,7.050000190734863,6.739999771118164,6.940000057220459,7771602
2020-07-08,6.940000057220459,7.159999847412109,6.909999847412109,7.070000171661377,7859591
2020-07-09,7.070000171661377,7.0,6.710000038146973,6.849999904632568,3522131
2020-07-12,6.849999904632568,7.039999961853027,6.860000133514404,6.96999979019165,2387349
2020-07-13,6.96999979019165,7.079999923706055,6.900000095367432,6.96999979019165,2623064
2020-07-14,6.96999979019165,6.960000038146973,6.789999961853027,6.849999904632568,1575685
2020-07-15,6.849999904632568,6.940000057220459,6.199999809265137,6.510000228881836,4131962
2020-07-16,6.510000228881836,6.550000190734863,6.269999980926514,6.440000057220459,1313939
2020-07-19,6.440000057220459,6.590000152587891,6.25,6.389999866485596,1359325
2020-07-20,6.389999866485596,6.449999809265137,6.269999980926514,6.320000171661377,4399963
2020-07-21,6.320000171661377,6.480000019073486,6.28000020980835,6.349999904632568,6176363
2020-07-22,6.349999904632568,6.400000095367432,6.21999979019165,6.289999961853027,4901611
2020-07-26,6.289999961853027,6.369999885559082,6.309999942779541,6.329999923706055,2824657
2020-07-27,6.329999923706055,6.449999809265137,6.300000190734863,6.349999904632568,2764395
2020-07-28,6.349999904632568,6.690000057220459,6.329999923706055,6.570000171661377,10965401
2020-07-29,6.570000171661377,6.800000190734863,6.610000133514404,6.71999979019165,7542887
2020-08-04,6.71999979019165,6.940000057220459,6.760000228881836,6.820000171661377,2771513
2020-08-05,6.820000171661377,6.829999923706055,6.679999828338623,6.760000228881836,2460655
2020-08-06,6.760000228881836,6.869999885559082,6.730000019073486,6.789999961853027,2005953
2020-08-09,6.789999961853027,6.96999979019165,6.760000228881836,6.900000095367432,5111895
2020-08-10,6.900000095367432,7.090000152587891,6.949999809265137,7.03000020980835,6537493
2020-08-11,7.03000020980835,7.25,7.079999923706055,7.179999828338623,9238736
2020-08-12,7.179999828338623,7.309999942779541,7.079999923706055,7.179999828338623,4629215
2020-08-13,7.179999828338623,7.349999904632568,7.199999809265137,7.269999980926514,5863288
2020-08-16,7.269999980926514,7.400000095367432,7.159999847412109,7.260000228881836,5614608
2020-08-17,7.260000228881836,7.25,7.03000020980835,7.150000095367432,4488300
2020-08-18,7.150000095367432,7.190000057220459,7.0,7.110000133514404,2242959
2020-08-19,7.110000133514404,7.179999828338623,7.059999942779541,7.099999904632568,1886773
2020-08-23,7.099999904632568,7.550000190734863,7.190000057220459,7.389999866485596,8621253
2020-08-24,7.389999866485596,7.71999979019165,7.5,7.599999904632568,10086294
2020-08-25,7.599999904632568,7.829999923706055,7.570000171661377,7.710000038146973,8504013
2020-08-26,7.710000038146973,7.869999885559082,7.650000095367432,7.769999980926514,3809825
2020-08-27,7.769999980926514,7.78000020980835,7.599999904632568,7.690000057220459,2194765
2020-08-30,7.690000057220459,7.75,7.599999904632568,7.679999828338623,2295257
2020-08-31,7.679999828338623,7.730000019073486,7.380000114440918,7.510000228881836,6168202
2020-09-01,7.510000228881836,7.53000020980835,7.360000133514404,7.440000057220459,2616724
2020-09-02,7.440000057220459,7.559999942779541,7.349999904632568,7.460000038146973,1906001
2020-09-03,7.460000038146973,7.5,7.300000190734863,7.389999866485596,2253100
2020-09-06,7.389999866485596,7.380000114440918,7.199999809265137,7.269999980926514,1503744
2020-09-07,7.269999980926514,7.409999847412109,7.260000228881836,7.329999923706055,2151026
2020-09-08,7.329999923706055,7.309999942779541,7.010000228881836,7.110000133514404,2510887
2020-09-09,7.110000133514404,7.110000133514404,7.110000133514404,7.110000133514404,0
2020-09-10,7.050000190734863,7.389999866485596,7.090000152587891,7.260000228881836,2453321
2020-09-13,7.260000228881836,7.380000114440918,7.130000114440918,7.25,1216583
2020-09-14,7.25,7.300000190734863,7.070000171661377,7.210000038146973,2556501
2020-09-15,7.210000038146973,7.159999847412109,7.079999923706055,7.119999885559082,810046
2020-09-16,7.119999885559082,7.260000228881836,7.099999904632568,7.179999828338623,907444
2020-09-17,7.179999828338623,7.230000019073486,7.099999904632568,7.159999847412109,1823946
2020-09-20,7.159999847412109,7.179999828338623,7.0,7.070000171661377,1723721
2020-09-21,7.070000171661377,7.170000076293945,6.730000019073486,6.929999828338623,4219145
2020-09-22,6.929999828338623,7.099999904632568,6.75,6.960000038146973,2800176
2020-09-23,6.960000038146973,7.070000171661377,6.769999980926514,6.889999866485596,3676874
2020-09-24,6.889999866485596,6.880000114440918,6.71999979019165,6.769999980926514,1954429
2020-09-27,6.769999980926514,6.869999885559082,6.710000038146973,6.789999961853027,1216686
2020-09-28,6.789999961853027,6.849999904632568,6.71999979019165,6.769999980926514,1298471
2020-09-29,6.769999980926514,7.0,6.800000190734863,6.920000076293945,3190460
2020-09-30,6.920000076293945,7.0,6.800000190734863,6.860000133514404,2121381
2020-10-01,6.860000133514404,6.980000019073486,6.869999885559082,6.929999828338623,1892866
2020-10-04,6.929999828338623,7.199999809265137,6.949999809265137,7.110000133514404,4799045
2020-10-05,7.110000133514404,7.329999923706055,7.119999885559082,7.21999979019165,3637258
2020-10-06,7.21999979019165,7.21999979019165,7.21999979019165,7.21999979019165,0
2020-10-07,7.309999942779541,7.349999904632568,7.050000190734863,7.130000114440918,5037296
2020-10-11,7.130000114440918,7.610000133514404,7.099999904632568,7.440000057220459,8825192
2020-10-12,7.440000057220459,7.78000020980835,7.550000190734863,7.639999866485596,6885900
2020-10-13,7.639999866485596,7.650000095367432,7.480000019073486,7.550000190734863,2703874
2020-10-14,7.550000190734863,8.0,7.5,7.829999923706055,10115034
2020-10-15,7.829999923706055,8.210000038146973,7.860000133514404,8.0600004196167,10364047
2020-10-18,8.0600004196167,7.989999771118164,7.710000038146973,7.829999923706055,3725223
2020-10-19,7.829999923706055,8.09000015258789,7.809999942779541,7.949999809265137,6034834
2020-10-20,7.949999809265137,7.96999979019165,7.760000228881836,7.860000133514404,3351398
2020-10-21,7.860000133514404,7.949999809265137,7.440000057220459,7.679999828338623,5258096
2020-10-22,7.679999828338623,7.659999847412109,7.300000190734863,7.46999979019165,6419141
2020-10-25,7.46999979019165,7.550000190734863,7.199999809265137,7.380000114440918,3684258
2020-10-26,7.380000114440918,7.550000190734863,7.349999904632568,7.420000076293945,1039200
2020-10-27,7.420000076293945,7.550000190734863,7.349999904632568,7.480000019073486,2526594
2020-10-28,7.480000019073486,7.570000171661377,7.289999961853027,7.409999847412109,2217726
2020-11-01,7.409999847412109,7.400000095367432,7.199999809265137,7.289999961853027,1099401
2020-11-02,7.289999961853027,7.349999904632568,7.0,7.179999828338623,3053286
2020-11-03,7.179999828338623,7.289999961853027,7.150000095367432,7.21999979019165,1360652
2020-11-04,7.21999979019165,7.369999885559082,7.230000019073486,7.309999942779541,904606
2020-11-05,7.309999942779541,7.460000038146973,7.340000152587891,7.409999847412109,1846136
2020-11-08,7.409999847412109,7.639999866485596,7.349999904632568,7.519999980926514,1533987
2020-11-09,7.519999980926514,8.100000381469727,7.639999866485596,7.849999904632568,5197058
2020-11-10,7.849999904632568,8.300000190734863,8.0,8.149999618530273,9358481
2020-11-11,8.149999618530273,8.430000305175781,8.0,8.239999771118164,6400185
2020-11-12,8.239999771118164,8.399999618530273,8.229999542236328,8.300000190734863,5090413
2020-11-15,8.300000190734863,8.420000076293945,8.239999771118164,8.329999923706055,3379828
2020-11-16,8.329999923706055,8.800000190734863,8.399999618530273,8.649999618530273,5281513
2020-11-17,8.649999618530273,8.890000343322754,8.729999542236328,8.779999732971191,5284992
2020-11-18,8.779999732971191,8.850000381469727,8.649999618530273,8.720000267028809,2570288
2020-11-19,8.720000267028809,8.720000267028809,8.510000228881836,8.65999984741211,1823934
2020-11-22,8.65999984741211,8.729999542236328,8.5,8.600000381469727,1199973
2020-11-23,8.600000381469727,8.649999618530273,8.539999961853027,8.609999656677246,629622
2020-11-24,8.609999656677246,9.199999809265137,8.619999885559082,8.979999542236328,5667656
2020-11-25,8.979999542236328,9.380000114440918,9.100000381469727,9.270000457763672,7311090
2020-11-26,9.270000457763672,9.350000381469727,9.079999923706055,9.170000076293945,2677657
2020-11-29,9.170000076293945,9.3100004196167,9.109999656677246,9.220000267028809,1418622
2020-11-30,9.220000267028809,9.34000015258789,8.949999809265137,9.109999656677246,6553128
2020-12-01,9.109999656677246,9.369999885559082,9.0600004196167,9.149999618530273,1377651
2020-12-02,9.149999618530273,9.199999809265137,8.90999984741211,8.989999771118164,1829386
2020-12-03,8.989999771118164,9.210000038146973,8.930000305175781,9.09000015258789,2062041
2020-12-06,9.09000015258789,9.130000114440918,8.960000038146973,9.039999961853027,1240116
2020-12-07,9.039999961853027,9.170000076293945,8.989999771118164,9.079999923706055,2012216
2020-12-08,9.079999923706055,9.149999618530273,9.020000457763672,9.079999923706055,923168
2020-12-09,9.079999923706055,9.279999732971191,9.010000228881836,9.140000343322754,2015301
2020-12-10,9.140000343322754,9.119999885559082,8.899999618530273,8.979999542236328,2237262
2020-12-13,8.979999542236328,9.0,8.800000190734863,8.920000076293945,775091
2020-12-14,8.920000076293945,9.109999656677246,8.949999809265137,9.029999732971191,1908660
2020-12-15,9.029999732971191,9.399999618530273,9.039999961853027,9.220000267028809,4764003
2020-12-16,9.220000267028809,9.300000190734863,9.079999923706055,9.220000267028809,2034731
2020-12-17,9.220000267028809,9.3100004196167,9.0,9.15999984741211,2012572
2020-12-20,9.15999984741211,9.270000457763672,9.079999923706055,9.119999885559082,428219
2020-12-21,9.119999885559082,9.029999732971191,8.550000190734863,8.75,2916940
2020-12-22,8.75,9.0,8.619999885559082,8.949999809265137,1785062
2020-12-23,8.949999809265137,9.0,8.829999923706055,8.920000076293945,324775
2020-12-24,8.920000076293945,9.0,8.75,8.890000343322754,557092
2020-12-27,8.890000343322754,8.899999618530273,8.75,8.84000015258789,292452
2020-12-28,8.84000015258789,9.100000381469727,8.720000267028809,8.90999984741211,939351
2020-12-29,8.90999984741211,9.399999618530273,8.819999694824219,9.15999984741211,3706940
2020-12-30,9.15999984741211,10.039999961853027,9.369999885559082,9.829999923706055,12351280
2020-12-31,9.829999923706055,9.989999771118164,9.699999809265137,9.8100004196167,2145672
2021-01-03,9.8100004196167,9.899999618530273,9.699999809265137,9.819999694824219,797851
2021-01-04,9.819999694824219,9.800000190734863,9.609999656677246,9.699999809265137,932801
2021-01-05,9.699999809265137,10.25,9.609999656677246,10.0,3891759
2021-01-06,10.0,10.399999618530273,10.029999732971191,10.229999542236328,2314344
2021-01-10,10.229999542236328,10.59000015258789,10.210000038146973,10.430000305175781,3282810
2021-01-11,10.430000305175781,10.640000343322754,10.300000190734863,10.5,1668715
2021-01-12,10.5,10.5,10.09000015258789,10.25,1525771
2021-01-13,10.25,10.40999984741211,10.199999809265137,10.319999694824219,1475668
2021-01-14,10.319999694824219,10.399999618530273,10.09000015258789,10.260000228881836,1496601
2021-01-17,10.260000228881836,10.380000114440918,10.100000381469727,10.260000228881836,633321
2021-01-18,10.260000228881836,10.630000114440918,10.229999542236328,10.430000305175781,2750101
2021-01-19,10.430000305175781,10.5,10.3100004196167,10.460000038146973,995853
2021-01-20,10.460000038146973,10.649999618530273,10.479999542236328,10.569999694824219,1907381
2021-01-21,10.569999694824219,10.640000343322754,10.300000190734863,10.4399995803833,1780895
2021-01-24,10.4399995803833,10.420000076293945,10.220000267028809,10.300000190734863,879023
2021-01-25,10.300000190734863,10.300000190734863,10.300000190734863,10.300000190734863,0
2021-01-26,10.40999984741211,10.5,10.239999771118164,10.359999656677246,1306729
2021-01-27,10.359999656677246,10.479999542236328,10.300000190734863,10.40999984741211,905721
2021-01-31,10.40999984741211,10.40999984741211,10.020000457763672,10.170000076293945,1781031
2021-02-01,10.170000076293945,10.369999885559082,10.050000190734863,10.220000267028809,2322901
2021-02-02,10.220000267028809,10.350000381469727,10.199999809265137,10.289999961853027,1471390
2021-02-03,10.289999961853027,10.34000015258789,10.119999885559082,10.210000038146973,1001948
2021-02-04,10.210000038146973,10.329999923706055,10.140000343322754,10.210000038146973,1333640
2021-02-07,10.210000038146973,10.539999961853027,10.199999809265137,10.390000343322754,1423849
2021-02-08,10.390000343322754,10.380000114440918,10.0600004196167,10.1899995803833,1209728
2021-02-09,10.1899995803833,10.279999732971191,10.100000381469727,10.199999809265137,232104
2021-02-10,10.199999809265137,10.319999694824219,10.199999809265137,10.270000457763672,522048
2021-02-11,10.270000457763672,10.300000190734863,10.069999694824219,10.149999618530273,975524
2021-02-14,10.149999618530273,10.239999771118164,10.0,10.09000015258789,586197
2021-02-15,10.09000015258789,10.140000343322754,9.819999694824219,9.949999809265137,1183477
2021-02-16,9.949999809265137,10.149999618530273,9.800000190734863,9.930000305175781,1672828
2021-02-17,9.930000305175781,10.0,9.819999694824219,9.890000343322754,1237223
2021-02-18,9.890000343322754,9.949999809265137,9.40999984741211,9.619999885559082,3092507
2021-02-21,9.619999885559082,9.670000076293945,9.510000228881836,9.59000015258789,686588
2021-02-22,9.59000015258789,9.619999885559082,9.449999809265137,9.520000457763672,1537250
2021-02-23,9.520000457763672,9.600000381469727,9.3100004196167,9.4399995803833,1074159
2021-02-24,9.4399995803833,9.729999542236328,9.369999885559082,9.5600004196167,4594779
2021-02-25,9.5600004196167,9.699999809265137,9.399999618530273,9.529999732971191,4257090
2021-02-28,9.529999732971191,9.5600004196167,9.300000190734863,9.399999618530273,694485
2021-03-01,9.399999618530273,9.479999542236328,9.25,9.350000381469727,795051
2021-03-02,9.350000381469727,9.59000015258789,9.289999961853027,9.479999542236328,1634358
2021-03-03,9.479999542236328,9.579999923706055,9.270000457763672,9.449999809265137,1048023
2021-03-04,9.449999809265137,9.449999809265137,9.449999809265137,9.449999809265137,0
2021-03-07,9.34000015258789,9.529999732971191,9.399999618530273,9.5,1374692
2021-03-08,9.5,9.6899995803833,9.300000190734863,9.529999732971191,3087692
2021-03-09,9.529999732971191,9.59000015258789,9.329999923706055,9.470000267028809,1323755
2021-03-10,9.470000267028809,9.449999809265137,9.3100004196167,9.380000114440918,665437
2021-03-11,9.380000114440918,9.460000038146973,9.329999923706055,9.390000343322754,401883
2021-03-14,9.390000343322754,9.470000267028809,9.270000457763672,9.319999694824219,233352
2021-03-15,9.319999694824219,9.380000114440918,8.869999885559082,9.039999961853027,1401410
2021-03-16,9.039999961853027,9.199999809265137,8.899999618530273,9.029999732971191,627632
2021-03-17,9.029999732971191,9.170000076293945,8.920000076293945,9.010000228881836,237116
2021-03-18,9.010000228881836,9.149999618530273,8.899999618530273,9.0600004196167,534626
2021-03-21,9.0600004196167,9.15999984741211,8.930000305175781,8.989999771118164,578446
2021-03-22,8.989999771118164,9.100000381469727,8.699999809265137,8.850000381469727,981608
2021-03-23,8.850000381469727,9.100000381469727,8.529999732971191,8.84000015258789,1951454
2021-03-24,8.84000015258789,9.239999771118164,9.0,9.149999618530273,504305
2021-03-25,9.149999618530273,9.449999809265137,9.0600004196167,9.3100004196167,715572
2021-03-28,9.3100004196167,9.4399995803833,9.300000190734863,9.3100004196167,204348
2021-03-29,9.3100004196167,9.319999694824219,9.069999694824219,9.1899995803833,288717
2021-03-30,9.1899995803833,9.329999923706055,9.109999656677246,9.220000267028809,311006
2021-03-31,9.220000267028809,9.140000343322754,8.899999618530273,9.020000457763672,1124923
2021-04-01,9.020000457763672,9.09000015258789,9.0,9.020000457763672,216504
2021-04-04,9.020000457763672,9.119999885559082,8.869999885559082,8.949999809265137,136744
2021-04-05,8.949999809265137,9.5,8.699999809265137,9.130000114440918,1172273
2021-04-06,9.130000114440918,9.300000190734863,8.90999984741211,9.119999885559082,651433
2021-04-07,9.119999885559082,9.199999809265137,8.899999618530273,9.020000457763672,568694
2021-04-08,9.020000457763672,9.130000114440918,8.9399995803833,9.029999732971191,933392
2021-04-11,9.029999732971191,9.140000343322754,9.0,9.079999923706055,526667
2021-04-12,9.079999923706055,9.199999809265137,8.75,8.880000114440918,5287184
2021-04-13,8.880000114440918,8.75,8.010000228881836,8.229999542236328,5983419
2021-04-14,8.229999542236328,8.069999694824219,7.449999809265137,7.659999847412109,3833359
2021-04-15,7.659999847412109,7.800000190734863,7.510000228881836,7.639999866485596,1994597
2021-04-18,7.639999866485596,7.769999980926514,7.599999904632568,7.690000057220459,514861
2021-04-19,7.690000057220459,7.869999885559082,7.639999866485596,7.769999980926514,1355812
2021-04-20,7.769999980926514,8.220000267028809,7.800000190734863,8.050000190734863,2308029
2021-04-21,8.050000190734863,8.289999961853027,7.900000095367432,8.050000190734863,1784664
2021-04-22,8.050000190734863,8.09000015258789,7.940000057220459,8.0,805909
2021-04-25,8.0,8.010000228881836,7.909999847412109,7.989999771118164,300170
2021-04-26,7.989999771118164,8.199999809265137,7.929999828338623,8.079999923706055,1177850
2021-04-27,8.079999923706055,8.390000343322754,8.119999885559082,8.289999961853027,979342
2021-04-28,8.289999961853027,8.359999656677246,7.949999809265137,8.029999732971191,1166648
2021-05-04,8.029999732971191,8.25,8.0,8.15999984741211,1131669
2021-05-05,8.15999984741211,8.25,8.0600004196167,8.15999984741211,3326163
2021-05-06,8.15999984741211,8.350000381469727,8.100000381469727,8.210000038146973,4347887
2021-05-09,8.210000038146973,8.5,8.229999542236328,8.420000076293945,1239732
2021-05-10,8.420000076293945,8.529999732971191,8.380000114440918,8.470000267028809,690674
2021-05-11,8.470000267028809,8.600000381469727,8.369999885559082,8.479999542236328,2732081
2021-05-17,8.479999542236328,8.5,7.800000190734863,8.180000305175781,11490959
2021-05-18,8.180000305175781,8.890000343322754,8.369999885559082,8.710000038146973,5341511
2021-05-19,8.710000038146973,8.899999618530273,8.649999618530273,8.75,3383611
2021-05-20,8.75,8.449999809265137,8.289999961853027,8.380000114440918,4551342
2021-05-23,8.380000114440918,9.149999618530273,8.260000228881836,8.779999732971191,7683778
2021-05-24,8.779999732971191,9.15999984741211,8.729999542236328,8.930000305175781,7136340
2021-05-25,8.930000305175781,8.930000305175781,8.420000076293945,8.5600004196167,6776384
2021-05-26,8.5600004196167,8.699999809265137,8.199999809265137,8.359999656677246,5299001
2021-05-27,8.359999656677246,8.399999618530273,7.789999961853027,8.010000228881836,79473361
2021-05-30,8.010000228881836,8.119999885559082,7.940000057220459,8.050000190734863,4631451
2021-05-31,8.050000190734863,8.130000114440918,7.869999885559082,8.0,2214446
2021-06-01,8.0,8.0,7.869999885559082,7.940000057220459,1202624
2021-06-02,7.940000057220459,7.980000019073486,7.539999961853027,7.730000019073486,3448166
2021-06-03,7.730000019073486,7.75,7.409999847412109,7.610000133514404,2363758
2021-06-06,7.610000133514404,8.100000381469727,7.619999885559082,7.849999904632568,2483855
2021-06-07,7.849999904632568,8.0600004196167,7.71999979019165,7.849999904632568,3658840
2021-06-08,7.849999904632568,7.849999904632568,7.599999904632568,7.679999828338623,2604676
2021-06-09,7.679999828338623,7.96999979019165,7.670000076293945,7.860000133514404,3523566
2021-06-10,7.860000133514404,8.010000228881836,7.800000190734863,7.960000038146973,2641314
2021-06-13,7.960000038146973,8.039999961853027,7.699999809265137,7.820000171661377,1565218
2021-06-14,7.820000171661377,7.849999904632568,7.630000114440918,7.739999771118164,1742932
2021-06-15,7.739999771118164,7.789999961853027,7.599999904632568,7.699999809265137,3843688
2021-06-16,7.699999809265137,7.960000038146973,7.699999809265137,7.849999904632568,5175441
2021-06-17,7.849999904632568,7.940000057220459,7.739999771118164,7.820000171661377,2902482
2021-06-20,7.820000171661377,7.949999809265137,7.739999771118164,7.860000133514404,4782826
2021-06-21,7.860000133514404,8.5,7.869999885559082,8.300000190734863,11045494
2021-06-22,8.300000190734863,8.600000381469727,8.359999656677246,8.489999771118164,9343313
2021-06-23,8.489999771118164,8.729999542236328,8.399999618530273,8.539999961853027,3172287
2021-06-24,8.539999961853027,8.579999923706055,8.350000381469727,8.470000267028809,3007530
2021-06-27,8.470000267028809,8.520000457763672,8.350000381469727,8.4399995803833,3792921
2021-06-28,8.4399995803833,8.8100004196167,8.399999618530273,8.630000114440918,6595031
2021-06-29,8.630000114440918,8.579999923706055,8.399999618530273,8.489999771118164,4434097
2021-06-30,8.489999771118164,8.550000190734863,8.40999984741211,8.479999542236328,1515702
2021-07-04,8.479999542236328,8.600000381469727,8.479999542236328,8.550000190734863,1728134
2021-07-05,8.550000190734863,8.579999923706055,8.15999984741211,8.40999984741211,3990231
2021-07-06,8.40999984741211,8.25,8.0600004196167,8.140000343322754,2454704
2021-07-07,8.140000343322754,8.300000190734863,8.09000015258789,8.199999809265137,1432095
2021-07-08,8.199999809265137,8.239999771118164,7.989999771118164,8.069999694824219,1892799
2021-07-11,8.069999694824219,8.109999656677246,7.960000038146973,8.020000457763672,625869
2021-07-12,8.020000457763672,8.229999542236328,8.050000190734863,8.149999618530273,1376437
2021-07-13,8.149999618530273,8.359999656677246,8.130000114440918,8.270000457763672,2883454
2021-07-14,8.270000457763672,8.619999885559082,8.350000381469727,8.5,6545321
2021-07-15,8.5,8.59000015258789,8.399999618530273,8.489999771118164,2814386
2021-07-18,8.489999771118164,8.600000381469727,8.40999984741211,8.5,1149073
2021-07-25,8.5,8.890000343322754,8.59000015258789,8.760000228881836,2524909
2021-07-26,8.760000228881836,8.819999694824219,8.600000381469727,8.720000267028809,3010727
2021-07-27,8.720000267028809,8.989999771118164,8.65999984741211,8.859999656677246,6196214
2021-07-28,8.859999656677246,8.960000038146973,8.75,8.880000114440918,2896753
2021-07-29,8.880000114440918,9.0,8.720000267028809,8.819999694824219,1324782
2021-08-01,8.819999694824219,8.90999984741211,8.699999809265137,8.800000190734863,1289986
2021-08-02,8.800000190734863,8.9399995803833,8.5,8.739999771118164,2653358
2021-08-03,8.739999771118164,8.75,8.5,8.600000381469727,1200935
2021-08-04,8.600000381469727,8.75,8.5,8.579999923706055,2060939
2021-08-05,8.579999923706055,8.670000076293945,8.550000190734863,8.600000381469727,718932
2021-08-08,8.600000381469727,8.600000381469727,8.600000381469727,8.600000381469727,0
2021-08-09,8.600000381469727,8.600000381469727,8.600000381469727,8.600000381469727,0
2021-08-10,8.720000267028809,8.960000038146973,8.600000381469727,8.84000015258789,3826309
2021-08-11,8.84000015258789,8.890000343322754,8.680000305175781,8.739999771118164,1444779
2021-08-15,8.739999771118164,8.84000015258789,8.600000381469727,8.699999809265137,1221986
2021-08-16,8.699999809265137,8.859999656677246,8.649999618530273,8.770000457763672,1087262
2021-08-17,8.770000457763672,8.880000114440918,8.619999885559082,8.699999809265137,3513202
2021-08-18,8.699999809265137,8.789999961853027,8.680000305175781,8.699999809265137,2387210
2021-08-19,8.699999809265137,8.75,8.600000381469727,8.670000076293945,2327171
2021-08-22,8.670000076293945,8.649999618530273,8.510000228881836,8.579999923706055,1064189
2021-08-23,8.579999923706055,8.670000076293945,8.539999961853027,8.600000381469727,1289031
2021-08-24,8.600000381469727,8.640000343322754,8.390000343322754,8.489999771118164,2941809
2021-08-25,8.489999771118164,8.600000381469727,8.420000076293945,8.5600004196167,1688561
2021-08-26,8.5600004196167,8.75,8.510000228881836,8.619999885559082,2561539
2021-08-29,8.619999885559082,8.850000381469727,8.5,8.75,2963572
2021-08-30,8.75,8.899999618530273,8.699999809265137,8.779999732971191,1619284
2021-08-31,8.779999732971191,8.789999961853027,8.630000114440918,8.6899995803833,1492238
2021-09-01,8.6899995803833,8.75,8.619999885559082,8.6899995803833,752509
2021-09-02,8.6899995803833,8.859999656677246,8.630000114440918,8.75,2633612
2021-09-05,8.75,8.8100004196167,8.5,8.5600004196167,1369914
2021-09-06,8.5600004196167,8.600000381469727,8.390000343322754,8.399999618530273,1138432
2021-09-07,8.399999618530273,8.529999732971191,8.199999809265137,8.3100004196167,1491695
2021-09-08,8.3100004196167,8.420000076293945,8.25,8.279999732971191,988665
2021-09-09,8.279999732971191,8.34000015258789,8.069999694824219,8.119999885559082,1482830
2021-09-12,8.119999885559082,8.260000228881836,8.140000343322754,8.180000305175781,304596
2021-09-13,8.180000305175781,8.329999923706055,8.1899995803833,8.270000457763672,561106
2021-09-14,8.270000457763672,8.800000190734863,8.300000190734863,8.800000190734863,5114212
2021-09-15,8.800000190734863,9.079999923706055,8.739999771118164,8.8100004196167,10133229
2021-09-16,8.8100004196167,8.949999809265137,8.649999618530273,8.649999618530273,1568411
2021-09-19,8.649999618530273,8.699999809265137,8.5,8.520000457763672,675202
2021-09-20,8.520000457763672,8.600000381469727,8.300000190734863,8.40999984741211,1502285
2021-09-21,8.40999984741211,8.40999984741211,8.40999984741211,8.40999984741211,0
2021-09-22,8.140000343322754,8.399999618530273,8.180000305175781,8.319999694824219,718745
2021-09-23,8.319999694824219,8.399999618530273,8.270000457763672,8.3100004196167,1635103
2021-09-26,8.3100004196167,8.390000343322754,8.149999618530273,8.180000305175781,1441268
2021-09-27,8.180000305175781,8.300000190734863,8.020000457763672,8.039999961853027,1549786
2021-09-28,8.039999961853027,8.039999961853027,8.039999961853027,8.039999961853027,0
2021-09-29,8.039999961853027,8.039999961853027,8.039999961853027,8.039999961853027,0
2021-09-30,7.869999885559082,8.229999542236328,7.840000152587891,8.170000076293945,1493417
2021-10-03,8.170000076293945,8.170000076293945,7.980000019073486,8.0,1131393
2021-10-04,8.0,8.0,8.0,8.0,0
2021-10-05,7.940000057220459,8.119999885559082,7.989999771118164,8.0600004196167,673479
2021-10-06,8.0600004196167,8.079999923706055,7.880000114440918,7.909999847412109,1969416
2021-10-10,7.909999847412109,8.069999694824219,7.829999923706055,7.860000133514404,1336516
2021-10-11,7.860000133514404,8.1899995803833,7.829999923706055,8.010000228881836,2526724
2021-10-12,8.010000228881836,8.300000190734863,8.029999732971191,8.300000190734863,1609036
2021-10-13,8.300000190734863,8.34000015258789,8.199999809265137,8.260000228881836,1359850
2021-10-14,8.260000228881836,8.369999885559082,8.130000114440918,8.130000114440918,881150
2021-10-17,8.130000114440918,8.369999885559082,8.170000076293945,8.329999923706055,818507
2021-10-18,8.329999923706055,8.329999923706055,8.329999923706055,8.329999923706055,0
2021-10-19,8.520000457763672,8.729999542236328,8.420000076293945,8.609999656677246,3778010
2021-10-20,8.609999656677246,8.699999809265137,8.369999885559082,8.460000038146973,5805761
2021-10-24,8.460000038146973,8.65999984741211,8.40999984741211,8.539999961853027,2097293
2021-10-25,8.539999961853027,8.800000190734863,8.479999542236328,8.510000228881836,7240573
2021-10-26,8.510000228881836,9.0,8.520000457763672,8.5600004196167,13470536
2021-10-27,8.5600004196167,8.680000305175781,8.4399995803833,8.569999694824219,2368357
2021-10-28,8.569999694824219,8.699999809265137,8.550000190734863,8.600000381469727,2946499
2021-10-31,8.600000381469727,8.579999923706055,8.399999618530273,8.579999923706055,1409866
2021-11-01,8.579999923706055,8.619999885559082,8.449999809265137,8.600000381469727,2012585
2021-11-02,8.600000381469727,8.819999694824219,8.539999961853027,8.739999771118164,3134931
2021-11-03,8.739999771118164,8.800000190734863,8.460000038146973,8.5,3012537
2021-11-04,8.5,8.579999923706055,8.140000343322754,8.34000015258789,2635270
2021-11-07,8.34000015258789,8.34000015258789,8.34000015258789,8.34000015258789,0
2021-11-08,8.34000015258789,8.34000015258789,8.34000015258789,8.34000015258789,0
2021-11-09,8.34000015258789,8.34000015258789,8.34000015258789,8.34000015258789,0
2021-11-10,8.279999732971191,8.350000381469727,8.0,8.199999809265137,2573597
2021-11-11,8.199999809265137,8.399999618530273,8.199999809265137,8.369999885559082,934943
2021-11-14,8.369999885559082,8.399999618530273,8.270000457763672,8.359999656677246,373542
2021-11-15,8.359999656677246,8.460000038146973,8.270000457763672,8.300000190734863,1979610
2021-11-16,8.300000190734863,8.350000381469727,8.079999923706055,8.199999809265137,2174181
2021-11-17,8.199999809265137,8.270000457763672,8.069999694824219,8.220000267028809,617813
2021-11-18,8.220000267028809,8.34000015258789,8.15999984741211,8.199999809265137,718237
2021-11-21,8.199999809265137,8.300000190734863,8.0,8.0,1284859
2021-11-22,8.0,8.180000305175781,8.010000228881836,8.100000381469727,1312976
2021-11-23,8.100000381469727,8.25,8.100000381469727,8.220000267028809,659206
2021-11-24,8.220000267028809,8.489999771118164,8.199999809265137,8.359999656677246,1379909
2021-11-25,8.359999656677246,8.600000381469727,8.329999923706055,8.5600004196167,1726481
2021-11-28,8.5600004196167,8.5600004196167,8.5600004196167,8.5600004196167,0
2021-11-29,8.319999694824219,8.449999809265137,8.25,8.300000190734863,1192980
2021-11-30,8.300000190734863,8.300000190734863,8.300000190734863,8.300000190734863,0
2021-12-01,8.300000190734863,8.300000190734863,8.300000190734863,8.300000190734863,0
2021-12-02,8.539999961853027,8.59000015258789,8.40999984741211,8.449999809265137,505885
2021-12-05,8.449999809265137,8.550000190734863,8.40999984741211,8.5,363739
2021-12-06,8.5,8.739999771118164,8.550000190734863,8.699999809265137,3962926
2021-12-07,8.699999809265137,9.020000457763672,8.699999809265137,8.739999771118164,10903085
2021-12-08,8.739999771118164,9.210000038146973,8.600000381469727,8.960000038146973,12747746
2021-12-09,8.960000038146973,9.350000381469727,9.0,9.15999984741211,10208399
2021-12-12,9.15999984741211,9.380000114440918,9.119999885559082,9.329999923706055,3918468
2021-12-13,9.329999923706055,9.399999618530273,9.199999809265137,9.359999656677246,5421785
2021-12-14,9.359999656677246,9.359999656677246,9.359999656677246,9.359999656677246,0
2021-12-15,9.350000381469727,9.65999984741211,9.25,9.600000381469727,9282942
2021-12-16,9.600000381469727,9.850000381469727,9.600000381469727,9.600000381469727,4319028
2021-12-19,9.600000381469727,9.699999809265137,9.430000305175781,9.5,3499316
2021-12-20,9.5,9.529999732971191,9.199999809265137,9.489999771118164,4719487
2021-12-21,9.489999771118164,9.600000381469727,9.329999923706055,9.359999656677246,1497431
2021-12-22,9.359999656677246,9.600000381469727,9.359999656677246,9.569999694824219,2104767
2021-12-23,9.569999694824219,9.880000114440918,9.59000015258789,9.800000190734863,6274905
2021-12-26,9.800000190734863,10.0,9.75,9.90999984741211,5131390
2021-12-27,9.90999984741211,9.979999542236328,9.65999984741211,9.699999809265137,2660885
2021-12-28,9.699999809265137,9.770000457763672,9.619999885559082,9.670000076293945,1791727
2021-12-29,9.670000076293945,9.800000190734863,9.609999656677246,9.789999961853027,2671705
2021-12-30,9.789999961853027,9.880000114440918,9.619999885559082,9.829999923706055,2572226
2022-01-02,9.829999923706055,9.84000015258789,9.65999984741211,9.710000038146973,975534
2022-01-03,9.710000038146973,9.789999961853027,9.630000114440918,9.699999809265137,980344
2022-01-04,9.699999809265137,9.75,9.640000343322754,9.680000305175781,2129630
2022-01-05,9.680000305175781,10.0,9.6899995803833,9.9399995803833,7894464
2022-01-09,9.9399995803833,9.9399995803833,9.9399995803833,9.9399995803833,0
2022-01-10,9.859999656677246,10.029999732971191,9.8100004196167,9.880000114440918,3495749
2022-01-11,9.880000114440918,9.949999809265137,9.75,9.789999961853027,2307979
2022-01-12,9.789999961853027,9.859999656677246,9.550000190734863,9.600000381469727,2421900
2022-01-13,9.600000381469727,9.640000343322754,9.470000267028809,9.600000381469727,979523
2022-01-16,9.600000381469727,9.600000381469727,9.399999618530273,9.489999771118164,690880
2022-01-17,9.489999771118164,9.539999961853027,9.350000381469727,9.449999809265137,821627
2022-01-18,9.449999809265137,9.5,9.359999656677246,9.449999809265137,772759
2022-01-19,9.449999809265137,9.5,9.270000457763672,9.350000381469727,918320
2022-01-20,9.350000381469727,9.460000038146973,9.229999542236328,9.260000228881836,1988861
2022-01-23,9.260000228881836,9.289999961853027,9.0,9.079999923706055,1251039
2022-01-24,9.079999923706055,9.1899995803833,8.949999809265137,9.100000381469727,2040624
2022-01-25,9.100000381469727,9.220000267028809,9.0,9.050000190734863,2482442
2022-01-26,9.050000190734863,9.109999656677246,8.960000038146973,9.029999732971191,1611633
2022-01-30,9.029999732971191,9.130000114440918,8.970000267028809,9.050000190734863,1005247
2022-01-31,9.050000190734863,9.270000457763672,9.050000190734863,9.1899995803833,1152522
2022-02-01,9.1899995803833,9.369999885559082,9.149999618530273,9.300000190734863,1436420
2022-02-02,9.300000190734863,9.449999809265137,9.319999694824219,9.34000015258789,1222322
2022-02-03,9.34000015258789,9.4399995803833,9.300000190734863,9.390000343322754,1055525
2022-02-06,9.390000343322754,9.670000076293945,9.350000381469727,9.600000381469727,1641230
2022-02-07,9.600000381469727,9.649999618530273,9.380000114440918,9.380000114440918,1466331
2022-02-08,9.380000114440918,9.489999771118164,9.359999656677246,9.399999618530273,649851
2022-02-09,9.399999618530273,9.5,9.119999885559082,9.350000381469727,2905898
2022-02-10,9.350000381469727,9.350000381469727,8.75,8.829999923706055,6478487
2022-02-13,8.829999923706055,8.789999961853027,8.5600004196167,8.600000381469727,3635047
2022-02-14,8.600000381469727,8.649999618530273,8.470000267028809,8.550000190734863,1976901
2022-02-15,8.550000190734863,8.779999732971191,8.619999885559082,8.670000076293945,1293120
2022-02-16,8.670000076293945,8.800000190734863,8.489999771118164,8.510000228881836,1757705
2022-02-17,8.510000228881836,8.579999923706055,8.489999771118164,8.520000457763672,881270
2022-02-20,8.520000457763672,8.5,8.350000381469727,8.399999618530273,2443605
2022-02-21,8.399999618530273,8.520000457763672,8.359999656677246,8.460000038146973,6846619
2022-02-22,8.460000038146973,8.4399995803833,8.199999809265137,8.34000015258789,3421369
2022-02-23,8.34000015258789,8.430000305175781,8.3100004196167,8.399999618530273,1436602
2022-02-24,8.399999618530273,8.09000015258789,7.809999942779541,8.0,4503185
2022-02-27,8.0,8.260000228881836,8.020000457763672,8.199999809265137,1247161
2022-02-28,8.199999809265137,8.300000190734863,8.029999732971191,8.300000190734863,854564
2022-03-01,8.300000190734863,8.4399995803833,8.260000228881836,8.390000343322754,975503
2022-03-02,8.390000343322754,8.4399995803833,8.149999618530273,8.260000228881836,770979
2022-03-03,8.260000228881836,8.350000381469727,8.170000076293945,8.220000267028809,1882679
2022-03-06,8.220000267028809,8.289999961853027,8.029999732971191,8.050000190734863,2334865
2022-03-07,8.050000190734863,8.140000343322754,7.75,7.789999961853027,4719454
2022-03-08,7.789999961853027,7.789999961853027,7.789999961853027,7.789999961853027,0
2022-03-09,7.710000038146973,7.789999961853027,7.639999866485596,7.679999828338623,3086596
2022-03-10,7.679999828338623,7.75,7.630000114440918,7.699999809265137,2781798
2022-03-13,7.699999809265137,7.789999961853027,7.480000019073486,7.53000020980835,1741164
2022-03-14,7.53000020980835,7.579999923706055,7.53000020980835,7.579999923706055,931864
2022-03-15,7.579999923706055,7.630000114440918,7.429999828338623,7.489999771118164,1395479
2022-03-16,7.489999771118164,7.699999809265137,7.400000095367432,7.670000076293945,8753404
2022-03-17,7.670000076293945,7.820000171661377,7.630000114440918,7.739999771118164,5399571
2022-03-20,7.739999771118164,7.829999923706055,7.650000095367432,7.78000020980835,3639889
2022-03-21,7.78000020980835,8.510000228881836,7.800000190734863,8.5,8461768
2022-03-22,8.5,8.829999923706055,8.25,8.319999694824219,6051872
2022-03-23,8.319999694824219,8.579999923706055,8.229999542236328,8.539999961853027,1194921
2022-03-24,8.539999961853027,8.6899995803833,8.350000381469727,8.380000114440918,4083986
2022-03-27,8.380000114440918,8.5,8.050000190734863,8.479999542236328,2390671
2022-03-28,8.479999542236328,8.550000190734863,7.829999923706055,7.900000095367432,4149945
2022-03-29,7.900000095367432,8.09000015258789,7.820000171661377,8.010000228881836,1080253
2022-03-30,8.010000228881836,8.130000114440918,7.949999809265137,8.0,1500563
2022-03-31,8.0,8.289999961853027,8.0,8.260000228881836,2060134
2022-04-03,8.260000228881836,8.630000114440918,8.25,8.59000015258789,2011856
2022-04-04,8.59000015258789,8.729999542236328,8.59000015258789,8.699999809265137,2087043
2022-04-05,8.699999809265137,8.699999809265137,8.350000381469727,8.399999618530273,1981863
2022-04-06,8.399999618530273,8.4399995803833,8.25,8.289999961853027,1283235
2022-04-07,8.289999961853027,8.300000190734863,8.210000038146973,8.25,495005
2022-04-10,8.25,8.300000190734863,7.920000076293945,7.940000057220459,1323317
2022-04-11,7.940000057220459,8.050000190734863,7.650000095367432,7.71999979019165,1171545
2022-04-12,7.71999979019165,7.880000114440918,7.5,7.599999904632568,4943171
2022-04-13,7.599999904632568,7.75,7.579999923706055,7.599999904632568,2467241
2022-04-14,7.599999904632568,7.599999904632568,7.429999828338623,7.510000228881836,2191566
2022-04-17,7.510000228881836,7.650000095367432,7.21999979019165,7.349999904632568,1280435
2022-04-18,7.349999904632568,7.400000095367432,7.010000228881836,7.380000114440918,1939829
2022-04-19,7.380000114440918,7.630000114440918,7.369999885559082,7.429999828338623,1514092
2022-04-20,7.429999828338623,7.449999809265137,7.300000190734863,7.340000152587891,1235265
2022-04-21,7.340000152587891,7.519999980926514,7.300000190734863,7.480000019073486,1085487
2022-04-26,7.480000019073486,7.5,7.329999923706055,7.449999809265137,553722
2022-04-27,7.449999809265137,7.53000020980835,7.400000095367432,7.46999979019165,568903
2022-04-28,7.46999979019165,7.860000133514404,7.449999809265137,7.829999923706055,2239066
2022-05-08,7.829999923706055,8.350000381469727,7.639999866485596,8.210000038146973,4589084
2022-05-09,8.210000038146973,8.329999923706055,7.900000095367432,7.920000076293945,3454430
2022-05-10,7.920000076293945,8.0,7.820000171661377,7.860000133514404,1559510
2022-05-11,7.860000133514404,8.069999694824219,7.829999923706055,8.020000457763672,520160
2022-05-12,8.020000457763672,8.010000228881836,7.800000190734863,7.809999942779541,923696
2022-05-15,7.809999942779541,7.960000038146973,7.53000020980835,7.599999904632568,1718263
2022-05-16,7.599999904632568,7.699999809265137,7.460000038146973,7.53000020980835,2007183
2022-05-17,7.53000020980835,7.599999904632568,7.429999828338623,7.46999979019165,1403020
2022-05-18,7.46999979019165,7.579999923706055,7.360000133514404,7.360000133514404,2094387
2022-05-19,7.360000133514404,7.369999885559082,7.210000038146973,7.340000152587891,763292
2022-05-22,7.340000152587891,7.46999979019165,7.300000190734863,7.309999942779541,690065
2022-05-23,7.309999942779541,7.369999885559082,7.260000228881836,7.28000020980835,462268
2022-05-24,7.28000020980835,7.329999923706055,7.130000114440918,7.210000038146973,1594569
2022-05-25,7.210000038146973,7.25,7.099999904632568,7.170000076293945,1036222
2022-05-26,7.170000076293945,7.199999809265137,7.0,7.059999942779541,2766262
2022-05-29,7.059999942779541,7.110000133514404,6.909999847412109,7.03000020980835,913226
2022-05-30,7.03000020980835,7.28000020980835,7.039999961853027,7.090000152587891,1152982
2022-05-31,7.090000152587891,7.25,7.110000133514404,7.25,938741
2022-06-01,7.25,7.269999980926514,7.090000152587891,7.130000114440918,1106888
2022-06-02,7.130000114440918,7.210000038146973,7.099999904632568,7.159999847412109,564294
2022-06-05,7.159999847412109,7.159999847412109,7.159999847412109,7.159999847412109,0
2022-06-06,7.199999809265137,7.25,7.179999828338623,7.199999809265137,552700
2022-06-07,7.199999809265137,7.199999809265137,7.099999904632568,7.159999847412109,1148405
2022-06-08,7.159999847412109,7.400000095367432,7.159999847412109,7.309999942779541,1480326
2022-06-09,7.309999942779541,7.389999866485596,7.25,7.309999942779541,1855368
2022-06-12,7.309999942779541,7.389999866485596,7.25,7.349999904632568,624776
2022-06-13,7.349999904632568,7.380000114440918,7.21999979019165,7.300000190734863,1035542
2022-06-14,7.300000190734863,7.349999904632568,7.239999771118164,7.260000228881836,1256294
2022-06-15,7.260000228881836,7.28000020980835,7.130000114440918,7.230000019073486,2061611
2022-06-16,7.230000019073486,7.269999980926514,7.170000076293945,7.210000038146973,474625
2022-06-19,7.210000038146973,7.199999809265137,6.989999771118164,7.099999904632568,2274753
2022-06-20,7.099999904632568,7.079999923706055,7.0,7.010000228881836,1058525
2022-06-21,7.010000228881836,7.099999904632568,6.980000019073486,7.0,3445769
2022-06-22,7.0,7.03000020980835,6.940000057220459,6.960000038146973,477857
2022-06-23,6.960000038146973,6.96999979019165,6.75,6.800000190734863,5980982
2022-06-26,6.800000190734863,6.900000095367432,6.599999904632568,6.699999809265137,2746426
2022-06-27,6.699999809265137,6.800000190734863,6.400000095367432,6.5,5096368
2022-06-28,6.5,6.489999771118164,5.75,6.090000152587891,16106396
2022-06-29,6.090000152587891,6.21999979019165,6.0,6.059999942779541,4152038
2022-07-03,6.059999942779541,6.119999885559082,5.619999885559082,5.769999980926514,6431588
2022-07-04,5.769999980926514,5.840000152587891,5.599999904632568,5.610000133514404,3867433
2022-07-05,5.610000133514404,5.769999980926514,5.570000171661377,5.590000152587891,2043827
2022-07-06,5.590000152587891,6.0,5.650000095367432,5.949999809265137,6743158
2022-07-07,5.949999809265137,6.099999904632568,5.96999979019165,6.050000190734863,4158033
2022-07-17,6.050000190734863,6.21999979019165,5.949999809265137,6.130000114440918,1912064
2022-07-18,6.130000114440918,6.320000171661377,6.150000095367432,6.230000019073486,2172805
2022-07-19,6.230000019073486,6.369999885559082,6.159999847412109,6.309999942779541,2081302
2022-07-20,6.309999942779541,6.360000133514404,6.210000038146973,6.289999961853027,2349201
2022-07-21,6.289999961853027,6.480000019073486,6.210000038146973,6.449999809265137,2697684
2022-07-24,6.449999809265137,6.5,6.349999904632568,6.449999809265137,1192012
2022-07-25,6.449999809265137,6.570000171661377,6.380000114440918,6.550000190734863,1746957
2022-07-26,6.550000190734863,6.739999771118164,6.480000019073486,6.690000057220459,1825497
2022-07-27,6.690000057220459,6.699999809265137,6.519999980926514,6.550000190734863,489939
2022-07-28,6.550000190734863,6.650000095367432,6.400000095367432,6.599999904632568,1014597
2022-07-31,6.599999904632568,6.800000190734863,6.610000133514404,6.739999771118164,961872
2022-08-01,6.739999771118164,6.849999904632568,6.630000114440918,6.699999809265137,1388663
2022-08-02,6.699999809265137,6.760000228881836,6.650000095367432,6.730000019073486,1010089
2022-08-03,6.730000019073486,6.789999961853027,6.670000076293945,6.71999979019165,566620
2022-08-04,6.71999979019165,7.340000152587891,6.760000228881836,7.179999828338623,4042215
2022-08-07,7.179999828338623,7.539999961853027,7.199999809265137,7.300000190734863,3389683
2022-08-08,7.300000190734863,7.320000171661377,7.150000095367432,7.190000057220459,3192252
2022-08-09,7.190000057220459,7.25,7.050000190734863,7.119999885559082,915039
2022-08-10,7.119999885559082,7.21999979019165,7.010000228881836,7.190000057220459,1101909
2022-08-11,7.190000057220459,7.289999961853027,7.150000095367432,7.230000019073486,1123331
2022-08-14,7.230000019073486,7.289999961853027,7.199999809265137,7.28000020980835,1362510
2022-08-15,7.28000020980835,7.300000190734863,7.170000076293945,7.210000038146973,883462
2022-08-16,7.210000038146973,7.239999771118164,7.130000114440918,7.159999847412109,409487
2022-08-17,7.159999847412109,7.289999961853027,7.170000076293945,7.289999961853027,1837960
2022-08-18,7.289999961853027,7.289999961853027,7.289999961853027,7.289999961853027,0
2022-08-21,7.269999980926514,7.679999828338623,7.269999980926514,7.630000114440918,3839492
2022-08-22,7.630000114440918,7.670000076293945,7.550000190734863,7.559999942779541,2470149
2022-08-23,7.559999942779541,7.559999942779541,7.559999942779541,7.559999942779541,0
2022-08-24,7.460000038146973,7.610000133514404,7.400000095367432,7.429999828338623,2013025
2022-08-25,7.429999828338623,7.800000190734863,7.449999809265137,7.699999809265137,5699718
2022-08-28,7.699999809265137,7.760000228881836,7.519999980926514,7.559999942779541,889768
2022-08-29,7.559999942779541,7.670000076293945,7.269999980926514,7.329999923706055,2633389
2022-08-30,7.329999923706055,7.400000095367432,7.119999885559082,7.199999809265137,3703047
2022-08-31,7.199999809265137,7.289999961853027,7.099999904632568,7.099999904632568,1224021
2022-09-01,7.099999904632568,7.190000057220459,7.0,7.079999923706055,1988905
2022-09-04,7.079999923706055,7.210000038146973,7.050000190734863,7.199999809265137,2187246
2022-09-05,7.199999809265137,7.489999771118164,7.199999809265137,7.429999828338623,4911397
2022-09-06,7.429999828338623,7.809999942779541,7.489999771118164,7.800000190734863,6811243
2022-09-07,7.800000190734863,7.800000190734863,7.539999961853027,7.590000152587891,1490093
2022-09-08,7.590000152587891,7.650000095367432,7.550000190734863,7.570000171661377,1571122
2022-09-11,7.570000171661377,7.960000038146973,7.590000152587891,7.840000152587891,3408240
2022-09-12,7.840000152587891,8.09000015258789,7.769999980926514,7.880000114440918,3939930
2022-09-13,7.880000114440918,7.989999771118164,7.800000190734863,7.840000152587891,1616264
2022-09-14,7.840000152587891,7.78000020980835,7.599999904632568,7.769999980926514,2074127
2022-09-15,7.769999980926514,7.800000190734863,7.400000095367432,7.400000095367432,6769237
2022-09-18,7.400000095367432,7.519999980926514,7.070000171661377,7.139999866485596,985416
2022-09-19,7.139999866485596,7.320000171661377,7.0,7.210000038146973,1669414
2022-09-20,7.210000038146973,7.639999866485596,7.230000019073486,7.579999923706055,2170948
2022-09-21,7.579999923706055,7.630000114440918,7.400000095367432,7.449999809265137,718169
2022-09-22,7.449999809265137,7.590000152587891,7.300000190734863,7.519999980926514,1769292
2022-09-25,7.519999980926514,7.599999904632568,7.360000133514404,7.550000190734863,742921
2022-09-26,7.550000190734863,7.599999904632568,7.510000228881836,7.539999961853027,702016
2022-09-27,7.539999961853027,7.599999904632568,7.5,7.539999961853027,431087
2022-09-28,7.539999961853027,7.590000152587891,7.420000076293945,7.46999979019165,553708
2022-09-29,7.46999979019165,7.570000171661377,7.400000095367432,7.539999961853027,1215022
2022-10-02,7.539999961853027,7.630000114440918,7.5,7.570000171661377,1576569
2022-10-03,7.570000171661377,7.599999904632568,7.380000114440918,7.429999828338623,922911
2022-10-04,7.429999828338623,7.75,7.480000019073486,7.690000057220459,2998214
2022-10-05,7.690000057220459,7.75,7.619999885559082,7.659999847412109,424451
2022-10-09,7.659999847412109,7.630000114440918,7.460000038146973,7.5,657177
2022-10-10,7.5,7.659999847412109,7.480000019073486,7.539999961853027,238920
2022-10-11,7.539999961853027,7.610000133514404,7.420000076293945,7.449999809265137,332766
2022-10-12,7.449999809265137,7.53000020980835,7.0,7.0,1389014
2022-10-13,7.0,7.289999961853027,7.119999885559082,7.239999771118164,910916
2022-10-16,7.239999771118164,7.480000019073486,7.269999980926514,7.480000019073486,922320
2022-10-17,7.480000019073486,7.639999866485596,7.460000038146973,7.639999866485596,1698316
2022-10-18,7.639999866485596,7.840000152587891,7.599999904632568,7.800000190734863,2486861
2022-10-19,7.800000190734863,7.829999923706055,7.650000095367432,7.760000228881836,499585
2022-10-20,7.760000228881836,7.96999979019165,7.659999847412109,7.900000095367432,1789337
2022-10-23,7.900000095367432,8.039999961853027,7.849999904632568,7.940000057220459,2011019
2022-10-24,7.940000057220459,8.079999923706055,7.869999885559082,8.020000457763672,2204706
2022-10-25,8.020000457763672,8.039999961853027,7.900000095367432,7.960000038146973,814651
2022-10-26,7.960000038146973,7.960000038146973,7.960000038146973,7.960000038146973,0
2022-10-27,8.300000190734863,8.699999809265137,8.350000381469727,8.5,4985155
2022-10-30,8.5,8.630000114440918,8.329999923706055,8.380000114440918,1645448
2022-10-31,8.380000114440918,8.65999984741211,8.34000015258789,8.520000457763672,2580945
2022-11-01,8.520000457763672,8.75,8.520000457763672,8.600000381469727,2384867
2022-11-02,8.600000381469727,8.640000343322754,8.350000381469727,8.5,4765025
2022-11-03,8.5,8.5,8.260000228881836,8.390000343322754,972808
2022-11-06,8.390000343322754,8.479999542236328,8.199999809265137,8.199999809265137,304832
2022-11-07,8.199999809265137,8.34000015258789,8.210000038146973,8.289999961853027,1499437
2022-11-08,8.289999961853027,8.399999618530273,8.119999885559082,8.199999809265137,1071119
2022-11-09,8.199999809265137,8.359999656677246,8.199999809265137,8.289999961853027,1515779
2022-11-10,8.289999961853027,8.479999542236328,8.119999885559082,8.399999618530273,1118466
2022-11-13,8.399999618530273,8.600000381469727,8.420000076293945,8.470000267028809,974348
2022-11-14,8.470000267028809,8.59000015258789,8.34000015258789,8.5,1043623
2022-11-15,8.5,8.670000076293945,8.399999618530273,8.40999984741211,923185
2022-11-16,8.40999984741211,8.739999771118164,8.399999618530273,8.710000038146973,2645067
2022-11-17,8.710000038146973,8.989999771118164,8.720000267028809,8.930000305175781,3476371
2022-11-20,8.930000305175781,9.25,8.899999618530273,9.170000076293945,4243352
2022-11-21,9.170000076293945,9.199999809265137,8.899999618530273,8.899999618530273,4615017
2022-11-22,8.899999618530273,8.90999984741211,8.449999809265137,8.6899995803833,6541780
2022-11-23,8.6899995803833,8.880000114440918,8.630000114440918,8.699999809265137,2776307
2022-11-24,8.699999809265137,9.100000381469727,8.6899995803833,9.039999961853027,3589488
2022-11-27,9.039999961853027,9.520000457763672,9.020000457763672,9.479999542236328,5745876
2022-11-28,9.479999542236328,9.5,9.170000076293945,9.399999618530273,3267490
2022-11-29,9.399999618530273,9.609999656677246,9.319999694824219,9.399999618530273,4707569
2022-11-30,9.399999618530273,9.550000190734863,9.199999809265137,9.25,4092208
2022-12-01,9.25,9.5,9.229999542236328,9.489999771118164,3497058
2022-12-04,9.489999771118164,10.050000190734863,9.550000190734863,9.970000267028809,7355708
2022-12-05,9.970000267028809,10.350000381469727,9.979999542236328,10.350000381469727,9650733
2022-12-06,10.350000381469727,11.880000114440918,10.300000190734863,11.319999694824219,15714895
2022-12-07,11.319999694824219,12.199999809265137,11.510000228881836,11.829999923706055,5776165
2022-12-08,11.829999923706055,12.729999542236328,11.5,12.539999961853027,5916337
2022-12-11,12.539999961853027,13.0,11.819999694824219,11.960000038146973,3944906
2022-12-12,11.960000038146973,12.100000381469727,11.25,11.960000038146973,4611342
2022-12-13,11.960000038146973,12.699999809265137,12.010000228881836,12.460000038146973,4125885
2022-12-14,12.460000038146973,12.960000038146973,12.25,12.670000076293945,6030806
2022-12-15,12.670000076293945,13.039999961853027,12.100000381469727,12.25,4485865
2022-12-18,12.25,12.449999809265137,11.850000381469727,11.930000305175781,2318448
2022-12-19,11.930000305175781,12.220000267028809,11.510000228881836,12.09000015258789,2809385
2022-12-20,12.09000015258789,12.399999618530273,11.600000381469727,11.619999885559082,3071820
2022-12-21,11.619999885559082,11.930000305175781,11.449999809265137,11.630000114440918,2306416
2022-12-22,11.630000114440918,11.84000015258789,11.229999542236328,11.270000457763672,1680096
2022-12-25,11.270000457763672,11.300000190734863,10.800000190734863,10.800000190734863,2561471
2022-12-26,10.800000190734863,11.680000305175781,10.90999984741211,11.680000305175781,2642397
2022-12-27,11.680000305175781,12.010000228881836,11.550000190734863,11.890000343322754,2969940
2022-12-28,11.890000343322754,12.25,11.850000381469727,12.210000038146973,2314972
2022-12-29,12.210000038146973,12.350000381469727,11.899999618530273,12.0,2410641
2023-01-02,12.0,12.239999771118164,11.800000190734863,12.109999656677246,2740137
2023-01-03,12.109999656677246,12.609999656677246,12.199999809265137,12.399999618530273,3904808
2023-01-04,12.399999618530273,13.079999923706055,11.739999771118164,13.0,11528206
2023-01-05,13.0,13.949999809265137,13.170000076293945,13.619999885559082,10769755
2023-01-09,13.619999885559082,14.199999809265137,13.510000228881836,13.600000381469727,4774186
2023-01-10,13.600000381469727,13.720000267028809,12.829999923706055,12.890000343322754,6347192
2023-01-11,12.890000343322754,13.850000381469727,12.8100004196167,12.890000343322754,6022046
2023-01-12,12.890000343322754,13.319999694824219,12.600000381469727,12.75,4029478
2023-01-15,12.75,13.5,12.8100004196167,13.420000076293945,4487417
2023-01-16,13.420000076293945,13.989999771118164,13.550000190734863,13.550000190734863,6487568
2023-01-17,13.550000190734863,13.800000190734863,13.350000381469727,13.399999618530273,3315405
2023-01-18,13.399999618530273,13.630000114440918,12.84000015258789,12.84000015258789,2991921
2023-01-19,12.84000015258789,13.1899995803833,12.649999618530273,12.760000228881836,3327040
2023-01-22,12.760000228881836,13.199999809265137,12.800000190734863,13.029999732971191,3340520
2023-01-23,13.029999732971191,13.1899995803833,12.800000190734863,12.899999618530273,3108464
2023-01-24,12.899999618530273,13.069999694824219,12.75,12.800000190734863,1513749
2023-01-25,12.800000190734863,13.550000190734863,12.930000305175781,13.40999984741211,5739565
2023-01-29,13.40999984741211,13.850000381469727,13.550000190734863,13.649999618530273,6471272
2023-01-30,13.649999618530273,14.100000381469727,13.399999618530273,13.399999618530273,10138863
2023-01-31,13.399999618530273,13.579999923706055,12.720000267028809,12.789999961853027,4612700
2023-02-01,12.789999961853027,13.100000381469727,12.630000114440918,12.800000190734863,4698145
2023-02-02,12.800000190734863,13.0,11.899999618530273,12.029999732971191,5164877
2023-02-05,12.029999732971191,12.100000381469727,11.319999694824219,11.930000305175781,2422693
2023-02-06,11.930000305175781,12.210000038146973,11.899999618530273,11.960000038146973,2363018
2023-02-07,11.960000038146973,12.329999923706055,12.050000190734863,12.199999809265137,1799182
2023-02-08,12.199999809265137,12.8100004196167,12.0,12.40999984741211,4608679
2023-02-09,12.40999984741211,13.0,12.350000381469727,12.949999809265137,4873806
2023-02-12,12.949999809265137,13.4399995803833,12.739999771118164,13.229999542236328,3553557
2023-02-13,13.229999542236328,13.399999618530273,13.100000381469727,13.119999885559082,1590897
2023-02-14,13.119999885559082,13.65999984741211,13.119999885559082,13.65999984741211,3050200
2023-02-15,13.65999984741211,13.720000267028809,13.449999809265137,13.5,3311853
2023-02-16,13.5,14.399999618530273,13.550000190734863,14.289999961853027,10381748
2023-02-19,14.289999961853027,14.720000267028809,14.09000015258789,14.229999542236328,5024708
2023-02-20,14.229999542236328,14.300000190734863,13.34000015258789,13.399999618530273,5479293
2023-02-21,13.399999618530273,13.699999809265137,13.130000114440918,13.600000381469727,4323743
2023-02-22,13.600000381469727,13.800000190734863,13.0,13.079999923706055,3163527
2023-02-23,13.079999923706055,13.289999961853027,12.850000381469727,13.25,1457804
2023-02-26,13.25,13.619999885559082,13.109999656677246,13.579999923706055,2283028
2023-02-27,13.579999923706055,13.739999771118164,13.4399995803833,13.4399995803833,1825708
2023-02-28,13.4399995803833,13.800000190734863,13.319999694824219,13.800000190734863,2080452
2023-03-01,13.800000190734863,14.399999618530273,13.4399995803833,14.130000114440918,7064247
2023-03-02,14.130000114440918,14.5,14.0,14.039999961853027,3135161
2023-03-05,14.039999961853027,14.220000267028809,13.859999656677246,13.960000038146973,2053324
2023-03-06,13.960000038146973,14.529999732971191,14.010000228881836,14.300000190734863,6307244
2023-03-07,14.300000190734863,14.390000343322754,13.710000038146973,13.800000190734863,2647307
2023-03-08,13.800000190734863,13.829999923706055,13.300000190734863,13.420000076293945,1869806
2023-03-09,13.420000076293945,13.75,13.449999809265137,13.75,1645565
2023-03-12,13.75,13.699999809265137,12.819999694824219,12.819999694824219,2805871
2023-03-13,12.819999694824219,13.229999542236328,12.100000381469727,12.460000038146973,2779349
2023-03-14,12.460000038146973,12.979999542236328,12.210000038146973,12.800000190734863,2597335
2023-03-15,12.800000190734863,13.25,11.199999809265137,11.65999984741211,5800827
2023-03-16,11.65999984741211,12.069999694824219,10.90999984741211,12.0,6568467
2023-03-19,12.0,12.1899995803833,11.399999618530273,11.770000457763672,1789273
2023-03-20,11.770000457763672,12.380000114440918,11.729999542236328,12.130000114440918,4377388
2023-03-21,12.130000114440918,13.199999809265137,12.270000457763672,13.020000457763672,5178693
2023-03-22,13.020000457763672,13.380000114440918,12.800000190734863,12.8100004196167,3723951
2023-03-23,12.8100004196167,13.100000381469727,12.649999618530273,13.100000381469727,1330444
2023-03-26,13.100000381469727,14.0,13.170000076293945,13.899999618530273,4787159
2023-03-27,13.899999618530273,14.010000228881836,13.350000381469727,14.0,4075588
2023-03-28,14.0,15.0,13.600000381469727,14.90999984741211,12358156
2023-03-29,14.90999984741211,16.0,14.989999771118164,15.449999809265137,9927356
2023-03-30,15.449999809265137,15.59000015258789,14.800000190734863,15.0,6105712
2023-04-02,15.0,16.100000381469727,15.25,15.869999885559082,8552000
2023-04-03,15.869999885559082,16.450000762939453,15.949999809265137,16.059999465942383,5885671
2023-04-04,16.059999465942383,16.200000762939453,15.800000190734863,15.890000343322754,3324449
2023-04-05,15.890000343322754,16.18000030517578,15.699999809265137,15.770000457763672,2649804
2023-04-06,15.770000457763672,16.059999465942383,15.640000343322754,15.829999923706055,2524127
2023-04-09,15.829999923706055,16.149999618530273,15.8100004196167,16.1299991607666,1717905
2023-04-10,16.1299991607666,17.049999237060547,16.149999618530273,16.989999771118164,8045318
2023-04-11,16.989999771118164,17.270000457763672,16.90999984741211,17.18000030517578,3147748
2023-04-12,17.18000030517578,17.75,17.1200008392334,17.40999984741211,7538977
2023-04-13,17.40999984741211,17.799999237060547,17.420000076293945,17.450000762939453,4365319
2023-04-18,17.450000762939453,17.75,17.399999618530273,17.479999542236328,6367707
2023-04-19,17.479999542236328,17.600000381469727,17.010000228881836,17.1299991607666,3118699
2023-04-26,17.1299991607666,17.6200008392334,17.030000686645508,17.469999313354492,2786298
2023-04-27,17.469999313354492,18.25,17.350000381469727,18.239999771118164,6492406
2023-04-30,18.239999771118164,18.639999389648438,17.6200008392334,17.709999084472656,3891851
2023-05-01,17.709999084472656,17.709999084472656,17.709999084472656,17.709999084472656,0
2023-05-02,17.079999923706055,17.350000381469727,16.75,17.0,2190274
2023-05-03,17.0,17.520000457763672,16.959999084472656,17.09000015258789,1962347
2023-05-07,17.09000015258789,17.25,16.40999984741211,16.8700008392334,2235973
2023-05-08,16.8700008392334,17.700000762939453,17.0,17.649999618530273,3347465
2023-05-09,17.649999618530273,17.93000030517578,17.200000762939453,17.200000762939453,3005246
2023-05-10,17.200000762939453,17.540000915527344,16.75,17.5,2064931
2023-05-11,17.5,17.850000381469727,16.950000762939453,17.100000381469727,2450082
2023-05-14,17.100000381469727,17.799999237060547,16.850000381469727,17.700000762939453,3710776
2023-05-15,17.700000762939453,17.84000015258789,17.1200008392334,17.399999618530273,2701937
2023-05-16,17.399999618530273,17.600000381469727,17.110000610351562,17.579999923706055,3594634
2023-05-17,17.579999923706055,17.3799991607666,16.899999618530273,16.920000076293945,2216640
2023-05-18,16.920000076293945,16.959999084472656,16.06999969482422,16.579999923706055,1635056
2023-05-21,16.579999923706055,16.850000381469727,16.309999465942383,16.489999771118164,599632
2023-05-22,16.489999771118164,16.829999923706055,15.890000343322754,16.059999465942383,2435920
2023-05-23,16.059999465942383,16.399999618530273,15.699999809265137,16.149999618530273,1883138
2023-05-24,16.149999618530273,16.399999618530273,16.0,16.270000457763672,1826519
2023-05-25,16.270000457763672,16.65999984741211,16.200000762939453,16.420000076293945,1889942
2023-05-28,16.420000076293945,16.969999313354492,16.520000457763672,16.860000610351562,1731410
2023-05-29,16.860000610351562,17.299999237060547,16.889999389648438,17.219999313354492,2393211
2023-05-30,17.219999313354492,17.790000915527344,17.209999084472656,17.780000686645508,3798297
2023-05-31,17.780000686645508,19.899999618530273,18.0,19.299999237060547,13168737
2023-06-01,19.299999237060547,19.469999313354492,18.700000762939453,18.809999465942383,2716759
2023-06-04,18.809999465942383,19.09000015258789,18.5,18.600000381469727,1137055
2023-06-05,18.600000381469727,18.889999389648438,18.149999618530273,18.329999923706055,1279307
2023-06-06,18.329999923706055,18.799999237060547,18.170000076293945,18.270000457763672,2526193
2023-06-07,18.270000457763672,18.700000762939453,17.850000381469727,17.899999618530273,3107127
2023-06-08,17.899999618530273,18.209999084472656,17.799999237060547,18.100000381469727,2714025
2023-06-11,18.100000381469727,19.139999389648438,18.200000762939453,18.889999389648438,3769248
2023-06-12,18.889999389648438,18.969999313354492,18.549999237060547,18.610000610351562,407070
2023-06-13,18.610000610351562,19.399999618530273,18.559999465942383,19.299999237060547,4089455
2023-06-14,19.299999237060547,20.1200008392334,19.100000381469727,19.299999237060547,5021777
2023-06-15,19.299999237060547,19.450000762939453,18.8799991607666,18.940000534057617,2274317
2023-06-18,18.940000534057617,19.84000015258789,18.950000762939453,19.799999237060547,3024104
2023-06-19,19.799999237060547,20.399999618530273,19.600000381469727,20.0,7772115
2023-06-20,20.0,20.860000610351562,20.0,20.399999618530273,5358511
2023-06-21,20.399999618530273,20.899999618530273,20.100000381469727,20.5,2645163
2023-06-22,20.5,21.170000076293945,20.360000610351562,20.899999618530273,5206028
2023-06-25,20.899999618530273,21.09000015258789,19.5,19.700000762939453,2423514
2023-06-26,19.700000762939453,20.5,19.719999313354492,20.3700008392334,1490308
2023-07-04,20.3700008392334,20.5,19.219999313354492,19.360000610351562,1831621
2023-07-05,19.360000610351562,19.899999618530273,18.850000381469727,19.329999923706055,3672624
2023-07-06,19.329999923706055,19.5,18.649999618530273,18.65999984741211,1517723
2023-07-09,18.65999984741211,18.899999618530273,17.600000381469727,17.81999969482422,3983240
2023-07-10,17.81999969482422,18.979999542236328,17.6200008392334,18.6200008392334,3303897
2023-07-11,18.6200008392334,19.139999389648438,18.600000381469727,18.899999618530273,2885786
2023-07-12,18.899999618530273,19.020000457763672,18.65999984741211,18.860000610351562,907527
2023-07-13,18.860000610351562,19.149999618530273,18.799999237060547,18.920000076293945,1298722
2023-07-16,18.920000076293945,19.0,18.649999618530273,18.700000762939453,356647
2023-07-17,18.700000762939453,19.549999237060547,18.649999618530273,19.260000228881836,3017375
2023-07-18,19.260000228881836,19.68000030517578,19.270000457763672,19.450000762939453,1333403
2023-07-19,19.450000762939453,19.450000762939453,19.450000762939453,19.450000762939453,0
2023-07-24,19.149999618530273,19.200000762939453,18.75,18.809999465942383,1007984
2023-07-25,18.809999465942383,19.110000610351562,18.299999237060547,18.5,1367077
2023-07-26,18.5,18.829999923706055,18.469999313354492,18.790000915527344,1123417
2023-07-27,18.790000915527344,18.979999542236328,18.0,18.299999237060547,1987180
2023-07-30,18.299999237060547,18.850000381469727,18.25,18.690000534057617,985454
2023-07-31,18.690000534057617,18.899999618530273,18.549999237060547,18.850000381469727,1072130
2023-08-01,18.850000381469727,19.09000015258789,18.600000381469727,18.739999771118164,795207
2023-08-02,18.739999771118164,18.8799991607666,18.520000457763672,18.520000457763672,677569
2023-08-03,18.520000457763672,18.790000915527344,18.020000457763672,18.469999313354492,625245
2023-08-06,18.469999313354492,19.260000228881836,18.31999969482422,19.25,1678829
2023-08-07,19.25,20.0,19.059999465942383,19.610000610351562,1898176
2023-08-08,19.610000610351562,19.8799991607666,19.420000076293945,19.420000076293945,837766
2023-08-09,19.420000076293945,20.0,19.450000762939453,19.5,2186775
2023-08-10,19.5,19.799999237060547,19.31999969482422,19.600000381469727,569966
2023-08-13,19.600000381469727,20.170000076293945,19.549999237060547,20.0,1403354
2023-08-14,20.0,20.5,19.940000534057617,19.959999084472656,2442593
2023-08-15,19.959999084472656,20.200000762939453,19.84000015258789,19.8799991607666,604531
2023-08-16,19.8799991607666,21.0,19.6299991607666,20.260000228881836,2257692
2023-08-17,20.260000228881836,20.579999923706055,20.1200008392334,20.1200008392334,1524350
2023-08-20,20.1200008392334,20.350000381469727,19.8700008392334,19.920000076293945,599817
2023-08-21,19.920000076293945,20.209999084472656,19.809999465942383,20.0,769678
2023-08-22,20.0,20.440000534057617,19.93000030517578,20.149999618530273,1442977
2023-08-23,20.149999618530273,20.600000381469727,19.90999984741211,20.010000228881836,1288262
2023-08-24,20.010000228881836,21.049999237060547,20.559999465942383,20.979999542236328,5302521
2023-08-27,20.979999542236328,22.0,21.0,21.540000915527344,1961162
2023-08-28,21.540000915527344,21.979999542236328,21.1200008392334,21.329999923706055,1596789
2023-08-29,21.329999923706055,22.799999237060547,21.25,22.799999237060547,4878479
2023-08-30,22.799999237060547,23.239999771118164,22.450000762939453,23.0,1454160
2023-08-31,23.0,23.0,23.0,23.0,0
2023-09-03,23.149999618530273,23.399999618530273,22.299999237060547,22.299999237060547,924001
2023-09-04,22.299999237060547,23.5,22.350000381469727,23.010000228881836,2444330
2023-09-05,23.010000228881836,23.700000762939453,23.010000228881836,23.110000610351562,1341566
2023-09-06,23.110000610351562,23.389999389648438,22.299999237060547,22.399999618530273,1245502
2023-09-07,22.399999618530273,23.049999237060547,21.799999237060547,22.59000015258789,2491956
2023-09-10,22.59000015258789,22.59000015258789,22.59000015258789,22.59000015258789,0
2023-09-11,23.0,23.06999969482422,22.25,22.299999237060547,2765601
2023-09-12,22.299999237060547,22.600000381469727,21.829999923706055,21.90999984741211,865984
2023-09-13,21.90999984741211,22.600000381469727,21.799999237060547,22.600000381469727,2175483
2023-09-14,22.600000381469727,22.799999237060547,22.420000076293945,22.510000228881836,1437743
2023-09-17,22.510000228881836,22.920000076293945,22.100000381469727,22.260000228881836,1397647
2023-09-18,22.260000228881836,22.739999771118164,22.290000915527344,22.700000762939453,753476
2023-09-19,22.700000762939453,23.0,22.600000381469727,22.65999984741211,1153724
2023-09-20,22.65999984741211,22.65999984741211,22.65999984741211,22.65999984741211,0
2023-09-21,22.65999984741211,22.65999984741211,22.65999984741211,22.65999984741211,0
2023-09-24,22.65999984741211,22.65999984741211,22.65999984741211,22.65999984741211,0
2023-09-25,22.559999465942383,23.989999771118164,22.6200008392334,23.790000915527344,6066124
2023-09-26,23.790000915527344,24.0,23.360000610351562,23.3799991607666,1908417
2023-09-27,23.3799991607666,23.3799991607666,23.3799991607666,23.3799991607666,0
2023-10-01,23.3799991607666,23.3799991607666,23.3799991607666,23.3799991607666,0
2023-10-02,22.850000381469727,23.149999618530273,21.90999984741211,22.790000915527344,1512118
2023-10-03,22.790000915527344,22.989999771118164,22.149999618530273,22.15999984741211,1037756
2023-10-04,22.15999984741211,22.450000762939453,22.0,22.360000610351562,2411709
2023-10-08,22.360000610351562,22.200000762939453,20.809999465942383,21.600000381469727,2305541
2023-10-09,21.600000381469727,21.90999984741211,21.31999969482422,21.469999313354492,705258
2023-10-10,21.469999313354492,21.899999618530273,21.3700008392334,21.899999618530273,860448
2023-10-11,21.899999618530273,22.75,21.729999542236328,21.940000534057617,2848786
2023-10-12,21.940000534057617,24.139999389648438,22.0,23.65999984741211,4364668
2023-10-15,23.65999984741211,24.649999618530273,23.760000228881836,24.25,2738490
2023-10-16,24.25,25.520000457763672,24.360000610351562,25.1200008392334,3821851
2023-10-17,25.1200008392334,28.989999771118164,24.809999465942383,27.610000610351562,7119891
2023-10-18,27.610000610351562,29.0,27.100000381469727,27.5,4898913
2023-10-19,27.5,27.5,27.5,27.5,0
2023-10-22,26.709999084472656,28.6200008392334,26.709999084472656,28.0,2412028
2023-10-23,28.0,30.979999542236328,28.200000762939453,29.5,4747426
2023-10-24,29.5,30.59000015258789,28.040000915527344,28.920000076293945,4238407
2023-10-25,28.920000076293945,30.549999237060547,29.040000915527344,30.190000534057617,3886625
2023-10-26,30.190000534057617,31.299999237060547,29.399999618530273,29.969999313354492,2810491
2023-10-29,29.969999313354492,30.0,28.31999969482422,28.5,2553481
2023-10-30,28.5,28.799999237060547,27.719999313354492,27.920000076293945,2652250
2023-10-31,27.920000076293945,28.200000762939453,26.799999237060547,27.1200008392334,2692252
2023-11-01,27.1200008392334,27.969999313354492,26.850000381469727,27.469999313354492,2330557
2023-11-02,27.469999313354492,28.200000762939453,27.399999618530273,27.530000686645508,1460890
2023-11-05,27.530000686645508,28.829999923706055,27.549999237060547,28.350000381469727,2202179
2023-11-06,28.350000381469727,31.899999618530273,27.8799991607666,28.010000228881836,1787934
2023-11-07,28.010000228881836,28.299999237060547,27.5,27.899999618530273,1073769
2023-11-08,27.899999618530273,29.0,28.049999237060547,28.25,2332985
2023-11-09,28.25,29.149999618530273,28.299999237060547,28.75,3567276
2023-11-12,28.75,29.850000381469727,28.719999313354492,28.719999313354492,3835448
2023-11-13,28.719999313354492,29.0,28.0,28.299999237060547,2103354
2023-11-14,28.299999237060547,29.5,28.229999542236328,29.079999923706055,5214024
2023-11-15,29.079999923706055,29.610000610351562,29.0,29.309999465942383,1969096
2023-11-16,29.309999465942383,29.959999084472656,29.010000228881836,29.25,1551350
2023-11-19,29.25,29.600000381469727,29.1200008392334,29.25,902922
2023-11-20,29.25,29.540000915527344,28.299999237060547,28.399999618530273,2737387
2023-11-21,28.399999618530273,29.200000762939453,28.0,28.920000076293945,3163874
2023-11-22,28.920000076293945,29.219999313354492,28.610000610351562,28.65999984741211,1810675
2023-11-23,28.65999984741211,29.040000915527344,28.31999969482422,28.450000762939453,1970043
2023-11-26,28.450000762939453,28.799999237060547,28.299999237060547,28.600000381469727,839670
2023-11-27,28.600000381469727,28.799999237060547,28.030000686645508,28.25,1838515
2023-11-28,28.25,28.399999618530273,27.450000762939453,27.649999618530273,2240561
2023-11-29,27.649999618530273,28.0,27.1200008392334,27.43000030517578,1357873
2023-11-30,27.43000030517578,27.790000915527344,27.15999984741211,27.200000762939453,938202
2023-12-03,27.200000762939453,27.489999771118164,26.75,27.079999923706055,1354848
2023-12-04,27.079999923706055,27.889999389648438,26.950000762939453,27.770000457763672,2014125
2023-12-05,27.770000457763672,29.09000015258789,27.979999542236328,28.770000457763672,4462585
2023-12-06,28.770000457763672,29.0,28.0,28.0,2261144
2023-12-07,28.0,28.0,27.110000610351562,27.639999389648438,1594819
2023-12-10,27.639999389648438,27.850000381469727,27.110000610351562,27.18000030517578,1491766
2023-12-11,27.18000030517578,27.200000762939453,26.059999465942383,26.149999618530273,1282606
2023-12-12,26.149999618530273,26.690000534057617,26.010000228881836,26.149999618530273,644652
2023-12-13,26.149999618530273,28.200000762939453,26.149999618530273,28.200000762939453,2650249
2023-12-14,28.200000762939453,28.399999618530273,27.770000457763672,28.329999923706055,1121493
2023-12-17,28.329999923706055,28.639999389648438,27.56999969482422,27.729999542236328,1448671
2023-12-18,27.729999542236328,28.899999618530273,27.799999237060547,28.309999465942383,2999163
2023-12-19,28.309999465942383,29.0,28.360000610351562,28.399999618530273,1498477
2023-12-20,28.399999618530273,28.799999237060547,27.920000076293945,28.049999237060547,1662197
2023-12-21,28.049999237060547,28.350000381469727,26.299999237060547,27.15999984741211,2582619
2023-12-24,27.15999984741211,27.15999984741211,27.15999984741211,27.15999984741211,0
2023-12-25,26.950000762939453,27.799999237060547,26.510000228881836,27.209999084472656,1702724
2023-12-26,27.209999084472656,28.0,26.899999618530273,27.0,1638404
2023-12-27,27.0,28.5,27.0,27.850000381469727,3197744
2023-12-28,27.850000381469727,29.170000076293945,28.1299991607666,28.610000610351562,3362663
2023-12-31,28.610000610351562,29.799999237060547,28.75,29.0,4609003
2024-01-02,29.0,29.639999389648438,29.149999618530273,29.639999389648438,1306442
2024-01-03,29.639999389648438,30.489999771118164,29.540000915527344,29.8700008392334,4914292
2024-01-04,29.8700008392334,30.0,29.5,29.5,1379589
2024-01-08,29.5,29.940000534057617,29.239999771118164,29.780000686645508,1182156
2024-01-09,29.780000686645508,30.889999389648438,29.690000534057617,30.530000686645508,6745743
2024-01-10,30.530000686645508,30.860000610351562,29.829999923706055,30.0,3187471
2024-01-11,30.0,30.190000534057617,29.649999618530273,29.889999389648438,2228794
2024-01-14,29.889999389648438,30.850000381469727,29.600000381469727,30.600000381469727,2997369
2024-01-15,30.600000381469727,30.899999618530273,30.360000610351562,30.479999542236328,2234533
2024-01-16,30.479999542236328,31.799999237060547,30.510000228881836,31.600000381469727,4470629
2024-01-17,31.600000381469727,33.33000183105469,31.510000228881836,31.700000762939453,6269592
2024-01-18,31.700000762939453,32.16999816894531,31.1200008392334,31.860000610351562,1904806
2024-01-21,31.860000610351562,33.20000076293945,32.16999816894531,32.79999923706055,4216618
2024-01-22,32.79999923706055,33.88999938964844,32.54999923706055,32.61000061035156,5395998
2024-01-23,32.61000061035156,32.849998474121094,31.5,31.649999618530273,3193552
2024-01-24,31.649999618530273,32.47999954223633,31.799999237060547,32.15999984741211,1433744
2024-01-28,32.15999984741211,33.97999954223633,32.25,32.93000030517578,5657924
2024-01-29,32.93000030517578,34.4900016784668,33.0,33.290000915527344,5249905
2024-01-30,33.290000915527344,34.91999816894531,33.29999923706055,34.810001373291016,5588738
2024-01-31,34.810001373291016,35.900001525878906,30.010000228881836,32.20000076293945,8119359
2024-02-01,32.20000076293945,33.5,28.799999237060547,33.4900016784668,5797572
2024-02-04,33.4900016784668,33.38999938964844,31.5,31.940000534057617,3650819
2024-02-05,31.940000534057617,32.70000076293945,31.610000610351562,32.09000015258789,2468228
2024-02-06,32.09000015258789,32.5,30.5,30.780000686645508,3452683
2024-02-07,30.780000686645508,31.950000762939453,30.540000915527344,31.399999618530273,2655553
2024-02-08,31.399999618530273,31.739999771118164,31.149999618530273,31.5,1671718
2024-02-11,31.5,31.790000915527344,30.799999237060547,31.350000381469727,1878306
2024-02-12,31.350000381469727,31.40999984741211,30.600000381469727,30.899999618530273,1654643
2024-02-13,30.899999618530273,33.20000076293945,31.700000762939453,32.400001525878906,4786685
2024-02-14,32.400001525878906,32.70000076293945,32.150001525878906,32.47999954223633,1518023
2024-02-15,32.47999954223633,32.599998474121094,32.04999923706055,32.369998931884766,2155926
2024-02-18,32.369998931884766,32.369998931884766,32.369998931884766,32.369998931884766,0
2024-02-19,32.68000030517578,33.189998626708984,32.40999984741211,32.88999938964844,1823299
2024-02-20,32.88999938964844,33.83000183105469,32.810001373291016,33.5,5590996
2024-02-21,33.5,33.86000061035156,33.20000076293945,33.349998474121094,2111391
2024-02-22,33.349998474121094,34.06999969482422,32.79999923706055,33.0,4521147
2024-02-25,33.0,32.68000030517578,29.5,31.549999237060547,5243340
2024-02-26,31.549999237060547,33.900001525878906,31.100000381469727,33.2599983215332,4637594
2024-02-27,33.2599983215332,37.599998474121094,33.790000915527344,36.5099983215332,14580273
2024-02-28,36.5099983215332,39.5,34.70000076293945,34.70000076293945,11906629
2024-02-29,34.70000076293945,35.70000076293945,33.709999084472656,35.0,6547966
2024-03-03,35.0,35.540000915527344,34.29999923706055,34.310001373291016,2237731
2024-03-04,34.310001373291016,37.0,34.349998474121094,37.0,4669474
2024-03-05,37.0,44.400001525878906,37.599998474121094,44.400001525878906,16265642
2024-03-06,44.400001525878906,46.970001220703125,41.0,41.0,17665787
2024-03-07,41.0,42.959999084472656,39.04999923706055,42.619998931884766,13972858
2024-03-10,42.619998931884766,48.900001525878906,43.40999984741211,47.25,17020524
2024-03-11,47.25,49.0,43.83000183105469,44.25,7915605
2024-03-12,44.25,45.439998626708984,40.599998474121094,42.5,8145332
2024-03-13,42.5,43.970001220703125,39.40999984741211,40.40999984741211,6697804
2024-03-14,40.40999984741211,41.59000015258789,39.04999923706055,41.4900016784668,8358681
2024-03-17,41.4900016784668,42.849998474121094,40.5,40.5,3648010
2024-03-18,40.5,40.970001220703125,35.0099983215332,35.0099983215332,6178353
2024-03-19,35.0099983215332,35.130001068115234,33.5,34.75,7947008
2024-03-20,34.75,36.369998931884766,34.0,34.209999084472656,4622164
2024-03-21,34.209999084472656,36.290000915527344,33.7400016784668,35.900001525878906,4950934
2024-03-24,35.900001525878906,36.400001525878906,33.79999923706055,34.2400016784668,3349607
2024-03-25,34.2400016784668,35.29999923706055,34.099998474121094,35.2400016784668,2065192
2024-03-26,35.2400016784668,35.79999923706055,33.84000015258789,33.84000015258789,2621375
2024-03-27,33.84000015258789,33.9900016784668,31.65999984741211,32.4900016784668,6681038
2024-03-28,32.4900016784668,32.599998474121094,31.049999237060547,31.049999237060547,4135071
2024-03-31,31.049999237060547,33.0,29.899999618530273,31.5,4763059
2024-04-01,31.5,32.4900016784668,31.170000076293945,32.04999923706055,3017864
2024-04-02,32.04999923706055,32.95000076293945,31.209999084472656,31.209999084472656,2736298
2024-04-03,31.209999084472656,33.70000076293945,31.110000610351562,33.220001220703125,8428508
2024-04-04,33.220001220703125,34.45000076293945,33.5,33.7599983215332,4188214
2024-04-07,33.7599983215332,34.43000030517578,33.0,33.099998474121094,2422865
2024-04-08,33.099998474121094,34.08000183105469,32.72999954223633,33.97999954223633,2166034
2024-04-15,33.97999954223633,36.47999954223633,33.70000076293945,36.400001525878906,9429265
2024-04-16,36.400001525878906,36.70000076293945,35.29999923706055,35.849998474121094,4607577
2024-04-17,35.849998474121094,37.79999923706055,35.79999923706055,37.150001525878906,3662611
2024-04-18,37.150001525878906,37.47999954223633,33.5,35.0,3858865
2024-04-21,35.0,35.970001220703125,35.099998474121094,35.29999923706055,1550376
2024-04-22,35.29999923706055,35.599998474121094,33.810001373291016,34.220001220703125,1006804
2024-04-23,34.220001220703125,34.45000076293945,32.27000045776367,32.5,2138386
2024-04-24,32.5,32.5,30.530000686645508,31.649999618530273,2816186
2024-04-28,31.649999618530273,31.649999618530273,31.649999618530273,31.649999618530273,0
2024-04-29,32.029998779296875,33.66999816894531,31.56999969482422,33.43000030517578,2659455
2024-04-30,33.43000030517578,33.5,30.899999618530273,31.049999237060547,4281889
2024-05-02,32.5,33.189998626708984,31.809999465942383,32.61000061035156,1495967
2024-05-07,32.61000061035156,33.13999938964844,31.829999923706055,33.13999938964844,2241328
2024-05-08,33.13999938964844,35.0,32.810001373291016,34.47999954223633,6251368
2024-05-09,34.47999954223633,34.970001220703125,33.5,34.560001373291016,2387470
2024-05-12,34.560001373291016,36.25,33.5099983215332,33.70000076293945,5120922
2024-05-13,33.70000076293945,34.599998474121094,32.810001373291016,34.5,1857341
2024-05-14,34.5,34.79999923706055,33.849998474121094,33.849998474121094,1000666
2024-05-15,33.849998474121094,34.54999923706055,33.5099983215332,34.0,1819819
2024-05-16,34.0,37.0099983215332,34.0099983215332,37.0099983215332,9967209
2024-05-19,37.0099983215332,44.40999984741211,38.099998474121094,44.40999984741211,7621267
2024-05-20,44.40999984741211,45.88999938964844,42.900001525878906,43.119998931884766,13419450
2024-05-21,43.119998931884766,43.650001525878906,41.810001373291016,42.5,6737757
2024-05-22,42.5,43.369998931884766,42.0,42.900001525878906,5137913
2024-05-23,42.900001525878906,44.54999923706055,42.900001525878906,44.279998779296875,6666117
2024-05-26,44.279998779296875,44.279998779296875,44.279998779296875,44.279998779296875,0
2024-05-27,43.400001525878906,44.189998626708984,43.15999984741211,43.81999969482422,6369268
2024-05-28,43.81999969482422,45.099998474121094,43.02000045776367,44.70000076293945,7698491
2024-05-29,44.70000076293945,45.0,43.95000076293945,44.29999923706055,2012475
2024-05-30,44.29999923706055,46.5,44.0,44.5099983215332,13808163
2024-06-02,44.5099983215332,47.189998626708984,45.29999923706055,46.65999984741211,7583415
2024-06-03,46.65999984741211,46.9900016784668,46.150001525878906,46.150001525878906,4969218
2024-06-04,46.150001525878906,47.099998474121094,46.15999984741211,46.79999923706055,4336921
2024-06-05,46.79999923706055,46.939998626708984,46.40999984741211,46.79999923706055,3051130
2024-06-06,46.79999923706055,47.09000015258789,46.70000076293945,46.810001373291016,2069578
2024-06-09,46.810001373291016,47.52000045776367,46.779998779296875,47.310001373291016,2144167
2024-06-10,47.310001373291016,47.45000076293945,47.029998779296875,47.18000030517578,3256216
2024-06-11,47.18000030517578,47.29999923706055,46.400001525878906,46.75,4592679
2024-06-12,46.75,47.18000030517578,46.900001525878906,47.02000045776367,1874685
2024-06-13,47.02000045776367,47.29999923706055,46.83000183105469,47.0,3206748
2024-06-23,47.0,48.0,47.150001525878906,47.970001220703125,2866063
2024-06-24,47.970001220703125,48.5,47.189998626708984,47.400001525878906,8194003
2024-06-25,47.400001525878906,48.20000076293945,47.25,48.02000045776367,7519214
2024-06-26,48.02000045776367,48.380001068115234,47.34000015258789,47.70000076293945,7112160
2024-06-27,47.70000076293945,48.0,46.849998474121094,47.2599983215332,9739434
2024-07-02,47.599998474121094,49.0,47.599998474121094,48.79999923706055,12029601
2024-07-03,48.79999923706055,49.5099983215332,48.599998474121094,49.0,14337267
2024-07-04,49.0,49.189998626708984,47.400001525878906,47.400001525878906,442362
2024-07-07,47.400001525878906,48.900001525878906,47.099998474121094,47.56999969482422,305442
2024-07-08,47.56999969482422,47.900001525878906,47.22999954223633,47.540000915527344,458640
2024-07-09,47.540000915527344,48.5,47.400001525878906,47.7599983215332,168090
2024-07-10,47.7599983215332,48.29999923706055,47.02000045776367,47.02000045776367,178336
2024-07-14,47.02000045776367,47.900001525878906,47.02000045776367,47.40999984741211,69681
2024-07-15,47.40999984741211,47.599998474121094,47.040000915527344,47.22999954223633,74974
2024-07-16,47.22999954223633,47.22999954223633,44.040000915527344,44.040000915527344,2424611
2024-07-17,44.040000915527344,45.0,43.599998474121094,44.630001068115234,346733
2024-07-18,44.630001068115234,48.5,44.5099983215332,47.0,961598
2024-07-21,47.0,47.400001525878906,46.5,47.0,266285
2024-07-22,47.0,47.79999923706055,46.599998474121094,47.47999954223633,357609
2024-07-23,47.47999954223633,47.790000915527344,47.060001373291016,47.689998626708984,453633
2024-07-24,47.689998626708984,47.65999984741211,47.220001220703125,47.5099983215332,108964
2024-07-28,47.5099983215332,47.900001525878906,47.060001373291016,47.900001525878906,84741
2024-07-29,47.900001525878906,47.95000076293945,47.02000045776367,47.36000061035156,53945
2024-07-30,47.36000061035156,47.79999923706055,47.0,47.150001525878906,142405
2024-07-31,47.150001525878906,47.5,47.0,47.209999084472656,39711
2024-08-01,47.209999084472656,47.70000076293945,46.900001525878906,46.91999816894531,136483
2024-08-04,46.91999816894531,47.5,38.0099983215332,46.66999816894531,179752
2024-08-05,46.66999816894531,46.65999984741211,41.54999923706055,43.70000076293945,993797
2024-08-06,43.70000076293945,45.79999923706055,44.0,44.560001373291016,360062
2024-08-07,44.560001373291016,47.84000015258789,45.0,46.849998474121094,437134
2024-08-08,46.849998474121094,56.220001220703125,46.86000061035156,56.220001220703125,1860274
2024-08-11,56.220001220703125,65.0,55.04999923706055,62.40999984741211,2720036
2024-08-12,62.40999984741211,71.48999786376953,59.709999084472656,68.0,3429878
2024-08-13,68.0,70.98999786376953,63.20000076293945,63.63999938964844,4376032
2024-08-14,63.63999938964844,64.79000091552734,59.220001220703125,59.70000076293945,3064517
2024-08-15,59.70000076293945,62.779998779296875,60.02000045776367,60.61000061035156,1762721
2024-08-18,60.61000061035156,62.0,57.0,58.849998474121094,1063906
2024-08-19,58.849998474121094,60.900001525878906,58.060001373291016,58.70000076293945,860784
2024-08-20,58.70000076293945,63.0,59.02000045776367,62.5099983215332,2168441
2024-08-21,62.5099983215332,62.9900016784668,59.75,59.75,921295
2024-08-22,59.75,60.599998474121094,57.79999923706055,57.90999984741211,789051
2024-08-25,57.90999984741211,60.4900016784668,57.880001068115234,57.880001068115234,551882
2024-08-26,57.880001068115234,59.0,55.61000061035156,56.52000045776367,703990
2024-08-27,56.52000045776367,58.400001525878906,56.0,56.310001373291016,588020
2024-08-28,56.310001373291016,60.25,57.0,59.0,1446500
2024-08-29,59.0,59.97999954223633,57.599998474121094,57.61000061035156,668703
2024-09-01,57.61000061035156,59.189998626708984,58.0,58.31999969482422,438855
2024-09-02,58.31999969482422,62.099998474121094,58.880001068115234,60.4900016784668,1474760
2024-09-03,60.4900016784668,61.880001068115234,59.59000015258789,60.0,518928
2024-09-04,60.0,60.20000076293945,58.5,59.709999084472656,305312
2024-09-05,59.709999084472656,61.88999938964844,60.0,60.9900016784668,24137656
2024-09-08,60.9900016784668,61.650001525878906,59.11000061035156,59.189998626708984,504050
2024-09-09,59.189998626708984,60.400001525878906,58.52000045776367,58.52000045776367,431311
2024-09-10,58.52000045776367,59.5,57.619998931884766,58.0,550659
2024-09-11,58.0,58.5,56.150001525878906,58.29999923706055,473762
2024-09-12,58.29999923706055,59.25,56.599998474121094,56.599998474121094,616521
2024-09-16,56.599998474121094,57.77000045776367,55.65999984741211,56.0,681329
2024-09-17,56.0,56.95000076293945,55.15999984741211,55.79999923706055,219854
2024-09-18,55.79999923706055,56.5,55.54999923706055,55.54999923706055,309242
2024-09-19,55.54999923706055,58.75,55.72999954223633,58.13999938964844,5350546
2024-09-22,58.13999938964844,59.38999938964844,58.5099983215332,58.599998474121094,410927
2024-09-23,58.599998474121094,59.790000915527344,58.36000061035156,59.29999923706055,655317
2024-09-24,68.37999725341797,68.95999908447266,66.5,67.66999816894531,834565
2024-09-25,62.959999084472656,69.9000015258789,63.04999923706055,68.37999725341797,3862704
2024-09-26,68.37999725341797,68.95999908447266,66.5,67.66999816894531,834565
2024-09-29,67.66999816894531,69.19000244140625,66.5999984741211,69.0,635019
2024-09-30,69.0,72.94999694824219,69.1500015258789,72.5,1433973
2024-10-01,72.5,79.9000015258789,73.0,76.16000366210938,2053107
2024-10-02,76.16000366210938,82.0,75.0,81.11000061035156,1871043
2024-10-03,81.11000061035156,97.33000183105469,80.01000213623047,97.0,2391837
2024-10-07,97.0,114.98999786376953,97.33000183105469,108.41999816894531,2945473
2024-10-08,108.41999816894531,111.48999786376953,87.30000305175781,94.5,2618655
2024-10-09,94.5,101.0,89.7699966430664,99.0,2411927
2024-10-10,99.0,106.80000305175781,98.0,100.3499984741211,2444103
2024-10-13,100.3499984741211,102.87999725341797,92.0,92.0,1408011
2024-10-14,92.0,100.0,91.0999984741211,96.0,1215517
2024-10-15,96.0,101.19999694824219,94.0999984741211,95.0,1142168
2024-10-16,95.0,97.94999694824219,90.02999877929688,90.25,956706
2024-10-17,90.25,92.48999786376953,88.12000274658203,88.51000213623047,648338
2024-10-20,88.51000213623047,91.44000244140625,84.5,84.5,823596
2024-10-21,84.5,89.5,81.11000061035156,87.05000305175781,880786
2024-10-22,87.05000305175781,92.75,87.81999969482422,90.80000305175781,815951
2024-10-23,90.80000305175781,95.55999755859375,91.0,91.11000061035156,743224
2024-10-24,91.11000061035156,93.5,90.5,91.0999984741211,439641
2024-10-27,91.0999984741211,93.9000015258789,91.01000213623047,92.5,280509
2024-10-28,92.5,93.25,90.83000183105469,91.0,296339
2024-10-29,91.0,91.9000015258789,89.16000366210938,89.5999984741211,204568
2024-10-30,89.5999984741211,90.47000122070312,87.0,87.08999633789062,331867
2024-10-31,87.08999633789062,89.37999725341797,87.0999984741211,88.26000213623047,353934
2024-11-03,88.26000213623047,89.7699966430664,88.05000305175781,88.05000305175781,170353
2024-11-04,88.05000305175781,89.0,87.5,87.5999984741211,197883
2024-11-05,87.5999984741211,88.86000061035156,86.5,87.37000274658203,365693
2024-11-06,87.37000274658203,90.83999633789062,87.7300033569336,88.5,301960
2024-11-07,88.5,93.5,89.0,92.5,1089277
2024-11-10,92.5,95.48999786376953,92.55000305175781,93.20999908447266,607581
2024-11-11,93.20999908447266,94.5,91.69999694824219,92.12000274658203,397413
2024-11-12,92.12000274658203,92.75,90.11000061035156,90.11000061035156,280438
2024-11-13,90.11000061035156,92.51000213623047,90.30000305175781,90.30999755859375,327381
2024-11-14,90.30999755859375,91.8499984741211,90.25,90.98999786376953,391985
2024-11-17,90.98999786376953,91.69999694824219,90.01000213623047,90.1500015258789,174354
2024-11-18,90.1500015258789,91.0,89.31999969482422,89.5,141984
2024-11-19,89.5,90.1500015258789,88.5199966430664,88.87999725341797,142277
2024-11-20,88.87999725341797,89.73999786376953,88.87999725341797,89.0199966430664,163302
2024-11-21,89.0199966430664,92.5,89.05999755859375,90.8499984741211,475115
2024-11-24,90.8499984741211,92.5,90.80000305175781,91.80000305175781,221039
2024-11-25,91.80000305175781,92.19999694824219,90.12999725341797,90.26000213623047,187443
2024-11-26,90.26000213623047,91.38999938964844,89.5,89.5,152008
2024-11-27,89.5,90.5,89.01000213623047,89.69999694824219,144424
2024-11-28,89.69999694824219,90.44000244140625,89.02999877929688,89.30999755859375,112407
2024-12-01,89.30999755859375,90.29000091552734,89.5,89.62000274658203,126104
2024-12-02,89.62000274658203,90.98999786376953,89.0999984741211,89.0999984741211,150557
2024-12-03,89.0999984741211,89.77999877929688,87.05000305175781,87.30999755859375,277019
2024-12-04,87.30999755859375,88.80000305175781,87.33999633789062,87.75,164648
2024-12-05,87.75,88.80000305175781,87.7699966430664,87.80000305175781,189034
2024-12-08,87.80000305175781,91.88999938964844,87.87999725341797,90.5,8872450
2024-12-09,90.5,92.19999694824219,89.80000305175781,89.80999755859375,222772
2024-12-10,89.80999755859375,90.48999786376953,88.5,88.55999755859375,127646
2024-12-11,88.55999755859375,89.69999694824219,88.0,88.01000213623047,143244
2024-12-12,88.01000213623047,88.79000091552734,88.02999877929688,88.02999877929688,74987
2024-12-15,88.02999877929688,88.75,87.61000061035156,87.69999694824219,71869
2024-12-16,87.69999694824219,88.05000305175781,86.0,86.4000015258789,183337
2024-12-17,86.4000015258789,87.4000015258789,86.38999938964844,86.5,99459
2024-12-18,86.5,86.97000122070312,84.9000015258789,85.4800033569336,209638
2024-12-19,85.4800033569336,85.80999755859375,83.0,83.52999877929688,209523
2024-12-22,83.52999877929688,84.94999694824219,83.94999694824219,84.25,92730
2024-12-23,84.25,84.5,82.75,82.7699966430664,199390
2024-12-24,82.7699966430664,82.9000015258789,80.83000183105469,81.05999755859375,251636
2024-12-25,81.05999755859375,82.94000244140625,81.0999984741211,81.7699966430664,115179
2024-12-26,81.7699966430664,82.0,80.0,80.0199966430664,203358
2024-12-29,80.0199966430664,80.87000274658203,78.0999984741211,78.12000274658203,144328
2024-12-30,78.12000274658203,78.0,75.0,75.51000213623047,284360
2024-12-31,75.51000213623047,76.80000305175781,75.01000213623047,75.87999725341797,490816
2025-01-02,75.87999725341797,77.4000015258789,76.01000213623047,77.0,219629
2025-01-05,77.0,84.19999694824219,77.25,83.5,546458
2025-01-06,83.5,84.9000015258789,80.19999694824219,80.93000030517578,225739
2025-01-08,80.93000030517578,81.97000122070312,78.80999755859375,79.22000122070312,203154
2025-01-09,79.22000122070312,81.0,78.69999694824219,78.69999694824219,325220
2025-01-12,78.69999694824219,78.69999694824219,76.51000213623047,78.0,140255
2025-01-13,78.0,79.5,75.06999969482422,75.06999969482422,146414
2025-01-14,75.06999969482422,76.9800033569336,74.0,75.0999984741211,347262
2025-01-15,75.0999984741211,76.0,71.0,74.30000305175781,624575
2025-01-16,74.30000305175781,76.80000305175781,75.0,75.30000305175781,999048
2025-01-19,74.30000305175781,80.80999755859375,75.0,79.45999908447266,2045620
2025-01-20,79.11000061035156,86.5,79.37000274658203,86.0,3154007
2025-01-21,86.0,86.48999786376953,84.30000305175781,84.97000122070312,855706
2025-01-22,84.97000122070312,90.0,85.0,86.44999694824219,2130642
2025-01-23,86.44999694824219,88.16000366210938,85.0199966430664,85.5,687345
2025-01-26,85.5,89.83999633789062,85.31999969482422,88.0,607164
2025-01-27,88.0,88.0,84.55999755859375,85.0999984741211,915012
2025-01-28,85.0999984741211,86.0,82.3499984741211,82.54000091552734,454509
2025-01-29,82.54000091552734,84.2300033569336,82.55999755859375,83.5,464315
2025-01-30,83.5,84.0,82.80000305175781,82.9000015258789,821114
2025-02-02,82.9000015258789,83.5,80.05000305175781,81.01000213623047,358826
2025-02-03,81.01000213623047,82.5,79.79000091552734,80.5,596846
2025-02-04,80.5,81.5,79.51000213623047,79.5999984741211,182835
2025-02-05,79.5999984741211,80.3499984741211,78.5,78.5,408265
2025-02-06,78.5,81.76000213623047,78.0,79.01000213623047,699435
2025-02-09,79.01000213623047,81.19999694824219,79.0199966430664,79.0999984741211,181201
2025-02-10,79.0999984741211,80.4800033569336,79.0199966430664,79.08000183105469,68367
2025-02-11,79.08000183105469,79.5999984741211,77.0999984741211,77.12000274658203,137965
2025-02-12,77.12000274658203,77.95999908447266,75.0,77.33000183105469,425468
2025-02-13,77.33000183105469,78.0,77.33000183105469,77.5,438859
2025-02-16,77.5,82.0999984741211,78.01000213623047,81.08999633789062,340092
2025-02-17,81.08999633789062,83.4000015258789,81.0,82.23999786376953,486528
2025-02-18,82.23999786376953,82.94999694824219,81.52999877929688,82.47000122070312,91603
2025-02-19,82.47000122070312,82.5999984741211,81.72000122070312,81.88999938964844,50576
2025-02-20,81.88999938964844,82.19999694824219,80.55999755859375,81.41999816894531,811303
2025-02-23,81.41999816894531,82.5,81.19999694824219,82.05000305175781,159818
2025-02-24,82.05000305175781,82.4000015258789,81.1500015258789,81.58000183105469,108348
2025-02-25,81.58000183105469,82.0,81.0,81.0,64053
2025-02-26,81.0,82.19999694824219,80.36000061035156,80.5199966430664,134152
2025-02-27,80.5199966430664,81.66000366210938,80.0999984741211,80.43000030517578,717928
2025-03-02,80.43000030517578,81.43000030517578,80.55000305175781,81.41999816894531,56689
2025-03-03,81.41999816894531,83.20999908447266,81.5,82.5,780294
2025-03-04,82.5,82.9800033569336,81.62999725341797,81.94999694824219,162518
2025-03-05,81.94999694824219,82.94000244140625,79.80000305175781,82.87999725341797,182670
2025-03-06,82.87999725341797,82.9000015258789,81.51000213623047,81.75,368622
2025-03-09,81.75,82.9000015258789,81.05000305175781,81.05999755859375,83566
2025-03-10,81.05999755859375,82.0,80.76000213623047,80.94000244140625,101611
2025-03-11,80.94000244140625,81.4000015258789,80.0,80.5,97238
2025-03-12,80.5,81.0,80.0999984741211,80.16000366210938,54139
2025-03-13,80.16000366210938,85.69000244140625,81.01000213623047,84.80000305175781,1240195
2025-03-16,84.80000305175781,86.08999633789062,83.51000213623047,83.51000213623047,385729
2025-03-17,83.51000213623047,84.5999984741211,83.02999877929688,83.31999969482422,189438
2025-03-18,83.31999969482422,89.4000015258789,83.01000213623047,87.5,1171967
2025-03-19,87.5,88.5,85.12000274658203,85.31999969482422,225132
2025-03-20,85.31999969482422,86.98999786376953,82.5199966430664,84.5,872458
2025-03-23,84.5,85.9800033569336,82.04000091552734,83.86000061035156,219801
2025-03-24,83.86000061035156,85.0,81.69999694824219,81.69999694824219,251644
2025-03-25,81.69999694824219,82.79000091552734,80.0999984741211,80.5,213409
2025-03-26,80.5,82.69999694824219,80.5,82.69999694824219,177514
2025-03-27,82.69999694824219,82.79000091552734,80.5999984741211,81.5,469295
2025-04-03,81.5,82.98999786376953,81.4000015258789,81.41000366210938,69268
2025-04-06,81.41000366210938,80.51000213623047,79.16000366210938,79.83000183105469,121688
2025-04-07,79.83000183105469,79.9000015258789,78.25,79.3499984741211,225944
2025-04-08,79.3499984741211,80.98999786376953,79.4000015258789,80.9800033569336,325861
2025-04-09,80.9800033569336,80.87000274658203,76.30000305175781,76.30000305175781,467661
2025-04-10,76.30000305175781,80.98999786376953,78.6500015258789,79.05000305175781,143570
2025-04-13,79.05000305175781,80.55999755859375,79.06999969482422,80.0,63092
2025-04-14,80.0,80.44000244140625,79.0,79.30999755859375,152901
2025-04-15,79.30999755859375,80.5,79.0199966430664,79.1500015258789,74269
2025-04-16,79.1500015258789,79.80000305175781,78.69999694824219,78.79000091552734,392686
2025-04-17,78.79000091552734,79.44000244140625,78.2300033569336,78.68000030517578,151871
2025-04-22,78.68000030517578,79.44000244140625,78.44999694824219,78.48999786376953,45992
2025-04-23,78.48999786376953,82.94000244140625,78.70999908447266,82.94000244140625,330625
2025-04-27,82.94000244140625,83.9000015258789,82.0199966430664,83.01000213623047,300310
2025-04-28,83.01000213623047,83.5,81.80000305175781,81.91999816894531,67254
2025-04-29,81.91999816894531,82.56999969482422,81.94999694824219,82.0,51105
2025-04-30,82.0,82.4000015258789,81.94999694824219,82.0,452200
2025-05-04,82.0,82.6500015258789,81.91999816894531,82.11000061035156,58221
2025-05-05,82.11000061035156,82.68000030517578,81.30000305175781,81.43000030517578,72480
2025-05-06,81.43000030517578,82.0,81.11000061035156,82.0,252405
2025-05-07,82.0,82.5,80.62000274658203,80.87000274658203,137804
2025-05-08,80.87000274658203,81.87999725341797,79.52999877929688,80.44000244140625,32987898
2025-05-11,80.44000244140625,81.48999786376953,79.05000305175781,79.30000305175781,208777
2025-05-12,79.30000305175781,79.86000061035156,79.0199966430664,79.7699966430664,98340
2025-05-13,79.7699966430664,81.0,79.5,81.0,170696
2025-05-14,81.0,81.4000015258789,80.30000305175781,81.38999938964844,90666
2025-05-15,81.38999938964844,82.38999938964844,79.76000213623047,79.88999938964844,493782
2025-05-18,79.88999938964844,80.79000091552734,78.02999877929688,78.05999755859375,124089
2025-05-19,78.05999755859375,78.8499984741211,78.0,78.0199966430664,85830
2025-05-20,78.0199966430664,79.0,78.0999984741211,78.48999786376953,55292
2025-05-21,78.48999786376953,79.5,78.0,78.69999694824219,48717
2025-05-22,78.69999694824219,78.94000244140625,78.1500015258789,78.44999694824219,64734
2025-05-25,78.44999694824219,80.48999786376953,78.44999694824219,80.12000274658203,460485
2025-05-26,80.12000274658203,80.45999908447266,79.0,79.01000213623047,161313
2025-05-27,79.01000213623047,80.0999984741211,79.0,79.91000366210938,153421
2025-05-28,79.91000366210938,82.4800033569336,80.0,82.0,474904
2025-05-29,82.0,83.30000305175781,81.19999694824219,81.75,230964
2025-06-01,81.75,82.23999786376953,81.16000366210938,81.16000366210938,424708
2025-06-02,81.16000366210938,81.87999725341797,80.01000213623047,80.55999755859375,77620
2025-06-03,80.55999755859375,80.9800033569336,79.95999908447266,80.11000061035156,136590
2025-06-04,80.11000061035156,80.6500015258789,79.91000366210938,80.5,154041
2025-06-10,80.5,81.20999908447266,80.0199966430664,80.75,69382
2025-06-11,80.75,81.20999908447266,80.0,80.20999908447266,92666
2025-06-12,80.20999908447266,80.5999984741211,78.5,78.51000213623047,528845
2025-06-15,78.51000213623047,77.69999694824219,74.5,76.5999984741211,163295
2025-06-16,76.5999984741211,78.0,76.5999984741211,77.06999969482422,181288
2025-06-17,77.06999969482422,78.51000213623047,75.5,75.95999908447266,82074
2025-06-18,75.95999908447266,76.0,74.4000015258789,74.55000305175781,393602
2025-06-19,74.55000305175781,75.4000015258789,73.0,73.0,242988
2025-06-22,73.0,75.19000244140625,70.0199966430664,73.94999694824219,179305
2025-06-23,73.94999694824219,74.94999694824219,73.58000183105469,73.93000030517578,123834
2025-06-24,73.93000030517578,77.9800033569336,75.0999984741211,77.01000213623047,465692
2025-06-25,77.01000213623047,77.5,76.30000305175781,77.08999633789062,115125
2025-06-29,77.08999633789062,78.5,76.05999755859375,76.18000030517578,319032
2025-06-30,76.18000030517578,76.88999938964844,74.8499984741211,75.06999969482422,307744
2025-07-01,75.06999969482422,77.1500015258789,74.0,75.0,509557
2025-07-02,75.0,76.5999984741211,75.0199966430664,76.43000030517578,270358
2025-07-06,76.43000030517578,78.0999984741211,76.01000213623047,77.58000183105469,281124
2025-07-07,77.58000183105469,77.58000183105469,76.1500015258789,76.76000213623047,70624
2025-07-09,76.76000213623047,77.5,75.5,75.75,214427
2025-07-10,75.75,76.8499984741211,75.75,75.9000015258789,50543
2025-07-13,75.9000015258789,76.4800033569336,75.5999984741211,75.7300033569336,51666
2025-07-14,75.7300033569336,76.25,75.55000305175781,75.62000274658203,60360
2025-07-15,75.62000274658203,76.7300033569336,75.69999694824219,75.80000305175781,204095
2025-07-16,75.80000305175781,78.79000091552734,75.9000015258789,77.19999694824219,894791
2025-07-17,77.19999694824219,78.19999694824219,77.20999908447266,77.55000305175781,179608
2025-07-20,77.55000305175781,77.79000091552734,77.22000122070312,77.36000061035156,57221
2025-07-21,77.36000061035156,77.88999938964844,76.5999984741211,76.5999984741211,119186
2025-07-22,76.5999984741211,77.1500015258789,76.30000305175781,76.55000305175781,88595
2025-07-23,76.55000305175781,76.55000305175781,76.55000305175781,76.55000305175781,0
2025-07-27,76.6500015258789,77.1500015258789,76.01000213623047,76.16000366210938,51696
2025-07-28,76.16000366210938,77.0,74.0,74.0,267747
2025-07-29,74.0,74.98999786376953,74.05999755859375,74.27999877929688,60781
2025-07-30,74.27999877929688,74.95999908447266,74.0199966430664,74.16000366210938,144698
2025-07-31,74.16000366210938,74.55000305175781,74.0999984741211,74.48999786376953,57499
2025-08-03,74.48999786376953,74.48999786376953,74.48999786376953,74.48999786376953,0
2025-08-04,74.48999786376953,74.48999786376953,74.48999786376953,74.48999786376953,0
2025-08-05,74.48999786376953,74.48999786376953,74.48999786376953,74.48999786376953,0
2025-08-06,74.48999786376953,74.48999786376953,74.48999786376953,74.48999786376953,0
2025-08-07,74.48999786376953,74.48999786376953,74.48999786376953,74.48999786376953,0
2025-08-10,74.61000061035156,76.4800033569336,74.69999694824219,76.0,358805
2025-08-11,76.0,79.94000244140625,75.5,79.0,913518
2025-08-12,79.0,79.5999984741211,78.0199966430664,78.73999786376953,240836
2025-08-13,78.73999786376953,79.5,78.05000305175781,79.19999694824219,336453
2025-08-14,79.19999694824219,82.0,78.11000061035156,80.31999969482422,504304
2025-08-17,80.31999969482422,81.30000305175781,79.62000274658203,80.30000305175781,399088
2025-08-18,80.30000305175781,80.75,78.55000305175781,78.55000305175781,341498
2025-08-19,78.55000305175781,79.7300033569336,78.5,79.05000305175781,72176
2025-08-20,79.05000305175781,79.5,77.0,77.22000122070312,190528
2025-08-21,77.22000122070312,77.5,76.51000213623047,77.0,167276
2025-08-24,77.0,77.48999786376953,75.8499984741211,75.9000015258789,127713
2025-08-25,75.9000015258789,76.86000061035156,75.0,75.0999984741211,348918
2025-08-26,75.0999984741211,75.5999984741211,74.51000213623047,74.51000213623047,579721
2025-08-27,74.51000213623047,75.48999786376953,74.5,75.0,324809
2025-08-28,75.0,76.25,74.80999755859375,75.05999755859375,161769
2025-08-31,75.05999755859375,76.0,74.5999984741211,74.9000015258789,78983
2025-09-01,74.9000015258789,75.5,74.51000213623047,74.5999984741211,204867
2025-09-02,74.5999984741211,75.48999786376953,74.0199966430664,74.44999694824219,209662
2025-09-03,74.44999694824219,75.0,74.5,75.0,93749
2025-09-07,75.0,75.5999984741211,75.01000213623047,75.11000061035156,48637
2025-09-08,75.11000061035156,75.5999984741211,75.0,75.0,141904
2025-09-09,75.0,75.4800033569336,75.0,75.01000213623047,167911
2025-09-10,75.01000213623047,75.0199966430664,74.5999984741211,74.69000244140625,192049
2025-09-11,74.69000244140625,75.4800033569336,74.5,74.7699966430664,128434
2025-09-14,74.7699966430664,75.18000030517578,74.23999786376953,74.91000366210938,371311
2025-09-15,74.91000366210938,75.0,73.80999755859375,74.05000305175781,166263
2025-09-16,74.05000305175781,74.95999908447266,73.5199966430664,73.62000274658203,97412
2025-09-17,73.62000274658203,73.9000015258789,73.25,73.5199966430664,145598
2025-09-18,73.5199966430664,74.44999694824219,73.19999694824219,73.97000122070312,163994
2025-09-21,73.97000122070312,74.0,73.20999908447266,73.51000213623047,54148
2025-09-22,73.51000213623047,73.87000274658203,72.94999694824219,72.98999786376953,87154
2025-09-23,72.98999786376953,74.2300033569336,72.9000015258789,73.55000305175781,389363
2025-09-24,73.55000305175781,74.2699966430664,73.27999877929688,73.37999725341797,97034
2025-09-25,73.37999725341797,74.0,72.4000015258789,72.69000244140625,504248
2025-09-28,72.69000244140625,73.44999694824219,72.7699966430664,72.88999938964844,77915
2025-09-29,72.88999938964844,75.0999984741211,72.9000015258789,74.33000183105469,400350
2025-09-30,74.33000183105469,74.88999938964844,73.9000015258789,73.9000015258789,177273
2025-10-01,73.9000015258789,74.48999786376953,73.69999694824219,73.83999633789062,53479
2025-10-02,73.83999633789062,74.4000015258789,73.72000122070312,74.0199966430664,144745
2025-10-05,74.0199966430664,74.80000305175781,74.11000061035156,74.41999816894531,56618
2025-10-06,74.41999816894531,75.52999877929688,74.02999877929688,75.19000244140625,238326
2025-10-07,75.19000244140625,76.76000213623047,75.0199966430664,75.83000183105469,371014
2025-10-08,75.83000183105469,76.66000366210938,75.0999984741211,76.4800033569336,214657
2025-10-12,76.4800033569336,79.0,75.80000305175781,78.05999755859375,619007
2025-10-13,78.05999755859375,79.0,77.13999938964844,77.77999877929688,301221
2025-10-14,77.77999877929688,78.4800033569336,76.5999984741211,76.62000274658203,102156
2025-10-15,76.62000274658203,77.7699966430664,76.05000305175781,77.5,229025
2025-10-16,77.5,78.48999786376953,77.26000213623047,77.58999633789062,215119
2025-10-19,77.58999633789062,77.58999633789062,77.58999633789062,77.58999633789062,0
2025-10-20,77.58999633789062,82.98999786376953,77.0999984741211,77.5,363946
2025-10-21,77.5,77.97000122070312,77.0999984741211,77.36000061035156,163510
2025-10-22,77.36000061035156,78.4000015258789,77.1500015258789,77.20999908447266,154903
2025-10-23,77.20999908447266,77.80000305175781,76.91000366210938,76.94999694824219,130891
2025-10-26,76.94999694824219,77.48999786376953,75.80000305175781,76.19999694824219,168345
2025-10-27,76.19999694824219,76.95999908447266,76.19999694824219,76.72000122070312,85972
2025-10-28,76.72000122070312,77.0,75.9000015258789,75.98999786376953,257562
2025-10-29,75.98999786376953,76.73999786376953,75.52999877929688,75.95999908447266,74438
2025-10-30,75.95999908447266,76.5,75.41000366210938,75.86000061035156,48381
2025-11-02,75.86000061035156,76.19000244140625,75.11000061035156,75.12000274658203,67472
2025-11-03,75.12000274658203,75.9800033569336,75.0,75.97000122070312,200983
2025-11-04,75.97000122070312,76.0,75.02999877929688,75.05999755859375,77683
2025-11-05,75.05999755859375,75.9000015258789,74.83000183105469,75.01000213623047,376188
2025-11-06,75.01000213623047,82.98999786376953,75.0,79.08999633789062,2571412
2025-11-09,79.08999633789062,83.5,80.0999984741211,82.11000061035156,2064816
2025-11-10,82.11000061035156,83.18000030517578,80.51000213623047,80.6500015258789,750379
2025-11-11,80.6500015258789,82.0,80.26000213623047,80.70999908447266,319019
2025-11-12,80.70999908447266,81.69999694824219,80.72000122070312,81.06999969482422,395881
2025-11-13,81.06999969482422,81.80000305175781,79.05000305175781,79.80000305175781,358182
2025-11-16,79.80000305175781,80.0,77.80000305175781,77.97000122070312,641988
2025-11-17,77.97000122070312,79.5,77.9000015258789,79.0,334699
2025-11-18,79.0,79.5999984741211,77.0,77.0,253269
2025-11-19,77.0,77.44999694824219,76.61000061035156,77.0,157275
2025-11-20,77.0,77.47000122070312,76.5,76.69999694824219,155084
2025-11-23,76.69999694824219,78.0,76.52999877929688,76.52999877929688,153018
2025-11-24,76.52999877929688,77.0,76.0199966430664,76.0199966430664,154324
2025-11-25,76.0199966430664,76.5999984741211,75.19999694824219,75.54000091552734,150349
2025-11-26,75.54000091552734,78.86000061035156,75.61000061035156,76.70999908447266,319165
2025-11-27,76.70999908447266,77.75,76.41999816894531,76.52999877929688,128968
2025-11-30,76.52999877929688,77.88999938964844,76.0,76.01000213623047,127411
2025-12-01,76.01000213623047,77.5,76.19999694824219,76.77999877929688,141509
2025-12-02,76.77999877929688,77.30000305175781,76.0199966430664,76.38999938964844,107126
2025-12-03,76.38999938964844,77.0999984741211,76.30000305175781,76.70999908447266,71443
2025-12-04,76.70999908447266,77.19999694824219,76.19999694824219,76.19999694824219,90029
2025-12-07,76.19999694824219,76.9800033569336,75.80000305175781,76.13999938964844,54092
2025-12-08,76.13999938964844,77.0,62.099998474121094,65.5199966430664,323857
2025-12-09,65.5199966430664,78.62000274658203,72.0,75.30999755859375,441820
2025-12-10,75.30999755859375,76.19999694824219,75.01000213623047,75.26000213623047,172616
2025-12-11,75.26000213623047,75.9000015258789,75.2699966430664,75.61000061035156,450109
2025-12-14,75.61000061035156,76.0,75.5,75.77999877929688,103967
2025-12-15,75.77999877929688,76.29000091552734,75.5,76.16000366210938,180436
2025-12-16,76.16000366210938,76.9000015258789,76.0,76.16000366210938,94218
2025-12-17,76.16000366210938,76.30000305175781,75.75,76.02999877929688,89129
2025-12-18,76.02999877929688,76.0999984741211,75.19999694824219,75.27999877929688,290927
2025-12-21,75.27999877929688,76.0,75.30000305175781,75.51000213623047,62570
2025-12-22,75.51000213623047,76.69999694824219,75.5999984741211,75.86000061035156,77712
2025-12-23,75.86000061035156,76.33000183105469,75.70999908447266,76.2699966430664,143904
2025-12-24,76.2699966430664,76.5999984741211,76.0,76.0,52208
2025-12-25,76.0,76.5,75.91999816894531,76.02999877929688,48070
2025-12-28,76.02999877929688,76.5,76.0,76.0199966430664,79715
2025-12-29,76.0199966430664,78.5,76.0,76.72000122070312,429132
2025-12-30,76.72000122070312,78.0,76.73999786376953,77.01000213623047,79444
2025-12-31,77.01000213623047,78.62000274658203,77.0199966430664,78.25,451471
2026-01-04,78.25,79.4800033569336,77.0,77.0,351794
2026-01-05,77.0,77.5,76.0,76.33999633789062,169453
2026-01-06,76.33999633789062,78.98999786376953,76.3499984741211,78.95999908447266,496599
2026-01-08,78.95999908447266,81.9800033569336,79.12999725341797,80.5,803940
2026-01-11,80.5,81.9000015258789,80.0,80.47000122070312,322281
2026-01-12,80.47000122070312,80.9800033569336,79.55999755859375,80.6500015258789,352373
2026-01-13,80.6500015258789,80.80000305175781,78.4000015258789,78.51000213623047,223587
2026-01-14,78.51000213623047,80.0999984741211,76.62000274658203,79.0,412367
2026-01-15,79.0,78.88999938964844,76.19000244140625,76.52999877929688,107899
2026-01-18,76.52999877929688,78.8499984741211,76.87999725341797,77.98999786376953,85280
2026-01-19,77.98999786376953,80.0,78.0,79.4000015258789,234177
2026-01-20,79.4000015258789,82.80000305175781,79.5999984741211,81.1500015258789,1009963
2026-01-21,81.1500015258789,84.1500015258789,80.5,83.9000015258789,1175409
2026-01-22,83.9000015258789,84.9000015258789,82.69999694824219,82.7300033569336,534626
2026-01-25,82.7300033569336,84.45999908447266,80.80000305175781,80.9800033569336,518216
2026-01-26,80.9800033569336,82.79000091552734,80.11000061035156,80.16000366210938,220029
2026-01-27,80.16000366210938,81.30000305175781,78.5999984741211,78.5999984741211,272617
2026-01-28,78.5999984741211,79.69999694824219,78.5,78.66000366210938,147592
2026-02-01,78.66000366210938,79.66999816894531,77.20999908447266,77.5,263633
2026-02-02,77.5,78.94999694824219,77.5,78.0,283791
2026-02-03,78.0,80.4800033569336,78.04000091552734,80.01000213623047,532925
2026-02-04,80.01000213623047,81.44000244140625,79.80000305175781,80.87999725341797,431009
2026-02-05,80.87999725341797,80.97000122070312,79.01000213623047,79.88999938964844,220182
2026-02-08,79.88999938964844,81.0,79.01000213623047,79.01000213623047,476230
2026-02-09,79.01000213623047,79.98999786376953,78.0,78.45999908447266,332179
2026-02-10,78.45999908447266,79.3499984741211,78.55000305175781,79.08999633789062,128373
2026-02-11,79.08999633789062,79.8499984741211,78.41999816894531,78.41999816894531,130677
2026-02-12,78.41999816894531,79.0,78.0,78.5199966430664,146672
2026-02-15,78.5199966430664,79.5,78.5,79.48999786376953,149004
2026-02-16,79.48999786376953,79.98999786376953,78.5199966430664,78.58999633789062,232459
2026-02-17,78.58999633789062,79.30000305175781,78.44999694824219,79.01000213623047,133918
2026-02-18,79.01000213623047,84.38999938964844,78.9000015258789,83.48999786376953,2057824
2026-02-19,83.48999786376953,84.80000305175781,80.0199966430664,80.75,1035574
2026-02-22,80.75,81.7699966430664,79.11000061035156,79.18000030517578,490466
2026-02-23,79.18000030517578,81.0,79.18000030517578,80.1500015258789,172307
2026-02-24,80.1500015258789,80.9800033569336,78.5999984741211,78.81999969482422,287499
2026-02-25,78.81999969482422,79.88999938964844,77.01000213623047,77.52999877929688,725407
2026-02-26,77.52999877929688,78.37000274658203,62.029998779296875,77.48999786376953,295287
2026-03-01,77.48999786376953,76.69000244140625,73.25,75.8499984741211,856554
2026-03-02,75.8499984741211,77.98999786376953,75.9000015258789,76.80999755859375,297201
2026-03-03,76.80999755859375,77.58999633789062,75.91000366210938,76.66000366210938,130489
2026-03-04,76.66000366210938,78.0999984741211,76.5199966430664,78.0,165545
2026-03-05,78.0,79.98999786376953,77.9000015258789,77.93000030517578,171627
2026-03-08,77.93000030517578,79.5,77.9000015258789,79.19999694824219,194427
2026-03-09,79.19999694824219,81.48999786376953,79.22000122070312,79.22000122070312,654801
2026-03-10,79.22000122070312,80.16999816894531,79.25,79.4000015258789,139379
2026-03-11,79.4000015258789,79.94999694824219,79.11000061035156,79.5,119762
2026-03-12,79.5,80.0,79.01000213623047,79.02999877929688,108210
2026-03-15,79.02999877929688,79.55000305175781,78.0,78.30000305175781,106810
2026-03-16,78.30000305175781,79.0,77.61000061035156,78.0,88523
2026-03-17,78.0,81.0,78.0,78.37000274658203,99325
2026-03-18,78.37000274658203,78.87999725341797,78.30000305175781,78.52999877929688,71886
2026-03-19,78.52999877929688,78.52999877929688,78.52999877929688,78.52999877929688,0
2026-03-24,78.52999877929688,79.0,78.0999984741211,78.62000274658203,111670
2026-03-25,78.62000274658203,78.95999908447266,77.98999786376953,78.25,117475
2026-03-26,78.25,78.5999984741211,78.22000122070312,78.30999755859375,66596
2026-03-29,78.30999755859375,78.4800033569336,77.51000213623047,77.93000030517578,186783
2026-03-30,77.93000030517578,78.1500015258789,77.8499984741211,78.0,177213
2026-03-31,78.0,78.16000366210938,77.80000305175781,78.0,85421
2026-04-01,78.0,80.0999984741211,78.0,79.01000213623047,220143
2026-04-02,79.01000213623047,79.56999969482422,79.0199966430664,79.22000122070312,77647
2026-04-05,79.22000122070312,79.63999938964844,78.5999984741211,79.0,75530
2026-04-06,79.0,79.30999755859375,78.80000305175781,78.88999938964844,64663
2026-04-07,78.88999938964844,79.13999938964844,78.0,78.16000366210938,115546
2026-04-08,78.16000366210938,79.94999694824219,78.5999984741211,79.19999694824219,225047
2026-04-09,79.19999694824219,81.44999694824219,78.80000305175781,81.38999938964844,377084
2026-04-14,81.38999938964844,82.80000305175781,81.41999816894531,81.44999694824219,660098
2026-04-15,81.44999694824219,81.98999786376953,80.26000213623047,81.12999725341797,210546
2026-04-16,81.12999725341797,81.94999694824219,80.5999984741211,80.81999969482422,191640
2026-04-19,80.81999969482422,81.4000015258789,80.5,80.77999877929688,249702
2026-04-20,80.77999877929688,81.5,80.56999969482422,81.5,259052
2026-04-21,81.5,81.9000015258789,80.25,80.4000015258789,202218
2026-04-22,80.4000015258789,82.1500015258789,80.4000015258789,81.94999694824219,311392
2026-04-23,81.94999694824219,82.9000015258789,81.62000274658203,81.81999969482422,293285
2026-04-26,81.81999969482422,82.9800033569336,81.9000015258789,81.9000015258789,284318
2026-04-27,81.9000015258789,86.9000015258789,83.4000015258789,86.01000213623047,2050056
2026-04-28,86.01000213623047,89.19999694824219,86.19999694824219,87.30000305175781,1204405
2026-04-29,87.30000305175781,87.80000305175781,86.19999694824219,86.69999694824219,329914
2026-04-30,86.69999694824219,88.8499984741211,86.69999694824219,87.0,550265
2026-05-03,87.0,88.19999694824219,86.80000305175781,87.11000061035156,307485
2026-05-04,87.11000061035156,87.86000061035156,86.0199966430664,87.11000061035156,317056
2026-05-05,87.11000061035156,87.80000305175781,86.01000213623047,87.12999725341797,261369
2026-05-06,87.12999725341797,91.87000274658203,87.30000305175781,90.93000030517578,1988943
2026-05-10,90.93000030517578,93.0,91.16999816894531,91.55000305175781,779791
2026-05-11,91.55000305175781,91.9000015258789,88.0,90.19999694824219,421869
2026-05-12,90.19999694824219,91.69999694824219,89.06999969482422,89.51000213623047,340390
2026-05-13,89.51000213623047,90.79000091552734,88.5,89.4000015258789,444582
2026-05-14,89.4000015258789,91.4000015258789,89.5,89.80000305175781,585150
2026-05-17,89.80000305175781,90.69999694824219,88.0,88.9800033569336,434516
2026-05-18,88.9800033569336,89.0,87.04000091552734,87.04000091552734,244256
2026-05-19,87.04000091552734,88.87999725341797,87.12999725341797,88.51000213623047,191453
2026-05-20,88.51000213623047,90.94999694824219,88.25,88.27999877929688,220124
2026-05-21,88.27999877929688,88.98999786376953,87.0199966430664,87.9000015258789,139856
2026-05-24,87.9000015258789,89.0999984741211,88.01000213623047,88.72000122070312,117638
2026-05-25,88.72000122070312,89.88999938964844,88.75,89.2699966430664,168449
2026-05-26,89.2699966430664,89.2699966430664,89.2699966430664,89.2699966430664,0
2026-05-27,89.2699966430664,89.2699966430664,89.2699966430664,89.2699966430664,0
2026-05-28,89.2699966430664,89.2699966430664,89.2699966430664,89.2699966430664,0
2026-06-01,89.2699966430664,91.5999984741211,89.51000213623047,91.19000244140625,562813
2026-06-02,91.19000244140625,90.7699966430664,88.5,89.4000015258789,458963
2026-06-03,89.4000015258789,90.0,88.6500015258789,88.93000030517578,153145
2026-06-04,88.93000030517578,89.0,88.0,88.54000091552734,116470
2026-06-07,88.54000091552734,88.54000091552734,87.0999984741211,88.05999755859375,157396
2026-06-08,88.05999755859375,88.05999755859375,87.1500015258789,87.19999694824219,188222
2026-06-09,87.19999694824219,88.27999877929688,87.20999908447266,87.31999969482422,104725
2026-06-10,87.31999969482422,88.0,86.19999694824219,86.19999694824219,205983
2026-06-11,86.19999694824219,86.0,84.01000213623047,84.41000366210938,245247
2026-06-14,84.41000366210938,87.0,85.66000366210938,86.37000274658203,119143
2026-06-15,86.37000274658203,87.80000305175781,86.05000305175781,86.4000015258789,92708
2026-06-16,86.4000015258789,87.0,86.08999633789062,86.12999725341797,62963
2026-06-17,86.12999725341797,86.12999725341797,86.12999725341797,86.12999725341797,0
2026-06-18,86.12999725341797,86.12999725341797,86.12999725341797,86.12999725341797,0
2026-06-21,86.75,87.5,86.75,87.2699966430664,113191
2026-06-22,87.2699966430664,87.2699966430664,87.2699966430664,87.2699966430664,0
2026-06-23,88.1500015258789,90.97000122070312,88.0199966430664,88.22000122070312,461989
2026-06-24,88.22000122070312,88.73999786376953,87.0999984741211,87.37000274658203,121546
2026-06-25,87.37000274658203,89.19999694824219,86.75,86.95999908447266,145382
2026-06-28,86.95999908447266,87.97000122070312,84.5,85.54000091552734,173980
2026-06-29,85.54000091552734,85.94999694824219,84.30000305175781,85.01000213623047,161134
2026-06-30,85.01000213623047,86.5,85.11000061035156,86.01000213623047,128514
2026-07-01,86.01000213623047,87.5,86.0999984741211,87.5,91899
2026-07-05,87.5,88.4800033569336,87.5,87.51000213623047,109358
2026-07-06,87.51000213623047,88.5,87.51000213623047,87.87999725341797,98276
2026-07-07,87.87999725341797,89.95999908447266,88.01000213623047,89.5,206895
2026-07-08,89.5,89.5,87.41000366210938,87.5,139900
2026-07-09,87.5,89.0,87.5,89.0,93701
2026-07-12,89.0,89.5,88.04000091552734,88.7699966430664,121544
2026-07-13,88.7699966430664,88.94999694824219,88.08000183105469,88.47000122070312,55524
2026-07-14,88.47000122070312,88.94999694824219,87.41000366210938,88.69999694824219,194675
2026-07-15,88.69999694824219,91.48999786376953,89.0,90.5,572985
2026-07-16,90.5,91.5,90.5199966430664,91.41000366210938,249311
2026-07-19,91.41000366210938,93.80000305175781,90.9000015258789,92.62000274658203,409194
2026-07-20,92.62000274658203,93.44000244140625,91.01000213623047,92.0,226826
2026-07-21,92.0,92.98999786376953,91.5,91.9000015258789,228825
2026-07-22,91.9000015258789,93.9000015258789,91.9000015258789,93.5999984741211,309323
2026-07-26,93.5999984741211,97.5,93.94999694824219,96.3499984741211,750015
2026-07-27,96.3499984741211,97.30000305175781,94.80000305175781,95.9000015258789,259537
2026-07-28,95.9000015258789,96.08999633789062,95.0,95.41999816894531,114809
2026-07-29,95.41999816894531,95.7300033569336,93.5,94.94999694824219,190651
2026-07-30,94.94999694824219,94.4800033569336,91.80000305175781,93.0,270010
