date,fetched_close,reference_close,_merge,diff,match
2014-12-23,,8710.6,right_only,,False
2014-12-24,,8766.12,right_only,,False
2014-12-25,,8740.12,right_only,,False
2014-12-28,,8745.16,right_only,,False
2014-12-29,,8958.13,right_only,,False
2014-12-30,,9005.75,right_only,,False
2014-12-31,,8926.58,right_only,,False
2015-01-04,,8942.65,right_only,,False
2015-01-05,,9011.07,right_only,,False
2015-01-06,,8798.94,right_only,,False
2015-01-08,,8946.34,right_only,,False
2015-01-11,,8909.75,right_only,,False
2015-01-12,,9109.23,right_only,,False
2015-01-13,,9308.98,right_only,,False
2015-01-14,,9544.08,right_only,,False
2015-01-15,,9555.99,right_only,,False
2015-01-18,,9530.92,right_only,,False
2015-01-19,,9599.1,right_only,,False
2015-01-20,,9804.18,right_only,,False
2015-01-21,,9856.3,right_only,,False
2015-01-22,,9898.86,right_only,,False
2015-01-26,,9834.81,right_only,,False
2015-01-27,,9946.58,right_only,,False
2015-01-28,,9863.73,right_only,,False
2015-01-29,,9843.1,right_only,,False
2015-02-01,,9779.76,right_only,,False
2015-02-02,,9830.46,right_only,,False
2015-02-03,,9954.34,right_only,,False
2015-02-04,,10045.93,right_only,,False
2015-02-05,,9965.43,right_only,,False
2015-02-08,,9957.93,right_only,,False
2015-02-09,,9884.46,right_only,,False
2015-02-10,,9900.65,right_only,,False
2015-02-11,,9770.78,right_only,,False
2015-02-12,,9747.36,right_only,,False
2015-02-15,,9789.79,right_only,,False
2015-02-16,,9585.92,right_only,,False
2015-02-17,,9433.85,right_only,,False
2015-02-18,,9537.23,right_only,,False
2015-02-19,,9481.2,right_only,,False
2015-02-22,,9494.55,right_only,,False
2015-02-23,,9601.14,right_only,,False
2015-02-24,,9611.66,right_only,,False
2015-02-25,,9469.08,right_only,,False
2015-02-26,,9334.01,right_only,,False
2015-03-01,,9283.59,right_only,,False
2015-03-02,,9456.33,right_only,,False
2015-03-03,,9475.27,right_only,,False
2015-03-04,,9461.06,right_only,,False
2015-03-05,,9575.98,right_only,,False
2015-03-08,,9638.41,right_only,,False
2015-03-09,,9713.61,right_only,,False
2015-03-10,,9709.5,right_only,,False
2015-03-11,,9576.46,right_only,,False
2015-03-12,,9640.77,right_only,,False
2015-03-15,,9726.03,right_only,,False
2015-03-16,,9529.01,right_only,,False
2015-03-17,,9561.33,right_only,,False
2015-03-18,,9484.08,right_only,,False
2015-03-19,,9518.28,right_only,,False
2015-03-22,,9354.73,right_only,,False
2015-03-23,,9374.12,right_only,,False
2015-03-24,,9367.54,right_only,,False
2015-03-25,,9198.46,right_only,,False
2015-03-26,,9052.5,right_only,,False
2015-03-29,,9062.99,right_only,,False
2015-03-30,,9118.97,right_only,,False
2015-03-31,,9134.78,right_only,,False
2015-04-01,,9099.33,right_only,,False
2015-04-02,,8891.73,right_only,,False
2015-04-05,,8607.66,right_only,,False
2015-04-06,,8508.24,right_only,,False
2015-04-07,,8716.37,right_only,,False
2015-04-08,,8788.9,right_only,,False
2015-04-09,,8892.53,right_only,,False
2015-04-14,,8927.53,right_only,,False
2015-04-15,,8896.68,right_only,,False
2015-04-16,,8886.84,right_only,,False
2015-04-19,,8765.34,right_only,,False
2015-04-20,,8595.78,right_only,,False
2015-04-21,,8575.27,right_only,,False
2015-04-22,,8629.49,right_only,,False
2015-04-23,,8731.29,right_only,,False
2015-04-26,,8633.86,right_only,,False
2015-04-27,,8493.68,right_only,,False
2015-04-28,,8330.52,right_only,,False
2015-04-29,,8488.49,right_only,,False
2015-04-30,,8672.29,right_only,,False
2015-05-03,,8562.97,right_only,,False
2015-05-04,,8652.12,right_only,,False
2015-05-05,,8828.33,right_only,,False
2015-05-06,,8756.31,right_only,,False
2015-05-07,,8742.42,right_only,,False
2015-05-10,,8692.0,right_only,,False
2015-05-11,,8691.85,right_only,,False
2015-05-12,,8674.34,right_only,,False
2015-05-13,,8526.43,right_only,,False
2015-05-14,,8303.37,right_only,,False
2015-05-17,,8260.92,right_only,,False
2015-05-18,,8798.17,right_only,,False
2015-05-19,,8877.68,right_only,,False
2015-05-20,,8826.45,right_only,,False
2015-05-21,,8988.03,right_only,,False
2015-05-24,,9121.92,right_only,,False
2015-05-25,,9050.76,right_only,,False
2015-05-26,,8975.32,right_only,,False
2015-05-27,,8966.71,right_only,,False
2015-05-28,,8912.05,right_only,,False
2015-05-31,,8782.55,right_only,,False
2015-06-01,,8745.04,right_only,,False
2015-06-02,,8847.59,right_only,,False
2015-06-03,,8905.6,right_only,,False
2015-06-04,,8780.76,right_only,,False
2015-06-07,,8728.87,right_only,,False
2015-06-08,,8672.33,right_only,,False
2015-06-09,,8660.93,right_only,,False
2015-06-10,,8639.43,right_only,,False
2015-06-11,,8626.46,right_only,,False
2015-06-14,,8534.13,right_only,,False
2015-06-15,,8515.63,right_only,,False
2015-06-16,,8556.1,right_only,,False
2015-06-17,,8556.55,right_only,,False
2015-06-18,,8576.71,right_only,,False
2015-06-21,,8535.19,right_only,,False
2015-06-22,,8489.41,right_only,,False
2015-06-23,,8444.93,right_only,,False
2015-06-24,,8456.82,right_only,,False
2015-06-25,,8406.17,right_only,,False
2015-06-28,,8511.98,right_only,,False
2015-06-29,,8371.53,right_only,,False
2015-07-02,,8314.72,right_only,,False
2015-07-05,,8218.25,right_only,,False
2015-07-06,,7870.78,right_only,,False
2015-07-07,,7752.94,right_only,,False
2015-07-08,,7550.98,right_only,,False
2015-07-09,,7617.39,right_only,,False
2015-07-12,,7691.35,right_only,,False
2015-07-13,,7587.07,right_only,,False
2015-07-14,,7686.91,right_only,,False
2015-07-15,,7882.62,right_only,,False
2015-07-16,,8022.91,right_only,,False
2015-07-21,,8049.69,right_only,,False
2015-07-22,,8087.24,right_only,,False
2015-07-26,,8004.83,right_only,,False
2015-07-27,,7887.87,right_only,,False
2015-07-28,,7949.89,right_only,,False
2015-07-29,,8105.69,right_only,,False
2015-07-30,,8191.53,right_only,,False
2015-08-02,,8158.31,right_only,,False
2015-08-03,,8087.54,right_only,,False
2015-08-04,,8181.95,right_only,,False
2015-08-05,,8114.08,right_only,,False
2015-08-09,,8011.06,right_only,,False
2015-08-10,,8028.69,right_only,,False
2015-08-11,,8083.18,right_only,,False
2015-08-12,,7911.88,right_only,,False
2015-08-13,,7879.82,right_only,,False
2015-08-16,,7625.76,right_only,,False
2015-08-17,,7594.05,right_only,,False
2015-08-18,,7398.43,right_only,,False
2015-08-19,,7240.77,right_only,,False
2015-08-20,,7172.63,right_only,,False
2015-08-23,,6784.09,right_only,,False
2015-08-24,,6654.06,right_only,,False
2015-08-25,,6836.95,right_only,,False
2015-08-26,,6873.49,right_only,,False
2015-08-27,,7078.83,right_only,,False
2015-08-30,,7055.28,right_only,,False
2015-08-31,,7252.43,right_only,,False
2015-09-01,,7203.86,right_only,,False
2015-09-02,,7150.47,right_only,,False
2015-09-03,,7295.96,right_only,,False
2015-09-06,,7273.92,right_only,,False
2015-09-07,,7166.62,right_only,,False
2015-09-08,,6924.05,right_only,,False
2015-09-09,,7050.02,right_only,,False
2015-09-10,,7039.33,right_only,,False
2015-09-13,,7082.0,right_only,,False
2015-09-14,,7158.1,right_only,,False
2015-09-15,,7175.59,right_only,,False
2015-09-16,,7266.42,right_only,,False
2015-09-17,,7267.52,right_only,,False
2015-09-20,,7234.46,right_only,,False
2015-09-21,,7285.25,right_only,,False
2015-09-22,,7346.54,right_only,,False
2015-09-28,,7409.06,right_only,,False
2015-09-29,,7331.53,right_only,,False
2015-09-30,,7332.88,right_only,,False
2015-10-01,,7310.71,right_only,,False
2015-10-04,,7263.29,right_only,,False
2015-10-05,,7239.27,right_only,,False
2015-10-07,,7354.56,right_only,,False
2015-10-08,,7491.67,right_only,,False
2015-10-11,,7547.66,right_only,,False
2015-10-12,,7650.65,right_only,,False
2015-10-13,,7669.12,right_only,,False
2015-10-15,,7594.45,right_only,,False
2015-10-18,,7538.22,right_only,,False
2015-10-19,,7621.67,right_only,,False
2015-10-20,,7658.95,right_only,,False
2015-10-21,,7669.14,right_only,,False
2015-10-22,,7611.03,right_only,,False
2015-10-25,,7653.14,right_only,,False
2015-10-26,,7577.53,right_only,,False
2015-10-27,,7534.08,right_only,,False
2015-10-28,,7479.59,right_only,,False
2015-10-29,,7507.89,right_only,,False
2015-11-01,,7413.01,right_only,,False
2015-11-02,,7434.69,right_only,,False
2015-11-03,,7432.96,right_only,,False
2015-11-04,,7450.36,right_only,,False
2015-11-05,,7541.72,right_only,,False
2015-11-08,,7347.22,right_only,,False
2015-11-09,,7138.81,right_only,,False
2015-11-10,,6824.74,right_only,,False
2015-11-11,,6801.9,right_only,,False
2015-11-12,,6806.67,right_only,,False
2015-11-15,,6522.12,right_only,,False
2015-11-16,,6480.65,right_only,,False
2015-11-17,,6407.33,right_only,,False
2015-11-18,,6413.97,right_only,,False
2015-11-19,,6568.97,right_only,,False
2015-11-22,,6607.53,right_only,,False
2015-11-23,,6451.32,right_only,,False
2015-11-24,,6321.39,right_only,,False
2015-11-25,,6391.07,right_only,,False
2015-11-26,,6427.82,right_only,,False
2015-11-29,,6477.73,right_only,,False
2015-11-30,,6356.65,right_only,,False
2015-12-01,,6424.88,right_only,,False
2015-12-02,,6649.72,right_only,,False
2015-12-03,,6779.28,right_only,,False
2015-12-06,,6837.42,right_only,,False
2015-12-07,,6777.81,right_only,,False
2015-12-08,,6608.01,right_only,,False
2015-12-09,,6629.32,right_only,,False
2015-12-10,,6637.91,right_only,,False
2015-12-13,,6395.2,right_only,,False
2015-12-14,,6408.12,right_only,,False
2015-12-15,,6421.0,right_only,,False
2015-12-16,,6488.51,right_only,,False
2015-12-17,,6669.8,right_only,,False
2015-12-20,,6707.66,right_only,,False
2015-12-21,,6762.26,right_only,,False
2015-12-22,,6769.08,right_only,,False
2015-12-24,,6812.65,right_only,,False
2015-12-27,,6749.11,right_only,,False
2015-12-28,,6744.47,right_only,,False
2015-12-29,,6794.75,right_only,,False
2015-12-30,,6981.01,right_only,,False
2015-12-31,,7006.01,right_only,,False
2016-01-03,,7089.06,right_only,,False
2016-01-04,,6982.25,right_only,,False
2016-01-05,,7021.42,right_only,,False
2016-01-06,,6922.71,right_only,,False
2016-01-10,,6782.35,right_only,,False
2016-01-11,,6634.98,right_only,,False
2016-01-12,,6463.92,right_only,,False
2016-01-13,,6205.23,right_only,,False
2016-01-14,,5857.7,right_only,,False
2016-01-17,,5760.19,right_only,,False
2016-01-18,,5941.19,right_only,,False
2016-01-19,,6097.45,right_only,,False
2016-01-20,,5776.59,right_only,,False
2016-01-21,,5713.35,right_only,,False
2016-01-24,,5893.54,right_only,,False
2016-01-26,,5896.56,right_only,,False
2016-01-27,,5960.59,right_only,,False
2016-01-28,,5986.78,right_only,,False
2016-01-31,,5992.72,right_only,,False
2016-02-01,,5906.92,right_only,,False
2016-02-02,,6008.85,right_only,,False
2016-02-03,,6066.54,right_only,,False
2016-02-04,,6202.22,right_only,,False
2016-02-07,,6126.47,right_only,,False
2016-02-08,,6174.77,right_only,,False
2016-02-09,,6004.41,right_only,,False
2016-02-10,,6062.65,right_only,,False
2016-02-11,,5813.72,right_only,,False
2016-02-14,,5753.74,right_only,,False
2016-02-15,,5800.05,right_only,,False
2016-02-16,,5894.6,right_only,,False
2016-02-17,,5947.7,right_only,,False
2016-02-18,,5944.47,right_only,,False
2016-02-21,,6007.88,right_only,,False
2016-02-22,,6086.45,right_only,,False
2016-02-23,,6104.74,right_only,,False
2016-02-24,,6054.03,right_only,,False
2016-02-25,,6079.13,right_only,,False
2016-02-28,,6156.01,right_only,,False
2016-02-29,,6146.93,right_only,,False
2016-03-01,,6115.54,right_only,,False
2016-03-02,,6076.57,right_only,,False
2016-03-03,,6089.34,right_only,,False
2016-03-06,,6214.94,right_only,,False
2016-03-07,,6261.41,right_only,,False
2016-03-08,,6339.76,right_only,,False
2016-03-09,,6372.64,right_only,,False
2016-03-10,,6563.65,right_only,,False
2016-03-13,,6563.83,right_only,,False
2016-03-14,,7003.85,right_only,,False
2016-03-15,,7139.44,right_only,,False
2016-03-16,,7228.68,right_only,,False
2016-03-17,,7485.69,right_only,,False
2016-03-20,,7465.86,right_only,,False
2016-03-21,,7494.12,right_only,,False
2016-03-22,,7430.33,right_only,,False
2016-03-23,,7495.47,right_only,,False
2016-03-24,,7548.22,right_only,,False
2016-03-27,,7480.11,right_only,,False
2016-03-28,,7494.1,right_only,,False
2016-03-29,,7567.46,right_only,,False
2016-03-30,,7485.06,right_only,,False
2016-03-31,,7524.99,right_only,,False
2016-04-03,,7521.2,right_only,,False
2016-04-04,,7577.02,right_only,,False
2016-04-05,,7657.98,right_only,,False
2016-04-06,,7459.84,right_only,,False
2016-04-07,,7478.74,right_only,,False
2016-04-10,,7403.77,right_only,,False
2016-04-11,,7342.46,right_only,,False
2016-04-12,,7331.05,right_only,,False
2016-04-13,,7420.61,right_only,,False
2016-04-14,,7463.1,right_only,,False
2016-04-17,,7517.02,right_only,,False
2016-04-18,,7662.44,right_only,,False
2016-04-19,,7864.03,right_only,,False
2016-04-20,,7799.86,right_only,,False
2016-04-21,,7781.45,right_only,,False
2016-04-24,,7743.41,right_only,,False
2016-04-26,,7886.82,right_only,,False
2016-04-27,,7863.58,right_only,,False
2016-04-28,,7773.23,right_only,,False
2016-05-03,,7531.59,right_only,,False
2016-05-04,,7442.44,right_only,,False
2016-05-05,,7547.49,right_only,,False
2016-05-08,,7571.7,right_only,,False
2016-05-09,,7646.02,right_only,,False
2016-05-10,,7621.91,right_only,,False
2016-05-11,,7503.4,right_only,,False
2016-05-12,,7520.52,right_only,,False
2016-05-15,,7373.0,right_only,,False
2016-05-16,,7409.27,right_only,,False
2016-05-17,,7549.97,right_only,,False
2016-05-18,,7637.04,right_only,,False
2016-05-19,,7499.49,right_only,,False
2016-05-22,,7494.76,right_only,,False
2016-05-23,,7417.08,right_only,,False
2016-05-24,,7497.33,right_only,,False
2016-05-25,,7543.43,right_only,,False
2016-05-26,,7531.15,right_only,,False
2016-05-29,,7486.13,right_only,,False
2016-05-30,,7452.88,right_only,,False
2016-05-31,,7483.65,right_only,,False
2016-06-01,,7572.39,right_only,,False
2016-06-02,,7617.88,right_only,,False
2016-06-05,,7563.5,right_only,,False
2016-06-06,,7639.59,right_only,,False
2016-06-07,,7717.35,right_only,,False
2016-06-08,,7780.13,right_only,,False
2016-06-09,,7756.3,right_only,,False
2016-06-12,,7650.62,right_only,,False
2016-06-13,,7645.21,right_only,,False
2016-06-14,,7570.05,right_only,,False
2016-06-15,,7414.81,right_only,,False
2016-06-16,,7420.39,right_only,,False
2016-06-19,,7337.97,right_only,,False
2016-06-20,,7203.64,right_only,,False
2016-06-21,,7250.92,right_only,,False
2016-06-22,,7156.49,right_only,,False
2016-06-23,,7253.31,right_only,,False
2016-06-26,,6851.61,right_only,,False
2016-06-27,,6903.81,right_only,,False
2016-06-28,,6931.94,right_only,,False
2016-06-29,,6942.52,right_only,,False
2016-07-03,,6981.72,right_only,,False
2016-07-04,,7182.8,right_only,,False
2016-07-10,,7517.43,right_only,,False
2016-07-11,,7506.18,right_only,,False
2016-07-12,,7457.5,right_only,,False
2016-07-13,,7559.87,right_only,,False
2016-07-14,,7583.06,right_only,,False
2016-07-17,,7599.64,right_only,,False
2016-07-18,,7628.64,right_only,,False
2016-07-19,,7596.96,right_only,,False
2016-07-20,,7503.36,right_only,,False
2016-07-21,,7436.87,right_only,,False
2016-07-24,,7463.72,right_only,,False
2016-07-25,,7517.78,right_only,,False
2016-07-26,,7539.99,right_only,,False
2016-07-27,,7914.74,right_only,,False
2016-07-28,,8030.85,right_only,,False
2016-07-31,,7983.15,right_only,,False
2016-08-01,,7930.14,right_only,,False
2016-08-02,,7973.45,right_only,,False
2016-08-03,,8104.57,right_only,,False
2016-08-04,,8255.36,right_only,,False
2016-08-07,,8223.46,right_only,,False
2016-08-08,,8273.14,right_only,,False
2016-08-09,,8199.65,right_only,,False
2016-08-10,,8291.51,right_only,,False
2016-08-11,,8377.71,right_only,,False
2016-08-14,,8351.07,right_only,,False
2016-08-15,,8453.53,right_only,,False
2016-08-16,,8387.49,right_only,,False
2016-08-17,,8347.38,right_only,,False
2016-08-18,,8317.17,right_only,,False
2016-08-21,,8352.27,right_only,,False
2016-08-22,,8246.9,right_only,,False
2016-08-23,,8186.7,right_only,,False
2016-08-24,,8224.33,right_only,,False
2016-08-25,,8131.49,right_only,,False
2016-08-28,,8052.23,right_only,,False
2016-08-29,,8032.43,right_only,,False
2016-08-30,,8080.81,right_only,,False
2016-08-31,,8158.04,right_only,,False
2016-09-01,,8136.44,right_only,,False
2016-09-04,,8241.16,right_only,,False
2016-09-05,,8270.76,right_only,,False
2016-09-06,,8202.43,right_only,,False
2016-09-07,,8146.1,right_only,,False
2016-09-08,,8188.2,right_only,,False
2016-09-14,,8132.75,right_only,,False
2016-09-15,,7979.25,right_only,,False
2016-09-18,,7916.41,right_only,,False
2016-09-19,,7974.12,right_only,,False
2016-09-20,,8048.69,right_only,,False
2016-09-21,,7937.79,right_only,,False
2016-09-22,,7913.94,right_only,,False
2016-09-25,,7904.53,right_only,,False
2016-09-26,,7974.84,right_only,,False
2016-09-27,,7948.93,right_only,,False
2016-09-28,,7907.92,right_only,,False
2016-09-29,,7881.11,right_only,,False
2016-10-03,,8133.12,right_only,,False
2016-10-04,,8198.51,right_only,,False
2016-10-05,,8368.52,right_only,,False
2016-10-09,,8436.82,right_only,,False
2016-10-10,,8364.0,right_only,,False
2016-10-11,,8232.77,right_only,,False
2016-10-12,,8185.95,right_only,,False
2016-10-13,,8505.12,right_only,,False
2016-10-16,,8432.41,right_only,,False
2016-10-17,,8243.32,right_only,,False
2016-10-18,,8213.53,right_only,,False
2016-10-19,,8160.4,right_only,,False
2016-10-20,,8277.21,right_only,,False
2016-10-23,,8274.15,right_only,,False
2016-10-24,,8228.13,right_only,,False
2016-10-25,,8261.14,right_only,,False
2016-10-26,,8257.21,right_only,,False
2016-10-27,,8343.31,right_only,,False
2016-10-30,,8357.42,right_only,,False
2016-10-31,,8386.03,right_only,,False
2016-11-01,,8447.76,right_only,,False
2016-11-02,,8524.66,right_only,,False
2016-11-03,,8810.51,right_only,,False
2016-11-06,,9349.9,right_only,,False
2016-11-07,,9852.69,right_only,,False
2016-11-08,,10096.57,right_only,,False
2016-11-09,,10225.5,right_only,,False
2016-11-10,,10688.16,right_only,,False
2016-11-13,,10916.97,right_only,,False
2016-11-14,,10694.41,right_only,,False
2016-11-15,,10640.53,right_only,,False
2016-11-16,,10997.38,right_only,,False
2016-11-17,,11221.56,right_only,,False
2016-11-20,,11277.47,right_only,,False
2016-11-21,,11543.07,right_only,,False
2016-11-22,,11519.8,right_only,,False
2016-11-23,,11550.31,right_only,,False
2016-11-24,,11353.11,right_only,,False
2016-11-27,,11145.95,right_only,,False
2016-11-28,,11261.82,right_only,,False
2016-11-29,,11159.32,right_only,,False
2016-11-30,,11453.25,right_only,,False
2016-12-01,,11548.15,right_only,,False
2016-12-04,,11631.41,right_only,,False
2016-12-05,,11426.5,right_only,,False
2016-12-06,,11502.51,right_only,,False
2016-12-07,,11348.37,right_only,,False
2016-12-08,,11297.93,right_only,,False
2016-12-12,,11444.06,right_only,,False
2016-12-13,,11385.1,right_only,,False
2016-12-14,,11317.17,right_only,,False
2016-12-15,,11326.03,right_only,,False
2016-12-18,,11398.01,right_only,,False
2016-12-19,,11752.46,right_only,,False
2016-12-20,,12147.95,right_only,,False
2016-12-21,,12366.96,right_only,,False
2016-12-22,,12420.3,right_only,,False
2016-12-25,,12251.06,right_only,,False
2016-12-26,,12182.04,right_only,,False
2016-12-27,,12181.98,right_only,,False
2016-12-28,,12259.83,right_only,,False
2016-12-29,,12344.89,right_only,,False
2017-01-02,,12290.61,right_only,,False
2017-01-03,,12425.17,right_only,,False
2017-01-04,,12608.44,right_only,,False
2017-01-05,,12824.32,right_only,,False
2017-01-08,,12891.39,right_only,,False
2017-01-09,,12781.16,right_only,,False
2017-01-10,,13014.54,right_only,,False
2017-01-11,,13089.05,right_only,,False
2017-01-12,,13223.9,right_only,,False
2017-01-15,,13287.76,right_only,,False
2017-01-16,,13264.82,right_only,,False
2017-01-17,,13436.1,right_only,,False
2017-01-18,,13304.44,right_only,,False
2017-01-19,,12806.77,right_only,,False
2017-01-22,,12722.08,right_only,,False
2017-01-23,,13002.89,right_only,,False
2017-01-24,,12882.88,right_only,,False
2017-01-26,,13091.05,right_only,,False
2017-01-29,,13161.52,right_only,,False
2017-01-30,,12926.07,right_only,,False
2017-01-31,,12672.49,right_only,,False
2017-02-01,,12584.26,right_only,,False
2017-02-02,,12806.07,right_only,,False
2017-02-05,,12883.43,right_only,,False
2017-02-06,,12849.42,right_only,,False
2017-02-07,,13129.27,right_only,,False
2017-02-08,,13228.33,right_only,,False
2017-02-09,,13114.86,right_only,,False
2017-02-12,,12922.44,right_only,,False
2017-02-13,,12740.05,right_only,,False
2017-02-14,,12503.73,right_only,,False
2017-02-15,,12448.35,right_only,,False
2017-02-16,,12651.97,right_only,,False
2017-02-19,,12549.17,right_only,,False
2017-02-20,,12444.18,right_only,,False
2017-02-21,,12657.82,right_only,,False
2017-02-22,,12401.09,right_only,,False
2017-02-23,,12240.53,right_only,,False
2017-02-26,,12269.88,right_only,,False
2017-02-27,,12023.93,right_only,,False
2017-02-28,,11937.67,right_only,,False
2017-03-01,,11998.72,right_only,,False
2017-03-02,,12310.49,right_only,,False
2017-03-05,,12499.61,right_only,,False
2017-03-06,,12623.22,right_only,,False
2017-03-07,,12677.55,right_only,,False
2017-03-08,,12735.36,right_only,,False
2017-03-09,,12853.27,right_only,,False
2017-03-12,,12919.9,right_only,,False
2017-03-13,,12929.13,right_only,,False
2017-03-14,,12789.52,right_only,,False
2017-03-15,,12745.49,right_only,,False
2017-03-16,,12983.99,right_only,,False
2017-03-19,,13092.4,right_only,,False
2017-03-20,,13023.49,right_only,,False
2017-03-21,,12905.37,right_only,,False
2017-03-22,,12879.06,right_only,,False
2017-03-23,,13032.06,right_only,,False
2017-03-26,,13108.22,right_only,,False
2017-03-27,,12969.64,right_only,,False
2017-03-28,,12982.66,right_only,,False
2017-03-29,,12987.65,right_only,,False
2017-03-30,,12994.8,right_only,,False
2017-04-02,,12912.27,right_only,,False
2017-04-03,,13061.07,right_only,,False
2017-04-04,,13264.75,right_only,,False
2017-04-05,,13289.99,right_only,,False
2017-04-06,,13098.54,right_only,,False
2017-04-09,,12895.12,right_only,,False
2017-04-10,,12848.56,right_only,,False
2017-04-11,,12995.71,right_only,,False
2017-04-12,,12984.36,right_only,,False
2017-04-13,,12967.38,right_only,,False
2017-04-18,,13027.14,right_only,,False
2017-04-19,,12895.3,right_only,,False
2017-04-20,,12905.85,right_only,,False
2017-04-23,,12544.92,right_only,,False
2017-04-24,,12583.13,right_only,,False
2017-04-26,,12671.29,right_only,,False
2017-04-27,,12525.69,right_only,,False
2017-04-30,,12433.6,right_only,,False
2017-05-02,,12530.32,right_only,,False
2017-05-03,,12603.56,right_only,,False
2017-05-04,,12709.93,right_only,,False
2017-05-07,,12692.15,right_only,,False
2017-05-08,,12827.93,right_only,,False
2017-05-09,,12933.68,right_only,,False
2017-05-10,,12993.4,right_only,,False
2017-05-11,,12906.98,right_only,,False
2017-05-14,,12870.91,right_only,,False
2017-05-15,,12866.06,right_only,,False
2017-05-16,,12936.59,right_only,,False
2017-05-17,,13064.02,right_only,,False
2017-05-18,,12952.38,right_only,,False
2017-05-21,,12974.75,right_only,,False
2017-05-22,,12648.24,right_only,,False
2017-05-23,,12791.83,right_only,,False
2017-05-24,,12884.44,right_only,,False
2017-05-25,,13094.42,right_only,,False
2017-05-28,,13205.11,right_only,,False
2017-05-29,,13207.94,right_only,,False
2017-05-30,,13239.16,right_only,,False
2017-05-31,,13339.63,right_only,,False
2017-06-01,,13467.29,right_only,,False
2017-06-04,,13495.32,right_only,,False
2017-06-05,,13520.13,right_only,,False
2017-06-06,,13626.8,right_only,,False
2017-06-07,,13632.98,right_only,,False
2017-06-08,,13683.66,right_only,,False
2017-06-11,,13616.04,right_only,,False
2017-06-12,,13491.89,right_only,,False
2017-06-13,,13531.34,right_only,,False
2017-06-14,,13502.12,right_only,,False
2017-06-15,,13478.75,right_only,,False
2017-06-18,,13496.47,right_only,,False
2017-06-19,,13508.39,right_only,,False
2017-06-20,,13415.55,right_only,,False
2017-06-21,,13376.44,right_only,,False
2017-06-22,,13417.14,right_only,,False
2017-06-28,,13395.81,right_only,,False
2017-07-02,,13487.36,right_only,,False
2017-07-03,,13431.06,right_only,,False
2017-07-04,,13334.78,right_only,,False
2017-07-05,,13334.86,right_only,,False
2017-07-06,,13369.88,right_only,,False
2017-07-09,,13342.09,right_only,,False
2017-07-10,,13483.04,right_only,,False
2017-07-11,,13684.27,right_only,,False
2017-07-12,,13690.29,right_only,,False
2017-07-13,,13822.59,right_only,,False
2017-07-16,,13815.77,right_only,,False
2017-07-17,,13956.32,right_only,,False
2017-07-18,,13717.53,right_only,,False
2017-07-19,,13707.13,right_only,,False
2017-07-20,,13715.06,right_only,,False
2017-07-24,,13752.98,right_only,,False
2017-07-25,,13740.72,right_only,,False
2017-07-26,,13797.25,right_only,,False
2017-07-27,,13609.22,right_only,,False
2017-07-30,,13480.1,right_only,,False
2017-07-31,,13419.38,right_only,,False
2017-08-01,,13396.22,right_only,,False
2017-08-02,,13405.2,right_only,,False
2017-08-03,,13413.12,right_only,,False
2017-08-06,,13558.46,right_only,,False
2017-08-07,,13660.8,right_only,,False
2017-08-08,,13637.69,right_only,,False
2017-08-09,,13580.76,right_only,,False
2017-08-10,,13462.38,right_only,,False
2017-08-13,,13279.61,right_only,,False
2017-08-14,,13135.1,right_only,,False
2017-08-15,,13102.39,right_only,,False
2017-08-16,,13149.19,right_only,,False
2017-08-17,,13119.44,right_only,,False
2017-08-20,,13026.29,right_only,,False
2017-08-21,,13106.12,right_only,,False
2017-08-22,,13114.87,right_only,,False
2017-08-23,,12996.2,right_only,,False
2017-08-24,,12926.4,right_only,,False
2017-08-27,,12913.25,right_only,,False
2017-08-28,,13013.73,right_only,,False
2017-08-29,,13195.34,right_only,,False
2017-08-30,,13415.77,right_only,,False
2017-09-05,,13415.05,right_only,,False
2017-09-06,,13317.89,right_only,,False
2017-09-07,,13432.69,right_only,,False
2017-09-10,,13457.14,right_only,,False
2017-09-11,,13533.24,right_only,,False
2017-09-12,,13474.88,right_only,,False
2017-09-13,,13442.55,right_only,,False
2017-09-14,,13610.61,right_only,,False
2017-09-17,,13612.51,right_only,,False
2017-09-18,,13592.71,right_only,,False
2017-09-19,,13730.0,right_only,,False
2017-09-20,,13695.33,right_only,,False
2017-09-24,,13607.19,right_only,,False
2017-09-25,,13674.42,right_only,,False
2017-09-26,,13704.13,right_only,,False
2017-09-27,,13740.82,right_only,,False
2017-09-28,,13888.51,right_only,,False
2017-10-01,,13976.78,right_only,,False
2017-10-02,,14000.43,right_only,,False
2017-10-03,,13930.73,right_only,,False
2017-10-04,,13881.97,right_only,,False
2017-10-08,,13997.69,right_only,,False
2017-10-09,,13968.53,right_only,,False
2017-10-10,,13824.08,right_only,,False
2017-10-11,,13816.05,right_only,,False
2017-10-12,,13891.71,right_only,,False
2017-10-15,,13905.79,right_only,,False
2017-10-16,,13525.25,right_only,,False
2017-10-17,,13525.48,right_only,,False
2017-10-18,,13590.15,right_only,,False
2017-10-19,,13713.62,right_only,,False
2017-10-22,,13706.06,right_only,,False
2017-10-23,,13870.34,right_only,,False
2017-10-24,,13928.38,right_only,,False
2017-10-25,,13901.38,right_only,,False
2017-10-26,,13955.47,right_only,,False
2017-10-29,,14024.41,right_only,,False
2017-10-30,,14197.21,right_only,,False
2017-10-31,,14342.38,right_only,,False
2017-11-01,,14277.29,right_only,,False
2017-11-02,,14319.34,right_only,,False
2017-11-05,,14183.77,right_only,,False
2017-11-06,,14072.92,right_only,,False
2017-11-07,,14057.56,right_only,,False
2017-11-08,,14204.95,right_only,,False
2017-11-09,,14350.14,right_only,,False
2017-11-12,,14270.55,right_only,,False
2017-11-13,,14123.31,right_only,,False
2017-11-14,,14132.96,right_only,,False
2017-11-15,,14025.11,right_only,,False
2017-11-16,,13847.36,right_only,,False
2017-11-19,,13742.11,right_only,,False
2017-11-20,,13680.5,right_only,,False
2017-11-21,,13725.45,right_only,,False
2017-11-22,,13839.37,right_only,,False
2017-11-23,,14106.17,right_only,,False
2017-11-26,,14222.7,right_only,,False
2017-11-27,,14219.99,right_only,,False
2017-11-28,,14537.03,right_only,,False
2017-11-29,,14582.22,right_only,,False
2017-12-03,,14713.63,right_only,,False
2017-12-04,,14572.17,right_only,,False
2017-12-05,,14460.96,right_only,,False
2017-12-06,,14345.58,right_only,,False
2017-12-07,,14294.73,right_only,,False
2017-12-10,,14414.25,right_only,,False
2017-12-11,,14426.75,right_only,,False
2017-12-12,,14590.2,right_only,,False
2017-12-13,,14651.42,right_only,,False
2017-12-14,,14679.91,right_only,,False
2017-12-17,,14716.66,right_only,,False
2017-12-18,,14721.45,right_only,,False
2017-12-19,,14678.41,right_only,,False
2017-12-20,,14682.14,right_only,,False
2017-12-21,,14668.59,right_only,,False
2017-12-24,,14790.78,right_only,,False
2017-12-25,,14843.33,right_only,,False
2017-12-26,,14922.85,right_only,,False
2017-12-27,,14904.82,right_only,,False
2017-12-28,,15016.97,right_only,,False
2017-12-31,,15019.14,right_only,,False
2018-01-02,,15023.76,right_only,,False
2018-01-03,,14833.73,right_only,,False
2018-01-04,,14782.38,right_only,,False
2018-01-08,,14953.17,right_only,,False
2018-01-09,,15159.37,right_only,,False
2018-01-10,,15192.55,right_only,,False
2018-01-11,,15242.48,right_only,,False
2018-01-14,,15254.85,right_only,,False
2018-01-15,,15127.76,right_only,,False
2018-01-16,,15089.37,right_only,,False
2018-01-17,,15198.54,right_only,,False
2018-01-18,,15411.0,right_only,,False
2018-01-21,,15339.91,right_only,,False
2018-01-22,,15243.23,right_only,,False
2018-01-23,,15197.08,right_only,,False
2018-01-24,,15170.73,right_only,,False
2018-01-28,,15311.15,right_only,,False
2018-01-29,,15369.13,right_only,,False
2018-01-30,,15315.66,right_only,,False
2018-01-31,,15042.37,right_only,,False
2018-02-01,,15088.66,right_only,,False
2018-02-04,,14874.84,right_only,,False
2018-02-05,,14962.14,right_only,,False
2018-02-06,,14717.98,right_only,,False
2018-02-07,,15037.05,right_only,,False
2018-02-08,,14921.29,right_only,,False
2018-02-11,,14828.36,right_only,,False
2018-02-12,,14890.71,right_only,,False
2018-02-13,,14729.75,right_only,,False
2018-02-14,,14805.95,right_only,,False
2018-02-15,,14965.93,right_only,,False
2018-02-18,,15045.56,right_only,,False
2018-02-19,,15158.12,right_only,,False
2018-02-20,,15219.26,right_only,,False
2018-02-21,,15244.49,right_only,,False
2018-02-22,,15318.92,right_only,,False
2018-02-25,,15467.77,right_only,,False
2018-02-26,,15454.0,right_only,,False
2018-02-27,,15522.88,right_only,,False
2018-02-28,,15472.69,right_only,,False
2018-03-01,,15443.18,right_only,,False
2018-03-04,,15519.55,right_only,,False
2018-03-05,,15709.01,right_only,,False
2018-03-06,,16022.26,right_only,,False
2018-03-07,,16384.07,right_only,,False
2018-03-08,,16472.28,right_only,,False
2018-03-11,,16391.48,right_only,,False
2018-03-12,,16742.15,right_only,,False
2018-03-13,,16989.06,right_only,,False
2018-03-14,,16881.72,right_only,,False
2018-03-15,,16999.1,right_only,,False
2018-03-18,,17271.03,right_only,,False
2018-03-19,,17172.13,right_only,,False
2018-03-20,,17113.9,right_only,,False
2018-03-21,,17147.12,right_only,,False
2018-03-22,,17064.58,right_only,,False
2018-03-25,,16984.69,right_only,,False
2018-03-26,,17104.34,right_only,,False
2018-03-27,,17270.43,right_only,,False
2018-03-28,,17305.51,right_only,,False
2018-03-29,,17450.15,right_only,,False
2018-04-01,,17595.88,right_only,,False
2018-04-02,,17684.66,right_only,,False
2018-04-03,,17492.71,right_only,,False
2018-04-04,,17509.65,right_only,,False
2018-04-05,,17410.59,right_only,,False
2018-04-10,,17697.32,right_only,,False
2018-04-11,,17943.96,right_only,,False
2018-04-12,,17615.69,right_only,,False
2018-04-15,,17588.86,right_only,,False
2018-04-16,,17620.28,right_only,,False
2018-04-17,,17802.48,right_only,,False
2018-04-18,,17705.87,right_only,,False
2018-04-19,,17781.02,right_only,,False
2018-04-22,,17898.09,right_only,,False
2018-04-23,,18080.7,right_only,,False
2018-04-24,,18121.96,right_only,,False
2018-04-26,,18363.29,right_only,,False
2018-04-29,,18304.46,right_only,,False
2018-04-30,,18295.57,right_only,,False
2018-05-02,,18173.16,right_only,,False
2018-05-03,,17832.86,right_only,,False
2018-05-06,,17610.87,right_only,,False
2018-05-07,,17523.15,right_only,,False
2018-05-08,,17814.45,right_only,,False
2018-05-09,,17460.3,right_only,,False
2018-05-10,,17155.14,right_only,,False
2018-05-13,,17184.02,right_only,,False
2018-05-14,,16984.07,right_only,,False
2018-05-15,,16985.78,right_only,,False
2018-05-16,,16993.21,right_only,,False
2018-05-17,,16877.66,right_only,,False
2018-05-20,,16782.07,right_only,,False
2018-05-21,,16780.91,right_only,,False
2018-05-22,,16657.66,right_only,,False
2018-05-23,,16662.55,right_only,,False
2018-05-24,,16633.97,right_only,,False
2018-05-27,,16648.47,right_only,,False
2018-05-28,,16791.09,right_only,,False
2018-05-29,,17005.86,right_only,,False
2018-05-30,,16760.24,right_only,,False
2018-05-31,,16414.53,right_only,,False
2018-06-03,,16675.31,right_only,,False
2018-06-04,,16404.33,right_only,,False
2018-06-05,,16022.11,right_only,,False
2018-06-06,,15908.91,right_only,,False
2018-06-07,,15923.66,right_only,,False
2018-06-10,,16142.72,right_only,,False
2018-06-11,,15921.25,right_only,,False
2018-06-12,,15938.11,right_only,,False
2018-06-13,,16178.28,right_only,,False
2018-06-14,,16220.93,right_only,,False
2018-06-19,,16067.77,right_only,,False
2018-06-20,,16143.48,right_only,,False
2018-06-21,,16345.77,right_only,,False
2018-06-24,,16395.02,right_only,,False
2018-06-25,,16457.51,right_only,,False
2018-06-26,,16197.44,right_only,,False
2018-06-27,,16176.41,right_only,,False
2018-06-28,,16348.55,right_only,,False
2018-07-02,,16362.59,right_only,,False
2018-07-03,,16421.32,right_only,,False
2018-07-04,,16309.65,right_only,,False
2018-07-05,,16125.34,right_only,,False
2018-07-08,,15839.84,right_only,,False
2018-07-09,,15785.93,right_only,,False
2018-07-10,,15921.03,right_only,,False
2018-07-11,,15952.42,right_only,,False
2018-07-12,,15879.81,right_only,,False
2018-07-15,,15842.46,right_only,,False
2018-07-16,,15655.89,right_only,,False
2018-07-17,,15420.72,right_only,,False
2018-07-18,,15578.73,right_only,,False
2018-07-19,,15416.31,right_only,,False
2018-07-22,,15303.79,right_only,,False
2018-07-24,,15480.37,right_only,,False
2018-07-25,,15186.36,right_only,,False
2018-07-26,,15199.29,right_only,,False
2018-07-29,,15378.11,right_only,,False
2018-07-30,,15297.02,right_only,,False
2018-07-31,,15580.19,right_only,,False
2018-08-01,,15670.18,right_only,,False
2018-08-02,,15806.38,right_only,,False
2018-08-05,,15737.05,right_only,,False
2018-08-06,,15645.56,right_only,,False
2018-08-07,,15761.55,right_only,,False
2018-08-08,,15862.86,right_only,,False
2018-08-09,,15924.06,right_only,,False
2018-08-12,,15738.34,right_only,,False
2018-08-13,,15521.52,right_only,,False
2018-08-14,,15356.81,right_only,,False
2018-08-15,,15357.44,right_only,,False
2018-08-16,,15295.97,right_only,,False
2018-08-19,,15273.39,right_only,,False
2018-08-26,,15239.03,right_only,,False
2018-08-27,,15236.64,right_only,,False
2018-08-28,,15606.18,right_only,,False
2018-08-29,,15835.73,right_only,,False
2018-08-30,,16009.41,right_only,,False
2018-09-02,,15852.36,right_only,,False
2018-09-03,,15821.92,right_only,,False
2018-09-04,,15922.96,right_only,,False
2018-09-05,,15750.94,right_only,,False
2018-09-06,,15803.17,right_only,,False
2018-09-09,,15740.06,right_only,,False
2018-09-10,,15628.43,right_only,,False
2018-09-12,,15488.49,right_only,,False
2018-09-13,,15308.62,right_only,,False
2018-09-16,,14755.63,right_only,,False
2018-09-17,,14650.97,right_only,,False
2018-09-18,,14653.91,right_only,,False
2018-09-19,,14098.56,right_only,,False
2018-09-20,,14083.48,right_only,,False
2018-09-23,,14261.25,right_only,,False
2018-09-24,,14200.68,right_only,,False
2018-09-25,,14358.64,right_only,,False
2018-09-26,,14612.18,right_only,,False
2018-09-27,,14632.4,right_only,,False
2018-09-30,,14616.47,right_only,,False
2018-10-01,,14446.72,right_only,,False
2018-10-02,,14381.55,right_only,,False
2018-10-03,,14313.17,right_only,,False
2018-10-04,,14104.9,right_only,,False
2018-10-08,,13604.01,right_only,,False
2018-10-09,,13588.74,right_only,,False
2018-10-10,,13621.23,right_only,,False
2018-10-11,,13283.31,right_only,,False
2018-10-14,,13537.47,right_only,,False
2018-10-15,,13521.46,right_only,,False
2018-10-16,,13689.39,right_only,,False
2018-10-17,,13815.6,right_only,,False
2018-10-18,,13644.16,right_only,,False
2018-10-21,,13524.67,right_only,,False
2018-10-22,,13646.26,right_only,,False
2018-10-23,,13579.6,right_only,,False
2018-10-24,,13246.39,right_only,,False
2018-10-25,,13023.73,right_only,,False
2018-10-28,,12980.96,right_only,,False
2018-10-29,,13074.47,right_only,,False
2018-10-30,,13154.56,right_only,,False
2018-10-31,,13250.29,right_only,,False
2018-11-01,,13202.32,right_only,,False
2018-11-04,,13170.28,right_only,,False
2018-11-05,,13234.62,right_only,,False
2018-11-06,,13436.11,right_only,,False
2018-11-07,,13615.85,right_only,,False
2018-11-08,,13732.68,right_only,,False
2018-11-11,,13570.89,right_only,,False
2018-11-12,,13678.36,right_only,,False
2018-11-13,,13543.64,right_only,,False
2018-11-14,,13487.2,right_only,,False
2018-11-15,,13681.67,right_only,,False
2018-11-18,,13968.8,right_only,,False
2018-11-19,,13906.31,right_only,,False
2018-11-21,,13731.12,right_only,,False
2018-11-22,,13675.37,right_only,,False
2018-11-25,,13153.55,right_only,,False
2018-11-26,,13049.12,right_only,,False
2018-11-27,,13213.95,right_only,,False
2018-11-28,,13309.49,right_only,,False
2018-11-29,,13319.5,right_only,,False
2018-12-02,,13150.08,right_only,,False
2018-12-03,,12934.44,right_only,,False
2018-12-04,,12624.74,right_only,,False
2018-12-05,,12586.74,right_only,,False
2018-12-06,,12387.58,right_only,,False
2018-12-09,,12140.0,right_only,,False
2018-12-10,,12476.18,right_only,,False
2018-12-11,,12664.41,right_only,,False
2018-12-12,,12856.83,right_only,,False
2018-12-13,,12996.89,right_only,,False
2018-12-16,,12992.06,right_only,,False
2018-12-17,,13215.4,right_only,,False
2018-12-18,,13121.11,right_only,,False
2018-12-19,,13078.2,right_only,,False
2018-12-20,,13137.58,right_only,,False
2018-12-23,,12947.35,right_only,,False
2018-12-24,,12784.44,right_only,,False
2018-12-25,,12670.63,right_only,,False
2018-12-26,,12840.16,right_only,,False
2018-12-27,,12984.21,right_only,,False
2018-12-30,,12944.52,right_only,,False
2018-12-31,,13035.77,right_only,,False
2019-01-02,,13204.37,right_only,,False
2019-01-03,,13264.7,right_only,,False
2019-01-06,,13343.08,right_only,,False
2019-01-08,,13402.7,right_only,,False
2019-01-09,,13365.58,right_only,,False
2019-01-10,,13367.44,right_only,,False
2019-01-13,,13525.83,right_only,,False
2019-01-14,,13335.75,right_only,,False
2019-01-15,,13447.12,right_only,,False
2019-01-16,,13510.27,right_only,,False
2019-01-17,,13482.99,right_only,,False
2019-01-20,,13444.21,right_only,,False
2019-01-21,,13574.99,right_only,,False
2019-01-22,,13474.55,right_only,,False
2019-01-23,,13506.65,right_only,,False
2019-01-27,,13817.1,right_only,,False
2019-01-28,,13911.34,right_only,,False
2019-01-29,,13976.52,right_only,,False
2019-01-30,,14093.4,right_only,,False
2019-01-31,,14126.68,right_only,,False
2019-02-03,,14243.81,right_only,,False
2019-02-04,,14366.06,right_only,,False
2019-02-05,,14733.11,right_only,,False
2019-02-06,,14766.59,right_only,,False
2019-02-07,,14753.68,right_only,,False
2019-02-10,,14763.94,right_only,,False
2019-02-11,,14784.82,right_only,,False
2019-02-12,,14927.64,right_only,,False
2019-02-13,,14949.07,right_only,,False
2019-02-14,,14984.46,right_only,,False
2019-02-17,,15198.89,right_only,,False
2019-02-18,,15227.24,right_only,,False
2019-02-19,,15155.84,right_only,,False
2019-02-20,,15213.54,right_only,,False
2019-02-21,,15146.71,right_only,,False
2019-02-24,,14955.58,right_only,,False
2019-02-25,,14946.35,right_only,,False
2019-02-26,,14886.85,right_only,,False
2019-02-27,,14772.34,right_only,,False
2019-02-28,,14803.97,right_only,,False
2019-03-03,,14819.6,right_only,,False
2019-03-04,,14815.18,right_only,,False
2019-03-05,,14728.38,right_only,,False
2019-03-06,,14643.09,right_only,,False
2019-03-07,,14904.03,right_only,,False
2019-03-10,,14980.62,right_only,,False
2019-03-11,,15098.12,right_only,,False
2019-03-12,,15139.86,right_only,,False
2019-03-13,,15125.84,right_only,,False
2019-03-14,,14991.34,right_only,,False
2019-03-17,,15033.48,right_only,,False
2019-03-18,,14910.78,right_only,,False
2019-03-19,,14645.53,right_only,,False
2019-03-20,,14724.4,right_only,,False
2019-03-21,,14782.81,right_only,,False
2019-03-24,,14840.9,right_only,,False
2019-03-25,,14670.8,right_only,,False
2019-03-26,,14637.4,right_only,,False
2019-03-27,,14554.66,right_only,,False
2019-03-28,,14665.81,right_only,,False
2019-03-31,,14737.88,right_only,,False
2019-04-01,,14954.14,right_only,,False
2019-04-02,,15166.46,right_only,,False
2019-04-03,,15197.84,right_only,,False
2019-04-04,,15247.81,right_only,,False
2019-04-07,,15135.47,right_only,,False
2019-04-08,,15111.09,right_only,,False
2019-04-09,,15088.55,right_only,,False
2019-04-10,,15106.54,right_only,,False
2019-04-11,,15105.96,right_only,,False
2019-04-14,,15068.96,right_only,,False
2019-04-15,,15055.42,right_only,,False
2019-04-16,,14973.01,right_only,,False
2019-04-17,,14864.01,right_only,,False
2019-04-18,,14876.37,right_only,,False
2019-04-21,,14838.63,right_only,,False
2019-04-22,,14801.26,right_only,,False
2019-04-23,,14645.78,right_only,,False
2019-04-24,,14770.27,right_only,,False
2019-04-30,,14920.15,right_only,,False
2019-05-02,,14880.39,right_only,,False
2019-05-05,,14511.54,right_only,,False
2019-05-06,,14204.59,right_only,,False
2019-05-07,,14389.91,right_only,,False
2019-05-08,,14026.81,right_only,,False
2019-05-09,,14060.0,right_only,,False
2019-05-12,,14122.1,right_only,,False
2019-05-13,,13905.73,right_only,,False
2019-05-14,,14024.15,right_only,,False
2019-05-15,,13809.46,right_only,,False
2019-05-16,,13659.73,right_only,,False
2019-05-19,,13520.82,right_only,,False
2019-05-20,,13379.46,right_only,,False
2019-05-21,,13614.21,right_only,,False
2019-05-22,,13664.23,right_only,,False
2019-05-23,,13776.85,right_only,,False
2019-05-26,,13981.88,right_only,,False
2019-05-27,,13960.47,right_only,,False
2019-05-28,,14028.0,right_only,,False
2019-05-29,,13974.13,right_only,,False
2019-05-30,,13771.31,right_only,,False
2019-06-02,,13690.72,right_only,,False
2019-06-03,,13787.8,right_only,,False
2019-06-09,,13911.66,right_only,,False
2019-06-10,,14148.88,right_only,,False
2019-06-11,,14206.18,right_only,,False
2019-06-12,,14158.11,right_only,,False
2019-06-13,,14180.53,right_only,,False
2019-06-16,,14210.09,right_only,,False
2019-06-17,,14241.21,right_only,,False
2019-06-18,,14202.86,right_only,,False
2019-06-19,,14132.18,right_only,,False
2019-06-20,,14043.42,right_only,,False
2019-06-23,,14017.34,right_only,,False
2019-06-24,,13867.47,right_only,,False
2019-06-25,,13831.23,right_only,,False
2019-06-26,,14006.99,right_only,,False
2019-06-27,,14100.74,right_only,,False
2019-07-02,,14136.58,right_only,,False
2019-07-03,,14137.22,right_only,,False
2019-07-04,,13997.4,right_only,,False
2019-07-07,,14013.04,right_only,,False
2019-07-08,,14043.33,right_only,,False
2019-07-09,,14097.43,right_only,,False
2019-07-10,,14013.26,right_only,,False
2019-07-11,,13813.56,right_only,,False
2019-07-14,,13672.13,right_only,,False
2019-07-15,,13627.89,right_only,,False
2019-07-16,,13721.82,right_only,,False
2019-07-17,,13641.94,right_only,,False
2019-07-18,,13670.27,right_only,,False
2019-07-21,,13576.26,right_only,,False
2019-07-22,,13684.57,right_only,,False
2019-07-24,,13617.89,right_only,,False
2019-07-25,,13510.06,right_only,,False
2019-07-28,,13460.0,right_only,,False
2019-07-29,,13421.91,right_only,,False
2019-07-30,,13364.63,right_only,,False
2019-07-31,,13392.47,right_only,,False
2019-08-01,,13525.93,right_only,,False
2019-08-04,,13616.26,right_only,,False
2019-08-05,,13598.66,right_only,,False
2019-08-06,,13655.91,right_only,,False
2019-08-07,,13880.57,right_only,,False
2019-08-08,,14180.44,right_only,,False
2019-08-14,,14540.56,right_only,,False
2019-08-15,,14295.13,right_only,,False
2019-08-18,,14399.7,right_only,,False
2019-08-19,,14304.37,right_only,,False
2019-08-20,,14428.08,right_only,,False
2019-08-21,,14357.18,right_only,,False
2019-08-22,,14333.16,right_only,,False
2019-08-25,,14340.51,right_only,,False
2019-08-26,,14291.03,right_only,,False
2019-08-27,,14283.5,right_only,,False
2019-08-28,,14595.51,right_only,,False
2019-08-29,,14835.36,right_only,,False
2019-09-01,,14931.66,right_only,,False
2019-09-02,,15110.23,right_only,,False
2019-09-03,,14999.58,right_only,,False
2019-09-04,,14841.38,right_only,,False
2019-09-05,,14933.18,right_only,,False
2019-09-08,,14931.11,right_only,,False
2019-09-09,,14887.78,right_only,,False
2019-09-10,,14956.36,right_only,,False
2019-09-11,,15014.82,right_only,,False
2019-09-12,,15110.37,right_only,,False
2019-09-15,,15023.23,right_only,,False
2019-09-16,,14970.24,right_only,,False
2019-09-17,,14752.45,right_only,,False
2019-09-18,,14745.1,right_only,,False
2019-09-19,,14742.07,right_only,,False
2019-09-22,,13958.11,right_only,,False
2019-09-23,,13753.19,right_only,,False
2019-09-24,,13170.2,right_only,,False
2019-09-25,,13594.61,right_only,,False
2019-09-26,,13857.12,right_only,,False
2019-09-29,,14315.79,right_only,,False
2019-09-30,,14257.75,right_only,,False
2019-10-01,,14496.84,right_only,,False
2019-10-02,,14381.15,right_only,,False
2019-10-03,,14217.81,right_only,,False
2019-10-07,,14431.72,right_only,,False
2019-10-08,,14348.57,right_only,,False
2019-10-09,,14182.7,right_only,,False
2019-10-10,,14302.27,right_only,,False
2019-10-13,,14220.47,right_only,,False
2019-10-14,,14180.76,right_only,,False
2019-10-15,,14060.82,right_only,,False
2019-10-16,,14209.23,right_only,,False
2019-10-17,,14205.86,right_only,,False
2019-10-20,,14239.45,right_only,,False
2019-10-21,,14178.51,right_only,,False
2019-10-22,,14201.32,right_only,,False
2019-10-23,,14126.51,right_only,,False
2019-10-24,,14206.67,right_only,,False
2019-10-27,,14237.39,right_only,,False
2019-10-28,,14301.09,right_only,,False
2019-10-29,,14465.47,right_only,,False
2019-10-30,,14477.79,right_only,,False
2019-10-31,,14558.02,right_only,,False
2019-11-03,,14622.75,right_only,,False
2019-11-04,,14625.78,right_only,,False
2019-11-05,,14789.61,right_only,,False
2019-11-06,,14709.79,right_only,,False
2019-11-07,,14795.87,right_only,,False
2019-11-11,,14769.95,right_only,,False
2019-11-12,,14669.98,right_only,,False
2019-11-13,,14607.69,right_only,,False
2019-11-14,,14545.54,right_only,,False
2019-11-17,,14556.32,right_only,,False
2019-11-18,,14378.59,right_only,,False
2019-11-19,,14313.46,right_only,,False
2019-11-20,,14224.38,right_only,,False
2019-11-21,,14094.58,right_only,,False
2019-11-24,,14050.16,right_only,,False
2019-11-25,,13974.14,right_only,,False
2019-11-26,,13781.96,right_only,,False
2019-11-27,,13759.7,right_only,,False
2019-11-28,,13849.46,right_only,,False
2019-12-01,,13780.63,right_only,,False
2019-12-02,,13537.8,right_only,,False
2019-12-03,,13469.6,right_only,,False
2019-12-04,,13635.52,right_only,,False
2019-12-05,,13622.13,right_only,,False
2019-12-08,,13493.69,right_only,,False
2019-12-09,,13442.52,right_only,,False
2019-12-10,,13509.02,right_only,,False
2019-12-11,,13427.22,right_only,,False
2019-12-12,,13358.47,right_only,,False
2019-12-15,,13433.54,right_only,,False
2019-12-16,,13404.42,right_only,,False
2019-12-17,,13627.19,right_only,,False
2019-12-18,,13793.99,right_only,,False
2019-12-19,,13837.19,right_only,,False
2019-12-22,,13892.65,right_only,,False
2019-12-23,,13902.43,right_only,,False
2019-12-24,,13805.43,right_only,,False
2019-12-25,,13747.68,right_only,,False
2019-12-26,,13884.95,right_only,,False
2019-12-29,,13812.98,right_only,,False
2019-12-30,,13937.26,right_only,,False
2019-12-31,,13961.56,right_only,,False
2020-01-02,,13899.54,right_only,,False
2020-01-05,,13283.66,right_only,,False
2020-01-06,,13212.66,right_only,,False
2020-01-08,,13542.48,right_only,,False
2020-01-09,,13729.81,right_only,,False
2020-01-12,,13802.57,right_only,,False
2020-01-13,,13698.64,right_only,,False
2020-01-14,,13756.64,right_only,,False
2020-01-15,,13769.64,right_only,,False
2020-01-16,,13824.16,right_only,,False
2020-01-19,,13918.18,right_only,,False
2020-01-20,,13773.73,right_only,,False
2020-01-21,,13639.72,right_only,,False
2020-01-22,,13752.11,right_only,,False
2020-01-23,,13728.09,right_only,,False
2020-01-26,,13721.45,right_only,,False
2020-01-27,,13639.69,right_only,,False
2020-01-28,,13620.58,right_only,,False
2020-01-29,,13762.84,right_only,,False
2020-01-30,,13918.84,right_only,,False
2020-02-02,,13888.89,right_only,,False
2020-02-03,,13878.33,right_only,,False
2020-02-04,,13915.05,right_only,,False
2020-02-05,,13987.16,right_only,,False
2020-02-06,,14105.86,right_only,,False
2020-02-09,,14108.24,right_only,,False
2020-02-10,,13979.36,right_only,,False
2020-02-11,,14009.32,right_only,,False
2020-02-12,,13845.16,right_only,,False
2020-02-13,,13859.45,right_only,,False
2020-02-16,,13737.4,right_only,,False
2020-02-17,,13800.25,right_only,,False
2020-02-18,,13636.93,right_only,,False
2020-02-19,,13694.99,right_only,,False
2020-02-20,,13720.65,right_only,,False
2020-02-23,,13688.05,right_only,,False
2020-02-24,,13441.86,right_only,,False
2020-02-25,,13328.26,right_only,,False
2020-02-26,,13200.66,right_only,,False
2020-02-27,,13008.94,right_only,,False
2020-03-01,,12222.59,right_only,,False
2020-03-02,,12289.87,right_only,,False
2020-03-03,,12419.52,right_only,,False
2020-03-04,,12182.46,right_only,,False
2020-03-05,,12347.65,right_only,,False
2020-03-08,,11849.39,right_only,,False
2020-03-09,,10983.48,right_only,,False
2020-03-10,,11199.96,right_only,,False
2020-03-11,,11194.12,right_only,,False
2020-03-15,,10148.34,right_only,,False
2020-03-16,,9428.94,right_only,,False
2020-03-17,,9201.65,right_only,,False
2020-03-18,,8756.7,right_only,,False
2020-03-19,,9205.58,right_only,,False
2020-03-22,,9750.66,right_only,,False
2020-03-23,,10047.44,right_only,,False
2020-03-24,,9770.48,right_only,,False
2020-03-25,,9865.67,right_only,,False
2020-03-26,,9912.98,right_only,,False
2020-03-29,,9760.18,right_only,,False
2020-03-30,,9521.43,right_only,,False
2020-03-31,,9593.94,right_only,,False
2020-04-01,,9424.89,right_only,,False
2020-04-02,,9455.38,right_only,,False
2020-04-05,,9272.88,right_only,,False
2020-04-06,,9446.99,right_only,,False
2020-04-07,,9840.62,right_only,,False
2020-04-08,,10095.57,right_only,,False
2020-04-09,,10321.97,right_only,,False
2020-04-12,,10237.47,right_only,,False
2020-04-13,,10353.72,right_only,,False
2020-04-14,,10458.16,right_only,,False
2020-04-15,,10342.13,right_only,,False
2020-04-16,,10154.64,right_only,,False
2020-04-21,,9874.94,right_only,,False
2020-04-22,,9801.33,right_only,,False
2020-04-23,,10120.46,right_only,,False
2020-04-26,,10377.24,right_only,,False
2020-04-27,,10376.0,right_only,,False
2020-04-28,,10415.12,right_only,,False
2020-04-29,,10545.26,right_only,,False
2020-04-30,,10554.04,right_only,,False
2020-05-03,,10199.85,right_only,,False
2020-05-04,,10081.96,right_only,,False
2020-05-05,,10188.31,right_only,,False
2020-05-06,,10293.95,right_only,,False
2020-05-07,,10176.73,right_only,,False
2020-05-10,,10257.75,right_only,,False
2020-05-11,,10296.33,right_only,,False
2020-05-12,,10588.36,right_only,,False
2020-05-13,,10396.28,right_only,,False
2020-05-14,,10287.21,right_only,,False
2020-05-17,,10357.44,right_only,,False
2020-05-18,,10278.93,right_only,,False
2020-05-19,,10357.24,right_only,,False
2020-05-20,,10205.4,right_only,,False
2020-05-21,,10109.91,right_only,,False
2020-05-31,,10220.14,right_only,,False
2020-06-01,,10227.38,right_only,,False
2020-06-02,,10338.71,right_only,,False
2020-06-03,,10424.1,right_only,,False
2020-06-04,,10621.14,right_only,,False
2020-06-07,,11108.62,right_only,,False
2020-06-08,,11146.53,right_only,,False
2020-06-09,,11063.04,right_only,,False
2020-06-10,,10933.58,right_only,,False
2020-06-11,,10831.92,right_only,,False
2020-06-14,,10731.17,right_only,,False
2020-06-15,,10668.42,right_only,,False
2020-06-16,,10935.32,right_only,,False
2020-06-17,,10905.75,right_only,,False
2020-06-18,,10857.87,right_only,,False
2020-06-21,,10823.91,right_only,,False
2020-06-22,,10742.36,right_only,,False
2020-06-23,,10764.82,right_only,,False
2020-06-24,,11039.54,right_only,,False
2020-06-25,,10890.48,right_only,,False
2020-06-28,,10848.65,right_only,,False
2020-06-29,,10750.1,right_only,,False
2020-06-30,,10764.59,right_only,,False
2020-07-05,,10959.35,right_only,,False
2020-07-06,,11087.64,right_only,,False
2020-07-07,,11050.2,right_only,,False
2020-07-08,,11127.85,right_only,,False
2020-07-09,,10957.02,right_only,,False
2020-07-12,,11071.96,right_only,,False
2020-07-13,,11007.85,right_only,,False
2020-07-14,,10873.53,right_only,,False
2020-07-15,,10617.42,right_only,,False
2020-07-16,,10441.2,right_only,,False
2020-07-19,,10281.16,right_only,,False
2020-07-20,,10380.45,right_only,,False
2020-07-21,,10558.35,right_only,,False
2020-07-22,,10459.92,right_only,,False
2020-07-26,,10524.45,right_only,,False
2020-07-27,,10575.47,right_only,,False
2020-07-28,,10568.84,right_only,,False
2020-07-29,,10599.46,right_only,,False
2020-08-04,,10620.1,right_only,,False
2020-08-05,,10704.33,right_only,,False
2020-08-06,,10817.29,right_only,,False
2020-08-09,,10962.52,right_only,,False
2020-08-10,,10938.23,right_only,,False
2020-08-11,,10919.47,right_only,,False
2020-08-12,,10922.33,right_only,,False
2020-08-13,,10944.18,right_only,,False
2020-08-16,,11120.26,right_only,,False
2020-08-17,,11142.77,right_only,,False
2020-08-18,,11077.11,right_only,,False
2020-08-19,,11160.05,right_only,,False
2020-08-23,,11391.08,right_only,,False
2020-08-24,,11433.76,right_only,,False
2020-08-25,,11461.62,right_only,,False
2020-08-26,,11453.78,right_only,,False
2020-08-27,,11462.45,right_only,,False
2020-08-30,,11434.81,right_only,,False
2020-08-31,,11365.99,right_only,,False
2020-09-01,,11233.94,right_only,,False
2020-09-02,,11214.22,right_only,,False
2020-09-03,,11180.81,right_only,,False
2020-09-06,,11073.02,right_only,,False
2020-09-07,,11136.03,right_only,,False
2020-09-08,,10951.29,right_only,,False
2020-09-09,,10929.89,right_only,,False
2020-09-10,,11070.84,right_only,,False
2020-09-13,,11091.67,right_only,,False
2020-09-14,,11034.38,right_only,,False
2020-09-15,,11028.06,right_only,,False
2020-09-16,,11088.2,right_only,,False
2020-09-17,,11050.89,right_only,,False
2020-09-20,,10969.32,right_only,,False
2020-09-21,,10910.37,right_only,,False
2020-09-22,,10963.01,right_only,,False
2020-09-23,,10979.44,right_only,,False
2020-09-24,,10911.44,right_only,,False
2020-09-27,,10902.22,right_only,,False
2020-09-28,,10969.94,right_only,,False
2020-09-29,,10987.19,right_only,,False
2020-09-30,,10989.27,right_only,,False
2020-10-01,,11051.3,right_only,,False
2020-10-04,,11071.46,right_only,,False
2020-10-05,,11007.69,right_only,,False
2020-10-06,,11146.18,right_only,,False
2020-10-07,,11326.98,right_only,,False
2020-10-11,,11360.37,right_only,,False
2020-10-12,,11397.65,right_only,,False
2020-10-13,,11291.81,right_only,,False
2020-10-14,,11333.91,right_only,,False
2020-10-15,,11322.71,right_only,,False
2020-10-18,,11185.15,right_only,,False
2020-10-19,,11171.36,right_only,,False
2020-10-20,,11157.62,right_only,,False
2020-10-21,,11101.63,right_only,,False
2020-10-22,,10987.43,right_only,,False
2020-10-25,,10602.98,right_only,,False
2020-10-26,,10511.94,right_only,,False
2020-10-27,,10559.71,right_only,,False
2020-10-28,,10515.25,right_only,,False
2020-11-01,,10456.33,right_only,,False
2020-11-02,,10429.34,right_only,,False
2020-11-03,,10512.16,right_only,,False
2020-11-04,,10556.89,right_only,,False
2020-11-05,,10629.29,right_only,,False
2020-11-08,,10680.27,right_only,,False
2020-11-09,,10838.66,right_only,,False
2020-11-10,,11077.25,right_only,,False
2020-11-11,,10997.65,right_only,,False
2020-11-12,,11017.28,right_only,,False
2020-11-15,,10953.13,right_only,,False
2020-11-16,,10991.61,right_only,,False
2020-11-17,,11063.98,right_only,,False
2020-11-18,,10989.72,right_only,,False
2020-11-19,,10898.67,right_only,,False
2020-11-22,,10858.26,right_only,,False
2020-11-23,,10885.11,right_only,,False
2020-11-24,,10997.35,right_only,,False
2020-11-25,,11068.44,right_only,,False
2020-11-26,,10980.96,right_only,,False
2020-11-29,,11009.27,right_only,,False
2020-11-30,,10943.35,right_only,,False
2020-12-01,,11040.78,right_only,,False
2020-12-02,,11023.34,right_only,,False
2020-12-03,,11015.01,right_only,,False
2020-12-06,,11024.84,right_only,,False
2020-12-07,,10995.13,right_only,,False
2020-12-08,,11019.08,right_only,,False
2020-12-09,,11018.09,right_only,,False
2020-12-10,,10987.39,right_only,,False
2020-12-13,,11003.77,right_only,,False
2020-12-14,,11047.97,right_only,,False
2020-12-15,,11057.62,right_only,,False
2020-12-16,,10983.03,right_only,,False
2020-12-17,,10844.58,right_only,,False
2020-12-20,,10890.3,right_only,,False
2020-12-21,,10581.76,right_only,,False
2020-12-22,,10655.91,right_only,,False
2020-12-23,,10677.51,right_only,,False
2020-12-24,,10683.86,right_only,,False
2020-12-27,,10585.56,right_only,,False
2020-12-28,,10658.55,right_only,,False
2020-12-29,,10736.88,right_only,,False
2020-12-30,,10867.76,right_only,,False
2020-12-31,,10845.26,right_only,,False
2021-01-03,,10845.03,right_only,,False
2021-01-04,,10813.78,right_only,,False
2021-01-05,,10829.96,right_only,,False
2021-01-06,,10952.14,right_only,,False
2021-01-10,,11213.48,right_only,,False
2021-01-11,,11278.72,right_only,,False
2021-01-12,,11339.75,right_only,,False
2021-01-13,,11388.9,right_only,,False
2021-01-14,,11453.43,right_only,,False
2021-01-17,,11446.53,right_only,,False
2021-01-18,,11450.54,right_only,,False
2021-01-19,,11485.8,right_only,,False
2021-01-20,,11598.9,right_only,,False
2021-01-21,,11654.58,right_only,,False
2021-01-24,,11525.25,right_only,,False
2021-01-25,,11509.63,right_only,,False
2021-01-26,,11527.34,right_only,,False
2021-01-27,,11578.84,right_only,,False
2021-01-31,,11546.15,right_only,,False
2021-02-01,,11589.34,right_only,,False
2021-02-02,,11637.55,right_only,,False
2021-02-03,,11619.14,right_only,,False
2021-02-04,,11598.85,right_only,,False
2021-02-07,,11602.78,right_only,,False
2021-02-08,,11523.06,right_only,,False
2021-02-09,,11447.73,right_only,,False
2021-02-10,,11545.03,right_only,,False
2021-02-11,,11546.32,right_only,,False
2021-02-14,,11506.72,right_only,,False
2021-02-15,,11526.77,right_only,,False
2021-02-16,,11534.05,right_only,,False
2021-02-17,,11413.17,right_only,,False
2021-02-18,,11380.55,right_only,,False
2021-02-21,,11425.85,right_only,,False
2021-02-22,,11549.97,right_only,,False
2021-02-23,,11416.74,right_only,,False
2021-02-24,,11435.43,right_only,,False
2021-02-25,,11617.91,right_only,,False
2021-02-28,,11525.02,right_only,,False
2021-03-01,,11521.38,right_only,,False
2021-03-02,,11471.39,right_only,,False
2021-03-03,,11393.25,right_only,,False
2021-03-04,,11333.86,right_only,,False
2021-03-07,,11557.85,right_only,,False
2021-03-08,,11459.51,right_only,,False
2021-03-09,,11337.46,right_only,,False
2021-03-10,,11235.6,right_only,,False
2021-03-11,,11261.35,right_only,,False
2021-03-14,,11289.57,right_only,,False
2021-03-15,,11222.33,right_only,,False
2021-03-16,,11190.8,right_only,,False
2021-03-17,,11068.37,right_only,,False
2021-03-18,,10918.4,right_only,,False
2021-03-21,,10802.29,right_only,,False
2021-03-22,,10537.22,right_only,,False
2021-03-23,,10471.36,right_only,,False
2021-03-24,,10702.18,right_only,,False
2021-03-25,,10870.46,right_only,,False
2021-03-28,,10867.69,right_only,,False
2021-03-29,,10738.42,right_only,,False
2021-03-30,,10739.69,right_only,,False
2021-03-31,,10568.37,right_only,,False
2021-04-01,,10564.88,right_only,,False
2021-04-04,,10417.15,right_only,,False
2021-04-05,,10256.92,right_only,,False
2021-04-06,,10263.22,right_only,,False
2021-04-07,,10227.67,right_only,,False
2021-04-08,,10303.55,right_only,,False
2021-04-11,,10393.13,right_only,,False
2021-04-12,,10450.09,right_only,,False
2021-04-13,,10305.81,right_only,,False
2021-04-14,,10115.51,right_only,,False
2021-04-15,,10143.21,right_only,,False
2021-04-18,,10358.26,right_only,,False
2021-04-19,,10441.0,right_only,,False
2021-04-20,,10620.05,right_only,,False
2021-04-21,,10642.49,right_only,,False
2021-04-22,,10600.07,right_only,,False
2021-04-25,,10604.28,right_only,,False
2021-04-26,,10525.84,right_only,,False
2021-04-27,,10591.42,right_only,,False
2021-04-28,,10475.26,right_only,,False
2021-05-04,,10465.59,right_only,,False
2021-05-05,,10512.84,right_only,,False
2021-05-06,,10588.09,right_only,,False
2021-05-09,,10643.63,right_only,,False
2021-05-10,,10686.03,right_only,,False
2021-05-11,,10767.84,right_only,,False
2021-05-17,,10674.67,right_only,,False
2021-05-18,,10780.9,right_only,,False
2021-05-19,,10806.23,right_only,,False
2021-05-20,,10731.96,right_only,,False
2021-05-23,,10812.06,right_only,,False
2021-05-24,,10760.95,right_only,,False
2021-05-25,,10531.83,right_only,,False
2021-05-26,,10369.57,right_only,,False
2021-05-27,,10242.3,right_only,,False
2021-05-30,,10301.58,right_only,,False
2021-05-31,,10309.06,right_only,,False
2021-06-01,,10240.21,right_only,,False
2021-06-02,,10120.95,right_only,,False
2021-06-03,,10054.81,right_only,,False
2021-06-06,,10122.44,right_only,,False
2021-06-07,,10105.04,right_only,,False
2021-06-08,,9963.91,right_only,,False
2021-06-09,,10042.18,right_only,,False
2021-06-10,,9977.9,right_only,,False
2021-06-13,,9887.19,right_only,,False
2021-06-14,,9933.35,right_only,,False
2021-06-15,,9891.18,right_only,,False
2021-06-16,,9880.49,right_only,,False
2021-06-17,,9865.59,right_only,,False
2021-06-20,,9797.91,right_only,,False
2021-06-21,,10061.58,right_only,,False
2021-06-22,,10206.24,right_only,,False
2021-06-23,,10272.72,right_only,,False
2021-06-24,,10278.86,right_only,,False
2021-06-27,,10305.02,right_only,,False
2021-06-28,,10273.92,right_only,,False
2021-06-29,,10123.06,right_only,,False
2021-06-30,,10256.62,right_only,,False
2021-07-04,,10345.66,right_only,,False
2021-07-05,,10348.29,right_only,,False
2021-07-06,,10154.79,right_only,,False
2021-07-07,,10277.25,right_only,,False
2021-07-08,,10184.8,right_only,,False
2021-07-11,,10153.47,right_only,,False
2021-07-12,,10233.7,right_only,,False
2021-07-13,,10431.99,right_only,,False
2021-07-14,,10602.41,right_only,,False
2021-07-15,,10561.28,right_only,,False
2021-07-18,,10646.85,right_only,,False
2021-07-25,,10745.69,right_only,,False
2021-07-26,,10697.32,right_only,,False
2021-07-27,,10763.26,right_only,,False
2021-07-28,,10769.22,right_only,,False
2021-07-29,,10742.23,right_only,,False
2021-08-01,,10810.21,right_only,,False
2021-08-02,,10821.88,right_only,,False
2021-08-03,,10726.33,right_only,,False
2021-08-04,,10718.89,right_only,,False
2021-08-05,,10723.18,right_only,,False
2021-08-08,,10738.67,right_only,,False
2021-08-09,,10800.39,right_only,,False
2021-08-10,,10853.83,right_only,,False
2021-08-11,,10884.5,right_only,,False
2021-08-15,,11029.56,right_only,,False
2021-08-16,,11046.15,right_only,,False
2021-08-17,,10937.69,right_only,,False
2021-08-18,,10907.96,right_only,,False
2021-08-19,,10808.7,right_only,,False
2021-08-22,,10690.79,right_only,,False
2021-08-23,,10884.29,right_only,,False
2021-08-24,,10950.24,right_only,,False
2021-08-25,,11064.43,right_only,,False
2021-08-26,,11125.55,right_only,,False
2021-08-29,,11113.74,right_only,,False
2021-08-30,,11163.23,right_only,,False
2021-08-31,,11143.8,right_only,,False
2021-09-01,,11283.7,right_only,,False
2021-09-02,,11301.36,right_only,,False
2021-09-05,,11095.89,right_only,,False
2021-09-06,,11064.17,right_only,,False
2021-09-07,,11089.8,right_only,,False
2021-09-08,,11135.48,right_only,,False
2021-09-09,,11056.27,right_only,,False
2021-09-12,,11036.93,right_only,,False
2021-09-13,,11140.22,right_only,,False
2021-09-14,,11187.82,right_only,,False
2021-09-15,,11149.36,right_only,,False
2021-09-16,,10996.76,right_only,,False
2021-09-19,,10889.65,right_only,,False
2021-09-20,,10710.56,right_only,,False
2021-09-21,,10498.52,right_only,,False
2021-09-22,,10596.06,right_only,,False
2021-09-23,,10642.02,right_only,,False
2021-09-26,,10649.76,right_only,,False
2021-09-27,,10496.0,right_only,,False
2021-09-28,,10446.78,right_only,,False
2021-09-29,,10391.14,right_only,,False
2021-09-30,,10517.03,right_only,,False
2021-10-03,,10366.44,right_only,,False
2021-10-04,,10427.44,right_only,,False
2021-10-05,,10432.63,right_only,,False
2021-10-06,,10536.39,right_only,,False
2021-10-10,,10662.96,right_only,,False
2021-10-11,,10714.78,right_only,,False
2021-10-12,,10783.92,right_only,,False
2021-10-13,,10881.4,right_only,,False
2021-10-14,,10995.59,right_only,,False
2021-10-17,,11155.57,right_only,,False
2021-10-18,,11276.17,right_only,,False
2021-10-19,,11195.05,right_only,,False
2021-10-20,2.7669870853424072,11132.07,both,-11129.303,False
2021-10-24,2.724153995513916,11185.88,both,-11183.1558,False
2021-10-25,2.6641879081726074,11178.0,both,-11175.3358,False
2021-10-26,2.698453903198242,11256.54,both,-11253.8415,False
2021-10-27,2.595655918121338,11364.2,both,-11361.6043,False
2021-10-28,2.7412869930267334,11506.63,both,-11503.8887,False
2021-10-31,2.7669870853424072,11420.19,both,-11417.423,False
2021-11-01,2.7841200828552246,11568.27,both,-11565.4859,False
2021-11-02,2.707020998001098,11676.38,both,-11673.673,False
2021-11-03,2.724153995513916,11685.12,both,-11682.3958,False
2021-11-04,2.707020998001098,11612.84,both,-11610.133,False
2021-11-07,2.707020998001098,11555.58,both,-11552.873,False
2021-11-08,2.707020998001098,11497.51,both,-11494.803,False
2021-11-09,2.707020998001098,11588.42,both,-11585.713,False
2021-11-10,2.7841200828552246,11480.5,both,-11477.7159,False
2021-11-11,2.861217975616455,11573.14,both,-11570.2788,False
2021-11-14,2.89548397064209,11662.99,both,-11660.0945,False
2021-11-15,2.9040510654449463,11496.63,both,-11493.7259,False
2021-11-16,2.89548397064209,11413.21,both,-11410.3145,False
2021-11-17,2.938317060470581,11453.3,both,-11450.3617,False
2021-11-18,2.938317060470581,11337.99,both,-11335.0517,False
2021-11-21,2.886918067932129,11273.11,both,-11270.2231,False
2021-11-22,2.886918067932129,11359.03,both,-11356.1431,False
2021-11-23,2.921184062957764,11369.22,both,-11366.2988,False
2021-11-24,2.964016914367676,11352.64,both,-11349.676,False
2021-11-25,3.0068490505218506,11431.24,both,-11428.2332,False
2021-11-28,3.0068490505218506,11277.83,both,-11274.8232,False
2021-11-29,2.981149911880493,11212.3,both,-11209.3189,False
2021-11-30,3.0582480430603027,11395.6,both,-11392.5418,False
2021-12-01,3.0582480430603027,11420.0,both,-11416.9418,False
2021-12-02,3.118213891983032,11318.35,both,-11315.2318,False
2021-12-05,3.1610469818115234,11401.33,both,-11398.169,False
2021-12-06,3.143913984298706,11514.87,both,-11511.7261,False
2021-12-07,3.1267809867858887,11538.26,both,-11535.1332,False
2021-12-08,3.092514038085937,11451.14,both,-11448.0475,False
2021-12-09,3.1610469818115234,11534.63,both,-11531.469,False
2021-12-12,3.1867458820343018,11708.05,both,-11704.8633,False
2021-12-13,3.212445974349976,11700.4,both,-11697.1876,False
2021-12-14,3.1696128845214844,11618.01,both,-11614.8404,False
2021-12-15,3.263844966888428,11622.1,both,-11618.8362,False
2021-12-16,3.392343044281006,11667.73,both,-11664.3377,False
2021-12-19,3.2981109619140625,11565.72,both,-11562.4219,False
2021-12-20,3.2981109619140625,11482.43,both,-11479.1319,False
2021-12-21,3.3837759494781494,11524.66,both,-11521.2762,False
2021-12-22,3.3837759494781494,11630.63,both,-11627.2462,False
2021-12-23,3.4266090393066406,11755.46,both,-11752.0334,False
2021-12-26,3.418041944503784,11856.21,both,-11852.792,False
2021-12-27,3.4094760417938232,11849.79,both,-11846.3805,False
2021-12-28,3.418041944503784,11913.44,both,-11910.022,False
2021-12-29,3.4351749420166016,11898.42,both,-11894.9848,False
2021-12-30,3.48657488822937,11949.18,both,-11945.6934,False
2022-01-02,3.4266090393066406,11909.72,both,-11906.2934,False
2022-01-03,3.4694409370422363,11897.4,both,-11893.9306,False
2022-01-04,3.4608750343322754,11982.61,both,-11979.1491,False
2022-01-05,3.4351749420166016,12043.42,both,-12039.9848,False
2022-01-09,3.4351749420166016,11978.56,both,-11975.1248,False
2022-01-10,3.3409440517425537,12022.69,both,-12019.3491,False
2022-01-11,3.2981109619140625,12002.08,both,-11998.7819,False
2022-01-12,3.238145112991333,12060.0,both,-12056.7619,False
2022-01-13,3.1867458820343018,12012.31,both,-12009.1233,False
2022-01-16,3.1696128845214844,11830.94,both,-11827.7704,False
2022-01-17,3.221012115478516,11859.12,both,-11855.899,False
2022-01-18,3.221012115478516,11876.44,both,-11873.219,False
2022-01-19,3.1867458820343018,11715.01,both,-11711.8233,False
2022-01-20,3.2038791179656982,11731.71,both,-11728.5061,False
2022-01-23,3.1696128845214844,11655.72,both,-11652.5504,False
2022-01-24,3.178179979324341,11616.13,both,-11612.9518,False
2022-01-25,3.212445974349976,11542.43,both,-11539.2176,False
2022-01-26,3.195312976837158,11499.85,both,-11496.6547,False
2022-01-30,3.212445974349976,11457.46,both,-11454.2476,False
2022-01-31,3.2467119693756104,11490.45,both,-11487.2033,False
2022-02-01,3.229578971862793,11603.33,both,-11600.1004,False
2022-02-02,3.289544105529785,11691.82,both,-11688.5305,False
2022-02-03,3.2981109619140625,11638.06,both,-11634.7619,False
2022-02-06,3.289544105529785,11689.55,both,-11686.2605,False
2022-02-07,3.238145112991333,11548.61,both,-11545.3719,False
2022-02-08,3.2038791179656982,11527.9,both,-11524.6961,False
2022-02-09,3.1867458820343018,11596.29,both,-11593.1033,False
2022-02-10,3.212445974349976,11578.54,both,-11575.3276,False
2022-02-13,3.083947896957397,11438.12,both,-11435.0361,False
2022-02-14,3.06681489944458,11403.34,both,-11400.2732,False
2022-02-15,3.101080894470215,11563.38,both,-11560.2789,False
2022-02-16,3.0411150455474854,11568.14,both,-11565.0989,False
2022-02-17,3.109647035598755,11535.02,both,-11531.9104,False
2022-02-20,3.109647035598755,11371.21,both,-11368.1004,False
2022-02-21,3.0411150455474854,11501.92,both,-11498.8789,False
2022-02-22,2.9126169681549072,11302.49,both,-11299.5774,False
2022-02-23,2.9468839168548584,11301.08,both,-11298.1331,False
2022-02-24,2.758419990539551,10890.88,both,-10888.1216,False
2022-02-27,2.8697850704193115,11174.09,both,-11171.2202,False
2022-02-28,2.8355190753936768,11138.86,both,-11136.0245,False
2022-03-01,2.8697850704193115,11275.78,both,-11272.9102,False
2022-03-02,2.8355190753936768,11189.29,both,-11186.4545,False
2022-03-03,2.8697850704193115,11305.55,both,-11302.6802,False
2022-03-06,2.758419990539551,11094.66,both,-11091.9016,False
2022-03-07,2.707020998001098,10701.14,both,-10698.433,False
2022-03-08,2.707020998001098,10396.83,both,-10394.123,False
2022-03-09,2.698453903198242,10415.73,both,-10413.0315,False
2022-03-10,2.7412869930267334,10453.59,both,-10450.8487,False
2022-03-13,2.775552988052368,10480.67,both,-10477.8944,False
2022-03-14,2.6299219131469727,10419.56,both,-10416.9301,False
2022-03-15,2.5271239280700684,10423.09,both,-10420.5629,False
2022-03-16,2.5014240741729736,10705.6,both,-10703.0986,False
2022-03-17,2.4928579330444336,10726.44,both,-10723.9471,False
2022-03-20,2.552823066711426,10973.72,both,-10971.1672,False
2022-03-21,2.681320905685425,11511.15,both,-11508.4687,False
2022-03-22,2.638489007949829,11663.32,both,-11660.6815,False
2022-03-23,2.587090015411377,11743.91,both,-11741.3229,False
2022-03-24,2.6127889156341557,11709.16,both,-11706.5472,False
2022-03-27,2.56995701789856,11545.61,both,-11543.04,False
2022-03-28,2.441458940505981,11240.79,both,-11238.3485,False
2022-03-29,2.450025081634521,11393.54,both,-11391.09,False
2022-03-30,2.441458940505981,11239.21,both,-11236.7685,False
2022-03-31,2.5014240741729736,11238.48,both,-11235.9786,False
2022-04-03,2.5442569255828857,11562.21,both,-11559.6657,False
2022-04-04,2.509990930557251,11529.18,both,-11526.67,False
2022-04-05,2.484291076660156,11380.85,both,-11378.3657,False
2022-04-06,2.458591938018799,11347.96,both,-11345.5014,False
2022-04-07,2.3643600940704346,11101.94,both,-11099.5756,False
2022-04-10,2.2272961139678955,10897.61,both,-10895.3827,False
2022-04-11,2.150197029113769,10728.66,both,-10726.5098,False
2022-04-12,2.244429111480713,10898.69,both,-10896.4456,False
2022-04-13,2.2358620166778564,10847.46,both,-10845.2241,False
2022-04-14,2.1844630241394043,10679.55,both,-10677.3655,False
2022-04-17,2.0645320415496826,10707.93,both,-10705.8655,False
2022-04-18,2.141629934310913,10724.8,both,-10722.6584,False
2022-04-19,2.193028926849365,10626.81,both,-10624.617,False
2022-04-20,2.175895929336548,10444.76,both,-10442.5841,False
2022-04-21,2.278695106506348,10548.14,both,-10545.8613,False
2022-04-26,2.2272961139678955,10682.08,both,-10679.8527,False
2022-04-27,2.2272961139678955,10718.22,both,-10715.9927,False
2022-04-28,2.2272961139678955,11047.7,both,-11045.4727,False
2022-05-08,2.193028926849365,11109.22,both,-11107.027,False
2022-05-09,2.1844630241394043,10906.72,both,-10904.5355,False
2022-05-10,2.141629934310913,10811.45,both,-10809.3084,False
2022-05-11,2.1073639392852783,10855.93,both,-10853.8226,False
2022-05-12,2.055964946746826,10678.98,both,-10676.924,False
2022-05-15,1.9617329835891724,10534.22,both,-10532.2583,False
2022-05-16,1.9274669885635376,10461.88,both,-10459.9525,False
2022-05-17,1.867501974105835,10438.95,both,-10437.0825,False
2022-05-18,1.9274669885635376,10467.63,both,-10465.7025,False
2022-05-19,1.944599986076355,10549.97,both,-10548.0254,False
2022-05-22,1.9531669616699217,10462.74,both,-10460.7868,False
2022-05-23,1.9702999591827397,10514.95,both,-10512.9797,False
2022-05-24,1.8332359790802,10415.54,both,-10413.7068,False
2022-05-25,1.713304042816162,10247.43,both,-10245.7167,False
2022-05-26,1.713304042816162,10200.56,both,-10198.8467,False
2022-05-29,1.6961710453033447,10086.72,both,-10085.0238,False
2022-05-30,1.6790380477905271,10109.36,both,-10107.681,False
2022-05-31,1.6190719604492188,10150.05,both,-10148.4309,False
2022-06-01,1.5499999523162842,10083.98,both,-10082.43,False
2022-06-02,1.659999966621399,10007.51,both,-10005.85,False
2022-06-05,1.659999966621399,9986.0,both,-9984.34,False
2022-06-06,1.6230000257492063,9984.92,both,-9983.297,False
2022-06-07,1.628999948501587,10048.36,both,-10046.731,False
2022-06-08,1.6419999599456787,10236.06,both,-10234.418,False
2022-06-09,1.6770000457763672,10235.43,both,-10233.753,False
2022-06-12,1.6640000343322754,10097.55,both,-10095.886,False
2022-06-13,1.5859999656677246,10014.85,both,-10013.264,False
2022-06-14,1.5859999656677246,9981.22,both,-9979.634,False
2022-06-15,1.5920000076293943,9969.97,both,-9968.378,False
2022-06-16,1.5889999866485596,9866.75,both,-9865.161,False
2022-06-19,1.569000005722046,9728.19,both,-9726.621,False
2022-06-20,1.555999994277954,9680.18,both,-9678.624,False
2022-06-21,1.569000005722046,9697.88,both,-9696.311,False
2022-06-22,1.559000015258789,9612.9,both,-9611.341,False
2022-06-23,1.5230000019073486,9439.85,both,-9438.327,False
2022-06-26,1.5290000438690186,9443.75,both,-9442.221,False
2022-06-27,1.508999943733215,9255.43,both,-9253.921,False
2022-06-28,1.4559999704360962,9179.63,both,-9178.174,False
2022-06-29,1.4700000286102295,9225.61,both,-9224.14,False
2022-07-03,1.406000018119812,9008.89,both,-9007.484,False
2022-07-04,1.190000057220459,8685.74,both,-8684.55,False
2022-07-05,1.1130000352859497,8657.5,both,-8656.387,False
2022-07-06,1.128999948501587,8670.12,both,-8668.991,False
2022-07-07,1.1399999856948853,8764.25,both,-8763.11,False
2022-07-17,1.1519999504089355,8772.93,both,-8771.778,False
2022-07-18,1.159999966621399,8867.94,both,-8866.78,False
2022-07-19,1.1610000133514404,9033.53,both,-9032.369,False
2022-07-20,1.2400000095367432,9112.72,both,-9111.48,False
2022-07-21,1.375,9289.81,both,-9288.435,False
2022-07-24,1.4700000286102295,9276.28,both,-9274.81,False
2022-07-25,1.565999984741211,9237.7,both,-9236.134,False
2022-07-26,1.527999997138977,9350.42,both,-9348.892,False
2022-07-27,1.5299999713897705,9287.92,both,-9286.39,False
2022-07-28,1.503999948501587,9369.32,both,-9367.816,False
2022-07-31,1.5410000085830688,9467.08,both,-9465.539,False
2022-08-01,1.5720000267028809,9423.1,both,-9421.528,False
2022-08-02,1.6829999685287476,9442.02,both,-9440.337,False
2022-08-03,1.6829999685287476,9539.43,both,-9537.747,False
2022-08-04,1.7690000534057615,10043.23,both,-10041.461,False
2022-08-07,1.8819999694824217,10123.81,both,-10121.928,False
2022-08-08,1.7899999618530271,10047.71,both,-10045.92,False
2022-08-09,1.7319999933242798,9968.88,both,-9967.148,False
2022-08-10,1.7450000047683716,9965.46,both,-9963.715,False
2022-08-11,1.753000020980835,9988.84,both,-9987.087,False
2022-08-14,1.690000057220459,9984.44,both,-9982.75,False
2022-08-15,1.7050000429153442,9914.71,both,-9913.005,False
2022-08-16,1.74399995803833,9843.17,both,-9841.426,False
2022-08-17,1.7999999523162842,10058.12,both,-10056.32,False
2022-08-18,1.7999999523162842,10094.16,both,-10092.36,False
2022-08-21,1.9989999532699585,10339.58,both,-10337.581,False
2022-08-22,1.950999975204468,10246.24,both,-10244.289,False
2022-08-23,1.950999975204468,10137.89,both,-10135.939,False
2022-08-24,1.919000029563904,10105.24,both,-10103.321,False
2022-08-25,1.9259999990463257,10287.27,both,-10285.344,False
2022-08-28,2.049999952316284,10178.15,both,-10176.1,False
2022-08-29,2.0,10122.32,both,-10120.32,False
2022-08-30,1.9980000257492063,10132.15,both,-10130.152,False
2022-08-31,1.9900000095367432,9998.61,both,-9996.62,False
2022-09-01,1.9490000009536743,9936.87,both,-9934.921,False
2022-09-04,1.9579999446868896,9996.74,both,-9994.782,False
2022-09-05,2.0,10177.64,both,-10175.64,False
2022-09-06,2.0439999103546143,10329.66,both,-10327.616,False
2022-09-07,2.039999961853028,10232.29,both,-10230.25,False
2022-09-08,2.0199999809265137,10265.35,both,-10263.33,False
2022-09-11,2.0,10356.31,both,-10354.31,False
2022-09-12,1.9800000190734863,10434.1,both,-10432.12,False
2022-09-13,1.9900000095367432,10397.12,both,-10395.13,False
2022-09-14,1.9800000190734863,10193.79,both,-10191.81,False
2022-09-15,1.9700000286102293,10079.02,both,-10077.05,False
2022-09-18,1.850000023841858,9763.19,both,-9761.34,False
2022-09-19,1.88100004196167,9854.21,both,-9852.329,False
2022-09-20,1.8580000400543213,10010.53,both,-10008.672,False
2022-09-21,1.838000059127808,9955.85,both,-9954.012,False
2022-09-22,1.8489999771118164,9933.05,both,-9931.201,False
2022-09-25,1.8289999961853027,9895.04,both,-9893.211,False
2022-09-26,1.843000054359436,9827.8,both,-9825.957,False
2022-09-27,1.838000059127808,9817.37,both,-9815.532,False
2022-09-28,1.86899995803833,9702.19,both,-9700.321,False
2022-09-29,1.870000004768372,9827.46,both,-9825.59,False
2022-10-02,1.837000012397766,9687.36,both,-9685.523,False
2022-10-03,1.8359999656677248,9685.85,both,-9684.014,False
2022-10-04,1.8200000524520876,9923.81,both,-9921.99,False
2022-10-05,1.7999999523162842,10010.78,both,-10008.98,False
2022-10-09,1.809999942779541,9940.86,both,-9939.05,False
2022-10-10,1.784999966621399,9948.53,both,-9946.745,False
2022-10-11,1.7690000534057615,9867.23,both,-9865.461,False
2022-10-12,1.7419999837875366,9800.64,both,-9798.898,False
2022-10-13,1.7699999809265137,9853.74,both,-9851.97,False
2022-10-16,1.7860000133514404,10048.88,both,-10047.094,False
2022-10-17,1.7899999618530271,10148.4,both,-10146.61,False
2022-10-18,1.7799999713897705,10163.56,both,-10161.78,False
2022-10-19,1.777999997138977,10156.34,both,-10154.562,False
2022-10-20,1.7769999504089355,10273.53,both,-10271.753,False
2022-10-23,1.781000018119812,10258.24,both,-10256.459,False
2022-10-24,1.7400000095367432,10320.88,both,-10319.14,False
2022-10-25,1.7580000162124634,10475.02,both,-10473.262,False
2022-10-26,1.7580000162124634,10553.2,both,-10551.442,False
2022-10-27,1.8170000314712524,11072.02,both,-11070.203,False
2022-10-30,1.8170000314712524,11100.67,both,-11098.853,False
2022-10-31,1.8020000457763672,11372.79,both,-11370.988,False
2022-11-01,1.8329999446868896,11432.79,both,-11430.957,False
2022-11-02,1.812000036239624,11242.07,both,-11240.258,False
2022-11-03,1.7790000438690186,11262.4,both,-11260.621,False
2022-11-06,1.753999948501587,11179.2,both,-11177.446,False
2022-11-07,1.7489999532699585,11443.71,both,-11441.961,False
2022-11-08,1.7230000495910645,11268.04,both,-11266.317,False
2022-11-09,1.7009999752044678,11781.58,both,-11779.879,False
2022-11-10,1.7300000190734863,11756.56,both,-11754.83,False
2022-11-13,1.7300000190734863,11980.62,both,-11978.89,False
2022-11-14,1.7400000095367432,12136.37,both,-12134.63,False
2022-11-15,1.784000039100647,12137.0,both,-12135.216,False
2022-11-16,1.825000047683716,12341.2,both,-12339.375,False
2022-11-17,1.850000023841858,12515.71,both,-12513.86,False
2022-11-20,1.8489999771118164,12523.84,both,-12521.991,False
2022-11-21,1.830000042915344,12449.9,both,-12448.07,False
2022-11-22,1.8179999589920044,12622.34,both,-12620.522,False
2022-11-23,1.7990000247955322,12600.09,both,-12598.291,False
2022-11-24,1.8320000171661377,12779.44,both,-12777.608,False
2022-11-27,1.975000023841858,13009.48,both,-13007.505,False
2022-11-28,1.9609999656677248,12917.22,both,-12915.259,False
2022-11-29,1.9889999628067017,13184.26,both,-13182.271,False
2022-11-30,1.944000005722046,13259.26,both,-13257.316,False
2022-12-01,1.932000041007996,13639.73,both,-13637.798,False
2022-12-04,2.049999952316284,14078.53,both,-14076.48,False
2022-12-05,2.0299999713897705,14327.77,both,-14325.74,False
2022-12-06,2.150000095367432,14498.29,both,-14496.14,False
2022-12-07,2.1610000133514404,14787.05,both,-14784.889,False
2022-12-08,2.219000101089477,14838.31,both,-14836.091,False
2022-12-11,2.190000057220459,14587.7,both,-14585.51,False
2022-12-12,2.180000066757202,14723.71,both,-14721.53,False
2022-12-13,2.299999952316284,15150.31,both,-15148.01,False
2022-12-14,2.299999952316284,15378.28,both,-15375.98,False
2022-12-15,2.289999961853028,15141.55,both,-15139.26,False
2022-12-18,2.220000028610229,14843.05,both,-14840.83,False
2022-12-19,2.220000028610229,14738.6,both,-14736.38,False
2022-12-20,2.150000095367432,14523.26,both,-14521.11,False
2022-12-21,2.0799999237060547,14541.98,both,-14539.9,False
2022-12-22,2.009999990463257,14482.93,both,-14480.92,False
2022-12-25,1.899999976158142,14385.3,both,-14383.4,False
2022-12-26,2.0,14560.41,both,-14558.41,False
2022-12-27,2.059999942779541,14485.18,both,-14483.12,False
2022-12-28,2.130000114440918,14578.21,both,-14576.08,False
2022-12-29,2.1600000858306885,14598.53,both,-14596.37,False
2023-01-02,2.2100000381469727,14960.66,both,-14958.45,False
2023-01-03,2.200000047683716,15068.13,both,-15065.93,False
2023-01-04,2.140000104904175,15557.46,both,-15555.32,False
2023-01-05,2.119999885559082,16002.18,both,-16000.06,False
2023-01-09,2.109999895095825,16096.87,both,-16094.76,False
2023-01-10,1.9900000095367432,15462.57,both,-15460.58,False
2023-01-11,1.940000057220459,15528.1,both,-15526.16,False
2023-01-12,1.919999957084656,15551.47,both,-15549.55,False
2023-01-15,1.9210000038146973,15561.25,both,-15559.329,False
2023-01-16,1.944000005722046,15837.91,both,-15835.966,False
2023-01-17,2.0299999713897705,15981.88,both,-15979.85,False
2023-01-18,1.991000056266785,15987.15,both,-15985.159,False
2023-01-19,1.9889999628067017,16065.98,both,-16063.991,False
2023-01-22,1.9889999628067017,16118.85,both,-16116.861,False
2023-01-23,1.9609999656677248,16183.49,both,-16181.529,False
2023-01-24,1.937999963760376,16440.53,both,-16438.592,False
2023-01-25,1.9459999799728396,16791.11,both,-16789.164,False
2023-01-29,1.9539999961853027,17411.46,both,-17409.506,False
2023-01-30,1.9019999504089355,17026.64,both,-17024.738,False
2023-01-31,1.7999999523162842,16446.38,both,-16444.58,False
2023-02-01,1.7910000085830688,16407.79,both,-16405.999,False
2023-02-02,1.7330000400543213,16255.73,both,-16253.997,False
2023-02-05,1.6799999475479126,16265.92,both,-16264.24,False
2023-02-06,1.6979999542236328,16587.06,both,-16585.362,False
2023-02-07,1.7130000591278076,16900.43,both,-16898.717,False
2023-02-08,1.7000000476837158,16948.08,both,-16946.38,False
2023-02-09,1.6950000524520874,17613.78,both,-17612.085,False
2023-02-12,1.6649999618530271,17287.09,both,-17285.425,False
2023-02-13,1.6779999732971191,17214.56,both,-17212.882,False
2023-02-14,1.77400004863739,17430.98,both,-17429.206,False
2023-02-15,1.7799999713897705,17522.56,both,-17520.78,False
2023-02-16,1.7660000324249268,17488.87,both,-17487.104,False
2023-02-19,1.7369999885559082,17326.61,both,-17324.873,False
2023-02-20,1.7039999961853027,16814.0,both,-16812.296,False
2023-02-21,1.7089999914169312,17039.45,both,-17037.741,False
2023-02-22,1.6820000410079956,16777.2,both,-16775.518,False
2023-02-23,1.690999984741211,17003.9,both,-17002.209,False
2023-02-26,1.6970000267028809,17213.01,both,-17211.313,False
2023-02-27,1.6799999475479126,17098.16,both,-17096.48,False
2023-02-28,1.694000005722046,17002.08,both,-17000.386,False
2023-03-01,1.690999984741211,17123.01,both,-17121.319,False
2023-03-02,1.687000036239624,16846.79,both,-16845.103,False
2023-03-05,1.684000015258789,16827.65,both,-16825.966,False
2023-03-06,1.6729999780654907,16803.89,both,-16802.217,False
2023-03-07,1.6330000162124634,16432.56,both,-16430.927,False
2023-03-08,1.5549999475479126,16315.62,both,-16314.065,False
2023-03-09,1.5809999704360962,16454.31,both,-16452.729,False
2023-03-12,1.5210000276565552,15936.89,both,-15935.369,False
2023-03-13,1.3530000448226929,15438.5,both,-15437.147,False
2023-03-14,1.347000002861023,15362.25,both,-15360.903,False
2023-03-15,1.2359999418258667,14724.44,both,-14723.204,False
2023-03-16,1.25,14704.18,both,-14702.93,False
2023-03-19,1.2359999418258667,14681.12,both,-14679.884,False
2023-03-20,1.3109999895095823,14923.81,both,-14922.499,False
2023-03-21,1.337000012397766,15325.66,both,-15324.323,False
2023-03-22,1.3250000476837158,15253.22,both,-15251.895,False
2023-03-23,1.340999960899353,15625.08,both,-15623.739,False
2023-03-26,1.4199999570846558,15989.18,both,-15987.76,False
2023-03-27,1.3919999599456787,15950.09,both,-15948.698,False
2023-03-28,1.3890000581741333,15906.42,both,-15905.031,False
2023-03-29,1.3980000019073486,16411.37,both,-16409.972,False
2023-03-30,1.3669999837875366,16418.53,both,-16417.163,False
2023-04-02,1.3980000019073486,16694.46,both,-16693.062,False
2023-04-03,1.4830000400543213,17056.89,both,-17055.407,False
2023-04-04,1.52400004863739,16998.35,both,-16996.826,False
2023-04-05,1.5149999856948853,17019.25,both,-17017.735,False
2023-04-06,1.49399995803833,16709.28,both,-16707.786,False
2023-04-09,1.4919999837875366,16674.87,both,-16673.378,False
2023-04-10,1.491000056266785,16774.64,both,-16773.149,False
2023-04-11,1.491000056266785,17011.68,both,-17010.189,False
2023-04-12,1.4639999866485596,16741.45,both,-16739.986,False
2023-04-13,1.4539999961853027,17671.27,both,-17669.816,False
2023-04-18,1.4299999475479126,17538.97,both,-17537.54,False
2023-04-19,1.4320000410079956,17516.04,both,-17514.608,False
2023-04-26,1.493000030517578,17452.22,both,-17450.727,False
2023-04-27,1.628999948501587,17796.91,both,-17795.281,False
2023-04-30,1.6820000410079956,17667.74,both,-17666.058,False
2023-05-01,1.6820000410079956,17310.83,both,-17309.148,False
2023-05-02,1.72599995136261,17300.56,both,-17298.834,False
2023-05-03,1.8359999656677248,17295.27,both,-17293.434,False
2023-05-07,1.919999957084656,17235.31,both,-17233.39,False
2023-05-08,1.875,17642.97,both,-17641.095,False
2023-05-09,1.934999942779541,17326.27,both,-17324.335,False
2023-05-10,2.0799999237060547,17494.73,both,-17492.65,False
2023-05-11,2.049999952316284,17270.69,both,-17268.64,False
2023-05-14,2.0,17369.13,both,-17367.13,False
2023-05-15,1.919999957084656,17135.55,both,-17133.63,False
2023-05-16,2.130000114440918,17033.99,both,-17031.86,False
2023-05-17,2.069999933242798,16844.01,both,-16841.94,False
2023-05-18,2.180000066757202,16745.54,both,-16743.36,False
2023-05-21,2.299999952316284,16860.88,both,-16858.58,False
2023-05-22,2.200000047683716,16764.41,both,-16762.21,False
2023-05-23,2.2799999713897705,16787.71,both,-16785.43,False
2023-05-24,2.1600000858306885,17090.56,both,-17088.4,False
2023-05-25,2.109999895095825,17043.62,both,-17041.51,False
2023-05-28,2.220000028610229,17131.45,both,-17129.23,False
2023-05-29,2.180000066757202,17211.84,both,-17209.66,False
2023-05-30,2.150000095367432,17534.59,both,-17532.44,False
2023-05-31,2.109999895095825,17495.77,both,-17493.66,False
2023-06-01,2.2100000381469727,17533.31,both,-17531.1,False
2023-06-04,2.5199999809265137,17455.48,both,-17452.96,False
2023-06-05,2.4200000762939453,17345.9,both,-17343.48,False
2023-06-06,2.569999933242798,17491.18,both,-17488.61,False
2023-06-07,2.539999961853028,17347.57,both,-17345.03,False
2023-06-08,2.650000095367432,17521.36,both,-17518.71,False
2023-06-11,2.5799999237060547,17739.63,both,-17737.05,False
2023-06-12,2.539999961853028,17704.58,both,-17702.04,False
2023-06-13,2.569999933242798,17866.81,both,-17864.24,False
2023-06-14,2.5899999141693115,17873.28,both,-17870.69,False
2023-06-15,2.549999952316284,17881.52,both,-17878.97,False
2023-06-18,2.569999933242798,18026.17,both,-18023.6,False
2023-06-19,2.509999990463257,17988.95,both,-17986.44,False
2023-06-20,2.509999990463257,17921.92,both,-17919.41,False
2023-06-21,2.4100000858306885,17706.08,both,-17703.67,False
2023-06-22,2.5,17712.93,both,-17710.43,False
2023-06-25,2.509999990463257,17287.64,both,-17285.13,False
2023-06-26,2.5899999141693115,17665.29,both,-17662.7,False
2023-07-04,2.569999933242798,17466.18,both,-17463.61,False
2023-07-05,2.5,17380.33,both,-17377.83,False
2023-07-06,2.400000095367432,17102.3,both,-17099.9,False
2023-07-09,2.0999999046325684,16555.12,both,-16553.02,False
2023-07-10,2.259999990463257,16963.13,both,-16960.87,False
2023-07-11,2.220000028610229,17155.23,both,-17153.01,False
2023-07-12,2.1700000762939453,17144.22,both,-17142.05,False
2023-07-13,2.1700000762939453,17342.29,both,-17340.12,False
2023-07-16,2.240000009536743,17343.13,both,-17340.89,False
2023-07-17,2.2300000190734863,17512.01,both,-17509.78,False
2023-07-18,2.319999933242798,17608.32,both,-17606.0,False
2023-07-19,2.319999933242798,17578.67,both,-17576.35,False
2023-07-24,2.2300000190734863,17550.23,both,-17548.0,False
2023-07-25,2.1600000858306885,17479.94,both,-17477.78,False
2023-07-26,2.1600000858306885,17396.24,both,-17394.08,False
2023-07-27,2.180000066757202,17339.06,both,-17336.88,False
2023-07-30,2.119999885559082,17554.56,both,-17552.44,False
2023-07-31,2.2100000381469727,17595.92,both,-17593.71,False
2023-08-01,2.1700000762939453,17514.11,both,-17511.94,False
2023-08-02,2.0999999046325684,17455.6,both,-17453.5,False
2023-08-03,2.119999885559082,17451.44,both,-17449.32,False
2023-08-06,2.190000057220459,17697.49,both,-17695.3,False
2023-08-07,2.220000028610229,17839.48,both,-17837.26,False
2023-08-08,2.190000057220459,17748.89,both,-17746.7,False
2023-08-09,2.1700000762939453,17763.63,both,-17761.46,False
2023-08-10,2.150000095367432,17710.2,both,-17708.05,False
2023-08-13,2.1600000858306885,17856.07,both,-17853.91,False
2023-08-14,2.190000057220459,17897.5,both,-17895.31,False
2023-08-15,2.1600000858306885,17965.32,both,-17963.16,False
2023-08-16,2.180000066757202,18062.5,both,-18060.32,False
2023-08-17,2.1700000762939453,17969.27,both,-17967.1,False
2023-08-20,2.1700000762939453,18033.22,both,-18031.05,False
2023-08-21,2.130000114440918,17920.48,both,-17918.35,False
2023-08-22,2.140000104904175,18216.63,both,-18214.49,False
2023-08-23,2.0799999237060547,18133.42,both,-18131.34,False
2023-08-24,2.0199999809265137,18207.82,both,-18205.8,False
2023-08-27,2.049999952316284,18516.59,both,-18514.54,False
2023-08-28,2.039999961853028,18584.84,both,-18582.8,False
2023-08-29,2.119999885559082,18629.34,both,-18627.22,False
2023-08-30,2.0899999141693115,18818.15,both,-18816.06,False
2023-08-31,2.0899999141693115,18873.82,both,-18871.73,False
2023-09-03,2.039999961853028,18726.01,both,-18723.97,False
2023-09-04,2.0299999713897705,18910.99,both,-18908.96,False
2023-09-05,2.0299999713897705,19044.39,both,-19042.36,False
2023-09-06,2.0299999713897705,19224.52,both,-19222.49,False
2023-09-07,2.0199999809265137,19375.68,both,-19373.66,False
2023-09-10,2.0199999809265137,19577.85,both,-19575.83,False
2023-09-11,2.119999885559082,19278.72,both,-19276.6,False
2023-09-12,2.0899999141693115,19144.09,both,-19142.0,False
2023-09-13,2.0999999046325684,19361.7,both,-19359.6,False
2023-09-14,2.0899999141693115,19540.33,both,-19538.24,False
2023-09-17,2.119999885559082,19668.82,both,-19666.7,False
2023-09-18,2.109999895095825,19751.78,both,-19749.67,False
2023-09-19,2.0899999141693115,19954.3,both,-19952.21,False
2023-09-20,2.0899999141693115,19797.23,both,-19795.14,False
2023-09-21,2.0899999141693115,20080.57,both,-20078.48,False
2023-09-24,2.0899999141693115,20213.7,both,-20211.61,False
2023-09-25,2.059999942779541,20320.56,both,-20318.5,False
2023-09-26,2.0199999809265137,20354.86,both,-20352.84,False
2023-09-27,2.0199999809265137,20174.28,both,-20172.26,False
2023-10-01,2.0199999809265137,20054.72,both,-20052.7,False
2023-10-02,1.8650000095367432,19901.24,both,-19899.375,False
2023-10-03,1.919999957084656,19706.96,both,-19705.04,False
2023-10-04,1.9989999532699585,19873.31,both,-19871.311,False
2023-10-08,1.9079999923706052,19357.42,both,-19355.512,False
2023-10-09,1.8960000276565552,19409.78,both,-19407.884,False
2023-10-10,1.901000022888184,19724.32,both,-19722.419,False
2023-10-11,1.8919999599456787,19653.49,both,-19651.598,False
2023-10-12,1.871999979019165,20002.1,both,-20000.228,False
2023-10-15,1.902999997138977,20324.96,both,-20323.057,False
2023-10-16,1.8949999809265137,21032.35,both,-21030.455,False
2023-10-17,1.950999975204468,22073.95,both,-22071.999,False
2023-10-18,1.9589999914169312,22117.4,both,-22115.441,False
2023-10-19,1.9589999914169312,21616.6,both,-21614.641,False
2023-10-22,2.0999999046325684,22128.49,both,-22126.39,False
2023-10-23,2.1700000762939453,22572.49,both,-22570.32,False
2023-10-24,2.119999885559082,22377.39,both,-22375.27,False
2023-10-25,2.299999952316284,23131.96,both,-23129.66,False
2023-10-26,2.240000009536743,23262.27,both,-23260.03,False
2023-10-29,2.319999933242798,23086.72,both,-23084.4,False
2023-10-30,2.3299999237060547,23435.65,both,-23433.32,False
2023-10-31,2.369999885559082,22550.65,both,-22548.28,False
2023-11-01,2.440000057220459,22433.38,both,-22430.94,False
2023-11-02,2.5299999713897705,22639.59,both,-22637.06,False
2023-11-05,2.5299999713897705,23094.69,both,-23092.16,False
2023-11-06,2.450000047683716,23059.15,both,-23056.7,False
2023-11-07,2.450000047683716,23393.41,both,-23390.96,False
2023-11-08,2.490000009536743,23986.56,both,-23984.07,False
2023-11-09,2.390000104904175,24312.92,both,-24310.53,False
2023-11-12,2.319999933242798,23910.66,both,-23908.34,False
2023-11-13,2.4800000190734863,23954.96,both,-23952.48,False
2023-11-14,2.440000057220459,23894.06,both,-23891.62,False
2023-11-15,2.4100000858306885,24138.8,both,-24136.39,False
2023-11-16,2.430000066757202,24383.27,both,-24380.84,False
2023-11-19,2.5,24899.59,both,-24897.09,False
2023-11-20,2.5299999713897705,24760.02,both,-24757.49,False
2023-11-21,2.5999999046325684,24774.04,both,-24771.44,False
2023-11-22,2.640000104904175,25029.57,both,-25026.93,False
2023-11-23,2.619999885559082,25519.49,both,-25516.87,False
2023-11-26,2.640000104904175,25300.32,both,-25297.68,False
2023-11-27,2.6700000762939453,25905.54,both,-25902.87,False
2023-11-28,2.7799999713897705,25121.73,both,-25118.95,False
2023-11-29,2.75,24759.16,both,-24756.41,False
2023-11-30,2.700000047683716,24735.39,both,-24732.69,False
2023-12-03,3.119999885559082,24571.98,both,-24568.86,False
2023-12-04,3.200000047683716,25265.41,both,-25262.21,False
2023-12-05,3.3499999046325684,25127.91,both,-25124.56,False
2023-12-06,3.380000114440918,24703.55,both,-24700.17,False
2023-12-07,3.450000047683716,24686.16,both,-24682.71,False
2023-12-10,3.180000066757202,24189.83,both,-24186.65,False
2023-12-11,3.190000057220459,24182.06,both,-24178.87,False
2023-12-12,3.0899999141693115,24071.66,both,-24068.57,False
2023-12-13,3.3399999141693115,24773.92,both,-24770.58,False
2023-12-14,3.2799999713897705,24722.82,both,-24719.54,False
2023-12-17,3.309999942779541,24792.14,both,-24788.83,False
2023-12-18,3.25,25334.09,both,-25330.84,False
2023-12-19,3.2100000381469727,25076.42,both,-25073.21,False
2023-12-20,3.180000066757202,24837.56,both,-24834.38,False
2023-12-21,3.0999999046325684,24305.09,both,-24301.99,False
2023-12-24,3.0999999046325684,23822.17,both,-23819.07,False
2023-12-25,2.990000009536743,24226.68,both,-24223.69,False
2023-12-26,3.059999942779541,23994.54,both,-23991.48,False
2023-12-27,3.140000104904175,24351.12,both,-24347.98,False
2023-12-28,3.1600000858306885,24691.43,both,-24688.27,False
2023-12-31,3.140000104904175,24894.26,both,-24891.12,False
2024-01-02,3.240000009536743,25501.94,both,-25498.7,False
2024-01-03,3.259999990463257,25408.51,both,-25405.25,False
2024-01-04,3.3499999046325684,25350.28,both,-25346.93,False
2024-01-08,3.3299999237060547,25344.63,both,-25341.3,False
2024-01-09,3.380000114440918,25589.99,both,-25586.61,False
2024-01-10,3.309999942779541,25466.75,both,-25463.44,False
2024-01-11,3.2799999713897705,25519.25,both,-25515.97,False
2024-01-14,3.299999952316284,25974.84,both,-25971.54,False
2024-01-15,3.2799999713897705,26250.73,both,-26247.45,False
2024-01-16,3.3499999046325684,26938.14,both,-26934.79,False
2024-01-17,3.440000057220459,26758.26,both,-26754.82,False
2024-01-18,3.400000095367432,26842.67,both,-26839.27,False
2024-01-21,3.440000057220459,27719.37,both,-27715.93,False
2024-01-22,3.369999885559082,28050.33,both,-28046.96,False
2024-01-23,3.2799999713897705,27587.0,both,-27583.72,False
2024-01-24,3.259999990463257,27666.18,both,-27662.92,False
2024-01-28,3.2300000190734863,28625.76,both,-28622.53,False
2024-01-29,3.180000066757202,29227.79,both,-29224.61,False
2024-01-30,3.220000028610229,30347.3,both,-30344.08,False
2024-01-31,2.890000104904175,28281.91,both,-28279.02,False
2024-02-01,3.0,28434.37,both,-28431.37,False
2024-02-04,3.3299999237060547,27573.5,both,-27570.17,False
2024-02-05,3.4600000381469727,27665.75,both,-27662.29,False
2024-02-06,3.4200000762939453,27270.63,both,-27267.21,False
2024-02-07,3.25,27905.95,both,-27902.7,False
2024-02-08,3.430000066757202,28411.41,both,-28407.98,False
2024-02-11,3.390000104904175,28199.04,both,-28195.65,False
2024-02-12,3.4100000858306885,28494.72,both,-28491.31,False
2024-02-13,3.809999942779541,28604.54,both,-28600.73,False
2024-02-14,3.819999933242798,28874.99,both,-28871.17,False
2024-02-15,4.050000190734863,28926.15,both,-28922.1,False
2024-02-18,4.050000190734863,29125.57,both,-29121.52,False
2024-02-19,3.809999942779541,29452.4,both,-29448.59,False
2024-02-20,4.050000190734863,29330.66,both,-29326.61,False
2024-02-21,3.950000047683716,29292.05,both,-29288.1,False
2024-02-22,4.0,29309.73,both,-29305.73,False
2024-02-25,3.829999923706055,27840.86,both,-27837.03,False
2024-02-26,3.799999952316284,28931.92,both,-28928.12,False
2024-02-27,3.650000095367432,29205.16,both,-29201.51,False
2024-02-28,3.5999999046325684,28876.46,both,-28872.86,False
2024-02-29,3.799999952316284,28964.41,both,-28960.61,False
2024-03-03,3.650000095367432,29058.33,both,-29054.68,False
2024-03-04,3.680000066757202,30542.33,both,-30538.65,False
2024-03-05,3.7200000286102295,30668.89,both,-30665.17,False
2024-03-06,3.400000095367432,29743.11,both,-29739.71,False
2024-03-07,3.259999990463257,31300.54,both,-31297.28,False
2024-03-10,3.25,32919.95,both,-32916.7,False
2024-03-11,3.150000095367432,33382.51,both,-33379.36,False
2024-03-12,3.0,32661.61,both,-32658.61,False
2024-03-13,2.859999895095825,31013.88,both,-31011.02,False
2024-03-14,2.930000066757202,31316.43,both,-31313.5,False
2024-03-17,2.9100000858306885,31061.88,both,-31058.97,False
2024-03-18,2.6600000858306885,29091.29,both,-29088.63,False
2024-03-19,2.609999895095825,28675.7,both,-28673.09,False
2024-03-20,2.559999942779541,28589.37,both,-28586.81,False
2024-03-21,2.6600000858306885,29054.96,both,-29052.3,False
2024-03-24,2.690000057220459,29060.02,both,-29057.33,False
2024-03-25,2.8299999237060547,29344.46,both,-29341.63,False
2024-03-26,2.7699999809265137,29057.5,both,-29054.73,False
2024-03-27,2.700000047683716,28224.37,both,-28221.67,False
2024-03-28,2.559999942779541,27559.35,both,-27556.79,False
2024-03-31,2.390000104904175,26883.39,both,-26881.0,False
2024-04-01,2.5,28297.17,both,-28294.67,False
2024-04-02,2.450000047683716,27934.36,both,-27931.91,False
2024-04-03,2.470000028610229,27937.22,both,-27934.75,False
2024-04-04,2.509999990463257,28506.16,both,-28503.65,False
2024-04-07,2.5299999713897705,28151.66,both,-28149.13,False
2024-04-08,2.640000104904175,28503.75,both,-28501.11,False
2024-04-15,2.809999942779541,29616.47,both,-29613.66,False
2024-04-16,2.819999933242798,29400.84,both,-29398.02,False
2024-04-17,2.890000104904175,29667.71,both,-29664.82,False
2024-04-18,2.6600000858306885,28332.65,both,-28329.99,False
2024-04-21,2.740000009536743,28623.39,both,-28620.65,False
2024-04-22,2.900000095367432,28144.22,both,-28141.32,False
2024-04-23,2.819999933242798,26777.05,both,-26774.23,False
2024-04-24,2.5799999237060547,25917.59,both,-25915.01,False
2024-04-28,2.5799999237060547,24639.63,both,-24637.05,False
2024-04-29,2.549999952316284,26011.28,both,-26008.73,False
2024-04-30,2.369999885559082,24448.73,both,-24446.36,False
2024-05-01,,25270.55,right_only,,False
2024-05-02,2.4600000381469727,26113.71,both,-26111.25,False
2024-05-07,2.4600000381469727,26429.69,both,-26427.23,False
2024-05-08,2.440000057220459,25988.93,both,-25986.49,False
2024-05-09,2.4200000762939453,26003.16,both,-26000.74,False
2024-05-12,2.2300000190734863,25155.92,both,-25153.69,False
2024-05-13,2.289999961853028,25381.25,both,-25378.96,False
2024-05-14,2.240000009536743,25339.77,both,-25337.53,False
2024-05-15,2.240000009536743,25316.08,both,-25313.84,False
2024-05-16,2.369999885559082,26142.84,both,-26140.47,False
2024-05-19,2.470000028610229,27315.83,both,-27313.36,False
2024-05-20,2.4600000381469727,27228.85,both,-27226.39,False
2024-05-21,2.559999942779541,27224.8,both,-27222.24,False
2024-05-22,2.539999961853028,27227.44,both,-27224.9,False
2024-05-23,2.609999895095825,27205.14,both,-27202.53,False
2024-05-26,2.609999895095825,27539.21,both,-27536.6,False
2024-05-27,2.6600000858306885,27287.31,both,-27284.65,False
2024-05-28,2.630000114440918,27194.51,both,-27191.88,False
2024-05-29,2.640000104904175,27089.68,both,-27087.04,False
2024-05-30,2.619999885559082,26922.76,both,-26920.14,False
2024-06-02,2.5999999046325684,26869.85,both,-26867.25,False
2024-06-03,2.75,26834.47,both,-26831.72,False
2024-06-04,2.720000028610229,26973.0,both,-26970.28,False
2024-06-05,2.650000095367432,26634.3,both,-26631.65,False
2024-06-06,2.5999999046325684,26428.65,both,-26426.05,False
2024-06-09,2.4600000381469727,25659.13,both,-25656.67,False
2024-06-10,2.549999952316284,25896.56,both,-25894.01,False
2024-06-11,2.549999952316284,26082.29,both,-26079.74,False
2024-06-12,2.539999961853028,26133.39,both,-26130.85,False
2024-06-13,2.609999895095825,26417.6,both,-26414.99,False
2024-06-23,2.720000028610229,27062.37,both,-27059.65,False
2024-06-24,2.809999942779541,26902.4,both,-26899.59,False
2024-06-25,2.819999933242798,27264.23,both,-27261.41,False
2024-06-26,2.819999933242798,27500.56,both,-27497.74,False
2024-06-27,2.859999895095825,27766.27,both,-27763.41,False
2024-07-01,,27969.59,right_only,,False
2024-07-02,3.0799999237060547,27985.89,both,-27982.81,False
2024-07-03,3.0,28161.17,both,-28158.17,False
2024-07-04,3.0299999713897705,28364.79,both,-28361.76,False
2024-07-07,3.049999952316284,28602.14,both,-28599.09,False
2024-07-08,2.9800000190734863,28411.87,both,-28408.89,False
2024-07-09,2.940000057220459,28466.24,both,-28463.3,False
2024-07-10,2.940000057220459,28287.98,both,-28285.04,False
2024-07-14,2.9200000762939453,28042.06,both,-28039.14,False
2024-07-15,2.990000009536743,27952.04,both,-27949.05,False
2024-07-16,2.9800000190734863,27828.92,both,-27825.94,False
2024-07-17,3.0,28340.42,both,-28337.42,False
2024-07-18,3.049999952316284,28653.85,both,-28650.8,False
2024-07-21,3.0299999713897705,28783.24,both,-28780.21,False
2024-07-22,3.0,28992.34,both,-28989.34,False
2024-07-23,3.009999990463257,29195.24,both,-29192.23,False
2024-07-24,2.970000028610229,29090.57,both,-29087.6,False
2024-07-28,2.970000028610229,29036.32,both,-29033.35,False
2024-07-29,2.9600000381469727,28851.23,both,-28848.27,False
2024-07-30,2.9600000381469727,29039.42,both,-29036.46,False
2024-07-31,2.950000047683716,29378.82,both,-29375.87,False
2024-08-01,2.950000047683716,29359.87,both,-29356.92,False
2024-08-04,2.7699999809265137,28503.63,both,-28500.86,False
2024-08-05,2.630000114440918,27840.64,both,-27838.01,False
2024-08-06,2.6700000762939453,28210.41,both,-28207.74,False
2024-08-07,2.809999942779541,28628.19,both,-28625.38,False
2024-08-08,2.799999952316284,28750.82,both,-28748.02,False
2024-08-11,2.880000114440918,29532.67,both,-29529.79,False
2024-08-12,2.809999942779541,29706.7,both,-29703.89,False
2024-08-13,2.809999942779541,29331.04,both,-29328.23,False
2024-08-14,2.8299999237060547,29567.0,both,-29564.17,False
2024-08-15,2.9100000858306885,29629.14,both,-29626.23,False
2024-08-18,2.950000047683716,29460.24,both,-29457.29,False
2024-08-19,2.9100000858306885,29320.18,both,-29317.27,False
2024-08-20,2.9600000381469727,29915.24,both,-29912.28,False
2024-08-21,3.039999961853028,29914.29,both,-29911.25,False
2024-08-22,3.299999952316284,30141.08,both,-30137.78,False
2024-08-25,3.630000114440918,30073.95,both,-30070.32,False
2024-08-26,3.630000114440918,30133.81,both,-30130.18,False
2024-08-27,3.5,30363.15,both,-30359.65,False
2024-08-28,3.5,30709.59,both,-30706.09,False
2024-08-29,3.4200000762939453,30774.19,both,-30770.77,False
2024-09-01,3.369999885559082,30902.88,both,-30899.51,False
2024-09-02,3.359999895095825,30731.98,both,-30728.62,False
2024-09-03,3.470000028610229,31018.48,both,-31015.01,False
2024-09-04,3.619999885559082,30998.19,both,-30994.57,False
2024-09-05,3.690000057220459,31029.7,both,-31026.01,False
2024-09-08,3.5999999046325684,30273.73,both,-30270.13,False
2024-09-09,3.5999999046325684,30374.96,both,-30371.36,False
2024-09-10,3.619999885559082,30104.35,both,-30100.73,False
2024-09-11,3.700000047683716,30485.63,both,-30481.93,False
2024-09-12,3.650000095367432,30497.83,both,-30494.18,False
2024-09-16,3.880000114440918,30260.24,both,-30256.36,False
2024-09-17,3.829999923706055,30159.15,both,-30155.32,False
2024-09-18,3.75,30342.46,both,-30338.71,False
2024-09-19,3.700000047683716,30937.69,both,-30933.99,False
2024-09-22,4.099999904632568,31038.41,both,-31034.31,False
2024-09-23,4.400000095367432,31022.54,both,-31018.14,False
2024-09-24,4.889999866485596,30871.1,both,-30866.21,False
2024-09-25,4.829999923706055,31250.64,both,-31245.81,False
2024-09-26,4.889999866485596,31276.91,both,-31272.02,False
2024-09-29,4.840000152587891,31459.09,both,-31454.25,False
2024-09-30,5.099999904632568,31587.04,both,-31581.94,False
2024-10-01,5.25,31866.06,both,-31860.81,False
2024-10-02,5.050000190734863,31332.73,both,-31327.68,False
2024-10-03,5.610000133514404,31720.5,both,-31714.89,False
2024-10-07,5.550000190734863,31819.16,both,-31813.61,False
2024-10-08,5.5,30851.63,both,-30846.13,False
2024-10-09,5.809999942779541,31175.43,both,-31169.62,False
2024-10-10,5.519999980926514,30762.32,both,-30756.8,False
2024-10-13,5.150000095367432,29954.12,both,-29948.97,False
2024-10-14,5.300000190734863,30273.06,both,-30267.76,False
2024-10-15,5.510000228881836,30584.24,both,-30578.73,False
2024-10-16,5.539999961853027,30545.11,both,-30539.57,False
2024-10-17,5.28000020980835,30143.86,both,-30138.58,False
2024-10-20,5.25,29528.79,both,-29523.54,False
2024-10-21,5.309999942779541,30445.2,both,-30439.89,False
2024-10-22,5.309999942779541,30427.35,both,-30422.04,False
2024-10-23,5.199999809265137,30414.05,both,-30408.85,False
2024-10-24,5.289999961853027,30552.82,both,-30547.53,False
2024-10-27,5.090000152587891,30812.23,both,-30807.14,False
2024-10-28,4.860000133514404,30773.53,both,-30768.67,False
2024-10-29,4.659999847412109,30619.96,both,-30615.3,False
2024-10-30,4.800000190734863,30371.26,both,-30366.46,False
2024-10-31,5.199999809265137,30658.0,both,-30652.8,False
2024-11-03,5.349999904632568,30833.13,both,-30827.78,False
2024-11-04,5.380000114440918,30650.04,both,-30644.66,False
2024-11-05,5.510000228881836,30793.94,both,-30788.43,False
2024-11-06,5.460000038146973,31045.26,both,-31039.8,False
2024-11-07,5.75,31267.47,both,-31261.72,False
2024-11-10,5.679999828338623,31394.33,both,-31388.65,False
2024-11-11,5.519999980926514,31621.29,both,-31615.77,False
2024-11-12,5.590000152587891,31582.39,both,-31576.8,False
2024-11-13,5.460000038146973,31433.01,both,-31427.55,False
2024-11-14,5.659999847412109,31462.21,both,-31456.55,False
2024-11-17,5.78000020980835,31252.07,both,-31246.29,False
2024-11-18,5.610000133514404,30864.34,both,-30858.73,False
2024-11-19,5.510000228881836,30688.3,both,-30682.79,False
2024-11-20,5.519999980926514,30587.99,both,-30582.47,False
2024-11-21,5.449999809265137,30631.8,both,-30626.35,False
2024-11-24,5.400000095367432,30397.22,both,-30391.82,False
2024-11-25,5.389999866485596,30270.51,both,-30265.12,False
2024-11-26,5.679999828338623,30284.35,both,-30278.67,False
2024-11-27,5.559999942779541,29846.04,both,-29840.48,False
2024-11-28,6.150000095367432,30242.13,both,-30235.98,False
2024-12-01,6.769999980926514,30497.13,both,-30490.36,False
2024-12-02,6.510000228881836,30525.32,both,-30518.81,False
2024-12-03,6.420000076293945,30628.74,both,-30622.32,False
2024-12-04,6.480000019073486,30832.61,both,-30826.13,False
2024-12-05,6.5,30839.57,both,-30833.07,False
2024-12-08,6.429999828338623,31060.51,both,-31054.08,False
2024-12-09,6.5,31005.12,both,-30998.62,False
2024-12-10,6.409999847412109,30617.83,both,-30611.42,False
2024-12-11,6.360000133514404,30739.26,both,-30732.9,False
2024-12-12,6.230000019073486,30795.09,both,-30788.86,False
2024-12-15,6.539999961853027,30776.0,both,-30769.46,False
2024-12-16,6.599999904632568,30799.43,both,-30792.83,False
2024-12-17,6.900000095367432,30601.64,both,-30594.74,False
2024-12-18,6.71999979019165,30503.07,both,-30496.35,False
2024-12-19,6.699999809265137,30526.71,both,-30520.01,False
2024-12-22,6.599999904632568,30372.7,both,-30366.1,False
2024-12-23,6.650000095367432,30118.38,both,-30111.73,False
2024-12-24,6.590000152587891,29973.15,both,-29966.56,False
2024-12-25,6.46999979019165,30005.0,both,-29998.53,False
2024-12-26,6.679999828338623,29957.97,both,-29951.29,False
2024-12-29,6.800000190734863,29594.48,both,-29587.68,False
2024-12-30,6.900000095367432,29325.2,both,-29318.3,False
2024-12-31,7.0,29740.58,both,-29733.58,False
2025-01-02,6.949999809265137,30060.48,both,-30053.53,False
2025-01-05,7.440000057220459,30183.61,both,-30176.17,False
2025-01-06,7.400000095367432,29929.64,both,-29922.24,False
2025-01-08,7.300000190734863,29785.91,both,-29778.61,False
2025-01-09,7.150000095367432,29444.65,both,-29437.5,False
2025-01-12,6.619999885559082,29277.45,both,-29270.83,False
2025-01-13,6.349999904632568,28556.28,both,-28549.93,False
2025-01-14,6.5,28967.09,both,-28960.59,False
2025-01-15,6.480000019073486,29389.93,both,-29383.45,False
2025-01-16,6.510000228881836,29605.12,both,-29598.61,False
2025-01-19,6.579999923706055,29728.61,both,-29722.03,False
2025-01-20,6.380000114440918,29619.39,both,-29613.01,False
2025-01-21,6.460000038146973,29826.58,both,-29820.12,False
2025-01-22,6.71999979019165,29979.14,both,-29972.42,False
2025-01-23,6.699999809265137,29997.69,both,-29990.99,False
2025-01-26,6.75,30034.85,both,-30028.1,False
2025-01-27,6.769999980926514,29742.12,both,-29735.35,False
2025-01-28,7.019999980926514,29646.6,both,-29639.58,False
2025-01-29,7.019999980926514,29891.61,both,-29884.59,False
2025-01-30,6.760000228881836,30010.62,both,-30003.86,False
2025-02-02,6.900000095367432,29917.96,both,-29911.06,False
2025-02-03,6.739999771118164,29754.77,both,-29748.03,False
2025-02-04,6.670000076293945,29668.47,both,-29661.8,False
2025-02-05,6.639999866485596,29735.59,both,-29728.95,False
2025-02-06,6.579999923706055,30011.84,both,-30005.26,False
2025-02-09,6.449999809265137,30014.27,both,-30007.82,False
2025-02-10,6.340000152587891,29905.41,both,-29899.07,False
2025-02-11,6.119999885559082,29564.21,both,-29558.09,False
2025-02-12,6.199999809265137,29661.99,both,-29655.79,False
2025-02-13,6.150000095367432,29997.11,both,-29990.96,False
2025-02-16,6.400000095367432,30443.82,both,-30437.42,False
2025-02-17,6.449999809265137,30436.71,both,-30430.26,False
2025-02-18,6.420000076293945,30587.81,both,-30581.39,False
2025-02-19,6.510000228881836,30875.28,both,-30868.77,False
2025-02-20,6.519999980926514,30914.72,both,-30908.2,False
2025-02-23,6.449999809265137,31010.25,both,-31003.8,False
2025-02-24,6.429999828338623,30925.29,both,-30918.86,False
2025-02-25,6.590000152587891,30654.92,both,-30648.33,False
2025-02-26,6.650000095367432,30631.95,both,-30625.3,False
2025-02-27,6.639999866485596,30610.44,both,-30603.8,False
2025-03-02,6.610000133514404,30857.77,both,-30851.16,False
2025-03-03,6.860000133514404,30988.51,both,-30981.65,False
2025-03-04,6.730000019073486,30762.85,both,-30756.12,False
2025-03-05,6.699999809265137,30876.44,both,-30869.74,False
2025-03-06,6.679999828338623,30947.44,both,-30940.76,False
2025-03-09,7.300000190734863,31130.68,both,-31123.38,False
2025-03-10,7.400000095367432,31137.03,both,-31129.63,False
2025-03-11,7.300000190734863,30935.23,both,-30927.93,False
2025-03-12,7.570000171661377,31049.03,both,-31041.46,False
2025-03-13,8.0,31290.62,both,-31282.62,False
2025-03-16,7.820000171661377,31338.34,both,-31330.52,False
2025-03-17,7.760000228881836,31458.59,both,-31450.83,False
2025-03-18,8.25,31608.69,both,-31600.44,False
2025-03-19,8.529999732971191,31348.47,both,-31339.94,False
2025-03-20,8.59000015258789,31677.58,both,-31668.99,False
2025-03-23,8.510000228881836,31933.76,both,-31925.25,False
2025-03-24,8.5,31810.98,both,-31802.48,False
2025-03-25,8.619999885559082,31761.97,both,-31753.35,False
2025-03-26,8.729999542236328,31744.3,both,-31735.57,False
2025-03-27,8.869999885559082,32026.14,both,-32017.27,False
2025-04-03,8.949999809265137,31699.58,both,-31690.63,False
2025-04-06,8.600000381469727,30639.52,both,-30630.92,False
2025-04-07,8.800000190734863,30453.94,both,-30445.14,False
2025-04-08,8.800000190734863,30648.98,both,-30640.18,False
2025-04-09,8.850000381469727,30079.93,both,-30071.08,False
2025-04-10,9.4399995803833,30810.7,both,-30801.26,False
2025-04-13,9.579999923706056,31174.62,both,-31165.04,False
2025-04-14,9.510000228881836,31182.37,both,-31172.86,False
2025-04-15,9.399999618530272,31185.03,both,-31175.63,False
2025-04-16,9.079999923706056,31030.7,both,-31021.62,False
2025-04-17,8.800000190734863,31062.95,both,-31054.15,False
2025-04-22,8.890000343322754,30844.18,both,-30835.29,False
2025-04-23,8.880000114440918,31640.22,both,-31631.34,False
2025-04-27,9.0,31855.12,both,-31846.12,False
2025-04-28,8.930000305175781,32015.02,both,-32006.09,False
2025-04-29,8.850000381469727,32043.48,both,-32034.63,False
2025-04-30,8.8100004196167,32126.22,both,-32117.41,False
2025-05-04,8.84000015258789,32351.66,both,-32342.82,False
2025-05-05,9.199999809265137,32211.75,both,-32202.55,False
2025-05-06,9.199999809265137,32285.45,both,-32276.25,False
2025-05-07,9.140000343322754,31840.44,both,-31831.3,False
2025-05-08,9.0,31772.04,both,-31763.04,False
2025-05-11,9.15999984741211,31427.98,both,-31418.82,False
2025-05-12,9.239999771118164,31577.01,both,-31567.77,False
2025-05-13,9.5,31692.77,both,-31683.27,False
2025-05-14,9.699999809265137,31827.86,both,-31818.16,False
2025-05-15,9.5,31941.15,both,-31931.65,False
2025-05-18,9.390000343322754,31713.7,both,-31704.31,False
2025-05-19,9.40999984741211,31355.82,both,-31346.41,False
2025-05-20,10.0,31629.34,both,-31619.34,False
2025-05-21,9.899999618530272,31836.63,both,-31826.73,False
2025-05-22,9.75,31975.63,both,-31965.88,False
2025-05-25,9.5,32023.89,both,-32014.39,False
2025-05-26,9.300000190734863,31922.5,both,-31913.2,False
2025-05-27,9.5,32397.38,both,-32387.88,False
2025-05-28,9.43000030517578,32493.89,both,-32484.46,False
2025-05-29,9.300000190734863,32696.79,both,-32687.49,False
2025-06-01,9.15999984741211,32500.03,both,-32490.87,False
2025-06-02,9.369999885559082,32325.12,both,-32315.75,False
2025-06-03,9.239999771118164,32355.41,both,-32346.17,False
2025-06-04,9.279999732971191,32677.87,both,-32668.59,False
2025-06-10,9.449999809265137,32904.06,both,-32894.61,False
2025-06-11,9.329999923706056,32935.19,both,-32925.86,False
2025-06-12,9.229999542236328,32511.68,both,-32502.45,False
2025-06-15,8.890000343322754,31016.0,both,-31007.11,False
2025-06-16,8.699999809265137,31042.36,both,-31033.66,False
2025-06-17,8.520000457763672,30725.96,both,-30717.44,False
2025-06-18,8.520000457763672,30838.98,both,-30830.46,False
2025-06-19,8.399999618530273,30248.44,both,-30240.04,False
2025-06-22,8.75,31055.98,both,-31047.23,False
2025-06-23,8.699999809265137,31418.74,both,-31410.04,False
2025-06-24,9.260000228881836,32598.55,both,-32589.29,False
2025-06-25,9.470000267028809,33002.85,both,-32993.38,False
2025-06-29,9.399999618530272,33206.76,both,-33197.36,False
2025-06-30,9.140000343322754,32857.62,both,-32848.48,False
2025-07-01,9.09000015258789,32707.22,both,-32698.13,False
2025-07-02,9.1899995803833,32820.49,both,-32811.3,False
2025-07-06,9.619999885559082,,left_only,,False
2025-07-07,9.5,33037.62,both,-33028.12,False
2025-07-09,9.5,33152.39,both,-33142.89,False
2025-07-10,9.470000267028809,33324.38,both,-33314.91,False
2025-07-13,9.5,33053.47,both,-33043.97,False
2025-07-14,9.5,33727.44,both,-33717.94,False
2025-07-15,9.529999732971191,33934.63,both,-33925.1,False
2025-07-16,9.600000381469728,33473.77,both,-33464.17,False
2025-07-17,9.670000076293944,33821.03,both,-33811.36,False
2025-07-20,10.0,34071.0,both,-34061.0,False
2025-07-21,10.329999923706056,34129.59,both,-34119.26,False
2025-07-22,10.229999542236328,33803.34,both,-33793.11,False
2025-07-23,10.229999542236328,34125.12,both,-34114.89,False
2025-07-27,10.34000015258789,34554.24,both,-34543.9,False
2025-07-28,10.270000457763672,34076.22,both,-34065.95,False
2025-07-29,10.300000190734863,34085.74,both,-34075.44,False
2025-07-30,9.899999618530272,33859.68,both,-33849.78,False
2025-07-31,10.0,34198.0,both,-34188.0,False
2025-08-03,10.0,34272.16,both,-34262.16,False
2025-08-04,10.0,34704.51,both,-34694.51,False
2025-08-05,10.0,35254.18,both,-35244.18,False
2025-08-06,10.0,35480.25,both,-35470.25,False
2025-08-07,10.0,35809.36,both,-35799.36,False
2025-08-10,10.199999809265137,36109.77,both,-36099.57,False
2025-08-11,10.600000381469728,35908.5,both,-35897.9,False
2025-08-12,10.699999809265137,36003.65,both,-35992.95,False
2025-08-13,10.699999809265137,35855.26,both,-35844.56,False
2025-08-14,10.609999656677246,35576.42,both,-35565.81,False
2025-08-17,11.029999732971191,35972.77,both,-35961.74,False
2025-08-18,10.800000190734863,35824.78,both,-35813.98,False
2025-08-19,10.800000190734863,36100.07,both,-36089.27,False
2025-08-20,10.600000381469728,35731.83,both,-35721.23,False
2025-08-21,10.6899995803833,35622.26,both,-35611.57,False
2025-08-24,10.710000038146973,35811.88,both,-35801.17,False
2025-08-25,10.710000038146973,35810.57,both,-35799.86,False
2025-08-26,10.5,35358.34,both,-35347.84,False
2025-08-27,10.649999618530272,35676.19,both,-35665.54,False
2025-08-28,10.779999732971191,35727.19,both,-35716.41,False
2025-08-31,10.210000038146973,35148.14,both,-35137.93,False
2025-09-01,10.390000343322754,35158.88,both,-35148.49,False
2025-09-02,10.579999923706056,35156.93,both,-35146.35,False
2025-09-03,10.149999618530272,34761.97,both,-34751.82,False
2025-09-07,10.550000190734863,34455.41,both,-34444.86,False
2025-09-08,10.380000114440918,34601.53,both,-34591.15,False
2025-09-09,10.25,34386.33,both,-34376.08,False
2025-09-10,10.5,34670.1,both,-34659.6,False
2025-09-11,10.489999771118164,34937.44,both,-34926.95,False
2025-09-14,10.619999885559082,35111.82,both,-35101.2,False
2025-09-15,10.40999984741211,35165.84,both,-35155.43,False
2025-09-16,10.25,34840.82,both,-34830.57,False
2025-09-17,10.300000190734863,34974.84,both,-34964.54,False
2025-09-18,10.279999732971191,35403.0,both,-35392.72,False
2025-09-21,10.619999885559082,35247.04,both,-35236.42,False
2025-09-22,10.899999618530272,35210.7,both,-35199.8,False
2025-09-23,10.649999618530272,35328.63,both,-35317.98,False
2025-09-24,10.970000267028809,35949.12,both,-35938.15,False
2025-09-25,10.800000190734863,35671.43,both,-35660.63,False
2025-09-28,10.90999984741211,36166.08,both,-36155.17,False
2025-09-29,10.960000038146973,36391.0,both,-36380.04,False
2025-09-30,11.0600004196167,36670.08,both,-36659.02,False
2025-10-01,11.369999885559082,36769.18,both,-36757.81,False
2025-10-02,11.5,36900.7,both,-36889.2,False
2025-10-05,11.350000381469728,37210.83,both,-37199.48,False
2025-10-06,11.399999618530272,37094.8,both,-37083.4,False
2025-10-07,11.600000381469728,37097.37,both,-37085.77,False
2025-10-08,11.670000076293944,37376.93,both,-37365.26,False
2025-10-12,11.770000457763672,37378.58,both,-37366.81,False
2025-10-13,11.899999618530272,37409.85,both,-37397.95,False
2025-10-14,11.619999885559082,37459.13,both,-37447.51,False
2025-10-15,11.479999542236328,37654.04,both,-37642.56,False
2025-10-16,11.40999984741211,37677.19,both,-37665.78,False
2025-10-19,11.380000114440918,37909.61,both,-37898.23,False
2025-10-20,11.449999809265137,37975.06,both,-37963.61,False
2025-10-21,11.300000190734863,37698.49,both,-37687.19,False
2025-10-22,11.149999618530272,37576.55,both,-37565.4,False
2025-10-23,11.390000343322754,37687.04,both,-37675.65,False
2025-10-26,11.300000190734863,38101.96,both,-38090.66,False
2025-10-27,11.4399995803833,38162.01,both,-38150.57,False
2025-10-28,11.350000381469728,38304.94,both,-38293.59,False
2025-10-29,11.380000114440918,38229.53,both,-38218.15,False
2025-10-30,11.220000267028809,38267.8,both,-38256.58,False
2025-11-02,11.25,38082.88,both,-38071.63,False
2025-11-03,11.300000190734863,38622.84,both,-38611.54,False
2025-11-04,11.15999984741211,39065.73,both,-39054.57,False
2025-11-05,11.149999618530272,39132.25,both,-39121.1,False
2025-11-06,11.300000190734863,39949.66,both,-39938.36,False
2025-11-09,11.149999618530272,40821.96,both,-40810.81,False
2025-11-10,11.050000190734863,40427.35,both,-40416.3,False
2025-11-11,10.640000343322754,40261.16,both,-40250.52,False
2025-11-12,10.510000228881836,40228.76,both,-40218.25,False
2025-11-13,10.600000381469728,40190.62,both,-40180.02,False
2025-11-16,10.56999969482422,41211.27,both,-41200.7,False
2025-11-17,10.699999809265137,41065.75,both,-41055.05,False
2025-11-18,10.800000190734863,40501.28,both,-40490.48,False
2025-11-19,10.949999809265137,40509.16,both,-40498.21,False
2025-11-20,11.199999809265137,40302.39,both,-40291.19,False
2025-11-23,11.420000076293944,40445.66,both,-40434.24,False
2025-11-24,11.1899995803833,39725.26,both,-39714.07,False
2025-11-25,11.010000228881836,39902.53,both,-39891.52,False
2025-11-26,10.699999809265137,39537.25,both,-39526.55,False
2025-11-27,11.020000457763672,40039.24,both,-40028.22,False
2025-11-30,11.199999809265137,40753.45,both,-40742.25,False
2025-12-01,11.050000190734863,40693.92,both,-40682.87,False
2025-12-02,10.829999923706056,40625.63,both,-40614.8,False
2025-12-03,10.630000114440918,41342.03,both,-41331.4,False
2025-12-04,10.630000114440918,41499.07,both,-41488.44,False
2025-12-07,10.6899995803833,41762.43,both,-41751.74,False
2025-12-08,10.720000267028809,41963.24,both,-41952.52,False
2025-12-09,10.850000381469728,41940.62,both,-41929.77,False
2025-12-10,11.0,42052.79,both,-42041.79,False
2025-12-11,11.279999732971191,42033.78,both,-42022.5,False
2025-12-14,11.390000343322754,42065.2,both,-42053.81,False
2025-12-15,11.300000190734863,42305.36,both,-42294.06,False
2025-12-16,11.239999771118164,42002.37,both,-41991.13,False
2025-12-17,11.0,41504.03,both,-41493.03,False
2025-12-18,10.899999618530272,40926.86,both,-40915.96,False
2025-12-21,11.029999732971191,41348.38,both,-41337.35,False
2025-12-22,11.039999961853027,41102.76,both,-41091.72,False
2025-12-23,11.399999618530272,41419.32,both,-41407.92,False
2025-12-24,11.399999618530272,41508.31,both,-41496.91,False
2025-12-25,11.40999984741211,41253.02,both,-41241.61,False
2025-12-28,11.399999618530272,41604.74,both,-41593.34,False
2025-12-29,11.5,41731.68,both,-41720.18,False
2025-12-30,11.649999618530272,41689.96,both,-41678.31,False
2025-12-31,11.720000267028809,41828.97,both,-41817.25,False
2026-01-04,11.350000381469728,40898.15,both,-40886.8,False
2026-01-05,10.93000030517578,40676.98,both,-40666.05,False
2026-01-06,11.0,41543.46,both,-41532.46,False
2026-01-08,10.899999618530272,41856.76,both,-41845.86,False
2026-01-11,11.199999809265137,42895.41,both,-42884.21,False
2026-01-12,11.0,43404.25,both,-43393.25,False
2026-01-13,10.770000457763672,43684.22,both,-43673.45,False
2026-01-14,10.390000343322754,43058.34,both,-43047.95,False
2026-01-15,10.25,43346.87,both,-43336.62,False
2026-01-18,10.850000381469728,43952.52,both,-43941.67,False
2026-01-19,10.75,45048.44,both,-45037.69,False
2026-01-20,10.979999542236328,45905.16,both,-45894.18,False
2026-01-21,11.15999984741211,46048.69,both,-46037.53,False
2026-01-22,11.399999618530272,46462.32,both,-46450.92,False
2026-01-25,11.399999618530272,46857.73,both,-46846.33,False
2026-01-26,11.300000190734863,47507.43,both,-47496.13,False
2026-01-27,11.229999542236328,47834.55,both,-47823.32,False
2026-01-28,10.899999618530272,47785.93,both,-47775.03,False
2026-02-01,11.06999969482422,47662.74,both,-47651.67,False
2026-02-02,10.949999809265137,47606.28,both,-47595.33,False
2026-02-03,11.0,48978.48,both,-48967.48,False
2026-02-04,11.789999961853027,49631.56,both,-49619.77,False
2026-02-05,12.75,49739.03,both,-49726.28,False
2026-02-08,12.630000114440918,50035.23,both,-50022.6,False
2026-02-09,12.600000381469728,50293.53,both,-50280.93,False
2026-02-10,12.350000381469728,50376.15,both,-50363.8,False
2026-02-11,12.630000114440918,49700.24,both,-49687.61,False
2026-02-12,12.739999771118164,50490.2,both,-50477.46,False
2026-02-15,12.470000267028809,52308.32,both,-52295.85,False
2026-02-16,12.510000228881836,51493.53,both,-51481.02,False
2026-02-17,12.520000457763672,51833.76,both,-51821.24,False
2026-02-18,12.449999809265137,52222.34,both,-52209.89,False
2026-02-19,11.779999732971191,50667.67,both,-50655.89,False
2026-02-22,11.369999885559082,49560.88,both,-49549.51,False
2026-02-23,11.899999618530272,50870.06,both,-50858.16,False
2026-02-24,11.899999618530272,50390.21,both,-50378.31,False
2026-02-25,11.68000030517578,49014.32,both,-49002.64,False
2026-02-26,11.789999961853027,49212.83,both,-49201.04,False
2026-03-01,11.210000038146973,47984.26,both,-47973.05,False
2026-03-02,11.579999923706056,47692.49,both,-47680.91,False
2026-03-03,11.3100004196167,46725.81,both,-46714.5,False
2026-03-04,11.199999809265137,46452.14,both,-46440.94,False
2026-03-05,11.210000038146973,47516.44,both,-47505.23,False
2026-03-08,10.81999969482422,46774.24,both,-46763.42,False
2026-03-09,10.300000190734863,46414.85,both,-46404.55,False
2026-03-10,10.649999618530272,47772.74,both,-47762.09,False
2026-03-11,10.670000076293944,47195.39,both,-47184.72,False
2026-03-12,10.5,46790.96,both,-46780.46,False
2026-03-15,10.460000038146973,45926.93,both,-45916.47,False
2026-03-16,10.229999542236328,45187.72,both,-45177.49,False
2026-03-17,10.34000015258789,46054.61,both,-46044.27,False
2026-03-18,10.399999618530272,47611.96,both,-47601.56,False
2026-03-19,10.399999618530272,,left_only,,False
2026-03-24,10.329999923706056,46930.88,both,-46920.55,False
2026-03-25,10.699999809265137,47497.91,both,-47487.21,False
2026-03-26,10.5,47001.89,both,-46991.39,False
2026-03-29,10.229999542236328,46404.27,both,-46394.04,False
2026-03-30,9.899999618530272,45189.89,both,-45179.99,False
2026-03-31,9.699999809265137,45321.59,both,-45311.89,False
2026-04-01,10.15999984741211,46731.49,both,-46721.33,False
2026-04-02,10.050000190734863,46399.0,both,-46388.95,False
2026-04-05,10.0600004196167,47276.43,both,-47266.37,False
2026-04-06,10.15999984741211,47651.58,both,-47641.42,False
2026-04-07,10.039999961853027,46681.78,both,-46671.74,False
2026-04-08,10.399999618530272,48593.99,both,-48583.59,False
2026-04-09,10.4399995803833,49078.6,both,-49068.16,False
2026-04-12,,49078.6,right_only,,False
2026-04-14,10.359999656677246,49978.62,both,-49968.26,False
2026-04-15,10.529999732971191,50733.14,both,-50722.61,False
2026-04-16,10.600000381469728,51437.78,both,-51427.18,False
2026-04-19,10.760000228881836,52372.64,both,-52361.88,False
2026-04-20,11.15999984741211,51813.43,both,-51802.27,False
2026-04-21,11.09000015258789,51977.34,both,-51966.25,False
2026-04-22,11.079999923706056,51962.39,both,-51951.31,False
2026-04-23,11.0600004196167,52375.39,both,-52364.33,False
2026-04-26,11.06999969482422,52421.14,both,-52410.07,False
2026-04-27,11.170000076293944,52719.12,both,-52707.95,False
2026-04-28,11.09000015258789,52230.61,both,-52219.52,False
2026-04-29,11.0,52383.13,both,-52372.13,False
2026-04-30,10.75,51760.97,both,-51750.22,False
2026-05-03,11.020000457763672,52312.7,both,-52301.68,False
2026-05-04,11.0,51973.5,both,-51962.5,False
2026-05-05,10.890000343322754,52557.63,both,-52546.74,False
2026-05-06,11.300000190734863,53605.08,both,-53593.78,False
2026-05-10,12.010000228881836,54628.68,both,-54616.67,False
2026-05-11,11.93000030517578,54475.49,both,-54463.56,False
2026-05-12,11.960000038146973,54058.75,both,-54046.79,False
2026-05-13,11.949999809265137,53416.17,both,-53404.22,False
2026-05-14,11.75,53154.84,both,-53143.09,False
2026-05-17,11.5600004196167,52364.34,both,-52352.78,False
2026-05-18,11.729999542236328,52007.0,both,-51995.27,False
2026-05-19,11.800000190734863,52774.98,both,-52763.18,False
2026-05-20,11.210000038146973,51936.75,both,-51925.54,False
2026-05-21,11.199999809265137,52090.96,both,-52079.76,False
2026-05-24,11.43000030517578,52861.47,both,-52850.04,False
2026-05-25,11.449999809265137,52658.75,both,-52647.3,False
2026-05-26,11.449999809265137,,left_only,,False
2026-05-27,11.449999809265137,,left_only,,False
2026-05-28,11.449999809265137,,left_only,,False
2026-06-01,11.6899995803833,52853.94,both,-52842.25,False
2026-06-02,11.899999618530272,52927.02,both,-52915.12,False
2026-06-03,12.149999618530272,52564.42,both,-52552.27,False
2026-06-04,12.510000228881836,52652.53,both,-52640.02,False
2026-06-07,12.6899995803833,52164.6,both,-52151.91,False
2026-06-08,12.4399995803833,51882.81,both,-51870.37,False
2026-06-09,12.460000038146973,52374.8,both,-52362.34,False
2026-06-10,11.920000076293944,51256.65,both,-51244.73,False
2026-06-11,11.4399995803833,50818.84,both,-50807.4,False
2026-06-14,12.010000228881836,51994.63,both,-51982.62,False
2026-06-15,12.15999984741211,52306.66,both,-52294.5,False
2026-06-16,12.06999969482422,52047.15,both,-52035.08,False
2026-06-17,12.06999969482422,52621.84,both,-52609.77,False
2026-06-18,12.06999969482422,,left_only,,False
2026-06-21,12.600000381469728,52679.45,both,-52666.85,False
2026-06-22,12.600000381469728,52585.72,both,-52573.12,False
2026-06-23,12.300000190734863,51769.74,both,-51757.44,False
2026-06-24,12.199999809265137,51710.9,both,-51698.7,False
2026-06-25,12.050000190734863,51443.07,both,-51431.02,False
2026-06-28,11.300000190734863,50344.37,both,-50333.07,False
2026-06-29,11.449999809265137,49825.58,both,-49814.13,False
2026-06-30,11.670000076293944,50487.96,both,-50476.29,False
2026-07-01,11.600000381469728,50532.7,both,-50521.1,False
2026-07-05,11.600000381469728,51130.89,both,-51119.29,False
2026-07-06,11.609999656677246,52502.74,both,-52491.13,False
2026-07-07,11.699999809265137,53006.11,both,-52994.41,False
2026-07-08,11.399999618530272,52028.37,both,-52016.97,False
2026-07-09,11.59000015258789,52311.51,both,-52299.92,False
2026-07-12,11.5,52256.18,both,-52244.68,False
2026-07-13,11.470000267028809,52608.28,both,-52596.81,False
2026-07-14,11.399999618530272,52299.31,both,-52287.91,False
2026-07-15,11.380000114440918,52558.39,both,-52547.01,False
2026-07-16,11.5,52928.06,both,-52916.56,False
2026-07-19,11.479999542236328,52560.1,both,-52548.62,False
2026-07-20,11.470000267028809,53126.01,both,-53114.54,False
2026-07-21,11.640000343322754,53989.55,both,-53977.91,False
2026-07-22,11.729999542236328,53931.92,both,-53920.19,False
2026-07-26,11.640000343322754,,left_only,,False
2026-07-27,11.640000343322754,,left_only,,False
2026-07-28,11.529999732971191,,left_only,,False
2026-07-29,11.5,,left_only,,False
2026-07-30,11.369999885559082,,left_only,,False
