date,fetched_close,reference_close,_merge,diff,match
2014-12-23,,8710.6,right_only,,False
2014-12-24,,8766.12,right_only,,False
2014-12-25,,8740.12,right_only,,False
2014-12-28,,8745.16,right_only,,False
2014-12-29,,8958.13,right_only,,False
2014-12-30,,9005.75,right_only,,False
2014-12-31,,8926.58,right_only,,False
2015-01-04,,8942.65,right_only,,False
2015-01-05,,9011.07,right_only,,False
2015-01-06,,8798.94,right_only,,False
2015-01-08,,8946.34,right_only,,False
2015-01-11,,8909.75,right_only,,False
2015-01-12,,9109.23,right_only,,False
2015-01-13,,9308.98,right_only,,False
2015-01-14,,9544.08,right_only,,False
2015-01-15,,9555.99,right_only,,False
2015-01-18,,9530.92,right_only,,False
2015-01-19,,9599.1,right_only,,False
2015-01-20,,9804.18,right_only,,False
2015-01-21,,9856.3,right_only,,False
2015-01-22,,9898.86,right_only,,False
2015-01-26,,9834.81,right_only,,False
2015-01-27,,9946.58,right_only,,False
2015-01-28,,9863.73,right_only,,False
2015-01-29,,9843.1,right_only,,False
2015-02-01,,9779.76,right_only,,False
2015-02-02,,9830.46,right_only,,False
2015-02-03,,9954.34,right_only,,False
2015-02-04,,10045.93,right_only,,False
2015-02-05,,9965.43,right_only,,False
2015-02-08,,9957.93,right_only,,False
2015-02-09,,9884.46,right_only,,False
2015-02-10,,9900.65,right_only,,False
2015-02-11,,9770.78,right_only,,False
2015-02-12,,9747.36,right_only,,False
2015-02-15,,9789.79,right_only,,False
2015-02-16,,9585.92,right_only,,False
2015-02-17,,9433.85,right_only,,False
2015-02-18,,9537.23,right_only,,False
2015-02-19,,9481.2,right_only,,False
2015-02-22,,9494.55,right_only,,False
2015-02-23,,9601.14,right_only,,False
2015-02-24,,9611.66,right_only,,False
2015-02-25,,9469.08,right_only,,False
2015-02-26,,9334.01,right_only,,False
2015-03-01,,9283.59,right_only,,False
2015-03-02,,9456.33,right_only,,False
2015-03-03,,9475.27,right_only,,False
2015-03-04,,9461.06,right_only,,False
2015-03-05,,9575.98,right_only,,False
2015-03-08,,9638.41,right_only,,False
2015-03-09,,9713.61,right_only,,False
2015-03-10,,9709.5,right_only,,False
2015-03-11,,9576.46,right_only,,False
2015-03-12,,9640.77,right_only,,False
2015-03-15,,9726.03,right_only,,False
2015-03-16,,9529.01,right_only,,False
2015-03-17,,9561.33,right_only,,False
2015-03-18,,9484.08,right_only,,False
2015-03-19,,9518.28,right_only,,False
2015-03-22,,9354.73,right_only,,False
2015-03-23,,9374.12,right_only,,False
2015-03-24,,9367.54,right_only,,False
2015-03-25,,9198.46,right_only,,False
2015-03-26,,9052.5,right_only,,False
2015-03-29,,9062.99,right_only,,False
2015-03-30,,9118.97,right_only,,False
2015-03-31,,9134.78,right_only,,False
2015-04-01,,9099.33,right_only,,False
2015-04-02,,8891.73,right_only,,False
2015-04-05,,8607.66,right_only,,False
2015-04-06,,8508.24,right_only,,False
2015-04-07,,8716.37,right_only,,False
2015-04-08,,8788.9,right_only,,False
2015-04-09,,8892.53,right_only,,False
2015-04-14,,8927.53,right_only,,False
2015-04-15,,8896.68,right_only,,False
2015-04-16,,8886.84,right_only,,False
2015-04-19,,8765.34,right_only,,False
2015-04-20,,8595.78,right_only,,False
2015-04-21,,8575.27,right_only,,False
2015-04-22,,8629.49,right_only,,False
2015-04-23,,8731.29,right_only,,False
2015-04-26,,8633.86,right_only,,False
2015-04-27,,8493.68,right_only,,False
2015-04-28,,8330.52,right_only,,False
2015-04-29,,8488.49,right_only,,False
2015-04-30,,8672.29,right_only,,False
2015-05-03,,8562.97,right_only,,False
2015-05-04,,8652.12,right_only,,False
2015-05-05,,8828.33,right_only,,False
2015-05-06,,8756.31,right_only,,False
2015-05-07,,8742.42,right_only,,False
2015-05-10,,8692.0,right_only,,False
2015-05-11,,8691.85,right_only,,False
2015-05-12,,8674.34,right_only,,False
2015-05-13,,8526.43,right_only,,False
2015-05-14,,8303.37,right_only,,False
2015-05-17,,8260.92,right_only,,False
2015-05-18,,8798.17,right_only,,False
2015-05-19,,8877.68,right_only,,False
2015-05-20,,8826.45,right_only,,False
2015-05-21,,8988.03,right_only,,False
2015-05-24,,9121.92,right_only,,False
2015-05-25,,9050.76,right_only,,False
2015-05-26,,8975.32,right_only,,False
2015-05-27,,8966.71,right_only,,False
2015-05-28,,8912.05,right_only,,False
2015-05-31,,8782.55,right_only,,False
2015-06-01,,8745.04,right_only,,False
2015-06-02,,8847.59,right_only,,False
2015-06-03,,8905.6,right_only,,False
2015-06-04,,8780.76,right_only,,False
2015-06-07,,8728.87,right_only,,False
2015-06-08,,8672.33,right_only,,False
2015-06-09,,8660.93,right_only,,False
2015-06-10,,8639.43,right_only,,False
2015-06-11,,8626.46,right_only,,False
2015-06-14,,8534.13,right_only,,False
2015-06-15,,8515.63,right_only,,False
2015-06-16,,8556.1,right_only,,False
2015-06-17,,8556.55,right_only,,False
2015-06-18,,8576.71,right_only,,False
2015-06-21,,8535.19,right_only,,False
2015-06-22,,8489.41,right_only,,False
2015-06-23,,8444.93,right_only,,False
2015-06-24,,8456.82,right_only,,False
2015-06-25,,8406.17,right_only,,False
2015-06-28,,8511.98,right_only,,False
2015-06-29,,8371.53,right_only,,False
2015-07-02,,8314.72,right_only,,False
2015-07-05,,8218.25,right_only,,False
2015-07-06,,7870.78,right_only,,False
2015-07-07,,7752.94,right_only,,False
2015-07-08,,7550.98,right_only,,False
2015-07-09,,7617.39,right_only,,False
2015-07-12,,7691.35,right_only,,False
2015-07-13,,7587.07,right_only,,False
2015-07-14,,7686.91,right_only,,False
2015-07-15,,7882.62,right_only,,False
2015-07-16,,8022.91,right_only,,False
2015-07-21,,8049.69,right_only,,False
2015-07-22,,8087.24,right_only,,False
2015-07-26,,8004.83,right_only,,False
2015-07-27,,7887.87,right_only,,False
2015-07-28,,7949.89,right_only,,False
2015-07-29,,8105.69,right_only,,False
2015-07-30,,8191.53,right_only,,False
2015-08-02,,8158.31,right_only,,False
2015-08-03,,8087.54,right_only,,False
2015-08-04,,8181.95,right_only,,False
2015-08-05,,8114.08,right_only,,False
2015-08-09,,8011.06,right_only,,False
2015-08-10,,8028.69,right_only,,False
2015-08-11,,8083.18,right_only,,False
2015-08-12,,7911.88,right_only,,False
2015-08-13,,7879.82,right_only,,False
2015-08-16,,7625.76,right_only,,False
2015-08-17,,7594.05,right_only,,False
2015-08-18,,7398.43,right_only,,False
2015-08-19,,7240.77,right_only,,False
2015-08-20,,7172.63,right_only,,False
2015-08-23,,6784.09,right_only,,False
2015-08-24,,6654.06,right_only,,False
2015-08-25,,6836.95,right_only,,False
2015-08-26,,6873.49,right_only,,False
2015-08-27,,7078.83,right_only,,False
2015-08-30,,7055.28,right_only,,False
2015-08-31,,7252.43,right_only,,False
2015-09-01,,7203.86,right_only,,False
2015-09-02,,7150.47,right_only,,False
2015-09-03,,7295.96,right_only,,False
2015-09-06,,7273.92,right_only,,False
2015-09-07,,7166.62,right_only,,False
2015-09-08,,6924.05,right_only,,False
2015-09-09,,7050.02,right_only,,False
2015-09-10,,7039.33,right_only,,False
2015-09-13,,7082.0,right_only,,False
2015-09-14,,7158.1,right_only,,False
2015-09-15,,7175.59,right_only,,False
2015-09-16,,7266.42,right_only,,False
2015-09-17,,7267.52,right_only,,False
2015-09-20,,7234.46,right_only,,False
2015-09-21,,7285.25,right_only,,False
2015-09-22,,7346.54,right_only,,False
2015-09-28,,7409.06,right_only,,False
2015-09-29,,7331.53,right_only,,False
2015-09-30,,7332.88,right_only,,False
2015-10-01,,7310.71,right_only,,False
2015-10-04,,7263.29,right_only,,False
2015-10-05,,7239.27,right_only,,False
2015-10-07,,7354.56,right_only,,False
2015-10-08,,7491.67,right_only,,False
2015-10-11,,7547.66,right_only,,False
2015-10-12,,7650.65,right_only,,False
2015-10-13,,7669.12,right_only,,False
2015-10-15,,7594.45,right_only,,False
2015-10-18,,7538.22,right_only,,False
2015-10-19,,7621.67,right_only,,False
2015-10-20,,7658.95,right_only,,False
2015-10-21,,7669.14,right_only,,False
2015-10-22,,7611.03,right_only,,False
2015-10-25,,7653.14,right_only,,False
2015-10-26,,7577.53,right_only,,False
2015-10-27,,7534.08,right_only,,False
2015-10-28,,7479.59,right_only,,False
2015-10-29,,7507.89,right_only,,False
2015-11-01,,7413.01,right_only,,False
2015-11-02,,7434.69,right_only,,False
2015-11-03,,7432.96,right_only,,False
2015-11-04,,7450.36,right_only,,False
2015-11-05,,7541.72,right_only,,False
2015-11-08,,7347.22,right_only,,False
2015-11-09,,7138.81,right_only,,False
2015-11-10,,6824.74,right_only,,False
2015-11-11,,6801.9,right_only,,False
2015-11-12,,6806.67,right_only,,False
2015-11-15,,6522.12,right_only,,False
2015-11-16,,6480.65,right_only,,False
2015-11-17,,6407.33,right_only,,False
2015-11-18,,6413.97,right_only,,False
2015-11-19,,6568.97,right_only,,False
2015-11-22,,6607.53,right_only,,False
2015-11-23,,6451.32,right_only,,False
2015-11-24,,6321.39,right_only,,False
2015-11-25,,6391.07,right_only,,False
2015-11-26,,6427.82,right_only,,False
2015-11-29,,6477.73,right_only,,False
2015-11-30,,6356.65,right_only,,False
2015-12-01,,6424.88,right_only,,False
2015-12-02,,6649.72,right_only,,False
2015-12-03,,6779.28,right_only,,False
2015-12-06,,6837.42,right_only,,False
2015-12-07,,6777.81,right_only,,False
2015-12-08,,6608.01,right_only,,False
2015-12-09,,6629.32,right_only,,False
2015-12-10,,6637.91,right_only,,False
2015-12-13,,6395.2,right_only,,False
2015-12-14,,6408.12,right_only,,False
2015-12-15,,6421.0,right_only,,False
2015-12-16,,6488.51,right_only,,False
2015-12-17,,6669.8,right_only,,False
2015-12-20,,6707.66,right_only,,False
2015-12-21,,6762.26,right_only,,False
2015-12-22,,6769.08,right_only,,False
2015-12-24,,6812.65,right_only,,False
2015-12-27,,6749.11,right_only,,False
2015-12-28,,6744.47,right_only,,False
2015-12-29,,6794.75,right_only,,False
2015-12-30,,6981.01,right_only,,False
2015-12-31,,7006.01,right_only,,False
2016-01-03,,7089.06,right_only,,False
2016-01-04,,6982.25,right_only,,False
2016-01-05,,7021.42,right_only,,False
2016-01-06,,6922.71,right_only,,False
2016-01-10,,6782.35,right_only,,False
2016-01-11,,6634.98,right_only,,False
2016-01-12,,6463.92,right_only,,False
2016-01-13,,6205.23,right_only,,False
2016-01-14,,5857.7,right_only,,False
2016-01-17,,5760.19,right_only,,False
2016-01-18,,5941.19,right_only,,False
2016-01-19,,6097.45,right_only,,False
2016-01-20,,5776.59,right_only,,False
2016-01-21,,5713.35,right_only,,False
2016-01-24,,5893.54,right_only,,False
2016-01-26,,5896.56,right_only,,False
2016-01-27,,5960.59,right_only,,False
2016-01-28,,5986.78,right_only,,False
2016-01-31,,5992.72,right_only,,False
2016-02-01,,5906.92,right_only,,False
2016-02-02,,6008.85,right_only,,False
2016-02-03,,6066.54,right_only,,False
2016-02-04,,6202.22,right_only,,False
2016-02-07,,6126.47,right_only,,False
2016-02-08,,6174.77,right_only,,False
2016-02-09,,6004.41,right_only,,False
2016-02-10,,6062.65,right_only,,False
2016-02-11,,5813.72,right_only,,False
2016-02-14,,5753.74,right_only,,False
2016-02-15,,5800.05,right_only,,False
2016-02-16,,5894.6,right_only,,False
2016-02-17,,5947.7,right_only,,False
2016-02-18,,5944.47,right_only,,False
2016-02-21,,6007.88,right_only,,False
2016-02-22,,6086.45,right_only,,False
2016-02-23,,6104.74,right_only,,False
2016-02-24,,6054.03,right_only,,False
2016-02-25,,6079.13,right_only,,False
2016-02-28,,6156.01,right_only,,False
2016-02-29,,6146.93,right_only,,False
2016-03-01,,6115.54,right_only,,False
2016-03-02,,6076.57,right_only,,False
2016-03-03,,6089.34,right_only,,False
2016-03-06,,6214.94,right_only,,False
2016-03-07,,6261.41,right_only,,False
2016-03-08,,6339.76,right_only,,False
2016-03-09,,6372.64,right_only,,False
2016-03-10,,6563.65,right_only,,False
2016-03-13,,6563.83,right_only,,False
2016-03-14,,7003.85,right_only,,False
2016-03-15,,7139.44,right_only,,False
2016-03-16,,7228.68,right_only,,False
2016-03-17,,7485.69,right_only,,False
2016-03-20,,7465.86,right_only,,False
2016-03-21,,7494.12,right_only,,False
2016-03-22,,7430.33,right_only,,False
2016-03-23,,7495.47,right_only,,False
2016-03-24,,7548.22,right_only,,False
2016-03-27,,7480.11,right_only,,False
2016-03-28,,7494.1,right_only,,False
2016-03-29,,7567.46,right_only,,False
2016-03-30,,7485.06,right_only,,False
2016-03-31,,7524.99,right_only,,False
2016-04-03,,7521.2,right_only,,False
2016-04-04,,7577.02,right_only,,False
2016-04-05,,7657.98,right_only,,False
2016-04-06,,7459.84,right_only,,False
2016-04-07,,7478.74,right_only,,False
2016-04-10,,7403.77,right_only,,False
2016-04-11,,7342.46,right_only,,False
2016-04-12,,7331.05,right_only,,False
2016-04-13,,7420.61,right_only,,False
2016-04-14,,7463.1,right_only,,False
2016-04-17,,7517.02,right_only,,False
2016-04-18,,7662.44,right_only,,False
2016-04-19,,7864.03,right_only,,False
2016-04-20,,7799.86,right_only,,False
2016-04-21,,7781.45,right_only,,False
2016-04-24,,7743.41,right_only,,False
2016-04-26,,7886.82,right_only,,False
2016-04-27,,7863.58,right_only,,False
2016-04-28,,7773.23,right_only,,False
2016-05-03,,7531.59,right_only,,False
2016-05-04,,7442.44,right_only,,False
2016-05-05,,7547.49,right_only,,False
2016-05-08,,7571.7,right_only,,False
2016-05-09,,7646.02,right_only,,False
2016-05-10,,7621.91,right_only,,False
2016-05-11,,7503.4,right_only,,False
2016-05-12,,7520.52,right_only,,False
2016-05-15,,7373.0,right_only,,False
2016-05-16,,7409.27,right_only,,False
2016-05-17,,7549.97,right_only,,False
2016-05-18,,7637.04,right_only,,False
2016-05-19,,7499.49,right_only,,False
2016-05-22,,7494.76,right_only,,False
2016-05-23,,7417.08,right_only,,False
2016-05-24,,7497.33,right_only,,False
2016-05-25,,7543.43,right_only,,False
2016-05-26,,7531.15,right_only,,False
2016-05-29,,7486.13,right_only,,False
2016-05-30,,7452.88,right_only,,False
2016-05-31,,7483.65,right_only,,False
2016-06-01,,7572.39,right_only,,False
2016-06-02,,7617.88,right_only,,False
2016-06-05,,7563.5,right_only,,False
2016-06-06,,7639.59,right_only,,False
2016-06-07,,7717.35,right_only,,False
2016-06-08,,7780.13,right_only,,False
2016-06-09,,7756.3,right_only,,False
2016-06-12,,7650.62,right_only,,False
2016-06-13,,7645.21,right_only,,False
2016-06-14,,7570.05,right_only,,False
2016-06-15,,7414.81,right_only,,False
2016-06-16,,7420.39,right_only,,False
2016-06-19,,7337.97,right_only,,False
2016-06-20,,7203.64,right_only,,False
2016-06-21,,7250.92,right_only,,False
2016-06-22,,7156.49,right_only,,False
2016-06-23,,7253.31,right_only,,False
2016-06-26,,6851.61,right_only,,False
2016-06-27,,6903.81,right_only,,False
2016-06-28,,6931.94,right_only,,False
2016-06-29,,6942.52,right_only,,False
2016-07-03,,6981.72,right_only,,False
2016-07-04,,7182.8,right_only,,False
2016-07-10,,7517.43,right_only,,False
2016-07-11,,7506.18,right_only,,False
2016-07-12,,7457.5,right_only,,False
2016-07-13,,7559.87,right_only,,False
2016-07-14,,7583.06,right_only,,False
2016-07-17,,7599.64,right_only,,False
2016-07-18,,7628.64,right_only,,False
2016-07-19,,7596.96,right_only,,False
2016-07-20,,7503.36,right_only,,False
2016-07-21,,7436.87,right_only,,False
2016-07-24,,7463.72,right_only,,False
2016-07-25,,7517.78,right_only,,False
2016-07-26,,7539.99,right_only,,False
2016-07-27,,7914.74,right_only,,False
2016-07-28,,8030.85,right_only,,False
2016-07-31,,7983.15,right_only,,False
2016-08-01,,7930.14,right_only,,False
2016-08-02,,7973.45,right_only,,False
2016-08-03,,8104.57,right_only,,False
2016-08-04,,8255.36,right_only,,False
2016-08-07,,8223.46,right_only,,False
2016-08-08,,8273.14,right_only,,False
2016-08-09,,8199.65,right_only,,False
2016-08-10,,8291.51,right_only,,False
2016-08-11,,8377.71,right_only,,False
2016-08-14,,8351.07,right_only,,False
2016-08-15,,8453.53,right_only,,False
2016-08-16,,8387.49,right_only,,False
2016-08-17,,8347.38,right_only,,False
2016-08-18,,8317.17,right_only,,False
2016-08-21,,8352.27,right_only,,False
2016-08-22,,8246.9,right_only,,False
2016-08-23,,8186.7,right_only,,False
2016-08-24,,8224.33,right_only,,False
2016-08-25,,8131.49,right_only,,False
2016-08-28,,8052.23,right_only,,False
2016-08-29,,8032.43,right_only,,False
2016-08-30,,8080.81,right_only,,False
2016-08-31,,8158.04,right_only,,False
2016-09-01,,8136.44,right_only,,False
2016-09-04,,8241.16,right_only,,False
2016-09-05,,8270.76,right_only,,False
2016-09-06,,8202.43,right_only,,False
2016-09-07,,8146.1,right_only,,False
2016-09-08,,8188.2,right_only,,False
2016-09-14,,8132.75,right_only,,False
2016-09-15,,7979.25,right_only,,False
2016-09-18,,7916.41,right_only,,False
2016-09-19,,7974.12,right_only,,False
2016-09-20,,8048.69,right_only,,False
2016-09-21,,7937.79,right_only,,False
2016-09-22,,7913.94,right_only,,False
2016-09-25,,7904.53,right_only,,False
2016-09-26,,7974.84,right_only,,False
2016-09-27,,7948.93,right_only,,False
2016-09-28,,7907.92,right_only,,False
2016-09-29,,7881.11,right_only,,False
2016-10-03,,8133.12,right_only,,False
2016-10-04,,8198.51,right_only,,False
2016-10-05,,8368.52,right_only,,False
2016-10-09,,8436.82,right_only,,False
2016-10-10,,8364.0,right_only,,False
2016-10-11,,8232.77,right_only,,False
2016-10-12,,8185.95,right_only,,False
2016-10-13,,8505.12,right_only,,False
2016-10-16,,8432.41,right_only,,False
2016-10-17,,8243.32,right_only,,False
2016-10-18,,8213.53,right_only,,False
2016-10-19,,8160.4,right_only,,False
2016-10-20,,8277.21,right_only,,False
2016-10-23,,8274.15,right_only,,False
2016-10-24,,8228.13,right_only,,False
2016-10-25,,8261.14,right_only,,False
2016-10-26,,8257.21,right_only,,False
2016-10-27,,8343.31,right_only,,False
2016-10-30,,8357.42,right_only,,False
2016-10-31,,8386.03,right_only,,False
2016-11-01,,8447.76,right_only,,False
2016-11-02,,8524.66,right_only,,False
2016-11-03,,8810.51,right_only,,False
2016-11-06,,9349.9,right_only,,False
2016-11-07,,9852.69,right_only,,False
2016-11-08,,10096.57,right_only,,False
2016-11-09,,10225.5,right_only,,False
2016-11-10,,10688.16,right_only,,False
2016-11-13,,10916.97,right_only,,False
2016-11-14,,10694.41,right_only,,False
2016-11-15,,10640.53,right_only,,False
2016-11-16,,10997.38,right_only,,False
2016-11-17,,11221.56,right_only,,False
2016-11-20,,11277.47,right_only,,False
2016-11-21,,11543.07,right_only,,False
2016-11-22,,11519.8,right_only,,False
2016-11-23,,11550.31,right_only,,False
2016-11-24,,11353.11,right_only,,False
2016-11-27,,11145.95,right_only,,False
2016-11-28,,11261.82,right_only,,False
2016-11-29,,11159.32,right_only,,False
2016-11-30,,11453.25,right_only,,False
2016-12-01,,11548.15,right_only,,False
2016-12-04,,11631.41,right_only,,False
2016-12-05,,11426.5,right_only,,False
2016-12-06,,11502.51,right_only,,False
2016-12-07,,11348.37,right_only,,False
2016-12-08,,11297.93,right_only,,False
2016-12-12,,11444.06,right_only,,False
2016-12-13,,11385.1,right_only,,False
2016-12-14,,11317.17,right_only,,False
2016-12-15,,11326.03,right_only,,False
2016-12-18,,11398.01,right_only,,False
2016-12-19,,11752.46,right_only,,False
2016-12-20,,12147.95,right_only,,False
2016-12-21,,12366.96,right_only,,False
2016-12-22,,12420.3,right_only,,False
2016-12-25,,12251.06,right_only,,False
2016-12-26,,12182.04,right_only,,False
2016-12-27,,12181.98,right_only,,False
2016-12-28,,12259.83,right_only,,False
2016-12-29,,12344.89,right_only,,False
2017-01-02,,12290.61,right_only,,False
2017-01-03,,12425.17,right_only,,False
2017-01-04,,12608.44,right_only,,False
2017-01-05,,12824.32,right_only,,False
2017-01-08,,12891.39,right_only,,False
2017-01-09,,12781.16,right_only,,False
2017-01-10,,13014.54,right_only,,False
2017-01-11,,13089.05,right_only,,False
2017-01-12,,13223.9,right_only,,False
2017-01-15,,13287.76,right_only,,False
2017-01-16,,13264.82,right_only,,False
2017-01-17,,13436.1,right_only,,False
2017-01-18,,13304.44,right_only,,False
2017-01-19,,12806.77,right_only,,False
2017-01-22,,12722.08,right_only,,False
2017-01-23,,13002.89,right_only,,False
2017-01-24,,12882.88,right_only,,False
2017-01-26,,13091.05,right_only,,False
2017-01-29,,13161.52,right_only,,False
2017-01-30,,12926.07,right_only,,False
2017-01-31,,12672.49,right_only,,False
2017-02-01,,12584.26,right_only,,False
2017-02-02,,12806.07,right_only,,False
2017-02-05,,12883.43,right_only,,False
2017-02-06,,12849.42,right_only,,False
2017-02-07,,13129.27,right_only,,False
2017-02-08,,13228.33,right_only,,False
2017-02-09,,13114.86,right_only,,False
2017-02-12,,12922.44,right_only,,False
2017-02-13,,12740.05,right_only,,False
2017-02-14,,12503.73,right_only,,False
2017-02-15,,12448.35,right_only,,False
2017-02-16,,12651.97,right_only,,False
2017-02-19,,12549.17,right_only,,False
2017-02-20,,12444.18,right_only,,False
2017-02-21,,12657.82,right_only,,False
2017-02-22,,12401.09,right_only,,False
2017-02-23,,12240.53,right_only,,False
2017-02-26,,12269.88,right_only,,False
2017-02-27,,12023.93,right_only,,False
2017-02-28,,11937.67,right_only,,False
2017-03-01,,11998.72,right_only,,False
2017-03-02,,12310.49,right_only,,False
2017-03-05,,12499.61,right_only,,False
2017-03-06,,12623.22,right_only,,False
2017-03-07,,12677.55,right_only,,False
2017-03-08,,12735.36,right_only,,False
2017-03-09,,12853.27,right_only,,False
2017-03-12,,12919.9,right_only,,False
2017-03-13,,12929.13,right_only,,False
2017-03-14,,12789.52,right_only,,False
2017-03-15,,12745.49,right_only,,False
2017-03-16,,12983.99,right_only,,False
2017-03-19,,13092.4,right_only,,False
2017-03-20,,13023.49,right_only,,False
2017-03-21,,12905.37,right_only,,False
2017-03-22,,12879.06,right_only,,False
2017-03-23,,13032.06,right_only,,False
2017-03-26,,13108.22,right_only,,False
2017-03-27,,12969.64,right_only,,False
2017-03-28,,12982.66,right_only,,False
2017-03-29,,12987.65,right_only,,False
2017-03-30,,12994.8,right_only,,False
2017-04-02,,12912.27,right_only,,False
2017-04-03,,13061.07,right_only,,False
2017-04-04,,13264.75,right_only,,False
2017-04-05,,13289.99,right_only,,False
2017-04-06,,13098.54,right_only,,False
2017-04-09,,12895.12,right_only,,False
2017-04-10,,12848.56,right_only,,False
2017-04-11,,12995.71,right_only,,False
2017-04-12,,12984.36,right_only,,False
2017-04-13,,12967.38,right_only,,False
2017-04-18,,13027.14,right_only,,False
2017-04-19,,12895.3,right_only,,False
2017-04-20,,12905.85,right_only,,False
2017-04-23,,12544.92,right_only,,False
2017-04-24,,12583.13,right_only,,False
2017-04-26,,12671.29,right_only,,False
2017-04-27,,12525.69,right_only,,False
2017-04-30,,12433.6,right_only,,False
2017-05-02,,12530.32,right_only,,False
2017-05-03,,12603.56,right_only,,False
2017-05-04,,12709.93,right_only,,False
2017-05-07,,12692.15,right_only,,False
2017-05-08,,12827.93,right_only,,False
2017-05-09,,12933.68,right_only,,False
2017-05-10,,12993.4,right_only,,False
2017-05-11,,12906.98,right_only,,False
2017-05-14,,12870.91,right_only,,False
2017-05-15,,12866.06,right_only,,False
2017-05-16,,12936.59,right_only,,False
2017-05-17,,13064.02,right_only,,False
2017-05-18,,12952.38,right_only,,False
2017-05-21,,12974.75,right_only,,False
2017-05-22,,12648.24,right_only,,False
2017-05-23,,12791.83,right_only,,False
2017-05-24,,12884.44,right_only,,False
2017-05-25,,13094.42,right_only,,False
2017-05-28,,13205.11,right_only,,False
2017-05-29,,13207.94,right_only,,False
2017-05-30,,13239.16,right_only,,False
2017-05-31,,13339.63,right_only,,False
2017-06-01,,13467.29,right_only,,False
2017-06-04,,13495.32,right_only,,False
2017-06-05,,13520.13,right_only,,False
2017-06-06,,13626.8,right_only,,False
2017-06-07,,13632.98,right_only,,False
2017-06-08,,13683.66,right_only,,False
2017-06-11,,13616.04,right_only,,False
2017-06-12,,13491.89,right_only,,False
2017-06-13,,13531.34,right_only,,False
2017-06-14,,13502.12,right_only,,False
2017-06-15,,13478.75,right_only,,False
2017-06-18,,13496.47,right_only,,False
2017-06-19,,13508.39,right_only,,False
2017-06-20,,13415.55,right_only,,False
2017-06-21,,13376.44,right_only,,False
2017-06-22,,13417.14,right_only,,False
2017-06-28,,13395.81,right_only,,False
2017-07-02,,13487.36,right_only,,False
2017-07-03,,13431.06,right_only,,False
2017-07-04,,13334.78,right_only,,False
2017-07-05,,13334.86,right_only,,False
2017-07-06,,13369.88,right_only,,False
2017-07-09,,13342.09,right_only,,False
2017-07-10,,13483.04,right_only,,False
2017-07-11,,13684.27,right_only,,False
2017-07-12,,13690.29,right_only,,False
2017-07-13,,13822.59,right_only,,False
2017-07-16,,13815.77,right_only,,False
2017-07-17,,13956.32,right_only,,False
2017-07-18,,13717.53,right_only,,False
2017-07-19,,13707.13,right_only,,False
2017-07-20,,13715.06,right_only,,False
2017-07-24,,13752.98,right_only,,False
2017-07-25,,13740.72,right_only,,False
2017-07-26,,13797.25,right_only,,False
2017-07-27,,13609.22,right_only,,False
2017-07-30,,13480.1,right_only,,False
2017-07-31,,13419.38,right_only,,False
2017-08-01,,13396.22,right_only,,False
2017-08-02,,13405.2,right_only,,False
2017-08-03,,13413.12,right_only,,False
2017-08-06,,13558.46,right_only,,False
2017-08-07,,13660.8,right_only,,False
2017-08-08,,13637.69,right_only,,False
2017-08-09,,13580.76,right_only,,False
2017-08-10,,13462.38,right_only,,False
2017-08-13,,13279.61,right_only,,False
2017-08-14,,13135.1,right_only,,False
2017-08-15,,13102.39,right_only,,False
2017-08-16,,13149.19,right_only,,False
2017-08-17,,13119.44,right_only,,False
2017-08-20,,13026.29,right_only,,False
2017-08-21,,13106.12,right_only,,False
2017-08-22,,13114.87,right_only,,False
2017-08-23,,12996.2,right_only,,False
2017-08-24,,12926.4,right_only,,False
2017-08-27,,12913.25,right_only,,False
2017-08-28,,13013.73,right_only,,False
2017-08-29,,13195.34,right_only,,False
2017-08-30,,13415.77,right_only,,False
2017-09-05,,13415.05,right_only,,False
2017-09-06,,13317.89,right_only,,False
2017-09-07,,13432.69,right_only,,False
2017-09-10,,13457.14,right_only,,False
2017-09-11,,13533.24,right_only,,False
2017-09-12,,13474.88,right_only,,False
2017-09-13,,13442.55,right_only,,False
2017-09-14,,13610.61,right_only,,False
2017-09-17,,13612.51,right_only,,False
2017-09-18,,13592.71,right_only,,False
2017-09-19,,13730.0,right_only,,False
2017-09-20,,13695.33,right_only,,False
2017-09-24,,13607.19,right_only,,False
2017-09-25,,13674.42,right_only,,False
2017-09-26,,13704.13,right_only,,False
2017-09-27,,13740.82,right_only,,False
2017-09-28,,13888.51,right_only,,False
2017-10-01,,13976.78,right_only,,False
2017-10-02,,14000.43,right_only,,False
2017-10-03,,13930.73,right_only,,False
2017-10-04,,13881.97,right_only,,False
2017-10-08,,13997.69,right_only,,False
2017-10-09,,13968.53,right_only,,False
2017-10-10,,13824.08,right_only,,False
2017-10-11,,13816.05,right_only,,False
2017-10-12,,13891.71,right_only,,False
2017-10-15,,13905.79,right_only,,False
2017-10-16,,13525.25,right_only,,False
2017-10-17,,13525.48,right_only,,False
2017-10-18,,13590.15,right_only,,False
2017-10-19,,13713.62,right_only,,False
2017-10-22,,13706.06,right_only,,False
2017-10-23,,13870.34,right_only,,False
2017-10-24,,13928.38,right_only,,False
2017-10-25,,13901.38,right_only,,False
2017-10-26,,13955.47,right_only,,False
2017-10-29,,14024.41,right_only,,False
2017-10-30,,14197.21,right_only,,False
2017-10-31,,14342.38,right_only,,False
2017-11-01,,14277.29,right_only,,False
2017-11-02,,14319.34,right_only,,False
2017-11-05,,14183.77,right_only,,False
2017-11-06,,14072.92,right_only,,False
2017-11-07,,14057.56,right_only,,False
2017-11-08,,14204.95,right_only,,False
2017-11-09,,14350.14,right_only,,False
2017-11-12,,14270.55,right_only,,False
2017-11-13,,14123.31,right_only,,False
2017-11-14,,14132.96,right_only,,False
2017-11-15,,14025.11,right_only,,False
2017-11-16,,13847.36,right_only,,False
2017-11-19,,13742.11,right_only,,False
2017-11-20,,13680.5,right_only,,False
2017-11-21,,13725.45,right_only,,False
2017-11-22,,13839.37,right_only,,False
2017-11-23,,14106.17,right_only,,False
2017-11-26,,14222.7,right_only,,False
2017-11-27,,14219.99,right_only,,False
2017-11-28,,14537.03,right_only,,False
2017-11-29,,14582.22,right_only,,False
2017-12-03,,14713.63,right_only,,False
2017-12-04,,14572.17,right_only,,False
2017-12-05,,14460.96,right_only,,False
2017-12-06,,14345.58,right_only,,False
2017-12-07,,14294.73,right_only,,False
2017-12-10,,14414.25,right_only,,False
2017-12-11,,14426.75,right_only,,False
2017-12-12,,14590.2,right_only,,False
2017-12-13,,14651.42,right_only,,False
2017-12-14,,14679.91,right_only,,False
2017-12-17,,14716.66,right_only,,False
2017-12-18,,14721.45,right_only,,False
2017-12-19,,14678.41,right_only,,False
2017-12-20,,14682.14,right_only,,False
2017-12-21,,14668.59,right_only,,False
2017-12-24,,14790.78,right_only,,False
2017-12-25,,14843.33,right_only,,False
2017-12-26,,14922.85,right_only,,False
2017-12-27,,14904.82,right_only,,False
2017-12-28,,15016.97,right_only,,False
2017-12-31,,15019.14,right_only,,False
2018-01-02,,15023.76,right_only,,False
2018-01-03,,14833.73,right_only,,False
2018-01-04,,14782.38,right_only,,False
2018-01-08,,14953.17,right_only,,False
2018-01-09,,15159.37,right_only,,False
2018-01-10,,15192.55,right_only,,False
2018-01-11,,15242.48,right_only,,False
2018-01-14,,15254.85,right_only,,False
2018-01-15,,15127.76,right_only,,False
2018-01-16,,15089.37,right_only,,False
2018-01-17,,15198.54,right_only,,False
2018-01-18,,15411.0,right_only,,False
2018-01-21,,15339.91,right_only,,False
2018-01-22,,15243.23,right_only,,False
2018-01-23,,15197.08,right_only,,False
2018-01-24,,15170.73,right_only,,False
2018-01-28,,15311.15,right_only,,False
2018-01-29,,15369.13,right_only,,False
2018-01-30,,15315.66,right_only,,False
2018-01-31,,15042.37,right_only,,False
2018-02-01,,15088.66,right_only,,False
2018-02-04,,14874.84,right_only,,False
2018-02-05,,14962.14,right_only,,False
2018-02-06,,14717.98,right_only,,False
2018-02-07,,15037.05,right_only,,False
2018-02-08,,14921.29,right_only,,False
2018-02-11,,14828.36,right_only,,False
2018-02-12,,14890.71,right_only,,False
2018-02-13,,14729.75,right_only,,False
2018-02-14,,14805.95,right_only,,False
2018-02-15,,14965.93,right_only,,False
2018-02-18,,15045.56,right_only,,False
2018-02-19,,15158.12,right_only,,False
2018-02-20,,15219.26,right_only,,False
2018-02-21,,15244.49,right_only,,False
2018-02-22,,15318.92,right_only,,False
2018-02-25,,15467.77,right_only,,False
2018-02-26,,15454.0,right_only,,False
2018-02-27,,15522.88,right_only,,False
2018-02-28,,15472.69,right_only,,False
2018-03-01,,15443.18,right_only,,False
2018-03-04,,15519.55,right_only,,False
2018-03-05,,15709.01,right_only,,False
2018-03-06,,16022.26,right_only,,False
2018-03-07,,16384.07,right_only,,False
2018-03-08,,16472.28,right_only,,False
2018-03-11,,16391.48,right_only,,False
2018-03-12,,16742.15,right_only,,False
2018-03-13,,16989.06,right_only,,False
2018-03-14,,16881.72,right_only,,False
2018-03-15,,16999.1,right_only,,False
2018-03-18,,17271.03,right_only,,False
2018-03-19,,17172.13,right_only,,False
2018-03-20,,17113.9,right_only,,False
2018-03-21,,17147.12,right_only,,False
2018-03-22,,17064.58,right_only,,False
2018-03-25,,16984.69,right_only,,False
2018-03-26,,17104.34,right_only,,False
2018-03-27,,17270.43,right_only,,False
2018-03-28,,17305.51,right_only,,False
2018-03-29,,17450.15,right_only,,False
2018-04-01,,17595.88,right_only,,False
2018-04-02,,17684.66,right_only,,False
2018-04-03,,17492.71,right_only,,False
2018-04-04,,17509.65,right_only,,False
2018-04-05,,17410.59,right_only,,False
2018-04-10,,17697.32,right_only,,False
2018-04-11,,17943.96,right_only,,False
2018-04-12,,17615.69,right_only,,False
2018-04-15,,17588.86,right_only,,False
2018-04-16,,17620.28,right_only,,False
2018-04-17,,17802.48,right_only,,False
2018-04-18,,17705.87,right_only,,False
2018-04-19,,17781.02,right_only,,False
2018-04-22,,17898.09,right_only,,False
2018-04-23,,18080.7,right_only,,False
2018-04-24,,18121.96,right_only,,False
2018-04-26,,18363.29,right_only,,False
2018-04-29,,18304.46,right_only,,False
2018-04-30,,18295.57,right_only,,False
2018-05-02,,18173.16,right_only,,False
2018-05-03,,17832.86,right_only,,False
2018-05-06,,17610.87,right_only,,False
2018-05-07,,17523.15,right_only,,False
2018-05-08,,17814.45,right_only,,False
2018-05-09,,17460.3,right_only,,False
2018-05-10,,17155.14,right_only,,False
2018-05-13,,17184.02,right_only,,False
2018-05-14,,16984.07,right_only,,False
2018-05-15,,16985.78,right_only,,False
2018-05-16,,16993.21,right_only,,False
2018-05-17,,16877.66,right_only,,False
2018-05-20,,16782.07,right_only,,False
2018-05-21,,16780.91,right_only,,False
2018-05-22,,16657.66,right_only,,False
2018-05-23,,16662.55,right_only,,False
2018-05-24,,16633.97,right_only,,False
2018-05-27,,16648.47,right_only,,False
2018-05-28,,16791.09,right_only,,False
2018-05-29,,17005.86,right_only,,False
2018-05-30,,16760.24,right_only,,False
2018-05-31,,16414.53,right_only,,False
2018-06-03,,16675.31,right_only,,False
2018-06-04,,16404.33,right_only,,False
2018-06-05,,16022.11,right_only,,False
2018-06-06,,15908.91,right_only,,False
2018-06-07,,15923.66,right_only,,False
2018-06-10,,16142.72,right_only,,False
2018-06-11,,15921.25,right_only,,False
2018-06-12,,15938.11,right_only,,False
2018-06-13,,16178.28,right_only,,False
2018-06-14,,16220.93,right_only,,False
2018-06-19,,16067.77,right_only,,False
2018-06-20,,16143.48,right_only,,False
2018-06-21,,16345.77,right_only,,False
2018-06-24,,16395.02,right_only,,False
2018-06-25,,16457.51,right_only,,False
2018-06-26,,16197.44,right_only,,False
2018-06-27,,16176.41,right_only,,False
2018-06-28,,16348.55,right_only,,False
2018-07-02,,16362.59,right_only,,False
2018-07-03,,16421.32,right_only,,False
2018-07-04,,16309.65,right_only,,False
2018-07-05,,16125.34,right_only,,False
2018-07-08,,15839.84,right_only,,False
2018-07-09,,15785.93,right_only,,False
2018-07-10,,15921.03,right_only,,False
2018-07-11,,15952.42,right_only,,False
2018-07-12,,15879.81,right_only,,False
2018-07-15,,15842.46,right_only,,False
2018-07-16,,15655.89,right_only,,False
2018-07-17,,15420.72,right_only,,False
2018-07-18,,15578.73,right_only,,False
2018-07-19,,15416.31,right_only,,False
2018-07-22,,15303.79,right_only,,False
2018-07-24,,15480.37,right_only,,False
2018-07-25,,15186.36,right_only,,False
2018-07-26,,15199.29,right_only,,False
2018-07-29,,15378.11,right_only,,False
2018-07-30,,15297.02,right_only,,False
2018-07-31,,15580.19,right_only,,False
2018-08-01,,15670.18,right_only,,False
2018-08-02,,15806.38,right_only,,False
2018-08-05,,15737.05,right_only,,False
2018-08-06,,15645.56,right_only,,False
2018-08-07,,15761.55,right_only,,False
2018-08-08,,15862.86,right_only,,False
2018-08-09,,15924.06,right_only,,False
2018-08-12,,15738.34,right_only,,False
2018-08-13,,15521.52,right_only,,False
2018-08-14,,15356.81,right_only,,False
2018-08-15,,15357.44,right_only,,False
2018-08-16,,15295.97,right_only,,False
2018-08-19,,15273.39,right_only,,False
2018-08-26,,15239.03,right_only,,False
2018-08-27,,15236.64,right_only,,False
2018-08-28,,15606.18,right_only,,False
2018-08-29,,15835.73,right_only,,False
2018-08-30,,16009.41,right_only,,False
2018-09-02,,15852.36,right_only,,False
2018-09-03,,15821.92,right_only,,False
2018-09-04,,15922.96,right_only,,False
2018-09-05,,15750.94,right_only,,False
2018-09-06,,15803.17,right_only,,False
2018-09-09,,15740.06,right_only,,False
2018-09-10,,15628.43,right_only,,False
2018-09-12,,15488.49,right_only,,False
2018-09-13,,15308.62,right_only,,False
2018-09-16,,14755.63,right_only,,False
2018-09-17,,14650.97,right_only,,False
2018-09-18,,14653.91,right_only,,False
2018-09-19,,14098.56,right_only,,False
2018-09-20,,14083.48,right_only,,False
2018-09-23,,14261.25,right_only,,False
2018-09-24,,14200.68,right_only,,False
2018-09-25,,14358.64,right_only,,False
2018-09-26,,14612.18,right_only,,False
2018-09-27,,14632.4,right_only,,False
2018-09-30,,14616.47,right_only,,False
2018-10-01,,14446.72,right_only,,False
2018-10-02,,14381.55,right_only,,False
2018-10-03,,14313.17,right_only,,False
2018-10-04,,14104.9,right_only,,False
2018-10-08,,13604.01,right_only,,False
2018-10-09,,13588.74,right_only,,False
2018-10-10,,13621.23,right_only,,False
2018-10-11,,13283.31,right_only,,False
2018-10-14,,13537.47,right_only,,False
2018-10-15,,13521.46,right_only,,False
2018-10-16,,13689.39,right_only,,False
2018-10-17,,13815.6,right_only,,False
2018-10-18,,13644.16,right_only,,False
2018-10-21,,13524.67,right_only,,False
2018-10-22,,13646.26,right_only,,False
2018-10-23,,13579.6,right_only,,False
2018-10-24,,13246.39,right_only,,False
2018-10-25,,13023.73,right_only,,False
2018-10-28,,12980.96,right_only,,False
2018-10-29,,13074.47,right_only,,False
2018-10-30,,13154.56,right_only,,False
2018-10-31,,13250.29,right_only,,False
2018-11-01,,13202.32,right_only,,False
2018-11-04,,13170.28,right_only,,False
2018-11-05,,13234.62,right_only,,False
2018-11-06,,13436.11,right_only,,False
2018-11-07,,13615.85,right_only,,False
2018-11-08,,13732.68,right_only,,False
2018-11-11,,13570.89,right_only,,False
2018-11-12,,13678.36,right_only,,False
2018-11-13,,13543.64,right_only,,False
2018-11-14,,13487.2,right_only,,False
2018-11-15,,13681.67,right_only,,False
2018-11-18,,13968.8,right_only,,False
2018-11-19,,13906.31,right_only,,False
2018-11-21,,13731.12,right_only,,False
2018-11-22,,13675.37,right_only,,False
2018-11-25,,13153.55,right_only,,False
2018-11-26,,13049.12,right_only,,False
2018-11-27,,13213.95,right_only,,False
2018-11-28,,13309.49,right_only,,False
2018-11-29,,13319.5,right_only,,False
2018-12-02,,13150.08,right_only,,False
2018-12-03,,12934.44,right_only,,False
2018-12-04,,12624.74,right_only,,False
2018-12-05,,12586.74,right_only,,False
2018-12-06,,12387.58,right_only,,False
2018-12-09,,12140.0,right_only,,False
2018-12-10,,12476.18,right_only,,False
2018-12-11,,12664.41,right_only,,False
2018-12-12,,12856.83,right_only,,False
2018-12-13,,12996.89,right_only,,False
2018-12-16,,12992.06,right_only,,False
2018-12-17,,13215.4,right_only,,False
2018-12-18,,13121.11,right_only,,False
2018-12-19,,13078.2,right_only,,False
2018-12-20,,13137.58,right_only,,False
2018-12-23,,12947.35,right_only,,False
2018-12-24,,12784.44,right_only,,False
2018-12-25,,12670.63,right_only,,False
2018-12-26,,12840.16,right_only,,False
2018-12-27,,12984.21,right_only,,False
2018-12-30,,12944.52,right_only,,False
2018-12-31,,13035.77,right_only,,False
2019-01-02,,13204.37,right_only,,False
2019-01-03,,13264.7,right_only,,False
2019-01-06,,13343.08,right_only,,False
2019-01-08,,13402.7,right_only,,False
2019-01-09,,13365.58,right_only,,False
2019-01-10,,13367.44,right_only,,False
2019-01-13,,13525.83,right_only,,False
2019-01-14,,13335.75,right_only,,False
2019-01-15,,13447.12,right_only,,False
2019-01-16,,13510.27,right_only,,False
2019-01-17,,13482.99,right_only,,False
2019-01-20,,13444.21,right_only,,False
2019-01-21,,13574.99,right_only,,False
2019-01-22,,13474.55,right_only,,False
2019-01-23,,13506.65,right_only,,False
2019-01-27,,13817.1,right_only,,False
2019-01-28,,13911.34,right_only,,False
2019-01-29,,13976.52,right_only,,False
2019-01-30,,14093.4,right_only,,False
2019-01-31,,14126.68,right_only,,False
2019-02-03,,14243.81,right_only,,False
2019-02-04,,14366.06,right_only,,False
2019-02-05,,14733.11,right_only,,False
2019-02-06,,14766.59,right_only,,False
2019-02-07,,14753.68,right_only,,False
2019-02-10,,14763.94,right_only,,False
2019-02-11,,14784.82,right_only,,False
2019-02-12,,14927.64,right_only,,False
2019-02-13,,14949.07,right_only,,False
2019-02-14,,14984.46,right_only,,False
2019-02-17,,15198.89,right_only,,False
2019-02-18,,15227.24,right_only,,False
2019-02-19,,15155.84,right_only,,False
2019-02-20,,15213.54,right_only,,False
2019-02-21,,15146.71,right_only,,False
2019-02-24,,14955.58,right_only,,False
2019-02-25,,14946.35,right_only,,False
2019-02-26,,14886.85,right_only,,False
2019-02-27,,14772.34,right_only,,False
2019-02-28,,14803.97,right_only,,False
2019-03-03,,14819.6,right_only,,False
2019-03-04,,14815.18,right_only,,False
2019-03-05,,14728.38,right_only,,False
2019-03-06,,14643.09,right_only,,False
2019-03-07,,14904.03,right_only,,False
2019-03-10,,14980.62,right_only,,False
2019-03-11,,15098.12,right_only,,False
2019-03-12,,15139.86,right_only,,False
2019-03-13,,15125.84,right_only,,False
2019-03-14,,14991.34,right_only,,False
2019-03-17,,15033.48,right_only,,False
2019-03-18,,14910.78,right_only,,False
2019-03-19,,14645.53,right_only,,False
2019-03-20,,14724.4,right_only,,False
2019-03-21,,14782.81,right_only,,False
2019-03-24,,14840.9,right_only,,False
2019-03-25,,14670.8,right_only,,False
2019-03-26,,14637.4,right_only,,False
2019-03-27,,14554.66,right_only,,False
2019-03-28,,14665.81,right_only,,False
2019-03-31,,14737.88,right_only,,False
2019-04-01,,14954.14,right_only,,False
2019-04-02,,15166.46,right_only,,False
2019-04-03,,15197.84,right_only,,False
2019-04-04,,15247.81,right_only,,False
2019-04-07,,15135.47,right_only,,False
2019-04-08,,15111.09,right_only,,False
2019-04-09,,15088.55,right_only,,False
2019-04-10,,15106.54,right_only,,False
2019-04-11,,15105.96,right_only,,False
2019-04-14,,15068.96,right_only,,False
2019-04-15,,15055.42,right_only,,False
2019-04-16,,14973.01,right_only,,False
2019-04-17,,14864.01,right_only,,False
2019-04-18,,14876.37,right_only,,False
2019-04-21,,14838.63,right_only,,False
2019-04-22,,14801.26,right_only,,False
2019-04-23,,14645.78,right_only,,False
2019-04-24,,14770.27,right_only,,False
2019-04-30,,14920.15,right_only,,False
2019-05-02,,14880.39,right_only,,False
2019-05-05,,14511.54,right_only,,False
2019-05-06,,14204.59,right_only,,False
2019-05-07,,14389.91,right_only,,False
2019-05-08,,14026.81,right_only,,False
2019-05-09,,14060.0,right_only,,False
2019-05-12,,14122.1,right_only,,False
2019-05-13,,13905.73,right_only,,False
2019-05-14,,14024.15,right_only,,False
2019-05-15,,13809.46,right_only,,False
2019-05-16,,13659.73,right_only,,False
2019-05-19,,13520.82,right_only,,False
2019-05-20,,13379.46,right_only,,False
2019-05-21,,13614.21,right_only,,False
2019-05-22,,13664.23,right_only,,False
2019-05-23,,13776.85,right_only,,False
2019-05-26,,13981.88,right_only,,False
2019-05-27,,13960.47,right_only,,False
2019-05-28,,14028.0,right_only,,False
2019-05-29,,13974.13,right_only,,False
2019-05-30,,13771.31,right_only,,False
2019-06-02,,13690.72,right_only,,False
2019-06-03,,13787.8,right_only,,False
2019-06-09,,13911.66,right_only,,False
2019-06-10,,14148.88,right_only,,False
2019-06-11,,14206.18,right_only,,False
2019-06-12,,14158.11,right_only,,False
2019-06-13,,14180.53,right_only,,False
2019-06-16,,14210.09,right_only,,False
2019-06-17,,14241.21,right_only,,False
2019-06-18,,14202.86,right_only,,False
2019-06-19,,14132.18,right_only,,False
2019-06-20,,14043.42,right_only,,False
2019-06-23,,14017.34,right_only,,False
2019-06-24,,13867.47,right_only,,False
2019-06-25,,13831.23,right_only,,False
2019-06-26,,14006.99,right_only,,False
2019-06-27,,14100.74,right_only,,False
2019-07-02,,14136.58,right_only,,False
2019-07-03,,14137.22,right_only,,False
2019-07-04,,13997.4,right_only,,False
2019-07-07,,14013.04,right_only,,False
2019-07-08,,14043.33,right_only,,False
2019-07-09,,14097.43,right_only,,False
2019-07-10,,14013.26,right_only,,False
2019-07-11,,13813.56,right_only,,False
2019-07-14,,13672.13,right_only,,False
2019-07-15,,13627.89,right_only,,False
2019-07-16,,13721.82,right_only,,False
2019-07-17,,13641.94,right_only,,False
2019-07-18,,13670.27,right_only,,False
2019-07-21,,13576.26,right_only,,False
2019-07-22,,13684.57,right_only,,False
2019-07-24,,13617.89,right_only,,False
2019-07-25,,13510.06,right_only,,False
2019-07-28,,13460.0,right_only,,False
2019-07-29,,13421.91,right_only,,False
2019-07-30,,13364.63,right_only,,False
2019-07-31,,13392.47,right_only,,False
2019-08-01,,13525.93,right_only,,False
2019-08-04,,13616.26,right_only,,False
2019-08-05,,13598.66,right_only,,False
2019-08-06,,13655.91,right_only,,False
2019-08-07,,13880.57,right_only,,False
2019-08-08,,14180.44,right_only,,False
2019-08-14,,14540.56,right_only,,False
2019-08-15,,14295.13,right_only,,False
2019-08-18,,14399.7,right_only,,False
2019-08-19,,14304.37,right_only,,False
2019-08-20,,14428.08,right_only,,False
2019-08-21,,14357.18,right_only,,False
2019-08-22,,14333.16,right_only,,False
2019-08-25,,14340.51,right_only,,False
2019-08-26,,14291.03,right_only,,False
2019-08-27,,14283.5,right_only,,False
2019-08-28,,14595.51,right_only,,False
2019-08-29,,14835.36,right_only,,False
2019-09-01,,14931.66,right_only,,False
2019-09-02,,15110.23,right_only,,False
2019-09-03,,14999.58,right_only,,False
2019-09-04,,14841.38,right_only,,False
2019-09-05,,14933.18,right_only,,False
2019-09-08,,14931.11,right_only,,False
2019-09-09,,14887.78,right_only,,False
2019-09-10,,14956.36,right_only,,False
2019-09-11,,15014.82,right_only,,False
2019-09-12,,15110.37,right_only,,False
2019-09-15,,15023.23,right_only,,False
2019-09-16,,14970.24,right_only,,False
2019-09-17,,14752.45,right_only,,False
2019-09-18,,14745.1,right_only,,False
2019-09-19,,14742.07,right_only,,False
2019-09-22,,13958.11,right_only,,False
2019-09-23,,13753.19,right_only,,False
2019-09-24,,13170.2,right_only,,False
2019-09-25,,13594.61,right_only,,False
2019-09-26,,13857.12,right_only,,False
2019-09-29,,14315.79,right_only,,False
2019-09-30,,14257.75,right_only,,False
2019-10-01,,14496.84,right_only,,False
2019-10-02,,14381.15,right_only,,False
2019-10-03,,14217.81,right_only,,False
2019-10-07,,14431.72,right_only,,False
2019-10-08,,14348.57,right_only,,False
2019-10-09,,14182.7,right_only,,False
2019-10-10,,14302.27,right_only,,False
2019-10-13,,14220.47,right_only,,False
2019-10-14,,14180.76,right_only,,False
2019-10-15,,14060.82,right_only,,False
2019-10-16,,14209.23,right_only,,False
2019-10-17,,14205.86,right_only,,False
2019-10-20,,14239.45,right_only,,False
2019-10-21,,14178.51,right_only,,False
2019-10-22,,14201.32,right_only,,False
2019-10-23,,14126.51,right_only,,False
2019-10-24,,14206.67,right_only,,False
2019-10-27,,14237.39,right_only,,False
2019-10-28,,14301.09,right_only,,False
2019-10-29,,14465.47,right_only,,False
2019-10-30,,14477.79,right_only,,False
2019-10-31,,14558.02,right_only,,False
2019-11-03,,14622.75,right_only,,False
2019-11-04,,14625.78,right_only,,False
2019-11-05,,14789.61,right_only,,False
2019-11-06,,14709.79,right_only,,False
2019-11-07,,14795.87,right_only,,False
2019-11-11,,14769.95,right_only,,False
2019-11-12,,14669.98,right_only,,False
2019-11-13,,14607.69,right_only,,False
2019-11-14,,14545.54,right_only,,False
2019-11-17,,14556.32,right_only,,False
2019-11-18,,14378.59,right_only,,False
2019-11-19,,14313.46,right_only,,False
2019-11-20,,14224.38,right_only,,False
2019-11-21,,14094.58,right_only,,False
2019-11-24,,14050.16,right_only,,False
2019-11-25,,13974.14,right_only,,False
2019-11-26,,13781.96,right_only,,False
2019-11-27,,13759.7,right_only,,False
2019-11-28,,13849.46,right_only,,False
2019-12-01,,13780.63,right_only,,False
2019-12-02,,13537.8,right_only,,False
2019-12-03,,13469.6,right_only,,False
2019-12-04,,13635.52,right_only,,False
2019-12-05,,13622.13,right_only,,False
2019-12-08,,13493.69,right_only,,False
2019-12-09,,13442.52,right_only,,False
2019-12-10,,13509.02,right_only,,False
2019-12-11,,13427.22,right_only,,False
2019-12-12,,13358.47,right_only,,False
2019-12-15,,13433.54,right_only,,False
2019-12-16,,13404.42,right_only,,False
2019-12-17,,13627.19,right_only,,False
2019-12-18,,13793.99,right_only,,False
2019-12-19,,13837.19,right_only,,False
2019-12-22,,13892.65,right_only,,False
2019-12-23,,13902.43,right_only,,False
2019-12-24,,13805.43,right_only,,False
2019-12-25,,13747.68,right_only,,False
2019-12-26,,13884.95,right_only,,False
2019-12-29,,13812.98,right_only,,False
2019-12-30,,13937.26,right_only,,False
2019-12-31,,13961.56,right_only,,False
2020-01-02,,13899.54,right_only,,False
2020-01-05,,13283.66,right_only,,False
2020-01-06,,13212.66,right_only,,False
2020-01-08,,13542.48,right_only,,False
2020-01-09,,13729.81,right_only,,False
2020-01-12,,13802.57,right_only,,False
2020-01-13,,13698.64,right_only,,False
2020-01-14,,13756.64,right_only,,False
2020-01-15,,13769.64,right_only,,False
2020-01-16,,13824.16,right_only,,False
2020-01-19,,13918.18,right_only,,False
2020-01-20,,13773.73,right_only,,False
2020-01-21,,13639.72,right_only,,False
2020-01-22,,13752.11,right_only,,False
2020-01-23,,13728.09,right_only,,False
2020-01-26,,13721.45,right_only,,False
2020-01-27,,13639.69,right_only,,False
2020-01-28,,13620.58,right_only,,False
2020-01-29,,13762.84,right_only,,False
2020-01-30,,13918.84,right_only,,False
2020-02-02,,13888.89,right_only,,False
2020-02-03,,13878.33,right_only,,False
2020-02-04,,13915.05,right_only,,False
2020-02-05,,13987.16,right_only,,False
2020-02-06,,14105.86,right_only,,False
2020-02-09,,14108.24,right_only,,False
2020-02-10,,13979.36,right_only,,False
2020-02-11,,14009.32,right_only,,False
2020-02-12,,13845.16,right_only,,False
2020-02-13,,13859.45,right_only,,False
2020-02-16,,13737.4,right_only,,False
2020-02-17,,13800.25,right_only,,False
2020-02-18,,13636.93,right_only,,False
2020-02-19,,13694.99,right_only,,False
2020-02-20,,13720.65,right_only,,False
2020-02-23,,13688.05,right_only,,False
2020-02-24,,13441.86,right_only,,False
2020-02-25,,13328.26,right_only,,False
2020-02-26,,13200.66,right_only,,False
2020-02-27,,13008.94,right_only,,False
2020-03-01,,12222.59,right_only,,False
2020-03-02,,12289.87,right_only,,False
2020-03-03,,12419.52,right_only,,False
2020-03-04,,12182.46,right_only,,False
2020-03-05,,12347.65,right_only,,False
2020-03-08,,11849.39,right_only,,False
2020-03-09,,10983.48,right_only,,False
2020-03-10,,11199.96,right_only,,False
2020-03-11,,11194.12,right_only,,False
2020-03-15,,10148.34,right_only,,False
2020-03-16,,9428.94,right_only,,False
2020-03-17,,9201.65,right_only,,False
2020-03-18,,8756.7,right_only,,False
2020-03-19,,9205.58,right_only,,False
2020-03-22,,9750.66,right_only,,False
2020-03-23,,10047.44,right_only,,False
2020-03-24,,9770.48,right_only,,False
2020-03-25,,9865.67,right_only,,False
2020-03-26,,9912.98,right_only,,False
2020-03-29,,9760.18,right_only,,False
2020-03-30,,9521.43,right_only,,False
2020-03-31,,9593.94,right_only,,False
2020-04-01,,9424.89,right_only,,False
2020-04-02,,9455.38,right_only,,False
2020-04-05,,9272.88,right_only,,False
2020-04-06,,9446.99,right_only,,False
2020-04-07,,9840.62,right_only,,False
2020-04-08,,10095.57,right_only,,False
2020-04-09,,10321.97,right_only,,False
2020-04-12,,10237.47,right_only,,False
2020-04-13,,10353.72,right_only,,False
2020-04-14,,10458.16,right_only,,False
2020-04-15,,10342.13,right_only,,False
2020-04-16,,10154.64,right_only,,False
2020-04-21,,9874.94,right_only,,False
2020-04-22,,9801.33,right_only,,False
2020-04-23,,10120.46,right_only,,False
2020-04-26,,10377.24,right_only,,False
2020-04-27,,10376.0,right_only,,False
2020-04-28,,10415.12,right_only,,False
2020-04-29,,10545.26,right_only,,False
2020-04-30,,10554.04,right_only,,False
2020-05-03,,10199.85,right_only,,False
2020-05-04,,10081.96,right_only,,False
2020-05-05,,10188.31,right_only,,False
2020-05-06,,10293.95,right_only,,False
2020-05-07,,10176.73,right_only,,False
2020-05-10,,10257.75,right_only,,False
2020-05-11,,10296.33,right_only,,False
2020-05-12,,10588.36,right_only,,False
2020-05-13,,10396.28,right_only,,False
2020-05-14,,10287.21,right_only,,False
2020-05-17,,10357.44,right_only,,False
2020-05-18,,10278.93,right_only,,False
2020-05-19,,10357.24,right_only,,False
2020-05-20,,10205.4,right_only,,False
2020-05-21,,10109.91,right_only,,False
2020-05-31,,10220.14,right_only,,False
2020-06-01,,10227.38,right_only,,False
2020-06-02,,10338.71,right_only,,False
2020-06-03,,10424.1,right_only,,False
2020-06-04,,10621.14,right_only,,False
2020-06-07,,11108.62,right_only,,False
2020-06-08,,11146.53,right_only,,False
2020-06-09,,11063.04,right_only,,False
2020-06-10,,10933.58,right_only,,False
2020-06-11,,10831.92,right_only,,False
2020-06-14,,10731.17,right_only,,False
2020-06-15,,10668.42,right_only,,False
2020-06-16,,10935.32,right_only,,False
2020-06-17,,10905.75,right_only,,False
2020-06-18,,10857.87,right_only,,False
2020-06-21,,10823.91,right_only,,False
2020-06-22,,10742.36,right_only,,False
2020-06-23,,10764.82,right_only,,False
2020-06-24,,11039.54,right_only,,False
2020-06-25,,10890.48,right_only,,False
2020-06-28,,10848.65,right_only,,False
2020-06-29,,10750.1,right_only,,False
2020-06-30,,10764.59,right_only,,False
2020-07-05,,10959.35,right_only,,False
2020-07-06,,11087.64,right_only,,False
2020-07-07,,11050.2,right_only,,False
2020-07-08,,11127.85,right_only,,False
2020-07-09,,10957.02,right_only,,False
2020-07-12,,11071.96,right_only,,False
2020-07-13,,11007.85,right_only,,False
2020-07-14,,10873.53,right_only,,False
2020-07-15,,10617.42,right_only,,False
2020-07-16,,10441.2,right_only,,False
2020-07-19,,10281.16,right_only,,False
2020-07-20,,10380.45,right_only,,False
2020-07-21,,10558.35,right_only,,False
2020-07-22,,10459.92,right_only,,False
2020-07-26,,10524.45,right_only,,False
2020-07-27,,10575.47,right_only,,False
2020-07-28,,10568.84,right_only,,False
2020-07-29,,10599.46,right_only,,False
2020-08-04,,10620.1,right_only,,False
2020-08-05,,10704.33,right_only,,False
2020-08-06,,10817.29,right_only,,False
2020-08-09,,10962.52,right_only,,False
2020-08-10,,10938.23,right_only,,False
2020-08-11,,10919.47,right_only,,False
2020-08-12,,10922.33,right_only,,False
2020-08-13,,10944.18,right_only,,False
2020-08-16,,11120.26,right_only,,False
2020-08-17,,11142.77,right_only,,False
2020-08-18,,11077.11,right_only,,False
2020-08-19,,11160.05,right_only,,False
2020-08-23,,11391.08,right_only,,False
2020-08-24,,11433.76,right_only,,False
2020-08-25,,11461.62,right_only,,False
2020-08-26,,11453.78,right_only,,False
2020-08-27,,11462.45,right_only,,False
2020-08-30,,11434.81,right_only,,False
2020-08-31,,11365.99,right_only,,False
2020-09-01,,11233.94,right_only,,False
2020-09-02,,11214.22,right_only,,False
2020-09-03,,11180.81,right_only,,False
2020-09-06,,11073.02,right_only,,False
2020-09-07,,11136.03,right_only,,False
2020-09-08,,10951.29,right_only,,False
2020-09-09,,10929.89,right_only,,False
2020-09-10,,11070.84,right_only,,False
2020-09-13,,11091.67,right_only,,False
2020-09-14,,11034.38,right_only,,False
2020-09-15,,11028.06,right_only,,False
2020-09-16,,11088.2,right_only,,False
2020-09-17,,11050.89,right_only,,False
2020-09-20,,10969.32,right_only,,False
2020-09-21,,10910.37,right_only,,False
2020-09-22,,10963.01,right_only,,False
2020-09-23,,10979.44,right_only,,False
2020-09-24,,10911.44,right_only,,False
2020-09-27,,10902.22,right_only,,False
2020-09-28,,10969.94,right_only,,False
2020-09-29,,10987.19,right_only,,False
2020-09-30,,10989.27,right_only,,False
2020-10-01,,11051.3,right_only,,False
2020-10-04,,11071.46,right_only,,False
2020-10-05,,11007.69,right_only,,False
2020-10-06,,11146.18,right_only,,False
2020-10-07,,11326.98,right_only,,False
2020-10-11,,11360.37,right_only,,False
2020-10-12,,11397.65,right_only,,False
2020-10-13,,11291.81,right_only,,False
2020-10-14,,11333.91,right_only,,False
2020-10-15,,11322.71,right_only,,False
2020-10-18,,11185.15,right_only,,False
2020-10-19,,11171.36,right_only,,False
2020-10-20,,11157.62,right_only,,False
2020-10-21,,11101.63,right_only,,False
2020-10-22,,10987.43,right_only,,False
2020-10-25,,10602.98,right_only,,False
2020-10-26,,10511.94,right_only,,False
2020-10-27,,10559.71,right_only,,False
2020-10-28,,10515.25,right_only,,False
2020-11-01,,10456.33,right_only,,False
2020-11-02,,10429.34,right_only,,False
2020-11-03,,10512.16,right_only,,False
2020-11-04,,10556.89,right_only,,False
2020-11-05,,10629.29,right_only,,False
2020-11-08,,10680.27,right_only,,False
2020-11-09,,10838.66,right_only,,False
2020-11-10,,11077.25,right_only,,False
2020-11-11,,10997.65,right_only,,False
2020-11-12,,11017.28,right_only,,False
2020-11-15,,10953.13,right_only,,False
2020-11-16,,10991.61,right_only,,False
2020-11-17,,11063.98,right_only,,False
2020-11-18,,10989.72,right_only,,False
2020-11-19,,10898.67,right_only,,False
2020-11-22,,10858.26,right_only,,False
2020-11-23,,10885.11,right_only,,False
2020-11-24,,10997.35,right_only,,False
2020-11-25,,11068.44,right_only,,False
2020-11-26,,10980.96,right_only,,False
2020-11-29,,11009.27,right_only,,False
2020-11-30,,10943.35,right_only,,False
2020-12-01,,11040.78,right_only,,False
2020-12-02,,11023.34,right_only,,False
2020-12-03,,11015.01,right_only,,False
2020-12-06,,11024.84,right_only,,False
2020-12-07,,10995.13,right_only,,False
2020-12-08,,11019.08,right_only,,False
2020-12-09,,11018.09,right_only,,False
2020-12-10,,10987.39,right_only,,False
2020-12-13,,11003.77,right_only,,False
2020-12-14,,11047.97,right_only,,False
2020-12-15,,11057.62,right_only,,False
2020-12-16,,10983.03,right_only,,False
2020-12-17,,10844.58,right_only,,False
2020-12-20,,10890.3,right_only,,False
2020-12-21,,10581.76,right_only,,False
2020-12-22,,10655.91,right_only,,False
2020-12-23,,10677.51,right_only,,False
2020-12-24,,10683.86,right_only,,False
2020-12-27,,10585.56,right_only,,False
2020-12-28,,10658.55,right_only,,False
2020-12-29,,10736.88,right_only,,False
2020-12-30,,10867.76,right_only,,False
2020-12-31,,10845.26,right_only,,False
2021-01-03,,10845.03,right_only,,False
2021-01-04,,10813.78,right_only,,False
2021-01-05,,10829.96,right_only,,False
2021-01-06,,10952.14,right_only,,False
2021-01-10,,11213.48,right_only,,False
2021-01-11,,11278.72,right_only,,False
2021-01-12,,11339.75,right_only,,False
2021-01-13,,11388.9,right_only,,False
2021-01-14,,11453.43,right_only,,False
2021-01-17,,11446.53,right_only,,False
2021-01-18,,11450.54,right_only,,False
2021-01-19,,11485.8,right_only,,False
2021-01-20,,11598.9,right_only,,False
2021-01-21,,11654.58,right_only,,False
2021-01-24,,11525.25,right_only,,False
2021-01-25,,11509.63,right_only,,False
2021-01-26,,11527.34,right_only,,False
2021-01-27,,11578.84,right_only,,False
2021-01-31,,11546.15,right_only,,False
2021-02-01,,11589.34,right_only,,False
2021-02-02,,11637.55,right_only,,False
2021-02-03,,11619.14,right_only,,False
2021-02-04,,11598.85,right_only,,False
2021-02-07,,11602.78,right_only,,False
2021-02-08,,11523.06,right_only,,False
2021-02-09,,11447.73,right_only,,False
2021-02-10,,11545.03,right_only,,False
2021-02-11,,11546.32,right_only,,False
2021-02-14,,11506.72,right_only,,False
2021-02-15,,11526.77,right_only,,False
2021-02-16,,11534.05,right_only,,False
2021-02-17,,11413.17,right_only,,False
2021-02-18,,11380.55,right_only,,False
2021-02-21,,11425.85,right_only,,False
2021-02-22,,11549.97,right_only,,False
2021-02-23,,11416.74,right_only,,False
2021-02-24,,11435.43,right_only,,False
2021-02-25,,11617.91,right_only,,False
2021-02-28,,11525.02,right_only,,False
2021-03-01,,11521.38,right_only,,False
2021-03-02,,11471.39,right_only,,False
2021-03-03,,11393.25,right_only,,False
2021-03-04,,11333.86,right_only,,False
2021-03-07,,11557.85,right_only,,False
2021-03-08,,11459.51,right_only,,False
2021-03-09,,11337.46,right_only,,False
2021-03-10,,11235.6,right_only,,False
2021-03-11,,11261.35,right_only,,False
2021-03-14,,11289.57,right_only,,False
2021-03-15,,11222.33,right_only,,False
2021-03-16,,11190.8,right_only,,False
2021-03-17,,11068.37,right_only,,False
2021-03-18,,10918.4,right_only,,False
2021-03-21,,10802.29,right_only,,False
2021-03-22,,10537.22,right_only,,False
2021-03-23,,10471.36,right_only,,False
2021-03-24,,10702.18,right_only,,False
2021-03-25,,10870.46,right_only,,False
2021-03-28,,10867.69,right_only,,False
2021-03-29,,10738.42,right_only,,False
2021-03-30,,10739.69,right_only,,False
2021-03-31,,10568.37,right_only,,False
2021-04-01,,10564.88,right_only,,False
2021-04-04,,10417.15,right_only,,False
2021-04-05,,10256.92,right_only,,False
2021-04-06,,10263.22,right_only,,False
2021-04-07,,10227.67,right_only,,False
2021-04-08,,10303.55,right_only,,False
2021-04-11,,10393.13,right_only,,False
2021-04-12,,10450.09,right_only,,False
2021-04-13,,10305.81,right_only,,False
2021-04-14,,10115.51,right_only,,False
2021-04-15,,10143.21,right_only,,False
2021-04-18,,10358.26,right_only,,False
2021-04-19,,10441.0,right_only,,False
2021-04-20,,10620.05,right_only,,False
2021-04-21,,10642.49,right_only,,False
2021-04-22,,10600.07,right_only,,False
2021-04-25,,10604.28,right_only,,False
2021-04-26,,10525.84,right_only,,False
2021-04-27,,10591.42,right_only,,False
2021-04-28,,10475.26,right_only,,False
2021-05-04,,10465.59,right_only,,False
2021-05-05,,10512.84,right_only,,False
2021-05-06,,10588.09,right_only,,False
2021-05-09,,10643.63,right_only,,False
2021-05-10,,10686.03,right_only,,False
2021-05-11,,10767.84,right_only,,False
2021-05-17,,10674.67,right_only,,False
2021-05-18,,10780.9,right_only,,False
2021-05-19,,10806.23,right_only,,False
2021-05-20,,10731.96,right_only,,False
2021-05-23,,10812.06,right_only,,False
2021-05-24,,10760.95,right_only,,False
2021-05-25,,10531.83,right_only,,False
2021-05-26,,10369.57,right_only,,False
2021-05-27,,10242.3,right_only,,False
2021-05-30,,10301.58,right_only,,False
2021-05-31,,10309.06,right_only,,False
2021-06-01,,10240.21,right_only,,False
2021-06-02,,10120.95,right_only,,False
2021-06-03,,10054.81,right_only,,False
2021-06-06,,10122.44,right_only,,False
2021-06-07,,10105.04,right_only,,False
2021-06-08,,9963.91,right_only,,False
2021-06-09,,10042.18,right_only,,False
2021-06-10,,9977.9,right_only,,False
2021-06-13,,9887.19,right_only,,False
2021-06-14,,9933.35,right_only,,False
2021-06-15,,9891.18,right_only,,False
2021-06-16,,9880.49,right_only,,False
2021-06-17,,9865.59,right_only,,False
2021-06-20,,9797.91,right_only,,False
2021-06-21,,10061.58,right_only,,False
2021-06-22,,10206.24,right_only,,False
2021-06-23,,10272.72,right_only,,False
2021-06-24,,10278.86,right_only,,False
2021-06-27,,10305.02,right_only,,False
2021-06-28,,10273.92,right_only,,False
2021-06-29,,10123.06,right_only,,False
2021-06-30,,10256.62,right_only,,False
2021-07-04,,10345.66,right_only,,False
2021-07-05,,10348.29,right_only,,False
2021-07-06,,10154.79,right_only,,False
2021-07-07,,10277.25,right_only,,False
2021-07-08,,10184.8,right_only,,False
2021-07-11,,10153.47,right_only,,False
2021-07-12,,10233.7,right_only,,False
2021-07-13,,10431.99,right_only,,False
2021-07-14,,10602.41,right_only,,False
2021-07-15,,10561.28,right_only,,False
2021-07-18,,10646.85,right_only,,False
2021-07-25,,10745.69,right_only,,False
2021-07-26,,10697.32,right_only,,False
2021-07-27,,10763.26,right_only,,False
2021-07-28,,10769.22,right_only,,False
2021-07-29,,10742.23,right_only,,False
2021-08-01,,10810.21,right_only,,False
2021-08-02,,10821.88,right_only,,False
2021-08-03,,10726.33,right_only,,False
2021-08-04,,10718.89,right_only,,False
2021-08-05,,10723.18,right_only,,False
2021-08-08,,10738.67,right_only,,False
2021-08-09,,10800.39,right_only,,False
2021-08-10,,10853.83,right_only,,False
2021-08-11,,10884.5,right_only,,False
2021-08-15,,11029.56,right_only,,False
2021-08-16,,11046.15,right_only,,False
2021-08-17,,10937.69,right_only,,False
2021-08-18,,10907.96,right_only,,False
2021-08-19,,10808.7,right_only,,False
2021-08-22,,10690.79,right_only,,False
2021-08-23,,10884.29,right_only,,False
2021-08-24,,10950.24,right_only,,False
2021-08-25,,11064.43,right_only,,False
2021-08-26,,11125.55,right_only,,False
2021-08-29,,11113.74,right_only,,False
2021-08-30,,11163.23,right_only,,False
2021-08-31,,11143.8,right_only,,False
2021-09-01,,11283.7,right_only,,False
2021-09-02,,11301.36,right_only,,False
2021-09-05,,11095.89,right_only,,False
2021-09-06,,11064.17,right_only,,False
2021-09-07,,11089.8,right_only,,False
2021-09-08,,11135.48,right_only,,False
2021-09-09,,11056.27,right_only,,False
2021-09-12,,11036.93,right_only,,False
2021-09-13,,11140.22,right_only,,False
2021-09-14,,11187.82,right_only,,False
2021-09-15,,11149.36,right_only,,False
2021-09-16,,10996.76,right_only,,False
2021-09-19,,10889.65,right_only,,False
2021-09-20,,10710.56,right_only,,False
2021-09-21,,10498.52,right_only,,False
2021-09-22,,10596.06,right_only,,False
2021-09-23,,10642.02,right_only,,False
2021-09-26,,10649.76,right_only,,False
2021-09-27,,10496.0,right_only,,False
2021-09-28,,10446.78,right_only,,False
2021-09-29,,10391.14,right_only,,False
2021-09-30,,10517.03,right_only,,False
2021-10-03,,10366.44,right_only,,False
2021-10-04,,10427.44,right_only,,False
2021-10-05,,10432.63,right_only,,False
2021-10-06,,10536.39,right_only,,False
2021-10-10,,10662.96,right_only,,False
2021-10-11,,10714.78,right_only,,False
2021-10-12,,10783.92,right_only,,False
2021-10-13,,10881.4,right_only,,False
2021-10-14,,10995.59,right_only,,False
2021-10-17,,11155.57,right_only,,False
2021-10-18,,11276.17,right_only,,False
2021-10-19,,11195.05,right_only,,False
2021-10-20,71.05000305175781,11132.07,both,-11061.02,False
2021-10-24,71.05000305175781,11185.88,both,-11114.83,False
2021-10-25,71.05000305175781,11178.0,both,-11106.95,False
2021-10-26,71.05000305175781,11256.54,both,-11185.49,False
2021-10-27,71.05000305175781,11364.2,both,-11293.15,False
2021-10-28,71.05000305175781,11506.63,both,-11435.58,False
2021-10-31,71.05000305175781,11420.19,both,-11349.14,False
2021-11-01,71.05000305175781,11568.27,both,-11497.22,False
2021-11-02,71.05000305175781,11676.38,both,-11605.33,False
2021-11-03,71.05000305175781,11685.12,both,-11614.07,False
2021-11-04,71.05000305175781,11612.84,both,-11541.79,False
2021-11-07,71.05000305175781,11555.58,both,-11484.53,False
2021-11-08,71.05000305175781,11497.51,both,-11426.46,False
2021-11-09,71.05000305175781,11588.42,both,-11517.37,False
2021-11-10,71.05000305175781,11480.5,both,-11409.45,False
2021-11-11,71.05000305175781,11573.14,both,-11502.09,False
2021-11-14,71.05000305175781,11662.99,both,-11591.94,False
2021-11-15,71.05000305175781,11496.63,both,-11425.58,False
2021-11-16,71.05000305175781,11413.21,both,-11342.16,False
2021-11-17,71.05000305175781,11453.3,both,-11382.25,False
2021-11-18,71.05000305175781,11337.99,both,-11266.94,False
2021-11-21,71.05000305175781,11273.11,both,-11202.06,False
2021-11-22,71.05000305175781,11359.03,both,-11287.98,False
2021-11-23,71.05000305175781,11369.22,both,-11298.17,False
2021-11-24,71.05000305175781,11352.64,both,-11281.59,False
2021-11-25,71.05000305175781,11431.24,both,-11360.19,False
2021-11-28,71.05000305175781,11277.83,both,-11206.78,False
2021-11-29,71.05000305175781,11212.3,both,-11141.25,False
2021-11-30,71.05000305175781,11395.6,both,-11324.55,False
2021-12-01,71.05000305175781,11420.0,both,-11348.95,False
2021-12-02,71.05000305175781,11318.35,both,-11247.3,False
2021-12-05,71.05000305175781,11401.33,both,-11330.28,False
2021-12-06,71.05000305175781,11514.87,both,-11443.82,False
2021-12-07,71.05000305175781,11538.26,both,-11467.21,False
2021-12-08,71.05000305175781,11451.14,both,-11380.09,False
2021-12-09,71.05000305175781,11534.63,both,-11463.58,False
2021-12-12,71.05000305175781,11708.05,both,-11637.0,False
2021-12-13,71.05000305175781,11700.4,both,-11629.35,False
2021-12-14,71.05000305175781,11618.01,both,-11546.96,False
2021-12-15,71.05000305175781,11622.1,both,-11551.05,False
2021-12-16,71.05000305175781,11667.73,both,-11596.68,False
2021-12-19,71.05000305175781,11565.72,both,-11494.67,False
2021-12-20,71.05000305175781,11482.43,both,-11411.38,False
2021-12-21,71.05000305175781,11524.66,both,-11453.61,False
2021-12-22,71.05000305175781,11630.63,both,-11559.58,False
2021-12-23,71.05000305175781,11755.46,both,-11684.41,False
2021-12-26,71.05000305175781,11856.21,both,-11785.16,False
2021-12-27,71.05000305175781,11849.79,both,-11778.74,False
2021-12-28,71.05000305175781,11913.44,both,-11842.39,False
2021-12-29,71.05000305175781,11898.42,both,-11827.37,False
2021-12-30,71.05000305175781,11949.18,both,-11878.13,False
2022-01-02,71.05000305175781,11909.72,both,-11838.67,False
2022-01-03,71.05000305175781,11897.4,both,-11826.35,False
2022-01-04,71.05000305175781,11982.61,both,-11911.56,False
2022-01-05,71.05000305175781,12043.42,both,-11972.37,False
2022-01-09,71.05000305175781,11978.56,both,-11907.51,False
2022-01-10,71.05000305175781,12022.69,both,-11951.64,False
2022-01-11,71.05000305175781,12002.08,both,-11931.03,False
2022-01-12,71.05000305175781,12060.0,both,-11988.95,False
2022-01-13,71.05000305175781,12012.31,both,-11941.26,False
2022-01-16,71.05000305175781,11830.94,both,-11759.89,False
2022-01-17,71.05000305175781,11859.12,both,-11788.07,False
2022-01-18,71.05000305175781,11876.44,both,-11805.39,False
2022-01-19,71.05000305175781,11715.01,both,-11643.96,False
2022-01-20,71.05000305175781,11731.71,both,-11660.66,False
2022-01-23,71.05000305175781,11655.72,both,-11584.67,False
2022-01-24,71.05000305175781,11616.13,both,-11545.08,False
2022-01-25,71.05000305175781,11542.43,both,-11471.38,False
2022-01-26,71.05000305175781,11499.85,both,-11428.8,False
2022-01-30,71.05000305175781,11457.46,both,-11386.41,False
2022-01-31,71.05000305175781,11490.45,both,-11419.4,False
2022-02-01,71.05000305175781,11603.33,both,-11532.28,False
2022-02-02,71.05000305175781,11691.82,both,-11620.77,False
2022-02-03,71.05000305175781,11638.06,both,-11567.01,False
2022-02-06,71.05000305175781,11689.55,both,-11618.5,False
2022-02-07,71.05000305175781,11548.61,both,-11477.56,False
2022-02-08,71.05000305175781,11527.9,both,-11456.85,False
2022-02-09,71.05000305175781,11596.29,both,-11525.24,False
2022-02-10,71.05000305175781,11578.54,both,-11507.49,False
2022-02-13,71.05000305175781,11438.12,both,-11367.07,False
2022-02-14,71.05000305175781,11403.34,both,-11332.29,False
2022-02-15,71.05000305175781,11563.38,both,-11492.33,False
2022-02-16,71.05000305175781,11568.14,both,-11497.09,False
2022-02-17,71.05000305175781,11535.02,both,-11463.97,False
2022-02-20,71.05000305175781,11371.21,both,-11300.16,False
2022-02-21,71.05000305175781,11501.92,both,-11430.87,False
2022-02-22,71.05000305175781,11302.49,both,-11231.44,False
2022-02-23,71.05000305175781,11301.08,both,-11230.03,False
2022-02-24,71.05000305175781,10890.88,both,-10819.83,False
2022-02-27,71.05000305175781,11174.09,both,-11103.04,False
2022-02-28,71.05000305175781,11138.86,both,-11067.81,False
2022-03-01,71.05000305175781,11275.78,both,-11204.73,False
2022-03-02,71.05000305175781,11189.29,both,-11118.24,False
2022-03-03,71.05000305175781,11305.55,both,-11234.5,False
2022-03-06,71.05000305175781,11094.66,both,-11023.61,False
2022-03-07,71.05000305175781,10701.14,both,-10630.09,False
2022-03-08,71.05000305175781,10396.83,both,-10325.78,False
2022-03-09,71.05000305175781,10415.73,both,-10344.68,False
2022-03-10,71.05000305175781,10453.59,both,-10382.54,False
2022-03-13,71.05000305175781,10480.67,both,-10409.62,False
2022-03-14,71.05000305175781,10419.56,both,-10348.51,False
2022-03-15,71.05000305175781,10423.09,both,-10352.04,False
2022-03-16,71.05000305175781,10705.6,both,-10634.55,False
2022-03-17,71.05000305175781,10726.44,both,-10655.39,False
2022-03-20,71.05000305175781,10973.72,both,-10902.67,False
2022-03-21,71.05000305175781,11511.15,both,-11440.1,False
2022-03-22,71.05000305175781,11663.32,both,-11592.27,False
2022-03-23,71.05000305175781,11743.91,both,-11672.86,False
2022-03-24,71.05000305175781,11709.16,both,-11638.11,False
2022-03-27,71.05000305175781,11545.61,both,-11474.56,False
2022-03-28,71.05000305175781,11240.79,both,-11169.74,False
2022-03-29,71.05000305175781,11393.54,both,-11322.49,False
2022-03-30,71.05000305175781,11239.21,both,-11168.16,False
2022-03-31,71.05000305175781,11238.48,both,-11167.43,False
2022-04-03,71.05000305175781,11562.21,both,-11491.16,False
2022-04-04,71.05000305175781,11529.18,both,-11458.13,False
2022-04-05,71.05000305175781,11380.85,both,-11309.8,False
2022-04-06,71.05000305175781,11347.96,both,-11276.91,False
2022-04-07,71.05000305175781,11101.94,both,-11030.89,False
2022-04-10,71.05000305175781,10897.61,both,-10826.56,False
2022-04-11,71.05000305175781,10728.66,both,-10657.61,False
2022-04-12,71.05000305175781,10898.69,both,-10827.64,False
2022-04-13,71.05000305175781,10847.46,both,-10776.41,False
2022-04-14,71.05000305175781,10679.55,both,-10608.5,False
2022-04-17,71.05000305175781,10707.93,both,-10636.88,False
2022-04-18,71.05000305175781,10724.8,both,-10653.75,False
2022-04-19,71.05000305175781,10626.81,both,-10555.76,False
2022-04-20,71.05000305175781,10444.76,both,-10373.71,False
2022-04-21,71.05000305175781,10548.14,both,-10477.09,False
2022-04-26,71.05000305175781,10682.08,both,-10611.03,False
2022-04-27,71.05000305175781,10718.22,both,-10647.17,False
2022-04-28,71.05000305175781,11047.7,both,-10976.65,False
2022-05-08,71.05000305175781,11109.22,both,-11038.17,False
2022-05-09,71.05000305175781,10906.72,both,-10835.67,False
2022-05-10,71.05000305175781,10811.45,both,-10740.4,False
2022-05-11,71.05000305175781,10855.93,both,-10784.88,False
2022-05-12,71.05000305175781,10678.98,both,-10607.93,False
2022-05-15,71.05000305175781,10534.22,both,-10463.17,False
2022-05-16,71.05000305175781,10461.88,both,-10390.83,False
2022-05-17,71.05000305175781,10438.95,both,-10367.9,False
2022-05-18,71.05000305175781,10467.63,both,-10396.58,False
2022-05-19,71.05000305175781,10549.97,both,-10478.92,False
2022-05-22,71.05000305175781,10462.74,both,-10391.69,False
2022-05-23,71.05000305175781,10514.95,both,-10443.9,False
2022-05-24,71.05000305175781,10415.54,both,-10344.49,False
2022-05-25,71.05000305175781,10247.43,both,-10176.38,False
2022-05-26,71.05000305175781,10200.56,both,-10129.51,False
2022-05-29,71.05000305175781,10086.72,both,-10015.67,False
2022-05-30,71.05000305175781,10109.36,both,-10038.31,False
2022-05-31,71.05000305175781,10150.05,both,-10079.0,False
2022-06-01,71.05000305175781,10083.98,both,-10012.93,False
2022-06-02,71.05000305175781,10007.51,both,-9936.46,False
2022-06-05,71.05000305175781,9986.0,both,-9914.95,False
2022-06-06,71.05000305175781,9984.92,both,-9913.87,False
2022-06-07,71.05000305175781,10048.36,both,-9977.31,False
2022-06-08,71.05000305175781,10236.06,both,-10165.01,False
2022-06-09,71.05000305175781,10235.43,both,-10164.38,False
2022-06-12,71.05000305175781,10097.55,both,-10026.5,False
2022-06-13,71.05000305175781,10014.85,both,-9943.8,False
2022-06-14,71.05000305175781,9981.22,both,-9910.17,False
2022-06-15,71.05000305175781,9969.97,both,-9898.92,False
2022-06-16,71.05000305175781,9866.75,both,-9795.7,False
2022-06-19,71.05000305175781,9728.19,both,-9657.14,False
2022-06-20,71.05000305175781,9680.18,both,-9609.13,False
2022-06-21,71.05000305175781,9697.88,both,-9626.83,False
2022-06-22,71.05000305175781,9612.9,both,-9541.85,False
2022-06-23,71.05000305175781,9439.85,both,-9368.8,False
2022-06-26,71.05000305175781,9443.75,both,-9372.7,False
2022-06-27,71.05000305175781,9255.43,both,-9184.38,False
2022-06-28,71.05000305175781,9179.63,both,-9108.58,False
2022-06-29,71.05000305175781,9225.61,both,-9154.56,False
2022-07-03,71.05000305175781,9008.89,both,-8937.84,False
2022-07-04,71.05000305175781,8685.74,both,-8614.69,False
2022-07-05,71.05000305175781,8657.5,both,-8586.45,False
2022-07-06,71.05000305175781,8670.12,both,-8599.07,False
2022-07-07,71.05000305175781,8764.25,both,-8693.2,False
2022-07-17,71.05000305175781,8772.93,both,-8701.88,False
2022-07-18,71.05000305175781,8867.94,both,-8796.89,False
2022-07-19,71.05000305175781,9033.53,both,-8962.48,False
2022-07-20,71.05000305175781,9112.72,both,-9041.67,False
2022-07-21,71.05000305175781,9289.81,both,-9218.76,False
2022-07-24,71.05000305175781,9276.28,both,-9205.23,False
2022-07-25,71.05000305175781,9237.7,both,-9166.65,False
2022-07-26,71.05000305175781,9350.42,both,-9279.37,False
2022-07-27,71.05000305175781,9287.92,both,-9216.87,False
2022-07-28,71.05000305175781,9369.32,both,-9298.27,False
2022-07-31,71.05000305175781,9467.08,both,-9396.03,False
2022-08-01,71.05000305175781,9423.1,both,-9352.05,False
2022-08-02,71.05000305175781,9442.02,both,-9370.97,False
2022-08-03,71.05000305175781,9539.43,both,-9468.38,False
2022-08-04,71.05000305175781,10043.23,both,-9972.18,False
2022-08-07,71.05000305175781,10123.81,both,-10052.76,False
2022-08-08,71.05000305175781,10047.71,both,-9976.66,False
2022-08-09,71.05000305175781,9968.88,both,-9897.83,False
2022-08-10,71.05000305175781,9965.46,both,-9894.41,False
2022-08-11,71.05000305175781,9988.84,both,-9917.79,False
2022-08-14,71.05000305175781,9984.44,both,-9913.39,False
2022-08-15,71.05000305175781,9914.71,both,-9843.66,False
2022-08-16,71.05000305175781,9843.17,both,-9772.12,False
2022-08-17,71.05000305175781,10058.12,both,-9987.07,False
2022-08-18,71.05000305175781,10094.16,both,-10023.11,False
2022-08-21,71.05000305175781,10339.58,both,-10268.53,False
2022-08-22,71.05000305175781,10246.24,both,-10175.19,False
2022-08-23,71.05000305175781,10137.89,both,-10066.84,False
2022-08-24,71.05000305175781,10105.24,both,-10034.19,False
2022-08-25,71.05000305175781,10287.27,both,-10216.22,False
2022-08-28,71.05000305175781,10178.15,both,-10107.1,False
2022-08-29,71.05000305175781,10122.32,both,-10051.27,False
2022-08-30,71.05000305175781,10132.15,both,-10061.1,False
2022-08-31,71.05000305175781,9998.61,both,-9927.56,False
2022-09-01,71.05000305175781,9936.87,both,-9865.82,False
2022-09-04,71.05000305175781,9996.74,both,-9925.69,False
2022-09-05,71.05000305175781,10177.64,both,-10106.59,False
2022-09-06,71.05000305175781,10329.66,both,-10258.61,False
2022-09-07,71.05000305175781,10232.29,both,-10161.24,False
2022-09-08,71.05000305175781,10265.35,both,-10194.3,False
2022-09-11,71.05000305175781,10356.31,both,-10285.26,False
2022-09-12,71.05000305175781,10434.1,both,-10363.05,False
2022-09-13,71.05000305175781,10397.12,both,-10326.07,False
2022-09-14,71.05000305175781,10193.79,both,-10122.74,False
2022-09-15,71.05000305175781,10079.02,both,-10007.97,False
2022-09-18,71.05000305175781,9763.19,both,-9692.14,False
2022-09-19,71.05000305175781,9854.21,both,-9783.16,False
2022-09-20,71.05000305175781,10010.53,both,-9939.48,False
2022-09-21,71.05000305175781,9955.85,both,-9884.8,False
2022-09-22,71.05000305175781,9933.05,both,-9862.0,False
2022-09-25,71.05000305175781,9895.04,both,-9823.99,False
2022-09-26,71.05000305175781,9827.8,both,-9756.75,False
2022-09-27,71.05000305175781,9817.37,both,-9746.32,False
2022-09-28,71.05000305175781,9702.19,both,-9631.14,False
2022-09-29,71.05000305175781,9827.46,both,-9756.41,False
2022-10-02,71.05000305175781,9687.36,both,-9616.31,False
2022-10-03,71.05000305175781,9685.85,both,-9614.8,False
2022-10-04,71.05000305175781,9923.81,both,-9852.76,False
2022-10-05,71.05000305175781,10010.78,both,-9939.73,False
2022-10-09,71.05000305175781,9940.86,both,-9869.81,False
2022-10-10,71.05000305175781,9948.53,both,-9877.48,False
2022-10-11,71.05000305175781,9867.23,both,-9796.18,False
2022-10-12,71.05000305175781,9800.64,both,-9729.59,False
2022-10-13,71.05000305175781,9853.74,both,-9782.69,False
2022-10-16,71.05000305175781,10048.88,both,-9977.83,False
2022-10-17,71.05000305175781,10148.4,both,-10077.35,False
2022-10-18,71.05000305175781,10163.56,both,-10092.51,False
2022-10-19,71.05000305175781,10156.34,both,-10085.29,False
2022-10-20,71.05000305175781,10273.53,both,-10202.48,False
2022-10-23,71.05000305175781,10258.24,both,-10187.19,False
2022-10-24,71.05000305175781,10320.88,both,-10249.83,False
2022-10-25,71.05000305175781,10475.02,both,-10403.97,False
2022-10-26,71.05000305175781,10553.2,both,-10482.15,False
2022-10-27,71.05000305175781,11072.02,both,-11000.97,False
2022-10-30,71.05000305175781,11100.67,both,-11029.62,False
2022-10-31,71.05000305175781,11372.79,both,-11301.74,False
2022-11-01,71.05000305175781,11432.79,both,-11361.74,False
2022-11-02,71.05000305175781,11242.07,both,-11171.02,False
2022-11-03,71.05000305175781,11262.4,both,-11191.35,False
2022-11-06,71.05000305175781,11179.2,both,-11108.15,False
2022-11-07,71.05000305175781,11443.71,both,-11372.66,False
2022-11-08,71.05000305175781,11268.04,both,-11196.99,False
2022-11-09,71.05000305175781,11781.58,both,-11710.53,False
2022-11-10,71.05000305175781,11756.56,both,-11685.51,False
2022-11-13,71.05000305175781,11980.62,both,-11909.57,False
2022-11-14,71.05000305175781,12136.37,both,-12065.32,False
2022-11-15,71.05000305175781,12137.0,both,-12065.95,False
2022-11-16,71.05000305175781,12341.2,both,-12270.15,False
2022-11-17,71.05000305175781,12515.71,both,-12444.66,False
2022-11-20,71.05000305175781,12523.84,both,-12452.79,False
2022-11-21,71.05000305175781,12449.9,both,-12378.85,False
2022-11-22,71.05000305175781,12622.34,both,-12551.29,False
2022-11-23,71.05000305175781,12600.09,both,-12529.04,False
2022-11-24,71.05000305175781,12779.44,both,-12708.39,False
2022-11-27,71.05000305175781,13009.48,both,-12938.43,False
2022-11-28,71.05000305175781,12917.22,both,-12846.17,False
2022-11-29,71.05000305175781,13184.26,both,-13113.21,False
2022-11-30,71.05000305175781,13259.26,both,-13188.21,False
2022-12-01,71.05000305175781,13639.73,both,-13568.68,False
2022-12-04,71.05000305175781,14078.53,both,-14007.48,False
2022-12-05,71.05000305175781,14327.77,both,-14256.72,False
2022-12-06,71.05000305175781,14498.29,both,-14427.24,False
2022-12-07,71.05000305175781,14787.05,both,-14716.0,False
2022-12-08,71.05000305175781,14838.31,both,-14767.26,False
2022-12-11,71.05000305175781,14587.7,both,-14516.65,False
2022-12-12,71.05000305175781,14723.71,both,-14652.66,False
2022-12-13,71.05000305175781,15150.31,both,-15079.26,False
2022-12-14,71.05000305175781,15378.28,both,-15307.23,False
2022-12-15,71.05000305175781,15141.55,both,-15070.5,False
2022-12-18,71.05000305175781,14843.05,both,-14772.0,False
2022-12-19,71.05000305175781,14738.6,both,-14667.55,False
2022-12-20,71.05000305175781,14523.26,both,-14452.21,False
2022-12-21,71.05000305175781,14541.98,both,-14470.93,False
2022-12-22,71.05000305175781,14482.93,both,-14411.88,False
2022-12-25,71.05000305175781,14385.3,both,-14314.25,False
2022-12-26,71.05000305175781,14560.41,both,-14489.36,False
2022-12-27,71.05000305175781,14485.18,both,-14414.13,False
2022-12-28,71.05000305175781,14578.21,both,-14507.16,False
2022-12-29,71.05000305175781,14598.53,both,-14527.48,False
2023-01-02,71.05000305175781,14960.66,both,-14889.61,False
2023-01-03,71.05000305175781,15068.13,both,-14997.08,False
2023-01-04,71.05000305175781,15557.46,both,-15486.41,False
2023-01-05,71.05000305175781,16002.18,both,-15931.13,False
2023-01-09,71.05000305175781,16096.87,both,-16025.82,False
2023-01-10,71.05000305175781,15462.57,both,-15391.52,False
2023-01-11,71.05000305175781,15528.1,both,-15457.05,False
2023-01-12,71.05000305175781,15551.47,both,-15480.42,False
2023-01-15,71.05000305175781,15561.25,both,-15490.2,False
2023-01-16,71.05000305175781,15837.91,both,-15766.86,False
2023-01-17,71.05000305175781,15981.88,both,-15910.83,False
2023-01-18,71.05000305175781,15987.15,both,-15916.1,False
2023-01-19,71.05000305175781,16065.98,both,-15994.93,False
2023-01-22,71.05000305175781,16118.85,both,-16047.8,False
2023-01-23,71.05000305175781,16183.49,both,-16112.44,False
2023-01-24,71.05000305175781,16440.53,both,-16369.48,False
2023-01-25,71.05000305175781,16791.11,both,-16720.06,False
2023-01-29,71.05000305175781,17411.46,both,-17340.41,False
2023-01-30,71.05000305175781,17026.64,both,-16955.59,False
2023-01-31,71.05000305175781,16446.38,both,-16375.33,False
2023-02-01,71.05000305175781,16407.79,both,-16336.74,False
2023-02-02,71.05000305175781,16255.73,both,-16184.68,False
2023-02-05,71.05000305175781,16265.92,both,-16194.87,False
2023-02-06,71.05000305175781,16587.06,both,-16516.01,False
2023-02-07,71.05000305175781,16900.43,both,-16829.38,False
2023-02-08,71.05000305175781,16948.08,both,-16877.03,False
2023-02-09,71.05000305175781,17613.78,both,-17542.73,False
2023-02-12,71.05000305175781,17287.09,both,-17216.04,False
2023-02-13,71.05000305175781,17214.56,both,-17143.51,False
2023-02-14,71.05000305175781,17430.98,both,-17359.93,False
2023-02-15,71.05000305175781,17522.56,both,-17451.51,False
2023-02-16,71.05000305175781,17488.87,both,-17417.82,False
2023-02-19,71.05000305175781,17326.61,both,-17255.56,False
2023-02-20,71.05000305175781,16814.0,both,-16742.95,False
2023-02-21,71.05000305175781,17039.45,both,-16968.4,False
2023-02-22,71.05000305175781,16777.2,both,-16706.15,False
2023-02-23,71.05000305175781,17003.9,both,-16932.85,False
2023-02-26,71.05000305175781,17213.01,both,-17141.96,False
2023-02-27,71.05000305175781,17098.16,both,-17027.11,False
2023-02-28,71.05000305175781,17002.08,both,-16931.03,False
2023-03-01,71.05000305175781,17123.01,both,-17051.96,False
2023-03-02,71.05000305175781,16846.79,both,-16775.74,False
2023-03-05,71.05000305175781,16827.65,both,-16756.6,False
2023-03-06,71.05000305175781,16803.89,both,-16732.84,False
2023-03-07,71.05000305175781,16432.56,both,-16361.51,False
2023-03-08,71.05000305175781,16315.62,both,-16244.57,False
2023-03-09,71.05000305175781,16454.31,both,-16383.26,False
2023-03-12,71.05000305175781,15936.89,both,-15865.84,False
2023-03-13,71.05000305175781,15438.5,both,-15367.45,False
2023-03-14,71.05000305175781,15362.25,both,-15291.2,False
2023-03-15,71.05000305175781,14724.44,both,-14653.39,False
2023-03-16,71.05000305175781,14704.18,both,-14633.13,False
2023-03-19,71.05000305175781,14681.12,both,-14610.07,False
2023-03-20,71.05000305175781,14923.81,both,-14852.76,False
2023-03-21,71.05000305175781,15325.66,both,-15254.61,False
2023-03-22,71.05000305175781,15253.22,both,-15182.17,False
2023-03-23,71.05000305175781,15625.08,both,-15554.03,False
2023-03-26,71.05000305175781,15989.18,both,-15918.13,False
2023-03-27,71.05000305175781,15950.09,both,-15879.04,False
2023-03-28,71.05000305175781,15906.42,both,-15835.37,False
2023-03-29,71.05000305175781,16411.37,both,-16340.32,False
2023-03-30,71.05000305175781,16418.53,both,-16347.48,False
2023-04-02,71.05000305175781,16694.46,both,-16623.41,False
2023-04-03,71.05000305175781,17056.89,both,-16985.84,False
2023-04-04,71.05000305175781,16998.35,both,-16927.3,False
2023-04-05,71.05000305175781,17019.25,both,-16948.2,False
2023-04-06,71.05000305175781,16709.28,both,-16638.23,False
2023-04-09,71.05000305175781,16674.87,both,-16603.82,False
2023-04-10,71.05000305175781,16774.64,both,-16703.59,False
2023-04-11,71.05000305175781,17011.68,both,-16940.63,False
2023-04-12,71.05000305175781,16741.45,both,-16670.4,False
2023-04-13,71.05000305175781,17671.27,both,-17600.22,False
2023-04-18,71.05000305175781,17538.97,both,-17467.92,False
2023-04-19,71.05000305175781,17516.04,both,-17444.99,False
2023-04-26,71.05000305175781,17452.22,both,-17381.17,False
2023-04-27,71.05000305175781,17796.91,both,-17725.86,False
2023-04-30,71.05000305175781,17667.74,both,-17596.69,False
2023-05-01,71.05000305175781,17310.83,both,-17239.78,False
2023-05-02,71.05000305175781,17300.56,both,-17229.51,False
2023-05-03,71.05000305175781,17295.27,both,-17224.22,False
2023-05-07,71.05000305175781,17235.31,both,-17164.26,False
2023-05-08,71.05000305175781,17642.97,both,-17571.92,False
2023-05-09,71.05000305175781,17326.27,both,-17255.22,False
2023-05-10,71.05000305175781,17494.73,both,-17423.68,False
2023-05-11,71.05000305175781,17270.69,both,-17199.64,False
2023-05-14,71.05000305175781,17369.13,both,-17298.08,False
2023-05-15,71.05000305175781,17135.55,both,-17064.5,False
2023-05-16,71.05000305175781,17033.99,both,-16962.94,False
2023-05-17,71.05000305175781,16844.01,both,-16772.96,False
2023-05-18,71.05000305175781,16745.54,both,-16674.49,False
2023-05-21,71.05000305175781,16860.88,both,-16789.83,False
2023-05-22,71.05000305175781,16764.41,both,-16693.36,False
2023-05-23,71.05000305175781,16787.71,both,-16716.66,False
2023-05-24,71.05000305175781,17090.56,both,-17019.51,False
2023-05-25,71.05000305175781,17043.62,both,-16972.57,False
2023-05-28,71.05000305175781,17131.45,both,-17060.4,False
2023-05-29,71.05000305175781,17211.84,both,-17140.79,False
2023-05-30,71.05000305175781,17534.59,both,-17463.54,False
2023-05-31,71.05000305175781,17495.77,both,-17424.72,False
2023-06-01,71.05000305175781,17533.31,both,-17462.26,False
2023-06-04,71.05000305175781,17455.48,both,-17384.43,False
2023-06-05,71.05000305175781,17345.9,both,-17274.85,False
2023-06-06,71.05000305175781,17491.18,both,-17420.13,False
2023-06-07,71.05000305175781,17347.57,both,-17276.52,False
2023-06-08,71.05000305175781,17521.36,both,-17450.31,False
2023-06-11,71.05000305175781,17739.63,both,-17668.58,False
2023-06-12,71.05000305175781,17704.58,both,-17633.53,False
2023-06-13,71.05000305175781,17866.81,both,-17795.76,False
2023-06-14,71.05000305175781,17873.28,both,-17802.23,False
2023-06-15,71.05000305175781,17881.52,both,-17810.47,False
2023-06-18,71.05000305175781,18026.17,both,-17955.12,False
2023-06-19,71.05000305175781,17988.95,both,-17917.9,False
2023-06-20,71.05000305175781,17921.92,both,-17850.87,False
2023-06-21,71.05000305175781,17706.08,both,-17635.03,False
2023-06-22,71.05000305175781,17712.93,both,-17641.88,False
2023-06-25,71.05000305175781,17287.64,both,-17216.59,False
2023-06-26,71.05000305175781,17665.29,both,-17594.24,False
2023-07-04,71.05000305175781,17466.18,both,-17395.13,False
2023-07-05,71.05000305175781,17380.33,both,-17309.28,False
2023-07-06,71.05000305175781,17102.3,both,-17031.25,False
2023-07-09,71.05000305175781,16555.12,both,-16484.07,False
2023-07-10,71.05000305175781,16963.13,both,-16892.08,False
2023-07-11,71.05000305175781,17155.23,both,-17084.18,False
2023-07-12,71.05000305175781,17144.22,both,-17073.17,False
2023-07-13,71.05000305175781,17342.29,both,-17271.24,False
2023-07-16,71.05000305175781,17343.13,both,-17272.08,False
2023-07-17,71.05000305175781,17512.01,both,-17440.96,False
2023-07-18,71.05000305175781,17608.32,both,-17537.27,False
2023-07-19,71.05000305175781,17578.67,both,-17507.62,False
2023-07-24,71.05000305175781,17550.23,both,-17479.18,False
2023-07-25,71.05000305175781,17479.94,both,-17408.89,False
2023-07-26,71.05000305175781,17396.24,both,-17325.19,False
2023-07-27,71.05000305175781,17339.06,both,-17268.01,False
2023-07-30,71.05000305175781,17554.56,both,-17483.51,False
2023-07-31,71.05000305175781,17595.92,both,-17524.87,False
2023-08-01,71.05000305175781,17514.11,both,-17443.06,False
2023-08-02,71.05000305175781,17455.6,both,-17384.55,False
2023-08-03,71.05000305175781,17451.44,both,-17380.39,False
2023-08-06,71.05000305175781,17697.49,both,-17626.44,False
2023-08-07,71.05000305175781,17839.48,both,-17768.43,False
2023-08-08,71.05000305175781,17748.89,both,-17677.84,False
2023-08-09,71.05000305175781,17763.63,both,-17692.58,False
2023-08-10,71.05000305175781,17710.2,both,-17639.15,False
2023-08-13,71.05000305175781,17856.07,both,-17785.02,False
2023-08-14,71.05000305175781,17897.5,both,-17826.45,False
2023-08-15,71.05000305175781,17965.32,both,-17894.27,False
2023-08-16,71.05000305175781,18062.5,both,-17991.45,False
2023-08-17,71.05000305175781,17969.27,both,-17898.22,False
2023-08-20,71.05000305175781,18033.22,both,-17962.17,False
2023-08-21,71.05000305175781,17920.48,both,-17849.43,False
2023-08-22,71.05000305175781,18216.63,both,-18145.58,False
2023-08-23,71.05000305175781,18133.42,both,-18062.37,False
2023-08-24,71.05000305175781,18207.82,both,-18136.77,False
2023-08-27,71.05000305175781,18516.59,both,-18445.54,False
2023-08-28,71.05000305175781,18584.84,both,-18513.79,False
2023-08-29,71.05000305175781,18629.34,both,-18558.29,False
2023-08-30,71.05000305175781,18818.15,both,-18747.1,False
2023-08-31,71.05000305175781,18873.82,both,-18802.77,False
2023-09-03,71.05000305175781,18726.01,both,-18654.96,False
2023-09-04,71.05000305175781,18910.99,both,-18839.94,False
2023-09-05,71.05000305175781,19044.39,both,-18973.34,False
2023-09-06,71.05000305175781,19224.52,both,-19153.47,False
2023-09-07,71.05000305175781,19375.68,both,-19304.63,False
2023-09-10,71.05000305175781,19577.85,both,-19506.8,False
2023-09-11,71.05000305175781,19278.72,both,-19207.67,False
2023-09-12,71.05000305175781,19144.09,both,-19073.04,False
2023-09-13,71.05000305175781,19361.7,both,-19290.65,False
2023-09-14,71.05000305175781,19540.33,both,-19469.28,False
2023-09-17,71.05000305175781,19668.82,both,-19597.77,False
2023-09-18,71.05000305175781,19751.78,both,-19680.73,False
2023-09-19,71.05000305175781,19954.3,both,-19883.25,False
2023-09-20,71.05000305175781,19797.23,both,-19726.18,False
2023-09-21,71.05000305175781,20080.57,both,-20009.52,False
2023-09-24,71.05000305175781,20213.7,both,-20142.65,False
2023-09-25,71.05000305175781,20320.56,both,-20249.51,False
2023-09-26,71.05000305175781,20354.86,both,-20283.81,False
2023-09-27,71.05000305175781,20174.28,both,-20103.23,False
2023-10-01,71.05000305175781,20054.72,both,-19983.67,False
2023-10-02,71.05000305175781,19901.24,both,-19830.19,False
2023-10-03,71.05000305175781,19706.96,both,-19635.91,False
2023-10-04,71.05000305175781,19873.31,both,-19802.26,False
2023-10-08,71.05000305175781,19357.42,both,-19286.37,False
2023-10-09,71.05000305175781,19409.78,both,-19338.73,False
2023-10-10,71.05000305175781,19724.32,both,-19653.27,False
2023-10-11,71.05000305175781,19653.49,both,-19582.44,False
2023-10-12,71.05000305175781,20002.1,both,-19931.05,False
2023-10-15,71.05000305175781,20324.96,both,-20253.91,False
2023-10-16,71.05000305175781,21032.35,both,-20961.3,False
2023-10-17,71.05000305175781,22073.95,both,-22002.9,False
2023-10-18,71.05000305175781,22117.4,both,-22046.35,False
2023-10-19,71.05000305175781,21616.6,both,-21545.55,False
2023-10-22,71.05000305175781,22128.49,both,-22057.44,False
2023-10-23,71.05000305175781,22572.49,both,-22501.44,False
2023-10-24,71.05000305175781,22377.39,both,-22306.34,False
2023-10-25,71.05000305175781,23131.96,both,-23060.91,False
2023-10-26,71.05000305175781,23262.27,both,-23191.22,False
2023-10-29,71.05000305175781,23086.72,both,-23015.67,False
2023-10-30,71.05000305175781,23435.65,both,-23364.6,False
2023-10-31,71.05000305175781,22550.65,both,-22479.6,False
2023-11-01,71.05000305175781,22433.38,both,-22362.33,False
2023-11-02,71.05000305175781,22639.59,both,-22568.54,False
2023-11-05,71.05000305175781,23094.69,both,-23023.64,False
2023-11-06,71.05000305175781,23059.15,both,-22988.1,False
2023-11-07,71.05000305175781,23393.41,both,-23322.36,False
2023-11-08,71.05000305175781,23986.56,both,-23915.51,False
2023-11-09,71.05000305175781,24312.92,both,-24241.87,False
2023-11-12,71.05000305175781,23910.66,both,-23839.61,False
2023-11-13,71.05000305175781,23954.96,both,-23883.91,False
2023-11-14,71.05000305175781,23894.06,both,-23823.01,False
2023-11-15,71.05000305175781,24138.8,both,-24067.75,False
2023-11-16,71.05000305175781,24383.27,both,-24312.22,False
2023-11-19,71.05000305175781,24899.59,both,-24828.54,False
2023-11-20,71.05000305175781,24760.02,both,-24688.97,False
2023-11-21,71.05000305175781,24774.04,both,-24702.99,False
2023-11-22,71.05000305175781,25029.57,both,-24958.52,False
2023-11-23,71.05000305175781,25519.49,both,-25448.44,False
2023-11-26,71.05000305175781,25300.32,both,-25229.27,False
2023-11-27,71.05000305175781,25905.54,both,-25834.49,False
2023-11-28,71.05000305175781,25121.73,both,-25050.68,False
2023-11-29,71.05000305175781,24759.16,both,-24688.11,False
2023-11-30,71.05000305175781,24735.39,both,-24664.34,False
2023-12-03,71.05000305175781,24571.98,both,-24500.93,False
2023-12-04,71.05000305175781,25265.41,both,-25194.36,False
2023-12-05,71.05000305175781,25127.91,both,-25056.86,False
2023-12-06,71.05000305175781,24703.55,both,-24632.5,False
2023-12-07,71.05000305175781,24686.16,both,-24615.11,False
2023-12-10,71.05000305175781,24189.83,both,-24118.78,False
2023-12-11,71.05000305175781,24182.06,both,-24111.01,False
2023-12-12,71.05000305175781,24071.66,both,-24000.61,False
2023-12-13,71.05000305175781,24773.92,both,-24702.87,False
2023-12-14,71.05000305175781,24722.82,both,-24651.77,False
2023-12-17,71.05000305175781,24792.14,both,-24721.09,False
2023-12-18,71.05000305175781,25334.09,both,-25263.04,False
2023-12-19,71.05000305175781,25076.42,both,-25005.37,False
2023-12-20,71.05000305175781,24837.56,both,-24766.51,False
2023-12-21,71.05000305175781,24305.09,both,-24234.04,False
2023-12-24,71.05000305175781,23822.17,both,-23751.12,False
2023-12-25,71.05000305175781,24226.68,both,-24155.63,False
2023-12-26,71.05000305175781,23994.54,both,-23923.49,False
2023-12-27,71.05000305175781,24351.12,both,-24280.07,False
2023-12-28,71.05000305175781,24691.43,both,-24620.38,False
2023-12-31,71.05000305175781,24894.26,both,-24823.21,False
2024-01-02,71.05000305175781,25501.94,both,-25430.89,False
2024-01-03,71.05000305175781,25408.51,both,-25337.46,False
2024-01-04,71.05000305175781,25350.28,both,-25279.23,False
2024-01-08,71.05000305175781,25344.63,both,-25273.58,False
2024-01-09,71.05000305175781,25589.99,both,-25518.94,False
2024-01-10,71.05000305175781,25466.75,both,-25395.7,False
2024-01-11,71.05000305175781,25519.25,both,-25448.2,False
2024-01-14,71.05000305175781,25974.84,both,-25903.79,False
2024-01-15,71.05000305175781,26250.73,both,-26179.68,False
2024-01-16,71.05000305175781,26938.14,both,-26867.09,False
2024-01-17,71.05000305175781,26758.26,both,-26687.21,False
2024-01-18,71.05000305175781,26842.67,both,-26771.62,False
2024-01-21,71.05000305175781,27719.37,both,-27648.32,False
2024-01-22,71.05000305175781,28050.33,both,-27979.28,False
2024-01-23,71.05000305175781,27587.0,both,-27515.95,False
2024-01-24,71.05000305175781,27666.18,both,-27595.13,False
2024-01-28,71.05000305175781,28625.76,both,-28554.71,False
2024-01-29,71.05000305175781,29227.79,both,-29156.74,False
2024-01-30,71.05000305175781,30347.3,both,-30276.25,False
2024-01-31,71.05000305175781,28281.91,both,-28210.86,False
2024-02-01,71.05000305175781,28434.37,both,-28363.32,False
2024-02-04,71.05000305175781,27573.5,both,-27502.45,False
2024-02-05,71.05000305175781,27665.75,both,-27594.7,False
2024-02-06,71.05000305175781,27270.63,both,-27199.58,False
2024-02-07,71.05000305175781,27905.95,both,-27834.9,False
2024-02-08,71.05000305175781,28411.41,both,-28340.36,False
2024-02-11,71.05000305175781,28199.04,both,-28127.99,False
2024-02-12,71.05000305175781,28494.72,both,-28423.67,False
2024-02-13,71.05000305175781,28604.54,both,-28533.49,False
2024-02-14,71.05000305175781,28874.99,both,-28803.94,False
2024-02-15,71.05000305175781,28926.15,both,-28855.1,False
2024-02-18,71.05000305175781,29125.57,both,-29054.52,False
2024-02-19,71.05000305175781,29452.4,both,-29381.35,False
2024-02-20,71.05000305175781,29330.66,both,-29259.61,False
2024-02-21,71.05000305175781,29292.05,both,-29221.0,False
2024-02-22,71.05000305175781,29309.73,both,-29238.68,False
2024-02-25,71.05000305175781,27840.86,both,-27769.81,False
2024-02-26,71.05000305175781,28931.92,both,-28860.87,False
2024-02-27,71.05000305175781,29205.16,both,-29134.11,False
2024-02-28,71.05000305175781,28876.46,both,-28805.41,False
2024-02-29,71.05000305175781,28964.41,both,-28893.36,False
2024-03-03,71.05000305175781,29058.33,both,-28987.28,False
2024-03-04,71.05000305175781,30542.33,both,-30471.28,False
2024-03-05,71.05000305175781,30668.89,both,-30597.84,False
2024-03-06,71.05000305175781,29743.11,both,-29672.06,False
2024-03-07,71.05000305175781,31300.54,both,-31229.49,False
2024-03-10,71.05000305175781,32919.95,both,-32848.9,False
2024-03-11,71.05000305175781,33382.51,both,-33311.46,False
2024-03-12,71.05000305175781,32661.61,both,-32590.56,False
2024-03-13,71.05000305175781,31013.88,both,-30942.83,False
2024-03-14,71.05000305175781,31316.43,both,-31245.38,False
2024-03-17,71.05000305175781,31061.88,both,-30990.83,False
2024-03-18,71.05000305175781,29091.29,both,-29020.24,False
2024-03-19,71.05000305175781,28675.7,both,-28604.65,False
2024-03-20,71.05000305175781,28589.37,both,-28518.32,False
2024-03-21,71.05000305175781,29054.96,both,-28983.91,False
2024-03-24,71.05000305175781,29060.02,both,-28988.97,False
2024-03-25,71.05000305175781,29344.46,both,-29273.41,False
2024-03-26,71.05000305175781,29057.5,both,-28986.45,False
2024-03-27,71.05000305175781,28224.37,both,-28153.32,False
2024-03-28,71.05000305175781,27559.35,both,-27488.3,False
2024-03-31,71.05000305175781,26883.39,both,-26812.34,False
2024-04-01,71.05000305175781,28297.17,both,-28226.12,False
2024-04-02,71.05000305175781,27934.36,both,-27863.31,False
2024-04-03,71.05000305175781,27937.22,both,-27866.17,False
2024-04-04,71.05000305175781,28506.16,both,-28435.11,False
2024-04-07,71.05000305175781,28151.66,both,-28080.61,False
2024-04-08,71.05000305175781,28503.75,both,-28432.7,False
2024-04-15,71.05000305175781,29616.47,both,-29545.42,False
2024-04-16,71.05000305175781,29400.84,both,-29329.79,False
2024-04-17,71.05000305175781,29667.71,both,-29596.66,False
2024-04-18,71.05000305175781,28332.65,both,-28261.6,False
2024-04-21,71.05000305175781,28623.39,both,-28552.34,False
2024-04-22,71.05000305175781,28144.22,both,-28073.17,False
2024-04-23,71.05000305175781,26777.05,both,-26706.0,False
2024-04-24,71.05000305175781,25917.59,both,-25846.54,False
2024-04-28,71.05000305175781,24639.63,both,-24568.58,False
2024-04-29,71.05000305175781,26011.28,both,-25940.23,False
2024-04-30,71.05000305175781,24448.73,both,-24377.68,False
2024-05-01,,25270.55,right_only,,False
2024-05-02,71.05000305175781,26113.71,both,-26042.66,False
2024-05-07,71.05000305175781,26429.69,both,-26358.64,False
2024-05-08,71.05000305175781,25988.93,both,-25917.88,False
2024-05-09,71.05000305175781,26003.16,both,-25932.11,False
2024-05-12,71.05000305175781,25155.92,both,-25084.87,False
2024-05-13,71.05000305175781,25381.25,both,-25310.2,False
2024-05-14,71.05000305175781,25339.77,both,-25268.72,False
2024-05-15,71.05000305175781,25316.08,both,-25245.03,False
2024-05-16,71.05000305175781,26142.84,both,-26071.79,False
2024-05-19,71.05000305175781,27315.83,both,-27244.78,False
2024-05-20,71.05000305175781,27228.85,both,-27157.8,False
2024-05-21,71.05000305175781,27224.8,both,-27153.75,False
2024-05-22,71.05000305175781,27227.44,both,-27156.39,False
2024-05-23,71.05000305175781,27205.14,both,-27134.09,False
2024-05-26,71.05000305175781,27539.21,both,-27468.16,False
2024-05-27,71.05000305175781,27287.31,both,-27216.26,False
2024-05-28,71.05000305175781,27194.51,both,-27123.46,False
2024-05-29,71.05000305175781,27089.68,both,-27018.63,False
2024-05-30,71.05000305175781,26922.76,both,-26851.71,False
2024-06-02,71.05000305175781,26869.85,both,-26798.8,False
2024-06-03,71.05000305175781,26834.47,both,-26763.42,False
2024-06-04,71.05000305175781,26973.0,both,-26901.95,False
2024-06-05,71.05000305175781,26634.3,both,-26563.25,False
2024-06-06,71.05000305175781,26428.65,both,-26357.6,False
2024-06-09,71.05000305175781,25659.13,both,-25588.08,False
2024-06-10,71.05000305175781,25896.56,both,-25825.51,False
2024-06-11,71.05000305175781,26082.29,both,-26011.24,False
2024-06-12,71.05000305175781,26133.39,both,-26062.34,False
2024-06-13,71.05000305175781,26417.6,both,-26346.55,False
2024-06-23,71.05000305175781,27062.37,both,-26991.32,False
2024-06-24,71.05000305175781,26902.4,both,-26831.35,False
2024-06-25,71.05000305175781,27264.23,both,-27193.18,False
2024-06-26,71.05000305175781,27500.56,both,-27429.51,False
2024-06-27,71.05000305175781,27766.27,both,-27695.22,False
2024-07-01,,27969.59,right_only,,False
2024-07-02,71.05000305175781,27985.89,both,-27914.84,False
2024-07-03,71.05000305175781,28161.17,both,-28090.12,False
2024-07-04,71.05000305175781,28364.79,both,-28293.74,False
2024-07-07,71.05000305175781,28602.14,both,-28531.09,False
2024-07-08,71.05000305175781,28411.87,both,-28340.82,False
2024-07-09,71.05000305175781,28466.24,both,-28395.19,False
2024-07-10,71.05000305175781,28287.98,both,-28216.93,False
2024-07-14,71.05000305175781,28042.06,both,-27971.01,False
2024-07-15,71.05000305175781,27952.04,both,-27880.99,False
2024-07-16,71.05000305175781,27828.92,both,-27757.87,False
2024-07-17,71.05000305175781,28340.42,both,-28269.37,False
2024-07-18,71.05000305175781,28653.85,both,-28582.8,False
2024-07-21,71.05000305175781,28783.24,both,-28712.19,False
2024-07-22,71.05000305175781,28992.34,both,-28921.29,False
2024-07-23,71.05000305175781,29195.24,both,-29124.19,False
2024-07-24,71.05000305175781,29090.57,both,-29019.52,False
2024-07-28,71.05000305175781,29036.32,both,-28965.27,False
2024-07-29,71.05000305175781,28851.23,both,-28780.18,False
2024-07-30,71.05000305175781,29039.42,both,-28968.37,False
2024-07-31,71.05000305175781,29378.82,both,-29307.77,False
2024-08-01,71.05000305175781,29359.87,both,-29288.82,False
2024-08-04,71.05000305175781,28503.63,both,-28432.58,False
2024-08-05,71.05000305175781,27840.64,both,-27769.59,False
2024-08-06,71.05000305175781,28210.41,both,-28139.36,False
2024-08-07,71.05000305175781,28628.19,both,-28557.14,False
2024-08-08,71.05000305175781,28750.82,both,-28679.77,False
2024-08-11,71.05000305175781,29532.67,both,-29461.62,False
2024-08-12,71.05000305175781,29706.7,both,-29635.65,False
2024-08-13,71.05000305175781,29331.04,both,-29259.99,False
2024-08-14,71.05000305175781,29567.0,both,-29495.95,False
2024-08-15,71.05000305175781,29629.14,both,-29558.09,False
2024-08-18,71.05000305175781,29460.24,both,-29389.19,False
2024-08-19,71.05000305175781,29320.18,both,-29249.13,False
2024-08-20,71.05000305175781,29915.24,both,-29844.19,False
2024-08-21,71.05000305175781,29914.29,both,-29843.24,False
2024-08-22,71.05000305175781,30141.08,both,-30070.03,False
2024-08-25,71.05000305175781,30073.95,both,-30002.9,False
2024-08-26,71.05000305175781,30133.81,both,-30062.76,False
2024-08-27,71.05000305175781,30363.15,both,-30292.1,False
2024-08-28,71.05000305175781,30709.59,both,-30638.54,False
2024-08-29,71.05000305175781,30774.19,both,-30703.14,False
2024-09-01,71.05000305175781,30902.88,both,-30831.83,False
2024-09-02,71.05000305175781,30731.98,both,-30660.93,False
2024-09-03,71.05000305175781,31018.48,both,-30947.43,False
2024-09-04,71.05000305175781,30998.19,both,-30927.14,False
2024-09-05,71.05000305175781,31029.7,both,-30958.65,False
2024-09-08,71.05000305175781,30273.73,both,-30202.68,False
2024-09-09,71.05000305175781,30374.96,both,-30303.91,False
2024-09-10,71.05000305175781,30104.35,both,-30033.3,False
2024-09-11,71.05000305175781,30485.63,both,-30414.58,False
2024-09-12,71.05000305175781,30497.83,both,-30426.78,False
2024-09-16,71.05000305175781,30260.24,both,-30189.19,False
2024-09-17,71.05000305175781,30159.15,both,-30088.1,False
2024-09-18,71.05000305175781,30342.46,both,-30271.41,False
2024-09-19,71.05000305175781,30937.69,both,-30866.64,False
2024-09-22,71.05000305175781,31038.41,both,-30967.36,False
2024-09-23,71.05000305175781,31022.54,both,-30951.49,False
2024-09-24,71.05000305175781,30871.1,both,-30800.05,False
2024-09-25,71.05000305175781,31250.64,both,-31179.59,False
2024-09-26,71.05000305175781,31276.91,both,-31205.86,False
2024-09-29,71.05000305175781,31459.09,both,-31388.04,False
2024-09-30,71.05000305175781,31587.04,both,-31515.99,False
2024-10-01,71.05000305175781,31866.06,both,-31795.01,False
2024-10-02,71.05000305175781,31332.73,both,-31261.68,False
2024-10-03,71.05000305175781,31720.5,both,-31649.45,False
2024-10-07,71.05000305175781,31819.16,both,-31748.11,False
2024-10-08,71.05000305175781,30851.63,both,-30780.58,False
2024-10-09,71.05000305175781,31175.43,both,-31104.38,False
2024-10-10,71.05000305175781,30762.32,both,-30691.27,False
2024-10-13,71.05000305175781,29954.12,both,-29883.07,False
2024-10-14,71.05000305175781,30273.06,both,-30202.01,False
2024-10-15,71.05000305175781,30584.24,both,-30513.19,False
2024-10-16,71.05000305175781,30545.11,both,-30474.06,False
2024-10-17,71.05000305175781,30143.86,both,-30072.81,False
2024-10-20,71.05000305175781,29528.79,both,-29457.74,False
2024-10-21,71.05000305175781,30445.2,both,-30374.15,False
2024-10-22,71.05000305175781,30427.35,both,-30356.3,False
2024-10-23,71.05000305175781,30414.05,both,-30343.0,False
2024-10-24,71.05000305175781,30552.82,both,-30481.77,False
2024-10-27,71.05000305175781,30812.23,both,-30741.18,False
2024-10-28,71.05000305175781,30773.53,both,-30702.48,False
2024-10-29,71.05000305175781,30619.96,both,-30548.91,False
2024-10-30,71.05000305175781,30371.26,both,-30300.21,False
2024-10-31,71.05000305175781,30658.0,both,-30586.95,False
2024-11-03,71.05000305175781,30833.13,both,-30762.08,False
2024-11-04,71.05000305175781,30650.04,both,-30578.99,False
2024-11-05,71.05000305175781,30793.94,both,-30722.89,False
2024-11-06,71.05000305175781,31045.26,both,-30974.21,False
2024-11-07,71.05000305175781,31267.47,both,-31196.42,False
2024-11-10,71.05000305175781,31394.33,both,-31323.28,False
2024-11-11,71.05000305175781,31621.29,both,-31550.24,False
2024-11-12,71.05000305175781,31582.39,both,-31511.34,False
2024-11-13,71.05000305175781,31433.01,both,-31361.96,False
2024-11-14,71.05000305175781,31462.21,both,-31391.16,False
2024-11-17,71.05000305175781,31252.07,both,-31181.02,False
2024-11-18,71.05000305175781,30864.34,both,-30793.29,False
2024-11-19,71.05000305175781,30688.3,both,-30617.25,False
2024-11-20,71.05000305175781,30587.99,both,-30516.94,False
2024-11-21,71.05000305175781,30631.8,both,-30560.75,False
2024-11-24,71.05000305175781,30397.22,both,-30326.17,False
2024-11-25,71.05000305175781,30270.51,both,-30199.46,False
2024-11-26,71.05000305175781,30284.35,both,-30213.3,False
2024-11-27,71.05000305175781,29846.04,both,-29774.99,False
2024-11-28,71.05000305175781,30242.13,both,-30171.08,False
2024-12-01,71.05000305175781,30497.13,both,-30426.08,False
2024-12-02,71.05000305175781,30525.32,both,-30454.27,False
2024-12-03,71.05000305175781,30628.74,both,-30557.69,False
2024-12-04,71.05000305175781,30832.61,both,-30761.56,False
2024-12-05,71.05000305175781,30839.57,both,-30768.52,False
2024-12-08,71.05000305175781,31060.51,both,-30989.46,False
2024-12-09,71.05000305175781,31005.12,both,-30934.07,False
2024-12-10,71.05000305175781,30617.83,both,-30546.78,False
2024-12-11,71.05000305175781,30739.26,both,-30668.21,False
2024-12-12,71.05000305175781,30795.09,both,-30724.04,False
2024-12-15,71.05000305175781,30776.0,both,-30704.95,False
2024-12-16,71.05000305175781,30799.43,both,-30728.38,False
2024-12-17,71.05000305175781,30601.64,both,-30530.59,False
2024-12-18,71.05000305175781,30503.07,both,-30432.02,False
2024-12-19,71.05000305175781,30526.71,both,-30455.66,False
2024-12-22,71.05000305175781,30372.7,both,-30301.65,False
2024-12-23,71.05000305175781,30118.38,both,-30047.33,False
2024-12-24,71.05000305175781,29973.15,both,-29902.1,False
2024-12-25,71.05000305175781,30005.0,both,-29933.95,False
2024-12-26,71.05000305175781,29957.97,both,-29886.92,False
2024-12-29,71.05000305175781,29594.48,both,-29523.43,False
2024-12-30,71.05000305175781,29325.2,both,-29254.15,False
2024-12-31,71.05000305175781,29740.58,both,-29669.53,False
2025-01-02,71.05000305175781,30060.48,both,-29989.43,False
2025-01-05,71.05000305175781,30183.61,both,-30112.56,False
2025-01-06,71.05000305175781,29929.64,both,-29858.59,False
2025-01-08,71.05000305175781,29785.91,both,-29714.86,False
2025-01-09,71.05000305175781,29444.65,both,-29373.6,False
2025-01-12,71.05000305175781,29277.45,both,-29206.4,False
2025-01-13,71.05000305175781,28556.28,both,-28485.23,False
2025-01-14,71.05000305175781,28967.09,both,-28896.04,False
2025-01-15,71.05000305175781,29389.93,both,-29318.88,False
2025-01-16,71.05000305175781,29605.12,both,-29534.07,False
2025-01-19,71.05000305175781,29728.61,both,-29657.56,False
2025-01-20,71.05000305175781,29619.39,both,-29548.34,False
2025-01-21,71.05000305175781,29826.58,both,-29755.53,False
2025-01-22,71.05000305175781,29979.14,both,-29908.09,False
2025-01-23,71.05000305175781,29997.69,both,-29926.64,False
2025-01-26,71.05000305175781,30034.85,both,-29963.8,False
2025-01-27,71.05000305175781,29742.12,both,-29671.07,False
2025-01-28,71.05000305175781,29646.6,both,-29575.55,False
2025-01-29,71.05000305175781,29891.61,both,-29820.56,False
2025-01-30,71.05000305175781,30010.62,both,-29939.57,False
2025-02-02,71.05000305175781,29917.96,both,-29846.91,False
2025-02-03,71.05000305175781,29754.77,both,-29683.72,False
2025-02-04,71.05000305175781,29668.47,both,-29597.42,False
2025-02-05,71.05000305175781,29735.59,both,-29664.54,False
2025-02-06,71.05000305175781,30011.84,both,-29940.79,False
2025-02-09,71.05000305175781,30014.27,both,-29943.22,False
2025-02-10,71.05000305175781,29905.41,both,-29834.36,False
2025-02-11,71.05000305175781,29564.21,both,-29493.16,False
2025-02-12,71.05000305175781,29661.99,both,-29590.94,False
2025-02-13,71.05000305175781,29997.11,both,-29926.06,False
2025-02-16,71.05000305175781,30443.82,both,-30372.77,False
2025-02-17,71.05000305175781,30436.71,both,-30365.66,False
2025-02-18,71.05000305175781,30587.81,both,-30516.76,False
2025-02-19,71.05000305175781,30875.28,both,-30804.23,False
2025-02-20,71.05000305175781,30914.72,both,-30843.67,False
2025-02-23,71.05000305175781,31010.25,both,-30939.2,False
2025-02-24,71.05000305175781,30925.29,both,-30854.24,False
2025-02-25,71.05000305175781,30654.92,both,-30583.87,False
2025-02-26,71.05000305175781,30631.95,both,-30560.9,False
2025-02-27,71.05000305175781,30610.44,both,-30539.39,False
2025-03-02,71.05000305175781,30857.77,both,-30786.72,False
2025-03-03,71.05000305175781,30988.51,both,-30917.46,False
2025-03-04,71.05000305175781,30762.85,both,-30691.8,False
2025-03-05,71.05000305175781,30876.44,both,-30805.39,False
2025-03-06,71.05000305175781,30947.44,both,-30876.39,False
2025-03-09,71.05000305175781,31130.68,both,-31059.63,False
2025-03-10,71.05000305175781,31137.03,both,-31065.98,False
2025-03-11,71.05000305175781,30935.23,both,-30864.18,False
2025-03-12,71.05000305175781,31049.03,both,-30977.98,False
2025-03-13,71.05000305175781,31290.62,both,-31219.57,False
2025-03-16,71.05000305175781,31338.34,both,-31267.29,False
2025-03-17,71.05000305175781,31458.59,both,-31387.54,False
2025-03-18,71.05000305175781,31608.69,both,-31537.64,False
2025-03-19,71.05000305175781,31348.47,both,-31277.42,False
2025-03-20,71.05000305175781,31677.58,both,-31606.53,False
2025-03-23,71.05000305175781,31933.76,both,-31862.71,False
2025-03-24,71.05000305175781,31810.98,both,-31739.93,False
2025-03-25,71.05000305175781,31761.97,both,-31690.92,False
2025-03-26,71.05000305175781,31744.3,both,-31673.25,False
2025-03-27,71.05000305175781,32026.14,both,-31955.09,False
2025-04-03,71.05000305175781,31699.58,both,-31628.53,False
2025-04-06,71.05000305175781,30639.52,both,-30568.47,False
2025-04-07,71.05000305175781,30453.94,both,-30382.89,False
2025-04-08,71.05000305175781,30648.98,both,-30577.93,False
2025-04-09,71.05000305175781,30079.93,both,-30008.88,False
2025-04-10,71.05000305175781,30810.7,both,-30739.65,False
2025-04-13,71.05000305175781,31174.62,both,-31103.57,False
2025-04-14,71.05000305175781,31182.37,both,-31111.32,False
2025-04-15,71.05000305175781,31185.03,both,-31113.98,False
2025-04-16,71.05000305175781,31030.7,both,-30959.65,False
2025-04-17,71.05000305175781,31062.95,both,-30991.9,False
2025-04-22,71.05000305175781,30844.18,both,-30773.13,False
2025-04-23,71.05000305175781,31640.22,both,-31569.17,False
2025-04-27,71.05000305175781,31855.12,both,-31784.07,False
2025-04-28,71.05000305175781,32015.02,both,-31943.97,False
2025-04-29,71.05000305175781,32043.48,both,-31972.43,False
2025-04-30,71.05000305175781,32126.22,both,-32055.17,False
2025-05-04,71.05000305175781,32351.66,both,-32280.61,False
2025-05-05,71.05000305175781,32211.75,both,-32140.7,False
2025-05-06,71.05000305175781,32285.45,both,-32214.4,False
2025-05-07,71.05000305175781,31840.44,both,-31769.39,False
2025-05-08,71.05000305175781,31772.04,both,-31700.99,False
2025-05-11,71.05000305175781,31427.98,both,-31356.93,False
2025-05-12,71.05000305175781,31577.01,both,-31505.96,False
2025-05-13,71.05000305175781,31692.77,both,-31621.72,False
2025-05-14,71.05000305175781,31827.86,both,-31756.81,False
2025-05-15,71.05000305175781,31941.15,both,-31870.1,False
2025-05-18,71.05000305175781,31713.7,both,-31642.65,False
2025-05-19,71.05000305175781,31355.82,both,-31284.77,False
2025-05-20,71.05000305175781,31629.34,both,-31558.29,False
2025-05-21,71.05000305175781,31836.63,both,-31765.58,False
2025-05-22,71.05000305175781,31975.63,both,-31904.58,False
2025-05-25,71.05000305175781,32023.89,both,-31952.84,False
2025-05-26,71.05000305175781,31922.5,both,-31851.45,False
2025-05-27,71.05000305175781,32397.38,both,-32326.33,False
2025-05-28,71.05000305175781,32493.89,both,-32422.84,False
2025-05-29,71.05000305175781,32696.79,both,-32625.74,False
2025-06-01,71.05000305175781,32500.03,both,-32428.98,False
2025-06-02,71.05000305175781,32325.12,both,-32254.07,False
2025-06-03,71.05000305175781,32355.41,both,-32284.36,False
2025-06-04,71.05000305175781,32677.87,both,-32606.82,False
2025-06-10,71.05000305175781,32904.06,both,-32833.01,False
2025-06-11,71.05000305175781,32935.19,both,-32864.14,False
2025-06-12,71.05000305175781,32511.68,both,-32440.63,False
2025-06-15,71.05000305175781,31016.0,both,-30944.95,False
2025-06-16,71.05000305175781,31042.36,both,-30971.31,False
2025-06-17,71.05000305175781,30725.96,both,-30654.91,False
2025-06-18,71.05000305175781,30838.98,both,-30767.93,False
2025-06-19,71.05000305175781,30248.44,both,-30177.39,False
2025-06-22,71.05000305175781,31055.98,both,-30984.93,False
2025-06-23,71.05000305175781,31418.74,both,-31347.69,False
2025-06-24,71.05000305175781,32598.55,both,-32527.5,False
2025-06-25,71.05000305175781,33002.85,both,-32931.8,False
2025-06-29,71.05000305175781,33206.76,both,-33135.71,False
2025-06-30,71.05000305175781,32857.62,both,-32786.57,False
2025-07-01,71.05000305175781,32707.22,both,-32636.17,False
2025-07-02,71.05000305175781,32820.49,both,-32749.44,False
2025-07-06,71.05000305175781,,left_only,,False
2025-07-07,71.05000305175781,33037.62,both,-32966.57,False
2025-07-09,71.05000305175781,33152.39,both,-33081.34,False
2025-07-10,71.05000305175781,33324.38,both,-33253.33,False
2025-07-13,71.05000305175781,33053.47,both,-32982.42,False
2025-07-14,71.05000305175781,33727.44,both,-33656.39,False
2025-07-15,71.05000305175781,33934.63,both,-33863.58,False
2025-07-16,71.05000305175781,33473.77,both,-33402.72,False
2025-07-17,71.05000305175781,33821.03,both,-33749.98,False
2025-07-20,71.05000305175781,34071.0,both,-33999.95,False
2025-07-21,71.05000305175781,34129.59,both,-34058.54,False
2025-07-22,71.05000305175781,33803.34,both,-33732.29,False
2025-07-23,71.05000305175781,34125.12,both,-34054.07,False
2025-07-27,71.05000305175781,34554.24,both,-34483.19,False
2025-07-28,71.05000305175781,34076.22,both,-34005.17,False
2025-07-29,71.05000305175781,34085.74,both,-34014.69,False
2025-07-30,71.05000305175781,33859.68,both,-33788.63,False
2025-07-31,71.05000305175781,34198.0,both,-34126.95,False
2025-08-03,71.05000305175781,34272.16,both,-34201.11,False
2025-08-04,71.05000305175781,34704.51,both,-34633.46,False
2025-08-05,71.05000305175781,35254.18,both,-35183.13,False
2025-08-06,71.05000305175781,35480.25,both,-35409.2,False
2025-08-07,71.05000305175781,35809.36,both,-35738.31,False
2025-08-10,71.05000305175781,36109.77,both,-36038.72,False
2025-08-11,71.05000305175781,35908.5,both,-35837.45,False
2025-08-12,71.05000305175781,36003.65,both,-35932.6,False
2025-08-13,71.05000305175781,35855.26,both,-35784.21,False
2025-08-14,71.05000305175781,35576.42,both,-35505.37,False
2025-08-17,71.05000305175781,35972.77,both,-35901.72,False
2025-08-18,71.05000305175781,35824.78,both,-35753.73,False
2025-08-19,71.05000305175781,36100.07,both,-36029.02,False
2025-08-20,71.05000305175781,35731.83,both,-35660.78,False
2025-08-21,71.05000305175781,35622.26,both,-35551.21,False
2025-08-24,71.05000305175781,35811.88,both,-35740.83,False
2025-08-25,71.05000305175781,35810.57,both,-35739.52,False
2025-08-26,71.05000305175781,35358.34,both,-35287.29,False
2025-08-27,71.05000305175781,35676.19,both,-35605.14,False
2025-08-28,71.05000305175781,35727.19,both,-35656.14,False
2025-08-31,71.05000305175781,35148.14,both,-35077.09,False
2025-09-01,71.05000305175781,35158.88,both,-35087.83,False
2025-09-02,71.05000305175781,35156.93,both,-35085.88,False
2025-09-03,71.05000305175781,34761.97,both,-34690.92,False
2025-09-07,71.05000305175781,34455.41,both,-34384.36,False
2025-09-08,71.05000305175781,34601.53,both,-34530.48,False
2025-09-09,71.05000305175781,34386.33,both,-34315.28,False
2025-09-10,71.05000305175781,34670.1,both,-34599.05,False
2025-09-11,71.05000305175781,34937.44,both,-34866.39,False
2025-09-14,71.05000305175781,35111.82,both,-35040.77,False
2025-09-15,71.05000305175781,35165.84,both,-35094.79,False
2025-09-16,71.05000305175781,34840.82,both,-34769.77,False
2025-09-17,71.05000305175781,34974.84,both,-34903.79,False
2025-09-18,71.05000305175781,35403.0,both,-35331.95,False
2025-09-21,71.05000305175781,35247.04,both,-35175.99,False
2025-09-22,71.05000305175781,35210.7,both,-35139.65,False
2025-09-23,71.05000305175781,35328.63,both,-35257.58,False
2025-09-24,71.05000305175781,35949.12,both,-35878.07,False
2025-09-25,71.05000305175781,35671.43,both,-35600.38,False
2025-09-28,71.05000305175781,36166.08,both,-36095.03,False
2025-09-29,71.05000305175781,36391.0,both,-36319.95,False
2025-09-30,71.05000305175781,36670.08,both,-36599.03,False
2025-10-01,71.05000305175781,36769.18,both,-36698.13,False
2025-10-02,71.05000305175781,36900.7,both,-36829.65,False
2025-10-05,71.05000305175781,37210.83,both,-37139.78,False
2025-10-06,71.05000305175781,37094.8,both,-37023.75,False
2025-10-07,71.05000305175781,37097.37,both,-37026.32,False
2025-10-08,71.05000305175781,37376.93,both,-37305.88,False
2025-10-12,71.05000305175781,37378.58,both,-37307.53,False
2025-10-13,71.05000305175781,37409.85,both,-37338.8,False
2025-10-14,71.05000305175781,37459.13,both,-37388.08,False
2025-10-15,71.05000305175781,37654.04,both,-37582.99,False
2025-10-16,71.05000305175781,37677.19,both,-37606.14,False
2025-10-19,71.05000305175781,37909.61,both,-37838.56,False
2025-10-20,71.05000305175781,37975.06,both,-37904.01,False
2025-10-21,71.05000305175781,37698.49,both,-37627.44,False
2025-10-22,71.05000305175781,37576.55,both,-37505.5,False
2025-10-23,71.05000305175781,37687.04,both,-37615.99,False
2025-10-26,71.05000305175781,38101.96,both,-38030.91,False
2025-10-27,71.05000305175781,38162.01,both,-38090.96,False
2025-10-28,71.05000305175781,38304.94,both,-38233.89,False
2025-10-29,71.05000305175781,38229.53,both,-38158.48,False
2025-10-30,71.05000305175781,38267.8,both,-38196.75,False
2025-11-02,71.05000305175781,38082.88,both,-38011.83,False
2025-11-03,71.05000305175781,38622.84,both,-38551.79,False
2025-11-04,71.05000305175781,39065.73,both,-38994.68,False
2025-11-05,71.05000305175781,39132.25,both,-39061.2,False
2025-11-06,71.05000305175781,39949.66,both,-39878.61,False
2025-11-09,71.05000305175781,40821.96,both,-40750.91,False
2025-11-10,71.05000305175781,40427.35,both,-40356.3,False
2025-11-11,71.05000305175781,40261.16,both,-40190.11,False
2025-11-12,71.05000305175781,40228.76,both,-40157.71,False
2025-11-13,71.05000305175781,40190.62,both,-40119.57,False
2025-11-16,71.05000305175781,41211.27,both,-41140.22,False
2025-11-17,71.05000305175781,41065.75,both,-40994.7,False
2025-11-18,71.05000305175781,40501.28,both,-40430.23,False
2025-11-19,71.05000305175781,40509.16,both,-40438.11,False
2025-11-20,71.05000305175781,40302.39,both,-40231.34,False
2025-11-23,71.05000305175781,40445.66,both,-40374.61,False
2025-11-24,71.05000305175781,39725.26,both,-39654.21,False
2025-11-25,71.05000305175781,39902.53,both,-39831.48,False
2025-11-26,71.05000305175781,39537.25,both,-39466.2,False
2025-11-27,71.05000305175781,40039.24,both,-39968.19,False
2025-11-30,71.05000305175781,40753.45,both,-40682.4,False
2025-12-01,71.05000305175781,40693.92,both,-40622.87,False
2025-12-02,71.05000305175781,40625.63,both,-40554.58,False
2025-12-03,71.05000305175781,41342.03,both,-41270.98,False
2025-12-04,71.05000305175781,41499.07,both,-41428.02,False
2025-12-07,71.05000305175781,41762.43,both,-41691.38,False
2025-12-08,71.05000305175781,41963.24,both,-41892.19,False
2025-12-09,71.05000305175781,41940.62,both,-41869.57,False
2025-12-10,71.05000305175781,42052.79,both,-41981.74,False
2025-12-11,71.05000305175781,42033.78,both,-41962.73,False
2025-12-14,71.05000305175781,42065.2,both,-41994.15,False
2025-12-15,71.05000305175781,42305.36,both,-42234.31,False
2025-12-16,71.05000305175781,42002.37,both,-41931.32,False
2025-12-17,71.05000305175781,41504.03,both,-41432.98,False
2025-12-18,71.05000305175781,40926.86,both,-40855.81,False
2025-12-21,71.05000305175781,41348.38,both,-41277.33,False
2025-12-22,71.05000305175781,41102.76,both,-41031.71,False
2025-12-23,71.05000305175781,41419.32,both,-41348.27,False
2025-12-24,71.05000305175781,41508.31,both,-41437.26,False
2025-12-25,71.05000305175781,41253.02,both,-41181.97,False
2025-12-28,71.05000305175781,41604.74,both,-41533.69,False
2025-12-29,71.05000305175781,41731.68,both,-41660.63,False
2025-12-30,71.05000305175781,41689.96,both,-41618.91,False
2025-12-31,71.05000305175781,41828.97,both,-41757.92,False
2026-01-04,71.05000305175781,40898.15,both,-40827.1,False
2026-01-05,71.05000305175781,40676.98,both,-40605.93,False
2026-01-06,71.05000305175781,41543.46,both,-41472.41,False
2026-01-08,71.05000305175781,41856.76,both,-41785.71,False
2026-01-11,71.05000305175781,42895.41,both,-42824.36,False
2026-01-12,71.05000305175781,43404.25,both,-43333.2,False
2026-01-13,71.05000305175781,43684.22,both,-43613.17,False
2026-01-14,71.05000305175781,43058.34,both,-42987.29,False
2026-01-15,71.05000305175781,43346.87,both,-43275.82,False
2026-01-18,71.05000305175781,43952.52,both,-43881.47,False
2026-01-19,71.05000305175781,45048.44,both,-44977.39,False
2026-01-20,71.05000305175781,45905.16,both,-45834.11,False
2026-01-21,71.05000305175781,46048.69,both,-45977.64,False
2026-01-22,71.05000305175781,46462.32,both,-46391.27,False
2026-01-25,71.05000305175781,46857.73,both,-46786.68,False
2026-01-26,71.05000305175781,47507.43,both,-47436.38,False
2026-01-27,71.05000305175781,47834.55,both,-47763.5,False
2026-01-28,71.05000305175781,47785.93,both,-47714.88,False
2026-02-01,71.05000305175781,47662.74,both,-47591.69,False
2026-02-02,71.05000305175781,47606.28,both,-47535.23,False
2026-02-03,71.05000305175781,48978.48,both,-48907.43,False
2026-02-04,71.05000305175781,49631.56,both,-49560.51,False
2026-02-05,71.05000305175781,49739.03,both,-49667.98,False
2026-02-08,71.05000305175781,50035.23,both,-49964.18,False
2026-02-09,71.05000305175781,50293.53,both,-50222.48,False
2026-02-10,71.05000305175781,50376.15,both,-50305.1,False
2026-02-11,71.05000305175781,49700.24,both,-49629.19,False
2026-02-12,71.05000305175781,50490.2,both,-50419.15,False
2026-02-15,71.05000305175781,52308.32,both,-52237.27,False
2026-02-16,71.05000305175781,51493.53,both,-51422.48,False
2026-02-17,71.05000305175781,51833.76,both,-51762.71,False
2026-02-18,71.05000305175781,52222.34,both,-52151.29,False
2026-02-19,71.05000305175781,50667.67,both,-50596.62,False
2026-02-22,71.05000305175781,49560.88,both,-49489.83,False
2026-02-23,71.05000305175781,50870.06,both,-50799.01,False
2026-02-24,71.05000305175781,50390.21,both,-50319.16,False
2026-02-25,71.05000305175781,49014.32,both,-48943.27,False
2026-02-26,71.05000305175781,49212.83,both,-49141.78,False
2026-03-01,71.05000305175781,47984.26,both,-47913.21,False
2026-03-02,71.05000305175781,47692.49,both,-47621.44,False
2026-03-03,71.05000305175781,46725.81,both,-46654.76,False
2026-03-04,71.05000305175781,46452.14,both,-46381.09,False
2026-03-05,71.05000305175781,47516.44,both,-47445.39,False
2026-03-08,71.05000305175781,46774.24,both,-46703.19,False
2026-03-09,71.05000305175781,46414.85,both,-46343.8,False
2026-03-10,71.05000305175781,47772.74,both,-47701.69,False
2026-03-11,71.05000305175781,47195.39,both,-47124.34,False
2026-03-12,71.05000305175781,46790.96,both,-46719.91,False
2026-03-15,71.05000305175781,45926.93,both,-45855.88,False
2026-03-16,71.05000305175781,45187.72,both,-45116.67,False
2026-03-17,71.05000305175781,46054.61,both,-45983.56,False
2026-03-18,71.05000305175781,47611.96,both,-47540.91,False
2026-03-19,71.05000305175781,,left_only,,False
2026-03-24,71.05000305175781,46930.88,both,-46859.83,False
2026-03-25,71.05000305175781,47497.91,both,-47426.86,False
2026-03-26,71.05000305175781,47001.89,both,-46930.84,False
2026-03-29,71.05000305175781,46404.27,both,-46333.22,False
2026-03-30,71.05000305175781,45189.89,both,-45118.84,False
2026-03-31,71.05000305175781,45321.59,both,-45250.54,False
2026-04-01,71.05000305175781,46731.49,both,-46660.44,False
2026-04-02,71.05000305175781,46399.0,both,-46327.95,False
2026-04-05,71.05000305175781,47276.43,both,-47205.38,False
2026-04-06,71.05000305175781,47651.58,both,-47580.53,False
2026-04-07,71.05000305175781,46681.78,both,-46610.73,False
2026-04-08,71.05000305175781,48593.99,both,-48522.94,False
2026-04-09,71.05000305175781,49078.6,both,-49007.55,False
2026-04-12,,49078.6,right_only,,False
2026-04-14,71.05000305175781,49978.62,both,-49907.57,False
2026-04-15,71.05000305175781,50733.14,both,-50662.09,False
2026-04-16,71.05000305175781,51437.78,both,-51366.73,False
2026-04-19,71.05000305175781,52372.64,both,-52301.59,False
2026-04-20,71.05000305175781,51813.43,both,-51742.38,False
2026-04-21,71.05000305175781,51977.34,both,-51906.29,False
2026-04-22,71.05000305175781,51962.39,both,-51891.34,False
2026-04-23,71.05000305175781,52375.39,both,-52304.34,False
2026-04-26,71.05000305175781,52421.14,both,-52350.09,False
2026-04-27,71.05000305175781,52719.12,both,-52648.07,False
2026-04-28,71.05000305175781,52230.61,both,-52159.56,False
2026-04-29,71.05000305175781,52383.13,both,-52312.08,False
2026-04-30,71.05000305175781,51760.97,both,-51689.92,False
2026-05-03,71.05000305175781,52312.7,both,-52241.65,False
2026-05-04,71.05000305175781,51973.5,both,-51902.45,False
2026-05-05,71.05000305175781,52557.63,both,-52486.58,False
2026-05-06,71.05000305175781,53605.08,both,-53534.03,False
2026-05-10,71.05000305175781,54628.68,both,-54557.63,False
2026-05-11,71.05000305175781,54475.49,both,-54404.44,False
2026-05-12,71.05000305175781,54058.75,both,-53987.7,False
2026-05-13,71.05000305175781,53416.17,both,-53345.12,False
2026-05-14,71.05000305175781,53154.84,both,-53083.79,False
2026-05-17,71.05000305175781,52364.34,both,-52293.29,False
2026-05-18,71.05000305175781,52007.0,both,-51935.95,False
2026-05-19,71.05000305175781,52774.98,both,-52703.93,False
2026-05-20,71.05000305175781,51936.75,both,-51865.7,False
2026-05-21,71.05000305175781,52090.96,both,-52019.91,False
2026-05-24,71.05000305175781,52861.47,both,-52790.42,False
2026-05-25,71.05000305175781,52658.75,both,-52587.7,False
2026-05-26,71.05000305175781,,left_only,,False
2026-05-27,71.05000305175781,,left_only,,False
2026-05-28,71.05000305175781,,left_only,,False
2026-06-01,71.05000305175781,52853.94,both,-52782.89,False
2026-06-02,71.05000305175781,52927.02,both,-52855.97,False
2026-06-03,71.05000305175781,52564.42,both,-52493.37,False
2026-06-04,71.05000305175781,52652.53,both,-52581.48,False
2026-06-07,71.05000305175781,52164.6,both,-52093.55,False
2026-06-08,71.05000305175781,51882.81,both,-51811.76,False
2026-06-09,71.05000305175781,52374.8,both,-52303.75,False
2026-06-10,71.05000305175781,51256.65,both,-51185.6,False
2026-06-11,71.05000305175781,50818.84,both,-50747.79,False
2026-06-14,71.05000305175781,51994.63,both,-51923.58,False
2026-06-15,71.05000305175781,52306.66,both,-52235.61,False
2026-06-16,71.05000305175781,52047.15,both,-51976.1,False
2026-06-17,71.05000305175781,52621.84,both,-52550.79,False
2026-06-18,71.05000305175781,,left_only,,False
2026-06-21,71.05000305175781,52679.45,both,-52608.4,False
2026-06-22,71.05000305175781,52585.72,both,-52514.67,False
2026-06-23,71.05000305175781,51769.74,both,-51698.69,False
2026-06-24,71.05000305175781,51710.9,both,-51639.85,False
2026-06-25,71.05000305175781,51443.07,both,-51372.02,False
2026-06-28,71.05000305175781,50344.37,both,-50273.32,False
2026-06-29,71.05000305175781,49825.58,both,-49754.53,False
2026-06-30,71.05000305175781,50487.96,both,-50416.91,False
2026-07-01,71.05000305175781,50532.7,both,-50461.65,False
2026-07-05,71.05000305175781,51130.89,both,-51059.84,False
2026-07-06,71.05000305175781,52502.74,both,-52431.69,False
2026-07-07,71.05000305175781,53006.11,both,-52935.06,False
2026-07-08,71.05000305175781,52028.37,both,-51957.32,False
2026-07-09,71.05000305175781,52311.51,both,-52240.46,False
2026-07-12,71.05000305175781,52256.18,both,-52185.13,False
2026-07-13,71.05000305175781,52608.28,both,-52537.23,False
2026-07-14,71.05000305175781,52299.31,both,-52228.26,False
2026-07-15,71.05000305175781,52558.39,both,-52487.34,False
2026-07-16,71.05000305175781,52928.06,both,-52857.01,False
2026-07-19,71.05000305175781,52560.1,both,-52489.05,False
2026-07-20,71.05000305175781,53126.01,both,-53054.96,False
2026-07-21,71.05000305175781,53989.55,both,-53918.5,False
2026-07-22,71.05000305175781,53931.92,both,-53860.87,False
2026-07-26,71.05000305175781,,left_only,,False
2026-07-27,71.05000305175781,,left_only,,False
2026-07-28,71.05000305175781,,left_only,,False
2026-07-29,71.05000305175781,,left_only,,False
2026-07-30,71.05000305175781,,left_only,,False
