date,fetched_close,reference_close,_merge,diff,match
2014-12-23,,8710.6,right_only,,False
2014-12-24,,8766.12,right_only,,False
2014-12-25,,8740.12,right_only,,False
2014-12-28,,8745.16,right_only,,False
2014-12-29,,8958.13,right_only,,False
2014-12-30,,9005.75,right_only,,False
2014-12-31,,8926.58,right_only,,False
2015-01-04,,8942.65,right_only,,False
2015-01-05,,9011.07,right_only,,False
2015-01-06,,8798.94,right_only,,False
2015-01-08,,8946.34,right_only,,False
2015-01-11,,8909.75,right_only,,False
2015-01-12,,9109.23,right_only,,False
2015-01-13,,9308.98,right_only,,False
2015-01-14,,9544.08,right_only,,False
2015-01-15,,9555.99,right_only,,False
2015-01-18,,9530.92,right_only,,False
2015-01-19,,9599.1,right_only,,False
2015-01-20,,9804.18,right_only,,False
2015-01-21,,9856.3,right_only,,False
2015-01-22,,9898.86,right_only,,False
2015-01-26,,9834.81,right_only,,False
2015-01-27,,9946.58,right_only,,False
2015-01-28,,9863.73,right_only,,False
2015-01-29,,9843.1,right_only,,False
2015-02-01,,9779.76,right_only,,False
2015-02-02,,9830.46,right_only,,False
2015-02-03,,9954.34,right_only,,False
2015-02-04,,10045.93,right_only,,False
2015-02-05,,9965.43,right_only,,False
2015-02-08,,9957.93,right_only,,False
2015-02-09,,9884.46,right_only,,False
2015-02-10,,9900.65,right_only,,False
2015-02-11,,9770.78,right_only,,False
2015-02-12,,9747.36,right_only,,False
2015-02-15,,9789.79,right_only,,False
2015-02-16,,9585.92,right_only,,False
2015-02-17,,9433.85,right_only,,False
2015-02-18,,9537.23,right_only,,False
2015-02-19,,9481.2,right_only,,False
2015-02-22,,9494.55,right_only,,False
2015-02-23,,9601.14,right_only,,False
2015-02-24,,9611.66,right_only,,False
2015-02-25,,9469.08,right_only,,False
2015-02-26,,9334.01,right_only,,False
2015-03-01,,9283.59,right_only,,False
2015-03-02,,9456.33,right_only,,False
2015-03-03,,9475.27,right_only,,False
2015-03-04,,9461.06,right_only,,False
2015-03-05,,9575.98,right_only,,False
2015-03-08,,9638.41,right_only,,False
2015-03-09,,9713.61,right_only,,False
2015-03-10,,9709.5,right_only,,False
2015-03-11,,9576.46,right_only,,False
2015-03-12,,9640.77,right_only,,False
2015-03-15,,9726.03,right_only,,False
2015-03-16,,9529.01,right_only,,False
2015-03-17,,9561.33,right_only,,False
2015-03-18,,9484.08,right_only,,False
2015-03-19,,9518.28,right_only,,False
2015-03-22,,9354.73,right_only,,False
2015-03-23,,9374.12,right_only,,False
2015-03-24,,9367.54,right_only,,False
2015-03-25,,9198.46,right_only,,False
2015-03-26,,9052.5,right_only,,False
2015-03-29,,9062.99,right_only,,False
2015-03-30,,9118.97,right_only,,False
2015-03-31,,9134.78,right_only,,False
2015-04-01,,9099.33,right_only,,False
2015-04-02,,8891.73,right_only,,False
2015-04-05,,8607.66,right_only,,False
2015-04-06,,8508.24,right_only,,False
2015-04-07,,8716.37,right_only,,False
2015-04-08,,8788.9,right_only,,False
2015-04-09,,8892.53,right_only,,False
2015-04-14,,8927.53,right_only,,False
2015-04-15,,8896.68,right_only,,False
2015-04-16,,8886.84,right_only,,False
2015-04-19,,8765.34,right_only,,False
2015-04-20,,8595.78,right_only,,False
2015-04-21,,8575.27,right_only,,False
2015-04-22,,8629.49,right_only,,False
2015-04-23,,8731.29,right_only,,False
2015-04-26,,8633.86,right_only,,False
2015-04-27,,8493.68,right_only,,False
2015-04-28,,8330.52,right_only,,False
2015-04-29,,8488.49,right_only,,False
2015-04-30,,8672.29,right_only,,False
2015-05-03,,8562.97,right_only,,False
2015-05-04,,8652.12,right_only,,False
2015-05-05,,8828.33,right_only,,False
2015-05-06,,8756.31,right_only,,False
2015-05-07,,8742.42,right_only,,False
2015-05-10,,8692.0,right_only,,False
2015-05-11,,8691.85,right_only,,False
2015-05-12,,8674.34,right_only,,False
2015-05-13,,8526.43,right_only,,False
2015-05-14,,8303.37,right_only,,False
2015-05-17,,8260.92,right_only,,False
2015-05-18,,8798.17,right_only,,False
2015-05-19,,8877.68,right_only,,False
2015-05-20,,8826.45,right_only,,False
2015-05-21,,8988.03,right_only,,False
2015-05-24,,9121.92,right_only,,False
2015-05-25,,9050.76,right_only,,False
2015-05-26,,8975.32,right_only,,False
2015-05-27,,8966.71,right_only,,False
2015-05-28,,8912.05,right_only,,False
2015-05-31,,8782.55,right_only,,False
2015-06-01,,8745.04,right_only,,False
2015-06-02,,8847.59,right_only,,False
2015-06-03,,8905.6,right_only,,False
2015-06-04,,8780.76,right_only,,False
2015-06-07,,8728.87,right_only,,False
2015-06-08,,8672.33,right_only,,False
2015-06-09,,8660.93,right_only,,False
2015-06-10,,8639.43,right_only,,False
2015-06-11,,8626.46,right_only,,False
2015-06-14,,8534.13,right_only,,False
2015-06-15,,8515.63,right_only,,False
2015-06-16,,8556.1,right_only,,False
2015-06-17,,8556.55,right_only,,False
2015-06-18,,8576.71,right_only,,False
2015-06-21,,8535.19,right_only,,False
2015-06-22,,8489.41,right_only,,False
2015-06-23,,8444.93,right_only,,False
2015-06-24,,8456.82,right_only,,False
2015-06-25,,8406.17,right_only,,False
2015-06-28,,8511.98,right_only,,False
2015-06-29,,8371.53,right_only,,False
2015-07-02,,8314.72,right_only,,False
2015-07-05,,8218.25,right_only,,False
2015-07-06,,7870.78,right_only,,False
2015-07-07,,7752.94,right_only,,False
2015-07-08,,7550.98,right_only,,False
2015-07-09,,7617.39,right_only,,False
2015-07-12,,7691.35,right_only,,False
2015-07-13,,7587.07,right_only,,False
2015-07-14,,7686.91,right_only,,False
2015-07-15,,7882.62,right_only,,False
2015-07-16,,8022.91,right_only,,False
2015-07-21,,8049.69,right_only,,False
2015-07-22,,8087.24,right_only,,False
2015-07-26,,8004.83,right_only,,False
2015-07-27,,7887.87,right_only,,False
2015-07-28,,7949.89,right_only,,False
2015-07-29,,8105.69,right_only,,False
2015-07-30,,8191.53,right_only,,False
2015-08-02,,8158.31,right_only,,False
2015-08-03,,8087.54,right_only,,False
2015-08-04,,8181.95,right_only,,False
2015-08-05,,8114.08,right_only,,False
2015-08-09,,8011.06,right_only,,False
2015-08-10,,8028.69,right_only,,False
2015-08-11,,8083.18,right_only,,False
2015-08-12,,7911.88,right_only,,False
2015-08-13,,7879.82,right_only,,False
2015-08-16,,7625.76,right_only,,False
2015-08-17,,7594.05,right_only,,False
2015-08-18,,7398.43,right_only,,False
2015-08-19,,7240.77,right_only,,False
2015-08-20,,7172.63,right_only,,False
2015-08-23,,6784.09,right_only,,False
2015-08-24,,6654.06,right_only,,False
2015-08-25,,6836.95,right_only,,False
2015-08-26,,6873.49,right_only,,False
2015-08-27,,7078.83,right_only,,False
2015-08-30,,7055.28,right_only,,False
2015-08-31,,7252.43,right_only,,False
2015-09-01,,7203.86,right_only,,False
2015-09-02,,7150.47,right_only,,False
2015-09-03,,7295.96,right_only,,False
2015-09-06,,7273.92,right_only,,False
2015-09-07,,7166.62,right_only,,False
2015-09-08,,6924.05,right_only,,False
2015-09-09,,7050.02,right_only,,False
2015-09-10,,7039.33,right_only,,False
2015-09-13,,7082.0,right_only,,False
2015-09-14,,7158.1,right_only,,False
2015-09-15,,7175.59,right_only,,False
2015-09-16,,7266.42,right_only,,False
2015-09-17,,7267.52,right_only,,False
2015-09-20,,7234.46,right_only,,False
2015-09-21,,7285.25,right_only,,False
2015-09-22,,7346.54,right_only,,False
2015-09-28,,7409.06,right_only,,False
2015-09-29,,7331.53,right_only,,False
2015-09-30,,7332.88,right_only,,False
2015-10-01,,7310.71,right_only,,False
2015-10-04,,7263.29,right_only,,False
2015-10-05,,7239.27,right_only,,False
2015-10-07,,7354.56,right_only,,False
2015-10-08,,7491.67,right_only,,False
2015-10-11,,7547.66,right_only,,False
2015-10-12,,7650.65,right_only,,False
2015-10-13,,7669.12,right_only,,False
2015-10-15,,7594.45,right_only,,False
2015-10-18,,7538.22,right_only,,False
2015-10-19,,7621.67,right_only,,False
2015-10-20,,7658.95,right_only,,False
2015-10-21,,7669.14,right_only,,False
2015-10-22,,7611.03,right_only,,False
2015-10-25,,7653.14,right_only,,False
2015-10-26,,7577.53,right_only,,False
2015-10-27,,7534.08,right_only,,False
2015-10-28,,7479.59,right_only,,False
2015-10-29,,7507.89,right_only,,False
2015-11-01,,7413.01,right_only,,False
2015-11-02,,7434.69,right_only,,False
2015-11-03,,7432.96,right_only,,False
2015-11-04,,7450.36,right_only,,False
2015-11-05,,7541.72,right_only,,False
2015-11-08,,7347.22,right_only,,False
2015-11-09,,7138.81,right_only,,False
2015-11-10,,6824.74,right_only,,False
2015-11-11,,6801.9,right_only,,False
2015-11-12,,6806.67,right_only,,False
2015-11-15,,6522.12,right_only,,False
2015-11-16,,6480.65,right_only,,False
2015-11-17,,6407.33,right_only,,False
2015-11-18,,6413.97,right_only,,False
2015-11-19,,6568.97,right_only,,False
2015-11-22,,6607.53,right_only,,False
2015-11-23,,6451.32,right_only,,False
2015-11-24,,6321.39,right_only,,False
2015-11-25,,6391.07,right_only,,False
2015-11-26,,6427.82,right_only,,False
2015-11-29,,6477.73,right_only,,False
2015-11-30,,6356.65,right_only,,False
2015-12-01,,6424.88,right_only,,False
2015-12-02,,6649.72,right_only,,False
2015-12-03,,6779.28,right_only,,False
2015-12-06,,6837.42,right_only,,False
2015-12-07,,6777.81,right_only,,False
2015-12-08,,6608.01,right_only,,False
2015-12-09,,6629.32,right_only,,False
2015-12-10,,6637.91,right_only,,False
2015-12-13,,6395.2,right_only,,False
2015-12-14,,6408.12,right_only,,False
2015-12-15,,6421.0,right_only,,False
2015-12-16,,6488.51,right_only,,False
2015-12-17,,6669.8,right_only,,False
2015-12-20,,6707.66,right_only,,False
2015-12-21,,6762.26,right_only,,False
2015-12-22,,6769.08,right_only,,False
2015-12-24,,6812.65,right_only,,False
2015-12-27,,6749.11,right_only,,False
2015-12-28,,6744.47,right_only,,False
2015-12-29,,6794.75,right_only,,False
2015-12-30,,6981.01,right_only,,False
2015-12-31,,7006.01,right_only,,False
2016-01-03,,7089.06,right_only,,False
2016-01-04,,6982.25,right_only,,False
2016-01-05,,7021.42,right_only,,False
2016-01-06,,6922.71,right_only,,False
2016-01-10,,6782.35,right_only,,False
2016-01-11,,6634.98,right_only,,False
2016-01-12,,6463.92,right_only,,False
2016-01-13,,6205.23,right_only,,False
2016-01-14,,5857.7,right_only,,False
2016-01-17,,5760.19,right_only,,False
2016-01-18,,5941.19,right_only,,False
2016-01-19,,6097.45,right_only,,False
2016-01-20,,5776.59,right_only,,False
2016-01-21,,5713.35,right_only,,False
2016-01-24,,5893.54,right_only,,False
2016-01-26,,5896.56,right_only,,False
2016-01-27,,5960.59,right_only,,False
2016-01-28,,5986.78,right_only,,False
2016-01-31,,5992.72,right_only,,False
2016-02-01,,5906.92,right_only,,False
2016-02-02,,6008.85,right_only,,False
2016-02-03,,6066.54,right_only,,False
2016-02-04,,6202.22,right_only,,False
2016-02-07,,6126.47,right_only,,False
2016-02-08,,6174.77,right_only,,False
2016-02-09,,6004.41,right_only,,False
2016-02-10,,6062.65,right_only,,False
2016-02-11,,5813.72,right_only,,False
2016-02-14,,5753.74,right_only,,False
2016-02-15,,5800.05,right_only,,False
2016-02-16,,5894.6,right_only,,False
2016-02-17,,5947.7,right_only,,False
2016-02-18,,5944.47,right_only,,False
2016-02-21,,6007.88,right_only,,False
2016-02-22,,6086.45,right_only,,False
2016-02-23,,6104.74,right_only,,False
2016-02-24,,6054.03,right_only,,False
2016-02-25,,6079.13,right_only,,False
2016-02-28,,6156.01,right_only,,False
2016-02-29,,6146.93,right_only,,False
2016-03-01,,6115.54,right_only,,False
2016-03-02,,6076.57,right_only,,False
2016-03-03,,6089.34,right_only,,False
2016-03-06,,6214.94,right_only,,False
2016-03-07,,6261.41,right_only,,False
2016-03-08,,6339.76,right_only,,False
2016-03-09,,6372.64,right_only,,False
2016-03-10,,6563.65,right_only,,False
2016-03-13,,6563.83,right_only,,False
2016-03-14,,7003.85,right_only,,False
2016-03-15,,7139.44,right_only,,False
2016-03-16,,7228.68,right_only,,False
2016-03-17,,7485.69,right_only,,False
2016-03-20,,7465.86,right_only,,False
2016-03-21,,7494.12,right_only,,False
2016-03-22,,7430.33,right_only,,False
2016-03-23,,7495.47,right_only,,False
2016-03-24,,7548.22,right_only,,False
2016-03-27,,7480.11,right_only,,False
2016-03-28,,7494.1,right_only,,False
2016-03-29,,7567.46,right_only,,False
2016-03-30,,7485.06,right_only,,False
2016-03-31,,7524.99,right_only,,False
2016-04-03,,7521.2,right_only,,False
2016-04-04,,7577.02,right_only,,False
2016-04-05,,7657.98,right_only,,False
2016-04-06,,7459.84,right_only,,False
2016-04-07,,7478.74,right_only,,False
2016-04-10,,7403.77,right_only,,False
2016-04-11,,7342.46,right_only,,False
2016-04-12,,7331.05,right_only,,False
2016-04-13,,7420.61,right_only,,False
2016-04-14,,7463.1,right_only,,False
2016-04-17,,7517.02,right_only,,False
2016-04-18,,7662.44,right_only,,False
2016-04-19,,7864.03,right_only,,False
2016-04-20,,7799.86,right_only,,False
2016-04-21,,7781.45,right_only,,False
2016-04-24,,7743.41,right_only,,False
2016-04-26,,7886.82,right_only,,False
2016-04-27,,7863.58,right_only,,False
2016-04-28,,7773.23,right_only,,False
2016-05-03,,7531.59,right_only,,False
2016-05-04,,7442.44,right_only,,False
2016-05-05,,7547.49,right_only,,False
2016-05-08,,7571.7,right_only,,False
2016-05-09,,7646.02,right_only,,False
2016-05-10,,7621.91,right_only,,False
2016-05-11,,7503.4,right_only,,False
2016-05-12,,7520.52,right_only,,False
2016-05-15,,7373.0,right_only,,False
2016-05-16,,7409.27,right_only,,False
2016-05-17,,7549.97,right_only,,False
2016-05-18,,7637.04,right_only,,False
2016-05-19,,7499.49,right_only,,False
2016-05-22,,7494.76,right_only,,False
2016-05-23,,7417.08,right_only,,False
2016-05-24,,7497.33,right_only,,False
2016-05-25,,7543.43,right_only,,False
2016-05-26,,7531.15,right_only,,False
2016-05-29,,7486.13,right_only,,False
2016-05-30,,7452.88,right_only,,False
2016-05-31,,7483.65,right_only,,False
2016-06-01,,7572.39,right_only,,False
2016-06-02,,7617.88,right_only,,False
2016-06-05,,7563.5,right_only,,False
2016-06-06,,7639.59,right_only,,False
2016-06-07,,7717.35,right_only,,False
2016-06-08,,7780.13,right_only,,False
2016-06-09,,7756.3,right_only,,False
2016-06-12,,7650.62,right_only,,False
2016-06-13,,7645.21,right_only,,False
2016-06-14,,7570.05,right_only,,False
2016-06-15,,7414.81,right_only,,False
2016-06-16,,7420.39,right_only,,False
2016-06-19,,7337.97,right_only,,False
2016-06-20,,7203.64,right_only,,False
2016-06-21,,7250.92,right_only,,False
2016-06-22,,7156.49,right_only,,False
2016-06-23,,7253.31,right_only,,False
2016-06-26,,6851.61,right_only,,False
2016-06-27,,6903.81,right_only,,False
2016-06-28,,6931.94,right_only,,False
2016-06-29,,6942.52,right_only,,False
2016-07-03,,6981.72,right_only,,False
2016-07-04,,7182.8,right_only,,False
2016-07-10,,7517.43,right_only,,False
2016-07-11,,7506.18,right_only,,False
2016-07-12,,7457.5,right_only,,False
2016-07-13,,7559.87,right_only,,False
2016-07-14,,7583.06,right_only,,False
2016-07-17,,7599.64,right_only,,False
2016-07-18,,7628.64,right_only,,False
2016-07-19,,7596.96,right_only,,False
2016-07-20,,7503.36,right_only,,False
2016-07-21,,7436.87,right_only,,False
2016-07-24,,7463.72,right_only,,False
2016-07-25,,7517.78,right_only,,False
2016-07-26,,7539.99,right_only,,False
2016-07-27,,7914.74,right_only,,False
2016-07-28,,8030.85,right_only,,False
2016-07-31,,7983.15,right_only,,False
2016-08-01,,7930.14,right_only,,False
2016-08-02,,7973.45,right_only,,False
2016-08-03,,8104.57,right_only,,False
2016-08-04,,8255.36,right_only,,False
2016-08-07,,8223.46,right_only,,False
2016-08-08,,8273.14,right_only,,False
2016-08-09,,8199.65,right_only,,False
2016-08-10,,8291.51,right_only,,False
2016-08-11,,8377.71,right_only,,False
2016-08-14,,8351.07,right_only,,False
2016-08-15,,8453.53,right_only,,False
2016-08-16,,8387.49,right_only,,False
2016-08-17,,8347.38,right_only,,False
2016-08-18,,8317.17,right_only,,False
2016-08-21,,8352.27,right_only,,False
2016-08-22,,8246.9,right_only,,False
2016-08-23,,8186.7,right_only,,False
2016-08-24,,8224.33,right_only,,False
2016-08-25,,8131.49,right_only,,False
2016-08-28,,8052.23,right_only,,False
2016-08-29,,8032.43,right_only,,False
2016-08-30,,8080.81,right_only,,False
2016-08-31,,8158.04,right_only,,False
2016-09-01,,8136.44,right_only,,False
2016-09-04,,8241.16,right_only,,False
2016-09-05,,8270.76,right_only,,False
2016-09-06,,8202.43,right_only,,False
2016-09-07,,8146.1,right_only,,False
2016-09-08,,8188.2,right_only,,False
2016-09-14,,8132.75,right_only,,False
2016-09-15,,7979.25,right_only,,False
2016-09-18,,7916.41,right_only,,False
2016-09-19,,7974.12,right_only,,False
2016-09-20,,8048.69,right_only,,False
2016-09-21,,7937.79,right_only,,False
2016-09-22,,7913.94,right_only,,False
2016-09-25,,7904.53,right_only,,False
2016-09-26,,7974.84,right_only,,False
2016-09-27,,7948.93,right_only,,False
2016-09-28,,7907.92,right_only,,False
2016-09-29,,7881.11,right_only,,False
2016-10-03,,8133.12,right_only,,False
2016-10-04,,8198.51,right_only,,False
2016-10-05,,8368.52,right_only,,False
2016-10-09,,8436.82,right_only,,False
2016-10-10,,8364.0,right_only,,False
2016-10-11,,8232.77,right_only,,False
2016-10-12,,8185.95,right_only,,False
2016-10-13,,8505.12,right_only,,False
2016-10-16,,8432.41,right_only,,False
2016-10-17,,8243.32,right_only,,False
2016-10-18,,8213.53,right_only,,False
2016-10-19,,8160.4,right_only,,False
2016-10-20,,8277.21,right_only,,False
2016-10-23,,8274.15,right_only,,False
2016-10-24,,8228.13,right_only,,False
2016-10-25,,8261.14,right_only,,False
2016-10-26,,8257.21,right_only,,False
2016-10-27,,8343.31,right_only,,False
2016-10-30,,8357.42,right_only,,False
2016-10-31,,8386.03,right_only,,False
2016-11-01,,8447.76,right_only,,False
2016-11-02,,8524.66,right_only,,False
2016-11-03,,8810.51,right_only,,False
2016-11-06,,9349.9,right_only,,False
2016-11-07,,9852.69,right_only,,False
2016-11-08,,10096.57,right_only,,False
2016-11-09,,10225.5,right_only,,False
2016-11-10,,10688.16,right_only,,False
2016-11-13,,10916.97,right_only,,False
2016-11-14,,10694.41,right_only,,False
2016-11-15,,10640.53,right_only,,False
2016-11-16,,10997.38,right_only,,False
2016-11-17,,11221.56,right_only,,False
2016-11-20,,11277.47,right_only,,False
2016-11-21,,11543.07,right_only,,False
2016-11-22,,11519.8,right_only,,False
2016-11-23,,11550.31,right_only,,False
2016-11-24,,11353.11,right_only,,False
2016-11-27,,11145.95,right_only,,False
2016-11-28,,11261.82,right_only,,False
2016-11-29,,11159.32,right_only,,False
2016-11-30,,11453.25,right_only,,False
2016-12-01,,11548.15,right_only,,False
2016-12-04,,11631.41,right_only,,False
2016-12-05,,11426.5,right_only,,False
2016-12-06,,11502.51,right_only,,False
2016-12-07,,11348.37,right_only,,False
2016-12-08,,11297.93,right_only,,False
2016-12-12,,11444.06,right_only,,False
2016-12-13,,11385.1,right_only,,False
2016-12-14,,11317.17,right_only,,False
2016-12-15,,11326.03,right_only,,False
2016-12-18,,11398.01,right_only,,False
2016-12-19,,11752.46,right_only,,False
2016-12-20,,12147.95,right_only,,False
2016-12-21,,12366.96,right_only,,False
2016-12-22,,12420.3,right_only,,False
2016-12-25,,12251.06,right_only,,False
2016-12-26,,12182.04,right_only,,False
2016-12-27,,12181.98,right_only,,False
2016-12-28,,12259.83,right_only,,False
2016-12-29,,12344.89,right_only,,False
2017-01-02,,12290.61,right_only,,False
2017-01-03,,12425.17,right_only,,False
2017-01-04,,12608.44,right_only,,False
2017-01-05,,12824.32,right_only,,False
2017-01-08,,12891.39,right_only,,False
2017-01-09,,12781.16,right_only,,False
2017-01-10,,13014.54,right_only,,False
2017-01-11,,13089.05,right_only,,False
2017-01-12,,13223.9,right_only,,False
2017-01-15,,13287.76,right_only,,False
2017-01-16,,13264.82,right_only,,False
2017-01-17,,13436.1,right_only,,False
2017-01-18,,13304.44,right_only,,False
2017-01-19,,12806.77,right_only,,False
2017-01-22,,12722.08,right_only,,False
2017-01-23,,13002.89,right_only,,False
2017-01-24,,12882.88,right_only,,False
2017-01-26,,13091.05,right_only,,False
2017-01-29,,13161.52,right_only,,False
2017-01-30,,12926.07,right_only,,False
2017-01-31,,12672.49,right_only,,False
2017-02-01,,12584.26,right_only,,False
2017-02-02,,12806.07,right_only,,False
2017-02-05,,12883.43,right_only,,False
2017-02-06,,12849.42,right_only,,False
2017-02-07,,13129.27,right_only,,False
2017-02-08,,13228.33,right_only,,False
2017-02-09,,13114.86,right_only,,False
2017-02-12,,12922.44,right_only,,False
2017-02-13,,12740.05,right_only,,False
2017-02-14,,12503.73,right_only,,False
2017-02-15,,12448.35,right_only,,False
2017-02-16,,12651.97,right_only,,False
2017-02-19,,12549.17,right_only,,False
2017-02-20,,12444.18,right_only,,False
2017-02-21,,12657.82,right_only,,False
2017-02-22,,12401.09,right_only,,False
2017-02-23,,12240.53,right_only,,False
2017-02-26,,12269.88,right_only,,False
2017-02-27,,12023.93,right_only,,False
2017-02-28,,11937.67,right_only,,False
2017-03-01,,11998.72,right_only,,False
2017-03-02,,12310.49,right_only,,False
2017-03-05,,12499.61,right_only,,False
2017-03-06,,12623.22,right_only,,False
2017-03-07,,12677.55,right_only,,False
2017-03-08,,12735.36,right_only,,False
2017-03-09,,12853.27,right_only,,False
2017-03-12,,12919.9,right_only,,False
2017-03-13,,12929.13,right_only,,False
2017-03-14,,12789.52,right_only,,False
2017-03-15,,12745.49,right_only,,False
2017-03-16,,12983.99,right_only,,False
2017-03-19,,13092.4,right_only,,False
2017-03-20,,13023.49,right_only,,False
2017-03-21,,12905.37,right_only,,False
2017-03-22,,12879.06,right_only,,False
2017-03-23,,13032.06,right_only,,False
2017-03-26,,13108.22,right_only,,False
2017-03-27,,12969.64,right_only,,False
2017-03-28,,12982.66,right_only,,False
2017-03-29,,12987.65,right_only,,False
2017-03-30,,12994.8,right_only,,False
2017-04-02,,12912.27,right_only,,False
2017-04-03,,13061.07,right_only,,False
2017-04-04,,13264.75,right_only,,False
2017-04-05,,13289.99,right_only,,False
2017-04-06,,13098.54,right_only,,False
2017-04-09,,12895.12,right_only,,False
2017-04-10,,12848.56,right_only,,False
2017-04-11,,12995.71,right_only,,False
2017-04-12,,12984.36,right_only,,False
2017-04-13,,12967.38,right_only,,False
2017-04-18,,13027.14,right_only,,False
2017-04-19,,12895.3,right_only,,False
2017-04-20,,12905.85,right_only,,False
2017-04-23,,12544.92,right_only,,False
2017-04-24,,12583.13,right_only,,False
2017-04-26,,12671.29,right_only,,False
2017-04-27,,12525.69,right_only,,False
2017-04-30,,12433.6,right_only,,False
2017-05-02,,12530.32,right_only,,False
2017-05-03,,12603.56,right_only,,False
2017-05-04,,12709.93,right_only,,False
2017-05-07,,12692.15,right_only,,False
2017-05-08,,12827.93,right_only,,False
2017-05-09,,12933.68,right_only,,False
2017-05-10,,12993.4,right_only,,False
2017-05-11,,12906.98,right_only,,False
2017-05-14,,12870.91,right_only,,False
2017-05-15,,12866.06,right_only,,False
2017-05-16,,12936.59,right_only,,False
2017-05-17,,13064.02,right_only,,False
2017-05-18,,12952.38,right_only,,False
2017-05-21,,12974.75,right_only,,False
2017-05-22,,12648.24,right_only,,False
2017-05-23,,12791.83,right_only,,False
2017-05-24,,12884.44,right_only,,False
2017-05-25,,13094.42,right_only,,False
2017-05-28,,13205.11,right_only,,False
2017-05-29,,13207.94,right_only,,False
2017-05-30,,13239.16,right_only,,False
2017-05-31,,13339.63,right_only,,False
2017-06-01,,13467.29,right_only,,False
2017-06-04,,13495.32,right_only,,False
2017-06-05,,13520.13,right_only,,False
2017-06-06,,13626.8,right_only,,False
2017-06-07,,13632.98,right_only,,False
2017-06-08,,13683.66,right_only,,False
2017-06-11,,13616.04,right_only,,False
2017-06-12,,13491.89,right_only,,False
2017-06-13,,13531.34,right_only,,False
2017-06-14,,13502.12,right_only,,False
2017-06-15,,13478.75,right_only,,False
2017-06-18,,13496.47,right_only,,False
2017-06-19,,13508.39,right_only,,False
2017-06-20,,13415.55,right_only,,False
2017-06-21,,13376.44,right_only,,False
2017-06-22,,13417.14,right_only,,False
2017-06-28,,13395.81,right_only,,False
2017-07-02,,13487.36,right_only,,False
2017-07-03,,13431.06,right_only,,False
2017-07-04,,13334.78,right_only,,False
2017-07-05,,13334.86,right_only,,False
2017-07-06,,13369.88,right_only,,False
2017-07-09,,13342.09,right_only,,False
2017-07-10,,13483.04,right_only,,False
2017-07-11,,13684.27,right_only,,False
2017-07-12,,13690.29,right_only,,False
2017-07-13,,13822.59,right_only,,False
2017-07-16,,13815.77,right_only,,False
2017-07-17,,13956.32,right_only,,False
2017-07-18,,13717.53,right_only,,False
2017-07-19,,13707.13,right_only,,False
2017-07-20,,13715.06,right_only,,False
2017-07-24,,13752.98,right_only,,False
2017-07-25,,13740.72,right_only,,False
2017-07-26,,13797.25,right_only,,False
2017-07-27,,13609.22,right_only,,False
2017-07-30,,13480.1,right_only,,False
2017-07-31,,13419.38,right_only,,False
2017-08-01,,13396.22,right_only,,False
2017-08-02,,13405.2,right_only,,False
2017-08-03,,13413.12,right_only,,False
2017-08-06,,13558.46,right_only,,False
2017-08-07,,13660.8,right_only,,False
2017-08-08,,13637.69,right_only,,False
2017-08-09,,13580.76,right_only,,False
2017-08-10,,13462.38,right_only,,False
2017-08-13,,13279.61,right_only,,False
2017-08-14,,13135.1,right_only,,False
2017-08-15,,13102.39,right_only,,False
2017-08-16,,13149.19,right_only,,False
2017-08-17,,13119.44,right_only,,False
2017-08-20,,13026.29,right_only,,False
2017-08-21,,13106.12,right_only,,False
2017-08-22,,13114.87,right_only,,False
2017-08-23,,12996.2,right_only,,False
2017-08-24,,12926.4,right_only,,False
2017-08-27,,12913.25,right_only,,False
2017-08-28,,13013.73,right_only,,False
2017-08-29,,13195.34,right_only,,False
2017-08-30,,13415.77,right_only,,False
2017-09-05,,13415.05,right_only,,False
2017-09-06,,13317.89,right_only,,False
2017-09-07,,13432.69,right_only,,False
2017-09-10,,13457.14,right_only,,False
2017-09-11,,13533.24,right_only,,False
2017-09-12,,13474.88,right_only,,False
2017-09-13,,13442.55,right_only,,False
2017-09-14,,13610.61,right_only,,False
2017-09-17,,13612.51,right_only,,False
2017-09-18,,13592.71,right_only,,False
2017-09-19,,13730.0,right_only,,False
2017-09-20,,13695.33,right_only,,False
2017-09-24,,13607.19,right_only,,False
2017-09-25,,13674.42,right_only,,False
2017-09-26,,13704.13,right_only,,False
2017-09-27,,13740.82,right_only,,False
2017-09-28,,13888.51,right_only,,False
2017-10-01,,13976.78,right_only,,False
2017-10-02,,14000.43,right_only,,False
2017-10-03,,13930.73,right_only,,False
2017-10-04,,13881.97,right_only,,False
2017-10-08,,13997.69,right_only,,False
2017-10-09,,13968.53,right_only,,False
2017-10-10,,13824.08,right_only,,False
2017-10-11,,13816.05,right_only,,False
2017-10-12,,13891.71,right_only,,False
2017-10-15,,13905.79,right_only,,False
2017-10-16,,13525.25,right_only,,False
2017-10-17,,13525.48,right_only,,False
2017-10-18,,13590.15,right_only,,False
2017-10-19,,13713.62,right_only,,False
2017-10-22,,13706.06,right_only,,False
2017-10-23,,13870.34,right_only,,False
2017-10-24,,13928.38,right_only,,False
2017-10-25,,13901.38,right_only,,False
2017-10-26,,13955.47,right_only,,False
2017-10-29,,14024.41,right_only,,False
2017-10-30,,14197.21,right_only,,False
2017-10-31,,14342.38,right_only,,False
2017-11-01,,14277.29,right_only,,False
2017-11-02,,14319.34,right_only,,False
2017-11-05,,14183.77,right_only,,False
2017-11-06,,14072.92,right_only,,False
2017-11-07,,14057.56,right_only,,False
2017-11-08,,14204.95,right_only,,False
2017-11-09,,14350.14,right_only,,False
2017-11-12,,14270.55,right_only,,False
2017-11-13,,14123.31,right_only,,False
2017-11-14,,14132.96,right_only,,False
2017-11-15,,14025.11,right_only,,False
2017-11-16,,13847.36,right_only,,False
2017-11-19,,13742.11,right_only,,False
2017-11-20,,13680.5,right_only,,False
2017-11-21,,13725.45,right_only,,False
2017-11-22,,13839.37,right_only,,False
2017-11-23,,14106.17,right_only,,False
2017-11-26,,14222.7,right_only,,False
2017-11-27,,14219.99,right_only,,False
2017-11-28,,14537.03,right_only,,False
2017-11-29,,14582.22,right_only,,False
2017-12-03,,14713.63,right_only,,False
2017-12-04,,14572.17,right_only,,False
2017-12-05,,14460.96,right_only,,False
2017-12-06,,14345.58,right_only,,False
2017-12-07,,14294.73,right_only,,False
2017-12-10,,14414.25,right_only,,False
2017-12-11,,14426.75,right_only,,False
2017-12-12,,14590.2,right_only,,False
2017-12-13,,14651.42,right_only,,False
2017-12-14,,14679.91,right_only,,False
2017-12-17,,14716.66,right_only,,False
2017-12-18,,14721.45,right_only,,False
2017-12-19,,14678.41,right_only,,False
2017-12-20,,14682.14,right_only,,False
2017-12-21,,14668.59,right_only,,False
2017-12-24,,14790.78,right_only,,False
2017-12-25,,14843.33,right_only,,False
2017-12-26,,14922.85,right_only,,False
2017-12-27,,14904.82,right_only,,False
2017-12-28,,15016.97,right_only,,False
2017-12-31,,15019.14,right_only,,False
2018-01-02,,15023.76,right_only,,False
2018-01-03,,14833.73,right_only,,False
2018-01-04,,14782.38,right_only,,False
2018-01-08,,14953.17,right_only,,False
2018-01-09,,15159.37,right_only,,False
2018-01-10,,15192.55,right_only,,False
2018-01-11,,15242.48,right_only,,False
2018-01-14,,15254.85,right_only,,False
2018-01-15,,15127.76,right_only,,False
2018-01-16,,15089.37,right_only,,False
2018-01-17,,15198.54,right_only,,False
2018-01-18,,15411.0,right_only,,False
2018-01-21,,15339.91,right_only,,False
2018-01-22,,15243.23,right_only,,False
2018-01-23,,15197.08,right_only,,False
2018-01-24,,15170.73,right_only,,False
2018-01-28,,15311.15,right_only,,False
2018-01-29,,15369.13,right_only,,False
2018-01-30,,15315.66,right_only,,False
2018-01-31,,15042.37,right_only,,False
2018-02-01,,15088.66,right_only,,False
2018-02-04,,14874.84,right_only,,False
2018-02-05,,14962.14,right_only,,False
2018-02-06,,14717.98,right_only,,False
2018-02-07,,15037.05,right_only,,False
2018-02-08,,14921.29,right_only,,False
2018-02-11,,14828.36,right_only,,False
2018-02-12,,14890.71,right_only,,False
2018-02-13,,14729.75,right_only,,False
2018-02-14,,14805.95,right_only,,False
2018-02-15,,14965.93,right_only,,False
2018-02-18,,15045.56,right_only,,False
2018-02-19,,15158.12,right_only,,False
2018-02-20,,15219.26,right_only,,False
2018-02-21,,15244.49,right_only,,False
2018-02-22,,15318.92,right_only,,False
2018-02-25,,15467.77,right_only,,False
2018-02-26,,15454.0,right_only,,False
2018-02-27,,15522.88,right_only,,False
2018-02-28,,15472.69,right_only,,False
2018-03-01,,15443.18,right_only,,False
2018-03-04,,15519.55,right_only,,False
2018-03-05,,15709.01,right_only,,False
2018-03-06,,16022.26,right_only,,False
2018-03-07,,16384.07,right_only,,False
2018-03-08,,16472.28,right_only,,False
2018-03-11,,16391.48,right_only,,False
2018-03-12,,16742.15,right_only,,False
2018-03-13,,16989.06,right_only,,False
2018-03-14,,16881.72,right_only,,False
2018-03-15,,16999.1,right_only,,False
2018-03-18,,17271.03,right_only,,False
2018-03-19,,17172.13,right_only,,False
2018-03-20,,17113.9,right_only,,False
2018-03-21,,17147.12,right_only,,False
2018-03-22,,17064.58,right_only,,False
2018-03-25,,16984.69,right_only,,False
2018-03-26,,17104.34,right_only,,False
2018-03-27,,17270.43,right_only,,False
2018-03-28,,17305.51,right_only,,False
2018-03-29,,17450.15,right_only,,False
2018-04-01,,17595.88,right_only,,False
2018-04-02,,17684.66,right_only,,False
2018-04-03,,17492.71,right_only,,False
2018-04-04,,17509.65,right_only,,False
2018-04-05,,17410.59,right_only,,False
2018-04-10,,17697.32,right_only,,False
2018-04-11,,17943.96,right_only,,False
2018-04-12,,17615.69,right_only,,False
2018-04-15,,17588.86,right_only,,False
2018-04-16,,17620.28,right_only,,False
2018-04-17,,17802.48,right_only,,False
2018-04-18,,17705.87,right_only,,False
2018-04-19,,17781.02,right_only,,False
2018-04-22,,17898.09,right_only,,False
2018-04-23,,18080.7,right_only,,False
2018-04-24,,18121.96,right_only,,False
2018-04-26,,18363.29,right_only,,False
2018-04-29,,18304.46,right_only,,False
2018-04-30,,18295.57,right_only,,False
2018-05-02,,18173.16,right_only,,False
2018-05-03,,17832.86,right_only,,False
2018-05-06,,17610.87,right_only,,False
2018-05-07,,17523.15,right_only,,False
2018-05-08,,17814.45,right_only,,False
2018-05-09,,17460.3,right_only,,False
2018-05-10,,17155.14,right_only,,False
2018-05-13,,17184.02,right_only,,False
2018-05-14,,16984.07,right_only,,False
2018-05-15,,16985.78,right_only,,False
2018-05-16,,16993.21,right_only,,False
2018-05-17,,16877.66,right_only,,False
2018-05-20,,16782.07,right_only,,False
2018-05-21,,16780.91,right_only,,False
2018-05-22,,16657.66,right_only,,False
2018-05-23,,16662.55,right_only,,False
2018-05-24,,16633.97,right_only,,False
2018-05-27,,16648.47,right_only,,False
2018-05-28,,16791.09,right_only,,False
2018-05-29,,17005.86,right_only,,False
2018-05-30,,16760.24,right_only,,False
2018-05-31,,16414.53,right_only,,False
2018-06-03,,16675.31,right_only,,False
2018-06-04,,16404.33,right_only,,False
2018-06-05,,16022.11,right_only,,False
2018-06-06,,15908.91,right_only,,False
2018-06-07,,15923.66,right_only,,False
2018-06-10,,16142.72,right_only,,False
2018-06-11,,15921.25,right_only,,False
2018-06-12,,15938.11,right_only,,False
2018-06-13,,16178.28,right_only,,False
2018-06-14,,16220.93,right_only,,False
2018-06-19,,16067.77,right_only,,False
2018-06-20,,16143.48,right_only,,False
2018-06-21,,16345.77,right_only,,False
2018-06-24,,16395.02,right_only,,False
2018-06-25,,16457.51,right_only,,False
2018-06-26,,16197.44,right_only,,False
2018-06-27,,16176.41,right_only,,False
2018-06-28,,16348.55,right_only,,False
2018-07-02,,16362.59,right_only,,False
2018-07-03,,16421.32,right_only,,False
2018-07-04,,16309.65,right_only,,False
2018-07-05,,16125.34,right_only,,False
2018-07-08,,15839.84,right_only,,False
2018-07-09,,15785.93,right_only,,False
2018-07-10,,15921.03,right_only,,False
2018-07-11,,15952.42,right_only,,False
2018-07-12,,15879.81,right_only,,False
2018-07-15,,15842.46,right_only,,False
2018-07-16,,15655.89,right_only,,False
2018-07-17,,15420.72,right_only,,False
2018-07-18,,15578.73,right_only,,False
2018-07-19,,15416.31,right_only,,False
2018-07-22,,15303.79,right_only,,False
2018-07-24,,15480.37,right_only,,False
2018-07-25,,15186.36,right_only,,False
2018-07-26,,15199.29,right_only,,False
2018-07-29,,15378.11,right_only,,False
2018-07-30,,15297.02,right_only,,False
2018-07-31,,15580.19,right_only,,False
2018-08-01,,15670.18,right_only,,False
2018-08-02,,15806.38,right_only,,False
2018-08-05,,15737.05,right_only,,False
2018-08-06,,15645.56,right_only,,False
2018-08-07,,15761.55,right_only,,False
2018-08-08,,15862.86,right_only,,False
2018-08-09,,15924.06,right_only,,False
2018-08-12,,15738.34,right_only,,False
2018-08-13,,15521.52,right_only,,False
2018-08-14,,15356.81,right_only,,False
2018-08-15,,15357.44,right_only,,False
2018-08-16,,15295.97,right_only,,False
2018-08-19,,15273.39,right_only,,False
2018-08-26,,15239.03,right_only,,False
2018-08-27,,15236.64,right_only,,False
2018-08-28,,15606.18,right_only,,False
2018-08-29,,15835.73,right_only,,False
2018-08-30,,16009.41,right_only,,False
2018-09-02,,15852.36,right_only,,False
2018-09-03,,15821.92,right_only,,False
2018-09-04,,15922.96,right_only,,False
2018-09-05,,15750.94,right_only,,False
2018-09-06,,15803.17,right_only,,False
2018-09-09,,15740.06,right_only,,False
2018-09-10,,15628.43,right_only,,False
2018-09-12,,15488.49,right_only,,False
2018-09-13,,15308.62,right_only,,False
2018-09-16,,14755.63,right_only,,False
2018-09-17,,14650.97,right_only,,False
2018-09-18,,14653.91,right_only,,False
2018-09-19,,14098.56,right_only,,False
2018-09-20,,14083.48,right_only,,False
2018-09-23,,14261.25,right_only,,False
2018-09-24,,14200.68,right_only,,False
2018-09-25,,14358.64,right_only,,False
2018-09-26,,14612.18,right_only,,False
2018-09-27,,14632.4,right_only,,False
2018-09-30,,14616.47,right_only,,False
2018-10-01,,14446.72,right_only,,False
2018-10-02,,14381.55,right_only,,False
2018-10-03,,14313.17,right_only,,False
2018-10-04,,14104.9,right_only,,False
2018-10-08,,13604.01,right_only,,False
2018-10-09,,13588.74,right_only,,False
2018-10-10,,13621.23,right_only,,False
2018-10-11,,13283.31,right_only,,False
2018-10-14,,13537.47,right_only,,False
2018-10-15,,13521.46,right_only,,False
2018-10-16,,13689.39,right_only,,False
2018-10-17,,13815.6,right_only,,False
2018-10-18,,13644.16,right_only,,False
2018-10-21,,13524.67,right_only,,False
2018-10-22,,13646.26,right_only,,False
2018-10-23,,13579.6,right_only,,False
2018-10-24,,13246.39,right_only,,False
2018-10-25,,13023.73,right_only,,False
2018-10-28,,12980.96,right_only,,False
2018-10-29,,13074.47,right_only,,False
2018-10-30,,13154.56,right_only,,False
2018-10-31,,13250.29,right_only,,False
2018-11-01,,13202.32,right_only,,False
2018-11-04,,13170.28,right_only,,False
2018-11-05,,13234.62,right_only,,False
2018-11-06,,13436.11,right_only,,False
2018-11-07,,13615.85,right_only,,False
2018-11-08,,13732.68,right_only,,False
2018-11-11,,13570.89,right_only,,False
2018-11-12,,13678.36,right_only,,False
2018-11-13,,13543.64,right_only,,False
2018-11-14,,13487.2,right_only,,False
2018-11-15,,13681.67,right_only,,False
2018-11-18,,13968.8,right_only,,False
2018-11-19,,13906.31,right_only,,False
2018-11-21,,13731.12,right_only,,False
2018-11-22,,13675.37,right_only,,False
2018-11-25,,13153.55,right_only,,False
2018-11-26,,13049.12,right_only,,False
2018-11-27,,13213.95,right_only,,False
2018-11-28,,13309.49,right_only,,False
2018-11-29,,13319.5,right_only,,False
2018-12-02,,13150.08,right_only,,False
2018-12-03,,12934.44,right_only,,False
2018-12-04,,12624.74,right_only,,False
2018-12-05,,12586.74,right_only,,False
2018-12-06,,12387.58,right_only,,False
2018-12-09,,12140.0,right_only,,False
2018-12-10,,12476.18,right_only,,False
2018-12-11,,12664.41,right_only,,False
2018-12-12,,12856.83,right_only,,False
2018-12-13,,12996.89,right_only,,False
2018-12-16,,12992.06,right_only,,False
2018-12-17,,13215.4,right_only,,False
2018-12-18,,13121.11,right_only,,False
2018-12-19,,13078.2,right_only,,False
2018-12-20,,13137.58,right_only,,False
2018-12-23,,12947.35,right_only,,False
2018-12-24,,12784.44,right_only,,False
2018-12-25,,12670.63,right_only,,False
2018-12-26,,12840.16,right_only,,False
2018-12-27,,12984.21,right_only,,False
2018-12-30,,12944.52,right_only,,False
2018-12-31,,13035.77,right_only,,False
2019-01-02,,13204.37,right_only,,False
2019-01-03,,13264.7,right_only,,False
2019-01-06,,13343.08,right_only,,False
2019-01-08,,13402.7,right_only,,False
2019-01-09,,13365.58,right_only,,False
2019-01-10,,13367.44,right_only,,False
2019-01-13,,13525.83,right_only,,False
2019-01-14,,13335.75,right_only,,False
2019-01-15,,13447.12,right_only,,False
2019-01-16,,13510.27,right_only,,False
2019-01-17,,13482.99,right_only,,False
2019-01-20,,13444.21,right_only,,False
2019-01-21,,13574.99,right_only,,False
2019-01-22,,13474.55,right_only,,False
2019-01-23,,13506.65,right_only,,False
2019-01-27,,13817.1,right_only,,False
2019-01-28,,13911.34,right_only,,False
2019-01-29,,13976.52,right_only,,False
2019-01-30,,14093.4,right_only,,False
2019-01-31,,14126.68,right_only,,False
2019-02-03,,14243.81,right_only,,False
2019-02-04,,14366.06,right_only,,False
2019-02-05,,14733.11,right_only,,False
2019-02-06,,14766.59,right_only,,False
2019-02-07,,14753.68,right_only,,False
2019-02-10,,14763.94,right_only,,False
2019-02-11,,14784.82,right_only,,False
2019-02-12,,14927.64,right_only,,False
2019-02-13,,14949.07,right_only,,False
2019-02-14,,14984.46,right_only,,False
2019-02-17,,15198.89,right_only,,False
2019-02-18,,15227.24,right_only,,False
2019-02-19,,15155.84,right_only,,False
2019-02-20,,15213.54,right_only,,False
2019-02-21,,15146.71,right_only,,False
2019-02-24,,14955.58,right_only,,False
2019-02-25,,14946.35,right_only,,False
2019-02-26,,14886.85,right_only,,False
2019-02-27,,14772.34,right_only,,False
2019-02-28,,14803.97,right_only,,False
2019-03-03,,14819.6,right_only,,False
2019-03-04,,14815.18,right_only,,False
2019-03-05,,14728.38,right_only,,False
2019-03-06,,14643.09,right_only,,False
2019-03-07,,14904.03,right_only,,False
2019-03-10,,14980.62,right_only,,False
2019-03-11,,15098.12,right_only,,False
2019-03-12,,15139.86,right_only,,False
2019-03-13,,15125.84,right_only,,False
2019-03-14,,14991.34,right_only,,False
2019-03-17,,15033.48,right_only,,False
2019-03-18,,14910.78,right_only,,False
2019-03-19,,14645.53,right_only,,False
2019-03-20,,14724.4,right_only,,False
2019-03-21,,14782.81,right_only,,False
2019-03-24,,14840.9,right_only,,False
2019-03-25,,14670.8,right_only,,False
2019-03-26,,14637.4,right_only,,False
2019-03-27,,14554.66,right_only,,False
2019-03-28,,14665.81,right_only,,False
2019-03-31,,14737.88,right_only,,False
2019-04-01,,14954.14,right_only,,False
2019-04-02,,15166.46,right_only,,False
2019-04-03,,15197.84,right_only,,False
2019-04-04,,15247.81,right_only,,False
2019-04-07,,15135.47,right_only,,False
2019-04-08,,15111.09,right_only,,False
2019-04-09,,15088.55,right_only,,False
2019-04-10,,15106.54,right_only,,False
2019-04-11,,15105.96,right_only,,False
2019-04-14,,15068.96,right_only,,False
2019-04-15,,15055.42,right_only,,False
2019-04-16,,14973.01,right_only,,False
2019-04-17,,14864.01,right_only,,False
2019-04-18,,14876.37,right_only,,False
2019-04-21,,14838.63,right_only,,False
2019-04-22,,14801.26,right_only,,False
2019-04-23,,14645.78,right_only,,False
2019-04-24,,14770.27,right_only,,False
2019-04-30,,14920.15,right_only,,False
2019-05-02,,14880.39,right_only,,False
2019-05-05,,14511.54,right_only,,False
2019-05-06,,14204.59,right_only,,False
2019-05-07,,14389.91,right_only,,False
2019-05-08,,14026.81,right_only,,False
2019-05-09,,14060.0,right_only,,False
2019-05-12,,14122.1,right_only,,False
2019-05-13,,13905.73,right_only,,False
2019-05-14,,14024.15,right_only,,False
2019-05-15,,13809.46,right_only,,False
2019-05-16,,13659.73,right_only,,False
2019-05-19,,13520.82,right_only,,False
2019-05-20,,13379.46,right_only,,False
2019-05-21,,13614.21,right_only,,False
2019-05-22,,13664.23,right_only,,False
2019-05-23,,13776.85,right_only,,False
2019-05-26,,13981.88,right_only,,False
2019-05-27,,13960.47,right_only,,False
2019-05-28,,14028.0,right_only,,False
2019-05-29,,13974.13,right_only,,False
2019-05-30,,13771.31,right_only,,False
2019-06-02,,13690.72,right_only,,False
2019-06-03,,13787.8,right_only,,False
2019-06-09,,13911.66,right_only,,False
2019-06-10,,14148.88,right_only,,False
2019-06-11,,14206.18,right_only,,False
2019-06-12,,14158.11,right_only,,False
2019-06-13,,14180.53,right_only,,False
2019-06-16,,14210.09,right_only,,False
2019-06-17,,14241.21,right_only,,False
2019-06-18,,14202.86,right_only,,False
2019-06-19,,14132.18,right_only,,False
2019-06-20,,14043.42,right_only,,False
2019-06-23,,14017.34,right_only,,False
2019-06-24,,13867.47,right_only,,False
2019-06-25,,13831.23,right_only,,False
2019-06-26,,14006.99,right_only,,False
2019-06-27,,14100.74,right_only,,False
2019-07-02,,14136.58,right_only,,False
2019-07-03,,14137.22,right_only,,False
2019-07-04,,13997.4,right_only,,False
2019-07-07,,14013.04,right_only,,False
2019-07-08,,14043.33,right_only,,False
2019-07-09,,14097.43,right_only,,False
2019-07-10,,14013.26,right_only,,False
2019-07-11,,13813.56,right_only,,False
2019-07-14,,13672.13,right_only,,False
2019-07-15,,13627.89,right_only,,False
2019-07-16,,13721.82,right_only,,False
2019-07-17,,13641.94,right_only,,False
2019-07-18,,13670.27,right_only,,False
2019-07-21,,13576.26,right_only,,False
2019-07-22,,13684.57,right_only,,False
2019-07-24,,13617.89,right_only,,False
2019-07-25,,13510.06,right_only,,False
2019-07-28,,13460.0,right_only,,False
2019-07-29,,13421.91,right_only,,False
2019-07-30,,13364.63,right_only,,False
2019-07-31,,13392.47,right_only,,False
2019-08-01,,13525.93,right_only,,False
2019-08-04,,13616.26,right_only,,False
2019-08-05,,13598.66,right_only,,False
2019-08-06,,13655.91,right_only,,False
2019-08-07,,13880.57,right_only,,False
2019-08-08,,14180.44,right_only,,False
2019-08-14,,14540.56,right_only,,False
2019-08-15,,14295.13,right_only,,False
2019-08-18,,14399.7,right_only,,False
2019-08-19,,14304.37,right_only,,False
2019-08-20,,14428.08,right_only,,False
2019-08-21,,14357.18,right_only,,False
2019-08-22,,14333.16,right_only,,False
2019-08-25,,14340.51,right_only,,False
2019-08-26,,14291.03,right_only,,False
2019-08-27,,14283.5,right_only,,False
2019-08-28,,14595.51,right_only,,False
2019-08-29,,14835.36,right_only,,False
2019-09-01,,14931.66,right_only,,False
2019-09-02,,15110.23,right_only,,False
2019-09-03,,14999.58,right_only,,False
2019-09-04,,14841.38,right_only,,False
2019-09-05,,14933.18,right_only,,False
2019-09-08,,14931.11,right_only,,False
2019-09-09,,14887.78,right_only,,False
2019-09-10,,14956.36,right_only,,False
2019-09-11,,15014.82,right_only,,False
2019-09-12,,15110.37,right_only,,False
2019-09-15,,15023.23,right_only,,False
2019-09-16,,14970.24,right_only,,False
2019-09-17,,14752.45,right_only,,False
2019-09-18,,14745.1,right_only,,False
2019-09-19,,14742.07,right_only,,False
2019-09-22,,13958.11,right_only,,False
2019-09-23,,13753.19,right_only,,False
2019-09-24,,13170.2,right_only,,False
2019-09-25,,13594.61,right_only,,False
2019-09-26,,13857.12,right_only,,False
2019-09-29,,14315.79,right_only,,False
2019-09-30,,14257.75,right_only,,False
2019-10-01,,14496.84,right_only,,False
2019-10-02,,14381.15,right_only,,False
2019-10-03,,14217.81,right_only,,False
2019-10-07,,14431.72,right_only,,False
2019-10-08,,14348.57,right_only,,False
2019-10-09,,14182.7,right_only,,False
2019-10-10,,14302.27,right_only,,False
2019-10-13,,14220.47,right_only,,False
2019-10-14,,14180.76,right_only,,False
2019-10-15,,14060.82,right_only,,False
2019-10-16,,14209.23,right_only,,False
2019-10-17,,14205.86,right_only,,False
2019-10-20,,14239.45,right_only,,False
2019-10-21,,14178.51,right_only,,False
2019-10-22,,14201.32,right_only,,False
2019-10-23,,14126.51,right_only,,False
2019-10-24,,14206.67,right_only,,False
2019-10-27,,14237.39,right_only,,False
2019-10-28,,14301.09,right_only,,False
2019-10-29,,14465.47,right_only,,False
2019-10-30,,14477.79,right_only,,False
2019-10-31,,14558.02,right_only,,False
2019-11-03,,14622.75,right_only,,False
2019-11-04,,14625.78,right_only,,False
2019-11-05,,14789.61,right_only,,False
2019-11-06,,14709.79,right_only,,False
2019-11-07,,14795.87,right_only,,False
2019-11-11,,14769.95,right_only,,False
2019-11-12,,14669.98,right_only,,False
2019-11-13,,14607.69,right_only,,False
2019-11-14,,14545.54,right_only,,False
2019-11-17,,14556.32,right_only,,False
2019-11-18,,14378.59,right_only,,False
2019-11-19,,14313.46,right_only,,False
2019-11-20,,14224.38,right_only,,False
2019-11-21,,14094.58,right_only,,False
2019-11-24,,14050.16,right_only,,False
2019-11-25,,13974.14,right_only,,False
2019-11-26,,13781.96,right_only,,False
2019-11-27,,13759.7,right_only,,False
2019-11-28,,13849.46,right_only,,False
2019-12-01,,13780.63,right_only,,False
2019-12-02,,13537.8,right_only,,False
2019-12-03,,13469.6,right_only,,False
2019-12-04,,13635.52,right_only,,False
2019-12-05,,13622.13,right_only,,False
2019-12-08,,13493.69,right_only,,False
2019-12-09,,13442.52,right_only,,False
2019-12-10,,13509.02,right_only,,False
2019-12-11,,13427.22,right_only,,False
2019-12-12,,13358.47,right_only,,False
2019-12-15,,13433.54,right_only,,False
2019-12-16,,13404.42,right_only,,False
2019-12-17,,13627.19,right_only,,False
2019-12-18,,13793.99,right_only,,False
2019-12-19,,13837.19,right_only,,False
2019-12-22,,13892.65,right_only,,False
2019-12-23,,13902.43,right_only,,False
2019-12-24,,13805.43,right_only,,False
2019-12-25,,13747.68,right_only,,False
2019-12-26,,13884.95,right_only,,False
2019-12-29,,13812.98,right_only,,False
2019-12-30,,13937.26,right_only,,False
2019-12-31,,13961.56,right_only,,False
2020-01-02,,13899.54,right_only,,False
2020-01-05,,13283.66,right_only,,False
2020-01-06,,13212.66,right_only,,False
2020-01-08,,13542.48,right_only,,False
2020-01-09,,13729.81,right_only,,False
2020-01-12,,13802.57,right_only,,False
2020-01-13,,13698.64,right_only,,False
2020-01-14,,13756.64,right_only,,False
2020-01-15,,13769.64,right_only,,False
2020-01-16,,13824.16,right_only,,False
2020-01-19,,13918.18,right_only,,False
2020-01-20,,13773.73,right_only,,False
2020-01-21,,13639.72,right_only,,False
2020-01-22,,13752.11,right_only,,False
2020-01-23,,13728.09,right_only,,False
2020-01-26,,13721.45,right_only,,False
2020-01-27,,13639.69,right_only,,False
2020-01-28,,13620.58,right_only,,False
2020-01-29,,13762.84,right_only,,False
2020-01-30,,13918.84,right_only,,False
2020-02-02,,13888.89,right_only,,False
2020-02-03,,13878.33,right_only,,False
2020-02-04,,13915.05,right_only,,False
2020-02-05,,13987.16,right_only,,False
2020-02-06,,14105.86,right_only,,False
2020-02-09,,14108.24,right_only,,False
2020-02-10,,13979.36,right_only,,False
2020-02-11,,14009.32,right_only,,False
2020-02-12,,13845.16,right_only,,False
2020-02-13,,13859.45,right_only,,False
2020-02-16,,13737.4,right_only,,False
2020-02-17,,13800.25,right_only,,False
2020-02-18,,13636.93,right_only,,False
2020-02-19,,13694.99,right_only,,False
2020-02-20,,13720.65,right_only,,False
2020-02-23,,13688.05,right_only,,False
2020-02-24,,13441.86,right_only,,False
2020-02-25,,13328.26,right_only,,False
2020-02-26,,13200.66,right_only,,False
2020-02-27,,13008.94,right_only,,False
2020-03-01,,12222.59,right_only,,False
2020-03-02,,12289.87,right_only,,False
2020-03-03,,12419.52,right_only,,False
2020-03-04,,12182.46,right_only,,False
2020-03-05,,12347.65,right_only,,False
2020-03-08,,11849.39,right_only,,False
2020-03-09,,10983.48,right_only,,False
2020-03-10,,11199.96,right_only,,False
2020-03-11,,11194.12,right_only,,False
2020-03-15,,10148.34,right_only,,False
2020-03-16,,9428.94,right_only,,False
2020-03-17,,9201.65,right_only,,False
2020-03-18,,8756.7,right_only,,False
2020-03-19,,9205.58,right_only,,False
2020-03-22,,9750.66,right_only,,False
2020-03-23,,10047.44,right_only,,False
2020-03-24,,9770.48,right_only,,False
2020-03-25,,9865.67,right_only,,False
2020-03-26,,9912.98,right_only,,False
2020-03-29,,9760.18,right_only,,False
2020-03-30,,9521.43,right_only,,False
2020-03-31,,9593.94,right_only,,False
2020-04-01,,9424.89,right_only,,False
2020-04-02,,9455.38,right_only,,False
2020-04-05,,9272.88,right_only,,False
2020-04-06,,9446.99,right_only,,False
2020-04-07,,9840.62,right_only,,False
2020-04-08,,10095.57,right_only,,False
2020-04-09,,10321.97,right_only,,False
2020-04-12,,10237.47,right_only,,False
2020-04-13,,10353.72,right_only,,False
2020-04-14,,10458.16,right_only,,False
2020-04-15,,10342.13,right_only,,False
2020-04-16,,10154.64,right_only,,False
2020-04-21,,9874.94,right_only,,False
2020-04-22,,9801.33,right_only,,False
2020-04-23,,10120.46,right_only,,False
2020-04-26,,10377.24,right_only,,False
2020-04-27,,10376.0,right_only,,False
2020-04-28,,10415.12,right_only,,False
2020-04-29,,10545.26,right_only,,False
2020-04-30,,10554.04,right_only,,False
2020-05-03,,10199.85,right_only,,False
2020-05-04,,10081.96,right_only,,False
2020-05-05,,10188.31,right_only,,False
2020-05-06,,10293.95,right_only,,False
2020-05-07,,10176.73,right_only,,False
2020-05-10,,10257.75,right_only,,False
2020-05-11,,10296.33,right_only,,False
2020-05-12,,10588.36,right_only,,False
2020-05-13,,10396.28,right_only,,False
2020-05-14,,10287.21,right_only,,False
2020-05-17,,10357.44,right_only,,False
2020-05-18,,10278.93,right_only,,False
2020-05-19,,10357.24,right_only,,False
2020-05-20,,10205.4,right_only,,False
2020-05-21,,10109.91,right_only,,False
2020-05-31,,10220.14,right_only,,False
2020-06-01,,10227.38,right_only,,False
2020-06-02,,10338.71,right_only,,False
2020-06-03,,10424.1,right_only,,False
2020-06-04,,10621.14,right_only,,False
2020-06-07,,11108.62,right_only,,False
2020-06-08,,11146.53,right_only,,False
2020-06-09,,11063.04,right_only,,False
2020-06-10,,10933.58,right_only,,False
2020-06-11,,10831.92,right_only,,False
2020-06-14,,10731.17,right_only,,False
2020-06-15,,10668.42,right_only,,False
2020-06-16,,10935.32,right_only,,False
2020-06-17,,10905.75,right_only,,False
2020-06-18,,10857.87,right_only,,False
2020-06-21,,10823.91,right_only,,False
2020-06-22,,10742.36,right_only,,False
2020-06-23,,10764.82,right_only,,False
2020-06-24,,11039.54,right_only,,False
2020-06-25,,10890.48,right_only,,False
2020-06-28,,10848.65,right_only,,False
2020-06-29,,10750.1,right_only,,False
2020-06-30,,10764.59,right_only,,False
2020-07-05,,10959.35,right_only,,False
2020-07-06,,11087.64,right_only,,False
2020-07-07,,11050.2,right_only,,False
2020-07-08,,11127.85,right_only,,False
2020-07-09,,10957.02,right_only,,False
2020-07-12,,11071.96,right_only,,False
2020-07-13,,11007.85,right_only,,False
2020-07-14,,10873.53,right_only,,False
2020-07-15,,10617.42,right_only,,False
2020-07-16,,10441.2,right_only,,False
2020-07-19,,10281.16,right_only,,False
2020-07-20,,10380.45,right_only,,False
2020-07-21,,10558.35,right_only,,False
2020-07-22,,10459.92,right_only,,False
2020-07-26,,10524.45,right_only,,False
2020-07-27,,10575.47,right_only,,False
2020-07-28,,10568.84,right_only,,False
2020-07-29,,10599.46,right_only,,False
2020-08-04,,10620.1,right_only,,False
2020-08-05,,10704.33,right_only,,False
2020-08-06,,10817.29,right_only,,False
2020-08-09,,10962.52,right_only,,False
2020-08-10,,10938.23,right_only,,False
2020-08-11,,10919.47,right_only,,False
2020-08-12,,10922.33,right_only,,False
2020-08-13,,10944.18,right_only,,False
2020-08-16,,11120.26,right_only,,False
2020-08-17,,11142.77,right_only,,False
2020-08-18,,11077.11,right_only,,False
2020-08-19,,11160.05,right_only,,False
2020-08-23,,11391.08,right_only,,False
2020-08-24,,11433.76,right_only,,False
2020-08-25,,11461.62,right_only,,False
2020-08-26,,11453.78,right_only,,False
2020-08-27,,11462.45,right_only,,False
2020-08-30,,11434.81,right_only,,False
2020-08-31,,11365.99,right_only,,False
2020-09-01,,11233.94,right_only,,False
2020-09-02,,11214.22,right_only,,False
2020-09-03,,11180.81,right_only,,False
2020-09-06,,11073.02,right_only,,False
2020-09-07,,11136.03,right_only,,False
2020-09-08,,10951.29,right_only,,False
2020-09-09,,10929.89,right_only,,False
2020-09-10,,11070.84,right_only,,False
2020-09-13,,11091.67,right_only,,False
2020-09-14,,11034.38,right_only,,False
2020-09-15,,11028.06,right_only,,False
2020-09-16,,11088.2,right_only,,False
2020-09-17,,11050.89,right_only,,False
2020-09-20,,10969.32,right_only,,False
2020-09-21,,10910.37,right_only,,False
2020-09-22,,10963.01,right_only,,False
2020-09-23,,10979.44,right_only,,False
2020-09-24,,10911.44,right_only,,False
2020-09-27,,10902.22,right_only,,False
2020-09-28,,10969.94,right_only,,False
2020-09-29,,10987.19,right_only,,False
2020-09-30,,10989.27,right_only,,False
2020-10-01,,11051.3,right_only,,False
2020-10-04,,11071.46,right_only,,False
2020-10-05,,11007.69,right_only,,False
2020-10-06,,11146.18,right_only,,False
2020-10-07,,11326.98,right_only,,False
2020-10-11,,11360.37,right_only,,False
2020-10-12,,11397.65,right_only,,False
2020-10-13,,11291.81,right_only,,False
2020-10-14,,11333.91,right_only,,False
2020-10-15,,11322.71,right_only,,False
2020-10-18,,11185.15,right_only,,False
2020-10-19,,11171.36,right_only,,False
2020-10-20,,11157.62,right_only,,False
2020-10-21,,11101.63,right_only,,False
2020-10-22,,10987.43,right_only,,False
2020-10-25,,10602.98,right_only,,False
2020-10-26,,10511.94,right_only,,False
2020-10-27,,10559.71,right_only,,False
2020-10-28,,10515.25,right_only,,False
2020-11-01,,10456.33,right_only,,False
2020-11-02,,10429.34,right_only,,False
2020-11-03,,10512.16,right_only,,False
2020-11-04,,10556.89,right_only,,False
2020-11-05,,10629.29,right_only,,False
2020-11-08,,10680.27,right_only,,False
2020-11-09,,10838.66,right_only,,False
2020-11-10,,11077.25,right_only,,False
2020-11-11,,10997.65,right_only,,False
2020-11-12,,11017.28,right_only,,False
2020-11-15,,10953.13,right_only,,False
2020-11-16,,10991.61,right_only,,False
2020-11-17,,11063.98,right_only,,False
2020-11-18,,10989.72,right_only,,False
2020-11-19,,10898.67,right_only,,False
2020-11-22,,10858.26,right_only,,False
2020-11-23,,10885.11,right_only,,False
2020-11-24,,10997.35,right_only,,False
2020-11-25,,11068.44,right_only,,False
2020-11-26,,10980.96,right_only,,False
2020-11-29,,11009.27,right_only,,False
2020-11-30,,10943.35,right_only,,False
2020-12-01,,11040.78,right_only,,False
2020-12-02,,11023.34,right_only,,False
2020-12-03,,11015.01,right_only,,False
2020-12-06,,11024.84,right_only,,False
2020-12-07,,10995.13,right_only,,False
2020-12-08,,11019.08,right_only,,False
2020-12-09,,11018.09,right_only,,False
2020-12-10,,10987.39,right_only,,False
2020-12-13,,11003.77,right_only,,False
2020-12-14,,11047.97,right_only,,False
2020-12-15,,11057.62,right_only,,False
2020-12-16,,10983.03,right_only,,False
2020-12-17,,10844.58,right_only,,False
2020-12-20,,10890.3,right_only,,False
2020-12-21,,10581.76,right_only,,False
2020-12-22,,10655.91,right_only,,False
2020-12-23,,10677.51,right_only,,False
2020-12-24,,10683.86,right_only,,False
2020-12-27,,10585.56,right_only,,False
2020-12-28,,10658.55,right_only,,False
2020-12-29,,10736.88,right_only,,False
2020-12-30,,10867.76,right_only,,False
2020-12-31,,10845.26,right_only,,False
2021-01-03,,10845.03,right_only,,False
2021-01-04,,10813.78,right_only,,False
2021-01-05,,10829.96,right_only,,False
2021-01-06,,10952.14,right_only,,False
2021-01-10,,11213.48,right_only,,False
2021-01-11,,11278.72,right_only,,False
2021-01-12,,11339.75,right_only,,False
2021-01-13,,11388.9,right_only,,False
2021-01-14,,11453.43,right_only,,False
2021-01-17,,11446.53,right_only,,False
2021-01-18,,11450.54,right_only,,False
2021-01-19,,11485.8,right_only,,False
2021-01-20,,11598.9,right_only,,False
2021-01-21,,11654.58,right_only,,False
2021-01-24,,11525.25,right_only,,False
2021-01-25,,11509.63,right_only,,False
2021-01-26,,11527.34,right_only,,False
2021-01-27,,11578.84,right_only,,False
2021-01-31,,11546.15,right_only,,False
2021-02-01,,11589.34,right_only,,False
2021-02-02,,11637.55,right_only,,False
2021-02-03,,11619.14,right_only,,False
2021-02-04,,11598.85,right_only,,False
2021-02-07,,11602.78,right_only,,False
2021-02-08,,11523.06,right_only,,False
2021-02-09,,11447.73,right_only,,False
2021-02-10,,11545.03,right_only,,False
2021-02-11,,11546.32,right_only,,False
2021-02-14,,11506.72,right_only,,False
2021-02-15,,11526.77,right_only,,False
2021-02-16,,11534.05,right_only,,False
2021-02-17,,11413.17,right_only,,False
2021-02-18,,11380.55,right_only,,False
2021-02-21,,11425.85,right_only,,False
2021-02-22,,11549.97,right_only,,False
2021-02-23,,11416.74,right_only,,False
2021-02-24,,11435.43,right_only,,False
2021-02-25,,11617.91,right_only,,False
2021-02-28,,11525.02,right_only,,False
2021-03-01,,11521.38,right_only,,False
2021-03-02,,11471.39,right_only,,False
2021-03-03,,11393.25,right_only,,False
2021-03-04,,11333.86,right_only,,False
2021-03-07,,11557.85,right_only,,False
2021-03-08,,11459.51,right_only,,False
2021-03-09,,11337.46,right_only,,False
2021-03-10,,11235.6,right_only,,False
2021-03-11,,11261.35,right_only,,False
2021-03-14,,11289.57,right_only,,False
2021-03-15,,11222.33,right_only,,False
2021-03-16,,11190.8,right_only,,False
2021-03-17,,11068.37,right_only,,False
2021-03-18,,10918.4,right_only,,False
2021-03-21,,10802.29,right_only,,False
2021-03-22,,10537.22,right_only,,False
2021-03-23,,10471.36,right_only,,False
2021-03-24,,10702.18,right_only,,False
2021-03-25,,10870.46,right_only,,False
2021-03-28,,10867.69,right_only,,False
2021-03-29,,10738.42,right_only,,False
2021-03-30,,10739.69,right_only,,False
2021-03-31,,10568.37,right_only,,False
2021-04-01,,10564.88,right_only,,False
2021-04-04,,10417.15,right_only,,False
2021-04-05,,10256.92,right_only,,False
2021-04-06,,10263.22,right_only,,False
2021-04-07,,10227.67,right_only,,False
2021-04-08,,10303.55,right_only,,False
2021-04-11,,10393.13,right_only,,False
2021-04-12,,10450.09,right_only,,False
2021-04-13,,10305.81,right_only,,False
2021-04-14,,10115.51,right_only,,False
2021-04-15,,10143.21,right_only,,False
2021-04-18,,10358.26,right_only,,False
2021-04-19,,10441.0,right_only,,False
2021-04-20,,10620.05,right_only,,False
2021-04-21,,10642.49,right_only,,False
2021-04-22,,10600.07,right_only,,False
2021-04-25,,10604.28,right_only,,False
2021-04-26,,10525.84,right_only,,False
2021-04-27,,10591.42,right_only,,False
2021-04-28,,10475.26,right_only,,False
2021-05-04,,10465.59,right_only,,False
2021-05-05,,10512.84,right_only,,False
2021-05-06,,10588.09,right_only,,False
2021-05-09,,10643.63,right_only,,False
2021-05-10,,10686.03,right_only,,False
2021-05-11,,10767.84,right_only,,False
2021-05-17,,10674.67,right_only,,False
2021-05-18,,10780.9,right_only,,False
2021-05-19,,10806.23,right_only,,False
2021-05-20,,10731.96,right_only,,False
2021-05-23,,10812.06,right_only,,False
2021-05-24,,10760.95,right_only,,False
2021-05-25,,10531.83,right_only,,False
2021-05-26,,10369.57,right_only,,False
2021-05-27,,10242.3,right_only,,False
2021-05-30,,10301.58,right_only,,False
2021-05-31,,10309.06,right_only,,False
2021-06-01,,10240.21,right_only,,False
2021-06-02,,10120.95,right_only,,False
2021-06-03,,10054.81,right_only,,False
2021-06-06,,10122.44,right_only,,False
2021-06-07,,10105.04,right_only,,False
2021-06-08,,9963.91,right_only,,False
2021-06-09,,10042.18,right_only,,False
2021-06-10,,9977.9,right_only,,False
2021-06-13,,9887.19,right_only,,False
2021-06-14,,9933.35,right_only,,False
2021-06-15,,9891.18,right_only,,False
2021-06-16,,9880.49,right_only,,False
2021-06-17,,9865.59,right_only,,False
2021-06-20,,9797.91,right_only,,False
2021-06-21,,10061.58,right_only,,False
2021-06-22,,10206.24,right_only,,False
2021-06-23,,10272.72,right_only,,False
2021-06-24,,10278.86,right_only,,False
2021-06-27,,10305.02,right_only,,False
2021-06-28,,10273.92,right_only,,False
2021-06-29,,10123.06,right_only,,False
2021-06-30,,10256.62,right_only,,False
2021-07-04,,10345.66,right_only,,False
2021-07-05,,10348.29,right_only,,False
2021-07-06,,10154.79,right_only,,False
2021-07-07,,10277.25,right_only,,False
2021-07-08,,10184.8,right_only,,False
2021-07-11,,10153.47,right_only,,False
2021-07-12,,10233.7,right_only,,False
2021-07-13,,10431.99,right_only,,False
2021-07-14,,10602.41,right_only,,False
2021-07-15,,10561.28,right_only,,False
2021-07-18,,10646.85,right_only,,False
2021-07-25,,10745.69,right_only,,False
2021-07-26,,10697.32,right_only,,False
2021-07-27,,10763.26,right_only,,False
2021-07-28,,10769.22,right_only,,False
2021-07-29,,10742.23,right_only,,False
2021-08-01,,10810.21,right_only,,False
2021-08-02,,10821.88,right_only,,False
2021-08-03,,10726.33,right_only,,False
2021-08-04,,10718.89,right_only,,False
2021-08-05,,10723.18,right_only,,False
2021-08-08,,10738.67,right_only,,False
2021-08-09,,10800.39,right_only,,False
2021-08-10,,10853.83,right_only,,False
2021-08-11,,10884.5,right_only,,False
2021-08-15,,11029.56,right_only,,False
2021-08-16,,11046.15,right_only,,False
2021-08-17,,10937.69,right_only,,False
2021-08-18,,10907.96,right_only,,False
2021-08-19,,10808.7,right_only,,False
2021-08-22,,10690.79,right_only,,False
2021-08-23,,10884.29,right_only,,False
2021-08-24,,10950.24,right_only,,False
2021-08-25,,11064.43,right_only,,False
2021-08-26,,11125.55,right_only,,False
2021-08-29,,11113.74,right_only,,False
2021-08-30,,11163.23,right_only,,False
2021-08-31,,11143.8,right_only,,False
2021-09-01,,11283.7,right_only,,False
2021-09-02,,11301.36,right_only,,False
2021-09-05,,11095.89,right_only,,False
2021-09-06,,11064.17,right_only,,False
2021-09-07,,11089.8,right_only,,False
2021-09-08,,11135.48,right_only,,False
2021-09-09,,11056.27,right_only,,False
2021-09-12,,11036.93,right_only,,False
2021-09-13,,11140.22,right_only,,False
2021-09-14,,11187.82,right_only,,False
2021-09-15,,11149.36,right_only,,False
2021-09-16,,10996.76,right_only,,False
2021-09-19,,10889.65,right_only,,False
2021-09-20,,10710.56,right_only,,False
2021-09-21,,10498.52,right_only,,False
2021-09-22,,10596.06,right_only,,False
2021-09-23,,10642.02,right_only,,False
2021-09-26,,10649.76,right_only,,False
2021-09-27,,10496.0,right_only,,False
2021-09-28,,10446.78,right_only,,False
2021-09-29,,10391.14,right_only,,False
2021-09-30,,10517.03,right_only,,False
2021-10-03,,10366.44,right_only,,False
2021-10-04,,10427.44,right_only,,False
2021-10-05,,10432.63,right_only,,False
2021-10-06,,10536.39,right_only,,False
2021-10-10,,10662.96,right_only,,False
2021-10-11,,10714.78,right_only,,False
2021-10-12,,10783.92,right_only,,False
2021-10-13,,10881.4,right_only,,False
2021-10-14,,10995.59,right_only,,False
2021-10-17,,11155.57,right_only,,False
2021-10-18,,11276.17,right_only,,False
2021-10-19,,11195.05,right_only,,False
2021-10-20,6.659721851348877,11132.07,both,-11125.4103,False
2021-10-24,6.8125,11185.88,both,-11179.0675,False
2021-10-25,6.680554866790772,11178.0,both,-11171.3194,False
2021-10-26,7.118054866790772,11256.54,both,-11249.4219,False
2021-10-27,7.006944179534912,11364.2,both,-11357.1931,False
2021-10-28,7.125,11506.63,both,-11499.505,False
2021-10-31,6.736111164093018,11420.19,both,-11413.4539,False
2021-11-01,6.777777194976807,11568.27,both,-11561.4922,False
2021-11-02,6.691666126251221,11676.38,both,-11669.6883,False
2021-11-03,6.316666126251221,11685.12,both,-11678.8033,False
2021-11-04,6.175000190734863,11612.84,both,-11606.665,False
2021-11-07,6.175000190734863,11555.58,both,-11549.405,False
2021-11-08,6.175000190734863,11497.51,both,-11491.335,False
2021-11-09,6.175000190734863,11588.42,both,-11582.245,False
2021-11-10,5.858333110809326,11480.5,both,-11474.6417,False
2021-11-11,5.916666030883789,11573.14,both,-11567.2233,False
2021-11-14,5.833333015441895,11662.99,both,-11657.1567,False
2021-11-15,5.741665840148926,11496.63,both,-11490.8883,False
2021-11-16,5.391665935516357,11413.21,both,-11407.8183,False
2021-11-17,5.366665840148926,11453.3,both,-11447.9333,False
2021-11-18,5.525000095367432,11337.99,both,-11332.465,False
2021-11-21,5.449999809265137,11273.11,both,-11267.66,False
2021-11-22,5.449999809265137,11359.03,both,-11353.58,False
2021-11-23,5.566666126251221,11369.22,both,-11363.6533,False
2021-11-24,5.566666126251221,11352.64,both,-11347.0733,False
2021-11-25,5.666666030883789,11431.24,both,-11425.5733,False
2021-11-28,5.666666030883789,11277.83,both,-11272.1633,False
2021-11-29,5.508333206176758,11212.3,both,-11206.7917,False
2021-11-30,5.650000095367432,11395.6,both,-11389.95,False
2021-12-01,5.708333015441895,11420.0,both,-11414.2917,False
2021-12-02,5.658332824707031,11318.35,both,-11312.6917,False
2021-12-05,5.683332920074463,11401.33,both,-11395.6467,False
2021-12-06,5.758333206176758,11514.87,both,-11509.1117,False
2021-12-07,5.824999809265137,11538.26,both,-11532.435,False
2021-12-08,5.941666126251221,11451.14,both,-11445.1983,False
2021-12-09,6.058332920074463,11534.63,both,-11528.5717,False
2021-12-12,6.066666126251221,11708.05,both,-11701.9833,False
2021-12-13,6.058332920074463,11700.4,both,-11694.3417,False
2021-12-14,6.058332920074463,11618.01,both,-11611.9517,False
2021-12-15,5.866665840148926,11622.1,both,-11616.2333,False
2021-12-16,5.949999809265137,11667.73,both,-11661.78,False
2021-12-19,5.933332920074463,11565.72,both,-11559.7867,False
2021-12-20,5.933332920074463,11482.43,both,-11476.4967,False
2021-12-21,5.841666221618652,11524.66,both,-11518.8183,False
2021-12-22,5.891665935516357,11630.63,both,-11624.7383,False
2021-12-23,5.974999904632568,11755.46,both,-11749.485,False
2021-12-26,6.175000190734863,11856.21,both,-11850.035,False
2021-12-27,6.349999904632568,11849.79,both,-11843.44,False
2021-12-28,6.5,11913.44,both,-11906.94,False
2021-12-29,6.466666221618652,11898.42,both,-11891.9533,False
2021-12-30,6.5,11949.18,both,-11942.68,False
2022-01-02,6.5,11909.72,both,-11903.22,False
2022-01-03,6.324999809265137,11897.4,both,-11891.075,False
2022-01-04,6.441666126251221,11982.61,both,-11976.1683,False
2022-01-05,6.566666126251221,12043.42,both,-12036.8533,False
2022-01-09,6.566666126251221,11978.56,both,-11971.9933,False
2022-01-10,6.541666030883789,12022.69,both,-12016.1483,False
2022-01-11,6.449999809265137,12002.08,both,-11995.63,False
2022-01-12,6.449999809265137,12060.0,both,-12053.55,False
2022-01-13,6.358333110809326,12012.31,both,-12005.9517,False
2022-01-16,6.208333015441895,11830.94,both,-11824.7317,False
2022-01-17,6.275000095367432,11859.12,both,-11852.845,False
2022-01-18,6.308332920074463,11876.44,both,-11870.1317,False
2022-01-19,6.224999904632568,11715.01,both,-11708.785,False
2022-01-20,6.224999904632568,11731.71,both,-11725.485,False
2022-01-23,6.025000095367432,11655.72,both,-11649.695,False
2022-01-24,6.041666030883789,11616.13,both,-11610.0883,False
2022-01-25,6.074999809265137,11542.43,both,-11536.355,False
2022-01-26,6.008333206176758,11499.85,both,-11493.8417,False
2022-01-30,6.025000095367432,11457.46,both,-11451.435,False
2022-01-31,6.033332824707031,11490.45,both,-11484.4167,False
2022-02-01,6.191666126251221,11603.33,both,-11597.1383,False
2022-02-02,6.324999809265137,11691.82,both,-11685.495,False
2022-02-03,6.191666126251221,11638.06,both,-11631.8683,False
2022-02-06,6.358333110809326,11689.55,both,-11683.1917,False
2022-02-07,6.333333015441895,11548.61,both,-11542.2767,False
2022-02-08,6.383333206176758,11527.9,both,-11521.5167,False
2022-02-09,6.375,11596.29,both,-11589.915,False
2022-02-10,6.258333206176758,11578.54,both,-11572.2817,False
2022-02-13,6.016665935516357,11438.12,both,-11432.1033,False
2022-02-14,6.033332824707031,11403.34,both,-11397.3067,False
2022-02-15,6.199999809265137,11563.38,both,-11557.18,False
2022-02-16,6.208333015441895,11568.14,both,-11561.9317,False
2022-02-17,6.241665840148926,11535.02,both,-11528.7783,False
2022-02-20,6.099999904632568,11371.21,both,-11365.11,False
2022-02-21,6.125,11501.92,both,-11495.795,False
2022-02-22,6.091666221618652,11302.49,both,-11296.3983,False
2022-02-23,6.116665840148926,11301.08,both,-11294.9633,False
2022-02-24,5.766665935516357,10890.88,both,-10885.1133,False
2022-02-27,6.108333110809326,11174.09,both,-11167.9817,False
2022-02-28,6.108333110809326,11138.86,both,-11132.7517,False
2022-03-01,6.150000095367432,11275.78,both,-11269.63,False
2022-03-02,6.199999809265137,11189.29,both,-11183.09,False
2022-03-03,6.508333206176758,11305.55,both,-11299.0417,False
2022-03-06,6.616665840148926,11094.66,both,-11088.0433,False
2022-03-07,6.558332920074463,10701.14,both,-10694.5817,False
2022-03-08,6.558332920074463,10396.83,both,-10390.2717,False
2022-03-09,6.508333206176758,10415.73,both,-10409.2217,False
2022-03-10,6.349999904632568,10453.59,both,-10447.24,False
2022-03-13,6.291666030883789,10480.67,both,-10474.3783,False
2022-03-14,6.266665935516357,10419.56,both,-10413.2933,False
2022-03-15,6.099999904632568,10423.09,both,-10416.99,False
2022-03-16,6.383333206176758,10705.6,both,-10699.2167,False
2022-03-17,6.466666221618652,10726.44,both,-10719.9733,False
2022-03-20,6.508333206176758,10973.72,both,-10967.2117,False
2022-03-21,7.016665935516357,11511.15,both,-11504.1333,False
2022-03-22,7.033332824707031,11663.32,both,-11656.2867,False
2022-03-23,7.166666030883789,11743.91,both,-11736.7433,False
2022-03-24,7.525000095367432,11709.16,both,-11701.635,False
2022-03-27,7.866665840148926,11545.61,both,-11537.7433,False
2022-03-28,7.383333206176758,11240.79,both,-11233.4067,False
2022-03-29,7.375,11393.54,both,-11386.165,False
2022-03-30,7.316666126251221,11239.21,both,-11231.8933,False
2022-03-31,7.25,11238.48,both,-11231.23,False
2022-04-03,7.400000095367432,11562.21,both,-11554.81,False
2022-04-04,7.266665935516357,11529.18,both,-11521.9133,False
2022-04-05,7.133333206176758,11380.85,both,-11373.7167,False
2022-04-06,7.125,11347.96,both,-11340.835,False
2022-04-07,6.858333110809326,11101.94,both,-11095.0817,False
2022-04-10,6.675000190734863,10897.61,both,-10890.935,False
2022-04-11,6.400000095367432,10728.66,both,-10722.26,False
2022-04-12,6.5,10898.69,both,-10892.19,False
2022-04-13,6.416666030883789,10847.46,both,-10841.0433,False
2022-04-14,6.0,10679.55,both,-10673.55,False
2022-04-17,5.849999904632568,10707.93,both,-10702.08,False
2022-04-18,6.158332824707031,10724.8,both,-10718.6417,False
2022-04-19,6.158332824707031,10626.81,both,-10620.6517,False
2022-04-20,6.133333206176758,10444.76,both,-10438.6267,False
2022-04-21,6.391665935516357,10548.14,both,-10541.7483,False
2022-04-26,6.533332824707031,10682.08,both,-10675.5467,False
2022-04-27,6.775000095367432,10718.22,both,-10711.445,False
2022-04-28,7.066666126251221,11047.7,both,-11040.6333,False
2022-05-08,7.033332824707031,11109.22,both,-11102.1867,False
2022-05-09,6.849999904632568,10906.72,both,-10899.87,False
2022-05-10,6.691666126251221,10811.45,both,-10804.7583,False
2022-05-11,6.925000190734863,10855.93,both,-10849.005,False
2022-05-12,6.699999809265137,10678.98,both,-10672.28,False
2022-05-15,6.633333206176758,10534.22,both,-10527.5867,False
2022-05-16,6.708333015441895,10461.88,both,-10455.1717,False
2022-05-17,6.666666030883789,10438.95,both,-10432.2833,False
2022-05-18,6.699999809265137,10467.63,both,-10460.93,False
2022-05-19,6.566666126251221,10549.97,both,-10543.4033,False
2022-05-22,6.516665935516357,10462.74,both,-10456.2233,False
2022-05-23,6.533332824707031,10514.95,both,-10508.4167,False
2022-05-24,6.525000095367432,10415.54,both,-10409.015,False
2022-05-25,6.491665840148926,10247.43,both,-10240.9383,False
2022-05-26,6.425000190734863,10200.56,both,-10194.135,False
2022-05-29,6.283332824707031,10086.72,both,-10080.4367,False
2022-05-30,6.366665840148926,10109.36,both,-10102.9933,False
2022-05-31,6.408332824707031,10150.05,both,-10143.6417,False
2022-06-01,6.383333206176758,10083.98,both,-10077.5967,False
2022-06-02,6.324999809265137,10007.51,both,-10001.185,False
2022-06-05,6.324999809265137,9986.0,both,-9979.675,False
2022-06-06,6.316666126251221,9984.92,both,-9978.6033,False
2022-06-07,6.391665935516357,10048.36,both,-10041.9683,False
2022-06-08,6.841666221618652,10236.06,both,-10229.2183,False
2022-06-09,6.766665935516357,10235.43,both,-10228.6633,False
2022-06-12,6.724999904632568,10097.55,both,-10090.825,False
2022-06-13,6.458333015441895,10014.85,both,-10008.3917,False
2022-06-14,6.458333015441895,9981.22,both,-9974.7617,False
2022-06-15,6.458333015441895,9969.97,both,-9963.5117,False
2022-06-16,6.400000095367432,9866.75,both,-9860.35,False
2022-06-19,6.308332920074463,9728.19,both,-9721.8817,False
2022-06-20,6.391665935516357,9680.18,both,-9673.7883,False
2022-06-21,6.408332824707031,9697.88,both,-9691.4717,False
2022-06-22,6.333333015441895,9612.9,both,-9606.5667,False
2022-06-23,6.25,9439.85,both,-9433.6,False
2022-06-26,6.258333206176758,9443.75,both,-9437.4917,False
2022-06-27,6.208333015441895,9255.43,both,-9249.2217,False
2022-06-28,5.891665935516357,9179.63,both,-9173.7383,False
2022-06-29,6.025000095367432,9225.61,both,-9219.585,False
2022-07-03,5.833333015441895,9008.89,both,-9003.0567,False
2022-07-04,5.733333110809326,8685.74,both,-8680.0067,False
2022-07-05,5.775000095367432,8657.5,both,-8651.725,False
2022-07-06,5.75,8670.12,both,-8664.37,False
2022-07-07,5.783332824707031,8764.25,both,-8758.4667,False
2022-07-17,5.716666221618652,8772.93,both,-8767.2133,False
2022-07-18,5.699999809265137,8867.94,both,-8862.24,False
2022-07-19,5.641665935516357,9033.53,both,-9027.8883,False
2022-07-20,5.849999904632568,9112.72,both,-9106.87,False
2022-07-21,6.016665935516357,9289.81,both,-9283.7933,False
2022-07-24,6.0,9276.28,both,-9270.28,False
2022-07-25,5.891665935516357,9237.7,both,-9231.8083,False
2022-07-26,5.925000190734863,9350.42,both,-9344.495,False
2022-07-27,5.908332824707031,9287.92,both,-9282.0117,False
2022-07-28,5.916666030883789,9369.32,both,-9363.4033,False
2022-07-31,6.025000095367432,9467.08,both,-9461.055,False
2022-08-01,5.966666221618652,9423.1,both,-9417.1333,False
2022-08-02,5.941666126251221,9442.02,both,-9436.0783,False
2022-08-03,5.966666221618652,9539.43,both,-9533.4633,False
2022-08-04,6.125,10043.23,both,-10037.105,False
2022-08-07,6.333333015441895,10123.81,both,-10117.4767,False
2022-08-08,6.258333206176758,10047.71,both,-10041.4517,False
2022-08-09,6.199999809265137,9968.88,both,-9962.68,False
2022-08-10,6.074999809265137,9965.46,both,-9959.385,False
2022-08-11,6.108333110809326,9988.84,both,-9982.7317,False
2022-08-14,6.175000190734863,9984.44,both,-9978.265,False
2022-08-15,6.175000190734863,9914.71,both,-9908.535,False
2022-08-16,6.099999904632568,9843.17,both,-9837.07,False
2022-08-17,6.266665935516357,10058.12,both,-10051.8533,False
2022-08-18,6.266665935516357,10094.16,both,-10087.8933,False
2022-08-21,6.458333015441895,10339.58,both,-10333.1217,False
2022-08-22,6.366665840148926,10246.24,both,-10239.8733,False
2022-08-23,6.366665840148926,10137.89,both,-10131.5233,False
2022-08-24,6.199999809265137,10105.24,both,-10099.04,False
2022-08-25,6.300000190734863,10287.27,both,-10280.97,False
2022-08-28,6.233333110809326,10178.15,both,-10171.9167,False
2022-08-29,6.158332824707031,10122.32,both,-10116.1617,False
2022-08-30,6.199999809265137,10132.15,both,-10125.95,False
2022-08-31,6.25,9998.61,both,-9992.36,False
2022-09-01,6.324999809265137,9936.87,both,-9930.545,False
2022-09-04,6.458333015441895,9996.74,both,-9990.2817,False
2022-09-05,6.574999809265137,10177.64,both,-10171.065,False
2022-09-06,6.574999809265137,10329.66,both,-10323.085,False
2022-09-07,6.5,10232.29,both,-10225.79,False
2022-09-08,6.5,10265.35,both,-10258.85,False
2022-09-11,6.716666221618652,10356.31,both,-10349.5933,False
2022-09-12,6.683332920074463,10434.1,both,-10427.4167,False
2022-09-13,6.608333110809326,10397.12,both,-10390.5117,False
2022-09-14,6.466666221618652,10193.79,both,-10187.3233,False
2022-09-15,6.341666221618652,10079.02,both,-10072.6783,False
2022-09-18,6.033332824707031,9763.19,both,-9757.1567,False
2022-09-19,6.116665840148926,9854.21,both,-9848.0933,False
2022-09-20,6.158332824707031,10010.53,both,-10004.3717,False
2022-09-21,6.099999904632568,9955.85,both,-9949.75,False
2022-09-22,6.108333110809326,9933.05,both,-9926.9417,False
2022-09-25,6.058332920074463,9895.04,both,-9888.9817,False
2022-09-26,6.183332920074463,9827.8,both,-9821.6167,False
2022-09-27,6.125,9817.37,both,-9811.245,False
2022-09-28,6.058332920074463,9702.19,both,-9696.1317,False
2022-09-29,6.125,9827.46,both,-9821.335,False
2022-10-02,6.041666030883789,9687.36,both,-9681.3183,False
2022-10-03,6.058332920074463,9685.85,both,-9679.7917,False
2022-10-04,6.099999904632568,9923.81,both,-9917.71,False
2022-10-05,6.141665935516357,10010.78,both,-10004.6383,False
2022-10-09,6.108333110809326,9940.86,both,-9934.7517,False
2022-10-10,6.291666030883789,9948.53,both,-9942.2383,False
2022-10-11,6.408332824707031,9867.23,both,-9860.8217,False
2022-10-12,6.400000095367432,9800.64,both,-9794.24,False
2022-10-13,6.383333206176758,9853.74,both,-9847.3567,False
2022-10-16,6.516665935516357,10048.88,both,-10042.3633,False
2022-10-17,6.583333015441895,10148.4,both,-10141.8167,False
2022-10-18,6.599999904632568,10163.56,both,-10156.96,False
2022-10-19,6.483333110809326,10156.34,both,-10149.8567,False
2022-10-20,6.5,10273.53,both,-10267.03,False
2022-10-23,6.516665935516357,10258.24,both,-10251.7233,False
2022-10-24,6.433332920074463,10320.88,both,-10314.4467,False
2022-10-25,6.508333206176758,10475.02,both,-10468.5117,False
2022-10-26,6.508333206176758,10553.2,both,-10546.6917,False
2022-10-27,6.75,11072.02,both,-11065.27,False
2022-10-30,6.599999904632568,11100.67,both,-11094.07,False
2022-10-31,6.733333110809326,11372.79,both,-11366.0567,False
2022-11-01,6.916666030883789,11432.79,both,-11425.8733,False
2022-11-02,6.808332920074463,11242.07,both,-11235.2617,False
2022-11-03,6.733333110809326,11262.4,both,-11255.6667,False
2022-11-06,6.858333110809326,11179.2,both,-11172.3417,False
2022-11-07,6.875,11443.71,both,-11436.835,False
2022-11-08,6.741665840148926,11268.04,both,-11261.2983,False
2022-11-09,6.841666221618652,11781.58,both,-11774.7383,False
2022-11-10,6.958333015441895,11756.56,both,-11749.6017,False
2022-11-13,7.125,11980.62,both,-11973.495,False
2022-11-14,7.099999904632568,12136.37,both,-12129.27,False
2022-11-15,7.0,12137.0,both,-12130.0,False
2022-11-16,7.116665840148926,12341.2,both,-12334.0833,False
2022-11-17,7.2083330154418945,12515.71,both,-12508.5017,False
2022-11-20,7.183332920074463,12523.84,both,-12516.6567,False
2022-11-21,7.158332824707031,12449.9,both,-12442.7417,False
2022-11-22,7.2083330154418945,12622.34,both,-12615.1317,False
2022-11-23,7.491665840148926,12600.09,both,-12592.5983,False
2022-11-24,7.550000190734863,12779.44,both,-12771.89,False
2022-11-27,7.683332920074463,13009.48,both,-13001.7967,False
2022-11-28,7.7083330154418945,12917.22,both,-12909.5117,False
2022-11-29,7.808332920074463,13184.26,both,-13176.4517,False
2022-11-30,7.7083330154418945,13259.26,both,-13251.5517,False
2022-12-01,8.066665649414062,13639.73,both,-13631.6633,False
2022-12-04,8.733332633972168,14078.53,both,-14069.7967,False
2022-12-05,8.550000190734863,14327.77,both,-14319.22,False
2022-12-06,9.333333015441896,14498.29,both,-14488.9567,False
2022-12-07,9.375,14787.05,both,-14777.675,False
2022-12-08,10.091666221618652,14838.31,both,-14828.2183,False
2022-12-11,10.708333015441896,14587.7,both,-14576.9917,False
2022-12-12,11.383333206176758,14723.71,both,-14712.3267,False
2022-12-13,11.716666221618652,15150.31,both,-15138.5933,False
2022-12-14,11.366665840148926,15378.28,both,-15366.9133,False
2022-12-15,10.908332824707031,15141.55,both,-15130.6417,False
2022-12-18,10.649999618530272,14843.05,both,-14832.4,False
2022-12-19,11.199999809265137,14738.6,both,-14727.4,False
2022-12-20,10.908332824707031,14523.26,both,-14512.3517,False
2022-12-21,10.666666030883787,14541.98,both,-14531.3133,False
2022-12-22,10.399999618530272,14482.93,both,-14472.53,False
2022-12-25,10.216666221618652,14385.3,both,-14375.0833,False
2022-12-26,10.666666030883787,14560.41,both,-14549.7433,False
2022-12-27,10.925000190734863,14485.18,both,-14474.255,False
2022-12-28,10.975000381469728,14578.21,both,-14567.235,False
2022-12-29,10.93333339691162,14598.53,both,-14587.5967,False
2023-01-02,11.283332824707031,14960.66,both,-14949.3767,False
2023-01-03,11.341666221618652,15068.13,both,-15056.7883,False
2023-01-04,12.25,15557.46,both,-15545.21,False
2023-01-05,12.858332633972168,16002.18,both,-15989.3217,False
2023-01-09,12.916666030883787,16096.87,both,-16083.9533,False
2023-01-10,12.483332633972168,15462.57,both,-15450.0867,False
2023-01-11,12.625,15528.1,both,-15515.475,False
2023-01-12,13.0,15551.47,both,-15538.47,False
2023-01-15,13.041666030883787,15561.25,both,-15548.2083,False
2023-01-16,13.883333206176758,15837.91,both,-15824.0267,False
2023-01-17,13.708333015441896,15981.88,both,-15968.1717,False
2023-01-18,13.133333206176758,15987.15,both,-15974.0167,False
2023-01-19,13.175000190734863,16065.98,both,-16052.805,False
2023-01-22,13.408332824707031,16118.85,both,-16105.4417,False
2023-01-23,13.508333206176758,16183.49,both,-16169.9817,False
2023-01-24,13.708333015441896,16440.53,both,-16426.8217,False
2023-01-25,13.708333015441896,16791.11,both,-16777.4017,False
2023-01-29,13.833333015441896,17411.46,both,-17397.6267,False
2023-01-30,13.416666030883787,17026.64,both,-17013.2233,False
2023-01-31,13.05833339691162,16446.38,both,-16433.3217,False
2023-02-01,12.641666412353516,16407.79,both,-16395.1483,False
2023-02-02,12.141666412353516,16255.73,both,-16243.5883,False
2023-02-05,12.408332824707031,16265.92,both,-16253.5117,False
2023-02-06,13.083333015441896,16587.06,both,-16573.9767,False
2023-02-07,13.516666412353516,16900.43,both,-16886.9133,False
2023-02-08,13.491665840148926,16948.08,both,-16934.5883,False
2023-02-09,14.916666030883787,17613.78,both,-17598.8633,False
2023-02-12,15.033332824707031,17287.09,both,-17272.0567,False
2023-02-13,15.166666030883787,17214.56,both,-17199.3933,False
2023-02-14,15.5,17430.98,both,-17415.48,False
2023-02-15,16.458332061767578,17522.56,both,-17506.1017,False
2023-02-16,16.891666412353516,17488.87,both,-17471.9783,False
2023-02-19,16.083332061767578,17326.61,both,-17310.5267,False
2023-02-20,15.833333015441896,16814.0,both,-16798.1667,False
2023-02-21,16.808332443237305,17039.45,both,-17022.6417,False
2023-02-22,16.333332061767578,16777.2,both,-16760.8667,False
2023-02-23,16.979999542236328,17003.9,both,-16986.92,False
2023-02-26,17.0,17213.01,both,-17196.01,False
2023-02-27,16.68000030517578,17098.16,both,-17081.48,False
2023-02-28,16.639999389648438,17002.08,both,-16985.44,False
2023-03-01,16.809999465942383,17123.01,both,-17106.2,False
2023-03-02,16.770000457763672,16846.79,both,-16830.02,False
2023-03-05,17.079999923706055,16827.65,both,-16810.57,False
2023-03-06,17.110000610351562,16803.89,both,-16786.78,False
2023-03-07,16.81999969482422,16432.56,both,-16415.74,False
2023-03-08,16.6299991607666,16315.62,both,-16298.99,False
2023-03-09,16.860000610351562,16454.31,both,-16437.45,False
2023-03-12,16.399999618530273,15936.89,both,-15920.49,False
2023-03-13,15.300000190734863,15438.5,both,-15423.2,False
2023-03-14,15.5600004196167,15362.25,both,-15346.69,False
2023-03-15,13.5,14724.44,both,-14710.94,False
2023-03-16,14.550000190734863,14704.18,both,-14689.63,False
2023-03-19,14.5600004196167,14681.12,both,-14666.56,False
2023-03-20,14.949999809265137,14923.81,both,-14908.86,False
2023-03-21,16.3700008392334,15325.66,both,-15309.29,False
2023-03-22,16.15999984741211,15253.22,both,-15237.06,False
2023-03-23,17.280000686645508,15625.08,both,-15607.8,False
2023-03-26,19.88999938964844,15989.18,both,-15969.29,False
2023-03-27,19.309999465942383,15950.09,both,-15930.78,False
2023-03-28,20.75,15906.42,both,-15885.67,False
2023-03-29,21.5,16411.37,both,-16389.87,False
2023-03-30,20.600000381469727,16418.53,both,-16397.93,False
2023-04-02,20.959999084472656,16694.46,both,-16673.5,False
2023-04-03,21.100000381469727,17056.89,both,-17035.79,False
2023-04-04,20.5,16998.35,both,-16977.85,False
2023-04-05,20.399999618530277,17019.25,both,-16998.85,False
2023-04-06,20.559999465942383,16709.28,both,-16688.72,False
2023-04-09,20.899999618530277,16674.87,both,-16653.97,False
2023-04-10,20.559999465942383,16774.64,both,-16754.08,False
2023-04-11,20.96999931335449,17011.68,both,-16990.71,False
2023-04-12,20.850000381469727,16741.45,both,-16720.6,False
2023-04-13,21.61000061035156,17671.27,both,-17649.66,False
2023-04-18,22.170000076293945,17538.97,both,-17516.8,False
2023-04-19,22.5,17516.04,both,-17493.54,False
2023-04-26,22.989999771118164,17452.22,both,-17429.23,False
2023-04-27,23.40999984741211,17796.91,both,-17773.5,False
2023-04-30,22.5,17667.74,both,-17645.24,False
2023-05-01,22.5,17310.83,both,-17288.33,False
2023-05-02,21.989999771118164,17300.56,both,-17278.57,False
2023-05-03,22.399999618530277,17295.27,both,-17272.87,False
2023-05-07,22.600000381469727,17235.31,both,-17212.71,False
2023-05-08,23.770000457763672,17642.97,both,-17619.2,False
2023-05-09,23.11000061035156,17326.27,both,-17303.16,False
2023-05-10,23.670000076293945,17494.73,both,-17471.06,False
2023-05-11,23.40999984741211,17270.69,both,-17247.28,False
2023-05-14,23.280000686645508,17369.13,both,-17345.85,False
2023-05-15,22.450000762939453,17135.55,both,-17113.1,False
2023-05-16,22.09000015258789,17033.99,both,-17011.9,False
2023-05-17,20.600000381469727,16844.01,both,-16823.41,False
2023-05-18,20.299999237060547,16745.54,both,-16725.24,False
2023-05-21,19.90999984741211,16860.88,both,-16840.97,False
2023-05-22,19.600000381469727,16764.41,both,-16744.81,False
2023-05-23,19.26000022888184,16787.71,both,-16768.45,False
2023-05-24,19.950000762939453,17090.56,both,-17070.61,False
2023-05-25,19.780000686645508,17043.62,both,-17023.84,False
2023-05-28,19.549999237060547,17131.45,both,-17111.9,False
2023-05-29,20.149999618530277,17211.84,both,-17191.69,False
2023-05-30,20.93000030517578,17534.59,both,-17513.66,False
2023-05-31,20.809999465942383,17495.77,both,-17474.96,False
2023-06-01,20.690000534057617,17533.31,both,-17512.62,False
2023-06-04,20.1299991607666,17455.48,both,-17435.35,False
2023-06-05,19.700000762939453,17345.9,both,-17326.2,False
2023-06-06,20.200000762939453,17491.18,both,-17470.98,False
2023-06-07,20.32999992370605,17347.57,both,-17327.24,False
2023-06-08,22.059999465942383,17521.36,both,-17499.3,False
2023-06-11,22.700000762939453,17739.63,both,-17716.93,False
2023-06-12,22.799999237060547,17704.58,both,-17681.78,False
2023-06-13,22.479999542236328,17866.81,both,-17844.33,False
2023-06-14,22.36000061035156,17873.28,both,-17850.92,False
2023-06-15,22.299999237060547,17881.52,both,-17859.22,False
2023-06-18,22.68000030517578,18026.17,both,-18003.49,False
2023-06-19,22.309999465942383,17988.95,both,-17966.64,False
2023-06-20,22.0,17921.92,both,-17899.92,False
2023-06-21,21.6200008392334,17706.08,both,-17684.46,False
2023-06-22,21.989999771118164,17712.93,both,-17690.94,False
2023-06-25,21.82999992370605,17287.64,both,-17265.81,False
2023-06-26,22.170000076293945,17665.29,both,-17643.12,False
2023-07-04,22.899999618530277,17466.18,both,-17443.28,False
2023-07-05,23.809999465942383,17380.33,both,-17356.52,False
2023-07-06,23.21999931335449,17102.3,both,-17079.08,False
2023-07-09,21.799999237060547,16555.12,both,-16533.32,False
2023-07-10,23.100000381469727,16963.13,both,-16940.03,False
2023-07-11,23.01000022888184,17155.23,both,-17132.22,False
2023-07-12,22.950000762939453,17144.22,both,-17121.27,False
2023-07-13,23.299999237060547,17342.29,both,-17318.99,False
2023-07-16,23.200000762939453,17343.13,both,-17319.93,False
2023-07-17,23.450000762939453,17512.01,both,-17488.56,False
2023-07-18,23.32999992370605,17608.32,both,-17584.99,False
2023-07-19,23.32999992370605,17578.67,both,-17555.34,False
2023-07-24,22.799999237060547,17550.23,both,-17527.43,False
2023-07-25,22.670000076293945,17479.94,both,-17457.27,False
2023-07-26,22.350000381469727,17396.24,both,-17373.89,False
2023-07-27,22.209999084472656,17339.06,both,-17316.85,False
2023-07-30,22.600000381469727,17554.56,both,-17531.96,False
2023-07-31,22.700000762939453,17595.92,both,-17573.22,False
2023-08-01,22.5,17514.11,both,-17491.61,False
2023-08-02,22.200000762939453,17455.6,both,-17433.4,False
2023-08-03,22.8700008392334,17451.44,both,-17428.57,False
2023-08-06,23.5,17697.49,both,-17673.99,False
2023-08-07,23.51000022888184,17839.48,both,-17815.97,False
2023-08-08,23.399999618530277,17748.89,both,-17725.49,False
2023-08-09,22.899999618530277,17763.63,both,-17740.73,False
2023-08-10,22.700000762939453,17710.2,both,-17687.5,False
2023-08-13,23.200000762939453,17856.07,both,-17832.87,False
2023-08-14,23.01000022888184,17897.5,both,-17874.49,False
2023-08-15,23.950000762939453,17965.32,both,-17941.37,False
2023-08-16,24.5,18062.5,both,-18038.0,False
2023-08-17,24.399999618530277,17969.27,both,-17944.87,False
2023-08-20,24.309999465942383,18033.22,both,-18008.91,False
2023-08-21,24.450000762939453,17920.48,both,-17896.03,False
2023-08-22,24.729999542236328,18216.63,both,-18191.9,False
2023-08-23,25.100000381469727,18133.42,both,-18108.32,False
2023-08-24,25.280000686645508,18207.82,both,-18182.54,False
2023-08-27,25.68000030517578,18516.59,both,-18490.91,False
2023-08-28,25.790000915527344,18584.84,both,-18559.05,False
2023-08-29,25.38999938964844,18629.34,both,-18603.95,False
2023-08-30,25.399999618530277,18818.15,both,-18792.75,False
2023-08-31,25.399999618530277,18873.82,both,-18848.42,False
2023-09-03,24.979999542236328,18726.01,both,-18701.03,False
2023-09-04,25.25,18910.99,both,-18885.74,False
2023-09-05,25.75,19044.39,both,-19018.64,False
2023-09-06,25.96999931335449,19224.52,both,-19198.55,False
2023-09-07,25.75,19375.68,both,-19349.93,False
2023-09-10,25.75,19577.85,both,-19552.1,False
2023-09-11,25.049999237060547,19278.72,both,-19253.67,False
2023-09-12,25.020000457763672,19144.09,both,-19119.07,False
2023-09-13,25.350000381469727,19361.7,both,-19336.35,False
2023-09-14,25.399999618530277,19540.33,both,-19514.93,False
2023-09-17,25.899999618530277,19668.82,both,-19642.92,False
2023-09-18,25.5,19751.78,both,-19726.28,False
2023-09-19,26.18000030517578,19954.3,both,-19928.12,False
2023-09-20,26.18000030517578,19797.23,both,-19771.05,False
2023-09-21,26.18000030517578,20080.57,both,-20054.39,False
2023-09-24,26.18000030517578,20213.7,both,-20187.52,False
2023-09-25,27.559999465942383,20320.56,both,-20293.0,False
2023-09-26,28.01000022888184,20354.86,both,-20326.85,False
2023-09-27,28.01000022888184,20174.28,both,-20146.27,False
2023-10-01,28.01000022888184,20054.72,both,-20026.71,False
2023-10-02,25.90999984741211,19901.24,both,-19875.33,False
2023-10-03,25.049999237060547,19706.96,both,-19681.91,False
2023-10-04,25.729999542236328,19873.31,both,-19847.58,False
2023-10-08,24.979999542236328,19357.42,both,-19332.44,False
2023-10-09,24.920000076293945,19409.78,both,-19384.86,False
2023-10-10,25.190000534057617,19724.32,both,-19699.13,False
2023-10-11,24.780000686645508,19653.49,both,-19628.71,False
2023-10-12,24.82999992370605,20002.1,both,-19977.27,False
2023-10-15,26.309999465942383,20324.96,both,-20298.65,False
2023-10-16,27.799999237060547,21032.35,both,-21004.55,False
2023-10-17,28.82999992370605,22073.95,both,-22045.12,False
2023-10-18,29.600000381469727,22117.4,both,-22087.8,False
2023-10-19,29.600000381469727,21616.6,both,-21587.0,False
2023-10-22,28.700000762939453,22128.49,both,-22099.79,False
2023-10-23,30.530000686645508,22572.49,both,-22541.96,False
2023-10-24,30.600000381469727,22377.39,both,-22346.79,False
2023-10-25,31.399999618530277,23131.96,both,-23100.56,False
2023-10-26,31.25,23262.27,both,-23231.02,False
2023-10-29,29.809999465942383,23086.72,both,-23056.91,False
2023-10-30,29.780000686645508,23435.65,both,-23405.87,False
2023-10-31,28.5,22550.65,both,-22522.15,False
2023-11-01,28.030000686645508,22433.38,both,-22405.35,False
2023-11-02,28.200000762939453,22639.59,both,-22611.39,False
2023-11-05,28.96999931335449,23094.69,both,-23065.72,False
2023-11-06,28.65999984741211,23059.15,both,-23030.49,False
2023-11-07,28.11000061035156,23393.41,both,-23365.3,False
2023-11-08,28.780000686645508,23986.56,both,-23957.78,False
2023-11-09,29.11000061035156,24312.92,both,-24283.81,False
2023-11-12,28.700000762939453,23910.66,both,-23881.96,False
2023-11-13,27.90999984741211,23954.96,both,-23927.05,False
2023-11-14,28.670000076293945,23894.06,both,-23865.39,False
2023-11-15,29.0,24138.8,both,-24109.8,False
2023-11-16,29.200000762939453,24383.27,both,-24354.07,False
2023-11-19,31.18000030517578,24899.59,both,-24868.41,False
2023-11-20,31.950000762939453,24760.02,both,-24728.07,False
2023-11-21,30.989999771118164,24774.04,both,-24743.05,False
2023-11-22,30.520000457763672,25029.57,both,-24999.05,False
2023-11-23,30.36000061035156,25519.49,both,-25489.13,False
2023-11-26,29.799999237060547,25300.32,both,-25270.52,False
2023-11-27,29.700000762939453,25905.54,both,-25875.84,False
2023-11-28,28.96999931335449,25121.73,both,-25092.76,False
2023-11-29,28.36000061035156,24759.16,both,-24730.8,False
2023-11-30,29.200000762939453,24735.39,both,-24706.19,False
2023-12-03,28.709999084472656,24571.98,both,-24543.27,False
2023-12-04,29.09000015258789,25265.41,both,-25236.32,False
2023-12-05,29.049999237060547,25127.91,both,-25098.86,False
2023-12-06,27.46999931335449,24703.55,both,-24676.08,False
2023-12-07,27.100000381469727,24686.16,both,-24659.06,False
2023-12-10,26.979999542236328,24189.83,both,-24162.85,False
2023-12-11,26.26000022888184,24182.06,both,-24155.8,False
2023-12-12,26.020000457763672,24071.66,both,-24045.64,False
2023-12-13,28.40999984741211,24773.92,both,-24745.51,False
2023-12-14,27.979999542236328,24722.82,both,-24694.84,False
2023-12-17,27.440000534057617,24792.14,both,-24764.7,False
2023-12-18,27.51000022888184,25334.09,both,-25306.58,False
2023-12-19,27.700000762939453,25076.42,both,-25048.72,False
2023-12-20,27.459999084472656,24837.56,both,-24810.1,False
2023-12-21,27.239999771118164,24305.09,both,-24277.85,False
2023-12-24,27.239999771118164,23822.17,both,-23794.93,False
2023-12-25,26.88999938964844,24226.68,both,-24199.79,False
2023-12-26,26.239999771118164,23994.54,both,-23968.3,False
2023-12-27,27.61000061035156,24351.12,both,-24323.51,False
2023-12-28,28.21999931335449,24691.43,both,-24663.21,False
2023-12-31,29.06999969482422,24894.26,both,-24865.19,False
2024-01-02,29.59000015258789,25501.94,both,-25472.35,False
2024-01-03,29.26000022888184,25408.51,both,-25379.25,False
2024-01-04,29.100000381469727,25350.28,both,-25321.18,False
2024-01-08,29.100000381469727,25344.63,both,-25315.53,False
2024-01-09,29.450000762939453,25589.99,both,-25560.54,False
2024-01-10,29.09000015258789,25466.75,both,-25437.66,False
2024-01-11,29.200000762939453,25519.25,both,-25490.05,False
2024-01-14,30.489999771118164,25974.84,both,-25944.35,False
2024-01-15,30.40999984741211,26250.73,both,-26220.32,False
2024-01-16,31.51000022888184,26938.14,both,-26906.63,False
2024-01-17,32.869998931884766,26758.26,both,-26725.39,False
2024-01-18,34.22999954223633,26842.67,both,-26808.44,False
2024-01-21,35.400001525878906,27719.37,both,-27683.97,False
2024-01-22,36.5,28050.33,both,-28013.83,False
2024-01-23,35.45000076293945,27587.0,both,-27551.55,False
2024-01-24,35.5,27666.18,both,-27630.68,False
2024-01-28,41.5,28625.76,both,-28584.26,False
2024-01-29,43.20000076293945,29227.79,both,-29184.59,False
2024-01-30,43.900001525878906,30347.3,both,-30303.4,False
2024-01-31,39.79999923706055,28281.91,both,-28242.11,False
2024-02-01,41.5099983215332,28434.37,both,-28392.86,False
2024-02-04,37.560001373291016,27573.5,both,-27535.94,False
2024-02-05,38.59999847412109,27665.75,both,-27627.15,False
2024-02-06,36.70000076293945,27270.63,both,-27233.93,False
2024-02-07,41.400001525878906,27905.95,both,-27864.55,False
2024-02-08,40.61000061035156,28411.41,both,-28370.8,False
2024-02-11,40.0,28199.04,both,-28159.04,False
2024-02-12,39.0,28494.72,both,-28455.72,False
2024-02-13,38.810001373291016,28604.54,both,-28565.73,False
2024-02-14,39.93999862670898,28874.99,both,-28835.05,False
2024-02-15,39.470001220703125,28926.15,both,-28886.68,False
2024-02-18,39.470001220703125,29125.57,both,-29086.1,False
2024-02-19,39.77000045776367,29452.4,both,-29412.63,False
2024-02-20,39.18000030517578,29330.66,both,-29291.48,False
2024-02-21,39.09999847412109,29292.05,both,-29252.95,False
2024-02-22,39.40999984741211,29309.73,both,-29270.32,False
2024-02-25,31.729999542236328,27840.86,both,-27809.13,False
2024-02-26,30.63999938964844,28931.92,both,-28901.28,False
2024-02-27,30.049999237060547,29205.16,both,-29175.11,False
2024-02-28,29.350000381469727,28876.46,both,-28847.11,False
2024-02-29,30.149999618530277,28964.41,both,-28934.26,False
2024-03-03,29.43000030517578,29058.33,both,-29028.9,False
2024-03-04,31.36000061035156,30542.33,both,-30510.97,False
2024-03-05,30.850000381469727,30668.89,both,-30638.04,False
2024-03-06,33.0,29743.11,both,-29710.11,False
2024-03-07,32.29999923706055,31300.54,both,-31268.24,False
2024-03-10,33.689998626708984,32919.95,both,-32886.26,False
2024-03-11,33.0,33382.51,both,-33349.51,False
2024-03-12,30.690000534057617,32661.61,both,-32630.92,False
2024-03-13,28.399999618530277,31013.88,both,-30985.48,False
2024-03-14,28.299999237060547,31316.43,both,-31288.13,False
2024-03-17,27.479999542236328,31061.88,both,-31034.4,False
2024-03-18,25.520000457763672,29091.29,both,-29065.77,False
2024-03-19,26.0,28675.7,both,-28649.7,False
2024-03-20,25.530000686645508,28589.37,both,-28563.84,False
2024-03-21,27.709999084472656,29054.96,both,-29027.25,False
2024-03-24,27.229999542236328,29060.02,both,-29032.79,False
2024-03-25,27.979999542236328,29344.46,both,-29316.48,False
2024-03-26,28.25,29057.5,both,-29029.25,False
2024-03-27,27.420000076293945,28224.37,both,-28196.95,False
2024-03-28,27.209999084472656,27559.35,both,-27532.14,False
2024-03-31,26.68000030517578,26883.39,both,-26856.71,False
2024-04-01,28.5,28297.17,both,-28268.67,False
2024-04-02,29.59000015258789,27934.36,both,-27904.77,False
2024-04-03,30.25,27937.22,both,-27906.97,False
2024-04-04,32.11000061035156,28506.16,both,-28474.05,False
2024-04-07,33.0,28151.66,both,-28118.66,False
2024-04-08,33.150001525878906,28503.75,both,-28470.6,False
2024-04-15,34.400001525878906,29616.47,both,-29582.07,False
2024-04-16,34.7400016784668,29400.84,both,-29366.1,False
2024-04-17,34.900001525878906,29667.71,both,-29632.81,False
2024-04-18,31.75,28332.65,both,-28300.9,False
2024-04-21,32.0,28623.39,both,-28591.39,False
2024-04-22,30.96999931335449,28144.22,both,-28113.25,False
2024-04-23,29.40999984741211,26777.05,both,-26747.64,False
2024-04-24,29.420000076293945,25917.59,both,-25888.17,False
2024-04-28,29.420000076293945,24639.63,both,-24610.21,False
2024-04-29,29.18000030517578,26011.28,both,-25982.1,False
2024-04-30,27.36000061035156,24448.73,both,-24421.37,False
2024-05-01,,25270.55,right_only,,False
2024-05-02,28.3799991607666,26113.71,both,-26085.33,False
2024-05-07,28.38999938964844,26429.69,both,-26401.3,False
2024-05-08,27.299999237060547,25988.93,both,-25961.63,False
2024-05-09,27.34000015258789,26003.16,both,-25975.82,False
2024-05-12,26.46999931335449,25155.92,both,-25129.45,False
2024-05-13,27.059999465942383,25381.25,both,-25354.19,False
2024-05-14,26.649999618530277,25339.77,both,-25313.12,False
2024-05-15,26.15999984741211,25316.08,both,-25289.92,False
2024-05-16,28.0,26142.84,both,-26114.84,False
2024-05-19,32.369998931884766,27315.83,both,-27283.46,False
2024-05-20,31.979999542236328,27228.85,both,-27196.87,False
2024-05-21,31.01000022888184,27224.8,both,-27193.79,False
2024-05-22,30.46999931335449,27227.44,both,-27196.97,False
2024-05-23,30.399999618530277,27205.14,both,-27174.74,False
2024-05-26,30.399999618530277,27539.21,both,-27508.81,False
2024-05-27,29.75,27287.31,both,-27257.56,False
2024-05-28,29.31999969482422,27194.51,both,-27165.19,False
2024-05-29,29.399999618530277,27089.68,both,-27060.28,False
2024-05-30,29.979999542236328,26922.76,both,-26892.78,False
2024-06-02,30.5,26869.85,both,-26839.35,False
2024-06-03,29.920000076293945,26834.47,both,-26804.55,False
2024-06-04,29.399999618530277,26973.0,both,-26943.6,False
2024-06-05,28.0,26634.3,both,-26606.3,False
2024-06-06,27.26000022888184,26428.65,both,-26401.39,False
2024-06-09,26.5,25659.13,both,-25632.63,False
2024-06-10,26.989999771118164,25896.56,both,-25869.57,False
2024-06-11,27.059999465942383,26082.29,both,-26055.23,False
2024-06-12,27.09000015258789,26133.39,both,-26106.3,False
2024-06-13,27.700000762939453,26417.6,both,-26389.9,False
2024-06-23,28.170000076293945,27062.37,both,-27034.2,False
2024-06-24,27.899999618530277,26902.4,both,-26874.5,False
2024-06-25,27.61000061035156,27264.23,both,-27236.62,False
2024-06-26,27.34000015258789,27500.56,both,-27473.22,False
2024-06-27,27.81999969482422,27766.27,both,-27738.45,False
2024-07-01,,27969.59,right_only,,False
2024-07-02,27.989999771118164,27985.89,both,-27957.9,False
2024-07-03,27.690000534057617,28161.17,both,-28133.48,False
2024-07-04,27.729999542236328,28364.79,both,-28337.06,False
2024-07-07,27.709999084472656,28602.14,both,-28574.43,False
2024-07-08,27.40999984741211,28411.87,both,-28384.46,False
2024-07-09,26.649999618530277,28466.24,both,-28439.59,False
2024-07-10,26.299999237060547,28287.98,both,-28261.68,False
2024-07-14,25.850000381469727,28042.06,both,-28016.21,False
2024-07-15,25.81999969482422,27952.04,both,-27926.22,False
2024-07-16,25.700000762939453,27828.92,both,-27803.22,False
2024-07-17,26.299999237060547,28340.42,both,-28314.12,False
2024-07-18,26.170000076293945,28653.85,both,-28627.68,False
2024-07-21,26.739999771118164,28783.24,both,-28756.5,False
2024-07-22,26.899999618530277,28992.34,both,-28965.44,False
2024-07-23,27.290000915527344,29195.24,both,-29167.95,False
2024-07-24,27.01000022888184,29090.57,both,-29063.56,False
2024-07-28,27.200000762939453,29036.32,both,-29009.12,False
2024-07-29,27.46999931335449,28851.23,both,-28823.76,False
2024-07-30,27.299999237060547,29039.42,both,-29012.12,False
2024-07-31,27.56999969482422,29378.82,both,-29351.25,False
2024-08-01,27.200000762939453,29359.87,both,-29332.67,False
2024-08-04,26.1200008392334,28503.63,both,-28477.51,False
2024-08-05,25.270000457763672,27840.64,both,-27815.37,False
2024-08-06,25.739999771118164,28210.41,both,-28184.67,False
2024-08-07,25.850000381469727,28628.19,both,-28602.34,False
2024-08-08,25.6299991607666,28750.82,both,-28725.19,False
2024-08-11,26.700000762939453,29532.67,both,-29505.97,False
2024-08-12,26.61000061035156,29706.7,both,-29680.09,False
2024-08-13,26.61000061035156,29331.04,both,-29304.43,False
2024-08-14,27.739999771118164,29567.0,both,-29539.26,False
2024-08-15,29.059999465942383,29629.14,both,-29600.08,False
2024-08-18,28.420000076293945,29460.24,both,-29431.82,False
2024-08-19,28.25,29320.18,both,-29291.93,False
2024-08-20,29.149999618530277,29915.24,both,-29886.09,False
2024-08-21,28.5,29914.29,both,-29885.79,False
2024-08-22,28.239999771118164,30141.08,both,-30112.84,False
2024-08-25,28.809999465942383,30073.95,both,-30045.14,False
2024-08-26,28.239999771118164,30133.81,both,-30105.57,False
2024-08-27,28.600000381469727,30363.15,both,-30334.55,False
2024-08-28,28.65999984741211,30709.59,both,-30680.93,False
2024-08-29,28.399999618530277,30774.19,both,-30745.79,False
2024-09-01,29.38999938964844,30902.88,both,-30873.49,False
2024-09-02,29.030000686645508,30731.98,both,-30702.95,False
2024-09-03,28.959999084472656,31018.48,both,-30989.52,False
2024-09-04,28.600000381469727,30998.19,both,-30969.59,False
2024-09-05,28.71999931335449,31029.7,both,-31000.98,False
2024-09-08,28.049999237060547,30273.73,both,-30245.68,False
2024-09-09,27.82999992370605,30374.96,both,-30347.13,False
2024-09-10,27.25,30104.35,both,-30077.1,False
2024-09-11,26.899999618530277,30485.63,both,-30458.73,False
2024-09-12,26.690000534057617,30497.83,both,-30471.14,False
2024-09-16,26.600000381469727,30260.24,both,-30233.64,False
2024-09-17,27.0,30159.15,both,-30132.15,False
2024-09-18,27.01000022888184,30342.46,both,-30315.45,False
2024-09-19,27.309999465942383,30937.69,both,-30910.38,False
2024-09-22,27.530000686645508,31038.41,both,-31010.88,False
2024-09-23,27.26000022888184,31022.54,both,-30995.28,False
2024-09-24,28.049999237060547,30871.1,both,-30843.05,False
2024-09-25,28.36000061035156,31250.64,both,-31222.28,False
2024-09-26,28.049999237060547,31276.91,both,-31248.86,False
2024-09-29,28.209999084472656,31459.09,both,-31430.88,False
2024-09-30,28.43000030517578,31587.04,both,-31558.61,False
2024-10-01,23.54166603088379,31866.06,both,-31842.5183,False
2024-10-02,23.04166603088379,31332.73,both,-31309.6883,False
2024-10-03,23.149999618530277,31720.5,both,-31697.35,False
2024-10-07,23.16666603088379,31819.16,both,-31795.9933,False
2024-10-08,22.91666603088379,30851.63,both,-30828.7133,False
2024-10-09,22.941665649414062,31175.43,both,-31152.4883,False
2024-10-10,22.5,30762.32,both,-30739.82,False
2024-10-13,22.0,29954.12,both,-29932.12,False
2024-10-14,21.8799991607666,30273.06,both,-30251.18,False
2024-10-15,21.76000022888184,30584.24,both,-30562.48,False
2024-10-16,21.61000061035156,30545.11,both,-30523.5,False
2024-10-17,21.25,30143.86,both,-30122.61,False
2024-10-20,20.649999618530277,29528.79,both,-29508.14,False
2024-10-21,20.770000457763672,30445.2,both,-30424.43,False
2024-10-22,21.200000762939453,30427.35,both,-30406.15,False
2024-10-23,20.93000030517578,30414.05,both,-30393.12,False
2024-10-24,21.11000061035156,30552.82,both,-30531.71,False
2024-10-27,21.100000381469727,30812.23,both,-30791.13,False
2024-10-28,20.899999618530277,30773.53,both,-30752.63,False
2024-10-29,20.76000022888184,30619.96,both,-30599.2,False
2024-10-30,20.63999938964844,30371.26,both,-30350.62,False
2024-10-31,21.0,30658.0,both,-30637.0,False
2024-11-03,21.149999618530277,30833.13,both,-30811.98,False
2024-11-04,20.96999931335449,30650.04,both,-30629.07,False
2024-11-05,20.709999084472656,30793.94,both,-30773.23,False
2024-11-06,20.81999969482422,31045.26,both,-31024.44,False
2024-11-07,21.1299991607666,31267.47,both,-31246.34,False
2024-11-10,21.299999237060547,31394.33,both,-31373.03,False
2024-11-11,21.51000022888184,31621.29,both,-31599.78,False
2024-11-12,21.31999969482422,31582.39,both,-31561.07,False
2024-11-13,21.299999237060547,31433.01,both,-31411.71,False
2024-11-14,21.299999237060547,31462.21,both,-31440.91,False
2024-11-17,21.1200008392334,31252.07,both,-31230.95,False
2024-11-18,20.899999618530277,30864.34,both,-30843.44,False
2024-11-19,20.75,30688.3,both,-30667.55,False
2024-11-20,20.709999084472656,30587.99,both,-30567.28,False
2024-11-21,20.700000762939453,30631.8,both,-30611.1,False
2024-11-24,20.530000686645508,30397.22,both,-30376.69,False
2024-11-25,20.200000762939453,30270.51,both,-30250.31,False
2024-11-26,20.549999237060547,30284.35,both,-30263.8,False
2024-11-27,20.200000762939453,29846.04,both,-29825.84,False
2024-11-28,20.61000061035156,30242.13,both,-30221.52,False
2024-12-01,20.75,30497.13,both,-30476.38,False
2024-12-02,20.649999618530277,30525.32,both,-30504.67,False
2024-12-03,20.549999237060547,30628.74,both,-30608.19,False
2024-12-04,20.489999771118164,30832.61,both,-30812.12,False
2024-12-05,20.700000762939453,30839.57,both,-30818.87,False
2024-12-08,20.700000762939453,31060.51,both,-31039.81,False
2024-12-09,20.549999237060547,31005.12,both,-30984.57,False
2024-12-10,20.299999237060547,30617.83,both,-30597.53,False
2024-12-11,20.299999237060547,30739.26,both,-30718.96,False
2024-12-12,20.299999237060547,30795.09,both,-30774.79,False
2024-12-15,20.18000030517578,30776.0,both,-30755.82,False
2024-12-16,20.06999969482422,30799.43,both,-30779.36,False
2024-12-17,19.8799991607666,30601.64,both,-30581.76,False
2024-12-18,19.5,30503.07,both,-30483.57,False
2024-12-19,19.670000076293945,30526.71,both,-30507.04,False
2024-12-22,19.59000015258789,30372.7,both,-30353.11,False
2024-12-23,19.030000686645508,30118.38,both,-30099.35,False
2024-12-24,18.700000762939453,29973.15,both,-29954.45,False
2024-12-25,18.81999969482422,30005.0,both,-29986.18,False
2024-12-26,18.600000381469727,29957.97,both,-29939.37,False
2024-12-29,18.200000762939453,29594.48,both,-29576.28,False
2024-12-30,17.920000076293945,29325.2,both,-29307.28,False
2024-12-31,19.25,29740.58,both,-29721.33,False
2025-01-02,19.32999992370605,30060.48,both,-30041.15,False
2025-01-05,19.290000915527344,30183.61,both,-30164.32,False
2025-01-06,19.0,29929.64,both,-29910.64,False
2025-01-08,18.739999771118164,29785.91,both,-29767.17,False
2025-01-09,19.38999938964844,29444.65,both,-29425.26,False
2025-01-12,20.3799991607666,29277.45,both,-29257.07,False
2025-01-13,19.799999237060547,28556.28,both,-28536.48,False
2025-01-14,19.700000762939453,28967.09,both,-28947.39,False
2025-01-15,20.200000762939453,29389.93,both,-29369.73,False
2025-01-16,20.700000762939453,29605.12,both,-29584.42,False
2025-01-19,20.700000762939453,29728.61,both,-29707.91,False
2025-01-20,20.399999618530277,29619.39,both,-29598.99,False
2025-01-21,20.43000030517578,29826.58,both,-29806.15,False
2025-01-22,20.51000022888184,29979.14,both,-29958.63,False
2025-01-23,20.26000022888184,29997.69,both,-29977.43,False
2025-01-26,20.170000076293945,30034.85,both,-30014.68,False
2025-01-27,19.809999465942383,29742.12,both,-29722.31,False
2025-01-28,19.81999969482422,29646.6,both,-29626.78,False
2025-01-29,20.0,29891.61,both,-29871.61,False
2025-01-30,19.90999984741211,30010.62,both,-29990.71,False
2025-02-02,20.229999542236328,29917.96,both,-29897.73,False
2025-02-03,20.100000381469727,29754.77,both,-29734.67,False
2025-02-04,20.100000381469727,29668.47,both,-29648.37,False
2025-02-05,20.18000030517578,29735.59,both,-29715.41,False
2025-02-06,20.899999618530277,30011.84,both,-29990.94,False
2025-02-09,21.399999618530277,30014.27,both,-29992.87,False
2025-02-10,21.5,29905.41,both,-29883.91,False
2025-02-11,20.649999618530277,29564.21,both,-29543.56,False
2025-02-12,20.5,29661.99,both,-29641.49,False
2025-02-13,20.5,29997.11,both,-29976.61,False
2025-02-16,20.979999542236328,30443.82,both,-30422.84,False
2025-02-17,20.600000381469727,30436.71,both,-30416.11,False
2025-02-18,20.770000457763672,30587.81,both,-30567.04,False
2025-02-19,20.809999465942383,30875.28,both,-30854.47,False
2025-02-20,20.81999969482422,30914.72,both,-30893.9,False
2025-02-23,21.06999969482422,31010.25,both,-30989.18,False
2025-02-24,21.899999618530277,30925.29,both,-30903.39,False
2025-02-25,22.5,30654.92,both,-30632.42,False
2025-02-26,22.5,30631.95,both,-30609.45,False
2025-02-27,22.209999084472656,30610.44,both,-30588.23,False
2025-03-02,22.850000381469727,30857.77,both,-30834.92,False
2025-03-03,22.75,30988.51,both,-30965.76,False
2025-03-04,22.81999969482422,30762.85,both,-30740.03,False
2025-03-05,22.3799991607666,30876.44,both,-30854.06,False
2025-03-06,22.11000061035156,30947.44,both,-30925.33,False
2025-03-09,22.21999931335449,31130.68,both,-31108.46,False
2025-03-10,22.21999931335449,31137.03,both,-31114.81,False
2025-03-11,21.899999618530277,30935.23,both,-30913.33,False
2025-03-12,22.75,31049.03,both,-31026.28,False
2025-03-13,22.899999618530277,31290.62,both,-31267.72,False
2025-03-16,22.5,31338.34,both,-31315.84,False
2025-03-17,22.100000381469727,31458.59,both,-31436.49,False
2025-03-18,22.200000762939453,31608.69,both,-31586.49,False
2025-03-19,21.920000076293945,31348.47,both,-31326.55,False
2025-03-20,21.559999465942383,31677.58,both,-31656.02,False
2025-03-23,21.209999084472656,31933.76,both,-31912.55,False
2025-03-24,20.809999465942383,31810.98,both,-31790.17,False
2025-03-25,21.0,31761.97,both,-31740.97,False
2025-03-26,21.09000015258789,31744.3,both,-31723.21,False
2025-03-27,21.530000686645508,32026.14,both,-32004.61,False
2025-04-03,21.34000015258789,31699.58,both,-31678.24,False
2025-04-06,20.3700008392334,30639.52,both,-30619.15,False
2025-04-07,20.59000015258789,30453.94,both,-30433.35,False
2025-04-08,21.299999237060547,30648.98,both,-30627.68,False
2025-04-09,19.950000762939453,30079.93,both,-30059.98,False
2025-04-10,20.59000015258789,30810.7,both,-30790.11,False
2025-04-13,21.559999465942383,31174.62,both,-31153.06,False
2025-04-14,22.0,31182.37,both,-31160.37,False
2025-04-15,22.0,31185.03,both,-31163.03,False
2025-04-16,22.40999984741211,31030.7,both,-31008.29,False
2025-04-17,22.399999618530277,31062.95,both,-31040.55,False
2025-04-22,21.940000534057617,30844.18,both,-30822.24,False
2025-04-23,22.0,31640.22,both,-31618.22,False
2025-04-27,22.149999618530277,31855.12,both,-31832.97,False
2025-04-28,22.200000762939453,32015.02,both,-31992.82,False
2025-04-29,22.049999237060547,32043.48,both,-32021.43,False
2025-04-30,21.899999618530277,32126.22,both,-32104.32,False
2025-05-04,21.93000030517578,32351.66,both,-32329.73,False
2025-05-05,21.770000457763672,32211.75,both,-32189.98,False
2025-05-06,21.739999771118164,32285.45,both,-32263.71,False
2025-05-07,21.489999771118164,31840.44,both,-31818.95,False
2025-05-08,21.5,31772.04,both,-31750.54,False
2025-05-11,21.290000915527344,31427.98,both,-31406.69,False
2025-05-12,21.420000076293945,31577.01,both,-31555.59,False
2025-05-13,21.399999618530277,31692.77,both,-31671.37,False
2025-05-14,20.799999237060547,31827.86,both,-31807.06,False
2025-05-15,20.690000534057617,31941.15,both,-31920.46,False
2025-05-18,20.209999084472656,31713.7,both,-31693.49,False
2025-05-19,20.020000457763672,31355.82,both,-31335.8,False
2025-05-20,20.26000022888184,31629.34,both,-31609.08,False
2025-05-21,20.809999465942383,31836.63,both,-31815.82,False
2025-05-22,20.86000061035156,31975.63,both,-31954.77,False
2025-05-25,20.81999969482422,32023.89,both,-32003.07,False
2025-05-26,20.899999618530277,31922.5,both,-31901.6,False
2025-05-27,20.06999969482422,32397.38,both,-32377.31,False
2025-05-28,20.190000534057617,32493.89,both,-32473.7,False
2025-05-29,20.200000762939453,32696.79,both,-32676.59,False
2025-06-01,20.0,32500.03,both,-32480.03,False
2025-06-02,19.90999984741211,32325.12,both,-32305.21,False
2025-06-03,19.899999618530277,32355.41,both,-32335.51,False
2025-06-04,20.0,32677.87,both,-32657.87,False
2025-06-10,20.15999984741211,32904.06,both,-32883.9,False
2025-06-11,20.13999938964844,32935.19,both,-32915.05,False
2025-06-12,19.88999938964844,32511.68,both,-32491.79,False
2025-06-15,18.600000381469727,31016.0,both,-30997.4,False
2025-06-16,18.76000022888184,31042.36,both,-31023.6,False
2025-06-17,18.399999618530277,30725.96,both,-30707.56,False
2025-06-18,18.209999084472656,30838.98,both,-30820.77,False
2025-06-19,18.030000686645508,30248.44,both,-30230.41,False
2025-06-22,18.1299991607666,31055.98,both,-31037.85,False
2025-06-23,18.32999992370605,31418.74,both,-31400.41,False
2025-06-24,19.350000381469727,32598.55,both,-32579.2,False
2025-06-25,19.88999938964844,33002.85,both,-32982.96,False
2025-06-29,19.799999237060547,33206.76,both,-33186.96,False
2025-06-30,19.90999984741211,32857.62,both,-32837.71,False
2025-07-01,19.540000915527344,32707.22,both,-32687.68,False
2025-07-02,19.549999237060547,32820.49,both,-32800.94,False
2025-07-06,19.350000381469727,,left_only,,False
2025-07-07,20.170000076293945,33037.62,both,-33017.45,False
2025-07-09,19.809999465942383,33152.39,both,-33132.58,False
2025-07-10,19.959999084472656,33324.38,both,-33304.42,False
2025-07-13,19.43000030517578,33053.47,both,-33034.04,False
2025-07-14,19.700000762939453,33727.44,both,-33707.74,False
2025-07-15,19.950000762939453,33934.63,both,-33914.68,False
2025-07-16,20.350000381469727,33473.77,both,-33453.42,False
2025-07-17,20.200000762939453,33821.03,both,-33800.83,False
2025-07-20,20.709999084472656,34071.0,both,-34050.29,False
2025-07-21,20.81999969482422,34129.59,both,-34108.77,False
2025-07-22,20.399999618530277,33803.34,both,-33782.94,False
2025-07-23,20.399999618530277,34125.12,both,-34104.72,False
2025-07-27,20.01000022888184,34554.24,both,-34534.23,False
2025-07-28,19.899999618530277,34076.22,both,-34056.32,False
2025-07-29,19.6299991607666,34085.74,both,-34066.11,False
2025-07-30,19.190000534057617,33859.68,both,-33840.49,False
2025-07-31,19.31999969482422,34198.0,both,-34178.68,False
2025-08-03,19.31999969482422,34272.16,both,-34252.84,False
2025-08-04,19.31999969482422,34704.51,both,-34685.19,False
2025-08-05,19.31999969482422,35254.18,both,-35234.86,False
2025-08-06,19.31999969482422,35480.25,both,-35460.93,False
2025-08-07,19.31999969482422,35809.36,both,-35790.04,False
2025-08-10,20.18000030517578,36109.77,both,-36089.59,False
2025-08-11,20.0,35908.5,both,-35888.5,False
2025-08-12,20.0,36003.65,both,-35983.65,False
2025-08-13,20.0,35855.26,both,-35835.26,False
2025-08-14,20.0,35576.42,both,-35556.42,False
2025-08-17,20.030000686645508,35972.77,both,-35952.74,False
2025-08-18,20.01000022888184,35824.78,both,-35804.77,False
2025-08-19,19.899999618530277,36100.07,both,-36080.17,False
2025-08-20,19.299999237060547,35731.83,both,-35712.53,False
2025-08-21,19.299999237060547,35622.26,both,-35602.96,False
2025-08-24,19.229999542236328,35811.88,both,-35792.65,False
2025-08-25,19.07999992370605,35810.57,both,-35791.49,False
2025-08-26,19.07999992370605,35358.34,both,-35339.26,False
2025-08-27,19.030000686645508,35676.19,both,-35657.16,False
2025-08-28,19.1299991607666,35727.19,both,-35708.06,False
2025-08-31,18.899999618530277,35148.14,both,-35129.24,False
2025-09-01,18.899999618530277,35158.88,both,-35139.98,False
2025-09-02,19.100000381469727,35156.93,both,-35137.83,False
2025-09-03,19.0,34761.97,both,-34742.97,False
2025-09-07,18.96999931335449,34455.41,both,-34436.44,False
2025-09-08,18.790000915527344,34601.53,both,-34582.74,False
2025-09-09,18.559999465942383,34386.33,both,-34367.77,False
2025-09-10,19.0,34670.1,both,-34651.1,False
2025-09-11,18.850000381469727,34937.44,both,-34918.59,False
2025-09-14,18.799999237060547,35111.82,both,-35093.02,False
2025-09-15,18.65999984741211,35165.84,both,-35147.18,False
2025-09-16,18.5,34840.82,both,-34822.32,False
2025-09-17,18.540000915527344,34974.84,both,-34956.3,False
2025-09-18,18.600000381469727,35403.0,both,-35384.4,False
2025-09-21,18.450000762939453,35247.04,both,-35228.59,False
2025-09-22,18.46999931335449,35210.7,both,-35192.23,False
2025-09-23,18.399999618530277,35328.63,both,-35310.23,False
2025-09-24,19.0,35949.12,both,-35930.12,False
2025-09-25,18.90999984741211,35671.43,both,-35652.52,False
2025-09-28,19.07999992370605,36166.08,both,-36147.0,False
2025-09-29,19.100000381469727,36391.0,both,-36371.9,False
2025-09-30,19.850000381469727,36670.08,both,-36650.23,False
2025-10-01,20.07999992370605,36769.18,both,-36749.1,False
2025-10-02,20.0,36900.7,both,-36880.7,False
2025-10-05,20.11000061035156,37210.83,both,-37190.72,False
2025-10-06,20.0,37094.8,both,-37074.8,False
2025-10-07,19.809999465942383,37097.37,both,-37077.56,False
2025-10-08,19.850000381469727,37376.93,both,-37357.08,False
2025-10-12,19.649999618530277,37378.58,both,-37358.93,False
2025-10-13,19.65999984741211,37409.85,both,-37390.19,False
2025-10-14,19.670000076293945,37459.13,both,-37439.46,False
2025-10-15,19.5,37654.04,both,-37634.54,False
2025-10-16,19.440000534057617,37677.19,both,-37657.75,False
2025-10-19,19.5,37909.61,both,-37890.11,False
2025-10-20,19.440000534057617,37975.06,both,-37955.62,False
2025-10-21,19.71999931335449,37698.49,both,-37678.77,False
2025-10-22,19.850000381469727,37576.55,both,-37556.7,False
2025-10-23,19.770000457763672,37687.04,both,-37667.27,False
2025-10-26,19.8700008392334,38101.96,both,-38082.09,False
2025-10-27,19.709999084472656,38162.01,both,-38142.3,False
2025-10-28,19.61000061035156,38304.94,both,-38285.33,False
2025-10-29,19.5,38229.53,both,-38210.03,False
2025-10-30,19.489999771118164,38267.8,both,-38248.31,False
2025-11-02,19.200000762939453,38082.88,both,-38063.68,False
2025-11-03,19.0,38622.84,both,-38603.84,False
2025-11-04,19.100000381469727,39065.73,both,-39046.63,False
2025-11-05,19.170000076293945,39132.25,both,-39113.08,False
2025-11-06,19.700000762939453,39949.66,both,-39929.96,False
2025-11-09,19.920000076293945,40821.96,both,-40802.04,False
2025-11-10,19.61000061035156,40427.35,both,-40407.74,False
2025-11-11,19.51000022888184,40261.16,both,-40241.65,False
2025-11-12,19.450000762939453,40228.76,both,-40209.31,False
2025-11-13,19.43000030517578,40190.62,both,-40171.19,False
2025-11-16,19.520000457763672,41211.27,both,-41191.75,False
2025-11-17,19.5,41065.75,both,-41046.25,False
2025-11-18,19.309999465942383,40501.28,both,-40481.97,False
2025-11-19,19.07999992370605,40509.16,both,-40490.08,False
2025-11-20,19.11000061035156,40302.39,both,-40283.28,False
2025-11-23,19.1200008392334,40445.66,both,-40426.54,False
2025-11-24,19.020000457763672,39725.26,both,-39706.24,False
2025-11-25,18.96999931335449,39902.53,both,-39883.56,False
2025-11-26,18.82999992370605,39537.25,both,-39518.42,False
2025-11-27,18.90999984741211,40039.24,both,-40020.33,False
2025-11-30,18.899999618530277,40753.45,both,-40734.55,False
2025-12-01,18.799999237060547,40693.92,both,-40675.12,False
2025-12-02,18.799999237060547,40625.63,both,-40606.83,False
2025-12-03,18.88999938964844,41342.03,both,-41323.14,False
2025-12-04,18.82999992370605,41499.07,both,-41480.24,False
2025-12-07,18.82999992370605,41762.43,both,-41743.6,False
2025-12-08,19.040000915527344,41963.24,both,-41944.2,False
2025-12-09,19.020000457763672,41940.62,both,-41921.6,False
2025-12-10,19.299999237060547,42052.79,both,-42033.49,False
2025-12-11,19.15999984741211,42033.78,both,-42014.62,False
2025-12-14,19.149999618530277,42065.2,both,-42046.05,False
2025-12-15,19.07999992370605,42305.36,both,-42286.28,False
2025-12-16,19.11000061035156,42002.37,both,-41983.26,False
2025-12-17,19.200000762939453,41504.03,both,-41484.83,False
2025-12-18,19.3799991607666,40926.86,both,-40907.48,False
2025-12-21,19.3799991607666,41348.38,both,-41329.0,False
2025-12-22,19.790000915527344,41102.76,both,-41082.97,False
2025-12-23,19.799999237060547,41419.32,both,-41399.52,False
2025-12-24,19.700000762939453,41508.31,both,-41488.61,False
2025-12-25,19.649999618530277,41253.02,both,-41233.37,False
2025-12-28,19.729999542236328,41604.74,both,-41585.01,False
2025-12-29,19.56999969482422,41731.68,both,-41712.11,False
2025-12-30,19.5,41689.96,both,-41670.46,False
2025-12-31,19.600000381469727,41828.97,both,-41809.37,False
2026-01-04,15.640000343322754,40898.15,both,-40882.51,False
2026-01-05,15.46399974822998,40676.98,both,-40661.516,False
2026-01-06,15.520000457763672,41543.46,both,-41527.94,False
2026-01-08,15.392000198364258,41856.76,both,-41841.368,False
2026-01-11,15.423999786376951,42895.41,both,-42879.986,False
2026-01-12,15.279999732971191,43404.25,both,-43388.97,False
2026-01-13,14.859999656677246,43684.22,both,-43669.36,False
2026-01-14,14.649999618530272,43058.34,both,-43043.69,False
2026-01-15,14.220000267028809,43346.87,both,-43332.65,False
2026-01-18,14.399999618530272,43952.52,both,-43938.12,False
2026-01-19,14.670000076293944,45048.44,both,-45033.77,False
2026-01-20,14.510000228881836,45905.16,both,-45890.65,False
2026-01-21,14.520000457763672,46048.69,both,-46034.17,False
2026-01-22,14.75,46462.32,both,-46447.57,False
2026-01-25,15.699999809265137,46857.73,both,-46842.03,False
2026-01-26,15.350000381469728,47507.43,both,-47492.08,False
2026-01-27,15.489999771118164,47834.55,both,-47819.06,False
2026-01-28,15.40999984741211,47785.93,both,-47770.52,False
2026-02-01,15.15999984741211,47662.74,both,-47647.58,False
2026-02-02,15.25,47606.28,both,-47591.03,False
2026-02-03,15.300000190734863,48978.48,both,-48963.18,False
2026-02-04,15.300000190734863,49631.56,both,-49616.26,False
2026-02-05,15.199999809265137,49739.03,both,-49723.83,False
2026-02-08,15.899999618530272,50035.23,both,-50019.33,False
2026-02-09,15.789999961853027,50293.53,both,-50277.74,False
2026-02-10,15.739999771118164,50376.15,both,-50360.41,False
2026-02-11,15.529999732971191,49700.24,both,-49684.71,False
2026-02-12,15.609999656677246,50490.2,both,-50474.59,False
2026-02-15,16.0,52308.32,both,-52292.32,False
2026-02-16,16.0,51493.53,both,-51477.53,False
2026-02-17,16.610000610351562,51833.76,both,-51817.15,False
2026-02-18,16.549999237060547,52222.34,both,-52205.79,False
2026-02-19,16.979999542236328,50667.67,both,-50650.69,False
2026-02-22,16.899999618530273,49560.88,both,-49543.98,False
2026-02-23,17.100000381469727,50870.06,both,-50852.96,False
2026-02-24,17.0,50390.21,both,-50373.21,False
2026-02-25,16.600000381469727,49014.32,both,-48997.72,False
2026-02-26,16.649999618530273,49212.83,both,-49196.18,False
2026-03-01,16.700000762939453,47984.26,both,-47967.56,False
2026-03-02,16.450000762939453,47692.49,both,-47676.04,False
2026-03-03,17.110000610351562,46725.81,both,-46708.7,False
2026-03-04,17.530000686645508,46452.14,both,-46434.61,False
2026-03-05,17.299999237060547,47516.44,both,-47499.14,False
2026-03-08,19.25,46774.24,both,-46754.99,False
2026-03-09,18.700000762939453,46414.85,both,-46396.15,False
2026-03-10,18.010000228881836,47772.74,both,-47754.73,False
2026-03-11,18.350000381469727,47195.39,both,-47177.04,False
2026-03-12,18.149999618530277,46790.96,both,-46772.81,False
2026-03-15,18.010000228881836,45926.93,both,-45908.92,False
2026-03-16,17.510000228881836,45187.72,both,-45170.21,False
2026-03-17,17.450000762939453,46054.61,both,-46037.16,False
2026-03-18,17.100000381469727,47611.96,both,-47594.86,False
2026-03-19,17.100000381469727,,left_only,,False
2026-03-24,17.579999923706055,46930.88,both,-46913.3,False
2026-03-25,17.299999237060547,47497.91,both,-47480.61,False
2026-03-26,17.549999237060547,47001.89,both,-46984.34,False
2026-03-29,18.040000915527344,46404.27,both,-46386.23,False
2026-03-30,17.950000762939453,45189.89,both,-45171.94,False
2026-03-31,17.549999237060547,45321.59,both,-45304.04,False
2026-04-01,17.700000762939453,46731.49,both,-46713.79,False
2026-04-02,17.899999618530273,46399.0,both,-46381.1,False
2026-04-05,17.790000915527344,47276.43,both,-47258.64,False
2026-04-06,17.540000915527344,47651.58,both,-47634.04,False
2026-04-07,17.84000015258789,46681.78,both,-46663.94,False
2026-04-08,16.899999618530273,48593.99,both,-48577.09,False
2026-04-09,16.700000762939453,49078.6,both,-49061.9,False
2026-04-12,,49078.6,right_only,,False
2026-04-14,16.940000534057617,49978.62,both,-49961.68,False
2026-04-15,17.190000534057617,50733.14,both,-50715.95,False
2026-04-16,17.1200008392334,51437.78,both,-51420.66,False
2026-04-19,16.93000030517578,52372.64,both,-52355.71,False
2026-04-20,16.850000381469727,51813.43,both,-51796.58,False
2026-04-21,16.649999618530273,51977.34,both,-51960.69,False
2026-04-22,16.75,51962.39,both,-51945.64,False
2026-04-23,16.93000030517578,52375.39,both,-52358.46,False
2026-04-26,17.5,52421.14,both,-52403.64,False
2026-04-27,18.399999618530277,52719.12,both,-52700.72,False
2026-04-28,18.530000686645508,52230.61,both,-52212.08,False
2026-04-29,18.25,52383.13,both,-52364.88,False
2026-04-30,18.239999771118164,51760.97,both,-51742.73,False
2026-05-03,17.8799991607666,52312.7,both,-52294.82,False
2026-05-04,17.739999771118164,51973.5,both,-51955.76,False
2026-05-05,17.40999984741211,52557.63,both,-52540.22,False
2026-05-06,17.239999771118164,53605.08,both,-53587.84,False
2026-05-10,17.329999923706055,54628.68,both,-54611.35,False
2026-05-11,17.850000381469727,54475.49,both,-54457.64,False
2026-05-12,17.799999237060547,54058.75,both,-54040.95,False
2026-05-13,17.700000762939453,53416.17,both,-53398.47,False
2026-05-14,17.540000915527344,53154.84,both,-53137.3,False
2026-05-17,17.75,52364.34,both,-52346.59,False
2026-05-18,17.799999237060547,52007.0,both,-51989.2,False
2026-05-19,17.690000534057617,52774.98,both,-52757.29,False
2026-05-20,17.329999923706055,51936.75,both,-51919.42,False
2026-05-21,17.0,52090.96,both,-52073.96,False
2026-05-24,17.200000762939453,52861.47,both,-52844.27,False
2026-05-25,17.100000381469727,52658.75,both,-52641.65,False
2026-05-26,17.100000381469727,,left_only,,False
2026-05-27,17.100000381469727,,left_only,,False
2026-05-28,17.100000381469727,,left_only,,False
2026-06-01,17.280000686645508,52853.94,both,-52836.66,False
2026-06-02,17.1200008392334,52927.02,both,-52909.9,False
2026-06-03,17.25,52564.42,both,-52547.17,False
2026-06-04,17.049999237060547,52652.53,both,-52635.48,False
2026-06-07,16.850000381469727,52164.6,both,-52147.75,False
2026-06-08,17.149999618530273,51882.81,both,-51865.66,False
2026-06-09,17.25,52374.8,both,-52357.55,False
2026-06-10,16.899999618530273,51256.65,both,-51239.75,False
2026-06-11,16.399999618530273,50818.84,both,-50802.44,False
2026-06-14,16.549999237060547,51994.63,both,-51978.08,False
2026-06-15,16.3700008392334,52306.66,both,-52290.29,False
2026-06-16,16.25,52047.15,both,-52030.9,False
2026-06-17,16.25,52621.84,both,-52605.59,False
2026-06-18,16.25,,left_only,,False
2026-06-21,16.440000534057617,52679.45,both,-52663.01,False
2026-06-22,16.440000534057617,52585.72,both,-52569.28,False
2026-06-23,16.020000457763672,51769.74,both,-51753.72,False
2026-06-24,16.110000610351562,51710.9,both,-51694.79,False
2026-06-25,15.899999618530272,51443.07,both,-51427.17,False
2026-06-28,15.670000076293944,50344.37,both,-50328.7,False
2026-06-29,15.890000343322754,49825.58,both,-49809.69,False
2026-06-30,15.859999656677246,50487.96,both,-50472.1,False
2026-07-01,15.890000343322754,50532.7,both,-50516.81,False
2026-07-05,16.18000030517578,51130.89,both,-51114.71,False
2026-07-06,16.1200008392334,52502.74,both,-52486.62,False
2026-07-07,16.0,53006.11,both,-52990.11,False
2026-07-08,16.350000381469727,52028.37,both,-52012.02,False
2026-07-09,16.260000228881836,52311.51,both,-52295.25,False
2026-07-12,16.360000610351562,52256.18,both,-52239.82,False
2026-07-13,16.399999618530273,52608.28,both,-52591.88,False
2026-07-14,16.600000381469727,52299.31,both,-52282.71,False
2026-07-15,14.890000343322754,52558.39,both,-52543.5,False
2026-07-16,16.170000076293945,52928.06,both,-52911.89,False
2026-07-19,16.030000686645508,52560.1,both,-52544.07,False
2026-07-20,16.0,53126.01,both,-53110.01,False
2026-07-21,15.949999809265137,53989.55,both,-53973.6,False
2026-07-22,16.100000381469727,53931.92,both,-53915.82,False
2026-07-26,16.0,,left_only,,False
2026-07-27,15.979999542236328,,left_only,,False
2026-07-28,15.989999771118164,,left_only,,False
2026-07-29,15.949999809265137,,left_only,,False
2026-07-30,15.710000038146973,,left_only,,False
