date,fetched_close,reference_close,_merge,diff,match
2014-12-23,,8710.6,right_only,,False
2014-12-24,,8766.12,right_only,,False
2014-12-25,,8740.12,right_only,,False
2014-12-28,,8745.16,right_only,,False
2014-12-29,,8958.13,right_only,,False
2014-12-30,,9005.75,right_only,,False
2014-12-31,,8926.58,right_only,,False
2015-01-04,,8942.65,right_only,,False
2015-01-05,,9011.07,right_only,,False
2015-01-06,,8798.94,right_only,,False
2015-01-08,,8946.34,right_only,,False
2015-01-11,,8909.75,right_only,,False
2015-01-12,,9109.23,right_only,,False
2015-01-13,,9308.98,right_only,,False
2015-01-14,,9544.08,right_only,,False
2015-01-15,,9555.99,right_only,,False
2015-01-18,,9530.92,right_only,,False
2015-01-19,,9599.1,right_only,,False
2015-01-20,,9804.18,right_only,,False
2015-01-21,,9856.3,right_only,,False
2015-01-22,,9898.86,right_only,,False
2015-01-26,,9834.81,right_only,,False
2015-01-27,,9946.58,right_only,,False
2015-01-28,,9863.73,right_only,,False
2015-01-29,,9843.1,right_only,,False
2015-02-01,,9779.76,right_only,,False
2015-02-02,,9830.46,right_only,,False
2015-02-03,,9954.34,right_only,,False
2015-02-04,,10045.93,right_only,,False
2015-02-05,,9965.43,right_only,,False
2015-02-08,,9957.93,right_only,,False
2015-02-09,,9884.46,right_only,,False
2015-02-10,,9900.65,right_only,,False
2015-02-11,,9770.78,right_only,,False
2015-02-12,,9747.36,right_only,,False
2015-02-15,,9789.79,right_only,,False
2015-02-16,,9585.92,right_only,,False
2015-02-17,,9433.85,right_only,,False
2015-02-18,,9537.23,right_only,,False
2015-02-19,,9481.2,right_only,,False
2015-02-22,,9494.55,right_only,,False
2015-02-23,,9601.14,right_only,,False
2015-02-24,,9611.66,right_only,,False
2015-02-25,,9469.08,right_only,,False
2015-02-26,,9334.01,right_only,,False
2015-03-01,,9283.59,right_only,,False
2015-03-02,,9456.33,right_only,,False
2015-03-03,,9475.27,right_only,,False
2015-03-04,,9461.06,right_only,,False
2015-03-05,,9575.98,right_only,,False
2015-03-08,,9638.41,right_only,,False
2015-03-09,,9713.61,right_only,,False
2015-03-10,,9709.5,right_only,,False
2015-03-11,,9576.46,right_only,,False
2015-03-12,,9640.77,right_only,,False
2015-03-15,,9726.03,right_only,,False
2015-03-16,,9529.01,right_only,,False
2015-03-17,,9561.33,right_only,,False
2015-03-18,,9484.08,right_only,,False
2015-03-19,,9518.28,right_only,,False
2015-03-22,,9354.73,right_only,,False
2015-03-23,,9374.12,right_only,,False
2015-03-24,,9367.54,right_only,,False
2015-03-25,,9198.46,right_only,,False
2015-03-26,,9052.5,right_only,,False
2015-03-29,,9062.99,right_only,,False
2015-03-30,,9118.97,right_only,,False
2015-03-31,,9134.78,right_only,,False
2015-04-01,,9099.33,right_only,,False
2015-04-02,,8891.73,right_only,,False
2015-04-05,,8607.66,right_only,,False
2015-04-06,,8508.24,right_only,,False
2015-04-07,,8716.37,right_only,,False
2015-04-08,,8788.9,right_only,,False
2015-04-09,,8892.53,right_only,,False
2015-04-14,,8927.53,right_only,,False
2015-04-15,,8896.68,right_only,,False
2015-04-16,,8886.84,right_only,,False
2015-04-19,,8765.34,right_only,,False
2015-04-20,,8595.78,right_only,,False
2015-04-21,,8575.27,right_only,,False
2015-04-22,,8629.49,right_only,,False
2015-04-23,,8731.29,right_only,,False
2015-04-26,,8633.86,right_only,,False
2015-04-27,,8493.68,right_only,,False
2015-04-28,,8330.52,right_only,,False
2015-04-29,,8488.49,right_only,,False
2015-04-30,,8672.29,right_only,,False
2015-05-03,,8562.97,right_only,,False
2015-05-04,,8652.12,right_only,,False
2015-05-05,,8828.33,right_only,,False
2015-05-06,,8756.31,right_only,,False
2015-05-07,,8742.42,right_only,,False
2015-05-10,,8692.0,right_only,,False
2015-05-11,,8691.85,right_only,,False
2015-05-12,,8674.34,right_only,,False
2015-05-13,,8526.43,right_only,,False
2015-05-14,,8303.37,right_only,,False
2015-05-17,,8260.92,right_only,,False
2015-05-18,,8798.17,right_only,,False
2015-05-19,,8877.68,right_only,,False
2015-05-20,,8826.45,right_only,,False
2015-05-21,,8988.03,right_only,,False
2015-05-24,,9121.92,right_only,,False
2015-05-25,,9050.76,right_only,,False
2015-05-26,,8975.32,right_only,,False
2015-05-27,,8966.71,right_only,,False
2015-05-28,,8912.05,right_only,,False
2015-05-31,,8782.55,right_only,,False
2015-06-01,,8745.04,right_only,,False
2015-06-02,,8847.59,right_only,,False
2015-06-03,,8905.6,right_only,,False
2015-06-04,,8780.76,right_only,,False
2015-06-07,,8728.87,right_only,,False
2015-06-08,,8672.33,right_only,,False
2015-06-09,,8660.93,right_only,,False
2015-06-10,,8639.43,right_only,,False
2015-06-11,,8626.46,right_only,,False
2015-06-14,,8534.13,right_only,,False
2015-06-15,,8515.63,right_only,,False
2015-06-16,,8556.1,right_only,,False
2015-06-17,,8556.55,right_only,,False
2015-06-18,,8576.71,right_only,,False
2015-06-21,,8535.19,right_only,,False
2015-06-22,,8489.41,right_only,,False
2015-06-23,,8444.93,right_only,,False
2015-06-24,,8456.82,right_only,,False
2015-06-25,,8406.17,right_only,,False
2015-06-28,,8511.98,right_only,,False
2015-06-29,,8371.53,right_only,,False
2015-07-02,,8314.72,right_only,,False
2015-07-05,,8218.25,right_only,,False
2015-07-06,,7870.78,right_only,,False
2015-07-07,,7752.94,right_only,,False
2015-07-08,,7550.98,right_only,,False
2015-07-09,,7617.39,right_only,,False
2015-07-12,,7691.35,right_only,,False
2015-07-13,,7587.07,right_only,,False
2015-07-14,,7686.91,right_only,,False
2015-07-15,,7882.62,right_only,,False
2015-07-16,,8022.91,right_only,,False
2015-07-21,,8049.69,right_only,,False
2015-07-22,,8087.24,right_only,,False
2015-07-26,,8004.83,right_only,,False
2015-07-27,,7887.87,right_only,,False
2015-07-28,,7949.89,right_only,,False
2015-07-29,,8105.69,right_only,,False
2015-07-30,,8191.53,right_only,,False
2015-08-02,,8158.31,right_only,,False
2015-08-03,,8087.54,right_only,,False
2015-08-04,,8181.95,right_only,,False
2015-08-05,,8114.08,right_only,,False
2015-08-09,,8011.06,right_only,,False
2015-08-10,,8028.69,right_only,,False
2015-08-11,,8083.18,right_only,,False
2015-08-12,,7911.88,right_only,,False
2015-08-13,,7879.82,right_only,,False
2015-08-16,,7625.76,right_only,,False
2015-08-17,,7594.05,right_only,,False
2015-08-18,,7398.43,right_only,,False
2015-08-19,,7240.77,right_only,,False
2015-08-20,,7172.63,right_only,,False
2015-08-23,,6784.09,right_only,,False
2015-08-24,,6654.06,right_only,,False
2015-08-25,,6836.95,right_only,,False
2015-08-26,,6873.49,right_only,,False
2015-08-27,,7078.83,right_only,,False
2015-08-30,,7055.28,right_only,,False
2015-08-31,,7252.43,right_only,,False
2015-09-01,,7203.86,right_only,,False
2015-09-02,,7150.47,right_only,,False
2015-09-03,,7295.96,right_only,,False
2015-09-06,,7273.92,right_only,,False
2015-09-07,,7166.62,right_only,,False
2015-09-08,,6924.05,right_only,,False
2015-09-09,,7050.02,right_only,,False
2015-09-10,,7039.33,right_only,,False
2015-09-13,,7082.0,right_only,,False
2015-09-14,,7158.1,right_only,,False
2015-09-15,,7175.59,right_only,,False
2015-09-16,,7266.42,right_only,,False
2015-09-17,,7267.52,right_only,,False
2015-09-20,,7234.46,right_only,,False
2015-09-21,,7285.25,right_only,,False
2015-09-22,,7346.54,right_only,,False
2015-09-28,,7409.06,right_only,,False
2015-09-29,,7331.53,right_only,,False
2015-09-30,,7332.88,right_only,,False
2015-10-01,,7310.71,right_only,,False
2015-10-04,,7263.29,right_only,,False
2015-10-05,,7239.27,right_only,,False
2015-10-07,,7354.56,right_only,,False
2015-10-08,,7491.67,right_only,,False
2015-10-11,,7547.66,right_only,,False
2015-10-12,,7650.65,right_only,,False
2015-10-13,,7669.12,right_only,,False
2015-10-15,,7594.45,right_only,,False
2015-10-18,,7538.22,right_only,,False
2015-10-19,,7621.67,right_only,,False
2015-10-20,,7658.95,right_only,,False
2015-10-21,,7669.14,right_only,,False
2015-10-22,,7611.03,right_only,,False
2015-10-25,,7653.14,right_only,,False
2015-10-26,,7577.53,right_only,,False
2015-10-27,,7534.08,right_only,,False
2015-10-28,,7479.59,right_only,,False
2015-10-29,,7507.89,right_only,,False
2015-11-01,,7413.01,right_only,,False
2015-11-02,,7434.69,right_only,,False
2015-11-03,,7432.96,right_only,,False
2015-11-04,,7450.36,right_only,,False
2015-11-05,,7541.72,right_only,,False
2015-11-08,,7347.22,right_only,,False
2015-11-09,,7138.81,right_only,,False
2015-11-10,,6824.74,right_only,,False
2015-11-11,,6801.9,right_only,,False
2015-11-12,,6806.67,right_only,,False
2015-11-15,,6522.12,right_only,,False
2015-11-16,,6480.65,right_only,,False
2015-11-17,,6407.33,right_only,,False
2015-11-18,,6413.97,right_only,,False
2015-11-19,,6568.97,right_only,,False
2015-11-22,,6607.53,right_only,,False
2015-11-23,,6451.32,right_only,,False
2015-11-24,,6321.39,right_only,,False
2015-11-25,,6391.07,right_only,,False
2015-11-26,,6427.82,right_only,,False
2015-11-29,,6477.73,right_only,,False
2015-11-30,,6356.65,right_only,,False
2015-12-01,,6424.88,right_only,,False
2015-12-02,,6649.72,right_only,,False
2015-12-03,,6779.28,right_only,,False
2015-12-06,,6837.42,right_only,,False
2015-12-07,,6777.81,right_only,,False
2015-12-08,,6608.01,right_only,,False
2015-12-09,,6629.32,right_only,,False
2015-12-10,,6637.91,right_only,,False
2015-12-13,,6395.2,right_only,,False
2015-12-14,,6408.12,right_only,,False
2015-12-15,,6421.0,right_only,,False
2015-12-16,,6488.51,right_only,,False
2015-12-17,,6669.8,right_only,,False
2015-12-20,,6707.66,right_only,,False
2015-12-21,,6762.26,right_only,,False
2015-12-22,,6769.08,right_only,,False
2015-12-24,,6812.65,right_only,,False
2015-12-27,,6749.11,right_only,,False
2015-12-28,,6744.47,right_only,,False
2015-12-29,,6794.75,right_only,,False
2015-12-30,,6981.01,right_only,,False
2015-12-31,,7006.01,right_only,,False
2016-01-03,,7089.06,right_only,,False
2016-01-04,,6982.25,right_only,,False
2016-01-05,,7021.42,right_only,,False
2016-01-06,,6922.71,right_only,,False
2016-01-10,,6782.35,right_only,,False
2016-01-11,,6634.98,right_only,,False
2016-01-12,,6463.92,right_only,,False
2016-01-13,,6205.23,right_only,,False
2016-01-14,,5857.7,right_only,,False
2016-01-17,,5760.19,right_only,,False
2016-01-18,,5941.19,right_only,,False
2016-01-19,,6097.45,right_only,,False
2016-01-20,,5776.59,right_only,,False
2016-01-21,,5713.35,right_only,,False
2016-01-24,,5893.54,right_only,,False
2016-01-26,,5896.56,right_only,,False
2016-01-27,,5960.59,right_only,,False
2016-01-28,,5986.78,right_only,,False
2016-01-31,,5992.72,right_only,,False
2016-02-01,,5906.92,right_only,,False
2016-02-02,,6008.85,right_only,,False
2016-02-03,,6066.54,right_only,,False
2016-02-04,,6202.22,right_only,,False
2016-02-07,,6126.47,right_only,,False
2016-02-08,,6174.77,right_only,,False
2016-02-09,,6004.41,right_only,,False
2016-02-10,,6062.65,right_only,,False
2016-02-11,,5813.72,right_only,,False
2016-02-14,,5753.74,right_only,,False
2016-02-15,,5800.05,right_only,,False
2016-02-16,,5894.6,right_only,,False
2016-02-17,,5947.7,right_only,,False
2016-02-18,,5944.47,right_only,,False
2016-02-21,,6007.88,right_only,,False
2016-02-22,,6086.45,right_only,,False
2016-02-23,,6104.74,right_only,,False
2016-02-24,,6054.03,right_only,,False
2016-02-25,,6079.13,right_only,,False
2016-02-28,,6156.01,right_only,,False
2016-02-29,,6146.93,right_only,,False
2016-03-01,,6115.54,right_only,,False
2016-03-02,,6076.57,right_only,,False
2016-03-03,,6089.34,right_only,,False
2016-03-06,,6214.94,right_only,,False
2016-03-07,,6261.41,right_only,,False
2016-03-08,,6339.76,right_only,,False
2016-03-09,,6372.64,right_only,,False
2016-03-10,,6563.65,right_only,,False
2016-03-13,,6563.83,right_only,,False
2016-03-14,,7003.85,right_only,,False
2016-03-15,,7139.44,right_only,,False
2016-03-16,,7228.68,right_only,,False
2016-03-17,,7485.69,right_only,,False
2016-03-20,,7465.86,right_only,,False
2016-03-21,,7494.12,right_only,,False
2016-03-22,,7430.33,right_only,,False
2016-03-23,,7495.47,right_only,,False
2016-03-24,,7548.22,right_only,,False
2016-03-27,,7480.11,right_only,,False
2016-03-28,,7494.1,right_only,,False
2016-03-29,,7567.46,right_only,,False
2016-03-30,,7485.06,right_only,,False
2016-03-31,,7524.99,right_only,,False
2016-04-03,,7521.2,right_only,,False
2016-04-04,,7577.02,right_only,,False
2016-04-05,,7657.98,right_only,,False
2016-04-06,,7459.84,right_only,,False
2016-04-07,,7478.74,right_only,,False
2016-04-10,,7403.77,right_only,,False
2016-04-11,,7342.46,right_only,,False
2016-04-12,,7331.05,right_only,,False
2016-04-13,,7420.61,right_only,,False
2016-04-14,,7463.1,right_only,,False
2016-04-17,,7517.02,right_only,,False
2016-04-18,,7662.44,right_only,,False
2016-04-19,,7864.03,right_only,,False
2016-04-20,,7799.86,right_only,,False
2016-04-21,,7781.45,right_only,,False
2016-04-24,,7743.41,right_only,,False
2016-04-26,,7886.82,right_only,,False
2016-04-27,,7863.58,right_only,,False
2016-04-28,,7773.23,right_only,,False
2016-05-03,,7531.59,right_only,,False
2016-05-04,,7442.44,right_only,,False
2016-05-05,,7547.49,right_only,,False
2016-05-08,,7571.7,right_only,,False
2016-05-09,,7646.02,right_only,,False
2016-05-10,,7621.91,right_only,,False
2016-05-11,,7503.4,right_only,,False
2016-05-12,,7520.52,right_only,,False
2016-05-15,,7373.0,right_only,,False
2016-05-16,,7409.27,right_only,,False
2016-05-17,,7549.97,right_only,,False
2016-05-18,,7637.04,right_only,,False
2016-05-19,,7499.49,right_only,,False
2016-05-22,,7494.76,right_only,,False
2016-05-23,,7417.08,right_only,,False
2016-05-24,,7497.33,right_only,,False
2016-05-25,,7543.43,right_only,,False
2016-05-26,,7531.15,right_only,,False
2016-05-29,,7486.13,right_only,,False
2016-05-30,,7452.88,right_only,,False
2016-05-31,,7483.65,right_only,,False
2016-06-01,,7572.39,right_only,,False
2016-06-02,,7617.88,right_only,,False
2016-06-05,,7563.5,right_only,,False
2016-06-06,,7639.59,right_only,,False
2016-06-07,,7717.35,right_only,,False
2016-06-08,,7780.13,right_only,,False
2016-06-09,,7756.3,right_only,,False
2016-06-12,,7650.62,right_only,,False
2016-06-13,,7645.21,right_only,,False
2016-06-14,,7570.05,right_only,,False
2016-06-15,,7414.81,right_only,,False
2016-06-16,,7420.39,right_only,,False
2016-06-19,,7337.97,right_only,,False
2016-06-20,,7203.64,right_only,,False
2016-06-21,,7250.92,right_only,,False
2016-06-22,,7156.49,right_only,,False
2016-06-23,,7253.31,right_only,,False
2016-06-26,,6851.61,right_only,,False
2016-06-27,,6903.81,right_only,,False
2016-06-28,,6931.94,right_only,,False
2016-06-29,,6942.52,right_only,,False
2016-07-03,,6981.72,right_only,,False
2016-07-04,,7182.8,right_only,,False
2016-07-10,,7517.43,right_only,,False
2016-07-11,,7506.18,right_only,,False
2016-07-12,,7457.5,right_only,,False
2016-07-13,,7559.87,right_only,,False
2016-07-14,,7583.06,right_only,,False
2016-07-17,,7599.64,right_only,,False
2016-07-18,,7628.64,right_only,,False
2016-07-19,,7596.96,right_only,,False
2016-07-20,,7503.36,right_only,,False
2016-07-21,,7436.87,right_only,,False
2016-07-24,,7463.72,right_only,,False
2016-07-25,,7517.78,right_only,,False
2016-07-26,,7539.99,right_only,,False
2016-07-27,,7914.74,right_only,,False
2016-07-28,,8030.85,right_only,,False
2016-07-31,,7983.15,right_only,,False
2016-08-01,,7930.14,right_only,,False
2016-08-02,,7973.45,right_only,,False
2016-08-03,,8104.57,right_only,,False
2016-08-04,,8255.36,right_only,,False
2016-08-07,,8223.46,right_only,,False
2016-08-08,,8273.14,right_only,,False
2016-08-09,,8199.65,right_only,,False
2016-08-10,,8291.51,right_only,,False
2016-08-11,,8377.71,right_only,,False
2016-08-14,,8351.07,right_only,,False
2016-08-15,,8453.53,right_only,,False
2016-08-16,,8387.49,right_only,,False
2016-08-17,,8347.38,right_only,,False
2016-08-18,,8317.17,right_only,,False
2016-08-21,,8352.27,right_only,,False
2016-08-22,,8246.9,right_only,,False
2016-08-23,,8186.7,right_only,,False
2016-08-24,,8224.33,right_only,,False
2016-08-25,,8131.49,right_only,,False
2016-08-28,,8052.23,right_only,,False
2016-08-29,,8032.43,right_only,,False
2016-08-30,,8080.81,right_only,,False
2016-08-31,,8158.04,right_only,,False
2016-09-01,,8136.44,right_only,,False
2016-09-04,,8241.16,right_only,,False
2016-09-05,,8270.76,right_only,,False
2016-09-06,,8202.43,right_only,,False
2016-09-07,,8146.1,right_only,,False
2016-09-08,,8188.2,right_only,,False
2016-09-14,,8132.75,right_only,,False
2016-09-15,,7979.25,right_only,,False
2016-09-18,,7916.41,right_only,,False
2016-09-19,,7974.12,right_only,,False
2016-09-20,,8048.69,right_only,,False
2016-09-21,,7937.79,right_only,,False
2016-09-22,,7913.94,right_only,,False
2016-09-25,,7904.53,right_only,,False
2016-09-26,,7974.84,right_only,,False
2016-09-27,,7948.93,right_only,,False
2016-09-28,,7907.92,right_only,,False
2016-09-29,,7881.11,right_only,,False
2016-10-03,,8133.12,right_only,,False
2016-10-04,,8198.51,right_only,,False
2016-10-05,,8368.52,right_only,,False
2016-10-09,,8436.82,right_only,,False
2016-10-10,,8364.0,right_only,,False
2016-10-11,,8232.77,right_only,,False
2016-10-12,,8185.95,right_only,,False
2016-10-13,,8505.12,right_only,,False
2016-10-16,,8432.41,right_only,,False
2016-10-17,,8243.32,right_only,,False
2016-10-18,,8213.53,right_only,,False
2016-10-19,,8160.4,right_only,,False
2016-10-20,,8277.21,right_only,,False
2016-10-23,,8274.15,right_only,,False
2016-10-24,,8228.13,right_only,,False
2016-10-25,,8261.14,right_only,,False
2016-10-26,,8257.21,right_only,,False
2016-10-27,,8343.31,right_only,,False
2016-10-30,,8357.42,right_only,,False
2016-10-31,,8386.03,right_only,,False
2016-11-01,,8447.76,right_only,,False
2016-11-02,,8524.66,right_only,,False
2016-11-03,,8810.51,right_only,,False
2016-11-06,,9349.9,right_only,,False
2016-11-07,,9852.69,right_only,,False
2016-11-08,,10096.57,right_only,,False
2016-11-09,,10225.5,right_only,,False
2016-11-10,,10688.16,right_only,,False
2016-11-13,,10916.97,right_only,,False
2016-11-14,,10694.41,right_only,,False
2016-11-15,,10640.53,right_only,,False
2016-11-16,,10997.38,right_only,,False
2016-11-17,,11221.56,right_only,,False
2016-11-20,,11277.47,right_only,,False
2016-11-21,,11543.07,right_only,,False
2016-11-22,,11519.8,right_only,,False
2016-11-23,,11550.31,right_only,,False
2016-11-24,,11353.11,right_only,,False
2016-11-27,,11145.95,right_only,,False
2016-11-28,,11261.82,right_only,,False
2016-11-29,,11159.32,right_only,,False
2016-11-30,,11453.25,right_only,,False
2016-12-01,,11548.15,right_only,,False
2016-12-04,,11631.41,right_only,,False
2016-12-05,,11426.5,right_only,,False
2016-12-06,,11502.51,right_only,,False
2016-12-07,,11348.37,right_only,,False
2016-12-08,,11297.93,right_only,,False
2016-12-12,,11444.06,right_only,,False
2016-12-13,,11385.1,right_only,,False
2016-12-14,,11317.17,right_only,,False
2016-12-15,,11326.03,right_only,,False
2016-12-18,,11398.01,right_only,,False
2016-12-19,,11752.46,right_only,,False
2016-12-20,,12147.95,right_only,,False
2016-12-21,,12366.96,right_only,,False
2016-12-22,,12420.3,right_only,,False
2016-12-25,,12251.06,right_only,,False
2016-12-26,,12182.04,right_only,,False
2016-12-27,,12181.98,right_only,,False
2016-12-28,,12259.83,right_only,,False
2016-12-29,,12344.89,right_only,,False
2017-01-02,,12290.61,right_only,,False
2017-01-03,,12425.17,right_only,,False
2017-01-04,,12608.44,right_only,,False
2017-01-05,,12824.32,right_only,,False
2017-01-08,,12891.39,right_only,,False
2017-01-09,,12781.16,right_only,,False
2017-01-10,,13014.54,right_only,,False
2017-01-11,,13089.05,right_only,,False
2017-01-12,,13223.9,right_only,,False
2017-01-15,,13287.76,right_only,,False
2017-01-16,,13264.82,right_only,,False
2017-01-17,,13436.1,right_only,,False
2017-01-18,,13304.44,right_only,,False
2017-01-19,,12806.77,right_only,,False
2017-01-22,,12722.08,right_only,,False
2017-01-23,,13002.89,right_only,,False
2017-01-24,,12882.88,right_only,,False
2017-01-26,,13091.05,right_only,,False
2017-01-29,,13161.52,right_only,,False
2017-01-30,,12926.07,right_only,,False
2017-01-31,,12672.49,right_only,,False
2017-02-01,,12584.26,right_only,,False
2017-02-02,,12806.07,right_only,,False
2017-02-05,,12883.43,right_only,,False
2017-02-06,,12849.42,right_only,,False
2017-02-07,,13129.27,right_only,,False
2017-02-08,,13228.33,right_only,,False
2017-02-09,,13114.86,right_only,,False
2017-02-12,,12922.44,right_only,,False
2017-02-13,,12740.05,right_only,,False
2017-02-14,,12503.73,right_only,,False
2017-02-15,,12448.35,right_only,,False
2017-02-16,,12651.97,right_only,,False
2017-02-19,,12549.17,right_only,,False
2017-02-20,,12444.18,right_only,,False
2017-02-21,,12657.82,right_only,,False
2017-02-22,,12401.09,right_only,,False
2017-02-23,,12240.53,right_only,,False
2017-02-26,,12269.88,right_only,,False
2017-02-27,,12023.93,right_only,,False
2017-02-28,,11937.67,right_only,,False
2017-03-01,,11998.72,right_only,,False
2017-03-02,,12310.49,right_only,,False
2017-03-05,,12499.61,right_only,,False
2017-03-06,,12623.22,right_only,,False
2017-03-07,,12677.55,right_only,,False
2017-03-08,,12735.36,right_only,,False
2017-03-09,,12853.27,right_only,,False
2017-03-12,,12919.9,right_only,,False
2017-03-13,,12929.13,right_only,,False
2017-03-14,,12789.52,right_only,,False
2017-03-15,,12745.49,right_only,,False
2017-03-16,,12983.99,right_only,,False
2017-03-19,,13092.4,right_only,,False
2017-03-20,,13023.49,right_only,,False
2017-03-21,,12905.37,right_only,,False
2017-03-22,,12879.06,right_only,,False
2017-03-23,,13032.06,right_only,,False
2017-03-26,,13108.22,right_only,,False
2017-03-27,,12969.64,right_only,,False
2017-03-28,,12982.66,right_only,,False
2017-03-29,,12987.65,right_only,,False
2017-03-30,,12994.8,right_only,,False
2017-04-02,,12912.27,right_only,,False
2017-04-03,,13061.07,right_only,,False
2017-04-04,,13264.75,right_only,,False
2017-04-05,,13289.99,right_only,,False
2017-04-06,,13098.54,right_only,,False
2017-04-09,,12895.12,right_only,,False
2017-04-10,,12848.56,right_only,,False
2017-04-11,,12995.71,right_only,,False
2017-04-12,,12984.36,right_only,,False
2017-04-13,,12967.38,right_only,,False
2017-04-18,,13027.14,right_only,,False
2017-04-19,,12895.3,right_only,,False
2017-04-20,,12905.85,right_only,,False
2017-04-23,,12544.92,right_only,,False
2017-04-24,,12583.13,right_only,,False
2017-04-26,,12671.29,right_only,,False
2017-04-27,,12525.69,right_only,,False
2017-04-30,,12433.6,right_only,,False
2017-05-02,,12530.32,right_only,,False
2017-05-03,,12603.56,right_only,,False
2017-05-04,,12709.93,right_only,,False
2017-05-07,,12692.15,right_only,,False
2017-05-08,,12827.93,right_only,,False
2017-05-09,,12933.68,right_only,,False
2017-05-10,,12993.4,right_only,,False
2017-05-11,,12906.98,right_only,,False
2017-05-14,,12870.91,right_only,,False
2017-05-15,,12866.06,right_only,,False
2017-05-16,,12936.59,right_only,,False
2017-05-17,,13064.02,right_only,,False
2017-05-18,,12952.38,right_only,,False
2017-05-21,,12974.75,right_only,,False
2017-05-22,,12648.24,right_only,,False
2017-05-23,,12791.83,right_only,,False
2017-05-24,,12884.44,right_only,,False
2017-05-25,,13094.42,right_only,,False
2017-05-28,,13205.11,right_only,,False
2017-05-29,,13207.94,right_only,,False
2017-05-30,,13239.16,right_only,,False
2017-05-31,,13339.63,right_only,,False
2017-06-01,,13467.29,right_only,,False
2017-06-04,,13495.32,right_only,,False
2017-06-05,,13520.13,right_only,,False
2017-06-06,,13626.8,right_only,,False
2017-06-07,,13632.98,right_only,,False
2017-06-08,,13683.66,right_only,,False
2017-06-11,,13616.04,right_only,,False
2017-06-12,,13491.89,right_only,,False
2017-06-13,,13531.34,right_only,,False
2017-06-14,,13502.12,right_only,,False
2017-06-15,,13478.75,right_only,,False
2017-06-18,,13496.47,right_only,,False
2017-06-19,,13508.39,right_only,,False
2017-06-20,,13415.55,right_only,,False
2017-06-21,,13376.44,right_only,,False
2017-06-22,,13417.14,right_only,,False
2017-06-28,,13395.81,right_only,,False
2017-07-02,,13487.36,right_only,,False
2017-07-03,,13431.06,right_only,,False
2017-07-04,,13334.78,right_only,,False
2017-07-05,,13334.86,right_only,,False
2017-07-06,,13369.88,right_only,,False
2017-07-09,,13342.09,right_only,,False
2017-07-10,,13483.04,right_only,,False
2017-07-11,,13684.27,right_only,,False
2017-07-12,,13690.29,right_only,,False
2017-07-13,,13822.59,right_only,,False
2017-07-16,,13815.77,right_only,,False
2017-07-17,,13956.32,right_only,,False
2017-07-18,,13717.53,right_only,,False
2017-07-19,,13707.13,right_only,,False
2017-07-20,,13715.06,right_only,,False
2017-07-24,,13752.98,right_only,,False
2017-07-25,,13740.72,right_only,,False
2017-07-26,,13797.25,right_only,,False
2017-07-27,,13609.22,right_only,,False
2017-07-30,,13480.1,right_only,,False
2017-07-31,,13419.38,right_only,,False
2017-08-01,,13396.22,right_only,,False
2017-08-02,,13405.2,right_only,,False
2017-08-03,,13413.12,right_only,,False
2017-08-06,,13558.46,right_only,,False
2017-08-07,,13660.8,right_only,,False
2017-08-08,,13637.69,right_only,,False
2017-08-09,,13580.76,right_only,,False
2017-08-10,,13462.38,right_only,,False
2017-08-13,,13279.61,right_only,,False
2017-08-14,,13135.1,right_only,,False
2017-08-15,,13102.39,right_only,,False
2017-08-16,,13149.19,right_only,,False
2017-08-17,,13119.44,right_only,,False
2017-08-20,,13026.29,right_only,,False
2017-08-21,,13106.12,right_only,,False
2017-08-22,,13114.87,right_only,,False
2017-08-23,,12996.2,right_only,,False
2017-08-24,,12926.4,right_only,,False
2017-08-27,,12913.25,right_only,,False
2017-08-28,,13013.73,right_only,,False
2017-08-29,,13195.34,right_only,,False
2017-08-30,,13415.77,right_only,,False
2017-09-05,,13415.05,right_only,,False
2017-09-06,,13317.89,right_only,,False
2017-09-07,,13432.69,right_only,,False
2017-09-10,,13457.14,right_only,,False
2017-09-11,,13533.24,right_only,,False
2017-09-12,,13474.88,right_only,,False
2017-09-13,,13442.55,right_only,,False
2017-09-14,,13610.61,right_only,,False
2017-09-17,,13612.51,right_only,,False
2017-09-18,,13592.71,right_only,,False
2017-09-19,,13730.0,right_only,,False
2017-09-20,,13695.33,right_only,,False
2017-09-24,,13607.19,right_only,,False
2017-09-25,,13674.42,right_only,,False
2017-09-26,,13704.13,right_only,,False
2017-09-27,,13740.82,right_only,,False
2017-09-28,,13888.51,right_only,,False
2017-10-01,,13976.78,right_only,,False
2017-10-02,,14000.43,right_only,,False
2017-10-03,,13930.73,right_only,,False
2017-10-04,,13881.97,right_only,,False
2017-10-08,,13997.69,right_only,,False
2017-10-09,,13968.53,right_only,,False
2017-10-10,,13824.08,right_only,,False
2017-10-11,,13816.05,right_only,,False
2017-10-12,,13891.71,right_only,,False
2017-10-15,,13905.79,right_only,,False
2017-10-16,,13525.25,right_only,,False
2017-10-17,,13525.48,right_only,,False
2017-10-18,,13590.15,right_only,,False
2017-10-19,,13713.62,right_only,,False
2017-10-22,,13706.06,right_only,,False
2017-10-23,,13870.34,right_only,,False
2017-10-24,,13928.38,right_only,,False
2017-10-25,,13901.38,right_only,,False
2017-10-26,,13955.47,right_only,,False
2017-10-29,,14024.41,right_only,,False
2017-10-30,,14197.21,right_only,,False
2017-10-31,,14342.38,right_only,,False
2017-11-01,,14277.29,right_only,,False
2017-11-02,,14319.34,right_only,,False
2017-11-05,,14183.77,right_only,,False
2017-11-06,,14072.92,right_only,,False
2017-11-07,,14057.56,right_only,,False
2017-11-08,,14204.95,right_only,,False
2017-11-09,,14350.14,right_only,,False
2017-11-12,,14270.55,right_only,,False
2017-11-13,,14123.31,right_only,,False
2017-11-14,,14132.96,right_only,,False
2017-11-15,,14025.11,right_only,,False
2017-11-16,,13847.36,right_only,,False
2017-11-19,,13742.11,right_only,,False
2017-11-20,,13680.5,right_only,,False
2017-11-21,,13725.45,right_only,,False
2017-11-22,,13839.37,right_only,,False
2017-11-23,,14106.17,right_only,,False
2017-11-26,,14222.7,right_only,,False
2017-11-27,,14219.99,right_only,,False
2017-11-28,,14537.03,right_only,,False
2017-11-29,,14582.22,right_only,,False
2017-12-03,,14713.63,right_only,,False
2017-12-04,,14572.17,right_only,,False
2017-12-05,,14460.96,right_only,,False
2017-12-06,,14345.58,right_only,,False
2017-12-07,,14294.73,right_only,,False
2017-12-10,,14414.25,right_only,,False
2017-12-11,,14426.75,right_only,,False
2017-12-12,,14590.2,right_only,,False
2017-12-13,,14651.42,right_only,,False
2017-12-14,,14679.91,right_only,,False
2017-12-17,,14716.66,right_only,,False
2017-12-18,,14721.45,right_only,,False
2017-12-19,,14678.41,right_only,,False
2017-12-20,,14682.14,right_only,,False
2017-12-21,,14668.59,right_only,,False
2017-12-24,,14790.78,right_only,,False
2017-12-25,,14843.33,right_only,,False
2017-12-26,,14922.85,right_only,,False
2017-12-27,,14904.82,right_only,,False
2017-12-28,,15016.97,right_only,,False
2017-12-31,,15019.14,right_only,,False
2018-01-02,,15023.76,right_only,,False
2018-01-03,,14833.73,right_only,,False
2018-01-04,,14782.38,right_only,,False
2018-01-08,,14953.17,right_only,,False
2018-01-09,,15159.37,right_only,,False
2018-01-10,,15192.55,right_only,,False
2018-01-11,,15242.48,right_only,,False
2018-01-14,,15254.85,right_only,,False
2018-01-15,,15127.76,right_only,,False
2018-01-16,,15089.37,right_only,,False
2018-01-17,,15198.54,right_only,,False
2018-01-18,,15411.0,right_only,,False
2018-01-21,,15339.91,right_only,,False
2018-01-22,,15243.23,right_only,,False
2018-01-23,,15197.08,right_only,,False
2018-01-24,,15170.73,right_only,,False
2018-01-28,,15311.15,right_only,,False
2018-01-29,,15369.13,right_only,,False
2018-01-30,,15315.66,right_only,,False
2018-01-31,,15042.37,right_only,,False
2018-02-01,,15088.66,right_only,,False
2018-02-04,,14874.84,right_only,,False
2018-02-05,,14962.14,right_only,,False
2018-02-06,,14717.98,right_only,,False
2018-02-07,,15037.05,right_only,,False
2018-02-08,,14921.29,right_only,,False
2018-02-11,,14828.36,right_only,,False
2018-02-12,,14890.71,right_only,,False
2018-02-13,,14729.75,right_only,,False
2018-02-14,,14805.95,right_only,,False
2018-02-15,,14965.93,right_only,,False
2018-02-18,,15045.56,right_only,,False
2018-02-19,,15158.12,right_only,,False
2018-02-20,,15219.26,right_only,,False
2018-02-21,,15244.49,right_only,,False
2018-02-22,,15318.92,right_only,,False
2018-02-25,,15467.77,right_only,,False
2018-02-26,,15454.0,right_only,,False
2018-02-27,,15522.88,right_only,,False
2018-02-28,,15472.69,right_only,,False
2018-03-01,,15443.18,right_only,,False
2018-03-04,,15519.55,right_only,,False
2018-03-05,,15709.01,right_only,,False
2018-03-06,,16022.26,right_only,,False
2018-03-07,,16384.07,right_only,,False
2018-03-08,,16472.28,right_only,,False
2018-03-11,,16391.48,right_only,,False
2018-03-12,,16742.15,right_only,,False
2018-03-13,,16989.06,right_only,,False
2018-03-14,,16881.72,right_only,,False
2018-03-15,,16999.1,right_only,,False
2018-03-18,,17271.03,right_only,,False
2018-03-19,,17172.13,right_only,,False
2018-03-20,,17113.9,right_only,,False
2018-03-21,,17147.12,right_only,,False
2018-03-22,,17064.58,right_only,,False
2018-03-25,,16984.69,right_only,,False
2018-03-26,,17104.34,right_only,,False
2018-03-27,,17270.43,right_only,,False
2018-03-28,,17305.51,right_only,,False
2018-03-29,,17450.15,right_only,,False
2018-04-01,,17595.88,right_only,,False
2018-04-02,,17684.66,right_only,,False
2018-04-03,,17492.71,right_only,,False
2018-04-04,,17509.65,right_only,,False
2018-04-05,,17410.59,right_only,,False
2018-04-10,,17697.32,right_only,,False
2018-04-11,,17943.96,right_only,,False
2018-04-12,,17615.69,right_only,,False
2018-04-15,,17588.86,right_only,,False
2018-04-16,,17620.28,right_only,,False
2018-04-17,,17802.48,right_only,,False
2018-04-18,,17705.87,right_only,,False
2018-04-19,,17781.02,right_only,,False
2018-04-22,,17898.09,right_only,,False
2018-04-23,,18080.7,right_only,,False
2018-04-24,,18121.96,right_only,,False
2018-04-26,,18363.29,right_only,,False
2018-04-29,,18304.46,right_only,,False
2018-04-30,,18295.57,right_only,,False
2018-05-02,,18173.16,right_only,,False
2018-05-03,,17832.86,right_only,,False
2018-05-06,,17610.87,right_only,,False
2018-05-07,,17523.15,right_only,,False
2018-05-08,,17814.45,right_only,,False
2018-05-09,,17460.3,right_only,,False
2018-05-10,,17155.14,right_only,,False
2018-05-13,,17184.02,right_only,,False
2018-05-14,,16984.07,right_only,,False
2018-05-15,,16985.78,right_only,,False
2018-05-16,,16993.21,right_only,,False
2018-05-17,,16877.66,right_only,,False
2018-05-20,,16782.07,right_only,,False
2018-05-21,,16780.91,right_only,,False
2018-05-22,,16657.66,right_only,,False
2018-05-23,,16662.55,right_only,,False
2018-05-24,,16633.97,right_only,,False
2018-05-27,,16648.47,right_only,,False
2018-05-28,,16791.09,right_only,,False
2018-05-29,,17005.86,right_only,,False
2018-05-30,,16760.24,right_only,,False
2018-05-31,,16414.53,right_only,,False
2018-06-03,,16675.31,right_only,,False
2018-06-04,,16404.33,right_only,,False
2018-06-05,,16022.11,right_only,,False
2018-06-06,,15908.91,right_only,,False
2018-06-07,,15923.66,right_only,,False
2018-06-10,,16142.72,right_only,,False
2018-06-11,,15921.25,right_only,,False
2018-06-12,,15938.11,right_only,,False
2018-06-13,,16178.28,right_only,,False
2018-06-14,,16220.93,right_only,,False
2018-06-19,,16067.77,right_only,,False
2018-06-20,,16143.48,right_only,,False
2018-06-21,,16345.77,right_only,,False
2018-06-24,,16395.02,right_only,,False
2018-06-25,,16457.51,right_only,,False
2018-06-26,,16197.44,right_only,,False
2018-06-27,,16176.41,right_only,,False
2018-06-28,,16348.55,right_only,,False
2018-07-02,,16362.59,right_only,,False
2018-07-03,,16421.32,right_only,,False
2018-07-04,,16309.65,right_only,,False
2018-07-05,,16125.34,right_only,,False
2018-07-08,,15839.84,right_only,,False
2018-07-09,,15785.93,right_only,,False
2018-07-10,,15921.03,right_only,,False
2018-07-11,,15952.42,right_only,,False
2018-07-12,,15879.81,right_only,,False
2018-07-15,,15842.46,right_only,,False
2018-07-16,,15655.89,right_only,,False
2018-07-17,,15420.72,right_only,,False
2018-07-18,,15578.73,right_only,,False
2018-07-19,,15416.31,right_only,,False
2018-07-22,,15303.79,right_only,,False
2018-07-24,,15480.37,right_only,,False
2018-07-25,,15186.36,right_only,,False
2018-07-26,,15199.29,right_only,,False
2018-07-29,,15378.11,right_only,,False
2018-07-30,,15297.02,right_only,,False
2018-07-31,,15580.19,right_only,,False
2018-08-01,,15670.18,right_only,,False
2018-08-02,,15806.38,right_only,,False
2018-08-05,,15737.05,right_only,,False
2018-08-06,,15645.56,right_only,,False
2018-08-07,,15761.55,right_only,,False
2018-08-08,,15862.86,right_only,,False
2018-08-09,,15924.06,right_only,,False
2018-08-12,,15738.34,right_only,,False
2018-08-13,,15521.52,right_only,,False
2018-08-14,,15356.81,right_only,,False
2018-08-15,,15357.44,right_only,,False
2018-08-16,,15295.97,right_only,,False
2018-08-19,,15273.39,right_only,,False
2018-08-26,,15239.03,right_only,,False
2018-08-27,,15236.64,right_only,,False
2018-08-28,,15606.18,right_only,,False
2018-08-29,,15835.73,right_only,,False
2018-08-30,,16009.41,right_only,,False
2018-09-02,,15852.36,right_only,,False
2018-09-03,,15821.92,right_only,,False
2018-09-04,,15922.96,right_only,,False
2018-09-05,,15750.94,right_only,,False
2018-09-06,,15803.17,right_only,,False
2018-09-09,,15740.06,right_only,,False
2018-09-10,,15628.43,right_only,,False
2018-09-12,,15488.49,right_only,,False
2018-09-13,,15308.62,right_only,,False
2018-09-16,,14755.63,right_only,,False
2018-09-17,,14650.97,right_only,,False
2018-09-18,,14653.91,right_only,,False
2018-09-19,,14098.56,right_only,,False
2018-09-20,,14083.48,right_only,,False
2018-09-23,,14261.25,right_only,,False
2018-09-24,,14200.68,right_only,,False
2018-09-25,,14358.64,right_only,,False
2018-09-26,,14612.18,right_only,,False
2018-09-27,,14632.4,right_only,,False
2018-09-30,,14616.47,right_only,,False
2018-10-01,,14446.72,right_only,,False
2018-10-02,,14381.55,right_only,,False
2018-10-03,,14313.17,right_only,,False
2018-10-04,,14104.9,right_only,,False
2018-10-08,,13604.01,right_only,,False
2018-10-09,,13588.74,right_only,,False
2018-10-10,,13621.23,right_only,,False
2018-10-11,,13283.31,right_only,,False
2018-10-14,,13537.47,right_only,,False
2018-10-15,,13521.46,right_only,,False
2018-10-16,,13689.39,right_only,,False
2018-10-17,,13815.6,right_only,,False
2018-10-18,,13644.16,right_only,,False
2018-10-21,,13524.67,right_only,,False
2018-10-22,,13646.26,right_only,,False
2018-10-23,,13579.6,right_only,,False
2018-10-24,,13246.39,right_only,,False
2018-10-25,,13023.73,right_only,,False
2018-10-28,,12980.96,right_only,,False
2018-10-29,,13074.47,right_only,,False
2018-10-30,,13154.56,right_only,,False
2018-10-31,,13250.29,right_only,,False
2018-11-01,,13202.32,right_only,,False
2018-11-04,,13170.28,right_only,,False
2018-11-05,,13234.62,right_only,,False
2018-11-06,,13436.11,right_only,,False
2018-11-07,,13615.85,right_only,,False
2018-11-08,,13732.68,right_only,,False
2018-11-11,,13570.89,right_only,,False
2018-11-12,,13678.36,right_only,,False
2018-11-13,,13543.64,right_only,,False
2018-11-14,,13487.2,right_only,,False
2018-11-15,,13681.67,right_only,,False
2018-11-18,,13968.8,right_only,,False
2018-11-19,,13906.31,right_only,,False
2018-11-21,,13731.12,right_only,,False
2018-11-22,,13675.37,right_only,,False
2018-11-25,,13153.55,right_only,,False
2018-11-26,,13049.12,right_only,,False
2018-11-27,,13213.95,right_only,,False
2018-11-28,,13309.49,right_only,,False
2018-11-29,,13319.5,right_only,,False
2018-12-02,,13150.08,right_only,,False
2018-12-03,,12934.44,right_only,,False
2018-12-04,,12624.74,right_only,,False
2018-12-05,,12586.74,right_only,,False
2018-12-06,,12387.58,right_only,,False
2018-12-09,,12140.0,right_only,,False
2018-12-10,,12476.18,right_only,,False
2018-12-11,,12664.41,right_only,,False
2018-12-12,,12856.83,right_only,,False
2018-12-13,,12996.89,right_only,,False
2018-12-16,,12992.06,right_only,,False
2018-12-17,,13215.4,right_only,,False
2018-12-18,,13121.11,right_only,,False
2018-12-19,,13078.2,right_only,,False
2018-12-20,,13137.58,right_only,,False
2018-12-23,,12947.35,right_only,,False
2018-12-24,,12784.44,right_only,,False
2018-12-25,,12670.63,right_only,,False
2018-12-26,,12840.16,right_only,,False
2018-12-27,,12984.21,right_only,,False
2018-12-30,,12944.52,right_only,,False
2018-12-31,,13035.77,right_only,,False
2019-01-02,,13204.37,right_only,,False
2019-01-03,,13264.7,right_only,,False
2019-01-06,,13343.08,right_only,,False
2019-01-08,,13402.7,right_only,,False
2019-01-09,,13365.58,right_only,,False
2019-01-10,,13367.44,right_only,,False
2019-01-13,,13525.83,right_only,,False
2019-01-14,,13335.75,right_only,,False
2019-01-15,,13447.12,right_only,,False
2019-01-16,,13510.27,right_only,,False
2019-01-17,,13482.99,right_only,,False
2019-01-20,,13444.21,right_only,,False
2019-01-21,,13574.99,right_only,,False
2019-01-22,,13474.55,right_only,,False
2019-01-23,,13506.65,right_only,,False
2019-01-27,,13817.1,right_only,,False
2019-01-28,,13911.34,right_only,,False
2019-01-29,,13976.52,right_only,,False
2019-01-30,,14093.4,right_only,,False
2019-01-31,,14126.68,right_only,,False
2019-02-03,,14243.81,right_only,,False
2019-02-04,,14366.06,right_only,,False
2019-02-05,,14733.11,right_only,,False
2019-02-06,,14766.59,right_only,,False
2019-02-07,,14753.68,right_only,,False
2019-02-10,,14763.94,right_only,,False
2019-02-11,,14784.82,right_only,,False
2019-02-12,,14927.64,right_only,,False
2019-02-13,,14949.07,right_only,,False
2019-02-14,,14984.46,right_only,,False
2019-02-17,,15198.89,right_only,,False
2019-02-18,,15227.24,right_only,,False
2019-02-19,,15155.84,right_only,,False
2019-02-20,,15213.54,right_only,,False
2019-02-21,,15146.71,right_only,,False
2019-02-24,,14955.58,right_only,,False
2019-02-25,,14946.35,right_only,,False
2019-02-26,,14886.85,right_only,,False
2019-02-27,,14772.34,right_only,,False
2019-02-28,,14803.97,right_only,,False
2019-03-03,,14819.6,right_only,,False
2019-03-04,,14815.18,right_only,,False
2019-03-05,,14728.38,right_only,,False
2019-03-06,,14643.09,right_only,,False
2019-03-07,,14904.03,right_only,,False
2019-03-10,,14980.62,right_only,,False
2019-03-11,,15098.12,right_only,,False
2019-03-12,,15139.86,right_only,,False
2019-03-13,,15125.84,right_only,,False
2019-03-14,,14991.34,right_only,,False
2019-03-17,,15033.48,right_only,,False
2019-03-18,,14910.78,right_only,,False
2019-03-19,,14645.53,right_only,,False
2019-03-20,,14724.4,right_only,,False
2019-03-21,,14782.81,right_only,,False
2019-03-24,,14840.9,right_only,,False
2019-03-25,,14670.8,right_only,,False
2019-03-26,,14637.4,right_only,,False
2019-03-27,,14554.66,right_only,,False
2019-03-28,,14665.81,right_only,,False
2019-03-31,,14737.88,right_only,,False
2019-04-01,,14954.14,right_only,,False
2019-04-02,,15166.46,right_only,,False
2019-04-03,,15197.84,right_only,,False
2019-04-04,,15247.81,right_only,,False
2019-04-07,,15135.47,right_only,,False
2019-04-08,,15111.09,right_only,,False
2019-04-09,,15088.55,right_only,,False
2019-04-10,,15106.54,right_only,,False
2019-04-11,,15105.96,right_only,,False
2019-04-14,,15068.96,right_only,,False
2019-04-15,,15055.42,right_only,,False
2019-04-16,,14973.01,right_only,,False
2019-04-17,,14864.01,right_only,,False
2019-04-18,,14876.37,right_only,,False
2019-04-21,,14838.63,right_only,,False
2019-04-22,,14801.26,right_only,,False
2019-04-23,,14645.78,right_only,,False
2019-04-24,,14770.27,right_only,,False
2019-04-30,,14920.15,right_only,,False
2019-05-02,,14880.39,right_only,,False
2019-05-05,,14511.54,right_only,,False
2019-05-06,,14204.59,right_only,,False
2019-05-07,,14389.91,right_only,,False
2019-05-08,,14026.81,right_only,,False
2019-05-09,,14060.0,right_only,,False
2019-05-12,,14122.1,right_only,,False
2019-05-13,,13905.73,right_only,,False
2019-05-14,,14024.15,right_only,,False
2019-05-15,,13809.46,right_only,,False
2019-05-16,,13659.73,right_only,,False
2019-05-19,,13520.82,right_only,,False
2019-05-20,,13379.46,right_only,,False
2019-05-21,,13614.21,right_only,,False
2019-05-22,,13664.23,right_only,,False
2019-05-23,,13776.85,right_only,,False
2019-05-26,,13981.88,right_only,,False
2019-05-27,,13960.47,right_only,,False
2019-05-28,,14028.0,right_only,,False
2019-05-29,,13974.13,right_only,,False
2019-05-30,,13771.31,right_only,,False
2019-06-02,,13690.72,right_only,,False
2019-06-03,,13787.8,right_only,,False
2019-06-09,,13911.66,right_only,,False
2019-06-10,,14148.88,right_only,,False
2019-06-11,,14206.18,right_only,,False
2019-06-12,,14158.11,right_only,,False
2019-06-13,,14180.53,right_only,,False
2019-06-16,,14210.09,right_only,,False
2019-06-17,,14241.21,right_only,,False
2019-06-18,,14202.86,right_only,,False
2019-06-19,,14132.18,right_only,,False
2019-06-20,,14043.42,right_only,,False
2019-06-23,,14017.34,right_only,,False
2019-06-24,,13867.47,right_only,,False
2019-06-25,,13831.23,right_only,,False
2019-06-26,,14006.99,right_only,,False
2019-06-27,,14100.74,right_only,,False
2019-07-02,,14136.58,right_only,,False
2019-07-03,,14137.22,right_only,,False
2019-07-04,,13997.4,right_only,,False
2019-07-07,,14013.04,right_only,,False
2019-07-08,,14043.33,right_only,,False
2019-07-09,,14097.43,right_only,,False
2019-07-10,,14013.26,right_only,,False
2019-07-11,,13813.56,right_only,,False
2019-07-14,,13672.13,right_only,,False
2019-07-15,,13627.89,right_only,,False
2019-07-16,,13721.82,right_only,,False
2019-07-17,,13641.94,right_only,,False
2019-07-18,,13670.27,right_only,,False
2019-07-21,,13576.26,right_only,,False
2019-07-22,,13684.57,right_only,,False
2019-07-24,,13617.89,right_only,,False
2019-07-25,,13510.06,right_only,,False
2019-07-28,,13460.0,right_only,,False
2019-07-29,,13421.91,right_only,,False
2019-07-30,,13364.63,right_only,,False
2019-07-31,,13392.47,right_only,,False
2019-08-01,,13525.93,right_only,,False
2019-08-04,,13616.26,right_only,,False
2019-08-05,,13598.66,right_only,,False
2019-08-06,,13655.91,right_only,,False
2019-08-07,,13880.57,right_only,,False
2019-08-08,,14180.44,right_only,,False
2019-08-14,,14540.56,right_only,,False
2019-08-15,,14295.13,right_only,,False
2019-08-18,,14399.7,right_only,,False
2019-08-19,,14304.37,right_only,,False
2019-08-20,,14428.08,right_only,,False
2019-08-21,,14357.18,right_only,,False
2019-08-22,,14333.16,right_only,,False
2019-08-25,,14340.51,right_only,,False
2019-08-26,,14291.03,right_only,,False
2019-08-27,,14283.5,right_only,,False
2019-08-28,,14595.51,right_only,,False
2019-08-29,,14835.36,right_only,,False
2019-09-01,,14931.66,right_only,,False
2019-09-02,,15110.23,right_only,,False
2019-09-03,,14999.58,right_only,,False
2019-09-04,,14841.38,right_only,,False
2019-09-05,,14933.18,right_only,,False
2019-09-08,,14931.11,right_only,,False
2019-09-09,,14887.78,right_only,,False
2019-09-10,,14956.36,right_only,,False
2019-09-11,,15014.82,right_only,,False
2019-09-12,,15110.37,right_only,,False
2019-09-15,,15023.23,right_only,,False
2019-09-16,,14970.24,right_only,,False
2019-09-17,,14752.45,right_only,,False
2019-09-18,,14745.1,right_only,,False
2019-09-19,,14742.07,right_only,,False
2019-09-22,,13958.11,right_only,,False
2019-09-23,,13753.19,right_only,,False
2019-09-24,,13170.2,right_only,,False
2019-09-25,,13594.61,right_only,,False
2019-09-26,,13857.12,right_only,,False
2019-09-29,,14315.79,right_only,,False
2019-09-30,,14257.75,right_only,,False
2019-10-01,,14496.84,right_only,,False
2019-10-02,,14381.15,right_only,,False
2019-10-03,,14217.81,right_only,,False
2019-10-07,,14431.72,right_only,,False
2019-10-08,,14348.57,right_only,,False
2019-10-09,,14182.7,right_only,,False
2019-10-10,,14302.27,right_only,,False
2019-10-13,,14220.47,right_only,,False
2019-10-14,,14180.76,right_only,,False
2019-10-15,,14060.82,right_only,,False
2019-10-16,,14209.23,right_only,,False
2019-10-17,,14205.86,right_only,,False
2019-10-20,,14239.45,right_only,,False
2019-10-21,,14178.51,right_only,,False
2019-10-22,,14201.32,right_only,,False
2019-10-23,,14126.51,right_only,,False
2019-10-24,,14206.67,right_only,,False
2019-10-27,,14237.39,right_only,,False
2019-10-28,,14301.09,right_only,,False
2019-10-29,,14465.47,right_only,,False
2019-10-30,,14477.79,right_only,,False
2019-10-31,,14558.02,right_only,,False
2019-11-03,,14622.75,right_only,,False
2019-11-04,,14625.78,right_only,,False
2019-11-05,,14789.61,right_only,,False
2019-11-06,,14709.79,right_only,,False
2019-11-07,,14795.87,right_only,,False
2019-11-11,,14769.95,right_only,,False
2019-11-12,,14669.98,right_only,,False
2019-11-13,,14607.69,right_only,,False
2019-11-14,,14545.54,right_only,,False
2019-11-17,,14556.32,right_only,,False
2019-11-18,,14378.59,right_only,,False
2019-11-19,,14313.46,right_only,,False
2019-11-20,,14224.38,right_only,,False
2019-11-21,,14094.58,right_only,,False
2019-11-24,,14050.16,right_only,,False
2019-11-25,,13974.14,right_only,,False
2019-11-26,,13781.96,right_only,,False
2019-11-27,,13759.7,right_only,,False
2019-11-28,,13849.46,right_only,,False
2019-12-01,,13780.63,right_only,,False
2019-12-02,,13537.8,right_only,,False
2019-12-03,,13469.6,right_only,,False
2019-12-04,,13635.52,right_only,,False
2019-12-05,,13622.13,right_only,,False
2019-12-08,,13493.69,right_only,,False
2019-12-09,,13442.52,right_only,,False
2019-12-10,,13509.02,right_only,,False
2019-12-11,,13427.22,right_only,,False
2019-12-12,,13358.47,right_only,,False
2019-12-15,,13433.54,right_only,,False
2019-12-16,,13404.42,right_only,,False
2019-12-17,,13627.19,right_only,,False
2019-12-18,,13793.99,right_only,,False
2019-12-19,,13837.19,right_only,,False
2019-12-22,,13892.65,right_only,,False
2019-12-23,,13902.43,right_only,,False
2019-12-24,,13805.43,right_only,,False
2019-12-25,,13747.68,right_only,,False
2019-12-26,,13884.95,right_only,,False
2019-12-29,,13812.98,right_only,,False
2019-12-30,,13937.26,right_only,,False
2019-12-31,,13961.56,right_only,,False
2020-01-02,,13899.54,right_only,,False
2020-01-05,,13283.66,right_only,,False
2020-01-06,,13212.66,right_only,,False
2020-01-08,,13542.48,right_only,,False
2020-01-09,,13729.81,right_only,,False
2020-01-12,,13802.57,right_only,,False
2020-01-13,,13698.64,right_only,,False
2020-01-14,,13756.64,right_only,,False
2020-01-15,,13769.64,right_only,,False
2020-01-16,,13824.16,right_only,,False
2020-01-19,,13918.18,right_only,,False
2020-01-20,,13773.73,right_only,,False
2020-01-21,,13639.72,right_only,,False
2020-01-22,,13752.11,right_only,,False
2020-01-23,,13728.09,right_only,,False
2020-01-26,,13721.45,right_only,,False
2020-01-27,,13639.69,right_only,,False
2020-01-28,,13620.58,right_only,,False
2020-01-29,,13762.84,right_only,,False
2020-01-30,,13918.84,right_only,,False
2020-02-02,,13888.89,right_only,,False
2020-02-03,,13878.33,right_only,,False
2020-02-04,,13915.05,right_only,,False
2020-02-05,,13987.16,right_only,,False
2020-02-06,,14105.86,right_only,,False
2020-02-09,,14108.24,right_only,,False
2020-02-10,,13979.36,right_only,,False
2020-02-11,,14009.32,right_only,,False
2020-02-12,,13845.16,right_only,,False
2020-02-13,,13859.45,right_only,,False
2020-02-16,,13737.4,right_only,,False
2020-02-17,,13800.25,right_only,,False
2020-02-18,,13636.93,right_only,,False
2020-02-19,,13694.99,right_only,,False
2020-02-20,,13720.65,right_only,,False
2020-02-23,,13688.05,right_only,,False
2020-02-24,,13441.86,right_only,,False
2020-02-25,,13328.26,right_only,,False
2020-02-26,,13200.66,right_only,,False
2020-02-27,,13008.94,right_only,,False
2020-03-01,,12222.59,right_only,,False
2020-03-02,,12289.87,right_only,,False
2020-03-03,,12419.52,right_only,,False
2020-03-04,,12182.46,right_only,,False
2020-03-05,,12347.65,right_only,,False
2020-03-08,,11849.39,right_only,,False
2020-03-09,,10983.48,right_only,,False
2020-03-10,,11199.96,right_only,,False
2020-03-11,,11194.12,right_only,,False
2020-03-15,,10148.34,right_only,,False
2020-03-16,,9428.94,right_only,,False
2020-03-17,,9201.65,right_only,,False
2020-03-18,,8756.7,right_only,,False
2020-03-19,,9205.58,right_only,,False
2020-03-22,,9750.66,right_only,,False
2020-03-23,,10047.44,right_only,,False
2020-03-24,,9770.48,right_only,,False
2020-03-25,,9865.67,right_only,,False
2020-03-26,,9912.98,right_only,,False
2020-03-29,,9760.18,right_only,,False
2020-03-30,,9521.43,right_only,,False
2020-03-31,,9593.94,right_only,,False
2020-04-01,,9424.89,right_only,,False
2020-04-02,,9455.38,right_only,,False
2020-04-05,,9272.88,right_only,,False
2020-04-06,,9446.99,right_only,,False
2020-04-07,,9840.62,right_only,,False
2020-04-08,,10095.57,right_only,,False
2020-04-09,,10321.97,right_only,,False
2020-04-12,,10237.47,right_only,,False
2020-04-13,,10353.72,right_only,,False
2020-04-14,,10458.16,right_only,,False
2020-04-15,,10342.13,right_only,,False
2020-04-16,,10154.64,right_only,,False
2020-04-21,,9874.94,right_only,,False
2020-04-22,,9801.33,right_only,,False
2020-04-23,,10120.46,right_only,,False
2020-04-26,,10377.24,right_only,,False
2020-04-27,,10376.0,right_only,,False
2020-04-28,,10415.12,right_only,,False
2020-04-29,,10545.26,right_only,,False
2020-04-30,,10554.04,right_only,,False
2020-05-03,,10199.85,right_only,,False
2020-05-04,,10081.96,right_only,,False
2020-05-05,,10188.31,right_only,,False
2020-05-06,,10293.95,right_only,,False
2020-05-07,,10176.73,right_only,,False
2020-05-10,,10257.75,right_only,,False
2020-05-11,,10296.33,right_only,,False
2020-05-12,,10588.36,right_only,,False
2020-05-13,,10396.28,right_only,,False
2020-05-14,,10287.21,right_only,,False
2020-05-17,,10357.44,right_only,,False
2020-05-18,,10278.93,right_only,,False
2020-05-19,,10357.24,right_only,,False
2020-05-20,,10205.4,right_only,,False
2020-05-21,,10109.91,right_only,,False
2020-05-31,,10220.14,right_only,,False
2020-06-01,,10227.38,right_only,,False
2020-06-02,,10338.71,right_only,,False
2020-06-03,,10424.1,right_only,,False
2020-06-04,,10621.14,right_only,,False
2020-06-07,,11108.62,right_only,,False
2020-06-08,,11146.53,right_only,,False
2020-06-09,,11063.04,right_only,,False
2020-06-10,,10933.58,right_only,,False
2020-06-11,,10831.92,right_only,,False
2020-06-14,,10731.17,right_only,,False
2020-06-15,,10668.42,right_only,,False
2020-06-16,,10935.32,right_only,,False
2020-06-17,,10905.75,right_only,,False
2020-06-18,,10857.87,right_only,,False
2020-06-21,,10823.91,right_only,,False
2020-06-22,,10742.36,right_only,,False
2020-06-23,,10764.82,right_only,,False
2020-06-24,,11039.54,right_only,,False
2020-06-25,,10890.48,right_only,,False
2020-06-28,,10848.65,right_only,,False
2020-06-29,,10750.1,right_only,,False
2020-06-30,,10764.59,right_only,,False
2020-07-05,,10959.35,right_only,,False
2020-07-06,,11087.64,right_only,,False
2020-07-07,,11050.2,right_only,,False
2020-07-08,,11127.85,right_only,,False
2020-07-09,,10957.02,right_only,,False
2020-07-12,,11071.96,right_only,,False
2020-07-13,,11007.85,right_only,,False
2020-07-14,,10873.53,right_only,,False
2020-07-15,,10617.42,right_only,,False
2020-07-16,,10441.2,right_only,,False
2020-07-19,,10281.16,right_only,,False
2020-07-20,,10380.45,right_only,,False
2020-07-21,,10558.35,right_only,,False
2020-07-22,,10459.92,right_only,,False
2020-07-26,,10524.45,right_only,,False
2020-07-27,,10575.47,right_only,,False
2020-07-28,,10568.84,right_only,,False
2020-07-29,,10599.46,right_only,,False
2020-08-04,,10620.1,right_only,,False
2020-08-05,,10704.33,right_only,,False
2020-08-06,,10817.29,right_only,,False
2020-08-09,,10962.52,right_only,,False
2020-08-10,,10938.23,right_only,,False
2020-08-11,,10919.47,right_only,,False
2020-08-12,,10922.33,right_only,,False
2020-08-13,,10944.18,right_only,,False
2020-08-16,,11120.26,right_only,,False
2020-08-17,,11142.77,right_only,,False
2020-08-18,,11077.11,right_only,,False
2020-08-19,,11160.05,right_only,,False
2020-08-23,,11391.08,right_only,,False
2020-08-24,,11433.76,right_only,,False
2020-08-25,,11461.62,right_only,,False
2020-08-26,,11453.78,right_only,,False
2020-08-27,,11462.45,right_only,,False
2020-08-30,,11434.81,right_only,,False
2020-08-31,,11365.99,right_only,,False
2020-09-01,,11233.94,right_only,,False
2020-09-02,,11214.22,right_only,,False
2020-09-03,,11180.81,right_only,,False
2020-09-06,,11073.02,right_only,,False
2020-09-07,,11136.03,right_only,,False
2020-09-08,,10951.29,right_only,,False
2020-09-09,,10929.89,right_only,,False
2020-09-10,,11070.84,right_only,,False
2020-09-13,,11091.67,right_only,,False
2020-09-14,,11034.38,right_only,,False
2020-09-15,,11028.06,right_only,,False
2020-09-16,,11088.2,right_only,,False
2020-09-17,,11050.89,right_only,,False
2020-09-20,,10969.32,right_only,,False
2020-09-21,,10910.37,right_only,,False
2020-09-22,,10963.01,right_only,,False
2020-09-23,,10979.44,right_only,,False
2020-09-24,,10911.44,right_only,,False
2020-09-27,,10902.22,right_only,,False
2020-09-28,,10969.94,right_only,,False
2020-09-29,,10987.19,right_only,,False
2020-09-30,,10989.27,right_only,,False
2020-10-01,,11051.3,right_only,,False
2020-10-04,,11071.46,right_only,,False
2020-10-05,,11007.69,right_only,,False
2020-10-06,,11146.18,right_only,,False
2020-10-07,,11326.98,right_only,,False
2020-10-11,,11360.37,right_only,,False
2020-10-12,,11397.65,right_only,,False
2020-10-13,,11291.81,right_only,,False
2020-10-14,,11333.91,right_only,,False
2020-10-15,,11322.71,right_only,,False
2020-10-18,,11185.15,right_only,,False
2020-10-19,,11171.36,right_only,,False
2020-10-20,,11157.62,right_only,,False
2020-10-21,,11101.63,right_only,,False
2020-10-22,,10987.43,right_only,,False
2020-10-25,,10602.98,right_only,,False
2020-10-26,,10511.94,right_only,,False
2020-10-27,,10559.71,right_only,,False
2020-10-28,,10515.25,right_only,,False
2020-11-01,,10456.33,right_only,,False
2020-11-02,,10429.34,right_only,,False
2020-11-03,,10512.16,right_only,,False
2020-11-04,,10556.89,right_only,,False
2020-11-05,,10629.29,right_only,,False
2020-11-08,,10680.27,right_only,,False
2020-11-09,,10838.66,right_only,,False
2020-11-10,,11077.25,right_only,,False
2020-11-11,,10997.65,right_only,,False
2020-11-12,,11017.28,right_only,,False
2020-11-15,,10953.13,right_only,,False
2020-11-16,,10991.61,right_only,,False
2020-11-17,,11063.98,right_only,,False
2020-11-18,,10989.72,right_only,,False
2020-11-19,,10898.67,right_only,,False
2020-11-22,,10858.26,right_only,,False
2020-11-23,,10885.11,right_only,,False
2020-11-24,,10997.35,right_only,,False
2020-11-25,,11068.44,right_only,,False
2020-11-26,,10980.96,right_only,,False
2020-11-29,,11009.27,right_only,,False
2020-11-30,,10943.35,right_only,,False
2020-12-01,,11040.78,right_only,,False
2020-12-02,,11023.34,right_only,,False
2020-12-03,,11015.01,right_only,,False
2020-12-06,,11024.84,right_only,,False
2020-12-07,,10995.13,right_only,,False
2020-12-08,,11019.08,right_only,,False
2020-12-09,,11018.09,right_only,,False
2020-12-10,,10987.39,right_only,,False
2020-12-13,,11003.77,right_only,,False
2020-12-14,,11047.97,right_only,,False
2020-12-15,,11057.62,right_only,,False
2020-12-16,,10983.03,right_only,,False
2020-12-17,,10844.58,right_only,,False
2020-12-20,,10890.3,right_only,,False
2020-12-21,,10581.76,right_only,,False
2020-12-22,,10655.91,right_only,,False
2020-12-23,,10677.51,right_only,,False
2020-12-24,,10683.86,right_only,,False
2020-12-27,,10585.56,right_only,,False
2020-12-28,,10658.55,right_only,,False
2020-12-29,,10736.88,right_only,,False
2020-12-30,,10867.76,right_only,,False
2020-12-31,,10845.26,right_only,,False
2021-01-03,,10845.03,right_only,,False
2021-01-04,,10813.78,right_only,,False
2021-01-05,,10829.96,right_only,,False
2021-01-06,,10952.14,right_only,,False
2021-01-10,,11213.48,right_only,,False
2021-01-11,,11278.72,right_only,,False
2021-01-12,,11339.75,right_only,,False
2021-01-13,,11388.9,right_only,,False
2021-01-14,,11453.43,right_only,,False
2021-01-17,,11446.53,right_only,,False
2021-01-18,,11450.54,right_only,,False
2021-01-19,,11485.8,right_only,,False
2021-01-20,,11598.9,right_only,,False
2021-01-21,,11654.58,right_only,,False
2021-01-24,,11525.25,right_only,,False
2021-01-25,,11509.63,right_only,,False
2021-01-26,,11527.34,right_only,,False
2021-01-27,,11578.84,right_only,,False
2021-01-31,,11546.15,right_only,,False
2021-02-01,,11589.34,right_only,,False
2021-02-02,,11637.55,right_only,,False
2021-02-03,,11619.14,right_only,,False
2021-02-04,,11598.85,right_only,,False
2021-02-07,,11602.78,right_only,,False
2021-02-08,,11523.06,right_only,,False
2021-02-09,,11447.73,right_only,,False
2021-02-10,,11545.03,right_only,,False
2021-02-11,,11546.32,right_only,,False
2021-02-14,,11506.72,right_only,,False
2021-02-15,,11526.77,right_only,,False
2021-02-16,,11534.05,right_only,,False
2021-02-17,,11413.17,right_only,,False
2021-02-18,,11380.55,right_only,,False
2021-02-21,,11425.85,right_only,,False
2021-02-22,,11549.97,right_only,,False
2021-02-23,,11416.74,right_only,,False
2021-02-24,,11435.43,right_only,,False
2021-02-25,,11617.91,right_only,,False
2021-02-28,,11525.02,right_only,,False
2021-03-01,,11521.38,right_only,,False
2021-03-02,,11471.39,right_only,,False
2021-03-03,,11393.25,right_only,,False
2021-03-04,,11333.86,right_only,,False
2021-03-07,,11557.85,right_only,,False
2021-03-08,,11459.51,right_only,,False
2021-03-09,,11337.46,right_only,,False
2021-03-10,,11235.6,right_only,,False
2021-03-11,,11261.35,right_only,,False
2021-03-14,,11289.57,right_only,,False
2021-03-15,,11222.33,right_only,,False
2021-03-16,,11190.8,right_only,,False
2021-03-17,,11068.37,right_only,,False
2021-03-18,,10918.4,right_only,,False
2021-03-21,,10802.29,right_only,,False
2021-03-22,,10537.22,right_only,,False
2021-03-23,,10471.36,right_only,,False
2021-03-24,,10702.18,right_only,,False
2021-03-25,,10870.46,right_only,,False
2021-03-28,,10867.69,right_only,,False
2021-03-29,,10738.42,right_only,,False
2021-03-30,,10739.69,right_only,,False
2021-03-31,,10568.37,right_only,,False
2021-04-01,,10564.88,right_only,,False
2021-04-04,,10417.15,right_only,,False
2021-04-05,,10256.92,right_only,,False
2021-04-06,,10263.22,right_only,,False
2021-04-07,,10227.67,right_only,,False
2021-04-08,,10303.55,right_only,,False
2021-04-11,,10393.13,right_only,,False
2021-04-12,,10450.09,right_only,,False
2021-04-13,,10305.81,right_only,,False
2021-04-14,,10115.51,right_only,,False
2021-04-15,,10143.21,right_only,,False
2021-04-18,,10358.26,right_only,,False
2021-04-19,,10441.0,right_only,,False
2021-04-20,,10620.05,right_only,,False
2021-04-21,,10642.49,right_only,,False
2021-04-22,,10600.07,right_only,,False
2021-04-25,,10604.28,right_only,,False
2021-04-26,,10525.84,right_only,,False
2021-04-27,,10591.42,right_only,,False
2021-04-28,,10475.26,right_only,,False
2021-05-04,,10465.59,right_only,,False
2021-05-05,,10512.84,right_only,,False
2021-05-06,,10588.09,right_only,,False
2021-05-09,,10643.63,right_only,,False
2021-05-10,,10686.03,right_only,,False
2021-05-11,,10767.84,right_only,,False
2021-05-17,,10674.67,right_only,,False
2021-05-18,,10780.9,right_only,,False
2021-05-19,,10806.23,right_only,,False
2021-05-20,,10731.96,right_only,,False
2021-05-23,,10812.06,right_only,,False
2021-05-24,,10760.95,right_only,,False
2021-05-25,,10531.83,right_only,,False
2021-05-26,,10369.57,right_only,,False
2021-05-27,,10242.3,right_only,,False
2021-05-30,,10301.58,right_only,,False
2021-05-31,,10309.06,right_only,,False
2021-06-01,,10240.21,right_only,,False
2021-06-02,,10120.95,right_only,,False
2021-06-03,,10054.81,right_only,,False
2021-06-06,,10122.44,right_only,,False
2021-06-07,,10105.04,right_only,,False
2021-06-08,,9963.91,right_only,,False
2021-06-09,,10042.18,right_only,,False
2021-06-10,,9977.9,right_only,,False
2021-06-13,,9887.19,right_only,,False
2021-06-14,,9933.35,right_only,,False
2021-06-15,,9891.18,right_only,,False
2021-06-16,,9880.49,right_only,,False
2021-06-17,,9865.59,right_only,,False
2021-06-20,,9797.91,right_only,,False
2021-06-21,,10061.58,right_only,,False
2021-06-22,,10206.24,right_only,,False
2021-06-23,,10272.72,right_only,,False
2021-06-24,,10278.86,right_only,,False
2021-06-27,,10305.02,right_only,,False
2021-06-28,,10273.92,right_only,,False
2021-06-29,,10123.06,right_only,,False
2021-06-30,,10256.62,right_only,,False
2021-07-04,,10345.66,right_only,,False
2021-07-05,,10348.29,right_only,,False
2021-07-06,,10154.79,right_only,,False
2021-07-07,,10277.25,right_only,,False
2021-07-08,,10184.8,right_only,,False
2021-07-11,,10153.47,right_only,,False
2021-07-12,,10233.7,right_only,,False
2021-07-13,,10431.99,right_only,,False
2021-07-14,,10602.41,right_only,,False
2021-07-15,,10561.28,right_only,,False
2021-07-18,,10646.85,right_only,,False
2021-07-25,,10745.69,right_only,,False
2021-07-26,,10697.32,right_only,,False
2021-07-27,,10763.26,right_only,,False
2021-07-28,,10769.22,right_only,,False
2021-07-29,,10742.23,right_only,,False
2021-08-01,,10810.21,right_only,,False
2021-08-02,,10821.88,right_only,,False
2021-08-03,,10726.33,right_only,,False
2021-08-04,,10718.89,right_only,,False
2021-08-05,,10723.18,right_only,,False
2021-08-08,,10738.67,right_only,,False
2021-08-09,,10800.39,right_only,,False
2021-08-10,,10853.83,right_only,,False
2021-08-11,,10884.5,right_only,,False
2021-08-15,,11029.56,right_only,,False
2021-08-16,,11046.15,right_only,,False
2021-08-17,,10937.69,right_only,,False
2021-08-18,,10907.96,right_only,,False
2021-08-19,,10808.7,right_only,,False
2021-08-22,,10690.79,right_only,,False
2021-08-23,,10884.29,right_only,,False
2021-08-24,,10950.24,right_only,,False
2021-08-25,,11064.43,right_only,,False
2021-08-26,,11125.55,right_only,,False
2021-08-29,,11113.74,right_only,,False
2021-08-30,,11163.23,right_only,,False
2021-08-31,,11143.8,right_only,,False
2021-09-01,,11283.7,right_only,,False
2021-09-02,,11301.36,right_only,,False
2021-09-05,,11095.89,right_only,,False
2021-09-06,,11064.17,right_only,,False
2021-09-07,,11089.8,right_only,,False
2021-09-08,,11135.48,right_only,,False
2021-09-09,,11056.27,right_only,,False
2021-09-12,,11036.93,right_only,,False
2021-09-13,,11140.22,right_only,,False
2021-09-14,,11187.82,right_only,,False
2021-09-15,,11149.36,right_only,,False
2021-09-16,,10996.76,right_only,,False
2021-09-19,,10889.65,right_only,,False
2021-09-20,,10710.56,right_only,,False
2021-09-21,,10498.52,right_only,,False
2021-09-22,,10596.06,right_only,,False
2021-09-23,,10642.02,right_only,,False
2021-09-26,,10649.76,right_only,,False
2021-09-27,,10496.0,right_only,,False
2021-09-28,,10446.78,right_only,,False
2021-09-29,,10391.14,right_only,,False
2021-09-30,,10517.03,right_only,,False
2021-10-03,,10366.44,right_only,,False
2021-10-04,,10427.44,right_only,,False
2021-10-05,,10432.63,right_only,,False
2021-10-06,,10536.39,right_only,,False
2021-10-10,,10662.96,right_only,,False
2021-10-11,,10714.78,right_only,,False
2021-10-12,,10783.92,right_only,,False
2021-10-13,,10881.4,right_only,,False
2021-10-14,,10995.59,right_only,,False
2021-10-17,,11155.57,right_only,,False
2021-10-18,,11276.17,right_only,,False
2021-10-19,,11195.05,right_only,,False
2021-10-20,8.460000038146973,11132.07,both,-11123.61,False
2021-10-24,8.539999961853027,11185.88,both,-11177.34,False
2021-10-25,8.510000228881836,11178.0,both,-11169.49,False
2021-10-26,8.5600004196167,11256.54,both,-11247.98,False
2021-10-27,8.569999694824219,11364.2,both,-11355.63,False
2021-10-28,8.600000381469727,11506.63,both,-11498.03,False
2021-10-31,8.579999923706055,11420.19,both,-11411.61,False
2021-11-01,8.600000381469727,11568.27,both,-11559.67,False
2021-11-02,8.739999771118164,11676.38,both,-11667.64,False
2021-11-03,8.5,11685.12,both,-11676.62,False
2021-11-04,8.34000015258789,11612.84,both,-11604.5,False
2021-11-07,8.34000015258789,11555.58,both,-11547.24,False
2021-11-08,8.34000015258789,11497.51,both,-11489.17,False
2021-11-09,8.34000015258789,11588.42,both,-11580.08,False
2021-11-10,8.199999809265137,11480.5,both,-11472.3,False
2021-11-11,8.369999885559082,11573.14,both,-11564.77,False
2021-11-14,8.359999656677246,11662.99,both,-11654.63,False
2021-11-15,8.300000190734863,11496.63,both,-11488.33,False
2021-11-16,8.199999809265137,11413.21,both,-11405.01,False
2021-11-17,8.220000267028809,11453.3,both,-11445.08,False
2021-11-18,8.199999809265137,11337.99,both,-11329.79,False
2021-11-21,8.0,11273.11,both,-11265.11,False
2021-11-22,8.100000381469727,11359.03,both,-11350.93,False
2021-11-23,8.220000267028809,11369.22,both,-11361.0,False
2021-11-24,8.359999656677246,11352.64,both,-11344.28,False
2021-11-25,8.5600004196167,11431.24,both,-11422.68,False
2021-11-28,8.5600004196167,11277.83,both,-11269.27,False
2021-11-29,8.300000190734863,11212.3,both,-11204.0,False
2021-11-30,8.300000190734863,11395.6,both,-11387.3,False
2021-12-01,8.300000190734863,11420.0,both,-11411.7,False
2021-12-02,8.449999809265137,11318.35,both,-11309.9,False
2021-12-05,8.5,11401.33,both,-11392.83,False
2021-12-06,8.699999809265137,11514.87,both,-11506.17,False
2021-12-07,8.739999771118164,11538.26,both,-11529.52,False
2021-12-08,8.960000038146973,11451.14,both,-11442.18,False
2021-12-09,9.15999984741211,11534.63,both,-11525.47,False
2021-12-12,9.329999923706056,11708.05,both,-11698.72,False
2021-12-13,9.359999656677246,11700.4,both,-11691.04,False
2021-12-14,9.359999656677246,11618.01,both,-11608.65,False
2021-12-15,9.600000381469728,11622.1,both,-11612.5,False
2021-12-16,9.600000381469728,11667.73,both,-11658.13,False
2021-12-19,9.5,11565.72,both,-11556.22,False
2021-12-20,9.489999771118164,11482.43,both,-11472.94,False
2021-12-21,9.359999656677246,11524.66,both,-11515.3,False
2021-12-22,9.56999969482422,11630.63,both,-11621.06,False
2021-12-23,9.800000190734863,11755.46,both,-11745.66,False
2021-12-26,9.90999984741211,11856.21,both,-11846.3,False
2021-12-27,9.699999809265137,11849.79,both,-11840.09,False
2021-12-28,9.670000076293944,11913.44,both,-11903.77,False
2021-12-29,9.789999961853027,11898.42,both,-11888.63,False
2021-12-30,9.829999923706056,11949.18,both,-11939.35,False
2022-01-02,9.710000038146973,11909.72,both,-11900.01,False
2022-01-03,9.699999809265137,11897.4,both,-11887.7,False
2022-01-04,9.68000030517578,11982.61,both,-11972.93,False
2022-01-05,9.9399995803833,12043.42,both,-12033.48,False
2022-01-09,9.9399995803833,11978.56,both,-11968.62,False
2022-01-10,9.880000114440918,12022.69,both,-12012.81,False
2022-01-11,9.789999961853027,12002.08,both,-11992.29,False
2022-01-12,9.600000381469728,12060.0,both,-12050.4,False
2022-01-13,9.600000381469728,12012.31,both,-12002.71,False
2022-01-16,9.489999771118164,11830.94,both,-11821.45,False
2022-01-17,9.449999809265137,11859.12,both,-11849.67,False
2022-01-18,9.449999809265137,11876.44,both,-11866.99,False
2022-01-19,9.350000381469728,11715.01,both,-11705.66,False
2022-01-20,9.260000228881836,11731.71,both,-11722.45,False
2022-01-23,9.079999923706056,11655.72,both,-11646.64,False
2022-01-24,9.100000381469728,11616.13,both,-11607.03,False
2022-01-25,9.050000190734863,11542.43,both,-11533.38,False
2022-01-26,9.029999732971191,11499.85,both,-11490.82,False
2022-01-30,9.050000190734863,11457.46,both,-11448.41,False
2022-01-31,9.1899995803833,11490.45,both,-11481.26,False
2022-02-01,9.300000190734863,11603.33,both,-11594.03,False
2022-02-02,9.34000015258789,11691.82,both,-11682.48,False
2022-02-03,9.390000343322754,11638.06,both,-11628.67,False
2022-02-06,9.600000381469728,11689.55,both,-11679.95,False
2022-02-07,9.380000114440918,11548.61,both,-11539.23,False
2022-02-08,9.399999618530272,11527.9,both,-11518.5,False
2022-02-09,9.350000381469728,11596.29,both,-11586.94,False
2022-02-10,8.829999923706055,11578.54,both,-11569.71,False
2022-02-13,8.600000381469727,11438.12,both,-11429.52,False
2022-02-14,8.550000190734863,11403.34,both,-11394.79,False
2022-02-15,8.670000076293945,11563.38,both,-11554.71,False
2022-02-16,8.510000228881836,11568.14,both,-11559.63,False
2022-02-17,8.520000457763672,11535.02,both,-11526.5,False
2022-02-20,8.399999618530273,11371.21,both,-11362.81,False
2022-02-21,8.460000038146973,11501.92,both,-11493.46,False
2022-02-22,8.34000015258789,11302.49,both,-11294.15,False
2022-02-23,8.399999618530273,11301.08,both,-11292.68,False
2022-02-24,8.0,10890.88,both,-10882.88,False
2022-02-27,8.199999809265137,11174.09,both,-11165.89,False
2022-02-28,8.300000190734863,11138.86,both,-11130.56,False
2022-03-01,8.390000343322754,11275.78,both,-11267.39,False
2022-03-02,8.260000228881836,11189.29,both,-11181.03,False
2022-03-03,8.220000267028809,11305.55,both,-11297.33,False
2022-03-06,8.050000190734863,11094.66,both,-11086.61,False
2022-03-07,7.789999961853027,10701.14,both,-10693.35,False
2022-03-08,7.789999961853027,10396.83,both,-10389.04,False
2022-03-09,7.679999828338623,10415.73,both,-10408.05,False
2022-03-10,7.699999809265137,10453.59,both,-10445.89,False
2022-03-13,7.53000020980835,10480.67,both,-10473.14,False
2022-03-14,7.579999923706055,10419.56,both,-10411.98,False
2022-03-15,7.489999771118164,10423.09,both,-10415.6,False
2022-03-16,7.670000076293945,10705.6,both,-10697.93,False
2022-03-17,7.739999771118164,10726.44,both,-10718.7,False
2022-03-20,7.78000020980835,10973.72,both,-10965.94,False
2022-03-21,8.5,11511.15,both,-11502.65,False
2022-03-22,8.319999694824219,11663.32,both,-11655.0,False
2022-03-23,8.539999961853027,11743.91,both,-11735.37,False
2022-03-24,8.380000114440918,11709.16,both,-11700.78,False
2022-03-27,8.479999542236328,11545.61,both,-11537.13,False
2022-03-28,7.900000095367432,11240.79,both,-11232.89,False
2022-03-29,8.010000228881836,11393.54,both,-11385.53,False
2022-03-30,8.0,11239.21,both,-11231.21,False
2022-03-31,8.260000228881836,11238.48,both,-11230.22,False
2022-04-03,8.59000015258789,11562.21,both,-11553.62,False
2022-04-04,8.699999809265137,11529.18,both,-11520.48,False
2022-04-05,8.399999618530273,11380.85,both,-11372.45,False
2022-04-06,8.289999961853027,11347.96,both,-11339.67,False
2022-04-07,8.25,11101.94,both,-11093.69,False
2022-04-10,7.940000057220459,10897.61,both,-10889.67,False
2022-04-11,7.71999979019165,10728.66,both,-10720.94,False
2022-04-12,7.599999904632568,10898.69,both,-10891.09,False
2022-04-13,7.599999904632568,10847.46,both,-10839.86,False
2022-04-14,7.510000228881836,10679.55,both,-10672.04,False
2022-04-17,7.349999904632568,10707.93,both,-10700.58,False
2022-04-18,7.380000114440918,10724.8,both,-10717.42,False
2022-04-19,7.429999828338623,10626.81,both,-10619.38,False
2022-04-20,7.340000152587891,10444.76,both,-10437.42,False
2022-04-21,7.480000019073486,10548.14,both,-10540.66,False
2022-04-26,7.449999809265137,10682.08,both,-10674.63,False
2022-04-27,7.46999979019165,10718.22,both,-10710.75,False
2022-04-28,7.829999923706055,11047.7,both,-11039.87,False
2022-05-08,8.210000038146973,11109.22,both,-11101.01,False
2022-05-09,7.920000076293945,10906.72,both,-10898.8,False
2022-05-10,7.860000133514404,10811.45,both,-10803.59,False
2022-05-11,8.020000457763672,10855.93,both,-10847.91,False
2022-05-12,7.809999942779541,10678.98,both,-10671.17,False
2022-05-15,7.599999904632568,10534.22,both,-10526.62,False
2022-05-16,7.53000020980835,10461.88,both,-10454.35,False
2022-05-17,7.46999979019165,10438.95,both,-10431.48,False
2022-05-18,7.360000133514404,10467.63,both,-10460.27,False
2022-05-19,7.340000152587891,10549.97,both,-10542.63,False
2022-05-22,7.309999942779541,10462.74,both,-10455.43,False
2022-05-23,7.28000020980835,10514.95,both,-10507.67,False
2022-05-24,7.210000038146973,10415.54,both,-10408.33,False
2022-05-25,7.170000076293945,10247.43,both,-10240.26,False
2022-05-26,7.059999942779541,10200.56,both,-10193.5,False
2022-05-29,7.03000020980835,10086.72,both,-10079.69,False
2022-05-30,7.090000152587891,10109.36,both,-10102.27,False
2022-05-31,7.25,10150.05,both,-10142.8,False
2022-06-01,7.130000114440918,10083.98,both,-10076.85,False
2022-06-02,7.159999847412109,10007.51,both,-10000.35,False
2022-06-05,7.159999847412109,9986.0,both,-9978.84,False
2022-06-06,7.199999809265137,9984.92,both,-9977.72,False
2022-06-07,7.159999847412109,10048.36,both,-10041.2,False
2022-06-08,7.309999942779541,10236.06,both,-10228.75,False
2022-06-09,7.309999942779541,10235.43,both,-10228.12,False
2022-06-12,7.349999904632568,10097.55,both,-10090.2,False
2022-06-13,7.300000190734863,10014.85,both,-10007.55,False
2022-06-14,7.260000228881836,9981.22,both,-9973.96,False
2022-06-15,7.230000019073486,9969.97,both,-9962.74,False
2022-06-16,7.210000038146973,9866.75,both,-9859.54,False
2022-06-19,7.099999904632568,9728.19,both,-9721.09,False
2022-06-20,7.010000228881836,9680.18,both,-9673.17,False
2022-06-21,7.0,9697.88,both,-9690.88,False
2022-06-22,6.960000038146973,9612.9,both,-9605.94,False
2022-06-23,6.800000190734863,9439.85,both,-9433.05,False
2022-06-26,6.699999809265137,9443.75,both,-9437.05,False
2022-06-27,6.5,9255.43,both,-9248.93,False
2022-06-28,6.090000152587891,9179.63,both,-9173.54,False
2022-06-29,6.059999942779541,9225.61,both,-9219.55,False
2022-07-03,5.769999980926514,9008.89,both,-9003.12,False
2022-07-04,5.610000133514404,8685.74,both,-8680.13,False
2022-07-05,5.590000152587891,8657.5,both,-8651.91,False
2022-07-06,5.949999809265137,8670.12,both,-8664.17,False
2022-07-07,6.050000190734863,8764.25,both,-8758.2,False
2022-07-17,6.130000114440918,8772.93,both,-8766.8,False
2022-07-18,6.230000019073486,8867.94,both,-8861.71,False
2022-07-19,6.309999942779541,9033.53,both,-9027.22,False
2022-07-20,6.289999961853027,9112.72,both,-9106.43,False
2022-07-21,6.449999809265137,9289.81,both,-9283.36,False
2022-07-24,6.449999809265137,9276.28,both,-9269.83,False
2022-07-25,6.550000190734863,9237.7,both,-9231.15,False
2022-07-26,6.690000057220459,9350.42,both,-9343.73,False
2022-07-27,6.550000190734863,9287.92,both,-9281.37,False
2022-07-28,6.599999904632568,9369.32,both,-9362.72,False
2022-07-31,6.739999771118164,9467.08,both,-9460.34,False
2022-08-01,6.699999809265137,9423.1,both,-9416.4,False
2022-08-02,6.730000019073486,9442.02,both,-9435.29,False
2022-08-03,6.71999979019165,9539.43,both,-9532.71,False
2022-08-04,7.179999828338623,10043.23,both,-10036.05,False
2022-08-07,7.300000190734863,10123.81,both,-10116.51,False
2022-08-08,7.190000057220459,10047.71,both,-10040.52,False
2022-08-09,7.119999885559082,9968.88,both,-9961.76,False
2022-08-10,7.190000057220459,9965.46,both,-9958.27,False
2022-08-11,7.230000019073486,9988.84,both,-9981.61,False
2022-08-14,7.28000020980835,9984.44,both,-9977.16,False
2022-08-15,7.210000038146973,9914.71,both,-9907.5,False
2022-08-16,7.159999847412109,9843.17,both,-9836.01,False
2022-08-17,7.289999961853027,10058.12,both,-10050.83,False
2022-08-18,7.289999961853027,10094.16,both,-10086.87,False
2022-08-21,7.630000114440918,10339.58,both,-10331.95,False
2022-08-22,7.559999942779541,10246.24,both,-10238.68,False
2022-08-23,7.559999942779541,10137.89,both,-10130.33,False
2022-08-24,7.429999828338623,10105.24,both,-10097.81,False
2022-08-25,7.699999809265137,10287.27,both,-10279.57,False
2022-08-28,7.559999942779541,10178.15,both,-10170.59,False
2022-08-29,7.329999923706055,10122.32,both,-10114.99,False
2022-08-30,7.199999809265137,10132.15,both,-10124.95,False
2022-08-31,7.099999904632568,9998.61,both,-9991.51,False
2022-09-01,7.079999923706055,9936.87,both,-9929.79,False
2022-09-04,7.199999809265137,9996.74,both,-9989.54,False
2022-09-05,7.429999828338623,10177.64,both,-10170.21,False
2022-09-06,7.800000190734863,10329.66,both,-10321.86,False
2022-09-07,7.590000152587891,10232.29,both,-10224.7,False
2022-09-08,7.570000171661377,10265.35,both,-10257.78,False
2022-09-11,7.840000152587891,10356.31,both,-10348.47,False
2022-09-12,7.880000114440918,10434.1,both,-10426.22,False
2022-09-13,7.840000152587891,10397.12,both,-10389.28,False
2022-09-14,7.769999980926514,10193.79,both,-10186.02,False
2022-09-15,7.400000095367432,10079.02,both,-10071.62,False
2022-09-18,7.139999866485596,9763.19,both,-9756.05,False
2022-09-19,7.210000038146973,9854.21,both,-9847.0,False
2022-09-20,7.579999923706055,10010.53,both,-10002.95,False
2022-09-21,7.449999809265137,9955.85,both,-9948.4,False
2022-09-22,7.519999980926514,9933.05,both,-9925.53,False
2022-09-25,7.550000190734863,9895.04,both,-9887.49,False
2022-09-26,7.539999961853027,9827.8,both,-9820.26,False
2022-09-27,7.539999961853027,9817.37,both,-9809.83,False
2022-09-28,7.46999979019165,9702.19,both,-9694.72,False
2022-09-29,7.539999961853027,9827.46,both,-9819.92,False
2022-10-02,7.570000171661377,9687.36,both,-9679.79,False
2022-10-03,7.429999828338623,9685.85,both,-9678.42,False
2022-10-04,7.690000057220459,9923.81,both,-9916.12,False
2022-10-05,7.659999847412109,10010.78,both,-10003.12,False
2022-10-09,7.5,9940.86,both,-9933.36,False
2022-10-10,7.539999961853027,9948.53,both,-9940.99,False
2022-10-11,7.449999809265137,9867.23,both,-9859.78,False
2022-10-12,7.0,9800.64,both,-9793.64,False
2022-10-13,7.239999771118164,9853.74,both,-9846.5,False
2022-10-16,7.480000019073486,10048.88,both,-10041.4,False
2022-10-17,7.639999866485596,10148.4,both,-10140.76,False
2022-10-18,7.800000190734863,10163.56,both,-10155.76,False
2022-10-19,7.760000228881836,10156.34,both,-10148.58,False
2022-10-20,7.900000095367432,10273.53,both,-10265.63,False
2022-10-23,7.940000057220459,10258.24,both,-10250.3,False
2022-10-24,8.020000457763672,10320.88,both,-10312.86,False
2022-10-25,7.960000038146973,10475.02,both,-10467.06,False
2022-10-26,7.960000038146973,10553.2,both,-10545.24,False
2022-10-27,8.5,11072.02,both,-11063.52,False
2022-10-30,8.380000114440918,11100.67,both,-11092.29,False
2022-10-31,8.520000457763672,11372.79,both,-11364.27,False
2022-11-01,8.600000381469727,11432.79,both,-11424.19,False
2022-11-02,8.5,11242.07,both,-11233.57,False
2022-11-03,8.390000343322754,11262.4,both,-11254.01,False
2022-11-06,8.199999809265137,11179.2,both,-11171.0,False
2022-11-07,8.289999961853027,11443.71,both,-11435.42,False
2022-11-08,8.199999809265137,11268.04,both,-11259.84,False
2022-11-09,8.289999961853027,11781.58,both,-11773.29,False
2022-11-10,8.399999618530273,11756.56,both,-11748.16,False
2022-11-13,8.470000267028809,11980.62,both,-11972.15,False
2022-11-14,8.5,12136.37,both,-12127.87,False
2022-11-15,8.40999984741211,12137.0,both,-12128.59,False
2022-11-16,8.710000038146973,12341.2,both,-12332.49,False
2022-11-17,8.930000305175781,12515.71,both,-12506.78,False
2022-11-20,9.170000076293944,12523.84,both,-12514.67,False
2022-11-21,8.899999618530273,12449.9,both,-12441.0,False
2022-11-22,8.6899995803833,12622.34,both,-12613.65,False
2022-11-23,8.699999809265137,12600.09,both,-12591.39,False
2022-11-24,9.039999961853027,12779.44,both,-12770.4,False
2022-11-27,9.479999542236328,13009.48,both,-13000.0,False
2022-11-28,9.399999618530272,12917.22,both,-12907.82,False
2022-11-29,9.399999618530272,13184.26,both,-13174.86,False
2022-11-30,9.25,13259.26,both,-13250.01,False
2022-12-01,9.489999771118164,13639.73,both,-13630.24,False
2022-12-04,9.970000267028809,14078.53,both,-14068.56,False
2022-12-05,10.350000381469728,14327.77,both,-14317.42,False
2022-12-06,11.31999969482422,14498.29,both,-14486.97,False
2022-12-07,11.829999923706056,14787.05,both,-14775.22,False
2022-12-08,12.539999961853027,14838.31,both,-14825.77,False
2022-12-11,11.960000038146973,14587.7,both,-14575.74,False
2022-12-12,11.960000038146973,14723.71,both,-14711.75,False
2022-12-13,12.460000038146973,15150.31,both,-15137.85,False
2022-12-14,12.670000076293944,15378.28,both,-15365.61,False
2022-12-15,12.25,15141.55,both,-15129.3,False
2022-12-18,11.93000030517578,14843.05,both,-14831.12,False
2022-12-19,12.09000015258789,14738.6,both,-14726.51,False
2022-12-20,11.619999885559082,14523.26,both,-14511.64,False
2022-12-21,11.630000114440918,14541.98,both,-14530.35,False
2022-12-22,11.270000457763672,14482.93,both,-14471.66,False
2022-12-25,10.800000190734863,14385.3,both,-14374.5,False
2022-12-26,11.68000030517578,14560.41,both,-14548.73,False
2022-12-27,11.890000343322754,14485.18,both,-14473.29,False
2022-12-28,12.210000038146973,14578.21,both,-14566.0,False
2022-12-29,12.0,14598.53,both,-14586.53,False
2023-01-02,12.109999656677246,14960.66,both,-14948.55,False
2023-01-03,12.399999618530272,15068.13,both,-15055.73,False
2023-01-04,13.0,15557.46,both,-15544.46,False
2023-01-05,13.619999885559082,16002.18,both,-15988.56,False
2023-01-09,13.600000381469728,16096.87,both,-16083.27,False
2023-01-10,12.890000343322754,15462.57,both,-15449.68,False
2023-01-11,12.890000343322754,15528.1,both,-15515.21,False
2023-01-12,12.75,15551.47,both,-15538.72,False
2023-01-15,13.420000076293944,15561.25,both,-15547.83,False
2023-01-16,13.550000190734863,15837.91,both,-15824.36,False
2023-01-17,13.399999618530272,15981.88,both,-15968.48,False
2023-01-18,12.84000015258789,15987.15,both,-15974.31,False
2023-01-19,12.760000228881836,16065.98,both,-16053.22,False
2023-01-22,13.029999732971191,16118.85,both,-16105.82,False
2023-01-23,12.899999618530272,16183.49,both,-16170.59,False
2023-01-24,12.800000190734863,16440.53,both,-16427.73,False
2023-01-25,13.40999984741211,16791.11,both,-16777.7,False
2023-01-29,13.649999618530272,17411.46,both,-17397.81,False
2023-01-30,13.399999618530272,17026.64,both,-17013.24,False
2023-01-31,12.789999961853027,16446.38,both,-16433.59,False
2023-02-01,12.800000190734863,16407.79,both,-16394.99,False
2023-02-02,12.029999732971191,16255.73,both,-16243.7,False
2023-02-05,11.93000030517578,16265.92,both,-16253.99,False
2023-02-06,11.960000038146973,16587.06,both,-16575.1,False
2023-02-07,12.199999809265137,16900.43,both,-16888.23,False
2023-02-08,12.40999984741211,16948.08,both,-16935.67,False
2023-02-09,12.949999809265137,17613.78,both,-17600.83,False
2023-02-12,13.229999542236328,17287.09,both,-17273.86,False
2023-02-13,13.119999885559082,17214.56,both,-17201.44,False
2023-02-14,13.65999984741211,17430.98,both,-17417.32,False
2023-02-15,13.5,17522.56,both,-17509.06,False
2023-02-16,14.289999961853027,17488.87,both,-17474.58,False
2023-02-19,14.229999542236328,17326.61,both,-17312.38,False
2023-02-20,13.399999618530272,16814.0,both,-16800.6,False
2023-02-21,13.600000381469728,17039.45,both,-17025.85,False
2023-02-22,13.079999923706056,16777.2,both,-16764.12,False
2023-02-23,13.25,17003.9,both,-16990.65,False
2023-02-26,13.579999923706056,17213.01,both,-17199.43,False
2023-02-27,13.4399995803833,17098.16,both,-17084.72,False
2023-02-28,13.800000190734863,17002.08,both,-16988.28,False
2023-03-01,14.130000114440918,17123.01,both,-17108.88,False
2023-03-02,14.039999961853027,16846.79,both,-16832.75,False
2023-03-05,13.960000038146973,16827.65,both,-16813.69,False
2023-03-06,14.300000190734863,16803.89,both,-16789.59,False
2023-03-07,13.800000190734863,16432.56,both,-16418.76,False
2023-03-08,13.420000076293944,16315.62,both,-16302.2,False
2023-03-09,13.75,16454.31,both,-16440.56,False
2023-03-12,12.81999969482422,15936.89,both,-15924.07,False
2023-03-13,12.460000038146973,15438.5,both,-15426.04,False
2023-03-14,12.800000190734863,15362.25,both,-15349.45,False
2023-03-15,11.65999984741211,14724.44,both,-14712.78,False
2023-03-16,12.0,14704.18,both,-14692.18,False
2023-03-19,11.770000457763672,14681.12,both,-14669.35,False
2023-03-20,12.130000114440918,14923.81,both,-14911.68,False
2023-03-21,13.020000457763672,15325.66,both,-15312.64,False
2023-03-22,12.8100004196167,15253.22,both,-15240.41,False
2023-03-23,13.100000381469728,15625.08,both,-15611.98,False
2023-03-26,13.899999618530272,15989.18,both,-15975.28,False
2023-03-27,14.0,15950.09,both,-15936.09,False
2023-03-28,14.90999984741211,15906.42,both,-15891.51,False
2023-03-29,15.449999809265137,16411.37,both,-16395.92,False
2023-03-30,15.0,16418.53,both,-16403.53,False
2023-04-02,15.869999885559082,16694.46,both,-16678.59,False
2023-04-03,16.059999465942383,17056.89,both,-17040.83,False
2023-04-04,15.890000343322754,16998.35,both,-16982.46,False
2023-04-05,15.770000457763672,17019.25,both,-17003.48,False
2023-04-06,15.829999923706056,16709.28,both,-16693.45,False
2023-04-09,16.1299991607666,16674.87,both,-16658.74,False
2023-04-10,16.989999771118164,16774.64,both,-16757.65,False
2023-04-11,17.18000030517578,17011.68,both,-16994.5,False
2023-04-12,17.40999984741211,16741.45,both,-16724.04,False
2023-04-13,17.450000762939453,17671.27,both,-17653.82,False
2023-04-18,17.479999542236328,17538.97,both,-17521.49,False
2023-04-19,17.1299991607666,17516.04,both,-17498.91,False
2023-04-26,17.469999313354492,17452.22,both,-17434.75,False
2023-04-27,18.239999771118164,17796.91,both,-17778.67,False
2023-04-30,17.709999084472656,17667.74,both,-17650.03,False
2023-05-01,17.709999084472656,17310.83,both,-17293.12,False
2023-05-02,17.0,17300.56,both,-17283.56,False
2023-05-03,17.09000015258789,17295.27,both,-17278.18,False
2023-05-07,16.8700008392334,17235.31,both,-17218.44,False
2023-05-08,17.649999618530273,17642.97,both,-17625.32,False
2023-05-09,17.200000762939453,17326.27,both,-17309.07,False
2023-05-10,17.5,17494.73,both,-17477.23,False
2023-05-11,17.100000381469727,17270.69,both,-17253.59,False
2023-05-14,17.700000762939453,17369.13,both,-17351.43,False
2023-05-15,17.399999618530273,17135.55,both,-17118.15,False
2023-05-16,17.579999923706055,17033.99,both,-17016.41,False
2023-05-17,16.920000076293945,16844.01,both,-16827.09,False
2023-05-18,16.579999923706055,16745.54,both,-16728.96,False
2023-05-21,16.489999771118164,16860.88,both,-16844.39,False
2023-05-22,16.059999465942383,16764.41,both,-16748.35,False
2023-05-23,16.149999618530273,16787.71,both,-16771.56,False
2023-05-24,16.270000457763672,17090.56,both,-17074.29,False
2023-05-25,16.420000076293945,17043.62,both,-17027.2,False
2023-05-28,16.860000610351562,17131.45,both,-17114.59,False
2023-05-29,17.219999313354492,17211.84,both,-17194.62,False
2023-05-30,17.780000686645508,17534.59,both,-17516.81,False
2023-05-31,19.299999237060547,17495.77,both,-17476.47,False
2023-06-01,18.809999465942383,17533.31,both,-17514.5,False
2023-06-04,18.600000381469727,17455.48,both,-17436.88,False
2023-06-05,18.32999992370605,17345.9,both,-17327.57,False
2023-06-06,18.270000457763672,17491.18,both,-17472.91,False
2023-06-07,17.899999618530273,17347.57,both,-17329.67,False
2023-06-08,18.100000381469727,17521.36,both,-17503.26,False
2023-06-11,18.88999938964844,17739.63,both,-17720.74,False
2023-06-12,18.61000061035156,17704.58,both,-17685.97,False
2023-06-13,19.299999237060547,17866.81,both,-17847.51,False
2023-06-14,19.299999237060547,17873.28,both,-17853.98,False
2023-06-15,18.940000534057617,17881.52,both,-17862.58,False
2023-06-18,19.799999237060547,18026.17,both,-18006.37,False
2023-06-19,20.0,17988.95,both,-17968.95,False
2023-06-20,20.399999618530277,17921.92,both,-17901.52,False
2023-06-21,20.5,17706.08,both,-17685.58,False
2023-06-22,20.899999618530277,17712.93,both,-17692.03,False
2023-06-25,19.700000762939453,17287.64,both,-17267.94,False
2023-06-26,20.3700008392334,17665.29,both,-17644.92,False
2023-07-04,19.36000061035156,17466.18,both,-17446.82,False
2023-07-05,19.32999992370605,17380.33,both,-17361.0,False
2023-07-06,18.65999984741211,17102.3,both,-17083.64,False
2023-07-09,17.81999969482422,16555.12,both,-16537.3,False
2023-07-10,18.6200008392334,16963.13,both,-16944.51,False
2023-07-11,18.899999618530277,17155.23,both,-17136.33,False
2023-07-12,18.86000061035156,17144.22,both,-17125.36,False
2023-07-13,18.920000076293945,17342.29,both,-17323.37,False
2023-07-16,18.700000762939453,17343.13,both,-17324.43,False
2023-07-17,19.26000022888184,17512.01,both,-17492.75,False
2023-07-18,19.450000762939453,17608.32,both,-17588.87,False
2023-07-19,19.450000762939453,17578.67,both,-17559.22,False
2023-07-24,18.809999465942383,17550.23,both,-17531.42,False
2023-07-25,18.5,17479.94,both,-17461.44,False
2023-07-26,18.790000915527344,17396.24,both,-17377.45,False
2023-07-27,18.299999237060547,17339.06,both,-17320.76,False
2023-07-30,18.690000534057617,17554.56,both,-17535.87,False
2023-07-31,18.850000381469727,17595.92,both,-17577.07,False
2023-08-01,18.739999771118164,17514.11,both,-17495.37,False
2023-08-02,18.520000457763672,17455.6,both,-17437.08,False
2023-08-03,18.46999931335449,17451.44,both,-17432.97,False
2023-08-06,19.25,17697.49,both,-17678.24,False
2023-08-07,19.61000061035156,17839.48,both,-17819.87,False
2023-08-08,19.420000076293945,17748.89,both,-17729.47,False
2023-08-09,19.5,17763.63,both,-17744.13,False
2023-08-10,19.600000381469727,17710.2,both,-17690.6,False
2023-08-13,20.0,17856.07,both,-17836.07,False
2023-08-14,19.959999084472656,17897.5,both,-17877.54,False
2023-08-15,19.8799991607666,17965.32,both,-17945.44,False
2023-08-16,20.26000022888184,18062.5,both,-18042.24,False
2023-08-17,20.1200008392334,17969.27,both,-17949.15,False
2023-08-20,19.920000076293945,18033.22,both,-18013.3,False
2023-08-21,20.0,17920.48,both,-17900.48,False
2023-08-22,20.149999618530277,18216.63,both,-18196.48,False
2023-08-23,20.01000022888184,18133.42,both,-18113.41,False
2023-08-24,20.979999542236328,18207.82,both,-18186.84,False
2023-08-27,21.540000915527344,18516.59,both,-18495.05,False
2023-08-28,21.32999992370605,18584.84,both,-18563.51,False
2023-08-29,22.799999237060547,18629.34,both,-18606.54,False
2023-08-30,23.0,18818.15,both,-18795.15,False
2023-08-31,23.0,18873.82,both,-18850.82,False
2023-09-03,22.299999237060547,18726.01,both,-18703.71,False
2023-09-04,23.01000022888184,18910.99,both,-18887.98,False
2023-09-05,23.11000061035156,19044.39,both,-19021.28,False
2023-09-06,22.399999618530277,19224.52,both,-19202.12,False
2023-09-07,22.59000015258789,19375.68,both,-19353.09,False
2023-09-10,22.59000015258789,19577.85,both,-19555.26,False
2023-09-11,22.299999237060547,19278.72,both,-19256.42,False
2023-09-12,21.90999984741211,19144.09,both,-19122.18,False
2023-09-13,22.600000381469727,19361.7,both,-19339.1,False
2023-09-14,22.51000022888184,19540.33,both,-19517.82,False
2023-09-17,22.26000022888184,19668.82,both,-19646.56,False
2023-09-18,22.700000762939453,19751.78,both,-19729.08,False
2023-09-19,22.65999984741211,19954.3,both,-19931.64,False
2023-09-20,22.65999984741211,19797.23,both,-19774.57,False
2023-09-21,22.65999984741211,20080.57,both,-20057.91,False
2023-09-24,22.65999984741211,20213.7,both,-20191.04,False
2023-09-25,23.790000915527344,20320.56,both,-20296.77,False
2023-09-26,23.3799991607666,20354.86,both,-20331.48,False
2023-09-27,23.3799991607666,20174.28,both,-20150.9,False
2023-10-01,23.3799991607666,20054.72,both,-20031.34,False
2023-10-02,22.790000915527344,19901.24,both,-19878.45,False
2023-10-03,22.15999984741211,19706.96,both,-19684.8,False
2023-10-04,22.36000061035156,19873.31,both,-19850.95,False
2023-10-08,21.600000381469727,19357.42,both,-19335.82,False
2023-10-09,21.46999931335449,19409.78,both,-19388.31,False
2023-10-10,21.899999618530277,19724.32,both,-19702.42,False
2023-10-11,21.940000534057617,19653.49,both,-19631.55,False
2023-10-12,23.65999984741211,20002.1,both,-19978.44,False
2023-10-15,24.25,20324.96,both,-20300.71,False
2023-10-16,25.1200008392334,21032.35,both,-21007.23,False
2023-10-17,27.61000061035156,22073.95,both,-22046.34,False
2023-10-18,27.5,22117.4,both,-22089.9,False
2023-10-19,27.5,21616.6,both,-21589.1,False
2023-10-22,28.0,22128.49,both,-22100.49,False
2023-10-23,29.5,22572.49,both,-22542.99,False
2023-10-24,28.920000076293945,22377.39,both,-22348.47,False
2023-10-25,30.190000534057617,23131.96,both,-23101.77,False
2023-10-26,29.96999931335449,23262.27,both,-23232.3,False
2023-10-29,28.5,23086.72,both,-23058.22,False
2023-10-30,27.920000076293945,23435.65,both,-23407.73,False
2023-10-31,27.1200008392334,22550.65,both,-22523.53,False
2023-11-01,27.46999931335449,22433.38,both,-22405.91,False
2023-11-02,27.530000686645508,22639.59,both,-22612.06,False
2023-11-05,28.350000381469727,23094.69,both,-23066.34,False
2023-11-06,28.01000022888184,23059.15,both,-23031.14,False
2023-11-07,27.899999618530277,23393.41,both,-23365.51,False
2023-11-08,28.25,23986.56,both,-23958.31,False
2023-11-09,28.75,24312.92,both,-24284.17,False
2023-11-12,28.71999931335449,23910.66,both,-23881.94,False
2023-11-13,28.299999237060547,23954.96,both,-23926.66,False
2023-11-14,29.07999992370605,23894.06,both,-23864.98,False
2023-11-15,29.309999465942383,24138.8,both,-24109.49,False
2023-11-16,29.25,24383.27,both,-24354.02,False
2023-11-19,29.25,24899.59,both,-24870.34,False
2023-11-20,28.399999618530277,24760.02,both,-24731.62,False
2023-11-21,28.920000076293945,24774.04,both,-24745.12,False
2023-11-22,28.65999984741211,25029.57,both,-25000.91,False
2023-11-23,28.450000762939453,25519.49,both,-25491.04,False
2023-11-26,28.600000381469727,25300.32,both,-25271.72,False
2023-11-27,28.25,25905.54,both,-25877.29,False
2023-11-28,27.649999618530277,25121.73,both,-25094.08,False
2023-11-29,27.43000030517578,24759.16,both,-24731.73,False
2023-11-30,27.200000762939453,24735.39,both,-24708.19,False
2023-12-03,27.07999992370605,24571.98,both,-24544.9,False
2023-12-04,27.770000457763672,25265.41,both,-25237.64,False
2023-12-05,28.770000457763672,25127.91,both,-25099.14,False
2023-12-06,28.0,24703.55,both,-24675.55,False
2023-12-07,27.63999938964844,24686.16,both,-24658.52,False
2023-12-10,27.18000030517578,24189.83,both,-24162.65,False
2023-12-11,26.149999618530277,24182.06,both,-24155.91,False
2023-12-12,26.149999618530277,24071.66,both,-24045.51,False
2023-12-13,28.200000762939453,24773.92,both,-24745.72,False
2023-12-14,28.32999992370605,24722.82,both,-24694.49,False
2023-12-17,27.729999542236328,24792.14,both,-24764.41,False
2023-12-18,28.309999465942383,25334.09,both,-25305.78,False
2023-12-19,28.399999618530277,25076.42,both,-25048.02,False
2023-12-20,28.049999237060547,24837.56,both,-24809.51,False
2023-12-21,27.15999984741211,24305.09,both,-24277.93,False
2023-12-24,27.15999984741211,23822.17,both,-23795.01,False
2023-12-25,27.209999084472656,24226.68,both,-24199.47,False
2023-12-26,27.0,23994.54,both,-23967.54,False
2023-12-27,27.850000381469727,24351.12,both,-24323.27,False
2023-12-28,28.61000061035156,24691.43,both,-24662.82,False
2023-12-31,29.0,24894.26,both,-24865.26,False
2024-01-02,29.63999938964844,25501.94,both,-25472.3,False
2024-01-03,29.8700008392334,25408.51,both,-25378.64,False
2024-01-04,29.5,25350.28,both,-25320.78,False
2024-01-08,29.780000686645508,25344.63,both,-25314.85,False
2024-01-09,30.530000686645508,25589.99,both,-25559.46,False
2024-01-10,30.0,25466.75,both,-25436.75,False
2024-01-11,29.88999938964844,25519.25,both,-25489.36,False
2024-01-14,30.600000381469727,25974.84,both,-25944.24,False
2024-01-15,30.479999542236328,26250.73,both,-26220.25,False
2024-01-16,31.600000381469727,26938.14,both,-26906.54,False
2024-01-17,31.700000762939453,26758.26,both,-26726.56,False
2024-01-18,31.86000061035156,26842.67,both,-26810.81,False
2024-01-21,32.79999923706055,27719.37,both,-27686.57,False
2024-01-22,32.61000061035156,28050.33,both,-28017.72,False
2024-01-23,31.649999618530277,27587.0,both,-27555.35,False
2024-01-24,32.15999984741211,27666.18,both,-27634.02,False
2024-01-28,32.93000030517578,28625.76,both,-28592.83,False
2024-01-29,33.290000915527344,29227.79,both,-29194.5,False
2024-01-30,34.810001373291016,30347.3,both,-30312.49,False
2024-01-31,32.20000076293945,28281.91,both,-28249.71,False
2024-02-01,33.4900016784668,28434.37,both,-28400.88,False
2024-02-04,31.940000534057617,27573.5,both,-27541.56,False
2024-02-05,32.09000015258789,27665.75,both,-27633.66,False
2024-02-06,30.780000686645508,27270.63,both,-27239.85,False
2024-02-07,31.399999618530277,27905.95,both,-27874.55,False
2024-02-08,31.5,28411.41,both,-28379.91,False
2024-02-11,31.350000381469727,28199.04,both,-28167.69,False
2024-02-12,30.899999618530277,28494.72,both,-28463.82,False
2024-02-13,32.400001525878906,28604.54,both,-28572.14,False
2024-02-14,32.47999954223633,28874.99,both,-28842.51,False
2024-02-15,32.369998931884766,28926.15,both,-28893.78,False
2024-02-18,32.369998931884766,29125.57,both,-29093.2,False
2024-02-19,32.88999938964844,29452.4,both,-29419.51,False
2024-02-20,33.5,29330.66,both,-29297.16,False
2024-02-21,33.349998474121094,29292.05,both,-29258.7,False
2024-02-22,33.0,29309.73,both,-29276.73,False
2024-02-25,31.549999237060547,27840.86,both,-27809.31,False
2024-02-26,33.2599983215332,28931.92,both,-28898.66,False
2024-02-27,36.5099983215332,29205.16,both,-29168.65,False
2024-02-28,34.70000076293945,28876.46,both,-28841.76,False
2024-02-29,35.0,28964.41,both,-28929.41,False
2024-03-03,34.310001373291016,29058.33,both,-29024.02,False
2024-03-04,37.0,30542.33,both,-30505.33,False
2024-03-05,44.400001525878906,30668.89,both,-30624.49,False
2024-03-06,41.0,29743.11,both,-29702.11,False
2024-03-07,42.619998931884766,31300.54,both,-31257.92,False
2024-03-10,47.25,32919.95,both,-32872.7,False
2024-03-11,44.25,33382.51,both,-33338.26,False
2024-03-12,42.5,32661.61,both,-32619.11,False
2024-03-13,40.40999984741211,31013.88,both,-30973.47,False
2024-03-14,41.4900016784668,31316.43,both,-31274.94,False
2024-03-17,40.5,31061.88,both,-31021.38,False
2024-03-18,35.0099983215332,29091.29,both,-29056.28,False
2024-03-19,34.75,28675.7,both,-28640.95,False
2024-03-20,34.209999084472656,28589.37,both,-28555.16,False
2024-03-21,35.900001525878906,29054.96,both,-29019.06,False
2024-03-24,34.2400016784668,29060.02,both,-29025.78,False
2024-03-25,35.2400016784668,29344.46,both,-29309.22,False
2024-03-26,33.84000015258789,29057.5,both,-29023.66,False
2024-03-27,32.4900016784668,28224.37,both,-28191.88,False
2024-03-28,31.049999237060547,27559.35,both,-27528.3,False
2024-03-31,31.5,26883.39,both,-26851.89,False
2024-04-01,32.04999923706055,28297.17,both,-28265.12,False
2024-04-02,31.209999084472656,27934.36,both,-27903.15,False
2024-04-03,33.220001220703125,27937.22,both,-27904.0,False
2024-04-04,33.7599983215332,28506.16,both,-28472.4,False
2024-04-07,33.099998474121094,28151.66,both,-28118.56,False
2024-04-08,33.97999954223633,28503.75,both,-28469.77,False
2024-04-15,36.400001525878906,29616.47,both,-29580.07,False
2024-04-16,35.849998474121094,29400.84,both,-29364.99,False
2024-04-17,37.150001525878906,29667.71,both,-29630.56,False
2024-04-18,35.0,28332.65,both,-28297.65,False
2024-04-21,35.29999923706055,28623.39,both,-28588.09,False
2024-04-22,34.220001220703125,28144.22,both,-28110.0,False
2024-04-23,32.5,26777.05,both,-26744.55,False
2024-04-24,31.649999618530277,25917.59,both,-25885.94,False
2024-04-28,31.649999618530277,24639.63,both,-24607.98,False
2024-04-29,33.43000030517578,26011.28,both,-25977.85,False
2024-04-30,31.049999237060547,24448.73,both,-24417.68,False
2024-05-01,,25270.55,right_only,,False
2024-05-02,32.61000061035156,26113.71,both,-26081.1,False
2024-05-07,33.13999938964844,26429.69,both,-26396.55,False
2024-05-08,34.47999954223633,25988.93,both,-25954.45,False
2024-05-09,34.560001373291016,26003.16,both,-25968.6,False
2024-05-12,33.70000076293945,25155.92,both,-25122.22,False
2024-05-13,34.5,25381.25,both,-25346.75,False
2024-05-14,33.849998474121094,25339.77,both,-25305.92,False
2024-05-15,34.0,25316.08,both,-25282.08,False
2024-05-16,37.0099983215332,26142.84,both,-26105.83,False
2024-05-19,44.40999984741211,27315.83,both,-27271.42,False
2024-05-20,43.119998931884766,27228.85,both,-27185.73,False
2024-05-21,42.5,27224.8,both,-27182.3,False
2024-05-22,42.900001525878906,27227.44,both,-27184.54,False
2024-05-23,44.27999877929688,27205.14,both,-27160.86,False
2024-05-26,44.27999877929688,27539.21,both,-27494.93,False
2024-05-27,43.81999969482422,27287.31,both,-27243.49,False
2024-05-28,44.70000076293945,27194.51,both,-27149.81,False
2024-05-29,44.29999923706055,27089.68,both,-27045.38,False
2024-05-30,44.5099983215332,26922.76,both,-26878.25,False
2024-06-02,46.65999984741211,26869.85,both,-26823.19,False
2024-06-03,46.150001525878906,26834.47,both,-26788.32,False
2024-06-04,46.79999923706055,26973.0,both,-26926.2,False
2024-06-05,46.79999923706055,26634.3,both,-26587.5,False
2024-06-06,46.810001373291016,26428.65,both,-26381.84,False
2024-06-09,47.310001373291016,25659.13,both,-25611.82,False
2024-06-10,47.18000030517578,25896.56,both,-25849.38,False
2024-06-11,46.75,26082.29,both,-26035.54,False
2024-06-12,47.02000045776367,26133.39,both,-26086.37,False
2024-06-13,47.0,26417.6,both,-26370.6,False
2024-06-23,47.970001220703125,27062.37,both,-27014.4,False
2024-06-24,47.400001525878906,26902.4,both,-26855.0,False
2024-06-25,48.02000045776367,27264.23,both,-27216.21,False
2024-06-26,47.70000076293945,27500.56,both,-27452.86,False
2024-06-27,47.2599983215332,27766.27,both,-27719.01,False
2024-07-01,,27969.59,right_only,,False
2024-07-02,48.79999923706055,27985.89,both,-27937.09,False
2024-07-03,49.0,28161.17,both,-28112.17,False
2024-07-04,47.400001525878906,28364.79,both,-28317.39,False
2024-07-07,47.56999969482422,28602.14,both,-28554.57,False
2024-07-08,47.540000915527344,28411.87,both,-28364.33,False
2024-07-09,47.7599983215332,28466.24,both,-28418.48,False
2024-07-10,47.02000045776367,28287.98,both,-28240.96,False
2024-07-14,47.40999984741211,28042.06,both,-27994.65,False
2024-07-15,47.22999954223633,27952.04,both,-27904.81,False
2024-07-16,44.040000915527344,27828.92,both,-27784.88,False
2024-07-17,44.630001068115234,28340.42,both,-28295.79,False
2024-07-18,47.0,28653.85,both,-28606.85,False
2024-07-21,47.0,28783.24,both,-28736.24,False
2024-07-22,47.47999954223633,28992.34,both,-28944.86,False
2024-07-23,47.68999862670898,29195.24,both,-29147.55,False
2024-07-24,47.5099983215332,29090.57,both,-29043.06,False
2024-07-28,47.900001525878906,29036.32,both,-28988.42,False
2024-07-29,47.36000061035156,28851.23,both,-28803.87,False
2024-07-30,47.150001525878906,29039.42,both,-28992.27,False
2024-07-31,47.209999084472656,29378.82,both,-29331.61,False
2024-08-01,46.91999816894531,29359.87,both,-29312.95,False
2024-08-04,46.66999816894531,28503.63,both,-28456.96,False
2024-08-05,43.70000076293945,27840.64,both,-27796.94,False
2024-08-06,44.560001373291016,28210.41,both,-28165.85,False
2024-08-07,46.84999847412109,28628.19,both,-28581.34,False
2024-08-08,56.220001220703125,28750.82,both,-28694.6,False
2024-08-11,62.40999984741211,29532.67,both,-29470.26,False
2024-08-12,68.0,29706.7,both,-29638.7,False
2024-08-13,63.63999938964844,29331.04,both,-29267.4,False
2024-08-14,59.70000076293945,29567.0,both,-29507.3,False
2024-08-15,60.61000061035156,29629.14,both,-29568.53,False
2024-08-18,58.84999847412109,29460.24,both,-29401.39,False
2024-08-19,58.70000076293945,29320.18,both,-29261.48,False
2024-08-20,62.5099983215332,29915.24,both,-29852.73,False
2024-08-21,59.75,29914.29,both,-29854.54,False
2024-08-22,57.90999984741211,30141.08,both,-30083.17,False
2024-08-25,57.880001068115234,30073.95,both,-30016.07,False
2024-08-26,56.52000045776367,30133.81,both,-30077.29,False
2024-08-27,56.310001373291016,30363.15,both,-30306.84,False
2024-08-28,59.0,30709.59,both,-30650.59,False
2024-08-29,57.61000061035156,30774.19,both,-30716.58,False
2024-09-01,58.31999969482422,30902.88,both,-30844.56,False
2024-09-02,60.4900016784668,30731.98,both,-30671.49,False
2024-09-03,60.0,31018.48,both,-30958.48,False
2024-09-04,59.709999084472656,30998.19,both,-30938.48,False
2024-09-05,60.9900016784668,31029.7,both,-30968.71,False
2024-09-08,59.18999862670898,30273.73,both,-30214.54,False
2024-09-09,58.52000045776367,30374.96,both,-30316.44,False
2024-09-10,58.0,30104.35,both,-30046.35,False
2024-09-11,58.29999923706055,30485.63,both,-30427.33,False
2024-09-12,56.59999847412109,30497.83,both,-30441.23,False
2024-09-16,56.0,30260.24,both,-30204.24,False
2024-09-17,55.79999923706055,30159.15,both,-30103.35,False
2024-09-18,55.54999923706055,30342.46,both,-30286.91,False
2024-09-19,58.13999938964844,30937.69,both,-30879.55,False
2024-09-22,58.59999847412109,31038.41,both,-30979.81,False
2024-09-23,59.29999923706055,31022.54,both,-30963.24,False
2024-09-24,67.66999816894531,30871.1,both,-30803.43,False
2024-09-25,68.37999725341797,31250.64,both,-31182.26,False
2024-09-26,67.66999816894531,31276.91,both,-31209.24,False
2024-09-29,69.0,31459.09,both,-31390.09,False
2024-09-30,72.5,31587.04,both,-31514.54,False
2024-10-01,76.16000366210938,31866.06,both,-31789.9,False
2024-10-02,81.11000061035156,31332.73,both,-31251.62,False
2024-10-03,97.0,31720.5,both,-31623.5,False
2024-10-07,108.41999816894533,31819.16,both,-31710.74,False
2024-10-08,94.5,30851.63,both,-30757.13,False
2024-10-09,99.0,31175.43,both,-31076.43,False
2024-10-10,100.3499984741211,30762.32,both,-30661.97,False
2024-10-13,92.0,29954.12,both,-29862.12,False
2024-10-14,96.0,30273.06,both,-30177.06,False
2024-10-15,95.0,30584.24,both,-30489.24,False
2024-10-16,90.25,30545.11,both,-30454.86,False
2024-10-17,88.51000213623047,30143.86,both,-30055.35,False
2024-10-20,84.5,29528.79,both,-29444.29,False
2024-10-21,87.05000305175781,30445.2,both,-30358.15,False
2024-10-22,90.8000030517578,30427.35,both,-30336.55,False
2024-10-23,91.11000061035156,30414.05,both,-30322.94,False
2024-10-24,91.0999984741211,30552.82,both,-30461.72,False
2024-10-27,92.5,30812.23,both,-30719.73,False
2024-10-28,91.0,30773.53,both,-30682.53,False
2024-10-29,89.5999984741211,30619.96,both,-30530.36,False
2024-10-30,87.08999633789062,30371.26,both,-30284.17,False
2024-10-31,88.26000213623047,30658.0,both,-30569.74,False
2024-11-03,88.05000305175781,30833.13,both,-30745.08,False
2024-11-04,87.5999984741211,30650.04,both,-30562.44,False
2024-11-05,87.37000274658203,30793.94,both,-30706.57,False
2024-11-06,88.5,31045.26,both,-30956.76,False
2024-11-07,92.5,31267.47,both,-31174.97,False
2024-11-10,93.20999908447266,31394.33,both,-31301.12,False
2024-11-11,92.12000274658205,31621.29,both,-31529.17,False
2024-11-12,90.11000061035156,31582.39,both,-31492.28,False
2024-11-13,90.30999755859376,31433.01,both,-31342.7,False
2024-11-14,90.98999786376952,31462.21,both,-31371.22,False
2024-11-17,90.1500015258789,31252.07,both,-31161.92,False
2024-11-18,89.5,30864.34,both,-30774.84,False
2024-11-19,88.87999725341797,30688.3,both,-30599.42,False
2024-11-20,89.0199966430664,30587.99,both,-30498.97,False
2024-11-21,90.8499984741211,30631.8,both,-30540.95,False
2024-11-24,91.8000030517578,30397.22,both,-30305.42,False
2024-11-25,90.26000213623048,30270.51,both,-30180.25,False
2024-11-26,89.5,30284.35,both,-30194.85,False
2024-11-27,89.69999694824219,29846.04,both,-29756.34,False
2024-11-28,89.30999755859375,30242.13,both,-30152.82,False
2024-12-01,89.62000274658203,30497.13,both,-30407.51,False
2024-12-02,89.0999984741211,30525.32,both,-30436.22,False
2024-12-03,87.30999755859375,30628.74,both,-30541.43,False
2024-12-04,87.75,30832.61,both,-30744.86,False
2024-12-05,87.80000305175781,30839.57,both,-30751.77,False
2024-12-08,90.5,31060.51,both,-30970.01,False
2024-12-09,89.80999755859375,31005.12,both,-30915.31,False
2024-12-10,88.55999755859375,30617.83,both,-30529.27,False
2024-12-11,88.01000213623047,30739.26,both,-30651.25,False
2024-12-12,88.02999877929688,30795.09,both,-30707.06,False
2024-12-15,87.69999694824219,30776.0,both,-30688.3,False
2024-12-16,86.4000015258789,30799.43,both,-30713.03,False
2024-12-17,86.5,30601.64,both,-30515.14,False
2024-12-18,85.4800033569336,30503.07,both,-30417.59,False
2024-12-19,83.52999877929688,30526.71,both,-30443.18,False
2024-12-22,84.25,30372.7,both,-30288.45,False
2024-12-23,82.7699966430664,30118.38,both,-30035.61,False
2024-12-24,81.05999755859375,29973.15,both,-29892.09,False
2024-12-25,81.7699966430664,30005.0,both,-29923.23,False
2024-12-26,80.0199966430664,29957.97,both,-29877.95,False
2024-12-29,78.12000274658203,29594.48,both,-29516.36,False
2024-12-30,75.51000213623047,29325.2,both,-29249.69,False
2024-12-31,75.87999725341797,29740.58,both,-29664.7,False
2025-01-02,77.0,30060.48,both,-29983.48,False
2025-01-05,83.5,30183.61,both,-30100.11,False
2025-01-06,80.93000030517578,29929.64,both,-29848.71,False
2025-01-08,79.22000122070312,29785.91,both,-29706.69,False
2025-01-09,78.69999694824219,29444.65,both,-29365.95,False
2025-01-12,78.0,29277.45,both,-29199.45,False
2025-01-13,75.06999969482422,28556.28,both,-28481.21,False
2025-01-14,75.0999984741211,28967.09,both,-28891.99,False
2025-01-15,74.30000305175781,29389.93,both,-29315.63,False
2025-01-16,75.30000305175781,29605.12,both,-29529.82,False
2025-01-19,79.45999908447266,29728.61,both,-29649.15,False
2025-01-20,86.0,29619.39,both,-29533.39,False
2025-01-21,84.97000122070312,29826.58,both,-29741.61,False
2025-01-22,86.44999694824219,29979.14,both,-29892.69,False
2025-01-23,85.5,29997.69,both,-29912.19,False
2025-01-26,88.0,30034.85,both,-29946.85,False
2025-01-27,85.0999984741211,29742.12,both,-29657.02,False
2025-01-28,82.54000091552734,29646.6,both,-29564.06,False
2025-01-29,83.5,29891.61,both,-29808.11,False
2025-01-30,82.9000015258789,30010.62,both,-29927.72,False
2025-02-02,81.01000213623047,29917.96,both,-29836.95,False
2025-02-03,80.5,29754.77,both,-29674.27,False
2025-02-04,79.5999984741211,29668.47,both,-29588.87,False
2025-02-05,78.5,29735.59,both,-29657.09,False
2025-02-06,79.01000213623047,30011.84,both,-29932.83,False
2025-02-09,79.0999984741211,30014.27,both,-29935.17,False
2025-02-10,79.08000183105469,29905.41,both,-29826.33,False
2025-02-11,77.12000274658203,29564.21,both,-29487.09,False
2025-02-12,77.33000183105469,29661.99,both,-29584.66,False
2025-02-13,77.5,29997.11,both,-29919.61,False
2025-02-16,81.08999633789062,30443.82,both,-30362.73,False
2025-02-17,82.23999786376953,30436.71,both,-30354.47,False
2025-02-18,82.47000122070312,30587.81,both,-30505.34,False
2025-02-19,81.88999938964844,30875.28,both,-30793.39,False
2025-02-20,81.41999816894531,30914.72,both,-30833.3,False
2025-02-23,82.05000305175781,31010.25,both,-30928.2,False
2025-02-24,81.58000183105469,30925.29,both,-30843.71,False
2025-02-25,81.0,30654.92,both,-30573.92,False
2025-02-26,80.5199966430664,30631.95,both,-30551.43,False
2025-02-27,80.43000030517578,30610.44,both,-30530.01,False
2025-03-02,81.41999816894531,30857.77,both,-30776.35,False
2025-03-03,82.5,30988.51,both,-30906.01,False
2025-03-04,81.94999694824219,30762.85,both,-30680.9,False
2025-03-05,82.87999725341797,30876.44,both,-30793.56,False
2025-03-06,81.75,30947.44,both,-30865.69,False
2025-03-09,81.05999755859375,31130.68,both,-31049.62,False
2025-03-10,80.94000244140625,31137.03,both,-31056.09,False
2025-03-11,80.5,30935.23,both,-30854.73,False
2025-03-12,80.16000366210938,31049.03,both,-30968.87,False
2025-03-13,84.80000305175781,31290.62,both,-31205.82,False
2025-03-16,83.51000213623047,31338.34,both,-31254.83,False
2025-03-17,83.31999969482422,31458.59,both,-31375.27,False
2025-03-18,87.5,31608.69,both,-31521.19,False
2025-03-19,85.31999969482422,31348.47,both,-31263.15,False
2025-03-20,84.5,31677.58,both,-31593.08,False
2025-03-23,83.86000061035156,31933.76,both,-31849.9,False
2025-03-24,81.69999694824219,31810.98,both,-31729.28,False
2025-03-25,80.5,31761.97,both,-31681.47,False
2025-03-26,82.69999694824219,31744.3,both,-31661.6,False
2025-03-27,81.5,32026.14,both,-31944.64,False
2025-04-03,81.41000366210938,31699.58,both,-31618.17,False
2025-04-06,79.83000183105469,30639.52,both,-30559.69,False
2025-04-07,79.3499984741211,30453.94,both,-30374.59,False
2025-04-08,80.9800033569336,30648.98,both,-30568.0,False
2025-04-09,76.30000305175781,30079.93,both,-30003.63,False
2025-04-10,79.05000305175781,30810.7,both,-30731.65,False
2025-04-13,80.0,31174.62,both,-31094.62,False
2025-04-14,79.30999755859375,31182.37,both,-31103.06,False
2025-04-15,79.1500015258789,31185.03,both,-31105.88,False
2025-04-16,78.79000091552734,31030.7,both,-30951.91,False
2025-04-17,78.68000030517578,31062.95,both,-30984.27,False
2025-04-22,78.48999786376953,30844.18,both,-30765.69,False
2025-04-23,82.94000244140625,31640.22,both,-31557.28,False
2025-04-27,83.01000213623047,31855.12,both,-31772.11,False
2025-04-28,81.91999816894531,32015.02,both,-31933.1,False
2025-04-29,82.0,32043.48,both,-31961.48,False
2025-04-30,82.0,32126.22,both,-32044.22,False
2025-05-04,82.11000061035156,32351.66,both,-32269.55,False
2025-05-05,81.43000030517578,32211.75,both,-32130.32,False
2025-05-06,82.0,32285.45,both,-32203.45,False
2025-05-07,80.87000274658203,31840.44,both,-31759.57,False
2025-05-08,80.44000244140625,31772.04,both,-31691.6,False
2025-05-11,79.30000305175781,31427.98,both,-31348.68,False
2025-05-12,79.7699966430664,31577.01,both,-31497.24,False
2025-05-13,81.0,31692.77,both,-31611.77,False
2025-05-14,81.38999938964844,31827.86,both,-31746.47,False
2025-05-15,79.88999938964844,31941.15,both,-31861.26,False
2025-05-18,78.05999755859375,31713.7,both,-31635.64,False
2025-05-19,78.0199966430664,31355.82,both,-31277.8,False
2025-05-20,78.48999786376953,31629.34,both,-31550.85,False
2025-05-21,78.69999694824219,31836.63,both,-31757.93,False
2025-05-22,78.44999694824219,31975.63,both,-31897.18,False
2025-05-25,80.12000274658203,32023.89,both,-31943.77,False
2025-05-26,79.01000213623047,31922.5,both,-31843.49,False
2025-05-27,79.91000366210938,32397.38,both,-32317.47,False
2025-05-28,82.0,32493.89,both,-32411.89,False
2025-05-29,81.75,32696.79,both,-32615.04,False
2025-06-01,81.16000366210938,32500.03,both,-32418.87,False
2025-06-02,80.55999755859375,32325.12,both,-32244.56,False
2025-06-03,80.11000061035156,32355.41,both,-32275.3,False
2025-06-04,80.5,32677.87,both,-32597.37,False
2025-06-10,80.75,32904.06,both,-32823.31,False
2025-06-11,80.20999908447266,32935.19,both,-32854.98,False
2025-06-12,78.51000213623047,32511.68,both,-32433.17,False
2025-06-15,76.5999984741211,31016.0,both,-30939.4,False
2025-06-16,77.06999969482422,31042.36,both,-30965.29,False
2025-06-17,75.95999908447266,30725.96,both,-30650.0,False
2025-06-18,74.55000305175781,30838.98,both,-30764.43,False
2025-06-19,73.0,30248.44,both,-30175.44,False
2025-06-22,73.94999694824219,31055.98,both,-30982.03,False
2025-06-23,73.93000030517578,31418.74,both,-31344.81,False
2025-06-24,77.01000213623047,32598.55,both,-32521.54,False
2025-06-25,77.08999633789062,33002.85,both,-32925.76,False
2025-06-29,76.18000030517578,33206.76,both,-33130.58,False
2025-06-30,75.06999969482422,32857.62,both,-32782.55,False
2025-07-01,75.0,32707.22,both,-32632.22,False
2025-07-02,76.43000030517578,32820.49,both,-32744.06,False
2025-07-06,77.58000183105469,,left_only,,False
2025-07-07,76.76000213623047,33037.62,both,-32960.86,False
2025-07-09,75.75,33152.39,both,-33076.64,False
2025-07-10,75.9000015258789,33324.38,both,-33248.48,False
2025-07-13,75.7300033569336,33053.47,both,-32977.74,False
2025-07-14,75.62000274658203,33727.44,both,-33651.82,False
2025-07-15,75.80000305175781,33934.63,both,-33858.83,False
2025-07-16,77.19999694824219,33473.77,both,-33396.57,False
2025-07-17,77.55000305175781,33821.03,both,-33743.48,False
2025-07-20,77.36000061035156,34071.0,both,-33993.64,False
2025-07-21,76.5999984741211,34129.59,both,-34052.99,False
2025-07-22,76.55000305175781,33803.34,both,-33726.79,False
2025-07-23,76.55000305175781,34125.12,both,-34048.57,False
2025-07-27,76.16000366210938,34554.24,both,-34478.08,False
2025-07-28,74.0,34076.22,both,-34002.22,False
2025-07-29,74.27999877929688,34085.74,both,-34011.46,False
2025-07-30,74.16000366210938,33859.68,both,-33785.52,False
2025-07-31,74.48999786376953,34198.0,both,-34123.51,False
2025-08-03,74.48999786376953,34272.16,both,-34197.67,False
2025-08-04,74.48999786376953,34704.51,both,-34630.02,False
2025-08-05,74.48999786376953,35254.18,both,-35179.69,False
2025-08-06,74.48999786376953,35480.25,both,-35405.76,False
2025-08-07,74.48999786376953,35809.36,both,-35734.87,False
2025-08-10,76.0,36109.77,both,-36033.77,False
2025-08-11,79.0,35908.5,both,-35829.5,False
2025-08-12,78.73999786376953,36003.65,both,-35924.91,False
2025-08-13,79.19999694824219,35855.26,both,-35776.06,False
2025-08-14,80.31999969482422,35576.42,both,-35496.1,False
2025-08-17,80.30000305175781,35972.77,both,-35892.47,False
2025-08-18,78.55000305175781,35824.78,both,-35746.23,False
2025-08-19,79.05000305175781,36100.07,both,-36021.02,False
2025-08-20,77.22000122070312,35731.83,both,-35654.61,False
2025-08-21,77.0,35622.26,both,-35545.26,False
2025-08-24,75.9000015258789,35811.88,both,-35735.98,False
2025-08-25,75.0999984741211,35810.57,both,-35735.47,False
2025-08-26,74.51000213623047,35358.34,both,-35283.83,False
2025-08-27,75.0,35676.19,both,-35601.19,False
2025-08-28,75.05999755859375,35727.19,both,-35652.13,False
2025-08-31,74.9000015258789,35148.14,both,-35073.24,False
2025-09-01,74.5999984741211,35158.88,both,-35084.28,False
2025-09-02,74.44999694824219,35156.93,both,-35082.48,False
2025-09-03,75.0,34761.97,both,-34686.97,False
2025-09-07,75.11000061035156,34455.41,both,-34380.3,False
2025-09-08,75.0,34601.53,both,-34526.53,False
2025-09-09,75.01000213623047,34386.33,both,-34311.32,False
2025-09-10,74.69000244140625,34670.1,both,-34595.41,False
2025-09-11,74.7699966430664,34937.44,both,-34862.67,False
2025-09-14,74.91000366210938,35111.82,both,-35036.91,False
2025-09-15,74.05000305175781,35165.84,both,-35091.79,False
2025-09-16,73.62000274658203,34840.82,both,-34767.2,False
2025-09-17,73.5199966430664,34974.84,both,-34901.32,False
2025-09-18,73.97000122070312,35403.0,both,-35329.03,False
2025-09-21,73.51000213623047,35247.04,both,-35173.53,False
2025-09-22,72.98999786376953,35210.7,both,-35137.71,False
2025-09-23,73.55000305175781,35328.63,both,-35255.08,False
2025-09-24,73.37999725341797,35949.12,both,-35875.74,False
2025-09-25,72.69000244140625,35671.43,both,-35598.74,False
2025-09-28,72.88999938964844,36166.08,both,-36093.19,False
2025-09-29,74.33000183105469,36391.0,both,-36316.67,False
2025-09-30,73.9000015258789,36670.08,both,-36596.18,False
2025-10-01,73.83999633789062,36769.18,both,-36695.34,False
2025-10-02,74.0199966430664,36900.7,both,-36826.68,False
2025-10-05,74.41999816894531,37210.83,both,-37136.41,False
2025-10-06,75.19000244140625,37094.8,both,-37019.61,False
2025-10-07,75.83000183105469,37097.37,both,-37021.54,False
2025-10-08,76.4800033569336,37376.93,both,-37300.45,False
2025-10-12,78.05999755859375,37378.58,both,-37300.52,False
2025-10-13,77.77999877929688,37409.85,both,-37332.07,False
2025-10-14,76.62000274658203,37459.13,both,-37382.51,False
2025-10-15,77.5,37654.04,both,-37576.54,False
2025-10-16,77.58999633789062,37677.19,both,-37599.6,False
2025-10-19,77.58999633789062,37909.61,both,-37832.02,False
2025-10-20,77.5,37975.06,both,-37897.56,False
2025-10-21,77.36000061035156,37698.49,both,-37621.13,False
2025-10-22,77.20999908447266,37576.55,both,-37499.34,False
2025-10-23,76.94999694824219,37687.04,both,-37610.09,False
2025-10-26,76.19999694824219,38101.96,both,-38025.76,False
2025-10-27,76.72000122070312,38162.01,both,-38085.29,False
2025-10-28,75.98999786376953,38304.94,both,-38228.95,False
2025-10-29,75.95999908447266,38229.53,both,-38153.57,False
2025-10-30,75.86000061035156,38267.8,both,-38191.94,False
2025-11-02,75.12000274658203,38082.88,both,-38007.76,False
2025-11-03,75.97000122070312,38622.84,both,-38546.87,False
2025-11-04,75.05999755859375,39065.73,both,-38990.67,False
2025-11-05,75.01000213623047,39132.25,both,-39057.24,False
2025-11-06,79.08999633789062,39949.66,both,-39870.57,False
2025-11-09,82.11000061035156,40821.96,both,-40739.85,False
2025-11-10,80.6500015258789,40427.35,both,-40346.7,False
2025-11-11,80.70999908447266,40261.16,both,-40180.45,False
2025-11-12,81.06999969482422,40228.76,both,-40147.69,False
2025-11-13,79.80000305175781,40190.62,both,-40110.82,False
2025-11-16,77.97000122070312,41211.27,both,-41133.3,False
2025-11-17,79.0,41065.75,both,-40986.75,False
2025-11-18,77.0,40501.28,both,-40424.28,False
2025-11-19,77.0,40509.16,both,-40432.16,False
2025-11-20,76.69999694824219,40302.39,both,-40225.69,False
2025-11-23,76.52999877929688,40445.66,both,-40369.13,False
2025-11-24,76.0199966430664,39725.26,both,-39649.24,False
2025-11-25,75.54000091552734,39902.53,both,-39826.99,False
2025-11-26,76.70999908447266,39537.25,both,-39460.54,False
2025-11-27,76.52999877929688,40039.24,both,-39962.71,False
2025-11-30,76.01000213623047,40753.45,both,-40677.44,False
2025-12-01,76.77999877929688,40693.92,both,-40617.14,False
2025-12-02,76.38999938964844,40625.63,both,-40549.24,False
2025-12-03,76.70999908447266,41342.03,both,-41265.32,False
2025-12-04,76.19999694824219,41499.07,both,-41422.87,False
2025-12-07,76.13999938964844,41762.43,both,-41686.29,False
2025-12-08,65.5199966430664,41963.24,both,-41897.72,False
2025-12-09,75.30999755859375,41940.62,both,-41865.31,False
2025-12-10,75.26000213623047,42052.79,both,-41977.53,False
2025-12-11,75.61000061035156,42033.78,both,-41958.17,False
2025-12-14,75.77999877929688,42065.2,both,-41989.42,False
2025-12-15,76.16000366210938,42305.36,both,-42229.2,False
2025-12-16,76.16000366210938,42002.37,both,-41926.21,False
2025-12-17,76.02999877929688,41504.03,both,-41428.0,False
2025-12-18,75.27999877929688,40926.86,both,-40851.58,False
2025-12-21,75.51000213623047,41348.38,both,-41272.87,False
2025-12-22,75.86000061035156,41102.76,both,-41026.9,False
2025-12-23,76.2699966430664,41419.32,both,-41343.05,False
2025-12-24,76.0,41508.31,both,-41432.31,False
2025-12-25,76.02999877929688,41253.02,both,-41176.99,False
2025-12-28,76.0199966430664,41604.74,both,-41528.72,False
2025-12-29,76.72000122070312,41731.68,both,-41654.96,False
2025-12-30,77.01000213623047,41689.96,both,-41612.95,False
2025-12-31,78.25,41828.97,both,-41750.72,False
2026-01-04,77.0,40898.15,both,-40821.15,False
2026-01-05,76.33999633789062,40676.98,both,-40600.64,False
2026-01-06,78.95999908447266,41543.46,both,-41464.5,False
2026-01-08,80.5,41856.76,both,-41776.26,False
2026-01-11,80.47000122070312,42895.41,both,-42814.94,False
2026-01-12,80.6500015258789,43404.25,both,-43323.6,False
2026-01-13,78.51000213623047,43684.22,both,-43605.71,False
2026-01-14,79.0,43058.34,both,-42979.34,False
2026-01-15,76.52999877929688,43346.87,both,-43270.34,False
2026-01-18,77.98999786376953,43952.52,both,-43874.53,False
2026-01-19,79.4000015258789,45048.44,both,-44969.04,False
2026-01-20,81.1500015258789,45905.16,both,-45824.01,False
2026-01-21,83.9000015258789,46048.69,both,-45964.79,False
2026-01-22,82.7300033569336,46462.32,both,-46379.59,False
2026-01-25,80.9800033569336,46857.73,both,-46776.75,False
2026-01-26,80.16000366210938,47507.43,both,-47427.27,False
2026-01-27,78.5999984741211,47834.55,both,-47755.95,False
2026-01-28,78.66000366210938,47785.93,both,-47707.27,False
2026-02-01,77.5,47662.74,both,-47585.24,False
2026-02-02,78.0,47606.28,both,-47528.28,False
2026-02-03,80.01000213623047,48978.48,both,-48898.47,False
2026-02-04,80.87999725341797,49631.56,both,-49550.68,False
2026-02-05,79.88999938964844,49739.03,both,-49659.14,False
2026-02-08,79.01000213623047,50035.23,both,-49956.22,False
2026-02-09,78.45999908447266,50293.53,both,-50215.07,False
2026-02-10,79.08999633789062,50376.15,both,-50297.06,False
2026-02-11,78.41999816894531,49700.24,both,-49621.82,False
2026-02-12,78.5199966430664,50490.2,both,-50411.68,False
2026-02-15,79.48999786376953,52308.32,both,-52228.83,False
2026-02-16,78.58999633789062,51493.53,both,-51414.94,False
2026-02-17,79.01000213623047,51833.76,both,-51754.75,False
2026-02-18,83.48999786376953,52222.34,both,-52138.85,False
2026-02-19,80.75,50667.67,both,-50586.92,False
2026-02-22,79.18000030517578,49560.88,both,-49481.7,False
2026-02-23,80.1500015258789,50870.06,both,-50789.91,False
2026-02-24,78.81999969482422,50390.21,both,-50311.39,False
2026-02-25,77.52999877929688,49014.32,both,-48936.79,False
2026-02-26,77.48999786376953,49212.83,both,-49135.34,False
2026-03-01,75.8499984741211,47984.26,both,-47908.41,False
2026-03-02,76.80999755859375,47692.49,both,-47615.68,False
2026-03-03,76.66000366210938,46725.81,both,-46649.15,False
2026-03-04,78.0,46452.14,both,-46374.14,False
2026-03-05,77.93000030517578,47516.44,both,-47438.51,False
2026-03-08,79.19999694824219,46774.24,both,-46695.04,False
2026-03-09,79.22000122070312,46414.85,both,-46335.63,False
2026-03-10,79.4000015258789,47772.74,both,-47693.34,False
2026-03-11,79.5,47195.39,both,-47115.89,False
2026-03-12,79.02999877929688,46790.96,both,-46711.93,False
2026-03-15,78.30000305175781,45926.93,both,-45848.63,False
2026-03-16,78.0,45187.72,both,-45109.72,False
2026-03-17,78.37000274658203,46054.61,both,-45976.24,False
2026-03-18,78.52999877929688,47611.96,both,-47533.43,False
2026-03-19,78.52999877929688,,left_only,,False
2026-03-24,78.62000274658203,46930.88,both,-46852.26,False
2026-03-25,78.25,47497.91,both,-47419.66,False
2026-03-26,78.30999755859375,47001.89,both,-46923.58,False
2026-03-29,77.93000030517578,46404.27,both,-46326.34,False
2026-03-30,78.0,45189.89,both,-45111.89,False
2026-03-31,78.0,45321.59,both,-45243.59,False
2026-04-01,79.01000213623047,46731.49,both,-46652.48,False
2026-04-02,79.22000122070312,46399.0,both,-46319.78,False
2026-04-05,79.0,47276.43,both,-47197.43,False
2026-04-06,78.88999938964844,47651.58,both,-47572.69,False
2026-04-07,78.16000366210938,46681.78,both,-46603.62,False
2026-04-08,79.19999694824219,48593.99,both,-48514.79,False
2026-04-09,81.38999938964844,49078.6,both,-48997.21,False
2026-04-12,,49078.6,right_only,,False
2026-04-14,81.44999694824219,49978.62,both,-49897.17,False
2026-04-15,81.12999725341797,50733.14,both,-50652.01,False
2026-04-16,80.81999969482422,51437.78,both,-51356.96,False
2026-04-19,80.77999877929688,52372.64,both,-52291.86,False
2026-04-20,81.5,51813.43,both,-51731.93,False
2026-04-21,80.4000015258789,51977.34,both,-51896.94,False
2026-04-22,81.94999694824219,51962.39,both,-51880.44,False
2026-04-23,81.81999969482422,52375.39,both,-52293.57,False
2026-04-26,81.9000015258789,52421.14,both,-52339.24,False
2026-04-27,86.01000213623047,52719.12,both,-52633.11,False
2026-04-28,87.30000305175781,52230.61,both,-52143.31,False
2026-04-29,86.69999694824219,52383.13,both,-52296.43,False
2026-04-30,87.0,51760.97,both,-51673.97,False
2026-05-03,87.11000061035156,52312.7,both,-52225.59,False
2026-05-04,87.11000061035156,51973.5,both,-51886.39,False
2026-05-05,87.12999725341797,52557.63,both,-52470.5,False
2026-05-06,90.93000030517578,53605.08,both,-53514.15,False
2026-05-10,91.5500030517578,54628.68,both,-54537.13,False
2026-05-11,90.1999969482422,54475.49,both,-54385.29,False
2026-05-12,89.51000213623047,54058.75,both,-53969.24,False
2026-05-13,89.4000015258789,53416.17,both,-53326.77,False
2026-05-14,89.80000305175781,53154.84,both,-53065.04,False
2026-05-17,88.9800033569336,52364.34,both,-52275.36,False
2026-05-18,87.04000091552734,52007.0,both,-51919.96,False
2026-05-19,88.51000213623047,52774.98,both,-52686.47,False
2026-05-20,88.27999877929688,51936.75,both,-51848.47,False
2026-05-21,87.9000015258789,52090.96,both,-52003.06,False
2026-05-24,88.72000122070312,52861.47,both,-52772.75,False
2026-05-25,89.2699966430664,52658.75,both,-52569.48,False
2026-05-26,89.2699966430664,,left_only,,False
2026-05-27,89.2699966430664,,left_only,,False
2026-05-28,89.2699966430664,,left_only,,False
2026-06-01,91.19000244140624,52853.94,both,-52762.75,False
2026-06-02,89.4000015258789,52927.02,both,-52837.62,False
2026-06-03,88.93000030517578,52564.42,both,-52475.49,False
2026-06-04,88.54000091552734,52652.53,both,-52563.99,False
2026-06-07,88.05999755859375,52164.6,both,-52076.54,False
2026-06-08,87.19999694824219,51882.81,both,-51795.61,False
2026-06-09,87.31999969482422,52374.8,both,-52287.48,False
2026-06-10,86.19999694824219,51256.65,both,-51170.45,False
2026-06-11,84.41000366210938,50818.84,both,-50734.43,False
2026-06-14,86.37000274658203,51994.63,both,-51908.26,False
2026-06-15,86.4000015258789,52306.66,both,-52220.26,False
2026-06-16,86.12999725341797,52047.15,both,-51961.02,False
2026-06-17,86.12999725341797,52621.84,both,-52535.71,False
2026-06-18,86.12999725341797,,left_only,,False
2026-06-21,87.2699966430664,52679.45,both,-52592.18,False
2026-06-22,87.2699966430664,52585.72,both,-52498.45,False
2026-06-23,88.22000122070312,51769.74,both,-51681.52,False
2026-06-24,87.37000274658203,51710.9,both,-51623.53,False
2026-06-25,86.95999908447266,51443.07,both,-51356.11,False
2026-06-28,85.54000091552734,50344.37,both,-50258.83,False
2026-06-29,85.01000213623047,49825.58,both,-49740.57,False
2026-06-30,86.01000213623047,50487.96,both,-50401.95,False
2026-07-01,87.5,50532.7,both,-50445.2,False
2026-07-05,87.51000213623047,51130.89,both,-51043.38,False
2026-07-06,87.87999725341797,52502.74,both,-52414.86,False
2026-07-07,89.5,53006.11,both,-52916.61,False
2026-07-08,87.5,52028.37,both,-51940.87,False
2026-07-09,89.0,52311.51,both,-52222.51,False
2026-07-12,88.7699966430664,52256.18,both,-52167.41,False
2026-07-13,88.47000122070312,52608.28,both,-52519.81,False
2026-07-14,88.69999694824219,52299.31,both,-52210.61,False
2026-07-15,90.5,52558.39,both,-52467.89,False
2026-07-16,91.41000366210938,52928.06,both,-52836.65,False
2026-07-19,92.62000274658205,52560.1,both,-52467.48,False
2026-07-20,92.0,53126.01,both,-53034.01,False
2026-07-21,91.9000015258789,53989.55,both,-53897.65,False
2026-07-22,93.5999984741211,53931.92,both,-53838.32,False
2026-07-26,96.3499984741211,,left_only,,False
2026-07-27,95.9000015258789,,left_only,,False
2026-07-28,95.41999816894533,,left_only,,False
2026-07-29,94.9499969482422,,left_only,,False
2026-07-30,93.0,,left_only,,False
