date,fetched_close,reference_close,_merge,diff,match
2014-12-23,,8710.6,right_only,,False
2014-12-24,,8766.12,right_only,,False
2014-12-25,,8740.12,right_only,,False
2014-12-28,,8745.16,right_only,,False
2014-12-29,,8958.13,right_only,,False
2014-12-30,,9005.75,right_only,,False
2014-12-31,,8926.58,right_only,,False
2015-01-04,,8942.65,right_only,,False
2015-01-05,,9011.07,right_only,,False
2015-01-06,,8798.94,right_only,,False
2015-01-08,,8946.34,right_only,,False
2015-01-11,,8909.75,right_only,,False
2015-01-12,,9109.23,right_only,,False
2015-01-13,,9308.98,right_only,,False
2015-01-14,,9544.08,right_only,,False
2015-01-15,,9555.99,right_only,,False
2015-01-18,,9530.92,right_only,,False
2015-01-19,,9599.1,right_only,,False
2015-01-20,,9804.18,right_only,,False
2015-01-21,,9856.3,right_only,,False
2015-01-22,,9898.86,right_only,,False
2015-01-26,,9834.81,right_only,,False
2015-01-27,,9946.58,right_only,,False
2015-01-28,,9863.73,right_only,,False
2015-01-29,,9843.1,right_only,,False
2015-02-01,,9779.76,right_only,,False
2015-02-02,,9830.46,right_only,,False
2015-02-03,,9954.34,right_only,,False
2015-02-04,,10045.93,right_only,,False
2015-02-05,,9965.43,right_only,,False
2015-02-08,,9957.93,right_only,,False
2015-02-09,,9884.46,right_only,,False
2015-02-10,,9900.65,right_only,,False
2015-02-11,,9770.78,right_only,,False
2015-02-12,,9747.36,right_only,,False
2015-02-15,,9789.79,right_only,,False
2015-02-16,,9585.92,right_only,,False
2015-02-17,,9433.85,right_only,,False
2015-02-18,,9537.23,right_only,,False
2015-02-19,,9481.2,right_only,,False
2015-02-22,,9494.55,right_only,,False
2015-02-23,,9601.14,right_only,,False
2015-02-24,,9611.66,right_only,,False
2015-02-25,,9469.08,right_only,,False
2015-02-26,,9334.01,right_only,,False
2015-03-01,,9283.59,right_only,,False
2015-03-02,,9456.33,right_only,,False
2015-03-03,,9475.27,right_only,,False
2015-03-04,,9461.06,right_only,,False
2015-03-05,,9575.98,right_only,,False
2015-03-08,,9638.41,right_only,,False
2015-03-09,,9713.61,right_only,,False
2015-03-10,,9709.5,right_only,,False
2015-03-11,,9576.46,right_only,,False
2015-03-12,,9640.77,right_only,,False
2015-03-15,,9726.03,right_only,,False
2015-03-16,,9529.01,right_only,,False
2015-03-17,,9561.33,right_only,,False
2015-03-18,,9484.08,right_only,,False
2015-03-19,,9518.28,right_only,,False
2015-03-22,,9354.73,right_only,,False
2015-03-23,,9374.12,right_only,,False
2015-03-24,,9367.54,right_only,,False
2015-03-25,,9198.46,right_only,,False
2015-03-26,,9052.5,right_only,,False
2015-03-29,,9062.99,right_only,,False
2015-03-30,,9118.97,right_only,,False
2015-03-31,,9134.78,right_only,,False
2015-04-01,,9099.33,right_only,,False
2015-04-02,,8891.73,right_only,,False
2015-04-05,,8607.66,right_only,,False
2015-04-06,,8508.24,right_only,,False
2015-04-07,,8716.37,right_only,,False
2015-04-08,,8788.9,right_only,,False
2015-04-09,,8892.53,right_only,,False
2015-04-14,,8927.53,right_only,,False
2015-04-15,,8896.68,right_only,,False
2015-04-16,,8886.84,right_only,,False
2015-04-19,,8765.34,right_only,,False
2015-04-20,,8595.78,right_only,,False
2015-04-21,,8575.27,right_only,,False
2015-04-22,,8629.49,right_only,,False
2015-04-23,,8731.29,right_only,,False
2015-04-26,,8633.86,right_only,,False
2015-04-27,,8493.68,right_only,,False
2015-04-28,,8330.52,right_only,,False
2015-04-29,,8488.49,right_only,,False
2015-04-30,,8672.29,right_only,,False
2015-05-03,,8562.97,right_only,,False
2015-05-04,,8652.12,right_only,,False
2015-05-05,,8828.33,right_only,,False
2015-05-06,,8756.31,right_only,,False
2015-05-07,,8742.42,right_only,,False
2015-05-10,,8692.0,right_only,,False
2015-05-11,,8691.85,right_only,,False
2015-05-12,,8674.34,right_only,,False
2015-05-13,,8526.43,right_only,,False
2015-05-14,,8303.37,right_only,,False
2015-05-17,,8260.92,right_only,,False
2015-05-18,,8798.17,right_only,,False
2015-05-19,,8877.68,right_only,,False
2015-05-20,,8826.45,right_only,,False
2015-05-21,,8988.03,right_only,,False
2015-05-24,,9121.92,right_only,,False
2015-05-25,,9050.76,right_only,,False
2015-05-26,,8975.32,right_only,,False
2015-05-27,,8966.71,right_only,,False
2015-05-28,,8912.05,right_only,,False
2015-05-31,,8782.55,right_only,,False
2015-06-01,,8745.04,right_only,,False
2015-06-02,,8847.59,right_only,,False
2015-06-03,,8905.6,right_only,,False
2015-06-04,,8780.76,right_only,,False
2015-06-07,,8728.87,right_only,,False
2015-06-08,,8672.33,right_only,,False
2015-06-09,,8660.93,right_only,,False
2015-06-10,,8639.43,right_only,,False
2015-06-11,,8626.46,right_only,,False
2015-06-14,,8534.13,right_only,,False
2015-06-15,,8515.63,right_only,,False
2015-06-16,,8556.1,right_only,,False
2015-06-17,,8556.55,right_only,,False
2015-06-18,,8576.71,right_only,,False
2015-06-21,,8535.19,right_only,,False
2015-06-22,,8489.41,right_only,,False
2015-06-23,,8444.93,right_only,,False
2015-06-24,,8456.82,right_only,,False
2015-06-25,,8406.17,right_only,,False
2015-06-28,,8511.98,right_only,,False
2015-06-29,,8371.53,right_only,,False
2015-07-02,,8314.72,right_only,,False
2015-07-05,,8218.25,right_only,,False
2015-07-06,,7870.78,right_only,,False
2015-07-07,,7752.94,right_only,,False
2015-07-08,,7550.98,right_only,,False
2015-07-09,,7617.39,right_only,,False
2015-07-12,,7691.35,right_only,,False
2015-07-13,,7587.07,right_only,,False
2015-07-14,,7686.91,right_only,,False
2015-07-15,,7882.62,right_only,,False
2015-07-16,,8022.91,right_only,,False
2015-07-21,,8049.69,right_only,,False
2015-07-22,,8087.24,right_only,,False
2015-07-26,,8004.83,right_only,,False
2015-07-27,,7887.87,right_only,,False
2015-07-28,,7949.89,right_only,,False
2015-07-29,,8105.69,right_only,,False
2015-07-30,,8191.53,right_only,,False
2015-08-02,,8158.31,right_only,,False
2015-08-03,,8087.54,right_only,,False
2015-08-04,,8181.95,right_only,,False
2015-08-05,,8114.08,right_only,,False
2015-08-09,,8011.06,right_only,,False
2015-08-10,,8028.69,right_only,,False
2015-08-11,,8083.18,right_only,,False
2015-08-12,,7911.88,right_only,,False
2015-08-13,,7879.82,right_only,,False
2015-08-16,,7625.76,right_only,,False
2015-08-17,,7594.05,right_only,,False
2015-08-18,,7398.43,right_only,,False
2015-08-19,,7240.77,right_only,,False
2015-08-20,,7172.63,right_only,,False
2015-08-23,,6784.09,right_only,,False
2015-08-24,,6654.06,right_only,,False
2015-08-25,,6836.95,right_only,,False
2015-08-26,,6873.49,right_only,,False
2015-08-27,,7078.83,right_only,,False
2015-08-30,,7055.28,right_only,,False
2015-08-31,,7252.43,right_only,,False
2015-09-01,,7203.86,right_only,,False
2015-09-02,,7150.47,right_only,,False
2015-09-03,,7295.96,right_only,,False
2015-09-06,,7273.92,right_only,,False
2015-09-07,,7166.62,right_only,,False
2015-09-08,,6924.05,right_only,,False
2015-09-09,,7050.02,right_only,,False
2015-09-10,,7039.33,right_only,,False
2015-09-13,,7082.0,right_only,,False
2015-09-14,,7158.1,right_only,,False
2015-09-15,,7175.59,right_only,,False
2015-09-16,,7266.42,right_only,,False
2015-09-17,,7267.52,right_only,,False
2015-09-20,,7234.46,right_only,,False
2015-09-21,,7285.25,right_only,,False
2015-09-22,,7346.54,right_only,,False
2015-09-28,,7409.06,right_only,,False
2015-09-29,,7331.53,right_only,,False
2015-09-30,,7332.88,right_only,,False
2015-10-01,,7310.71,right_only,,False
2015-10-04,,7263.29,right_only,,False
2015-10-05,,7239.27,right_only,,False
2015-10-07,,7354.56,right_only,,False
2015-10-08,,7491.67,right_only,,False
2015-10-11,,7547.66,right_only,,False
2015-10-12,,7650.65,right_only,,False
2015-10-13,,7669.12,right_only,,False
2015-10-15,,7594.45,right_only,,False
2015-10-18,,7538.22,right_only,,False
2015-10-19,,7621.67,right_only,,False
2015-10-20,,7658.95,right_only,,False
2015-10-21,,7669.14,right_only,,False
2015-10-22,,7611.03,right_only,,False
2015-10-25,,7653.14,right_only,,False
2015-10-26,,7577.53,right_only,,False
2015-10-27,,7534.08,right_only,,False
2015-10-28,,7479.59,right_only,,False
2015-10-29,,7507.89,right_only,,False
2015-11-01,,7413.01,right_only,,False
2015-11-02,,7434.69,right_only,,False
2015-11-03,,7432.96,right_only,,False
2015-11-04,,7450.36,right_only,,False
2015-11-05,,7541.72,right_only,,False
2015-11-08,,7347.22,right_only,,False
2015-11-09,,7138.81,right_only,,False
2015-11-10,,6824.74,right_only,,False
2015-11-11,,6801.9,right_only,,False
2015-11-12,,6806.67,right_only,,False
2015-11-15,,6522.12,right_only,,False
2015-11-16,,6480.65,right_only,,False
2015-11-17,,6407.33,right_only,,False
2015-11-18,,6413.97,right_only,,False
2015-11-19,,6568.97,right_only,,False
2015-11-22,,6607.53,right_only,,False
2015-11-23,,6451.32,right_only,,False
2015-11-24,,6321.39,right_only,,False
2015-11-25,,6391.07,right_only,,False
2015-11-26,,6427.82,right_only,,False
2015-11-29,,6477.73,right_only,,False
2015-11-30,,6356.65,right_only,,False
2015-12-01,,6424.88,right_only,,False
2015-12-02,,6649.72,right_only,,False
2015-12-03,,6779.28,right_only,,False
2015-12-06,,6837.42,right_only,,False
2015-12-07,,6777.81,right_only,,False
2015-12-08,,6608.01,right_only,,False
2015-12-09,,6629.32,right_only,,False
2015-12-10,,6637.91,right_only,,False
2015-12-13,,6395.2,right_only,,False
2015-12-14,,6408.12,right_only,,False
2015-12-15,,6421.0,right_only,,False
2015-12-16,,6488.51,right_only,,False
2015-12-17,,6669.8,right_only,,False
2015-12-20,,6707.66,right_only,,False
2015-12-21,,6762.26,right_only,,False
2015-12-22,,6769.08,right_only,,False
2015-12-24,,6812.65,right_only,,False
2015-12-27,,6749.11,right_only,,False
2015-12-28,,6744.47,right_only,,False
2015-12-29,,6794.75,right_only,,False
2015-12-30,,6981.01,right_only,,False
2015-12-31,,7006.01,right_only,,False
2016-01-03,,7089.06,right_only,,False
2016-01-04,,6982.25,right_only,,False
2016-01-05,,7021.42,right_only,,False
2016-01-06,,6922.71,right_only,,False
2016-01-10,,6782.35,right_only,,False
2016-01-11,,6634.98,right_only,,False
2016-01-12,,6463.92,right_only,,False
2016-01-13,,6205.23,right_only,,False
2016-01-14,,5857.7,right_only,,False
2016-01-17,,5760.19,right_only,,False
2016-01-18,,5941.19,right_only,,False
2016-01-19,,6097.45,right_only,,False
2016-01-20,,5776.59,right_only,,False
2016-01-21,,5713.35,right_only,,False
2016-01-24,,5893.54,right_only,,False
2016-01-26,,5896.56,right_only,,False
2016-01-27,,5960.59,right_only,,False
2016-01-28,,5986.78,right_only,,False
2016-01-31,,5992.72,right_only,,False
2016-02-01,,5906.92,right_only,,False
2016-02-02,,6008.85,right_only,,False
2016-02-03,,6066.54,right_only,,False
2016-02-04,,6202.22,right_only,,False
2016-02-07,,6126.47,right_only,,False
2016-02-08,,6174.77,right_only,,False
2016-02-09,,6004.41,right_only,,False
2016-02-10,,6062.65,right_only,,False
2016-02-11,,5813.72,right_only,,False
2016-02-14,,5753.74,right_only,,False
2016-02-15,,5800.05,right_only,,False
2016-02-16,,5894.6,right_only,,False
2016-02-17,,5947.7,right_only,,False
2016-02-18,,5944.47,right_only,,False
2016-02-21,,6007.88,right_only,,False
2016-02-22,,6086.45,right_only,,False
2016-02-23,,6104.74,right_only,,False
2016-02-24,,6054.03,right_only,,False
2016-02-25,,6079.13,right_only,,False
2016-02-28,,6156.01,right_only,,False
2016-02-29,,6146.93,right_only,,False
2016-03-01,,6115.54,right_only,,False
2016-03-02,,6076.57,right_only,,False
2016-03-03,,6089.34,right_only,,False
2016-03-06,,6214.94,right_only,,False
2016-03-07,,6261.41,right_only,,False
2016-03-08,,6339.76,right_only,,False
2016-03-09,,6372.64,right_only,,False
2016-03-10,,6563.65,right_only,,False
2016-03-13,,6563.83,right_only,,False
2016-03-14,,7003.85,right_only,,False
2016-03-15,,7139.44,right_only,,False
2016-03-16,,7228.68,right_only,,False
2016-03-17,,7485.69,right_only,,False
2016-03-20,,7465.86,right_only,,False
2016-03-21,,7494.12,right_only,,False
2016-03-22,,7430.33,right_only,,False
2016-03-23,,7495.47,right_only,,False
2016-03-24,,7548.22,right_only,,False
2016-03-27,,7480.11,right_only,,False
2016-03-28,,7494.1,right_only,,False
2016-03-29,,7567.46,right_only,,False
2016-03-30,,7485.06,right_only,,False
2016-03-31,,7524.99,right_only,,False
2016-04-03,,7521.2,right_only,,False
2016-04-04,,7577.02,right_only,,False
2016-04-05,,7657.98,right_only,,False
2016-04-06,,7459.84,right_only,,False
2016-04-07,,7478.74,right_only,,False
2016-04-10,,7403.77,right_only,,False
2016-04-11,,7342.46,right_only,,False
2016-04-12,,7331.05,right_only,,False
2016-04-13,,7420.61,right_only,,False
2016-04-14,,7463.1,right_only,,False
2016-04-17,,7517.02,right_only,,False
2016-04-18,,7662.44,right_only,,False
2016-04-19,,7864.03,right_only,,False
2016-04-20,,7799.86,right_only,,False
2016-04-21,,7781.45,right_only,,False
2016-04-24,,7743.41,right_only,,False
2016-04-26,,7886.82,right_only,,False
2016-04-27,,7863.58,right_only,,False
2016-04-28,,7773.23,right_only,,False
2016-05-03,,7531.59,right_only,,False
2016-05-04,,7442.44,right_only,,False
2016-05-05,,7547.49,right_only,,False
2016-05-08,,7571.7,right_only,,False
2016-05-09,,7646.02,right_only,,False
2016-05-10,,7621.91,right_only,,False
2016-05-11,,7503.4,right_only,,False
2016-05-12,,7520.52,right_only,,False
2016-05-15,,7373.0,right_only,,False
2016-05-16,,7409.27,right_only,,False
2016-05-17,,7549.97,right_only,,False
2016-05-18,,7637.04,right_only,,False
2016-05-19,,7499.49,right_only,,False
2016-05-22,,7494.76,right_only,,False
2016-05-23,,7417.08,right_only,,False
2016-05-24,,7497.33,right_only,,False
2016-05-25,,7543.43,right_only,,False
2016-05-26,,7531.15,right_only,,False
2016-05-29,,7486.13,right_only,,False
2016-05-30,,7452.88,right_only,,False
2016-05-31,,7483.65,right_only,,False
2016-06-01,,7572.39,right_only,,False
2016-06-02,,7617.88,right_only,,False
2016-06-05,,7563.5,right_only,,False
2016-06-06,,7639.59,right_only,,False
2016-06-07,,7717.35,right_only,,False
2016-06-08,,7780.13,right_only,,False
2016-06-09,,7756.3,right_only,,False
2016-06-12,,7650.62,right_only,,False
2016-06-13,,7645.21,right_only,,False
2016-06-14,,7570.05,right_only,,False
2016-06-15,,7414.81,right_only,,False
2016-06-16,,7420.39,right_only,,False
2016-06-19,,7337.97,right_only,,False
2016-06-20,,7203.64,right_only,,False
2016-06-21,,7250.92,right_only,,False
2016-06-22,,7156.49,right_only,,False
2016-06-23,,7253.31,right_only,,False
2016-06-26,,6851.61,right_only,,False
2016-06-27,,6903.81,right_only,,False
2016-06-28,,6931.94,right_only,,False
2016-06-29,,6942.52,right_only,,False
2016-07-03,,6981.72,right_only,,False
2016-07-04,,7182.8,right_only,,False
2016-07-10,,7517.43,right_only,,False
2016-07-11,,7506.18,right_only,,False
2016-07-12,,7457.5,right_only,,False
2016-07-13,,7559.87,right_only,,False
2016-07-14,,7583.06,right_only,,False
2016-07-17,,7599.64,right_only,,False
2016-07-18,,7628.64,right_only,,False
2016-07-19,,7596.96,right_only,,False
2016-07-20,,7503.36,right_only,,False
2016-07-21,,7436.87,right_only,,False
2016-07-24,,7463.72,right_only,,False
2016-07-25,,7517.78,right_only,,False
2016-07-26,,7539.99,right_only,,False
2016-07-27,,7914.74,right_only,,False
2016-07-28,,8030.85,right_only,,False
2016-07-31,,7983.15,right_only,,False
2016-08-01,,7930.14,right_only,,False
2016-08-02,,7973.45,right_only,,False
2016-08-03,,8104.57,right_only,,False
2016-08-04,,8255.36,right_only,,False
2016-08-07,,8223.46,right_only,,False
2016-08-08,,8273.14,right_only,,False
2016-08-09,,8199.65,right_only,,False
2016-08-10,,8291.51,right_only,,False
2016-08-11,,8377.71,right_only,,False
2016-08-14,,8351.07,right_only,,False
2016-08-15,,8453.53,right_only,,False
2016-08-16,,8387.49,right_only,,False
2016-08-17,,8347.38,right_only,,False
2016-08-18,,8317.17,right_only,,False
2016-08-21,,8352.27,right_only,,False
2016-08-22,,8246.9,right_only,,False
2016-08-23,,8186.7,right_only,,False
2016-08-24,,8224.33,right_only,,False
2016-08-25,,8131.49,right_only,,False
2016-08-28,,8052.23,right_only,,False
2016-08-29,,8032.43,right_only,,False
2016-08-30,,8080.81,right_only,,False
2016-08-31,,8158.04,right_only,,False
2016-09-01,,8136.44,right_only,,False
2016-09-04,,8241.16,right_only,,False
2016-09-05,,8270.76,right_only,,False
2016-09-06,,8202.43,right_only,,False
2016-09-07,,8146.1,right_only,,False
2016-09-08,,8188.2,right_only,,False
2016-09-14,,8132.75,right_only,,False
2016-09-15,,7979.25,right_only,,False
2016-09-18,,7916.41,right_only,,False
2016-09-19,,7974.12,right_only,,False
2016-09-20,,8048.69,right_only,,False
2016-09-21,,7937.79,right_only,,False
2016-09-22,,7913.94,right_only,,False
2016-09-25,,7904.53,right_only,,False
2016-09-26,,7974.84,right_only,,False
2016-09-27,,7948.93,right_only,,False
2016-09-28,,7907.92,right_only,,False
2016-09-29,,7881.11,right_only,,False
2016-10-03,,8133.12,right_only,,False
2016-10-04,,8198.51,right_only,,False
2016-10-05,,8368.52,right_only,,False
2016-10-09,,8436.82,right_only,,False
2016-10-10,,8364.0,right_only,,False
2016-10-11,,8232.77,right_only,,False
2016-10-12,,8185.95,right_only,,False
2016-10-13,,8505.12,right_only,,False
2016-10-16,,8432.41,right_only,,False
2016-10-17,,8243.32,right_only,,False
2016-10-18,,8213.53,right_only,,False
2016-10-19,,8160.4,right_only,,False
2016-10-20,,8277.21,right_only,,False
2016-10-23,,8274.15,right_only,,False
2016-10-24,,8228.13,right_only,,False
2016-10-25,,8261.14,right_only,,False
2016-10-26,,8257.21,right_only,,False
2016-10-27,,8343.31,right_only,,False
2016-10-30,,8357.42,right_only,,False
2016-10-31,,8386.03,right_only,,False
2016-11-01,,8447.76,right_only,,False
2016-11-02,,8524.66,right_only,,False
2016-11-03,,8810.51,right_only,,False
2016-11-06,,9349.9,right_only,,False
2016-11-07,,9852.69,right_only,,False
2016-11-08,,10096.57,right_only,,False
2016-11-09,,10225.5,right_only,,False
2016-11-10,,10688.16,right_only,,False
2016-11-13,,10916.97,right_only,,False
2016-11-14,,10694.41,right_only,,False
2016-11-15,,10640.53,right_only,,False
2016-11-16,,10997.38,right_only,,False
2016-11-17,,11221.56,right_only,,False
2016-11-20,,11277.47,right_only,,False
2016-11-21,,11543.07,right_only,,False
2016-11-22,,11519.8,right_only,,False
2016-11-23,,11550.31,right_only,,False
2016-11-24,,11353.11,right_only,,False
2016-11-27,,11145.95,right_only,,False
2016-11-28,,11261.82,right_only,,False
2016-11-29,,11159.32,right_only,,False
2016-11-30,,11453.25,right_only,,False
2016-12-01,,11548.15,right_only,,False
2016-12-04,,11631.41,right_only,,False
2016-12-05,,11426.5,right_only,,False
2016-12-06,,11502.51,right_only,,False
2016-12-07,,11348.37,right_only,,False
2016-12-08,,11297.93,right_only,,False
2016-12-12,,11444.06,right_only,,False
2016-12-13,,11385.1,right_only,,False
2016-12-14,,11317.17,right_only,,False
2016-12-15,,11326.03,right_only,,False
2016-12-18,,11398.01,right_only,,False
2016-12-19,,11752.46,right_only,,False
2016-12-20,,12147.95,right_only,,False
2016-12-21,,12366.96,right_only,,False
2016-12-22,,12420.3,right_only,,False
2016-12-25,,12251.06,right_only,,False
2016-12-26,,12182.04,right_only,,False
2016-12-27,,12181.98,right_only,,False
2016-12-28,,12259.83,right_only,,False
2016-12-29,,12344.89,right_only,,False
2017-01-02,,12290.61,right_only,,False
2017-01-03,,12425.17,right_only,,False
2017-01-04,,12608.44,right_only,,False
2017-01-05,,12824.32,right_only,,False
2017-01-08,,12891.39,right_only,,False
2017-01-09,,12781.16,right_only,,False
2017-01-10,,13014.54,right_only,,False
2017-01-11,,13089.05,right_only,,False
2017-01-12,,13223.9,right_only,,False
2017-01-15,,13287.76,right_only,,False
2017-01-16,,13264.82,right_only,,False
2017-01-17,,13436.1,right_only,,False
2017-01-18,,13304.44,right_only,,False
2017-01-19,,12806.77,right_only,,False
2017-01-22,,12722.08,right_only,,False
2017-01-23,,13002.89,right_only,,False
2017-01-24,,12882.88,right_only,,False
2017-01-26,,13091.05,right_only,,False
2017-01-29,,13161.52,right_only,,False
2017-01-30,,12926.07,right_only,,False
2017-01-31,,12672.49,right_only,,False
2017-02-01,,12584.26,right_only,,False
2017-02-02,,12806.07,right_only,,False
2017-02-05,,12883.43,right_only,,False
2017-02-06,,12849.42,right_only,,False
2017-02-07,,13129.27,right_only,,False
2017-02-08,,13228.33,right_only,,False
2017-02-09,,13114.86,right_only,,False
2017-02-12,,12922.44,right_only,,False
2017-02-13,,12740.05,right_only,,False
2017-02-14,,12503.73,right_only,,False
2017-02-15,,12448.35,right_only,,False
2017-02-16,,12651.97,right_only,,False
2017-02-19,,12549.17,right_only,,False
2017-02-20,,12444.18,right_only,,False
2017-02-21,,12657.82,right_only,,False
2017-02-22,,12401.09,right_only,,False
2017-02-23,,12240.53,right_only,,False
2017-02-26,,12269.88,right_only,,False
2017-02-27,,12023.93,right_only,,False
2017-02-28,,11937.67,right_only,,False
2017-03-01,,11998.72,right_only,,False
2017-03-02,,12310.49,right_only,,False
2017-03-05,,12499.61,right_only,,False
2017-03-06,,12623.22,right_only,,False
2017-03-07,,12677.55,right_only,,False
2017-03-08,,12735.36,right_only,,False
2017-03-09,,12853.27,right_only,,False
2017-03-12,,12919.9,right_only,,False
2017-03-13,,12929.13,right_only,,False
2017-03-14,,12789.52,right_only,,False
2017-03-15,,12745.49,right_only,,False
2017-03-16,,12983.99,right_only,,False
2017-03-19,,13092.4,right_only,,False
2017-03-20,,13023.49,right_only,,False
2017-03-21,,12905.37,right_only,,False
2017-03-22,,12879.06,right_only,,False
2017-03-23,,13032.06,right_only,,False
2017-03-26,,13108.22,right_only,,False
2017-03-27,,12969.64,right_only,,False
2017-03-28,,12982.66,right_only,,False
2017-03-29,,12987.65,right_only,,False
2017-03-30,,12994.8,right_only,,False
2017-04-02,,12912.27,right_only,,False
2017-04-03,,13061.07,right_only,,False
2017-04-04,,13264.75,right_only,,False
2017-04-05,,13289.99,right_only,,False
2017-04-06,,13098.54,right_only,,False
2017-04-09,,12895.12,right_only,,False
2017-04-10,,12848.56,right_only,,False
2017-04-11,,12995.71,right_only,,False
2017-04-12,,12984.36,right_only,,False
2017-04-13,,12967.38,right_only,,False
2017-04-18,,13027.14,right_only,,False
2017-04-19,,12895.3,right_only,,False
2017-04-20,,12905.85,right_only,,False
2017-04-23,,12544.92,right_only,,False
2017-04-24,,12583.13,right_only,,False
2017-04-26,,12671.29,right_only,,False
2017-04-27,,12525.69,right_only,,False
2017-04-30,,12433.6,right_only,,False
2017-05-02,,12530.32,right_only,,False
2017-05-03,,12603.56,right_only,,False
2017-05-04,,12709.93,right_only,,False
2017-05-07,,12692.15,right_only,,False
2017-05-08,,12827.93,right_only,,False
2017-05-09,,12933.68,right_only,,False
2017-05-10,,12993.4,right_only,,False
2017-05-11,,12906.98,right_only,,False
2017-05-14,,12870.91,right_only,,False
2017-05-15,,12866.06,right_only,,False
2017-05-16,,12936.59,right_only,,False
2017-05-17,,13064.02,right_only,,False
2017-05-18,,12952.38,right_only,,False
2017-05-21,,12974.75,right_only,,False
2017-05-22,,12648.24,right_only,,False
2017-05-23,,12791.83,right_only,,False
2017-05-24,,12884.44,right_only,,False
2017-05-25,,13094.42,right_only,,False
2017-05-28,,13205.11,right_only,,False
2017-05-29,,13207.94,right_only,,False
2017-05-30,,13239.16,right_only,,False
2017-05-31,,13339.63,right_only,,False
2017-06-01,,13467.29,right_only,,False
2017-06-04,,13495.32,right_only,,False
2017-06-05,,13520.13,right_only,,False
2017-06-06,,13626.8,right_only,,False
2017-06-07,,13632.98,right_only,,False
2017-06-08,,13683.66,right_only,,False
2017-06-11,,13616.04,right_only,,False
2017-06-12,,13491.89,right_only,,False
2017-06-13,,13531.34,right_only,,False
2017-06-14,,13502.12,right_only,,False
2017-06-15,,13478.75,right_only,,False
2017-06-18,,13496.47,right_only,,False
2017-06-19,,13508.39,right_only,,False
2017-06-20,,13415.55,right_only,,False
2017-06-21,,13376.44,right_only,,False
2017-06-22,,13417.14,right_only,,False
2017-06-28,,13395.81,right_only,,False
2017-07-02,,13487.36,right_only,,False
2017-07-03,,13431.06,right_only,,False
2017-07-04,,13334.78,right_only,,False
2017-07-05,,13334.86,right_only,,False
2017-07-06,,13369.88,right_only,,False
2017-07-09,,13342.09,right_only,,False
2017-07-10,,13483.04,right_only,,False
2017-07-11,,13684.27,right_only,,False
2017-07-12,,13690.29,right_only,,False
2017-07-13,,13822.59,right_only,,False
2017-07-16,,13815.77,right_only,,False
2017-07-17,,13956.32,right_only,,False
2017-07-18,,13717.53,right_only,,False
2017-07-19,,13707.13,right_only,,False
2017-07-20,,13715.06,right_only,,False
2017-07-24,,13752.98,right_only,,False
2017-07-25,,13740.72,right_only,,False
2017-07-26,,13797.25,right_only,,False
2017-07-27,,13609.22,right_only,,False
2017-07-30,,13480.1,right_only,,False
2017-07-31,,13419.38,right_only,,False
2017-08-01,,13396.22,right_only,,False
2017-08-02,,13405.2,right_only,,False
2017-08-03,,13413.12,right_only,,False
2017-08-06,,13558.46,right_only,,False
2017-08-07,,13660.8,right_only,,False
2017-08-08,,13637.69,right_only,,False
2017-08-09,,13580.76,right_only,,False
2017-08-10,,13462.38,right_only,,False
2017-08-13,,13279.61,right_only,,False
2017-08-14,,13135.1,right_only,,False
2017-08-15,,13102.39,right_only,,False
2017-08-16,,13149.19,right_only,,False
2017-08-17,,13119.44,right_only,,False
2017-08-20,,13026.29,right_only,,False
2017-08-21,,13106.12,right_only,,False
2017-08-22,,13114.87,right_only,,False
2017-08-23,,12996.2,right_only,,False
2017-08-24,,12926.4,right_only,,False
2017-08-27,,12913.25,right_only,,False
2017-08-28,,13013.73,right_only,,False
2017-08-29,,13195.34,right_only,,False
2017-08-30,,13415.77,right_only,,False
2017-09-05,,13415.05,right_only,,False
2017-09-06,,13317.89,right_only,,False
2017-09-07,,13432.69,right_only,,False
2017-09-10,,13457.14,right_only,,False
2017-09-11,,13533.24,right_only,,False
2017-09-12,,13474.88,right_only,,False
2017-09-13,,13442.55,right_only,,False
2017-09-14,,13610.61,right_only,,False
2017-09-17,,13612.51,right_only,,False
2017-09-18,,13592.71,right_only,,False
2017-09-19,,13730.0,right_only,,False
2017-09-20,,13695.33,right_only,,False
2017-09-24,,13607.19,right_only,,False
2017-09-25,,13674.42,right_only,,False
2017-09-26,,13704.13,right_only,,False
2017-09-27,,13740.82,right_only,,False
2017-09-28,,13888.51,right_only,,False
2017-10-01,,13976.78,right_only,,False
2017-10-02,,14000.43,right_only,,False
2017-10-03,,13930.73,right_only,,False
2017-10-04,,13881.97,right_only,,False
2017-10-08,,13997.69,right_only,,False
2017-10-09,,13968.53,right_only,,False
2017-10-10,,13824.08,right_only,,False
2017-10-11,,13816.05,right_only,,False
2017-10-12,,13891.71,right_only,,False
2017-10-15,,13905.79,right_only,,False
2017-10-16,,13525.25,right_only,,False
2017-10-17,,13525.48,right_only,,False
2017-10-18,,13590.15,right_only,,False
2017-10-19,,13713.62,right_only,,False
2017-10-22,,13706.06,right_only,,False
2017-10-23,,13870.34,right_only,,False
2017-10-24,,13928.38,right_only,,False
2017-10-25,,13901.38,right_only,,False
2017-10-26,,13955.47,right_only,,False
2017-10-29,,14024.41,right_only,,False
2017-10-30,,14197.21,right_only,,False
2017-10-31,,14342.38,right_only,,False
2017-11-01,,14277.29,right_only,,False
2017-11-02,,14319.34,right_only,,False
2017-11-05,,14183.77,right_only,,False
2017-11-06,,14072.92,right_only,,False
2017-11-07,,14057.56,right_only,,False
2017-11-08,,14204.95,right_only,,False
2017-11-09,,14350.14,right_only,,False
2017-11-12,,14270.55,right_only,,False
2017-11-13,,14123.31,right_only,,False
2017-11-14,,14132.96,right_only,,False
2017-11-15,,14025.11,right_only,,False
2017-11-16,,13847.36,right_only,,False
2017-11-19,,13742.11,right_only,,False
2017-11-20,,13680.5,right_only,,False
2017-11-21,,13725.45,right_only,,False
2017-11-22,,13839.37,right_only,,False
2017-11-23,,14106.17,right_only,,False
2017-11-26,,14222.7,right_only,,False
2017-11-27,,14219.99,right_only,,False
2017-11-28,,14537.03,right_only,,False
2017-11-29,,14582.22,right_only,,False
2017-12-03,,14713.63,right_only,,False
2017-12-04,,14572.17,right_only,,False
2017-12-05,,14460.96,right_only,,False
2017-12-06,,14345.58,right_only,,False
2017-12-07,,14294.73,right_only,,False
2017-12-10,,14414.25,right_only,,False
2017-12-11,,14426.75,right_only,,False
2017-12-12,,14590.2,right_only,,False
2017-12-13,,14651.42,right_only,,False
2017-12-14,,14679.91,right_only,,False
2017-12-17,,14716.66,right_only,,False
2017-12-18,,14721.45,right_only,,False
2017-12-19,,14678.41,right_only,,False
2017-12-20,,14682.14,right_only,,False
2017-12-21,,14668.59,right_only,,False
2017-12-24,,14790.78,right_only,,False
2017-12-25,,14843.33,right_only,,False
2017-12-26,,14922.85,right_only,,False
2017-12-27,,14904.82,right_only,,False
2017-12-28,,15016.97,right_only,,False
2017-12-31,,15019.14,right_only,,False
2018-01-02,,15023.76,right_only,,False
2018-01-03,,14833.73,right_only,,False
2018-01-04,,14782.38,right_only,,False
2018-01-08,,14953.17,right_only,,False
2018-01-09,,15159.37,right_only,,False
2018-01-10,,15192.55,right_only,,False
2018-01-11,,15242.48,right_only,,False
2018-01-14,,15254.85,right_only,,False
2018-01-15,,15127.76,right_only,,False
2018-01-16,,15089.37,right_only,,False
2018-01-17,,15198.54,right_only,,False
2018-01-18,,15411.0,right_only,,False
2018-01-21,,15339.91,right_only,,False
2018-01-22,,15243.23,right_only,,False
2018-01-23,,15197.08,right_only,,False
2018-01-24,,15170.73,right_only,,False
2018-01-28,,15311.15,right_only,,False
2018-01-29,,15369.13,right_only,,False
2018-01-30,,15315.66,right_only,,False
2018-01-31,,15042.37,right_only,,False
2018-02-01,,15088.66,right_only,,False
2018-02-04,,14874.84,right_only,,False
2018-02-05,,14962.14,right_only,,False
2018-02-06,,14717.98,right_only,,False
2018-02-07,,15037.05,right_only,,False
2018-02-08,,14921.29,right_only,,False
2018-02-11,,14828.36,right_only,,False
2018-02-12,,14890.71,right_only,,False
2018-02-13,,14729.75,right_only,,False
2018-02-14,,14805.95,right_only,,False
2018-02-15,,14965.93,right_only,,False
2018-02-18,,15045.56,right_only,,False
2018-02-19,,15158.12,right_only,,False
2018-02-20,,15219.26,right_only,,False
2018-02-21,,15244.49,right_only,,False
2018-02-22,,15318.92,right_only,,False
2018-02-25,,15467.77,right_only,,False
2018-02-26,,15454.0,right_only,,False
2018-02-27,,15522.88,right_only,,False
2018-02-28,,15472.69,right_only,,False
2018-03-01,,15443.18,right_only,,False
2018-03-04,,15519.55,right_only,,False
2018-03-05,,15709.01,right_only,,False
2018-03-06,,16022.26,right_only,,False
2018-03-07,,16384.07,right_only,,False
2018-03-08,,16472.28,right_only,,False
2018-03-11,,16391.48,right_only,,False
2018-03-12,,16742.15,right_only,,False
2018-03-13,,16989.06,right_only,,False
2018-03-14,,16881.72,right_only,,False
2018-03-15,,16999.1,right_only,,False
2018-03-18,,17271.03,right_only,,False
2018-03-19,,17172.13,right_only,,False
2018-03-20,,17113.9,right_only,,False
2018-03-21,,17147.12,right_only,,False
2018-03-22,,17064.58,right_only,,False
2018-03-25,,16984.69,right_only,,False
2018-03-26,,17104.34,right_only,,False
2018-03-27,,17270.43,right_only,,False
2018-03-28,,17305.51,right_only,,False
2018-03-29,,17450.15,right_only,,False
2018-04-01,,17595.88,right_only,,False
2018-04-02,,17684.66,right_only,,False
2018-04-03,,17492.71,right_only,,False
2018-04-04,,17509.65,right_only,,False
2018-04-05,,17410.59,right_only,,False
2018-04-10,,17697.32,right_only,,False
2018-04-11,,17943.96,right_only,,False
2018-04-12,,17615.69,right_only,,False
2018-04-15,,17588.86,right_only,,False
2018-04-16,,17620.28,right_only,,False
2018-04-17,,17802.48,right_only,,False
2018-04-18,,17705.87,right_only,,False
2018-04-19,,17781.02,right_only,,False
2018-04-22,,17898.09,right_only,,False
2018-04-23,,18080.7,right_only,,False
2018-04-24,,18121.96,right_only,,False
2018-04-26,,18363.29,right_only,,False
2018-04-29,,18304.46,right_only,,False
2018-04-30,,18295.57,right_only,,False
2018-05-02,,18173.16,right_only,,False
2018-05-03,,17832.86,right_only,,False
2018-05-06,,17610.87,right_only,,False
2018-05-07,,17523.15,right_only,,False
2018-05-08,,17814.45,right_only,,False
2018-05-09,,17460.3,right_only,,False
2018-05-10,,17155.14,right_only,,False
2018-05-13,,17184.02,right_only,,False
2018-05-14,,16984.07,right_only,,False
2018-05-15,,16985.78,right_only,,False
2018-05-16,,16993.21,right_only,,False
2018-05-17,,16877.66,right_only,,False
2018-05-20,,16782.07,right_only,,False
2018-05-21,,16780.91,right_only,,False
2018-05-22,,16657.66,right_only,,False
2018-05-23,,16662.55,right_only,,False
2018-05-24,,16633.97,right_only,,False
2018-05-27,,16648.47,right_only,,False
2018-05-28,,16791.09,right_only,,False
2018-05-29,,17005.86,right_only,,False
2018-05-30,,16760.24,right_only,,False
2018-05-31,,16414.53,right_only,,False
2018-06-03,,16675.31,right_only,,False
2018-06-04,,16404.33,right_only,,False
2018-06-05,,16022.11,right_only,,False
2018-06-06,,15908.91,right_only,,False
2018-06-07,,15923.66,right_only,,False
2018-06-10,,16142.72,right_only,,False
2018-06-11,,15921.25,right_only,,False
2018-06-12,,15938.11,right_only,,False
2018-06-13,,16178.28,right_only,,False
2018-06-14,,16220.93,right_only,,False
2018-06-19,,16067.77,right_only,,False
2018-06-20,,16143.48,right_only,,False
2018-06-21,,16345.77,right_only,,False
2018-06-24,,16395.02,right_only,,False
2018-06-25,,16457.51,right_only,,False
2018-06-26,,16197.44,right_only,,False
2018-06-27,,16176.41,right_only,,False
2018-06-28,,16348.55,right_only,,False
2018-07-02,,16362.59,right_only,,False
2018-07-03,,16421.32,right_only,,False
2018-07-04,,16309.65,right_only,,False
2018-07-05,,16125.34,right_only,,False
2018-07-08,,15839.84,right_only,,False
2018-07-09,,15785.93,right_only,,False
2018-07-10,,15921.03,right_only,,False
2018-07-11,,15952.42,right_only,,False
2018-07-12,,15879.81,right_only,,False
2018-07-15,,15842.46,right_only,,False
2018-07-16,,15655.89,right_only,,False
2018-07-17,,15420.72,right_only,,False
2018-07-18,,15578.73,right_only,,False
2018-07-19,,15416.31,right_only,,False
2018-07-22,,15303.79,right_only,,False
2018-07-24,,15480.37,right_only,,False
2018-07-25,,15186.36,right_only,,False
2018-07-26,,15199.29,right_only,,False
2018-07-29,,15378.11,right_only,,False
2018-07-30,,15297.02,right_only,,False
2018-07-31,,15580.19,right_only,,False
2018-08-01,,15670.18,right_only,,False
2018-08-02,,15806.38,right_only,,False
2018-08-05,,15737.05,right_only,,False
2018-08-06,,15645.56,right_only,,False
2018-08-07,,15761.55,right_only,,False
2018-08-08,,15862.86,right_only,,False
2018-08-09,,15924.06,right_only,,False
2018-08-12,,15738.34,right_only,,False
2018-08-13,,15521.52,right_only,,False
2018-08-14,,15356.81,right_only,,False
2018-08-15,,15357.44,right_only,,False
2018-08-16,,15295.97,right_only,,False
2018-08-19,,15273.39,right_only,,False
2018-08-26,,15239.03,right_only,,False
2018-08-27,,15236.64,right_only,,False
2018-08-28,,15606.18,right_only,,False
2018-08-29,,15835.73,right_only,,False
2018-08-30,,16009.41,right_only,,False
2018-09-02,,15852.36,right_only,,False
2018-09-03,,15821.92,right_only,,False
2018-09-04,,15922.96,right_only,,False
2018-09-05,,15750.94,right_only,,False
2018-09-06,,15803.17,right_only,,False
2018-09-09,,15740.06,right_only,,False
2018-09-10,,15628.43,right_only,,False
2018-09-12,,15488.49,right_only,,False
2018-09-13,,15308.62,right_only,,False
2018-09-16,,14755.63,right_only,,False
2018-09-17,,14650.97,right_only,,False
2018-09-18,,14653.91,right_only,,False
2018-09-19,,14098.56,right_only,,False
2018-09-20,,14083.48,right_only,,False
2018-09-23,,14261.25,right_only,,False
2018-09-24,,14200.68,right_only,,False
2018-09-25,,14358.64,right_only,,False
2018-09-26,,14612.18,right_only,,False
2018-09-27,,14632.4,right_only,,False
2018-09-30,,14616.47,right_only,,False
2018-10-01,,14446.72,right_only,,False
2018-10-02,,14381.55,right_only,,False
2018-10-03,,14313.17,right_only,,False
2018-10-04,,14104.9,right_only,,False
2018-10-08,,13604.01,right_only,,False
2018-10-09,,13588.74,right_only,,False
2018-10-10,,13621.23,right_only,,False
2018-10-11,,13283.31,right_only,,False
2018-10-14,,13537.47,right_only,,False
2018-10-15,,13521.46,right_only,,False
2018-10-16,,13689.39,right_only,,False
2018-10-17,,13815.6,right_only,,False
2018-10-18,,13644.16,right_only,,False
2018-10-21,,13524.67,right_only,,False
2018-10-22,,13646.26,right_only,,False
2018-10-23,,13579.6,right_only,,False
2018-10-24,,13246.39,right_only,,False
2018-10-25,,13023.73,right_only,,False
2018-10-28,,12980.96,right_only,,False
2018-10-29,,13074.47,right_only,,False
2018-10-30,,13154.56,right_only,,False
2018-10-31,,13250.29,right_only,,False
2018-11-01,,13202.32,right_only,,False
2018-11-04,,13170.28,right_only,,False
2018-11-05,,13234.62,right_only,,False
2018-11-06,,13436.11,right_only,,False
2018-11-07,,13615.85,right_only,,False
2018-11-08,,13732.68,right_only,,False
2018-11-11,,13570.89,right_only,,False
2018-11-12,,13678.36,right_only,,False
2018-11-13,,13543.64,right_only,,False
2018-11-14,,13487.2,right_only,,False
2018-11-15,,13681.67,right_only,,False
2018-11-18,,13968.8,right_only,,False
2018-11-19,,13906.31,right_only,,False
2018-11-21,,13731.12,right_only,,False
2018-11-22,,13675.37,right_only,,False
2018-11-25,,13153.55,right_only,,False
2018-11-26,,13049.12,right_only,,False
2018-11-27,,13213.95,right_only,,False
2018-11-28,,13309.49,right_only,,False
2018-11-29,,13319.5,right_only,,False
2018-12-02,,13150.08,right_only,,False
2018-12-03,,12934.44,right_only,,False
2018-12-04,,12624.74,right_only,,False
2018-12-05,,12586.74,right_only,,False
2018-12-06,,12387.58,right_only,,False
2018-12-09,,12140.0,right_only,,False
2018-12-10,,12476.18,right_only,,False
2018-12-11,,12664.41,right_only,,False
2018-12-12,,12856.83,right_only,,False
2018-12-13,,12996.89,right_only,,False
2018-12-16,,12992.06,right_only,,False
2018-12-17,,13215.4,right_only,,False
2018-12-18,,13121.11,right_only,,False
2018-12-19,,13078.2,right_only,,False
2018-12-20,,13137.58,right_only,,False
2018-12-23,,12947.35,right_only,,False
2018-12-24,,12784.44,right_only,,False
2018-12-25,,12670.63,right_only,,False
2018-12-26,,12840.16,right_only,,False
2018-12-27,,12984.21,right_only,,False
2018-12-30,,12944.52,right_only,,False
2018-12-31,,13035.77,right_only,,False
2019-01-02,,13204.37,right_only,,False
2019-01-03,,13264.7,right_only,,False
2019-01-06,,13343.08,right_only,,False
2019-01-08,,13402.7,right_only,,False
2019-01-09,,13365.58,right_only,,False
2019-01-10,,13367.44,right_only,,False
2019-01-13,,13525.83,right_only,,False
2019-01-14,,13335.75,right_only,,False
2019-01-15,,13447.12,right_only,,False
2019-01-16,,13510.27,right_only,,False
2019-01-17,,13482.99,right_only,,False
2019-01-20,,13444.21,right_only,,False
2019-01-21,,13574.99,right_only,,False
2019-01-22,,13474.55,right_only,,False
2019-01-23,,13506.65,right_only,,False
2019-01-27,,13817.1,right_only,,False
2019-01-28,,13911.34,right_only,,False
2019-01-29,,13976.52,right_only,,False
2019-01-30,,14093.4,right_only,,False
2019-01-31,,14126.68,right_only,,False
2019-02-03,,14243.81,right_only,,False
2019-02-04,,14366.06,right_only,,False
2019-02-05,,14733.11,right_only,,False
2019-02-06,,14766.59,right_only,,False
2019-02-07,,14753.68,right_only,,False
2019-02-10,,14763.94,right_only,,False
2019-02-11,,14784.82,right_only,,False
2019-02-12,,14927.64,right_only,,False
2019-02-13,,14949.07,right_only,,False
2019-02-14,,14984.46,right_only,,False
2019-02-17,,15198.89,right_only,,False
2019-02-18,,15227.24,right_only,,False
2019-02-19,,15155.84,right_only,,False
2019-02-20,,15213.54,right_only,,False
2019-02-21,,15146.71,right_only,,False
2019-02-24,,14955.58,right_only,,False
2019-02-25,,14946.35,right_only,,False
2019-02-26,,14886.85,right_only,,False
2019-02-27,,14772.34,right_only,,False
2019-02-28,,14803.97,right_only,,False
2019-03-03,,14819.6,right_only,,False
2019-03-04,,14815.18,right_only,,False
2019-03-05,,14728.38,right_only,,False
2019-03-06,,14643.09,right_only,,False
2019-03-07,,14904.03,right_only,,False
2019-03-10,,14980.62,right_only,,False
2019-03-11,,15098.12,right_only,,False
2019-03-12,,15139.86,right_only,,False
2019-03-13,,15125.84,right_only,,False
2019-03-14,,14991.34,right_only,,False
2019-03-17,,15033.48,right_only,,False
2019-03-18,,14910.78,right_only,,False
2019-03-19,,14645.53,right_only,,False
2019-03-20,,14724.4,right_only,,False
2019-03-21,,14782.81,right_only,,False
2019-03-24,,14840.9,right_only,,False
2019-03-25,,14670.8,right_only,,False
2019-03-26,,14637.4,right_only,,False
2019-03-27,,14554.66,right_only,,False
2019-03-28,,14665.81,right_only,,False
2019-03-31,,14737.88,right_only,,False
2019-04-01,,14954.14,right_only,,False
2019-04-02,,15166.46,right_only,,False
2019-04-03,,15197.84,right_only,,False
2019-04-04,,15247.81,right_only,,False
2019-04-07,,15135.47,right_only,,False
2019-04-08,,15111.09,right_only,,False
2019-04-09,,15088.55,right_only,,False
2019-04-10,,15106.54,right_only,,False
2019-04-11,,15105.96,right_only,,False
2019-04-14,,15068.96,right_only,,False
2019-04-15,,15055.42,right_only,,False
2019-04-16,,14973.01,right_only,,False
2019-04-17,,14864.01,right_only,,False
2019-04-18,,14876.37,right_only,,False
2019-04-21,,14838.63,right_only,,False
2019-04-22,,14801.26,right_only,,False
2019-04-23,,14645.78,right_only,,False
2019-04-24,,14770.27,right_only,,False
2019-04-30,,14920.15,right_only,,False
2019-05-02,,14880.39,right_only,,False
2019-05-05,,14511.54,right_only,,False
2019-05-06,,14204.59,right_only,,False
2019-05-07,,14389.91,right_only,,False
2019-05-08,,14026.81,right_only,,False
2019-05-09,,14060.0,right_only,,False
2019-05-12,,14122.1,right_only,,False
2019-05-13,,13905.73,right_only,,False
2019-05-14,,14024.15,right_only,,False
2019-05-15,,13809.46,right_only,,False
2019-05-16,,13659.73,right_only,,False
2019-05-19,,13520.82,right_only,,False
2019-05-20,,13379.46,right_only,,False
2019-05-21,,13614.21,right_only,,False
2019-05-22,,13664.23,right_only,,False
2019-05-23,,13776.85,right_only,,False
2019-05-26,,13981.88,right_only,,False
2019-05-27,,13960.47,right_only,,False
2019-05-28,,14028.0,right_only,,False
2019-05-29,,13974.13,right_only,,False
2019-05-30,,13771.31,right_only,,False
2019-06-02,,13690.72,right_only,,False
2019-06-03,,13787.8,right_only,,False
2019-06-09,,13911.66,right_only,,False
2019-06-10,,14148.88,right_only,,False
2019-06-11,,14206.18,right_only,,False
2019-06-12,,14158.11,right_only,,False
2019-06-13,,14180.53,right_only,,False
2019-06-16,,14210.09,right_only,,False
2019-06-17,,14241.21,right_only,,False
2019-06-18,,14202.86,right_only,,False
2019-06-19,,14132.18,right_only,,False
2019-06-20,,14043.42,right_only,,False
2019-06-23,,14017.34,right_only,,False
2019-06-24,,13867.47,right_only,,False
2019-06-25,,13831.23,right_only,,False
2019-06-26,,14006.99,right_only,,False
2019-06-27,,14100.74,right_only,,False
2019-07-02,,14136.58,right_only,,False
2019-07-03,,14137.22,right_only,,False
2019-07-04,,13997.4,right_only,,False
2019-07-07,,14013.04,right_only,,False
2019-07-08,,14043.33,right_only,,False
2019-07-09,,14097.43,right_only,,False
2019-07-10,,14013.26,right_only,,False
2019-07-11,,13813.56,right_only,,False
2019-07-14,,13672.13,right_only,,False
2019-07-15,,13627.89,right_only,,False
2019-07-16,,13721.82,right_only,,False
2019-07-17,,13641.94,right_only,,False
2019-07-18,,13670.27,right_only,,False
2019-07-21,,13576.26,right_only,,False
2019-07-22,,13684.57,right_only,,False
2019-07-24,,13617.89,right_only,,False
2019-07-25,,13510.06,right_only,,False
2019-07-28,,13460.0,right_only,,False
2019-07-29,,13421.91,right_only,,False
2019-07-30,,13364.63,right_only,,False
2019-07-31,,13392.47,right_only,,False
2019-08-01,,13525.93,right_only,,False
2019-08-04,,13616.26,right_only,,False
2019-08-05,,13598.66,right_only,,False
2019-08-06,,13655.91,right_only,,False
2019-08-07,,13880.57,right_only,,False
2019-08-08,,14180.44,right_only,,False
2019-08-14,,14540.56,right_only,,False
2019-08-15,,14295.13,right_only,,False
2019-08-18,,14399.7,right_only,,False
2019-08-19,,14304.37,right_only,,False
2019-08-20,,14428.08,right_only,,False
2019-08-21,,14357.18,right_only,,False
2019-08-22,,14333.16,right_only,,False
2019-08-25,,14340.51,right_only,,False
2019-08-26,,14291.03,right_only,,False
2019-08-27,,14283.5,right_only,,False
2019-08-28,,14595.51,right_only,,False
2019-08-29,,14835.36,right_only,,False
2019-09-01,,14931.66,right_only,,False
2019-09-02,,15110.23,right_only,,False
2019-09-03,,14999.58,right_only,,False
2019-09-04,,14841.38,right_only,,False
2019-09-05,,14933.18,right_only,,False
2019-09-08,,14931.11,right_only,,False
2019-09-09,,14887.78,right_only,,False
2019-09-10,,14956.36,right_only,,False
2019-09-11,,15014.82,right_only,,False
2019-09-12,,15110.37,right_only,,False
2019-09-15,,15023.23,right_only,,False
2019-09-16,,14970.24,right_only,,False
2019-09-17,,14752.45,right_only,,False
2019-09-18,,14745.1,right_only,,False
2019-09-19,,14742.07,right_only,,False
2019-09-22,,13958.11,right_only,,False
2019-09-23,,13753.19,right_only,,False
2019-09-24,,13170.2,right_only,,False
2019-09-25,,13594.61,right_only,,False
2019-09-26,,13857.12,right_only,,False
2019-09-29,,14315.79,right_only,,False
2019-09-30,,14257.75,right_only,,False
2019-10-01,,14496.84,right_only,,False
2019-10-02,,14381.15,right_only,,False
2019-10-03,,14217.81,right_only,,False
2019-10-07,,14431.72,right_only,,False
2019-10-08,,14348.57,right_only,,False
2019-10-09,,14182.7,right_only,,False
2019-10-10,,14302.27,right_only,,False
2019-10-13,,14220.47,right_only,,False
2019-10-14,,14180.76,right_only,,False
2019-10-15,,14060.82,right_only,,False
2019-10-16,,14209.23,right_only,,False
2019-10-17,,14205.86,right_only,,False
2019-10-20,,14239.45,right_only,,False
2019-10-21,,14178.51,right_only,,False
2019-10-22,,14201.32,right_only,,False
2019-10-23,,14126.51,right_only,,False
2019-10-24,,14206.67,right_only,,False
2019-10-27,,14237.39,right_only,,False
2019-10-28,,14301.09,right_only,,False
2019-10-29,,14465.47,right_only,,False
2019-10-30,,14477.79,right_only,,False
2019-10-31,,14558.02,right_only,,False
2019-11-03,,14622.75,right_only,,False
2019-11-04,,14625.78,right_only,,False
2019-11-05,,14789.61,right_only,,False
2019-11-06,,14709.79,right_only,,False
2019-11-07,,14795.87,right_only,,False
2019-11-11,,14769.95,right_only,,False
2019-11-12,,14669.98,right_only,,False
2019-11-13,,14607.69,right_only,,False
2019-11-14,,14545.54,right_only,,False
2019-11-17,,14556.32,right_only,,False
2019-11-18,,14378.59,right_only,,False
2019-11-19,,14313.46,right_only,,False
2019-11-20,,14224.38,right_only,,False
2019-11-21,,14094.58,right_only,,False
2019-11-24,,14050.16,right_only,,False
2019-11-25,,13974.14,right_only,,False
2019-11-26,,13781.96,right_only,,False
2019-11-27,,13759.7,right_only,,False
2019-11-28,,13849.46,right_only,,False
2019-12-01,,13780.63,right_only,,False
2019-12-02,,13537.8,right_only,,False
2019-12-03,,13469.6,right_only,,False
2019-12-04,,13635.52,right_only,,False
2019-12-05,,13622.13,right_only,,False
2019-12-08,,13493.69,right_only,,False
2019-12-09,,13442.52,right_only,,False
2019-12-10,,13509.02,right_only,,False
2019-12-11,,13427.22,right_only,,False
2019-12-12,,13358.47,right_only,,False
2019-12-15,,13433.54,right_only,,False
2019-12-16,,13404.42,right_only,,False
2019-12-17,,13627.19,right_only,,False
2019-12-18,,13793.99,right_only,,False
2019-12-19,,13837.19,right_only,,False
2019-12-22,,13892.65,right_only,,False
2019-12-23,,13902.43,right_only,,False
2019-12-24,,13805.43,right_only,,False
2019-12-25,,13747.68,right_only,,False
2019-12-26,,13884.95,right_only,,False
2019-12-29,,13812.98,right_only,,False
2019-12-30,,13937.26,right_only,,False
2019-12-31,,13961.56,right_only,,False
2020-01-02,,13899.54,right_only,,False
2020-01-05,,13283.66,right_only,,False
2020-01-06,,13212.66,right_only,,False
2020-01-08,,13542.48,right_only,,False
2020-01-09,,13729.81,right_only,,False
2020-01-12,,13802.57,right_only,,False
2020-01-13,,13698.64,right_only,,False
2020-01-14,,13756.64,right_only,,False
2020-01-15,,13769.64,right_only,,False
2020-01-16,,13824.16,right_only,,False
2020-01-19,,13918.18,right_only,,False
2020-01-20,,13773.73,right_only,,False
2020-01-21,,13639.72,right_only,,False
2020-01-22,,13752.11,right_only,,False
2020-01-23,,13728.09,right_only,,False
2020-01-26,,13721.45,right_only,,False
2020-01-27,,13639.69,right_only,,False
2020-01-28,,13620.58,right_only,,False
2020-01-29,,13762.84,right_only,,False
2020-01-30,,13918.84,right_only,,False
2020-02-02,,13888.89,right_only,,False
2020-02-03,,13878.33,right_only,,False
2020-02-04,,13915.05,right_only,,False
2020-02-05,,13987.16,right_only,,False
2020-02-06,,14105.86,right_only,,False
2020-02-09,,14108.24,right_only,,False
2020-02-10,,13979.36,right_only,,False
2020-02-11,,14009.32,right_only,,False
2020-02-12,,13845.16,right_only,,False
2020-02-13,,13859.45,right_only,,False
2020-02-16,,13737.4,right_only,,False
2020-02-17,,13800.25,right_only,,False
2020-02-18,,13636.93,right_only,,False
2020-02-19,,13694.99,right_only,,False
2020-02-20,,13720.65,right_only,,False
2020-02-23,,13688.05,right_only,,False
2020-02-24,,13441.86,right_only,,False
2020-02-25,,13328.26,right_only,,False
2020-02-26,,13200.66,right_only,,False
2020-02-27,,13008.94,right_only,,False
2020-03-01,,12222.59,right_only,,False
2020-03-02,,12289.87,right_only,,False
2020-03-03,,12419.52,right_only,,False
2020-03-04,,12182.46,right_only,,False
2020-03-05,,12347.65,right_only,,False
2020-03-08,,11849.39,right_only,,False
2020-03-09,,10983.48,right_only,,False
2020-03-10,,11199.96,right_only,,False
2020-03-11,,11194.12,right_only,,False
2020-03-15,,10148.34,right_only,,False
2020-03-16,,9428.94,right_only,,False
2020-03-17,,9201.65,right_only,,False
2020-03-18,,8756.7,right_only,,False
2020-03-19,,9205.58,right_only,,False
2020-03-22,,9750.66,right_only,,False
2020-03-23,,10047.44,right_only,,False
2020-03-24,,9770.48,right_only,,False
2020-03-25,,9865.67,right_only,,False
2020-03-26,,9912.98,right_only,,False
2020-03-29,,9760.18,right_only,,False
2020-03-30,,9521.43,right_only,,False
2020-03-31,,9593.94,right_only,,False
2020-04-01,,9424.89,right_only,,False
2020-04-02,,9455.38,right_only,,False
2020-04-05,,9272.88,right_only,,False
2020-04-06,,9446.99,right_only,,False
2020-04-07,,9840.62,right_only,,False
2020-04-08,,10095.57,right_only,,False
2020-04-09,,10321.97,right_only,,False
2020-04-12,,10237.47,right_only,,False
2020-04-13,,10353.72,right_only,,False
2020-04-14,,10458.16,right_only,,False
2020-04-15,,10342.13,right_only,,False
2020-04-16,,10154.64,right_only,,False
2020-04-21,,9874.94,right_only,,False
2020-04-22,,9801.33,right_only,,False
2020-04-23,,10120.46,right_only,,False
2020-04-26,,10377.24,right_only,,False
2020-04-27,,10376.0,right_only,,False
2020-04-28,,10415.12,right_only,,False
2020-04-29,,10545.26,right_only,,False
2020-04-30,,10554.04,right_only,,False
2020-05-03,,10199.85,right_only,,False
2020-05-04,,10081.96,right_only,,False
2020-05-05,,10188.31,right_only,,False
2020-05-06,,10293.95,right_only,,False
2020-05-07,,10176.73,right_only,,False
2020-05-10,,10257.75,right_only,,False
2020-05-11,,10296.33,right_only,,False
2020-05-12,,10588.36,right_only,,False
2020-05-13,,10396.28,right_only,,False
2020-05-14,,10287.21,right_only,,False
2020-05-17,,10357.44,right_only,,False
2020-05-18,,10278.93,right_only,,False
2020-05-19,,10357.24,right_only,,False
2020-05-20,,10205.4,right_only,,False
2020-05-21,,10109.91,right_only,,False
2020-05-31,,10220.14,right_only,,False
2020-06-01,,10227.38,right_only,,False
2020-06-02,,10338.71,right_only,,False
2020-06-03,,10424.1,right_only,,False
2020-06-04,,10621.14,right_only,,False
2020-06-07,,11108.62,right_only,,False
2020-06-08,,11146.53,right_only,,False
2020-06-09,,11063.04,right_only,,False
2020-06-10,,10933.58,right_only,,False
2020-06-11,,10831.92,right_only,,False
2020-06-14,,10731.17,right_only,,False
2020-06-15,,10668.42,right_only,,False
2020-06-16,,10935.32,right_only,,False
2020-06-17,,10905.75,right_only,,False
2020-06-18,,10857.87,right_only,,False
2020-06-21,,10823.91,right_only,,False
2020-06-22,,10742.36,right_only,,False
2020-06-23,,10764.82,right_only,,False
2020-06-24,,11039.54,right_only,,False
2020-06-25,,10890.48,right_only,,False
2020-06-28,,10848.65,right_only,,False
2020-06-29,,10750.1,right_only,,False
2020-06-30,,10764.59,right_only,,False
2020-07-05,,10959.35,right_only,,False
2020-07-06,,11087.64,right_only,,False
2020-07-07,,11050.2,right_only,,False
2020-07-08,,11127.85,right_only,,False
2020-07-09,,10957.02,right_only,,False
2020-07-12,,11071.96,right_only,,False
2020-07-13,,11007.85,right_only,,False
2020-07-14,,10873.53,right_only,,False
2020-07-15,,10617.42,right_only,,False
2020-07-16,,10441.2,right_only,,False
2020-07-19,,10281.16,right_only,,False
2020-07-20,,10380.45,right_only,,False
2020-07-21,,10558.35,right_only,,False
2020-07-22,,10459.92,right_only,,False
2020-07-26,,10524.45,right_only,,False
2020-07-27,,10575.47,right_only,,False
2020-07-28,,10568.84,right_only,,False
2020-07-29,,10599.46,right_only,,False
2020-08-04,,10620.1,right_only,,False
2020-08-05,,10704.33,right_only,,False
2020-08-06,,10817.29,right_only,,False
2020-08-09,,10962.52,right_only,,False
2020-08-10,,10938.23,right_only,,False
2020-08-11,,10919.47,right_only,,False
2020-08-12,,10922.33,right_only,,False
2020-08-13,,10944.18,right_only,,False
2020-08-16,,11120.26,right_only,,False
2020-08-17,,11142.77,right_only,,False
2020-08-18,,11077.11,right_only,,False
2020-08-19,,11160.05,right_only,,False
2020-08-23,,11391.08,right_only,,False
2020-08-24,,11433.76,right_only,,False
2020-08-25,,11461.62,right_only,,False
2020-08-26,,11453.78,right_only,,False
2020-08-27,,11462.45,right_only,,False
2020-08-30,,11434.81,right_only,,False
2020-08-31,,11365.99,right_only,,False
2020-09-01,,11233.94,right_only,,False
2020-09-02,,11214.22,right_only,,False
2020-09-03,,11180.81,right_only,,False
2020-09-06,,11073.02,right_only,,False
2020-09-07,,11136.03,right_only,,False
2020-09-08,,10951.29,right_only,,False
2020-09-09,,10929.89,right_only,,False
2020-09-10,,11070.84,right_only,,False
2020-09-13,,11091.67,right_only,,False
2020-09-14,,11034.38,right_only,,False
2020-09-15,,11028.06,right_only,,False
2020-09-16,,11088.2,right_only,,False
2020-09-17,,11050.89,right_only,,False
2020-09-20,,10969.32,right_only,,False
2020-09-21,,10910.37,right_only,,False
2020-09-22,,10963.01,right_only,,False
2020-09-23,,10979.44,right_only,,False
2020-09-24,,10911.44,right_only,,False
2020-09-27,,10902.22,right_only,,False
2020-09-28,,10969.94,right_only,,False
2020-09-29,,10987.19,right_only,,False
2020-09-30,,10989.27,right_only,,False
2020-10-01,,11051.3,right_only,,False
2020-10-04,,11071.46,right_only,,False
2020-10-05,,11007.69,right_only,,False
2020-10-06,,11146.18,right_only,,False
2020-10-07,,11326.98,right_only,,False
2020-10-11,,11360.37,right_only,,False
2020-10-12,,11397.65,right_only,,False
2020-10-13,,11291.81,right_only,,False
2020-10-14,,11333.91,right_only,,False
2020-10-15,,11322.71,right_only,,False
2020-10-18,,11185.15,right_only,,False
2020-10-19,,11171.36,right_only,,False
2020-10-20,,11157.62,right_only,,False
2020-10-21,,11101.63,right_only,,False
2020-10-22,,10987.43,right_only,,False
2020-10-25,,10602.98,right_only,,False
2020-10-26,,10511.94,right_only,,False
2020-10-27,,10559.71,right_only,,False
2020-10-28,,10515.25,right_only,,False
2020-11-01,,10456.33,right_only,,False
2020-11-02,,10429.34,right_only,,False
2020-11-03,,10512.16,right_only,,False
2020-11-04,,10556.89,right_only,,False
2020-11-05,,10629.29,right_only,,False
2020-11-08,,10680.27,right_only,,False
2020-11-09,,10838.66,right_only,,False
2020-11-10,,11077.25,right_only,,False
2020-11-11,,10997.65,right_only,,False
2020-11-12,,11017.28,right_only,,False
2020-11-15,,10953.13,right_only,,False
2020-11-16,,10991.61,right_only,,False
2020-11-17,,11063.98,right_only,,False
2020-11-18,,10989.72,right_only,,False
2020-11-19,,10898.67,right_only,,False
2020-11-22,,10858.26,right_only,,False
2020-11-23,,10885.11,right_only,,False
2020-11-24,,10997.35,right_only,,False
2020-11-25,,11068.44,right_only,,False
2020-11-26,,10980.96,right_only,,False
2020-11-29,,11009.27,right_only,,False
2020-11-30,,10943.35,right_only,,False
2020-12-01,,11040.78,right_only,,False
2020-12-02,,11023.34,right_only,,False
2020-12-03,,11015.01,right_only,,False
2020-12-06,,11024.84,right_only,,False
2020-12-07,,10995.13,right_only,,False
2020-12-08,,11019.08,right_only,,False
2020-12-09,,11018.09,right_only,,False
2020-12-10,,10987.39,right_only,,False
2020-12-13,,11003.77,right_only,,False
2020-12-14,,11047.97,right_only,,False
2020-12-15,,11057.62,right_only,,False
2020-12-16,,10983.03,right_only,,False
2020-12-17,,10844.58,right_only,,False
2020-12-20,,10890.3,right_only,,False
2020-12-21,,10581.76,right_only,,False
2020-12-22,,10655.91,right_only,,False
2020-12-23,,10677.51,right_only,,False
2020-12-24,,10683.86,right_only,,False
2020-12-27,,10585.56,right_only,,False
2020-12-28,,10658.55,right_only,,False
2020-12-29,,10736.88,right_only,,False
2020-12-30,,10867.76,right_only,,False
2020-12-31,,10845.26,right_only,,False
2021-01-03,,10845.03,right_only,,False
2021-01-04,,10813.78,right_only,,False
2021-01-05,,10829.96,right_only,,False
2021-01-06,,10952.14,right_only,,False
2021-01-10,,11213.48,right_only,,False
2021-01-11,,11278.72,right_only,,False
2021-01-12,,11339.75,right_only,,False
2021-01-13,,11388.9,right_only,,False
2021-01-14,,11453.43,right_only,,False
2021-01-17,,11446.53,right_only,,False
2021-01-18,,11450.54,right_only,,False
2021-01-19,,11485.8,right_only,,False
2021-01-20,,11598.9,right_only,,False
2021-01-21,,11654.58,right_only,,False
2021-01-24,,11525.25,right_only,,False
2021-01-25,,11509.63,right_only,,False
2021-01-26,,11527.34,right_only,,False
2021-01-27,,11578.84,right_only,,False
2021-01-31,,11546.15,right_only,,False
2021-02-01,,11589.34,right_only,,False
2021-02-02,,11637.55,right_only,,False
2021-02-03,,11619.14,right_only,,False
2021-02-04,,11598.85,right_only,,False
2021-02-07,,11602.78,right_only,,False
2021-02-08,,11523.06,right_only,,False
2021-02-09,,11447.73,right_only,,False
2021-02-10,,11545.03,right_only,,False
2021-02-11,,11546.32,right_only,,False
2021-02-14,,11506.72,right_only,,False
2021-02-15,,11526.77,right_only,,False
2021-02-16,,11534.05,right_only,,False
2021-02-17,,11413.17,right_only,,False
2021-02-18,,11380.55,right_only,,False
2021-02-21,,11425.85,right_only,,False
2021-02-22,,11549.97,right_only,,False
2021-02-23,,11416.74,right_only,,False
2021-02-24,,11435.43,right_only,,False
2021-02-25,,11617.91,right_only,,False
2021-02-28,,11525.02,right_only,,False
2021-03-01,,11521.38,right_only,,False
2021-03-02,,11471.39,right_only,,False
2021-03-03,,11393.25,right_only,,False
2021-03-04,,11333.86,right_only,,False
2021-03-07,,11557.85,right_only,,False
2021-03-08,,11459.51,right_only,,False
2021-03-09,,11337.46,right_only,,False
2021-03-10,,11235.6,right_only,,False
2021-03-11,,11261.35,right_only,,False
2021-03-14,,11289.57,right_only,,False
2021-03-15,,11222.33,right_only,,False
2021-03-16,,11190.8,right_only,,False
2021-03-17,,11068.37,right_only,,False
2021-03-18,,10918.4,right_only,,False
2021-03-21,,10802.29,right_only,,False
2021-03-22,,10537.22,right_only,,False
2021-03-23,,10471.36,right_only,,False
2021-03-24,,10702.18,right_only,,False
2021-03-25,,10870.46,right_only,,False
2021-03-28,,10867.69,right_only,,False
2021-03-29,,10738.42,right_only,,False
2021-03-30,,10739.69,right_only,,False
2021-03-31,,10568.37,right_only,,False
2021-04-01,,10564.88,right_only,,False
2021-04-04,,10417.15,right_only,,False
2021-04-05,,10256.92,right_only,,False
2021-04-06,,10263.22,right_only,,False
2021-04-07,,10227.67,right_only,,False
2021-04-08,,10303.55,right_only,,False
2021-04-11,,10393.13,right_only,,False
2021-04-12,,10450.09,right_only,,False
2021-04-13,,10305.81,right_only,,False
2021-04-14,,10115.51,right_only,,False
2021-04-15,,10143.21,right_only,,False
2021-04-18,,10358.26,right_only,,False
2021-04-19,,10441.0,right_only,,False
2021-04-20,,10620.05,right_only,,False
2021-04-21,,10642.49,right_only,,False
2021-04-22,,10600.07,right_only,,False
2021-04-25,,10604.28,right_only,,False
2021-04-26,,10525.84,right_only,,False
2021-04-27,,10591.42,right_only,,False
2021-04-28,,10475.26,right_only,,False
2021-05-04,,10465.59,right_only,,False
2021-05-05,,10512.84,right_only,,False
2021-05-06,,10588.09,right_only,,False
2021-05-09,,10643.63,right_only,,False
2021-05-10,,10686.03,right_only,,False
2021-05-11,,10767.84,right_only,,False
2021-05-17,,10674.67,right_only,,False
2021-05-18,,10780.9,right_only,,False
2021-05-19,,10806.23,right_only,,False
2021-05-20,,10731.96,right_only,,False
2021-05-23,,10812.06,right_only,,False
2021-05-24,,10760.95,right_only,,False
2021-05-25,,10531.83,right_only,,False
2021-05-26,,10369.57,right_only,,False
2021-05-27,,10242.3,right_only,,False
2021-05-30,,10301.58,right_only,,False
2021-05-31,,10309.06,right_only,,False
2021-06-01,,10240.21,right_only,,False
2021-06-02,,10120.95,right_only,,False
2021-06-03,,10054.81,right_only,,False
2021-06-06,,10122.44,right_only,,False
2021-06-07,,10105.04,right_only,,False
2021-06-08,,9963.91,right_only,,False
2021-06-09,,10042.18,right_only,,False
2021-06-10,,9977.9,right_only,,False
2021-06-13,,9887.19,right_only,,False
2021-06-14,,9933.35,right_only,,False
2021-06-15,,9891.18,right_only,,False
2021-06-16,,9880.49,right_only,,False
2021-06-17,,9865.59,right_only,,False
2021-06-20,,9797.91,right_only,,False
2021-06-21,,10061.58,right_only,,False
2021-06-22,,10206.24,right_only,,False
2021-06-23,,10272.72,right_only,,False
2021-06-24,,10278.86,right_only,,False
2021-06-27,,10305.02,right_only,,False
2021-06-28,,10273.92,right_only,,False
2021-06-29,,10123.06,right_only,,False
2021-06-30,,10256.62,right_only,,False
2021-07-04,,10345.66,right_only,,False
2021-07-05,,10348.29,right_only,,False
2021-07-06,,10154.79,right_only,,False
2021-07-07,,10277.25,right_only,,False
2021-07-08,,10184.8,right_only,,False
2021-07-11,,10153.47,right_only,,False
2021-07-12,,10233.7,right_only,,False
2021-07-13,,10431.99,right_only,,False
2021-07-14,,10602.41,right_only,,False
2021-07-15,,10561.28,right_only,,False
2021-07-18,,10646.85,right_only,,False
2021-07-25,,10745.69,right_only,,False
2021-07-26,,10697.32,right_only,,False
2021-07-27,,10763.26,right_only,,False
2021-07-28,,10769.22,right_only,,False
2021-07-29,,10742.23,right_only,,False
2021-08-01,,10810.21,right_only,,False
2021-08-02,,10821.88,right_only,,False
2021-08-03,,10726.33,right_only,,False
2021-08-04,,10718.89,right_only,,False
2021-08-05,,10723.18,right_only,,False
2021-08-08,,10738.67,right_only,,False
2021-08-09,,10800.39,right_only,,False
2021-08-10,,10853.83,right_only,,False
2021-08-11,,10884.5,right_only,,False
2021-08-15,,11029.56,right_only,,False
2021-08-16,,11046.15,right_only,,False
2021-08-17,,10937.69,right_only,,False
2021-08-18,,10907.96,right_only,,False
2021-08-19,,10808.7,right_only,,False
2021-08-22,,10690.79,right_only,,False
2021-08-23,,10884.29,right_only,,False
2021-08-24,,10950.24,right_only,,False
2021-08-25,,11064.43,right_only,,False
2021-08-26,,11125.55,right_only,,False
2021-08-29,,11113.74,right_only,,False
2021-08-30,,11163.23,right_only,,False
2021-08-31,,11143.8,right_only,,False
2021-09-01,,11283.7,right_only,,False
2021-09-02,,11301.36,right_only,,False
2021-09-05,,11095.89,right_only,,False
2021-09-06,,11064.17,right_only,,False
2021-09-07,,11089.8,right_only,,False
2021-09-08,,11135.48,right_only,,False
2021-09-09,,11056.27,right_only,,False
2021-09-12,,11036.93,right_only,,False
2021-09-13,,11140.22,right_only,,False
2021-09-14,,11187.82,right_only,,False
2021-09-15,,11149.36,right_only,,False
2021-09-16,,10996.76,right_only,,False
2021-09-19,,10889.65,right_only,,False
2021-09-20,,10710.56,right_only,,False
2021-09-21,,10498.52,right_only,,False
2021-09-22,,10596.06,right_only,,False
2021-09-23,,10642.02,right_only,,False
2021-09-26,,10649.76,right_only,,False
2021-09-27,,10496.0,right_only,,False
2021-09-28,,10446.78,right_only,,False
2021-09-29,,10391.14,right_only,,False
2021-09-30,,10517.03,right_only,,False
2021-10-03,,10366.44,right_only,,False
2021-10-04,,10427.44,right_only,,False
2021-10-05,,10432.63,right_only,,False
2021-10-06,,10536.39,right_only,,False
2021-10-10,,10662.96,right_only,,False
2021-10-11,,10714.78,right_only,,False
2021-10-12,,10783.92,right_only,,False
2021-10-13,,10881.4,right_only,,False
2021-10-14,,10995.59,right_only,,False
2021-10-17,,11155.57,right_only,,False
2021-10-18,,11276.17,right_only,,False
2021-10-19,,11195.05,right_only,,False
2021-10-20,8.399999618530273,11132.07,both,-11123.67,False
2021-10-24,8.510000228881836,11185.88,both,-11177.37,False
2021-10-25,8.390000343322754,11178.0,both,-11169.61,False
2021-10-26,8.260000228881836,11256.54,both,-11248.28,False
2021-10-27,8.170000076293945,11364.2,both,-11356.03,False
2021-10-28,8.239999771118164,11506.63,both,-11498.39,False
2021-10-31,8.180000305175781,11420.19,both,-11412.01,False
2021-11-01,8.25,11568.27,both,-11560.02,False
2021-11-02,8.390000343322754,11676.38,both,-11667.99,False
2021-11-03,8.359999656677246,11685.12,both,-11676.76,False
2021-11-04,8.25,11612.84,both,-11604.59,False
2021-11-07,8.25,11555.58,both,-11547.33,False
2021-11-08,8.25,11497.51,both,-11489.26,False
2021-11-09,8.25,11588.42,both,-11580.17,False
2021-11-10,8.279999732971191,11480.5,both,-11472.22,False
2021-11-11,8.289999961853027,11573.14,both,-11564.85,False
2021-11-14,8.470000267028809,11662.99,both,-11654.52,False
2021-11-15,8.529999732971191,11496.63,both,-11488.1,False
2021-11-16,8.600000381469727,11413.21,both,-11404.61,False
2021-11-17,8.680000305175781,11453.3,both,-11444.62,False
2021-11-18,8.680000305175781,11337.99,both,-11329.31,False
2021-11-21,8.5,11273.11,both,-11264.61,False
2021-11-22,8.449999809265137,11359.03,both,-11350.58,False
2021-11-23,8.4399995803833,11369.22,both,-11360.78,False
2021-11-24,8.460000038146973,11352.64,both,-11344.18,False
2021-11-25,8.489999771118164,11431.24,both,-11422.75,False
2021-11-28,8.489999771118164,11277.83,both,-11269.34,False
2021-11-29,8.399999618530273,11212.3,both,-11203.9,False
2021-11-30,8.470000267028809,11395.6,both,-11387.13,False
2021-12-01,8.470000267028809,11420.0,both,-11411.53,False
2021-12-02,8.5,11318.35,both,-11309.85,False
2021-12-05,8.5,11401.33,both,-11392.83,False
2021-12-06,8.479999542236328,11514.87,both,-11506.39,False
2021-12-07,8.40999984741211,11538.26,both,-11529.85,False
2021-12-08,8.5,11451.14,both,-11442.64,False
2021-12-09,8.479999542236328,11534.63,both,-11526.15,False
2021-12-12,8.5,11708.05,both,-11699.55,False
2021-12-13,8.5,11700.4,both,-11691.9,False
2021-12-14,8.449999809265137,11618.01,both,-11609.56,False
2021-12-15,8.300000190734863,11622.1,both,-11613.8,False
2021-12-16,8.319999694824219,11667.73,both,-11659.41,False
2021-12-19,8.300000190734863,11565.72,both,-11557.42,False
2021-12-20,8.300000190734863,11482.43,both,-11474.13,False
2021-12-21,8.34000015258789,11524.66,both,-11516.32,False
2021-12-22,8.489999771118164,11630.63,both,-11622.14,False
2021-12-23,8.710000038146973,11755.46,both,-11746.75,False
2021-12-26,8.430000305175781,11856.21,both,-11847.78,False
2021-12-27,8.600000381469727,11849.79,both,-11841.19,False
2021-12-28,8.600000381469727,11913.44,both,-11904.84,False
2021-12-29,8.680000305175781,11898.42,both,-11889.74,False
2021-12-30,8.6899995803833,11949.18,both,-11940.49,False
2022-01-02,8.600000381469727,11909.72,both,-11901.12,False
2022-01-03,8.609999656677246,11897.4,both,-11888.79,False
2022-01-04,8.699999809265137,11982.61,both,-11973.91,False
2022-01-05,8.640000343322754,12043.42,both,-12034.78,False
2022-01-09,8.640000343322754,11978.56,both,-11969.92,False
2022-01-10,8.619999885559082,12022.69,both,-12014.07,False
2022-01-11,8.600000381469727,12002.08,both,-11993.48,False
2022-01-12,8.65999984741211,12060.0,both,-12051.34,False
2022-01-13,8.649999618530273,12012.31,both,-12003.66,False
2022-01-16,8.600000381469727,11830.94,both,-11822.34,False
2022-01-17,8.609999656677246,11859.12,both,-11850.51,False
2022-01-18,8.720000267028809,11876.44,both,-11867.72,False
2022-01-19,8.710000038146973,11715.01,both,-11706.3,False
2022-01-20,8.600000381469727,11731.71,both,-11723.11,False
2022-01-23,8.5,11655.72,both,-11647.22,False
2022-01-24,8.5,11616.13,both,-11607.63,False
2022-01-25,8.4399995803833,11542.43,both,-11533.99,False
2022-01-26,8.369999885559082,11499.85,both,-11491.48,False
2022-01-30,8.390000343322754,11457.46,both,-11449.07,False
2022-01-31,8.470000267028809,11490.45,both,-11481.98,False
2022-02-01,8.550000190734863,11603.33,both,-11594.78,False
2022-02-02,8.640000343322754,11691.82,both,-11683.18,False
2022-02-03,8.630000114440918,11638.06,both,-11629.43,False
2022-02-06,8.609999656677246,11689.55,both,-11680.94,False
2022-02-07,8.600000381469727,11548.61,both,-11540.01,False
2022-02-08,8.529999732971191,11527.9,both,-11519.37,False
2022-02-09,8.59000015258789,11596.29,both,-11587.7,False
2022-02-10,8.579999923706055,11578.54,both,-11569.96,False
2022-02-13,8.229999542236328,11438.12,both,-11429.89,False
2022-02-14,8.289999961853027,11403.34,both,-11395.05,False
2022-02-15,8.239999771118164,11563.38,both,-11555.14,False
2022-02-16,8.380000114440918,11568.14,both,-11559.76,False
2022-02-17,8.430000305175781,11535.02,both,-11526.59,False
2022-02-20,8.260000228881836,11371.21,both,-11362.95,False
2022-02-21,8.239999771118164,11501.92,both,-11493.68,False
2022-02-22,8.0600004196167,11302.49,both,-11294.43,False
2022-02-23,8.319999694824219,11301.08,both,-11292.76,False
2022-02-24,8.130000114440918,10890.88,both,-10882.75,False
2022-02-27,8.25,11174.09,both,-11165.84,False
2022-02-28,8.180000305175781,11138.86,both,-11130.68,False
2022-03-01,8.329999923706055,11275.78,both,-11267.45,False
2022-03-02,8.25,11189.29,both,-11181.04,False
2022-03-03,8.149999618530273,11305.55,both,-11297.4,False
2022-03-06,8.050000190734863,11094.66,both,-11086.61,False
2022-03-07,7.869999885559082,10701.14,both,-10693.27,False
2022-03-08,7.869999885559082,10396.83,both,-10388.96,False
2022-03-09,7.800000190734863,10415.73,both,-10407.93,False
2022-03-10,8.0,10453.59,both,-10445.59,False
2022-03-13,8.0,10480.67,both,-10472.67,False
2022-03-14,7.96999979019165,10419.56,both,-10411.59,False
2022-03-15,8.079999923706055,10423.09,both,-10415.01,False
2022-03-16,8.270000457763672,10705.6,both,-10697.33,False
2022-03-17,8.210000038146973,10726.44,both,-10718.23,False
2022-03-20,8.260000228881836,10973.72,both,-10965.46,False
2022-03-21,8.859999656677246,11511.15,both,-11502.29,False
2022-03-22,8.899999618530273,11663.32,both,-11654.42,False
2022-03-23,9.0,11743.91,both,-11734.91,False
2022-03-24,9.0600004196167,11709.16,both,-11700.1,False
2022-03-27,8.960000038146973,11545.61,both,-11536.65,False
2022-03-28,8.789999961853027,11240.79,both,-11232.0,False
2022-03-29,8.710000038146973,11393.54,both,-11384.83,False
2022-03-30,8.819999694824219,11239.21,both,-11230.39,False
2022-03-31,8.899999618530273,11238.48,both,-11229.58,False
2022-04-03,8.9399995803833,11562.21,both,-11553.27,False
2022-04-04,8.90999984741211,11529.18,both,-11520.27,False
2022-04-05,8.9399995803833,11380.85,both,-11371.91,False
2022-04-06,8.899999618530273,11347.96,both,-11339.06,False
2022-04-07,8.850000381469727,11101.94,both,-11093.09,False
2022-04-10,8.850000381469727,10897.61,both,-10888.76,False
2022-04-11,8.59000015258789,10728.66,both,-10720.07,False
2022-04-12,8.569999694824219,10898.69,both,-10890.12,False
2022-04-13,8.529999732971191,10847.46,both,-10838.93,False
2022-04-14,8.1899995803833,10679.55,both,-10671.36,False
2022-04-17,8.350000381469727,10707.93,both,-10699.58,False
2022-04-18,8.4399995803833,10724.8,both,-10716.36,False
2022-04-19,7.369999885559082,10626.81,both,-10619.44,False
2022-04-20,7.5,10444.76,both,-10437.26,False
2022-04-21,7.510000228881836,10548.14,both,-10540.63,False
2022-04-26,7.590000152587891,10682.08,both,-10674.49,False
2022-04-27,7.670000076293945,10718.22,both,-10710.55,False
2022-04-28,7.71999979019165,11047.7,both,-11039.98,False
2022-05-08,7.96999979019165,11109.22,both,-11101.25,False
2022-05-09,7.869999885559082,10906.72,both,-10898.85,False
2022-05-10,7.769999980926514,10811.45,both,-10803.68,False
2022-05-11,7.849999904632568,10855.93,both,-10848.08,False
2022-05-12,7.739999771118164,10678.98,both,-10671.24,False
2022-05-15,7.46999979019165,10534.22,both,-10526.75,False
2022-05-16,7.400000095367432,10461.88,both,-10454.48,False
2022-05-17,7.340000152587891,10438.95,both,-10431.61,False
2022-05-18,7.300000190734863,10467.63,both,-10460.33,False
2022-05-19,7.210000038146973,10549.97,both,-10542.76,False
2022-05-22,7.190000057220459,10462.74,both,-10455.55,False
2022-05-23,7.210000038146973,10514.95,both,-10507.74,False
2022-05-24,7.230000019073486,10415.54,both,-10408.31,False
2022-05-25,7.139999866485596,10247.43,both,-10240.29,False
2022-05-26,7.03000020980835,10200.56,both,-10193.53,False
2022-05-29,6.650000095367432,10086.72,both,-10080.07,False
2022-05-30,6.710000038146973,10109.36,both,-10102.65,False
2022-05-31,6.75,10150.05,both,-10143.3,False
2022-06-01,6.639999866485596,10083.98,both,-10077.34,False
2022-06-02,6.53000020980835,10007.51,both,-10000.98,False
2022-06-05,6.53000020980835,9986.0,both,-9979.47,False
2022-06-06,6.619999885559082,9984.92,both,-9978.3,False
2022-06-07,6.739999771118164,10048.36,both,-10041.62,False
2022-06-08,6.849999904632568,10236.06,both,-10229.21,False
2022-06-09,6.840000152587891,10235.43,both,-10228.59,False
2022-06-12,6.769999980926514,10097.55,both,-10090.78,False
2022-06-13,6.690000057220459,10014.85,both,-10008.16,False
2022-06-14,6.599999904632568,9981.22,both,-9974.62,False
2022-06-15,6.489999771118164,9969.97,both,-9963.48,False
2022-06-16,6.550000190734863,9866.75,both,-9860.2,False
2022-06-19,6.460000038146973,9728.19,both,-9721.73,False
2022-06-20,6.460000038146973,9680.18,both,-9673.72,False
2022-06-21,6.440000057220459,9697.88,both,-9691.44,False
2022-06-22,6.400000095367432,9612.9,both,-9606.5,False
2022-06-23,6.389999866485596,9439.85,both,-9433.46,False
2022-06-26,6.400000095367432,9443.75,both,-9437.35,False
2022-06-27,6.449999809265137,9255.43,both,-9248.98,False
2022-06-28,6.429999828338623,9179.63,both,-9173.2,False
2022-06-29,6.610000133514404,9225.61,both,-9219.0,False
2022-07-03,6.579999923706055,9008.89,both,-9002.31,False
2022-07-04,6.400000095367432,8685.74,both,-8679.34,False
2022-07-05,6.420000076293945,8657.5,both,-8651.08,False
2022-07-06,6.400000095367432,8670.12,both,-8663.72,False
2022-07-07,6.449999809265137,8764.25,both,-8757.8,False
2022-07-17,6.349999904632568,8772.93,both,-8766.58,False
2022-07-18,6.380000114440918,8867.94,both,-8861.56,False
2022-07-19,6.460000038146973,9033.53,both,-9027.07,False
2022-07-20,6.46999979019165,9112.72,both,-9106.25,False
2022-07-21,6.690000057220459,9289.81,both,-9283.12,False
2022-07-24,6.639999866485596,9276.28,both,-9269.64,False
2022-07-25,6.650000095367432,9237.7,both,-9231.05,False
2022-07-26,6.679999828338623,9350.42,both,-9343.74,False
2022-07-27,6.599999904632568,9287.92,both,-9281.32,False
2022-07-28,6.570000171661377,9369.32,both,-9362.75,False
2022-07-31,6.599999904632568,9467.08,both,-9460.48,False
2022-08-01,6.550000190734863,9423.1,both,-9416.55,False
2022-08-02,6.480000019073486,9442.02,both,-9435.54,False
2022-08-03,6.519999980926514,9539.43,both,-9532.91,False
2022-08-04,6.679999828338623,10043.23,both,-10036.55,False
2022-08-07,6.739999771118164,10123.81,both,-10117.07,False
2022-08-08,7.070000171661377,10047.71,both,-10040.64,False
2022-08-09,6.860000133514404,9968.88,both,-9962.02,False
2022-08-10,6.909999847412109,9965.46,both,-9958.55,False
2022-08-11,7.050000190734863,9988.84,both,-9981.79,False
2022-08-14,7.0,9984.44,both,-9977.44,False
2022-08-15,6.949999809265137,9914.71,both,-9907.76,False
2022-08-16,6.989999771118164,9843.17,both,-9836.18,False
2022-08-17,6.900000095367432,10058.12,both,-10051.22,False
2022-08-18,6.900000095367432,10094.16,both,-10087.26,False
2022-08-21,7.300000190734863,10339.58,both,-10332.28,False
2022-08-22,7.239999771118164,10246.24,both,-10239.0,False
2022-08-23,7.239999771118164,10137.89,both,-10130.65,False
2022-08-24,7.170000076293945,10105.24,both,-10098.07,False
2022-08-25,7.210000038146973,10287.27,both,-10280.06,False
2022-08-28,7.159999847412109,10178.15,both,-10170.99,False
2022-08-29,7.150000095367432,10122.32,both,-10115.17,False
2022-08-30,6.920000076293945,10132.15,both,-10125.23,False
2022-08-31,6.920000076293945,9998.61,both,-9991.69,False
2022-09-01,6.849999904632568,9936.87,both,-9930.02,False
2022-09-04,6.920000076293945,9996.74,both,-9989.82,False
2022-09-05,6.920000076293945,10177.64,both,-10170.72,False
2022-09-06,7.010000228881836,10329.66,both,-10322.65,False
2022-09-07,7.010000228881836,10232.29,both,-10225.28,False
2022-09-08,7.0,10265.35,both,-10258.35,False
2022-09-11,6.96999979019165,10356.31,both,-10349.34,False
2022-09-12,6.949999809265137,10434.1,both,-10427.15,False
2022-09-13,7.0,10397.12,both,-10390.12,False
2022-09-14,6.960000038146973,10193.79,both,-10186.83,False
2022-09-15,6.650000095367432,10079.02,both,-10072.37,False
2022-09-18,6.679999828338623,9763.19,both,-9756.51,False
2022-09-19,6.670000076293945,9854.21,both,-9847.54,False
2022-09-20,6.659999847412109,10010.53,both,-10003.87,False
2022-09-21,6.659999847412109,9955.85,both,-9949.19,False
2022-09-22,6.71999979019165,9933.05,both,-9926.33,False
2022-09-25,6.659999847412109,9895.04,both,-9888.38,False
2022-09-26,6.670000076293945,9827.8,both,-9821.13,False
2022-09-27,6.679999828338623,9817.37,both,-9810.69,False
2022-09-28,6.599999904632568,9702.19,both,-9695.59,False
2022-09-29,6.619999885559082,9827.46,both,-9820.84,False
2022-10-02,6.550000190734863,9687.36,both,-9680.81,False
2022-10-03,6.539999961853027,9685.85,both,-9679.31,False
2022-10-04,6.650000095367432,9923.81,both,-9917.16,False
2022-10-05,6.699999809265137,10010.78,both,-10004.08,False
2022-10-09,6.699999809265137,9940.86,both,-9934.16,False
2022-10-10,6.630000114440918,9948.53,both,-9941.9,False
2022-10-11,6.53000020980835,9867.23,both,-9860.7,False
2022-10-12,6.5,9800.64,both,-9794.14,False
2022-10-13,6.550000190734863,9853.74,both,-9847.19,False
2022-10-16,6.789999961853027,10048.88,both,-10042.09,False
2022-10-17,6.739999771118164,10148.4,both,-10141.66,False
2022-10-18,6.860000133514404,10163.56,both,-10156.7,False
2022-10-19,6.789999961853027,10156.34,both,-10149.55,False
2022-10-20,7.019999980926514,10273.53,both,-10266.51,False
2022-10-23,6.989999771118164,10258.24,both,-10251.25,False
2022-10-24,6.820000171661377,10320.88,both,-10314.06,False
2022-10-25,7.070000171661377,10475.02,both,-10467.95,False
2022-10-26,7.070000171661377,10553.2,both,-10546.13,False
2022-10-27,7.150000095367432,11072.02,both,-11064.87,False
2022-10-30,7.159999847412109,11100.67,both,-11093.51,False
2022-10-31,7.699999809265137,11372.79,both,-11365.09,False
2022-11-01,7.659999847412109,11432.79,both,-11425.13,False
2022-11-02,7.510000228881836,11242.07,both,-11234.56,False
2022-11-03,7.449999809265137,11262.4,both,-11254.95,False
2022-11-06,7.460000038146973,11179.2,both,-11171.74,False
2022-11-07,7.619999885559082,11443.71,both,-11436.09,False
2022-11-08,7.480000019073486,11268.04,both,-11260.56,False
2022-11-09,7.599999904632568,11781.58,both,-11773.98,False
2022-11-10,7.789999961853027,11756.56,both,-11748.77,False
2022-11-13,8.0,11980.62,both,-11972.62,False
2022-11-14,7.579999923706055,12136.37,both,-12128.79,False
2022-11-15,7.559999942779541,12137.0,both,-12129.44,False
2022-11-16,7.599999904632568,12341.2,both,-12333.6,False
2022-11-17,7.570000171661377,12515.71,both,-12508.14,False
2022-11-20,7.510000228881836,12523.84,both,-12516.33,False
2022-11-21,7.550000190734863,12449.9,both,-12442.35,False
2022-11-22,7.639999866485596,12622.34,both,-12614.7,False
2022-11-23,7.760000228881836,12600.09,both,-12592.33,False
2022-11-24,7.800000190734863,12779.44,both,-12771.64,False
2022-11-27,8.350000381469727,13009.48,both,-13001.13,False
2022-11-28,8.300000190734863,12917.22,both,-12908.92,False
2022-11-29,8.390000343322754,13184.26,both,-13175.87,False
2022-11-30,8.380000114440918,13259.26,both,-13250.88,False
2022-12-01,8.510000228881836,13639.73,both,-13631.22,False
2022-12-04,8.800000190734863,14078.53,both,-14069.73,False
2022-12-05,8.9399995803833,14327.77,both,-14318.83,False
2022-12-06,9.020000457763672,14498.29,both,-14489.27,False
2022-12-07,9.260000228881836,14787.05,both,-14777.79,False
2022-12-08,8.899999618530273,14838.31,both,-14829.41,False
2022-12-11,9.079999923706056,14587.7,both,-14578.62,False
2022-12-12,9.0600004196167,14723.71,both,-14714.65,False
2022-12-13,10.600000381469728,15150.31,both,-15139.71,False
2022-12-14,11.300000190734863,15378.28,both,-15366.98,False
2022-12-15,10.90999984741211,15141.55,both,-15130.64,False
2022-12-18,11.010000228881836,14843.05,both,-14832.04,False
2022-12-19,11.010000228881836,14738.6,both,-14727.59,False
2022-12-20,11.010000228881836,14523.26,both,-14512.25,False
2022-12-21,10.670000076293944,14541.98,both,-14531.31,False
2022-12-22,10.399999618530272,14482.93,both,-14472.53,False
2022-12-25,9.90999984741211,14385.3,both,-14375.39,False
2022-12-26,9.920000076293944,14560.41,both,-14550.49,False
2022-12-27,9.81999969482422,14485.18,both,-14475.36,False
2022-12-28,10.0,14578.21,both,-14568.21,False
2022-12-29,10.399999618530272,14598.53,both,-14588.13,False
2023-01-02,10.520000457763672,14960.66,both,-14950.14,False
2023-01-03,10.510000228881836,15068.13,both,-15057.62,False
2023-01-04,10.850000381469728,15557.46,both,-15546.61,False
2023-01-05,10.789999961853027,16002.18,both,-15991.39,False
2023-01-09,10.949999809265137,16096.87,both,-16085.92,False
2023-01-10,10.329999923706056,15462.57,both,-15452.24,False
2023-01-11,10.100000381469728,15528.1,both,-15518.0,False
2023-01-12,10.010000228881836,15551.47,both,-15541.46,False
2023-01-15,9.9399995803833,15561.25,both,-15551.31,False
2023-01-16,10.199999809265137,15837.91,both,-15827.71,False
2023-01-17,10.079999923706056,15981.88,both,-15971.8,False
2023-01-18,10.40999984741211,15987.15,both,-15976.74,False
2023-01-19,10.350000381469728,16065.98,both,-16055.63,False
2023-01-22,10.399999618530272,16118.85,both,-16108.45,False
2023-01-23,10.399999618530272,16183.49,both,-16173.09,False
2023-01-24,10.68000030517578,16440.53,both,-16429.85,False
2023-01-25,11.369999885559082,16791.11,both,-16779.74,False
2023-01-29,11.640000343322754,17411.46,both,-17399.82,False
2023-01-30,11.449999809265137,17026.64,both,-17015.19,False
2023-01-31,11.09000015258789,16446.38,both,-16435.29,False
2023-02-01,11.699999809265137,16407.79,both,-16396.09,False
2023-02-02,10.699999809265137,16255.73,both,-16245.03,False
2023-02-05,10.40999984741211,16265.92,both,-16255.51,False
2023-02-06,10.43000030517578,16587.06,both,-16576.63,False
2023-02-07,11.329999923706056,16900.43,both,-16889.1,False
2023-02-08,11.229999542236328,16948.08,both,-16936.85,False
2023-02-09,11.1899995803833,17613.78,both,-17602.59,False
2023-02-12,11.010000228881836,17287.09,both,-17276.08,False
2023-02-13,11.0,17214.56,both,-17203.56,False
2023-02-14,11.25,17430.98,both,-17419.73,False
2023-02-15,11.550000190734863,17522.56,both,-17511.01,False
2023-02-16,11.510000228881836,17488.87,both,-17477.36,False
2023-02-19,11.260000228881836,17326.61,both,-17315.35,False
2023-02-20,10.960000038146973,16814.0,both,-16803.04,False
2023-02-21,11.229999542236328,17039.45,both,-17028.22,False
2023-02-22,11.020000457763672,16777.2,both,-16766.18,False
2023-02-23,11.09000015258789,17003.9,both,-16992.81,False
2023-02-26,11.300000190734863,17213.01,both,-17201.71,False
2023-02-27,10.970000267028809,17098.16,both,-17087.19,False
2023-02-28,10.609999656677246,17002.08,both,-16991.47,False
2023-03-01,10.789999961853027,17123.01,both,-17112.22,False
2023-03-02,11.029999732971191,16846.79,both,-16835.76,False
2023-03-05,11.020000457763672,16827.65,both,-16816.63,False
2023-03-06,11.140000343322754,16803.89,both,-16792.75,False
2023-03-07,11.100000381469728,16432.56,both,-16421.46,False
2023-03-08,10.960000038146973,16315.62,both,-16304.66,False
2023-03-09,11.489999771118164,16454.31,both,-16442.82,False
2023-03-12,11.289999961853027,15936.89,both,-15925.6,False
2023-03-13,10.8100004196167,15438.5,both,-15427.69,False
2023-03-14,10.859999656677246,15362.25,both,-15351.39,False
2023-03-15,10.0,14724.44,both,-14714.44,False
2023-03-16,10.010000228881836,14704.18,both,-14694.17,False
2023-03-19,10.100000381469728,14681.12,both,-14671.02,False
2023-03-20,10.789999961853027,14923.81,both,-14913.02,False
2023-03-21,10.949999809265137,15325.66,both,-15314.71,False
2023-03-22,10.84000015258789,15253.22,both,-15242.38,False
2023-03-23,11.029999732971191,15625.08,both,-15614.05,False
2023-03-26,11.380000114440918,15989.18,both,-15977.8,False
2023-03-27,11.829999923706056,15950.09,both,-15938.26,False
2023-03-28,12.260000228881836,15906.42,both,-15894.16,False
2023-03-29,13.289999961853027,16411.37,both,-16398.08,False
2023-03-30,13.84000015258789,16418.53,both,-16404.69,False
2023-04-02,14.420000076293944,16694.46,both,-16680.04,False
2023-04-03,14.380000114440918,17056.89,both,-17042.51,False
2023-04-04,14.289999961853027,16998.35,both,-16984.06,False
2023-04-05,13.989999771118164,17019.25,both,-17005.26,False
2023-04-06,13.729999542236328,16709.28,both,-16695.55,False
2023-04-09,13.699999809265137,16674.87,both,-16661.17,False
2023-04-10,14.119999885559082,16774.64,both,-16760.52,False
2023-04-11,14.300000190734863,17011.68,both,-16997.38,False
2023-04-12,14.59000015258789,16741.45,both,-16726.86,False
2023-04-13,15.59000015258789,17671.27,both,-17655.68,False
2023-04-18,16.530000686645508,17538.97,both,-17522.44,False
2023-04-19,16.18000030517578,17516.04,both,-17499.86,False
2023-04-26,16.600000381469727,17452.22,both,-17435.62,False
2023-04-27,17.75,17796.91,both,-17779.16,False
2023-04-30,16.889999389648438,17667.74,both,-17650.85,False
2023-05-01,16.889999389648438,17310.83,both,-17293.94,False
2023-05-02,16.1299991607666,17300.56,both,-17284.43,False
2023-05-03,15.789999961853027,17295.27,both,-17279.48,False
2023-05-07,16.0,17235.31,both,-17219.31,False
2023-05-08,16.75,17642.97,both,-17626.22,False
2023-05-09,16.5,17326.27,both,-17309.77,False
2023-05-10,16.979999542236328,17494.73,both,-17477.75,False
2023-05-11,16.920000076293945,17270.69,both,-17253.77,False
2023-05-14,17.040000915527344,17369.13,both,-17352.09,False
2023-05-15,16.309999465942383,17135.55,both,-17119.24,False
2023-05-16,15.520000457763672,17033.99,both,-17018.47,False
2023-05-17,14.470000267028809,16844.01,both,-16829.54,False
2023-05-18,14.600000381469728,16745.54,both,-16730.94,False
2023-05-21,14.579999923706056,16860.88,both,-16846.3,False
2023-05-22,14.899999618530272,16764.41,both,-16749.51,False
2023-05-23,15.600000381469728,16787.71,both,-16772.11,False
2023-05-24,15.829999923706056,17090.56,both,-17074.73,False
2023-05-25,15.489999771118164,17043.62,both,-17028.13,False
2023-05-28,15.369999885559082,17131.45,both,-17116.08,False
2023-05-29,15.140000343322754,17211.84,both,-17196.7,False
2023-05-30,15.600000381469728,17534.59,both,-17518.99,False
2023-05-31,15.350000381469728,17495.77,both,-17480.42,False
2023-06-01,15.720000267028809,17533.31,both,-17517.59,False
2023-06-04,15.699999809265137,17455.48,both,-17439.78,False
2023-06-05,15.699999809265137,17345.9,both,-17330.2,False
2023-06-06,15.479999542236328,17491.18,both,-17475.7,False
2023-06-07,15.0,17347.57,both,-17332.57,False
2023-06-08,15.06999969482422,17521.36,both,-17506.29,False
2023-06-11,15.59000015258789,17739.63,both,-17724.04,False
2023-06-12,15.510000228881836,17704.58,both,-17689.07,False
2023-06-13,15.380000114440918,17866.81,both,-17851.43,False
2023-06-14,15.06999969482422,17873.28,both,-17858.21,False
2023-06-15,14.880000114440918,17881.52,both,-17866.64,False
2023-06-18,15.5,18026.17,both,-18010.67,False
2023-06-19,15.390000343322754,17988.95,both,-17973.56,False
2023-06-20,15.18000030517578,17921.92,both,-17906.74,False
2023-06-21,14.90999984741211,17706.08,both,-17691.17,False
2023-06-22,15.0,17712.93,both,-17697.93,False
2023-06-25,14.619999885559082,17287.64,both,-17273.02,False
2023-06-26,14.850000381469728,17665.29,both,-17650.44,False
2023-07-04,14.81999969482422,17466.18,both,-17451.36,False
2023-07-05,14.5,17380.33,both,-17365.83,False
2023-07-06,14.220000267028809,17102.3,both,-17088.08,False
2023-07-09,13.979999542236328,16555.12,both,-16541.14,False
2023-07-10,14.25,16963.13,both,-16948.88,False
2023-07-11,14.40999984741211,17155.23,both,-17140.82,False
2023-07-12,14.630000114440918,17144.22,both,-17129.59,False
2023-07-13,14.640000343322754,17342.29,both,-17327.65,False
2023-07-16,14.529999732971191,17343.13,both,-17328.6,False
2023-07-17,14.979999542236328,17512.01,both,-17497.03,False
2023-07-18,15.170000076293944,17608.32,both,-17593.15,False
2023-07-19,15.170000076293944,17578.67,both,-17563.5,False
2023-07-24,14.81999969482422,17550.23,both,-17535.41,False
2023-07-25,14.670000076293944,17479.94,both,-17465.27,False
2023-07-26,14.619999885559082,17396.24,both,-17381.62,False
2023-07-27,14.40999984741211,17339.06,both,-17324.65,False
2023-07-30,14.800000190734863,17554.56,both,-17539.76,False
2023-07-31,14.630000114440918,17595.92,both,-17581.29,False
2023-08-01,14.68000030517578,17514.11,both,-17499.43,False
2023-08-02,14.59000015258789,17455.6,both,-17441.01,False
2023-08-03,14.899999618530272,17451.44,both,-17436.54,False
2023-08-06,15.300000190734863,17697.49,both,-17682.19,False
2023-08-07,15.31999969482422,17839.48,both,-17824.16,False
2023-08-08,15.899999618530272,17748.89,both,-17732.99,False
2023-08-09,15.920000076293944,17763.63,both,-17747.71,False
2023-08-10,15.710000038146973,17710.2,both,-17694.49,False
2023-08-13,16.100000381469727,17856.07,both,-17839.97,False
2023-08-14,15.9399995803833,17897.5,both,-17881.56,False
2023-08-15,15.800000190734863,17965.32,both,-17949.52,False
2023-08-16,15.729999542236328,18062.5,both,-18046.77,False
2023-08-17,15.449999809265137,17969.27,both,-17953.82,False
2023-08-20,15.449999809265137,18033.22,both,-18017.77,False
2023-08-21,15.899999618530272,17920.48,both,-17904.58,False
2023-08-22,15.720000267028809,18216.63,both,-18200.91,False
2023-08-23,15.300000190734863,18133.42,both,-18118.12,False
2023-08-24,15.079999923706056,18207.82,both,-18192.74,False
2023-08-27,15.199999809265137,18516.59,both,-18501.39,False
2023-08-28,15.199999809265137,18584.84,both,-18569.64,False
2023-08-29,15.4399995803833,18629.34,both,-18613.9,False
2023-08-30,15.670000076293944,18818.15,both,-18802.48,False
2023-08-31,15.670000076293944,18873.82,both,-18858.15,False
2023-09-03,15.890000343322754,18726.01,both,-18710.12,False
2023-09-04,16.510000228881836,18910.99,both,-18894.48,False
2023-09-05,16.799999237060547,19044.39,both,-19027.59,False
2023-09-06,16.530000686645508,19224.52,both,-19207.99,False
2023-09-07,16.649999618530273,19375.68,both,-19359.03,False
2023-09-10,16.649999618530273,19577.85,both,-19561.2,False
2023-09-11,16.25,19278.72,both,-19262.47,False
2023-09-12,16.260000228881836,19144.09,both,-19127.83,False
2023-09-13,16.450000762939453,19361.7,both,-19345.25,False
2023-09-14,16.389999389648438,19540.33,both,-19523.94,False
2023-09-17,16.5,19668.82,both,-19652.32,False
2023-09-18,16.510000228881836,19751.78,both,-19735.27,False
2023-09-19,15.729999542236328,19954.3,both,-19938.57,False
2023-09-20,15.729999542236328,19797.23,both,-19781.5,False
2023-09-21,15.729999542236328,20080.57,both,-20064.84,False
2023-09-24,15.729999542236328,20213.7,both,-20197.97,False
2023-09-25,15.649999618530272,20320.56,both,-20304.91,False
2023-09-26,15.579999923706056,20354.86,both,-20339.28,False
2023-09-27,15.579999923706056,20174.28,both,-20158.7,False
2023-10-01,15.579999923706056,20054.72,both,-20039.14,False
2023-10-02,15.489999771118164,19901.24,both,-19885.75,False
2023-10-03,15.369999885559082,19706.96,both,-19691.59,False
2023-10-04,15.130000114440918,19873.31,both,-19858.18,False
2023-10-08,14.649999618530272,19357.42,both,-19342.77,False
2023-10-09,14.859999656677246,19409.78,both,-19394.92,False
2023-10-10,14.9399995803833,19724.32,both,-19709.38,False
2023-10-11,14.729999542236328,19653.49,both,-19638.76,False
2023-10-12,14.989999771118164,20002.1,both,-19987.11,False
2023-10-15,15.899999618530272,20324.96,both,-20309.06,False
2023-10-16,16.200000762939453,21032.35,both,-21016.15,False
2023-10-17,18.520000457763672,22073.95,both,-22055.43,False
2023-10-18,17.600000381469727,22117.4,both,-22099.8,False
2023-10-19,17.600000381469727,21616.6,both,-21599.0,False
2023-10-22,17.860000610351562,22128.49,both,-22110.63,False
2023-10-23,17.510000228881836,22572.49,both,-22554.98,False
2023-10-24,17.549999237060547,22377.39,both,-22359.84,False
2023-10-25,19.979999542236328,23131.96,both,-23111.98,False
2023-10-26,19.15999984741211,23262.27,both,-23243.11,False
2023-10-29,19.1299991607666,23086.72,both,-23067.59,False
2023-10-30,18.649999618530277,23435.65,both,-23417.0,False
2023-10-31,18.5,22550.65,both,-22532.15,False
2023-11-01,19.0,22433.38,both,-22414.38,False
2023-11-02,18.899999618530277,22639.59,both,-22620.69,False
2023-11-05,18.729999542236328,23094.69,both,-23075.96,False
2023-11-06,18.170000076293945,23059.15,both,-23040.98,False
2023-11-07,17.809999465942383,23393.41,both,-23375.6,False
2023-11-08,18.1200008392334,23986.56,both,-23968.44,False
2023-11-09,17.8799991607666,24312.92,both,-24295.04,False
2023-11-12,18.21999931335449,23910.66,both,-23892.44,False
2023-11-13,17.709999084472656,23954.96,both,-23937.25,False
2023-11-14,17.860000610351562,23894.06,both,-23876.2,False
2023-11-15,18.0,24138.8,both,-24120.8,False
2023-11-16,18.309999465942383,24383.27,both,-24364.96,False
2023-11-19,18.32999992370605,24899.59,both,-24881.26,False
2023-11-20,17.899999618530273,24760.02,both,-24742.12,False
2023-11-21,17.899999618530273,24774.04,both,-24756.14,False
2023-11-22,17.84000015258789,25029.57,both,-25011.73,False
2023-11-23,18.200000762939453,25519.49,both,-25501.29,False
2023-11-26,18.670000076293945,25300.32,both,-25281.65,False
2023-11-27,19.06999969482422,25905.54,both,-25886.47,False
2023-11-28,18.46999931335449,25121.73,both,-25103.26,False
2023-11-29,18.0,24759.16,both,-24741.16,False
2023-11-30,18.229999542236328,24735.39,both,-24717.16,False
2023-12-03,18.010000228881836,24571.98,both,-24553.97,False
2023-12-04,18.299999237060547,25265.41,both,-25247.11,False
2023-12-05,18.899999618530277,25127.91,both,-25109.01,False
2023-12-06,18.13999938964844,24703.55,both,-24685.41,False
2023-12-07,18.09000015258789,24686.16,both,-24668.07,False
2023-12-10,17.75,24189.83,both,-24172.08,False
2023-12-11,17.100000381469727,24182.06,both,-24164.96,False
2023-12-12,16.959999084472656,24071.66,both,-24054.7,False
2023-12-13,17.489999771118164,24773.92,both,-24756.43,False
2023-12-14,17.739999771118164,24722.82,both,-24705.08,False
2023-12-17,17.889999389648438,24792.14,both,-24774.25,False
2023-12-18,17.940000534057617,25334.09,both,-25316.15,False
2023-12-19,17.600000381469727,25076.42,both,-25058.82,False
2023-12-20,17.639999389648438,24837.56,both,-24819.92,False
2023-12-21,17.100000381469727,24305.09,both,-24287.99,False
2023-12-24,17.100000381469727,23822.17,both,-23805.07,False
2023-12-25,16.549999237060547,24226.68,both,-24210.13,False
2023-12-26,16.0,23994.54,both,-23978.54,False
2023-12-27,16.709999084472656,24351.12,both,-24334.41,False
2023-12-28,16.709999084472656,24691.43,both,-24674.72,False
2023-12-31,16.90999984741211,24894.26,both,-24877.35,False
2024-01-02,17.200000762939453,25501.94,both,-25484.74,False
2024-01-03,17.280000686645508,25408.51,both,-25391.23,False
2024-01-04,17.1299991607666,25350.28,both,-25333.15,False
2024-01-08,17.299999237060547,25344.63,both,-25327.33,False
2024-01-09,17.15999984741211,25589.99,both,-25572.83,False
2024-01-10,17.139999389648438,25466.75,both,-25449.61,False
2024-01-11,17.65999984741211,25519.25,both,-25501.59,False
2024-01-14,18.34000015258789,25974.84,both,-25956.5,False
2024-01-15,17.969999313354492,26250.73,both,-26232.76,False
2024-01-16,18.979999542236328,26938.14,both,-26919.16,False
2024-01-17,18.700000762939453,26758.26,both,-26739.56,False
2024-01-18,18.959999084472656,26842.67,both,-26823.71,False
2024-01-21,20.46999931335449,27719.37,both,-27698.9,False
2024-01-22,19.989999771118164,28050.33,both,-28030.34,False
2024-01-23,20.690000534057617,27587.0,both,-27566.31,False
2024-01-24,20.489999771118164,27666.18,both,-27645.69,False
2024-01-28,23.700000762939453,28625.76,both,-28602.06,False
2024-01-29,24.799999237060547,29227.79,both,-29202.99,False
2024-01-30,28.520000457763672,30347.3,both,-30318.78,False
2024-01-31,24.0,28281.91,both,-28257.91,False
2024-02-01,24.600000381469727,28434.37,both,-28409.77,False
2024-02-04,22.25,27573.5,both,-27551.25,False
2024-02-05,22.25,27665.75,both,-27643.5,False
2024-02-06,20.790000915527344,27270.63,both,-27249.84,False
2024-02-07,22.5,27905.95,both,-27883.45,False
2024-02-08,22.65999984741211,28411.41,both,-28388.75,False
2024-02-11,22.790000915527344,28199.04,both,-28176.25,False
2024-02-12,24.420000076293945,28494.72,both,-28470.3,False
2024-02-13,24.13999938964844,28604.54,both,-28580.4,False
2024-02-14,24.100000381469727,28874.99,both,-28850.89,False
2024-02-15,24.0,28926.15,both,-28902.15,False
2024-02-18,24.0,29125.57,both,-29101.57,False
2024-02-19,24.600000381469727,29452.4,both,-29427.8,False
2024-02-20,24.399999618530277,29330.66,both,-29306.26,False
2024-02-21,24.8799991607666,29292.05,both,-29267.17,False
2024-02-22,25.350000381469727,29309.73,both,-29284.38,False
2024-02-25,20.940000534057617,27840.86,both,-27819.92,False
2024-02-26,20.799999237060547,28931.92,both,-28911.12,False
2024-02-27,19.6200008392334,29205.16,both,-29185.54,False
2024-02-28,18.520000457763672,28876.46,both,-28857.94,False
2024-02-29,18.959999084472656,28964.41,both,-28945.45,False
2024-03-03,18.40999984741211,29058.33,both,-29039.92,False
2024-03-04,19.71999931335449,30542.33,both,-30522.61,False
2024-03-05,19.489999771118164,30668.89,both,-30649.4,False
2024-03-06,20.489999771118164,29743.11,both,-29722.62,False
2024-03-07,20.239999771118164,31300.54,both,-31280.3,False
2024-03-10,21.520000457763672,32919.95,both,-32898.43,False
2024-03-11,20.600000381469727,33382.51,both,-33361.91,False
2024-03-12,19.700000762939453,32661.61,both,-32641.91,False
2024-03-13,18.559999465942383,31013.88,both,-30995.32,False
2024-03-14,18.51000022888184,31316.43,both,-31297.92,False
2024-03-17,19.25,31061.88,both,-31042.63,False
2024-03-18,18.350000381469727,29091.29,both,-29072.94,False
2024-03-19,18.399999618530277,28675.7,both,-28657.3,False
2024-03-20,18.799999237060547,28589.37,both,-28570.57,False
2024-03-21,19.059999465942383,29054.96,both,-29035.9,False
2024-03-24,19.600000381469727,29060.02,both,-29040.42,False
2024-03-25,20.540000915527344,29344.46,both,-29323.92,False
2024-03-26,20.149999618530277,29057.5,both,-29037.35,False
2024-03-27,19.350000381469727,28224.37,both,-28205.02,False
2024-03-28,19.030000686645508,27559.35,both,-27540.32,False
2024-03-31,18.0,26883.39,both,-26865.39,False
2024-04-01,18.5,28297.17,both,-28278.67,False
2024-04-02,18.989999771118164,27934.36,both,-27915.37,False
2024-04-03,18.75,27937.22,both,-27918.47,False
2024-04-04,19.0,28506.16,both,-28487.16,False
2024-04-07,19.01000022888184,28151.66,both,-28132.65,False
2024-04-08,19.799999237060547,28503.75,both,-28483.95,False
2024-04-15,20.8700008392334,29616.47,both,-29595.6,False
2024-04-16,21.88999938964844,29400.84,both,-29378.95,False
2024-04-17,22.07999992370605,29667.71,both,-29645.63,False
2024-04-18,20.270000457763672,28332.65,both,-28312.38,False
2024-04-21,20.700000762939453,28623.39,both,-28602.69,False
2024-04-22,20.899999618530277,28144.22,both,-28123.32,False
2024-04-23,21.0,26777.05,both,-26756.05,False
2024-04-24,20.0,25917.59,both,-25897.59,False
2024-04-28,20.0,24639.63,both,-24619.63,False
2024-04-29,18.239999771118164,26011.28,both,-25993.04,False
2024-04-30,17.489999771118164,24448.73,both,-24431.24,False
2024-05-01,,25270.55,right_only,,False
2024-05-02,18.280000686645508,26113.71,both,-26095.43,False
2024-05-07,19.06999969482422,26429.69,both,-26410.62,False
2024-05-08,19.040000915527344,25988.93,both,-25969.89,False
2024-05-09,19.350000381469727,26003.16,both,-25983.81,False
2024-05-12,19.229999542236328,25155.92,both,-25136.69,False
2024-05-13,18.700000762939453,25381.25,both,-25362.55,False
2024-05-14,18.709999084472656,25339.77,both,-25321.06,False
2024-05-15,18.81999969482422,25316.08,both,-25297.26,False
2024-05-16,19.100000381469727,26142.84,both,-26123.74,False
2024-05-19,19.899999618530277,27315.83,both,-27295.93,False
2024-05-20,19.799999237060547,27228.85,both,-27209.05,False
2024-05-21,19.729999542236328,27224.8,both,-27205.07,False
2024-05-22,19.90999984741211,27227.44,both,-27207.53,False
2024-05-23,19.670000076293945,27205.14,both,-27185.47,False
2024-05-26,19.670000076293945,27539.21,both,-27519.54,False
2024-05-27,20.100000381469727,27287.31,both,-27267.21,False
2024-05-28,19.8700008392334,27194.51,both,-27174.64,False
2024-05-29,19.770000457763672,27089.68,both,-27069.91,False
2024-05-30,19.649999618530277,26922.76,both,-26903.11,False
2024-06-02,20.0,26869.85,both,-26849.85,False
2024-06-03,21.0,26834.47,both,-26813.47,False
2024-06-04,21.600000381469727,26973.0,both,-26951.4,False
2024-06-05,21.06999969482422,26634.3,both,-26613.23,False
2024-06-06,20.520000457763672,26428.65,both,-26408.13,False
2024-06-09,19.850000381469727,25659.13,both,-25639.28,False
2024-06-10,20.540000915527344,25896.56,both,-25876.02,False
2024-06-11,21.0,26082.29,both,-26061.29,False
2024-06-12,21.520000457763672,26133.39,both,-26111.87,False
2024-06-13,22.18000030517578,26417.6,both,-26395.42,False
2024-06-23,23.5,27062.37,both,-27038.87,False
2024-06-24,23.020000457763672,26902.4,both,-26879.38,False
2024-06-25,23.65999984741211,27264.23,both,-27240.57,False
2024-06-26,24.0,27500.56,both,-27476.56,False
2024-06-27,23.440000534057617,27766.27,both,-27742.83,False
2024-07-01,,27969.59,right_only,,False
2024-07-02,23.600000381469727,27985.89,both,-27962.29,False
2024-07-03,23.959999084472656,28161.17,both,-28137.21,False
2024-07-04,23.520000457763672,28364.79,both,-28341.27,False
2024-07-07,23.739999771118164,28602.14,both,-28578.4,False
2024-07-08,22.850000381469727,28411.87,both,-28389.02,False
2024-07-09,22.68000030517578,28466.24,both,-28443.56,False
2024-07-10,23.21999931335449,28287.98,both,-28264.76,False
2024-07-14,22.920000076293945,28042.06,both,-28019.14,False
2024-07-15,22.96999931335449,27952.04,both,-27929.07,False
2024-07-16,23.030000686645508,27828.92,both,-27805.89,False
2024-07-17,23.040000915527344,28340.42,both,-28317.38,False
2024-07-18,23.5,28653.85,both,-28630.35,False
2024-07-21,23.959999084472656,28783.24,both,-28759.28,False
2024-07-22,24.270000457763672,28992.34,both,-28968.07,False
2024-07-23,25.01000022888184,29195.24,both,-29170.23,False
2024-07-24,24.51000022888184,29090.57,both,-29066.06,False
2024-07-28,23.88999938964844,29036.32,both,-29012.43,False
2024-07-29,23.600000381469727,28851.23,both,-28827.63,False
2024-07-30,24.0,29039.42,both,-29015.42,False
2024-07-31,24.520000457763672,29378.82,both,-29354.3,False
2024-08-01,24.209999084472656,29359.87,both,-29335.66,False
2024-08-04,22.709999084472656,28503.63,both,-28480.92,False
2024-08-05,23.01000022888184,27840.64,both,-27817.63,False
2024-08-06,23.690000534057617,28210.41,both,-28186.72,False
2024-08-07,23.5,28628.19,both,-28604.69,False
2024-08-08,23.229999542236328,28750.82,both,-28727.59,False
2024-08-11,23.540000915527344,29532.67,both,-29509.13,False
2024-08-12,23.420000076293945,29706.7,both,-29683.28,False
2024-08-13,23.26000022888184,29331.04,both,-29307.78,False
2024-08-14,24.170000076293945,29567.0,both,-29542.83,False
2024-08-15,24.989999771118164,29629.14,both,-29604.15,False
2024-08-18,24.43000030517578,29460.24,both,-29435.81,False
2024-08-19,24.049999237060547,29320.18,both,-29296.13,False
2024-08-20,25.13999938964844,29915.24,both,-29890.1,False
2024-08-21,25.0,29914.29,both,-29889.29,False
2024-08-22,23.950000762939453,30141.08,both,-30117.13,False
2024-08-25,23.81999969482422,30073.95,both,-30050.13,False
2024-08-26,23.65999984741211,30133.81,both,-30110.15,False
2024-08-27,23.709999084472656,30363.15,both,-30339.44,False
2024-08-28,23.920000076293945,30709.59,both,-30685.67,False
2024-08-29,23.780000686645508,30774.19,both,-30750.41,False
2024-09-01,23.809999465942383,30902.88,both,-30879.07,False
2024-09-02,23.729999542236328,30731.98,both,-30708.25,False
2024-09-03,23.790000915527344,31018.48,both,-30994.69,False
2024-09-04,24.0,30998.19,both,-30974.19,False
2024-09-05,23.81999969482422,31029.7,both,-31005.88,False
2024-09-08,23.36000061035156,30273.73,both,-30250.37,False
2024-09-09,23.8799991607666,30374.96,both,-30351.08,False
2024-09-10,24.299999237060547,30104.35,both,-30080.05,False
2024-09-11,25.25,30485.63,both,-30460.38,False
2024-09-12,25.5,30497.83,both,-30472.33,False
2024-09-16,25.600000381469727,30260.24,both,-30234.64,False
2024-09-17,24.899999618530277,30159.15,both,-30134.25,False
2024-09-18,25.200000762939453,30342.46,both,-30317.26,False
2024-09-19,25.299999237060547,30937.69,both,-30912.39,False
2024-09-22,24.88999938964844,31038.41,both,-31013.52,False
2024-09-23,24.670000076293945,31022.54,both,-30997.87,False
2024-09-24,24.200000762939453,30871.1,both,-30846.9,False
2024-09-25,24.540000915527344,31250.64,both,-31226.1,False
2024-09-26,24.200000762939453,31276.91,both,-31252.71,False
2024-09-29,24.200000762939453,31459.09,both,-31434.89,False
2024-09-30,24.0,31587.04,both,-31563.04,False
2024-10-01,23.959999084472656,31866.06,both,-31842.1,False
2024-10-02,23.07999992370605,31332.73,both,-31309.65,False
2024-10-03,23.299999237060547,31720.5,both,-31697.2,False
2024-10-07,23.31999969482422,31819.16,both,-31795.84,False
2024-10-08,22.88999938964844,30851.63,both,-30828.74,False
2024-10-09,22.700000762939453,31175.43,both,-31152.73,False
2024-10-10,23.809999465942383,30762.32,both,-30738.51,False
2024-10-13,24.13999938964844,29954.12,both,-29929.98,False
2024-10-14,25.049999237060547,30273.06,both,-30248.01,False
2024-10-15,24.670000076293945,30584.24,both,-30559.57,False
2024-10-16,27.399999618530277,30545.11,both,-30517.71,False
2024-10-17,28.0,30143.86,both,-30115.86,False
2024-10-20,29.270000457763672,29528.79,both,-29499.52,False
2024-10-21,34.75,30445.2,both,-30410.45,False
2024-10-22,32.2400016784668,30427.35,both,-30395.11,False
2024-10-23,30.76000022888184,30414.05,both,-30383.29,False
2024-10-24,29.75,30552.82,both,-30523.07,False
2024-10-27,30.25,30812.23,both,-30781.98,False
2024-10-28,30.549999237060547,30773.53,both,-30742.98,False
2024-10-29,29.700000762939453,30619.96,both,-30590.26,False
2024-10-30,29.51000022888184,30371.26,both,-30341.75,False
2024-10-31,29.399999618530277,30658.0,both,-30628.6,False
2024-11-03,29.299999237060547,30833.13,both,-30803.83,False
2024-11-04,29.31999969482422,30650.04,both,-30620.72,False
2024-11-05,28.75,30793.94,both,-30765.19,False
2024-11-06,29.88999938964844,31045.26,both,-31015.37,False
2024-11-07,29.200000762939453,31267.47,both,-31238.27,False
2024-11-10,29.200000762939453,31394.33,both,-31365.13,False
2024-11-11,29.09000015258789,31621.29,both,-31592.2,False
2024-11-12,28.600000381469727,31582.39,both,-31553.79,False
2024-11-13,27.8700008392334,31433.01,both,-31405.14,False
2024-11-14,27.82999992370605,31462.21,both,-31434.38,False
2024-11-17,27.5,31252.07,both,-31224.57,False
2024-11-18,26.5,30864.34,both,-30837.84,False
2024-11-19,26.350000381469727,30688.3,both,-30661.95,False
2024-11-20,26.229999542236328,30587.99,both,-30561.76,False
2024-11-21,26.520000457763672,30631.8,both,-30605.28,False
2024-11-24,26.18000030517578,30397.22,both,-30371.04,False
2024-11-25,25.799999237060547,30270.51,both,-30244.71,False
2024-11-26,25.399999618530277,30284.35,both,-30258.95,False
2024-11-27,26.149999618530277,29846.04,both,-29819.89,False
2024-11-28,26.21999931335449,30242.13,both,-30215.91,False
2024-12-01,26.100000381469727,30497.13,both,-30471.03,False
2024-12-02,25.61000061035156,30525.32,both,-30499.71,False
2024-12-03,25.43000030517578,30628.74,both,-30603.31,False
2024-12-04,26.399999618530277,30832.61,both,-30806.21,False
2024-12-05,26.5,30839.57,both,-30813.07,False
2024-12-08,26.399999618530277,31060.51,both,-31034.11,False
2024-12-09,26.18000030517578,31005.12,both,-30978.94,False
2024-12-10,25.75,30617.83,both,-30592.08,False
2024-12-11,26.290000915527344,30739.26,both,-30712.97,False
2024-12-12,26.0,30795.09,both,-30769.09,False
2024-12-15,25.86000061035156,30776.0,both,-30750.14,False
2024-12-16,25.459999084472656,30799.43,both,-30773.97,False
2024-12-17,26.479999542236328,30601.64,both,-30575.16,False
2024-12-18,26.790000915527344,30503.07,both,-30476.28,False
2024-12-19,26.5,30526.71,both,-30500.21,False
2024-12-22,26.200000762939453,30372.7,both,-30346.5,False
2024-12-23,25.600000381469727,30118.38,both,-30092.78,False
2024-12-24,25.799999237060547,29973.15,both,-29947.35,False
2024-12-25,25.450000762939453,30005.0,both,-29979.55,False
2024-12-26,25.46999931335449,29957.97,both,-29932.5,False
2024-12-29,25.059999465942383,29594.48,both,-29569.42,False
2024-12-30,24.030000686645508,29325.2,both,-29301.17,False
2024-12-31,25.0,29740.58,both,-29715.58,False
2025-01-02,25.84000015258789,30060.48,both,-30034.64,False
2025-01-05,26.3700008392334,30183.61,both,-30157.24,False
2025-01-06,25.75,29929.64,both,-29903.89,False
2025-01-08,25.25,29785.91,both,-29760.66,False
2025-01-09,24.690000534057617,29444.65,both,-29419.96,False
2025-01-12,24.25,29277.45,both,-29253.2,False
2025-01-13,23.299999237060547,28556.28,both,-28532.98,False
2025-01-14,23.299999237060547,28967.09,both,-28943.79,False
2025-01-15,24.489999771118164,29389.93,both,-29365.44,False
2025-01-16,24.700000762939453,29605.12,both,-29580.42,False
2025-01-19,24.520000457763672,29728.61,both,-29704.09,False
2025-01-20,24.32999992370605,29619.39,both,-29595.06,False
2025-01-21,26.399999618530277,29826.58,both,-29800.18,False
2025-01-22,27.270000457763672,29979.14,both,-29951.87,False
2025-01-23,26.40999984741211,29997.69,both,-29971.28,False
2025-01-26,26.420000076293945,30034.85,both,-30008.43,False
2025-01-27,25.84000015258789,29742.12,both,-29716.28,False
2025-01-28,25.899999618530277,29646.6,both,-29620.7,False
2025-01-29,26.020000457763672,29891.61,both,-29865.59,False
2025-01-30,25.239999771118164,30010.62,both,-29985.38,False
2025-02-02,25.100000381469727,29917.96,both,-29892.86,False
2025-02-03,25.0,29754.77,both,-29729.77,False
2025-02-04,25.399999618530277,29668.47,both,-29643.07,False
2025-02-05,25.25,29735.59,both,-29710.34,False
2025-02-06,25.290000915527344,30011.84,both,-29986.55,False
2025-02-09,25.36000061035156,30014.27,both,-29988.91,False
2025-02-10,25.059999465942383,29905.41,both,-29880.35,False
2025-02-11,24.530000686645508,29564.21,both,-29539.68,False
2025-02-12,24.239999771118164,29661.99,both,-29637.75,False
2025-02-13,23.940000534057617,29997.11,both,-29973.17,False
2025-02-16,24.600000381469727,30443.82,both,-30419.22,False
2025-02-17,24.71999931335449,30436.71,both,-30411.99,False
2025-02-18,24.46999931335449,30587.81,both,-30563.34,False
2025-02-19,24.76000022888184,30875.28,both,-30850.52,False
2025-02-20,25.18000030517578,30914.72,both,-30889.54,False
2025-02-23,24.8700008392334,31010.25,both,-30985.38,False
2025-02-24,24.520000457763672,30925.29,both,-30900.77,False
2025-02-25,24.6200008392334,30654.92,both,-30630.3,False
2025-02-26,24.61000061035156,30631.95,both,-30607.34,False
2025-02-27,24.459999084472656,30610.44,both,-30585.98,False
2025-03-02,24.11000061035156,30857.77,both,-30833.66,False
2025-03-03,24.11000061035156,30988.51,both,-30964.4,False
2025-03-04,24.200000762939453,30762.85,both,-30738.65,False
2025-03-05,24.36000061035156,30876.44,both,-30852.08,False
2025-03-06,24.559999465942383,30947.44,both,-30922.88,False
2025-03-09,24.5,31130.68,both,-31106.18,False
2025-03-10,24.399999618530277,31137.03,both,-31112.63,False
2025-03-11,24.270000457763672,30935.23,both,-30910.96,False
2025-03-12,24.270000457763672,31049.03,both,-31024.76,False
2025-03-13,24.229999542236328,31290.62,both,-31266.39,False
2025-03-16,24.350000381469727,31338.34,both,-31313.99,False
2025-03-17,23.82999992370605,31458.59,both,-31434.76,False
2025-03-18,23.75,31608.69,both,-31584.94,False
2025-03-19,23.049999237060547,31348.47,both,-31325.42,False
2025-03-20,23.15999984741211,31677.58,both,-31654.42,False
2025-03-23,22.8700008392334,31933.76,both,-31910.89,False
2025-03-24,22.700000762939453,31810.98,both,-31788.28,False
2025-03-25,22.950000762939453,31761.97,both,-31739.02,False
2025-03-26,23.200000762939453,31744.3,both,-31721.1,False
2025-03-27,23.299999237060547,32026.14,both,-32002.84,False
2025-04-03,23.11000061035156,31699.58,both,-31676.47,False
2025-04-06,22.0,30639.52,both,-30617.52,False
2025-04-07,21.799999237060547,30453.94,both,-30432.14,False
2025-04-08,22.850000381469727,30648.98,both,-30626.13,False
2025-04-09,22.030000686645508,30079.93,both,-30057.9,False
2025-04-10,22.71999931335449,30810.7,both,-30787.98,False
2025-04-13,23.270000457763672,31174.62,both,-31151.35,False
2025-04-14,23.71999931335449,31182.37,both,-31158.65,False
2025-04-15,23.40999984741211,31185.03,both,-31161.62,False
2025-04-16,23.100000381469727,31030.7,both,-31007.6,False
2025-04-17,22.96999931335449,31062.95,both,-31039.98,False
2025-04-22,23.0,30844.18,both,-30821.18,False
2025-04-23,23.46999931335449,31640.22,both,-31616.75,False
2025-04-27,23.21999931335449,31855.12,both,-31831.9,False
2025-04-28,22.18000030517578,32015.02,both,-31992.84,False
2025-04-29,21.940000534057617,32043.48,both,-32021.54,False
2025-04-30,21.850000381469727,32126.22,both,-32104.37,False
2025-05-04,22.239999771118164,32351.66,both,-32329.42,False
2025-05-05,23.01000022888184,32211.75,both,-32188.74,False
2025-05-06,22.93000030517578,32285.45,both,-32262.52,False
2025-05-07,22.540000915527344,31840.44,both,-31817.9,False
2025-05-08,22.3700008392334,31772.04,both,-31749.67,False
2025-05-11,22.209999084472656,31427.98,both,-31405.77,False
2025-05-12,22.190000534057617,31577.01,both,-31554.82,False
2025-05-13,22.170000076293945,31692.77,both,-31670.6,False
2025-05-14,22.100000381469727,31827.86,both,-31805.76,False
2025-05-15,22.0,31941.15,both,-31919.15,False
2025-05-18,21.8700008392334,31713.7,both,-31691.83,False
2025-05-19,21.68000030517578,31355.82,both,-31334.14,False
2025-05-20,21.559999465942383,31629.34,both,-31607.78,False
2025-05-21,21.350000381469727,31836.63,both,-31815.28,False
2025-05-22,21.440000534057617,31975.63,both,-31954.19,False
2025-05-25,22.170000076293945,32023.89,both,-32001.72,False
2025-05-26,22.270000457763672,31922.5,both,-31900.23,False
2025-05-27,22.5,32397.38,both,-32374.88,False
2025-05-28,22.200000762939453,32493.89,both,-32471.69,False
2025-05-29,22.01000022888184,32696.79,both,-32674.78,False
2025-06-01,22.1200008392334,32500.03,both,-32477.91,False
2025-06-02,21.979999542236328,32325.12,both,-32303.14,False
2025-06-03,22.209999084472656,32355.41,both,-32333.2,False
2025-06-04,22.3700008392334,32677.87,both,-32655.5,False
2025-06-10,23.100000381469727,32904.06,both,-32880.96,False
2025-06-11,23.209999084472656,32935.19,both,-32911.98,False
2025-06-12,22.600000381469727,32511.68,both,-32489.08,False
2025-06-15,21.40999984741211,31016.0,both,-30994.59,False
2025-06-16,21.31999969482422,31042.36,both,-31021.04,False
2025-06-17,21.15999984741211,30725.96,both,-30704.8,False
2025-06-18,22.0,30838.98,both,-30816.98,False
2025-06-19,21.0,30248.44,both,-30227.44,False
2025-06-22,22.200000762939453,31055.98,both,-31033.78,False
2025-06-23,23.0,31418.74,both,-31395.74,False
2025-06-24,23.690000534057617,32598.55,both,-32574.86,False
2025-06-25,24.25,33002.85,both,-32978.6,False
2025-06-29,24.040000915527344,33206.76,both,-33182.72,False
2025-06-30,23.90999984741211,32857.62,both,-32833.71,False
2025-07-01,23.59000015258789,32707.22,both,-32683.63,False
2025-07-02,23.649999618530277,32820.49,both,-32796.84,False
2025-07-06,23.5,,left_only,,False
2025-07-07,23.1299991607666,33037.62,both,-33014.49,False
2025-07-09,23.0,33152.39,both,-33129.39,False
2025-07-10,23.11000061035156,33324.38,both,-33301.27,False
2025-07-13,23.51000022888184,33053.47,both,-33029.96,False
2025-07-14,23.799999237060547,33727.44,both,-33703.64,False
2025-07-15,23.61000061035156,33934.63,both,-33911.02,False
2025-07-16,23.299999237060547,33473.77,both,-33450.47,False
2025-07-17,23.200000762939453,33821.03,both,-33797.83,False
2025-07-20,23.549999237060547,34071.0,both,-34047.45,False
2025-07-21,23.280000686645508,34129.59,both,-34106.31,False
2025-07-22,23.07999992370605,33803.34,both,-33780.26,False
2025-07-23,23.07999992370605,34125.12,both,-34102.04,False
2025-07-27,23.229999542236328,34554.24,both,-34531.01,False
2025-07-28,22.700000762939453,34076.22,both,-34053.52,False
2025-07-29,22.489999771118164,34085.74,both,-34063.25,False
2025-07-30,22.32999992370605,33859.68,both,-33837.35,False
2025-07-31,22.450000762939453,34198.0,both,-34175.55,False
2025-08-03,22.450000762939453,34272.16,both,-34249.71,False
2025-08-04,22.450000762939453,34704.51,both,-34682.06,False
2025-08-05,22.450000762939453,35254.18,both,-35231.73,False
2025-08-06,22.450000762939453,35480.25,both,-35457.8,False
2025-08-07,22.450000762939453,35809.36,both,-35786.91,False
2025-08-10,22.88999938964844,36109.77,both,-36086.88,False
2025-08-11,22.75,35908.5,both,-35885.75,False
2025-08-12,22.600000381469727,36003.65,both,-35981.05,False
2025-08-13,22.729999542236328,35855.26,both,-35832.53,False
2025-08-14,22.649999618530277,35576.42,both,-35553.77,False
2025-08-17,22.700000762939453,35972.77,both,-35950.07,False
2025-08-18,22.700000762939453,35824.78,both,-35802.08,False
2025-08-19,23.100000381469727,36100.07,both,-36076.97,False
2025-08-20,23.100000381469727,35731.83,both,-35708.73,False
2025-08-21,22.950000762939453,35622.26,both,-35599.31,False
2025-08-24,23.100000381469727,35811.88,both,-35788.78,False
2025-08-25,23.0,35810.57,both,-35787.57,False
2025-08-26,22.739999771118164,35358.34,both,-35335.6,False
2025-08-27,22.600000381469727,35676.19,both,-35653.59,False
2025-08-28,22.700000762939453,35727.19,both,-35704.49,False
2025-08-31,22.270000457763672,35148.14,both,-35125.87,False
2025-09-01,22.290000915527344,35158.88,both,-35136.59,False
2025-09-02,22.239999771118164,35156.93,both,-35134.69,False
2025-09-03,22.15999984741211,34761.97,both,-34739.81,False
2025-09-07,21.770000457763672,34455.41,both,-34433.64,False
2025-09-08,21.799999237060547,34601.53,both,-34579.73,False
2025-09-09,21.709999084472656,34386.33,both,-34364.62,False
2025-09-10,21.5,34670.1,both,-34648.6,False
2025-09-11,21.729999542236328,34937.44,both,-34915.71,False
2025-09-14,21.600000381469727,35111.82,both,-35090.22,False
2025-09-15,21.309999465942383,35165.84,both,-35144.53,False
2025-09-16,21.06999969482422,34840.82,both,-34819.75,False
2025-09-17,21.049999237060547,34974.84,both,-34953.79,False
2025-09-18,21.049999237060547,35403.0,both,-35381.95,False
2025-09-21,21.100000381469727,35247.04,both,-35225.94,False
2025-09-22,21.31999969482422,35210.7,both,-35189.38,False
2025-09-23,21.049999237060547,35328.63,both,-35307.58,False
2025-09-24,21.399999618530277,35949.12,both,-35927.72,False
2025-09-25,21.32999992370605,35671.43,both,-35650.1,False
2025-09-28,21.309999465942383,36166.08,both,-36144.77,False
2025-09-29,21.5,36391.0,both,-36369.5,False
2025-09-30,22.049999237060547,36670.08,both,-36648.03,False
2025-10-01,21.850000381469727,36769.18,both,-36747.33,False
2025-10-02,21.57999992370605,36900.7,both,-36879.12,False
2025-10-05,21.940000534057617,37210.83,both,-37188.89,False
2025-10-06,21.920000076293945,37094.8,both,-37072.88,False
2025-10-07,22.299999237060547,37097.37,both,-37075.07,False
2025-10-08,22.350000381469727,37376.93,both,-37354.58,False
2025-10-12,22.020000457763672,37378.58,both,-37356.56,False
2025-10-13,22.88999938964844,37409.85,both,-37386.96,False
2025-10-14,23.170000076293945,37459.13,both,-37435.96,False
2025-10-15,23.6299991607666,37654.04,both,-37630.41,False
2025-10-16,23.530000686645508,37677.19,both,-37653.66,False
2025-10-19,23.450000762939453,37909.61,both,-37886.16,False
2025-10-20,23.299999237060547,37975.06,both,-37951.76,False
2025-10-21,23.190000534057617,37698.49,both,-37675.3,False
2025-10-22,24.0,37576.55,both,-37552.55,False
2025-10-23,23.809999465942383,37687.04,both,-37663.23,False
2025-10-26,24.030000686645508,38101.96,both,-38077.93,False
2025-10-27,23.959999084472656,38162.01,both,-38138.05,False
2025-10-28,23.649999618530277,38304.94,both,-38281.29,False
2025-10-29,24.0,38229.53,both,-38205.53,False
2025-10-30,23.899999618530277,38267.8,both,-38243.9,False
2025-11-02,23.450000762939453,38082.88,both,-38059.43,False
2025-11-03,23.6200008392334,38622.84,both,-38599.22,False
2025-11-04,24.200000762939453,39065.73,both,-39041.53,False
2025-11-05,24.1200008392334,39132.25,both,-39108.13,False
2025-11-06,24.25,39949.66,both,-39925.41,False
2025-11-09,24.5,40821.96,both,-40797.46,False
2025-11-10,24.920000076293945,40427.35,both,-40402.43,False
2025-11-11,24.739999771118164,40261.16,both,-40236.42,False
2025-11-12,24.530000686645508,40228.76,both,-40204.23,False
2025-11-13,24.26000022888184,40190.62,both,-40166.36,False
2025-11-16,23.690000534057617,41211.27,both,-41187.58,False
2025-11-17,23.729999542236328,41065.75,both,-41042.02,False
2025-11-18,23.600000381469727,40501.28,both,-40477.68,False
2025-11-19,23.13999938964844,40509.16,both,-40486.02,False
2025-11-20,22.799999237060547,40302.39,both,-40279.59,False
2025-11-23,22.299999237060547,40445.66,both,-40423.36,False
2025-11-24,22.34000015258789,39725.26,both,-39702.92,False
2025-11-25,22.07999992370605,39902.53,both,-39880.45,False
2025-11-26,22.030000686645508,39537.25,both,-39515.22,False
2025-11-27,22.0,40039.24,both,-40017.24,False
2025-11-30,22.790000915527344,40753.45,both,-40730.66,False
2025-12-01,22.790000915527344,40693.92,both,-40671.13,False
2025-12-02,22.920000076293945,40625.63,both,-40602.71,False
2025-12-03,23.299999237060547,41342.03,both,-41318.73,False
2025-12-04,22.81999969482422,41499.07,both,-41476.25,False
2025-12-07,22.790000915527344,41762.43,both,-41739.64,False
2025-12-08,23.299999237060547,41963.24,both,-41939.94,False
2025-12-09,23.63999938964844,41940.62,both,-41916.98,False
2025-12-10,23.5,42052.79,both,-42029.29,False
2025-12-11,23.450000762939453,42033.78,both,-42010.33,False
2025-12-14,23.270000457763672,42065.2,both,-42041.93,False
2025-12-15,22.90999984741211,42305.36,both,-42282.45,False
2025-12-16,23.280000686645508,42002.37,both,-41979.09,False
2025-12-17,22.979999542236328,41504.03,both,-41481.05,False
2025-12-18,22.899999618530277,40926.86,both,-40903.96,False
2025-12-21,22.75,41348.38,both,-41325.63,False
2025-12-22,22.600000381469727,41102.76,both,-41080.16,False
2025-12-23,23.100000381469727,41419.32,both,-41396.22,False
2025-12-24,23.25,41508.31,both,-41485.06,False
2025-12-25,23.399999618530277,41253.02,both,-41229.62,False
2025-12-28,23.700000762939453,41604.74,both,-41581.04,False
2025-12-29,23.420000076293945,41731.68,both,-41708.26,False
2025-12-30,23.649999618530277,41689.96,both,-41666.31,False
2025-12-31,23.25,41828.97,both,-41805.72,False
2026-01-04,22.899999618530277,40898.15,both,-40875.25,False
2026-01-05,22.61000061035156,40676.98,both,-40654.37,False
2026-01-06,22.700000762939453,41543.46,both,-41520.76,False
2026-01-08,22.96999931335449,41856.76,both,-41833.79,False
2026-01-11,23.0,42895.41,both,-42872.41,False
2026-01-12,22.899999618530277,43404.25,both,-43381.35,False
2026-01-13,22.5,43684.22,both,-43661.72,False
2026-01-14,22.06999969482422,43058.34,both,-43036.27,False
2026-01-15,21.520000457763672,43346.87,both,-43325.35,False
2026-01-18,21.96999931335449,43952.52,both,-43930.55,False
2026-01-19,21.93000030517578,45048.44,both,-45026.51,False
2026-01-20,22.350000381469727,45905.16,both,-45882.81,False
2026-01-21,22.040000915527344,46048.69,both,-46026.65,False
2026-01-22,22.34000015258789,46462.32,both,-46439.98,False
2026-01-25,22.3700008392334,46857.73,both,-46835.36,False
2026-01-26,22.200000762939453,47507.43,both,-47485.23,False
2026-01-27,22.18000030517578,47834.55,both,-47812.37,False
2026-01-28,22.0,47785.93,both,-47763.93,False
2026-02-01,22.170000076293945,47662.74,both,-47640.57,False
2026-02-02,22.200000762939453,47606.28,both,-47584.08,False
2026-02-03,22.3700008392334,48978.48,both,-48956.11,False
2026-02-04,23.100000381469727,49631.56,both,-49608.46,False
2026-02-05,23.25,49739.03,both,-49715.78,False
2026-02-08,23.34000015258789,50035.23,both,-50011.89,False
2026-02-09,23.420000076293945,50293.53,both,-50270.11,False
2026-02-10,23.239999771118164,50376.15,both,-50352.91,False
2026-02-11,23.290000915527344,49700.24,both,-49676.95,False
2026-02-12,23.25,50490.2,both,-50466.95,False
2026-02-15,23.600000381469727,52308.32,both,-52284.72,False
2026-02-16,24.149999618530277,51493.53,both,-51469.38,False
2026-02-17,23.899999618530277,51833.76,both,-51809.86,False
2026-02-18,23.700000762939453,52222.34,both,-52198.64,False
2026-02-19,22.979999542236328,50667.67,both,-50644.69,False
2026-02-22,22.5,49560.88,both,-49538.38,False
2026-02-23,22.8799991607666,50870.06,both,-50847.18,False
2026-02-24,22.51000022888184,50390.21,both,-50367.7,False
2026-02-25,22.799999237060547,49014.32,both,-48991.52,False
2026-02-26,22.75,49212.83,both,-49190.08,False
2026-03-01,21.88999938964844,47984.26,both,-47962.37,False
2026-03-02,22.0,47692.49,both,-47670.49,False
2026-03-03,21.899999618530277,46725.81,both,-46703.91,False
2026-03-04,22.01000022888184,46452.14,both,-46430.13,False
2026-03-05,22.32999992370605,47516.44,both,-47494.11,False
2026-03-08,23.0,46774.24,both,-46751.24,False
2026-03-09,23.0,46414.85,both,-46391.85,False
2026-03-10,23.059999465942383,47772.74,both,-47749.68,False
2026-03-11,22.8700008392334,47195.39,both,-47172.52,False
2026-03-12,22.8799991607666,46790.96,both,-46768.08,False
2026-03-15,22.5,45926.93,both,-45904.43,False
2026-03-16,22.100000381469727,45187.72,both,-45165.62,False
2026-03-17,22.25,46054.61,both,-46032.36,False
2026-03-18,22.40999984741211,47611.96,both,-47589.55,False
2026-03-19,22.40999984741211,,left_only,,False
2026-03-24,22.56999969482422,46930.88,both,-46908.31,False
2026-03-25,22.700000762939453,47497.91,both,-47475.21,False
2026-03-26,22.399999618530277,47001.89,both,-46979.49,False
2026-03-29,22.0,46404.27,both,-46382.27,False
2026-03-30,21.959999084472656,45189.89,both,-45167.93,False
2026-03-31,21.950000762939453,45321.59,both,-45299.64,False
2026-04-01,22.280000686645508,46731.49,both,-46709.21,False
2026-04-02,22.170000076293945,46399.0,both,-46376.83,False
2026-04-05,22.399999618530277,47276.43,both,-47254.03,False
2026-04-06,22.59000015258789,47651.58,both,-47628.99,False
2026-04-07,22.299999237060547,46681.78,both,-46659.48,False
2026-04-08,22.6299991607666,48593.99,both,-48571.36,False
2026-04-09,22.690000534057617,49078.6,both,-49055.91,False
2026-04-12,,49078.6,right_only,,False
2026-04-14,22.899999618530277,49978.62,both,-49955.72,False
2026-04-15,22.93000030517578,50733.14,both,-50710.21,False
2026-04-16,22.799999237060547,51437.78,both,-51414.98,False
2026-04-19,22.780000686645508,52372.64,both,-52349.86,False
2026-04-20,22.799999237060547,51813.43,both,-51790.63,False
2026-04-21,22.799999237060547,51977.34,both,-51954.54,False
2026-04-22,22.729999542236328,51962.39,both,-51939.66,False
2026-04-23,22.75,52375.39,both,-52352.64,False
2026-04-26,22.770000457763672,52421.14,both,-52398.37,False
2026-04-27,22.899999618530277,52719.12,both,-52696.22,False
2026-04-28,23.0,52230.61,both,-52207.61,False
2026-04-29,23.15999984741211,52383.13,both,-52359.97,False
2026-04-30,22.950000762939453,51760.97,both,-51738.02,False
2026-05-03,23.100000381469727,52312.7,both,-52289.6,False
2026-05-04,23.280000686645508,51973.5,both,-51950.22,False
2026-05-05,23.299999237060547,52557.63,both,-52534.33,False
2026-05-06,23.350000381469727,53605.08,both,-53581.73,False
2026-05-10,23.739999771118164,54628.68,both,-54604.94,False
2026-05-11,23.649999618530277,54475.49,both,-54451.84,False
2026-05-12,23.559999465942383,54058.75,both,-54035.19,False
2026-05-13,23.43000030517578,53416.17,both,-53392.74,False
2026-05-14,23.399999618530277,53154.84,both,-53131.44,False
2026-05-17,23.149999618530277,52364.34,both,-52341.19,False
2026-05-18,22.07999992370605,52007.0,both,-51984.92,False
2026-05-19,22.049999237060547,52774.98,both,-52752.93,False
2026-05-20,21.6200008392334,51936.75,both,-51915.13,False
2026-05-21,21.700000762939453,52090.96,both,-52069.26,False
2026-05-24,22.25,52861.47,both,-52839.22,False
2026-05-25,22.65999984741211,52658.75,both,-52636.09,False
2026-05-26,22.65999984741211,,left_only,,False
2026-05-27,22.65999984741211,,left_only,,False
2026-05-28,22.65999984741211,,left_only,,False
2026-06-01,23.25,52853.94,both,-52830.69,False
2026-06-02,24.0,52927.02,both,-52903.02,False
2026-06-03,23.780000686645508,52564.42,both,-52540.64,False
2026-06-04,23.5,52652.53,both,-52629.03,False
2026-06-07,23.799999237060547,52164.6,both,-52140.8,False
2026-06-08,23.600000381469727,51882.81,both,-51859.21,False
2026-06-09,23.850000381469727,52374.8,both,-52350.95,False
2026-06-10,23.15999984741211,51256.65,both,-51233.49,False
2026-06-11,22.989999771118164,50818.84,both,-50795.85,False
2026-06-14,23.21999931335449,51994.63,both,-51971.41,False
2026-06-15,23.1299991607666,52306.66,both,-52283.53,False
2026-06-16,23.18000030517578,52047.15,both,-52023.97,False
2026-06-17,23.18000030517578,52621.84,both,-52598.66,False
2026-06-18,23.18000030517578,,left_only,,False
2026-06-21,23.450000762939453,52679.45,both,-52656.0,False
2026-06-22,23.450000762939453,52585.72,both,-52562.27,False
2026-06-23,22.989999771118164,51769.74,both,-51746.75,False
2026-06-24,22.950000762939453,51710.9,both,-51687.95,False
2026-06-25,22.84000015258789,51443.07,both,-51420.23,False
2026-06-28,22.149999618530277,50344.37,both,-50322.22,False
2026-06-29,22.149999618530277,49825.58,both,-49803.43,False
2026-06-30,22.399999618530277,50487.96,both,-50465.56,False
2026-07-01,22.34000015258789,50532.7,both,-50510.36,False
2026-07-05,22.6200008392334,51130.89,both,-51108.27,False
2026-07-06,23.020000457763672,52502.74,both,-52479.72,False
2026-07-07,23.100000381469727,53006.11,both,-52983.01,False
2026-07-08,22.700000762939453,52028.37,both,-52005.67,False
2026-07-09,22.809999465942383,52311.51,both,-52288.7,False
2026-07-12,22.68000030517578,52256.18,both,-52233.5,False
2026-07-13,22.649999618530277,52608.28,both,-52585.63,False
2026-07-14,22.46999931335449,52299.31,both,-52276.84,False
2026-07-15,22.899999618530277,52558.39,both,-52535.49,False
2026-07-16,23.299999237060547,52928.06,both,-52904.76,False
2026-07-19,23.15999984741211,52560.1,both,-52536.94,False
2026-07-20,23.200000762939453,53126.01,both,-53102.81,False
2026-07-21,23.0,53989.55,both,-53966.55,False
2026-07-22,23.1200008392334,53931.92,both,-53908.8,False
2026-07-26,22.959999084472656,,left_only,,False
2026-07-27,23.0,,left_only,,False
2026-07-28,23.0,,left_only,,False
2026-07-29,22.899999618530277,,left_only,,False
2026-07-30,22.600000381469727,,left_only,,False
