date,fetched_close,reference_close,_merge,diff,match
2014-12-23,,8710.6,right_only,,False
2014-12-24,,8766.12,right_only,,False
2014-12-25,,8740.12,right_only,,False
2014-12-28,,8745.16,right_only,,False
2014-12-29,,8958.13,right_only,,False
2014-12-30,,9005.75,right_only,,False
2014-12-31,,8926.58,right_only,,False
2015-01-04,,8942.65,right_only,,False
2015-01-05,,9011.07,right_only,,False
2015-01-06,,8798.94,right_only,,False
2015-01-08,,8946.34,right_only,,False
2015-01-11,,8909.75,right_only,,False
2015-01-12,,9109.23,right_only,,False
2015-01-13,,9308.98,right_only,,False
2015-01-14,,9544.08,right_only,,False
2015-01-15,,9555.99,right_only,,False
2015-01-18,,9530.92,right_only,,False
2015-01-19,,9599.1,right_only,,False
2015-01-20,,9804.18,right_only,,False
2015-01-21,,9856.3,right_only,,False
2015-01-22,,9898.86,right_only,,False
2015-01-26,,9834.81,right_only,,False
2015-01-27,,9946.58,right_only,,False
2015-01-28,,9863.73,right_only,,False
2015-01-29,,9843.1,right_only,,False
2015-02-01,,9779.76,right_only,,False
2015-02-02,,9830.46,right_only,,False
2015-02-03,,9954.34,right_only,,False
2015-02-04,,10045.93,right_only,,False
2015-02-05,,9965.43,right_only,,False
2015-02-08,,9957.93,right_only,,False
2015-02-09,,9884.46,right_only,,False
2015-02-10,,9900.65,right_only,,False
2015-02-11,,9770.78,right_only,,False
2015-02-12,,9747.36,right_only,,False
2015-02-15,,9789.79,right_only,,False
2015-02-16,,9585.92,right_only,,False
2015-02-17,,9433.85,right_only,,False
2015-02-18,,9537.23,right_only,,False
2015-02-19,,9481.2,right_only,,False
2015-02-22,,9494.55,right_only,,False
2015-02-23,,9601.14,right_only,,False
2015-02-24,,9611.66,right_only,,False
2015-02-25,,9469.08,right_only,,False
2015-02-26,,9334.01,right_only,,False
2015-03-01,,9283.59,right_only,,False
2015-03-02,,9456.33,right_only,,False
2015-03-03,,9475.27,right_only,,False
2015-03-04,,9461.06,right_only,,False
2015-03-05,,9575.98,right_only,,False
2015-03-08,,9638.41,right_only,,False
2015-03-09,,9713.61,right_only,,False
2015-03-10,,9709.5,right_only,,False
2015-03-11,,9576.46,right_only,,False
2015-03-12,,9640.77,right_only,,False
2015-03-15,,9726.03,right_only,,False
2015-03-16,,9529.01,right_only,,False
2015-03-17,,9561.33,right_only,,False
2015-03-18,,9484.08,right_only,,False
2015-03-19,,9518.28,right_only,,False
2015-03-22,,9354.73,right_only,,False
2015-03-23,,9374.12,right_only,,False
2015-03-24,,9367.54,right_only,,False
2015-03-25,,9198.46,right_only,,False
2015-03-26,,9052.5,right_only,,False
2015-03-29,,9062.99,right_only,,False
2015-03-30,,9118.97,right_only,,False
2015-03-31,,9134.78,right_only,,False
2015-04-01,,9099.33,right_only,,False
2015-04-02,,8891.73,right_only,,False
2015-04-05,,8607.66,right_only,,False
2015-04-06,,8508.24,right_only,,False
2015-04-07,,8716.37,right_only,,False
2015-04-08,,8788.9,right_only,,False
2015-04-09,,8892.53,right_only,,False
2015-04-14,,8927.53,right_only,,False
2015-04-15,,8896.68,right_only,,False
2015-04-16,,8886.84,right_only,,False
2015-04-19,,8765.34,right_only,,False
2015-04-20,,8595.78,right_only,,False
2015-04-21,,8575.27,right_only,,False
2015-04-22,,8629.49,right_only,,False
2015-04-23,,8731.29,right_only,,False
2015-04-26,,8633.86,right_only,,False
2015-04-27,,8493.68,right_only,,False
2015-04-28,,8330.52,right_only,,False
2015-04-29,,8488.49,right_only,,False
2015-04-30,,8672.29,right_only,,False
2015-05-03,,8562.97,right_only,,False
2015-05-04,,8652.12,right_only,,False
2015-05-05,,8828.33,right_only,,False
2015-05-06,,8756.31,right_only,,False
2015-05-07,,8742.42,right_only,,False
2015-05-10,,8692.0,right_only,,False
2015-05-11,,8691.85,right_only,,False
2015-05-12,,8674.34,right_only,,False
2015-05-13,,8526.43,right_only,,False
2015-05-14,,8303.37,right_only,,False
2015-05-17,,8260.92,right_only,,False
2015-05-18,,8798.17,right_only,,False
2015-05-19,,8877.68,right_only,,False
2015-05-20,,8826.45,right_only,,False
2015-05-21,,8988.03,right_only,,False
2015-05-24,,9121.92,right_only,,False
2015-05-25,,9050.76,right_only,,False
2015-05-26,,8975.32,right_only,,False
2015-05-27,,8966.71,right_only,,False
2015-05-28,,8912.05,right_only,,False
2015-05-31,,8782.55,right_only,,False
2015-06-01,,8745.04,right_only,,False
2015-06-02,,8847.59,right_only,,False
2015-06-03,,8905.6,right_only,,False
2015-06-04,,8780.76,right_only,,False
2015-06-07,,8728.87,right_only,,False
2015-06-08,,8672.33,right_only,,False
2015-06-09,,8660.93,right_only,,False
2015-06-10,,8639.43,right_only,,False
2015-06-11,,8626.46,right_only,,False
2015-06-14,,8534.13,right_only,,False
2015-06-15,,8515.63,right_only,,False
2015-06-16,,8556.1,right_only,,False
2015-06-17,,8556.55,right_only,,False
2015-06-18,,8576.71,right_only,,False
2015-06-21,,8535.19,right_only,,False
2015-06-22,,8489.41,right_only,,False
2015-06-23,,8444.93,right_only,,False
2015-06-24,,8456.82,right_only,,False
2015-06-25,,8406.17,right_only,,False
2015-06-28,,8511.98,right_only,,False
2015-06-29,,8371.53,right_only,,False
2015-07-02,,8314.72,right_only,,False
2015-07-05,,8218.25,right_only,,False
2015-07-06,,7870.78,right_only,,False
2015-07-07,,7752.94,right_only,,False
2015-07-08,,7550.98,right_only,,False
2015-07-09,,7617.39,right_only,,False
2015-07-12,,7691.35,right_only,,False
2015-07-13,,7587.07,right_only,,False
2015-07-14,,7686.91,right_only,,False
2015-07-15,,7882.62,right_only,,False
2015-07-16,,8022.91,right_only,,False
2015-07-21,,8049.69,right_only,,False
2015-07-22,,8087.24,right_only,,False
2015-07-26,,8004.83,right_only,,False
2015-07-27,,7887.87,right_only,,False
2015-07-28,,7949.89,right_only,,False
2015-07-29,,8105.69,right_only,,False
2015-07-30,,8191.53,right_only,,False
2015-08-02,,8158.31,right_only,,False
2015-08-03,,8087.54,right_only,,False
2015-08-04,,8181.95,right_only,,False
2015-08-05,,8114.08,right_only,,False
2015-08-09,,8011.06,right_only,,False
2015-08-10,,8028.69,right_only,,False
2015-08-11,,8083.18,right_only,,False
2015-08-12,,7911.88,right_only,,False
2015-08-13,,7879.82,right_only,,False
2015-08-16,,7625.76,right_only,,False
2015-08-17,,7594.05,right_only,,False
2015-08-18,,7398.43,right_only,,False
2015-08-19,,7240.77,right_only,,False
2015-08-20,,7172.63,right_only,,False
2015-08-23,,6784.09,right_only,,False
2015-08-24,,6654.06,right_only,,False
2015-08-25,,6836.95,right_only,,False
2015-08-26,,6873.49,right_only,,False
2015-08-27,,7078.83,right_only,,False
2015-08-30,,7055.28,right_only,,False
2015-08-31,,7252.43,right_only,,False
2015-09-01,,7203.86,right_only,,False
2015-09-02,,7150.47,right_only,,False
2015-09-03,,7295.96,right_only,,False
2015-09-06,,7273.92,right_only,,False
2015-09-07,,7166.62,right_only,,False
2015-09-08,,6924.05,right_only,,False
2015-09-09,,7050.02,right_only,,False
2015-09-10,,7039.33,right_only,,False
2015-09-13,,7082.0,right_only,,False
2015-09-14,,7158.1,right_only,,False
2015-09-15,,7175.59,right_only,,False
2015-09-16,,7266.42,right_only,,False
2015-09-17,,7267.52,right_only,,False
2015-09-20,,7234.46,right_only,,False
2015-09-21,,7285.25,right_only,,False
2015-09-22,,7346.54,right_only,,False
2015-09-28,,7409.06,right_only,,False
2015-09-29,,7331.53,right_only,,False
2015-09-30,,7332.88,right_only,,False
2015-10-01,,7310.71,right_only,,False
2015-10-04,,7263.29,right_only,,False
2015-10-05,,7239.27,right_only,,False
2015-10-07,,7354.56,right_only,,False
2015-10-08,,7491.67,right_only,,False
2015-10-11,,7547.66,right_only,,False
2015-10-12,,7650.65,right_only,,False
2015-10-13,,7669.12,right_only,,False
2015-10-15,,7594.45,right_only,,False
2015-10-18,,7538.22,right_only,,False
2015-10-19,,7621.67,right_only,,False
2015-10-20,,7658.95,right_only,,False
2015-10-21,,7669.14,right_only,,False
2015-10-22,,7611.03,right_only,,False
2015-10-25,,7653.14,right_only,,False
2015-10-26,,7577.53,right_only,,False
2015-10-27,,7534.08,right_only,,False
2015-10-28,,7479.59,right_only,,False
2015-10-29,,7507.89,right_only,,False
2015-11-01,,7413.01,right_only,,False
2015-11-02,,7434.69,right_only,,False
2015-11-03,,7432.96,right_only,,False
2015-11-04,,7450.36,right_only,,False
2015-11-05,,7541.72,right_only,,False
2015-11-08,,7347.22,right_only,,False
2015-11-09,,7138.81,right_only,,False
2015-11-10,,6824.74,right_only,,False
2015-11-11,,6801.9,right_only,,False
2015-11-12,,6806.67,right_only,,False
2015-11-15,,6522.12,right_only,,False
2015-11-16,,6480.65,right_only,,False
2015-11-17,,6407.33,right_only,,False
2015-11-18,,6413.97,right_only,,False
2015-11-19,,6568.97,right_only,,False
2015-11-22,,6607.53,right_only,,False
2015-11-23,,6451.32,right_only,,False
2015-11-24,,6321.39,right_only,,False
2015-11-25,,6391.07,right_only,,False
2015-11-26,,6427.82,right_only,,False
2015-11-29,,6477.73,right_only,,False
2015-11-30,,6356.65,right_only,,False
2015-12-01,,6424.88,right_only,,False
2015-12-02,,6649.72,right_only,,False
2015-12-03,,6779.28,right_only,,False
2015-12-06,,6837.42,right_only,,False
2015-12-07,,6777.81,right_only,,False
2015-12-08,,6608.01,right_only,,False
2015-12-09,,6629.32,right_only,,False
2015-12-10,,6637.91,right_only,,False
2015-12-13,,6395.2,right_only,,False
2015-12-14,,6408.12,right_only,,False
2015-12-15,,6421.0,right_only,,False
2015-12-16,,6488.51,right_only,,False
2015-12-17,,6669.8,right_only,,False
2015-12-20,,6707.66,right_only,,False
2015-12-21,,6762.26,right_only,,False
2015-12-22,,6769.08,right_only,,False
2015-12-24,,6812.65,right_only,,False
2015-12-27,,6749.11,right_only,,False
2015-12-28,,6744.47,right_only,,False
2015-12-29,,6794.75,right_only,,False
2015-12-30,,6981.01,right_only,,False
2015-12-31,,7006.01,right_only,,False
2016-01-03,,7089.06,right_only,,False
2016-01-04,,6982.25,right_only,,False
2016-01-05,,7021.42,right_only,,False
2016-01-06,,6922.71,right_only,,False
2016-01-10,,6782.35,right_only,,False
2016-01-11,,6634.98,right_only,,False
2016-01-12,,6463.92,right_only,,False
2016-01-13,,6205.23,right_only,,False
2016-01-14,,5857.7,right_only,,False
2016-01-17,,5760.19,right_only,,False
2016-01-18,,5941.19,right_only,,False
2016-01-19,,6097.45,right_only,,False
2016-01-20,,5776.59,right_only,,False
2016-01-21,,5713.35,right_only,,False
2016-01-24,,5893.54,right_only,,False
2016-01-26,,5896.56,right_only,,False
2016-01-27,,5960.59,right_only,,False
2016-01-28,,5986.78,right_only,,False
2016-01-31,,5992.72,right_only,,False
2016-02-01,,5906.92,right_only,,False
2016-02-02,,6008.85,right_only,,False
2016-02-03,,6066.54,right_only,,False
2016-02-04,,6202.22,right_only,,False
2016-02-07,,6126.47,right_only,,False
2016-02-08,,6174.77,right_only,,False
2016-02-09,,6004.41,right_only,,False
2016-02-10,,6062.65,right_only,,False
2016-02-11,,5813.72,right_only,,False
2016-02-14,,5753.74,right_only,,False
2016-02-15,,5800.05,right_only,,False
2016-02-16,,5894.6,right_only,,False
2016-02-17,,5947.7,right_only,,False
2016-02-18,,5944.47,right_only,,False
2016-02-21,,6007.88,right_only,,False
2016-02-22,,6086.45,right_only,,False
2016-02-23,,6104.74,right_only,,False
2016-02-24,,6054.03,right_only,,False
2016-02-25,,6079.13,right_only,,False
2016-02-28,,6156.01,right_only,,False
2016-02-29,,6146.93,right_only,,False
2016-03-01,,6115.54,right_only,,False
2016-03-02,,6076.57,right_only,,False
2016-03-03,,6089.34,right_only,,False
2016-03-06,,6214.94,right_only,,False
2016-03-07,,6261.41,right_only,,False
2016-03-08,,6339.76,right_only,,False
2016-03-09,,6372.64,right_only,,False
2016-03-10,,6563.65,right_only,,False
2016-03-13,,6563.83,right_only,,False
2016-03-14,,7003.85,right_only,,False
2016-03-15,,7139.44,right_only,,False
2016-03-16,,7228.68,right_only,,False
2016-03-17,,7485.69,right_only,,False
2016-03-20,,7465.86,right_only,,False
2016-03-21,,7494.12,right_only,,False
2016-03-22,,7430.33,right_only,,False
2016-03-23,,7495.47,right_only,,False
2016-03-24,,7548.22,right_only,,False
2016-03-27,,7480.11,right_only,,False
2016-03-28,,7494.1,right_only,,False
2016-03-29,,7567.46,right_only,,False
2016-03-30,,7485.06,right_only,,False
2016-03-31,,7524.99,right_only,,False
2016-04-03,,7521.2,right_only,,False
2016-04-04,,7577.02,right_only,,False
2016-04-05,,7657.98,right_only,,False
2016-04-06,,7459.84,right_only,,False
2016-04-07,,7478.74,right_only,,False
2016-04-10,,7403.77,right_only,,False
2016-04-11,,7342.46,right_only,,False
2016-04-12,,7331.05,right_only,,False
2016-04-13,,7420.61,right_only,,False
2016-04-14,,7463.1,right_only,,False
2016-04-17,,7517.02,right_only,,False
2016-04-18,,7662.44,right_only,,False
2016-04-19,,7864.03,right_only,,False
2016-04-20,,7799.86,right_only,,False
2016-04-21,,7781.45,right_only,,False
2016-04-24,,7743.41,right_only,,False
2016-04-26,,7886.82,right_only,,False
2016-04-27,,7863.58,right_only,,False
2016-04-28,,7773.23,right_only,,False
2016-05-03,,7531.59,right_only,,False
2016-05-04,,7442.44,right_only,,False
2016-05-05,,7547.49,right_only,,False
2016-05-08,,7571.7,right_only,,False
2016-05-09,,7646.02,right_only,,False
2016-05-10,,7621.91,right_only,,False
2016-05-11,,7503.4,right_only,,False
2016-05-12,,7520.52,right_only,,False
2016-05-15,,7373.0,right_only,,False
2016-05-16,,7409.27,right_only,,False
2016-05-17,,7549.97,right_only,,False
2016-05-18,,7637.04,right_only,,False
2016-05-19,,7499.49,right_only,,False
2016-05-22,,7494.76,right_only,,False
2016-05-23,,7417.08,right_only,,False
2016-05-24,,7497.33,right_only,,False
2016-05-25,,7543.43,right_only,,False
2016-05-26,,7531.15,right_only,,False
2016-05-29,,7486.13,right_only,,False
2016-05-30,,7452.88,right_only,,False
2016-05-31,,7483.65,right_only,,False
2016-06-01,,7572.39,right_only,,False
2016-06-02,,7617.88,right_only,,False
2016-06-05,,7563.5,right_only,,False
2016-06-06,,7639.59,right_only,,False
2016-06-07,,7717.35,right_only,,False
2016-06-08,,7780.13,right_only,,False
2016-06-09,,7756.3,right_only,,False
2016-06-12,,7650.62,right_only,,False
2016-06-13,,7645.21,right_only,,False
2016-06-14,,7570.05,right_only,,False
2016-06-15,,7414.81,right_only,,False
2016-06-16,,7420.39,right_only,,False
2016-06-19,,7337.97,right_only,,False
2016-06-20,,7203.64,right_only,,False
2016-06-21,,7250.92,right_only,,False
2016-06-22,,7156.49,right_only,,False
2016-06-23,,7253.31,right_only,,False
2016-06-26,,6851.61,right_only,,False
2016-06-27,,6903.81,right_only,,False
2016-06-28,,6931.94,right_only,,False
2016-06-29,,6942.52,right_only,,False
2016-07-03,,6981.72,right_only,,False
2016-07-04,,7182.8,right_only,,False
2016-07-10,,7517.43,right_only,,False
2016-07-11,,7506.18,right_only,,False
2016-07-12,,7457.5,right_only,,False
2016-07-13,,7559.87,right_only,,False
2016-07-14,,7583.06,right_only,,False
2016-07-17,,7599.64,right_only,,False
2016-07-18,,7628.64,right_only,,False
2016-07-19,,7596.96,right_only,,False
2016-07-20,,7503.36,right_only,,False
2016-07-21,,7436.87,right_only,,False
2016-07-24,,7463.72,right_only,,False
2016-07-25,,7517.78,right_only,,False
2016-07-26,,7539.99,right_only,,False
2016-07-27,,7914.74,right_only,,False
2016-07-28,,8030.85,right_only,,False
2016-07-31,,7983.15,right_only,,False
2016-08-01,,7930.14,right_only,,False
2016-08-02,,7973.45,right_only,,False
2016-08-03,,8104.57,right_only,,False
2016-08-04,,8255.36,right_only,,False
2016-08-07,,8223.46,right_only,,False
2016-08-08,,8273.14,right_only,,False
2016-08-09,,8199.65,right_only,,False
2016-08-10,,8291.51,right_only,,False
2016-08-11,,8377.71,right_only,,False
2016-08-14,,8351.07,right_only,,False
2016-08-15,,8453.53,right_only,,False
2016-08-16,,8387.49,right_only,,False
2016-08-17,,8347.38,right_only,,False
2016-08-18,,8317.17,right_only,,False
2016-08-21,,8352.27,right_only,,False
2016-08-22,,8246.9,right_only,,False
2016-08-23,,8186.7,right_only,,False
2016-08-24,,8224.33,right_only,,False
2016-08-25,,8131.49,right_only,,False
2016-08-28,,8052.23,right_only,,False
2016-08-29,,8032.43,right_only,,False
2016-08-30,,8080.81,right_only,,False
2016-08-31,,8158.04,right_only,,False
2016-09-01,,8136.44,right_only,,False
2016-09-04,,8241.16,right_only,,False
2016-09-05,,8270.76,right_only,,False
2016-09-06,,8202.43,right_only,,False
2016-09-07,,8146.1,right_only,,False
2016-09-08,,8188.2,right_only,,False
2016-09-14,,8132.75,right_only,,False
2016-09-15,,7979.25,right_only,,False
2016-09-18,,7916.41,right_only,,False
2016-09-19,,7974.12,right_only,,False
2016-09-20,,8048.69,right_only,,False
2016-09-21,,7937.79,right_only,,False
2016-09-22,,7913.94,right_only,,False
2016-09-25,,7904.53,right_only,,False
2016-09-26,,7974.84,right_only,,False
2016-09-27,,7948.93,right_only,,False
2016-09-28,,7907.92,right_only,,False
2016-09-29,,7881.11,right_only,,False
2016-10-03,,8133.12,right_only,,False
2016-10-04,,8198.51,right_only,,False
2016-10-05,,8368.52,right_only,,False
2016-10-09,,8436.82,right_only,,False
2016-10-10,,8364.0,right_only,,False
2016-10-11,,8232.77,right_only,,False
2016-10-12,,8185.95,right_only,,False
2016-10-13,,8505.12,right_only,,False
2016-10-16,,8432.41,right_only,,False
2016-10-17,,8243.32,right_only,,False
2016-10-18,,8213.53,right_only,,False
2016-10-19,,8160.4,right_only,,False
2016-10-20,,8277.21,right_only,,False
2016-10-23,,8274.15,right_only,,False
2016-10-24,,8228.13,right_only,,False
2016-10-25,,8261.14,right_only,,False
2016-10-26,,8257.21,right_only,,False
2016-10-27,,8343.31,right_only,,False
2016-10-30,,8357.42,right_only,,False
2016-10-31,,8386.03,right_only,,False
2016-11-01,,8447.76,right_only,,False
2016-11-02,,8524.66,right_only,,False
2016-11-03,,8810.51,right_only,,False
2016-11-06,,9349.9,right_only,,False
2016-11-07,,9852.69,right_only,,False
2016-11-08,,10096.57,right_only,,False
2016-11-09,,10225.5,right_only,,False
2016-11-10,,10688.16,right_only,,False
2016-11-13,,10916.97,right_only,,False
2016-11-14,,10694.41,right_only,,False
2016-11-15,,10640.53,right_only,,False
2016-11-16,,10997.38,right_only,,False
2016-11-17,,11221.56,right_only,,False
2016-11-20,,11277.47,right_only,,False
2016-11-21,,11543.07,right_only,,False
2016-11-22,,11519.8,right_only,,False
2016-11-23,,11550.31,right_only,,False
2016-11-24,,11353.11,right_only,,False
2016-11-27,,11145.95,right_only,,False
2016-11-28,,11261.82,right_only,,False
2016-11-29,,11159.32,right_only,,False
2016-11-30,,11453.25,right_only,,False
2016-12-01,,11548.15,right_only,,False
2016-12-04,,11631.41,right_only,,False
2016-12-05,,11426.5,right_only,,False
2016-12-06,,11502.51,right_only,,False
2016-12-07,,11348.37,right_only,,False
2016-12-08,,11297.93,right_only,,False
2016-12-12,,11444.06,right_only,,False
2016-12-13,,11385.1,right_only,,False
2016-12-14,,11317.17,right_only,,False
2016-12-15,,11326.03,right_only,,False
2016-12-18,,11398.01,right_only,,False
2016-12-19,,11752.46,right_only,,False
2016-12-20,,12147.95,right_only,,False
2016-12-21,,12366.96,right_only,,False
2016-12-22,,12420.3,right_only,,False
2016-12-25,,12251.06,right_only,,False
2016-12-26,,12182.04,right_only,,False
2016-12-27,,12181.98,right_only,,False
2016-12-28,,12259.83,right_only,,False
2016-12-29,,12344.89,right_only,,False
2017-01-02,,12290.61,right_only,,False
2017-01-03,,12425.17,right_only,,False
2017-01-04,,12608.44,right_only,,False
2017-01-05,,12824.32,right_only,,False
2017-01-08,,12891.39,right_only,,False
2017-01-09,,12781.16,right_only,,False
2017-01-10,,13014.54,right_only,,False
2017-01-11,,13089.05,right_only,,False
2017-01-12,,13223.9,right_only,,False
2017-01-15,,13287.76,right_only,,False
2017-01-16,,13264.82,right_only,,False
2017-01-17,,13436.1,right_only,,False
2017-01-18,,13304.44,right_only,,False
2017-01-19,,12806.77,right_only,,False
2017-01-22,,12722.08,right_only,,False
2017-01-23,,13002.89,right_only,,False
2017-01-24,,12882.88,right_only,,False
2017-01-26,,13091.05,right_only,,False
2017-01-29,,13161.52,right_only,,False
2017-01-30,,12926.07,right_only,,False
2017-01-31,,12672.49,right_only,,False
2017-02-01,,12584.26,right_only,,False
2017-02-02,,12806.07,right_only,,False
2017-02-05,,12883.43,right_only,,False
2017-02-06,,12849.42,right_only,,False
2017-02-07,,13129.27,right_only,,False
2017-02-08,,13228.33,right_only,,False
2017-02-09,,13114.86,right_only,,False
2017-02-12,,12922.44,right_only,,False
2017-02-13,,12740.05,right_only,,False
2017-02-14,,12503.73,right_only,,False
2017-02-15,,12448.35,right_only,,False
2017-02-16,,12651.97,right_only,,False
2017-02-19,,12549.17,right_only,,False
2017-02-20,,12444.18,right_only,,False
2017-02-21,,12657.82,right_only,,False
2017-02-22,,12401.09,right_only,,False
2017-02-23,,12240.53,right_only,,False
2017-02-26,,12269.88,right_only,,False
2017-02-27,,12023.93,right_only,,False
2017-02-28,,11937.67,right_only,,False
2017-03-01,,11998.72,right_only,,False
2017-03-02,,12310.49,right_only,,False
2017-03-05,,12499.61,right_only,,False
2017-03-06,,12623.22,right_only,,False
2017-03-07,,12677.55,right_only,,False
2017-03-08,,12735.36,right_only,,False
2017-03-09,,12853.27,right_only,,False
2017-03-12,,12919.9,right_only,,False
2017-03-13,,12929.13,right_only,,False
2017-03-14,,12789.52,right_only,,False
2017-03-15,,12745.49,right_only,,False
2017-03-16,,12983.99,right_only,,False
2017-03-19,,13092.4,right_only,,False
2017-03-20,,13023.49,right_only,,False
2017-03-21,,12905.37,right_only,,False
2017-03-22,,12879.06,right_only,,False
2017-03-23,,13032.06,right_only,,False
2017-03-26,,13108.22,right_only,,False
2017-03-27,,12969.64,right_only,,False
2017-03-28,,12982.66,right_only,,False
2017-03-29,,12987.65,right_only,,False
2017-03-30,,12994.8,right_only,,False
2017-04-02,,12912.27,right_only,,False
2017-04-03,,13061.07,right_only,,False
2017-04-04,,13264.75,right_only,,False
2017-04-05,,13289.99,right_only,,False
2017-04-06,,13098.54,right_only,,False
2017-04-09,,12895.12,right_only,,False
2017-04-10,,12848.56,right_only,,False
2017-04-11,,12995.71,right_only,,False
2017-04-12,,12984.36,right_only,,False
2017-04-13,,12967.38,right_only,,False
2017-04-18,,13027.14,right_only,,False
2017-04-19,,12895.3,right_only,,False
2017-04-20,,12905.85,right_only,,False
2017-04-23,,12544.92,right_only,,False
2017-04-24,,12583.13,right_only,,False
2017-04-26,,12671.29,right_only,,False
2017-04-27,,12525.69,right_only,,False
2017-04-30,,12433.6,right_only,,False
2017-05-02,,12530.32,right_only,,False
2017-05-03,,12603.56,right_only,,False
2017-05-04,,12709.93,right_only,,False
2017-05-07,,12692.15,right_only,,False
2017-05-08,,12827.93,right_only,,False
2017-05-09,,12933.68,right_only,,False
2017-05-10,,12993.4,right_only,,False
2017-05-11,,12906.98,right_only,,False
2017-05-14,,12870.91,right_only,,False
2017-05-15,,12866.06,right_only,,False
2017-05-16,,12936.59,right_only,,False
2017-05-17,,13064.02,right_only,,False
2017-05-18,,12952.38,right_only,,False
2017-05-21,,12974.75,right_only,,False
2017-05-22,,12648.24,right_only,,False
2017-05-23,,12791.83,right_only,,False
2017-05-24,,12884.44,right_only,,False
2017-05-25,,13094.42,right_only,,False
2017-05-28,,13205.11,right_only,,False
2017-05-29,,13207.94,right_only,,False
2017-05-30,,13239.16,right_only,,False
2017-05-31,,13339.63,right_only,,False
2017-06-01,,13467.29,right_only,,False
2017-06-04,,13495.32,right_only,,False
2017-06-05,,13520.13,right_only,,False
2017-06-06,,13626.8,right_only,,False
2017-06-07,,13632.98,right_only,,False
2017-06-08,,13683.66,right_only,,False
2017-06-11,,13616.04,right_only,,False
2017-06-12,,13491.89,right_only,,False
2017-06-13,,13531.34,right_only,,False
2017-06-14,,13502.12,right_only,,False
2017-06-15,,13478.75,right_only,,False
2017-06-18,,13496.47,right_only,,False
2017-06-19,,13508.39,right_only,,False
2017-06-20,,13415.55,right_only,,False
2017-06-21,,13376.44,right_only,,False
2017-06-22,,13417.14,right_only,,False
2017-06-28,,13395.81,right_only,,False
2017-07-02,,13487.36,right_only,,False
2017-07-03,,13431.06,right_only,,False
2017-07-04,,13334.78,right_only,,False
2017-07-05,,13334.86,right_only,,False
2017-07-06,,13369.88,right_only,,False
2017-07-09,,13342.09,right_only,,False
2017-07-10,,13483.04,right_only,,False
2017-07-11,,13684.27,right_only,,False
2017-07-12,,13690.29,right_only,,False
2017-07-13,,13822.59,right_only,,False
2017-07-16,,13815.77,right_only,,False
2017-07-17,,13956.32,right_only,,False
2017-07-18,,13717.53,right_only,,False
2017-07-19,,13707.13,right_only,,False
2017-07-20,,13715.06,right_only,,False
2017-07-24,,13752.98,right_only,,False
2017-07-25,,13740.72,right_only,,False
2017-07-26,,13797.25,right_only,,False
2017-07-27,,13609.22,right_only,,False
2017-07-30,,13480.1,right_only,,False
2017-07-31,,13419.38,right_only,,False
2017-08-01,,13396.22,right_only,,False
2017-08-02,,13405.2,right_only,,False
2017-08-03,,13413.12,right_only,,False
2017-08-06,,13558.46,right_only,,False
2017-08-07,,13660.8,right_only,,False
2017-08-08,,13637.69,right_only,,False
2017-08-09,,13580.76,right_only,,False
2017-08-10,,13462.38,right_only,,False
2017-08-13,,13279.61,right_only,,False
2017-08-14,,13135.1,right_only,,False
2017-08-15,,13102.39,right_only,,False
2017-08-16,,13149.19,right_only,,False
2017-08-17,,13119.44,right_only,,False
2017-08-20,,13026.29,right_only,,False
2017-08-21,,13106.12,right_only,,False
2017-08-22,,13114.87,right_only,,False
2017-08-23,,12996.2,right_only,,False
2017-08-24,,12926.4,right_only,,False
2017-08-27,,12913.25,right_only,,False
2017-08-28,,13013.73,right_only,,False
2017-08-29,,13195.34,right_only,,False
2017-08-30,,13415.77,right_only,,False
2017-09-05,,13415.05,right_only,,False
2017-09-06,,13317.89,right_only,,False
2017-09-07,,13432.69,right_only,,False
2017-09-10,,13457.14,right_only,,False
2017-09-11,,13533.24,right_only,,False
2017-09-12,,13474.88,right_only,,False
2017-09-13,,13442.55,right_only,,False
2017-09-14,,13610.61,right_only,,False
2017-09-17,,13612.51,right_only,,False
2017-09-18,,13592.71,right_only,,False
2017-09-19,,13730.0,right_only,,False
2017-09-20,,13695.33,right_only,,False
2017-09-24,,13607.19,right_only,,False
2017-09-25,,13674.42,right_only,,False
2017-09-26,,13704.13,right_only,,False
2017-09-27,,13740.82,right_only,,False
2017-09-28,,13888.51,right_only,,False
2017-10-01,,13976.78,right_only,,False
2017-10-02,,14000.43,right_only,,False
2017-10-03,,13930.73,right_only,,False
2017-10-04,,13881.97,right_only,,False
2017-10-08,,13997.69,right_only,,False
2017-10-09,,13968.53,right_only,,False
2017-10-10,,13824.08,right_only,,False
2017-10-11,,13816.05,right_only,,False
2017-10-12,,13891.71,right_only,,False
2017-10-15,,13905.79,right_only,,False
2017-10-16,,13525.25,right_only,,False
2017-10-17,,13525.48,right_only,,False
2017-10-18,,13590.15,right_only,,False
2017-10-19,,13713.62,right_only,,False
2017-10-22,,13706.06,right_only,,False
2017-10-23,,13870.34,right_only,,False
2017-10-24,,13928.38,right_only,,False
2017-10-25,,13901.38,right_only,,False
2017-10-26,,13955.47,right_only,,False
2017-10-29,,14024.41,right_only,,False
2017-10-30,,14197.21,right_only,,False
2017-10-31,,14342.38,right_only,,False
2017-11-01,,14277.29,right_only,,False
2017-11-02,,14319.34,right_only,,False
2017-11-05,,14183.77,right_only,,False
2017-11-06,,14072.92,right_only,,False
2017-11-07,,14057.56,right_only,,False
2017-11-08,,14204.95,right_only,,False
2017-11-09,,14350.14,right_only,,False
2017-11-12,,14270.55,right_only,,False
2017-11-13,,14123.31,right_only,,False
2017-11-14,,14132.96,right_only,,False
2017-11-15,,14025.11,right_only,,False
2017-11-16,,13847.36,right_only,,False
2017-11-19,,13742.11,right_only,,False
2017-11-20,,13680.5,right_only,,False
2017-11-21,,13725.45,right_only,,False
2017-11-22,,13839.37,right_only,,False
2017-11-23,,14106.17,right_only,,False
2017-11-26,,14222.7,right_only,,False
2017-11-27,,14219.99,right_only,,False
2017-11-28,,14537.03,right_only,,False
2017-11-29,,14582.22,right_only,,False
2017-12-03,,14713.63,right_only,,False
2017-12-04,,14572.17,right_only,,False
2017-12-05,,14460.96,right_only,,False
2017-12-06,,14345.58,right_only,,False
2017-12-07,,14294.73,right_only,,False
2017-12-10,,14414.25,right_only,,False
2017-12-11,,14426.75,right_only,,False
2017-12-12,,14590.2,right_only,,False
2017-12-13,,14651.42,right_only,,False
2017-12-14,,14679.91,right_only,,False
2017-12-17,,14716.66,right_only,,False
2017-12-18,,14721.45,right_only,,False
2017-12-19,,14678.41,right_only,,False
2017-12-20,,14682.14,right_only,,False
2017-12-21,,14668.59,right_only,,False
2017-12-24,,14790.78,right_only,,False
2017-12-25,,14843.33,right_only,,False
2017-12-26,,14922.85,right_only,,False
2017-12-27,,14904.82,right_only,,False
2017-12-28,,15016.97,right_only,,False
2017-12-31,,15019.14,right_only,,False
2018-01-02,,15023.76,right_only,,False
2018-01-03,,14833.73,right_only,,False
2018-01-04,,14782.38,right_only,,False
2018-01-08,,14953.17,right_only,,False
2018-01-09,,15159.37,right_only,,False
2018-01-10,,15192.55,right_only,,False
2018-01-11,,15242.48,right_only,,False
2018-01-14,,15254.85,right_only,,False
2018-01-15,,15127.76,right_only,,False
2018-01-16,,15089.37,right_only,,False
2018-01-17,,15198.54,right_only,,False
2018-01-18,,15411.0,right_only,,False
2018-01-21,,15339.91,right_only,,False
2018-01-22,,15243.23,right_only,,False
2018-01-23,,15197.08,right_only,,False
2018-01-24,,15170.73,right_only,,False
2018-01-28,,15311.15,right_only,,False
2018-01-29,,15369.13,right_only,,False
2018-01-30,,15315.66,right_only,,False
2018-01-31,,15042.37,right_only,,False
2018-02-01,,15088.66,right_only,,False
2018-02-04,,14874.84,right_only,,False
2018-02-05,,14962.14,right_only,,False
2018-02-06,,14717.98,right_only,,False
2018-02-07,,15037.05,right_only,,False
2018-02-08,,14921.29,right_only,,False
2018-02-11,,14828.36,right_only,,False
2018-02-12,,14890.71,right_only,,False
2018-02-13,,14729.75,right_only,,False
2018-02-14,,14805.95,right_only,,False
2018-02-15,,14965.93,right_only,,False
2018-02-18,,15045.56,right_only,,False
2018-02-19,,15158.12,right_only,,False
2018-02-20,,15219.26,right_only,,False
2018-02-21,,15244.49,right_only,,False
2018-02-22,,15318.92,right_only,,False
2018-02-25,,15467.77,right_only,,False
2018-02-26,,15454.0,right_only,,False
2018-02-27,,15522.88,right_only,,False
2018-02-28,,15472.69,right_only,,False
2018-03-01,,15443.18,right_only,,False
2018-03-04,,15519.55,right_only,,False
2018-03-05,,15709.01,right_only,,False
2018-03-06,,16022.26,right_only,,False
2018-03-07,,16384.07,right_only,,False
2018-03-08,,16472.28,right_only,,False
2018-03-11,,16391.48,right_only,,False
2018-03-12,,16742.15,right_only,,False
2018-03-13,,16989.06,right_only,,False
2018-03-14,,16881.72,right_only,,False
2018-03-15,,16999.1,right_only,,False
2018-03-18,,17271.03,right_only,,False
2018-03-19,,17172.13,right_only,,False
2018-03-20,,17113.9,right_only,,False
2018-03-21,,17147.12,right_only,,False
2018-03-22,,17064.58,right_only,,False
2018-03-25,,16984.69,right_only,,False
2018-03-26,,17104.34,right_only,,False
2018-03-27,,17270.43,right_only,,False
2018-03-28,,17305.51,right_only,,False
2018-03-29,,17450.15,right_only,,False
2018-04-01,,17595.88,right_only,,False
2018-04-02,,17684.66,right_only,,False
2018-04-03,,17492.71,right_only,,False
2018-04-04,,17509.65,right_only,,False
2018-04-05,,17410.59,right_only,,False
2018-04-10,,17697.32,right_only,,False
2018-04-11,,17943.96,right_only,,False
2018-04-12,,17615.69,right_only,,False
2018-04-15,,17588.86,right_only,,False
2018-04-16,,17620.28,right_only,,False
2018-04-17,,17802.48,right_only,,False
2018-04-18,,17705.87,right_only,,False
2018-04-19,,17781.02,right_only,,False
2018-04-22,,17898.09,right_only,,False
2018-04-23,,18080.7,right_only,,False
2018-04-24,,18121.96,right_only,,False
2018-04-26,,18363.29,right_only,,False
2018-04-29,,18304.46,right_only,,False
2018-04-30,,18295.57,right_only,,False
2018-05-02,,18173.16,right_only,,False
2018-05-03,,17832.86,right_only,,False
2018-05-06,,17610.87,right_only,,False
2018-05-07,,17523.15,right_only,,False
2018-05-08,,17814.45,right_only,,False
2018-05-09,,17460.3,right_only,,False
2018-05-10,,17155.14,right_only,,False
2018-05-13,,17184.02,right_only,,False
2018-05-14,,16984.07,right_only,,False
2018-05-15,,16985.78,right_only,,False
2018-05-16,,16993.21,right_only,,False
2018-05-17,,16877.66,right_only,,False
2018-05-20,,16782.07,right_only,,False
2018-05-21,,16780.91,right_only,,False
2018-05-22,,16657.66,right_only,,False
2018-05-23,,16662.55,right_only,,False
2018-05-24,,16633.97,right_only,,False
2018-05-27,,16648.47,right_only,,False
2018-05-28,,16791.09,right_only,,False
2018-05-29,,17005.86,right_only,,False
2018-05-30,,16760.24,right_only,,False
2018-05-31,,16414.53,right_only,,False
2018-06-03,,16675.31,right_only,,False
2018-06-04,,16404.33,right_only,,False
2018-06-05,,16022.11,right_only,,False
2018-06-06,,15908.91,right_only,,False
2018-06-07,,15923.66,right_only,,False
2018-06-10,,16142.72,right_only,,False
2018-06-11,,15921.25,right_only,,False
2018-06-12,,15938.11,right_only,,False
2018-06-13,,16178.28,right_only,,False
2018-06-14,,16220.93,right_only,,False
2018-06-19,,16067.77,right_only,,False
2018-06-20,,16143.48,right_only,,False
2018-06-21,,16345.77,right_only,,False
2018-06-24,,16395.02,right_only,,False
2018-06-25,,16457.51,right_only,,False
2018-06-26,,16197.44,right_only,,False
2018-06-27,,16176.41,right_only,,False
2018-06-28,,16348.55,right_only,,False
2018-07-02,,16362.59,right_only,,False
2018-07-03,,16421.32,right_only,,False
2018-07-04,,16309.65,right_only,,False
2018-07-05,,16125.34,right_only,,False
2018-07-08,,15839.84,right_only,,False
2018-07-09,,15785.93,right_only,,False
2018-07-10,,15921.03,right_only,,False
2018-07-11,,15952.42,right_only,,False
2018-07-12,,15879.81,right_only,,False
2018-07-15,,15842.46,right_only,,False
2018-07-16,,15655.89,right_only,,False
2018-07-17,,15420.72,right_only,,False
2018-07-18,,15578.73,right_only,,False
2018-07-19,,15416.31,right_only,,False
2018-07-22,,15303.79,right_only,,False
2018-07-24,,15480.37,right_only,,False
2018-07-25,,15186.36,right_only,,False
2018-07-26,,15199.29,right_only,,False
2018-07-29,,15378.11,right_only,,False
2018-07-30,,15297.02,right_only,,False
2018-07-31,,15580.19,right_only,,False
2018-08-01,,15670.18,right_only,,False
2018-08-02,,15806.38,right_only,,False
2018-08-05,,15737.05,right_only,,False
2018-08-06,,15645.56,right_only,,False
2018-08-07,,15761.55,right_only,,False
2018-08-08,,15862.86,right_only,,False
2018-08-09,,15924.06,right_only,,False
2018-08-12,,15738.34,right_only,,False
2018-08-13,,15521.52,right_only,,False
2018-08-14,,15356.81,right_only,,False
2018-08-15,,15357.44,right_only,,False
2018-08-16,,15295.97,right_only,,False
2018-08-19,,15273.39,right_only,,False
2018-08-26,,15239.03,right_only,,False
2018-08-27,,15236.64,right_only,,False
2018-08-28,,15606.18,right_only,,False
2018-08-29,,15835.73,right_only,,False
2018-08-30,,16009.41,right_only,,False
2018-09-02,,15852.36,right_only,,False
2018-09-03,,15821.92,right_only,,False
2018-09-04,,15922.96,right_only,,False
2018-09-05,,15750.94,right_only,,False
2018-09-06,,15803.17,right_only,,False
2018-09-09,,15740.06,right_only,,False
2018-09-10,,15628.43,right_only,,False
2018-09-12,,15488.49,right_only,,False
2018-09-13,,15308.62,right_only,,False
2018-09-16,,14755.63,right_only,,False
2018-09-17,,14650.97,right_only,,False
2018-09-18,,14653.91,right_only,,False
2018-09-19,,14098.56,right_only,,False
2018-09-20,,14083.48,right_only,,False
2018-09-23,,14261.25,right_only,,False
2018-09-24,,14200.68,right_only,,False
2018-09-25,,14358.64,right_only,,False
2018-09-26,,14612.18,right_only,,False
2018-09-27,,14632.4,right_only,,False
2018-09-30,,14616.47,right_only,,False
2018-10-01,,14446.72,right_only,,False
2018-10-02,,14381.55,right_only,,False
2018-10-03,,14313.17,right_only,,False
2018-10-04,,14104.9,right_only,,False
2018-10-08,,13604.01,right_only,,False
2018-10-09,,13588.74,right_only,,False
2018-10-10,,13621.23,right_only,,False
2018-10-11,,13283.31,right_only,,False
2018-10-14,,13537.47,right_only,,False
2018-10-15,,13521.46,right_only,,False
2018-10-16,,13689.39,right_only,,False
2018-10-17,,13815.6,right_only,,False
2018-10-18,,13644.16,right_only,,False
2018-10-21,,13524.67,right_only,,False
2018-10-22,,13646.26,right_only,,False
2018-10-23,,13579.6,right_only,,False
2018-10-24,,13246.39,right_only,,False
2018-10-25,,13023.73,right_only,,False
2018-10-28,,12980.96,right_only,,False
2018-10-29,,13074.47,right_only,,False
2018-10-30,,13154.56,right_only,,False
2018-10-31,,13250.29,right_only,,False
2018-11-01,,13202.32,right_only,,False
2018-11-04,,13170.28,right_only,,False
2018-11-05,,13234.62,right_only,,False
2018-11-06,,13436.11,right_only,,False
2018-11-07,,13615.85,right_only,,False
2018-11-08,,13732.68,right_only,,False
2018-11-11,,13570.89,right_only,,False
2018-11-12,,13678.36,right_only,,False
2018-11-13,,13543.64,right_only,,False
2018-11-14,,13487.2,right_only,,False
2018-11-15,,13681.67,right_only,,False
2018-11-18,,13968.8,right_only,,False
2018-11-19,,13906.31,right_only,,False
2018-11-21,,13731.12,right_only,,False
2018-11-22,,13675.37,right_only,,False
2018-11-25,,13153.55,right_only,,False
2018-11-26,,13049.12,right_only,,False
2018-11-27,,13213.95,right_only,,False
2018-11-28,,13309.49,right_only,,False
2018-11-29,,13319.5,right_only,,False
2018-12-02,,13150.08,right_only,,False
2018-12-03,,12934.44,right_only,,False
2018-12-04,,12624.74,right_only,,False
2018-12-05,,12586.74,right_only,,False
2018-12-06,,12387.58,right_only,,False
2018-12-09,,12140.0,right_only,,False
2018-12-10,,12476.18,right_only,,False
2018-12-11,,12664.41,right_only,,False
2018-12-12,,12856.83,right_only,,False
2018-12-13,,12996.89,right_only,,False
2018-12-16,,12992.06,right_only,,False
2018-12-17,,13215.4,right_only,,False
2018-12-18,,13121.11,right_only,,False
2018-12-19,,13078.2,right_only,,False
2018-12-20,,13137.58,right_only,,False
2018-12-23,,12947.35,right_only,,False
2018-12-24,,12784.44,right_only,,False
2018-12-25,,12670.63,right_only,,False
2018-12-26,,12840.16,right_only,,False
2018-12-27,,12984.21,right_only,,False
2018-12-30,,12944.52,right_only,,False
2018-12-31,,13035.77,right_only,,False
2019-01-02,,13204.37,right_only,,False
2019-01-03,,13264.7,right_only,,False
2019-01-06,,13343.08,right_only,,False
2019-01-08,,13402.7,right_only,,False
2019-01-09,,13365.58,right_only,,False
2019-01-10,,13367.44,right_only,,False
2019-01-13,,13525.83,right_only,,False
2019-01-14,,13335.75,right_only,,False
2019-01-15,,13447.12,right_only,,False
2019-01-16,,13510.27,right_only,,False
2019-01-17,,13482.99,right_only,,False
2019-01-20,,13444.21,right_only,,False
2019-01-21,,13574.99,right_only,,False
2019-01-22,,13474.55,right_only,,False
2019-01-23,,13506.65,right_only,,False
2019-01-27,,13817.1,right_only,,False
2019-01-28,,13911.34,right_only,,False
2019-01-29,,13976.52,right_only,,False
2019-01-30,,14093.4,right_only,,False
2019-01-31,,14126.68,right_only,,False
2019-02-03,,14243.81,right_only,,False
2019-02-04,,14366.06,right_only,,False
2019-02-05,,14733.11,right_only,,False
2019-02-06,,14766.59,right_only,,False
2019-02-07,,14753.68,right_only,,False
2019-02-10,,14763.94,right_only,,False
2019-02-11,,14784.82,right_only,,False
2019-02-12,,14927.64,right_only,,False
2019-02-13,,14949.07,right_only,,False
2019-02-14,,14984.46,right_only,,False
2019-02-17,,15198.89,right_only,,False
2019-02-18,,15227.24,right_only,,False
2019-02-19,,15155.84,right_only,,False
2019-02-20,,15213.54,right_only,,False
2019-02-21,,15146.71,right_only,,False
2019-02-24,,14955.58,right_only,,False
2019-02-25,,14946.35,right_only,,False
2019-02-26,,14886.85,right_only,,False
2019-02-27,,14772.34,right_only,,False
2019-02-28,,14803.97,right_only,,False
2019-03-03,,14819.6,right_only,,False
2019-03-04,,14815.18,right_only,,False
2019-03-05,,14728.38,right_only,,False
2019-03-06,,14643.09,right_only,,False
2019-03-07,,14904.03,right_only,,False
2019-03-10,,14980.62,right_only,,False
2019-03-11,,15098.12,right_only,,False
2019-03-12,,15139.86,right_only,,False
2019-03-13,,15125.84,right_only,,False
2019-03-14,,14991.34,right_only,,False
2019-03-17,,15033.48,right_only,,False
2019-03-18,,14910.78,right_only,,False
2019-03-19,,14645.53,right_only,,False
2019-03-20,,14724.4,right_only,,False
2019-03-21,,14782.81,right_only,,False
2019-03-24,,14840.9,right_only,,False
2019-03-25,,14670.8,right_only,,False
2019-03-26,,14637.4,right_only,,False
2019-03-27,,14554.66,right_only,,False
2019-03-28,,14665.81,right_only,,False
2019-03-31,,14737.88,right_only,,False
2019-04-01,,14954.14,right_only,,False
2019-04-02,,15166.46,right_only,,False
2019-04-03,,15197.84,right_only,,False
2019-04-04,,15247.81,right_only,,False
2019-04-07,,15135.47,right_only,,False
2019-04-08,,15111.09,right_only,,False
2019-04-09,,15088.55,right_only,,False
2019-04-10,,15106.54,right_only,,False
2019-04-11,,15105.96,right_only,,False
2019-04-14,,15068.96,right_only,,False
2019-04-15,,15055.42,right_only,,False
2019-04-16,,14973.01,right_only,,False
2019-04-17,,14864.01,right_only,,False
2019-04-18,,14876.37,right_only,,False
2019-04-21,,14838.63,right_only,,False
2019-04-22,,14801.26,right_only,,False
2019-04-23,,14645.78,right_only,,False
2019-04-24,,14770.27,right_only,,False
2019-04-30,,14920.15,right_only,,False
2019-05-02,,14880.39,right_only,,False
2019-05-05,,14511.54,right_only,,False
2019-05-06,,14204.59,right_only,,False
2019-05-07,,14389.91,right_only,,False
2019-05-08,,14026.81,right_only,,False
2019-05-09,,14060.0,right_only,,False
2019-05-12,,14122.1,right_only,,False
2019-05-13,,13905.73,right_only,,False
2019-05-14,,14024.15,right_only,,False
2019-05-15,,13809.46,right_only,,False
2019-05-16,,13659.73,right_only,,False
2019-05-19,,13520.82,right_only,,False
2019-05-20,,13379.46,right_only,,False
2019-05-21,,13614.21,right_only,,False
2019-05-22,,13664.23,right_only,,False
2019-05-23,,13776.85,right_only,,False
2019-05-26,,13981.88,right_only,,False
2019-05-27,,13960.47,right_only,,False
2019-05-28,,14028.0,right_only,,False
2019-05-29,,13974.13,right_only,,False
2019-05-30,,13771.31,right_only,,False
2019-06-02,,13690.72,right_only,,False
2019-06-03,,13787.8,right_only,,False
2019-06-09,,13911.66,right_only,,False
2019-06-10,,14148.88,right_only,,False
2019-06-11,,14206.18,right_only,,False
2019-06-12,,14158.11,right_only,,False
2019-06-13,,14180.53,right_only,,False
2019-06-16,,14210.09,right_only,,False
2019-06-17,,14241.21,right_only,,False
2019-06-18,,14202.86,right_only,,False
2019-06-19,,14132.18,right_only,,False
2019-06-20,,14043.42,right_only,,False
2019-06-23,,14017.34,right_only,,False
2019-06-24,,13867.47,right_only,,False
2019-06-25,,13831.23,right_only,,False
2019-06-26,,14006.99,right_only,,False
2019-06-27,,14100.74,right_only,,False
2019-07-02,,14136.58,right_only,,False
2019-07-03,,14137.22,right_only,,False
2019-07-04,,13997.4,right_only,,False
2019-07-07,,14013.04,right_only,,False
2019-07-08,,14043.33,right_only,,False
2019-07-09,,14097.43,right_only,,False
2019-07-10,,14013.26,right_only,,False
2019-07-11,,13813.56,right_only,,False
2019-07-14,,13672.13,right_only,,False
2019-07-15,,13627.89,right_only,,False
2019-07-16,,13721.82,right_only,,False
2019-07-17,,13641.94,right_only,,False
2019-07-18,,13670.27,right_only,,False
2019-07-21,,13576.26,right_only,,False
2019-07-22,,13684.57,right_only,,False
2019-07-24,,13617.89,right_only,,False
2019-07-25,,13510.06,right_only,,False
2019-07-28,,13460.0,right_only,,False
2019-07-29,,13421.91,right_only,,False
2019-07-30,,13364.63,right_only,,False
2019-07-31,,13392.47,right_only,,False
2019-08-01,,13525.93,right_only,,False
2019-08-04,,13616.26,right_only,,False
2019-08-05,,13598.66,right_only,,False
2019-08-06,,13655.91,right_only,,False
2019-08-07,,13880.57,right_only,,False
2019-08-08,,14180.44,right_only,,False
2019-08-14,,14540.56,right_only,,False
2019-08-15,,14295.13,right_only,,False
2019-08-18,,14399.7,right_only,,False
2019-08-19,,14304.37,right_only,,False
2019-08-20,,14428.08,right_only,,False
2019-08-21,,14357.18,right_only,,False
2019-08-22,,14333.16,right_only,,False
2019-08-25,,14340.51,right_only,,False
2019-08-26,,14291.03,right_only,,False
2019-08-27,,14283.5,right_only,,False
2019-08-28,,14595.51,right_only,,False
2019-08-29,,14835.36,right_only,,False
2019-09-01,,14931.66,right_only,,False
2019-09-02,,15110.23,right_only,,False
2019-09-03,,14999.58,right_only,,False
2019-09-04,,14841.38,right_only,,False
2019-09-05,,14933.18,right_only,,False
2019-09-08,,14931.11,right_only,,False
2019-09-09,,14887.78,right_only,,False
2019-09-10,,14956.36,right_only,,False
2019-09-11,,15014.82,right_only,,False
2019-09-12,,15110.37,right_only,,False
2019-09-15,,15023.23,right_only,,False
2019-09-16,,14970.24,right_only,,False
2019-09-17,,14752.45,right_only,,False
2019-09-18,,14745.1,right_only,,False
2019-09-19,,14742.07,right_only,,False
2019-09-22,,13958.11,right_only,,False
2019-09-23,,13753.19,right_only,,False
2019-09-24,,13170.2,right_only,,False
2019-09-25,,13594.61,right_only,,False
2019-09-26,,13857.12,right_only,,False
2019-09-29,,14315.79,right_only,,False
2019-09-30,,14257.75,right_only,,False
2019-10-01,,14496.84,right_only,,False
2019-10-02,,14381.15,right_only,,False
2019-10-03,,14217.81,right_only,,False
2019-10-07,,14431.72,right_only,,False
2019-10-08,,14348.57,right_only,,False
2019-10-09,,14182.7,right_only,,False
2019-10-10,,14302.27,right_only,,False
2019-10-13,,14220.47,right_only,,False
2019-10-14,,14180.76,right_only,,False
2019-10-15,,14060.82,right_only,,False
2019-10-16,,14209.23,right_only,,False
2019-10-17,,14205.86,right_only,,False
2019-10-20,,14239.45,right_only,,False
2019-10-21,,14178.51,right_only,,False
2019-10-22,,14201.32,right_only,,False
2019-10-23,,14126.51,right_only,,False
2019-10-24,,14206.67,right_only,,False
2019-10-27,,14237.39,right_only,,False
2019-10-28,,14301.09,right_only,,False
2019-10-29,,14465.47,right_only,,False
2019-10-30,,14477.79,right_only,,False
2019-10-31,,14558.02,right_only,,False
2019-11-03,,14622.75,right_only,,False
2019-11-04,,14625.78,right_only,,False
2019-11-05,,14789.61,right_only,,False
2019-11-06,,14709.79,right_only,,False
2019-11-07,,14795.87,right_only,,False
2019-11-11,,14769.95,right_only,,False
2019-11-12,,14669.98,right_only,,False
2019-11-13,,14607.69,right_only,,False
2019-11-14,,14545.54,right_only,,False
2019-11-17,,14556.32,right_only,,False
2019-11-18,,14378.59,right_only,,False
2019-11-19,,14313.46,right_only,,False
2019-11-20,,14224.38,right_only,,False
2019-11-21,,14094.58,right_only,,False
2019-11-24,,14050.16,right_only,,False
2019-11-25,,13974.14,right_only,,False
2019-11-26,,13781.96,right_only,,False
2019-11-27,,13759.7,right_only,,False
2019-11-28,,13849.46,right_only,,False
2019-12-01,,13780.63,right_only,,False
2019-12-02,,13537.8,right_only,,False
2019-12-03,,13469.6,right_only,,False
2019-12-04,,13635.52,right_only,,False
2019-12-05,,13622.13,right_only,,False
2019-12-08,,13493.69,right_only,,False
2019-12-09,,13442.52,right_only,,False
2019-12-10,,13509.02,right_only,,False
2019-12-11,,13427.22,right_only,,False
2019-12-12,,13358.47,right_only,,False
2019-12-15,,13433.54,right_only,,False
2019-12-16,,13404.42,right_only,,False
2019-12-17,,13627.19,right_only,,False
2019-12-18,,13793.99,right_only,,False
2019-12-19,,13837.19,right_only,,False
2019-12-22,,13892.65,right_only,,False
2019-12-23,,13902.43,right_only,,False
2019-12-24,,13805.43,right_only,,False
2019-12-25,,13747.68,right_only,,False
2019-12-26,,13884.95,right_only,,False
2019-12-29,,13812.98,right_only,,False
2019-12-30,,13937.26,right_only,,False
2019-12-31,,13961.56,right_only,,False
2020-01-02,,13899.54,right_only,,False
2020-01-05,,13283.66,right_only,,False
2020-01-06,,13212.66,right_only,,False
2020-01-08,,13542.48,right_only,,False
2020-01-09,,13729.81,right_only,,False
2020-01-12,,13802.57,right_only,,False
2020-01-13,,13698.64,right_only,,False
2020-01-14,,13756.64,right_only,,False
2020-01-15,,13769.64,right_only,,False
2020-01-16,,13824.16,right_only,,False
2020-01-19,,13918.18,right_only,,False
2020-01-20,,13773.73,right_only,,False
2020-01-21,,13639.72,right_only,,False
2020-01-22,,13752.11,right_only,,False
2020-01-23,,13728.09,right_only,,False
2020-01-26,,13721.45,right_only,,False
2020-01-27,,13639.69,right_only,,False
2020-01-28,,13620.58,right_only,,False
2020-01-29,,13762.84,right_only,,False
2020-01-30,,13918.84,right_only,,False
2020-02-02,,13888.89,right_only,,False
2020-02-03,,13878.33,right_only,,False
2020-02-04,,13915.05,right_only,,False
2020-02-05,,13987.16,right_only,,False
2020-02-06,,14105.86,right_only,,False
2020-02-09,,14108.24,right_only,,False
2020-02-10,,13979.36,right_only,,False
2020-02-11,,14009.32,right_only,,False
2020-02-12,,13845.16,right_only,,False
2020-02-13,,13859.45,right_only,,False
2020-02-16,,13737.4,right_only,,False
2020-02-17,,13800.25,right_only,,False
2020-02-18,,13636.93,right_only,,False
2020-02-19,,13694.99,right_only,,False
2020-02-20,,13720.65,right_only,,False
2020-02-23,,13688.05,right_only,,False
2020-02-24,,13441.86,right_only,,False
2020-02-25,,13328.26,right_only,,False
2020-02-26,,13200.66,right_only,,False
2020-02-27,,13008.94,right_only,,False
2020-03-01,,12222.59,right_only,,False
2020-03-02,,12289.87,right_only,,False
2020-03-03,,12419.52,right_only,,False
2020-03-04,,12182.46,right_only,,False
2020-03-05,,12347.65,right_only,,False
2020-03-08,,11849.39,right_only,,False
2020-03-09,,10983.48,right_only,,False
2020-03-10,,11199.96,right_only,,False
2020-03-11,,11194.12,right_only,,False
2020-03-15,,10148.34,right_only,,False
2020-03-16,,9428.94,right_only,,False
2020-03-17,,9201.65,right_only,,False
2020-03-18,,8756.7,right_only,,False
2020-03-19,,9205.58,right_only,,False
2020-03-22,,9750.66,right_only,,False
2020-03-23,,10047.44,right_only,,False
2020-03-24,,9770.48,right_only,,False
2020-03-25,,9865.67,right_only,,False
2020-03-26,,9912.98,right_only,,False
2020-03-29,,9760.18,right_only,,False
2020-03-30,,9521.43,right_only,,False
2020-03-31,,9593.94,right_only,,False
2020-04-01,,9424.89,right_only,,False
2020-04-02,,9455.38,right_only,,False
2020-04-05,,9272.88,right_only,,False
2020-04-06,,9446.99,right_only,,False
2020-04-07,,9840.62,right_only,,False
2020-04-08,,10095.57,right_only,,False
2020-04-09,,10321.97,right_only,,False
2020-04-12,,10237.47,right_only,,False
2020-04-13,,10353.72,right_only,,False
2020-04-14,,10458.16,right_only,,False
2020-04-15,,10342.13,right_only,,False
2020-04-16,,10154.64,right_only,,False
2020-04-21,,9874.94,right_only,,False
2020-04-22,,9801.33,right_only,,False
2020-04-23,,10120.46,right_only,,False
2020-04-26,,10377.24,right_only,,False
2020-04-27,,10376.0,right_only,,False
2020-04-28,,10415.12,right_only,,False
2020-04-29,,10545.26,right_only,,False
2020-04-30,,10554.04,right_only,,False
2020-05-03,,10199.85,right_only,,False
2020-05-04,,10081.96,right_only,,False
2020-05-05,,10188.31,right_only,,False
2020-05-06,,10293.95,right_only,,False
2020-05-07,,10176.73,right_only,,False
2020-05-10,,10257.75,right_only,,False
2020-05-11,,10296.33,right_only,,False
2020-05-12,,10588.36,right_only,,False
2020-05-13,,10396.28,right_only,,False
2020-05-14,,10287.21,right_only,,False
2020-05-17,,10357.44,right_only,,False
2020-05-18,,10278.93,right_only,,False
2020-05-19,,10357.24,right_only,,False
2020-05-20,,10205.4,right_only,,False
2020-05-21,,10109.91,right_only,,False
2020-05-31,,10220.14,right_only,,False
2020-06-01,,10227.38,right_only,,False
2020-06-02,,10338.71,right_only,,False
2020-06-03,,10424.1,right_only,,False
2020-06-04,,10621.14,right_only,,False
2020-06-07,,11108.62,right_only,,False
2020-06-08,,11146.53,right_only,,False
2020-06-09,,11063.04,right_only,,False
2020-06-10,,10933.58,right_only,,False
2020-06-11,,10831.92,right_only,,False
2020-06-14,,10731.17,right_only,,False
2020-06-15,,10668.42,right_only,,False
2020-06-16,,10935.32,right_only,,False
2020-06-17,,10905.75,right_only,,False
2020-06-18,,10857.87,right_only,,False
2020-06-21,,10823.91,right_only,,False
2020-06-22,,10742.36,right_only,,False
2020-06-23,,10764.82,right_only,,False
2020-06-24,,11039.54,right_only,,False
2020-06-25,,10890.48,right_only,,False
2020-06-28,,10848.65,right_only,,False
2020-06-29,,10750.1,right_only,,False
2020-06-30,,10764.59,right_only,,False
2020-07-05,,10959.35,right_only,,False
2020-07-06,,11087.64,right_only,,False
2020-07-07,,11050.2,right_only,,False
2020-07-08,,11127.85,right_only,,False
2020-07-09,,10957.02,right_only,,False
2020-07-12,,11071.96,right_only,,False
2020-07-13,,11007.85,right_only,,False
2020-07-14,,10873.53,right_only,,False
2020-07-15,,10617.42,right_only,,False
2020-07-16,,10441.2,right_only,,False
2020-07-19,,10281.16,right_only,,False
2020-07-20,,10380.45,right_only,,False
2020-07-21,,10558.35,right_only,,False
2020-07-22,,10459.92,right_only,,False
2020-07-26,,10524.45,right_only,,False
2020-07-27,,10575.47,right_only,,False
2020-07-28,,10568.84,right_only,,False
2020-07-29,,10599.46,right_only,,False
2020-08-04,,10620.1,right_only,,False
2020-08-05,,10704.33,right_only,,False
2020-08-06,,10817.29,right_only,,False
2020-08-09,,10962.52,right_only,,False
2020-08-10,,10938.23,right_only,,False
2020-08-11,,10919.47,right_only,,False
2020-08-12,,10922.33,right_only,,False
2020-08-13,,10944.18,right_only,,False
2020-08-16,,11120.26,right_only,,False
2020-08-17,,11142.77,right_only,,False
2020-08-18,,11077.11,right_only,,False
2020-08-19,,11160.05,right_only,,False
2020-08-23,,11391.08,right_only,,False
2020-08-24,,11433.76,right_only,,False
2020-08-25,,11461.62,right_only,,False
2020-08-26,,11453.78,right_only,,False
2020-08-27,,11462.45,right_only,,False
2020-08-30,,11434.81,right_only,,False
2020-08-31,,11365.99,right_only,,False
2020-09-01,,11233.94,right_only,,False
2020-09-02,,11214.22,right_only,,False
2020-09-03,,11180.81,right_only,,False
2020-09-06,,11073.02,right_only,,False
2020-09-07,,11136.03,right_only,,False
2020-09-08,,10951.29,right_only,,False
2020-09-09,,10929.89,right_only,,False
2020-09-10,,11070.84,right_only,,False
2020-09-13,,11091.67,right_only,,False
2020-09-14,,11034.38,right_only,,False
2020-09-15,,11028.06,right_only,,False
2020-09-16,,11088.2,right_only,,False
2020-09-17,,11050.89,right_only,,False
2020-09-20,,10969.32,right_only,,False
2020-09-21,,10910.37,right_only,,False
2020-09-22,,10963.01,right_only,,False
2020-09-23,,10979.44,right_only,,False
2020-09-24,,10911.44,right_only,,False
2020-09-27,,10902.22,right_only,,False
2020-09-28,,10969.94,right_only,,False
2020-09-29,,10987.19,right_only,,False
2020-09-30,,10989.27,right_only,,False
2020-10-01,,11051.3,right_only,,False
2020-10-04,,11071.46,right_only,,False
2020-10-05,,11007.69,right_only,,False
2020-10-06,,11146.18,right_only,,False
2020-10-07,,11326.98,right_only,,False
2020-10-11,,11360.37,right_only,,False
2020-10-12,,11397.65,right_only,,False
2020-10-13,,11291.81,right_only,,False
2020-10-14,,11333.91,right_only,,False
2020-10-15,,11322.71,right_only,,False
2020-10-18,,11185.15,right_only,,False
2020-10-19,,11171.36,right_only,,False
2020-10-20,,11157.62,right_only,,False
2020-10-21,,11101.63,right_only,,False
2020-10-22,,10987.43,right_only,,False
2020-10-25,,10602.98,right_only,,False
2020-10-26,,10511.94,right_only,,False
2020-10-27,,10559.71,right_only,,False
2020-10-28,,10515.25,right_only,,False
2020-11-01,,10456.33,right_only,,False
2020-11-02,,10429.34,right_only,,False
2020-11-03,,10512.16,right_only,,False
2020-11-04,,10556.89,right_only,,False
2020-11-05,,10629.29,right_only,,False
2020-11-08,,10680.27,right_only,,False
2020-11-09,,10838.66,right_only,,False
2020-11-10,,11077.25,right_only,,False
2020-11-11,,10997.65,right_only,,False
2020-11-12,,11017.28,right_only,,False
2020-11-15,,10953.13,right_only,,False
2020-11-16,,10991.61,right_only,,False
2020-11-17,,11063.98,right_only,,False
2020-11-18,,10989.72,right_only,,False
2020-11-19,,10898.67,right_only,,False
2020-11-22,,10858.26,right_only,,False
2020-11-23,,10885.11,right_only,,False
2020-11-24,,10997.35,right_only,,False
2020-11-25,,11068.44,right_only,,False
2020-11-26,,10980.96,right_only,,False
2020-11-29,,11009.27,right_only,,False
2020-11-30,,10943.35,right_only,,False
2020-12-01,,11040.78,right_only,,False
2020-12-02,,11023.34,right_only,,False
2020-12-03,,11015.01,right_only,,False
2020-12-06,,11024.84,right_only,,False
2020-12-07,,10995.13,right_only,,False
2020-12-08,,11019.08,right_only,,False
2020-12-09,,11018.09,right_only,,False
2020-12-10,,10987.39,right_only,,False
2020-12-13,,11003.77,right_only,,False
2020-12-14,,11047.97,right_only,,False
2020-12-15,,11057.62,right_only,,False
2020-12-16,,10983.03,right_only,,False
2020-12-17,,10844.58,right_only,,False
2020-12-20,,10890.3,right_only,,False
2020-12-21,,10581.76,right_only,,False
2020-12-22,,10655.91,right_only,,False
2020-12-23,,10677.51,right_only,,False
2020-12-24,,10683.86,right_only,,False
2020-12-27,,10585.56,right_only,,False
2020-12-28,,10658.55,right_only,,False
2020-12-29,,10736.88,right_only,,False
2020-12-30,,10867.76,right_only,,False
2020-12-31,,10845.26,right_only,,False
2021-01-03,,10845.03,right_only,,False
2021-01-04,,10813.78,right_only,,False
2021-01-05,,10829.96,right_only,,False
2021-01-06,,10952.14,right_only,,False
2021-01-10,,11213.48,right_only,,False
2021-01-11,,11278.72,right_only,,False
2021-01-12,,11339.75,right_only,,False
2021-01-13,,11388.9,right_only,,False
2021-01-14,,11453.43,right_only,,False
2021-01-17,,11446.53,right_only,,False
2021-01-18,,11450.54,right_only,,False
2021-01-19,,11485.8,right_only,,False
2021-01-20,,11598.9,right_only,,False
2021-01-21,,11654.58,right_only,,False
2021-01-24,,11525.25,right_only,,False
2021-01-25,,11509.63,right_only,,False
2021-01-26,,11527.34,right_only,,False
2021-01-27,,11578.84,right_only,,False
2021-01-31,,11546.15,right_only,,False
2021-02-01,,11589.34,right_only,,False
2021-02-02,,11637.55,right_only,,False
2021-02-03,,11619.14,right_only,,False
2021-02-04,,11598.85,right_only,,False
2021-02-07,,11602.78,right_only,,False
2021-02-08,,11523.06,right_only,,False
2021-02-09,,11447.73,right_only,,False
2021-02-10,,11545.03,right_only,,False
2021-02-11,,11546.32,right_only,,False
2021-02-14,,11506.72,right_only,,False
2021-02-15,,11526.77,right_only,,False
2021-02-16,,11534.05,right_only,,False
2021-02-17,,11413.17,right_only,,False
2021-02-18,,11380.55,right_only,,False
2021-02-21,,11425.85,right_only,,False
2021-02-22,,11549.97,right_only,,False
2021-02-23,,11416.74,right_only,,False
2021-02-24,,11435.43,right_only,,False
2021-02-25,,11617.91,right_only,,False
2021-02-28,,11525.02,right_only,,False
2021-03-01,,11521.38,right_only,,False
2021-03-02,,11471.39,right_only,,False
2021-03-03,,11393.25,right_only,,False
2021-03-04,,11333.86,right_only,,False
2021-03-07,,11557.85,right_only,,False
2021-03-08,,11459.51,right_only,,False
2021-03-09,,11337.46,right_only,,False
2021-03-10,,11235.6,right_only,,False
2021-03-11,,11261.35,right_only,,False
2021-03-14,,11289.57,right_only,,False
2021-03-15,,11222.33,right_only,,False
2021-03-16,,11190.8,right_only,,False
2021-03-17,,11068.37,right_only,,False
2021-03-18,,10918.4,right_only,,False
2021-03-21,,10802.29,right_only,,False
2021-03-22,,10537.22,right_only,,False
2021-03-23,,10471.36,right_only,,False
2021-03-24,,10702.18,right_only,,False
2021-03-25,,10870.46,right_only,,False
2021-03-28,,10867.69,right_only,,False
2021-03-29,,10738.42,right_only,,False
2021-03-30,,10739.69,right_only,,False
2021-03-31,,10568.37,right_only,,False
2021-04-01,,10564.88,right_only,,False
2021-04-04,,10417.15,right_only,,False
2021-04-05,,10256.92,right_only,,False
2021-04-06,,10263.22,right_only,,False
2021-04-07,,10227.67,right_only,,False
2021-04-08,,10303.55,right_only,,False
2021-04-11,,10393.13,right_only,,False
2021-04-12,,10450.09,right_only,,False
2021-04-13,,10305.81,right_only,,False
2021-04-14,,10115.51,right_only,,False
2021-04-15,,10143.21,right_only,,False
2021-04-18,,10358.26,right_only,,False
2021-04-19,,10441.0,right_only,,False
2021-04-20,,10620.05,right_only,,False
2021-04-21,,10642.49,right_only,,False
2021-04-22,,10600.07,right_only,,False
2021-04-25,,10604.28,right_only,,False
2021-04-26,,10525.84,right_only,,False
2021-04-27,,10591.42,right_only,,False
2021-04-28,,10475.26,right_only,,False
2021-05-04,,10465.59,right_only,,False
2021-05-05,,10512.84,right_only,,False
2021-05-06,,10588.09,right_only,,False
2021-05-09,,10643.63,right_only,,False
2021-05-10,,10686.03,right_only,,False
2021-05-11,,10767.84,right_only,,False
2021-05-17,,10674.67,right_only,,False
2021-05-18,,10780.9,right_only,,False
2021-05-19,,10806.23,right_only,,False
2021-05-20,,10731.96,right_only,,False
2021-05-23,,10812.06,right_only,,False
2021-05-24,,10760.95,right_only,,False
2021-05-25,,10531.83,right_only,,False
2021-05-26,,10369.57,right_only,,False
2021-05-27,,10242.3,right_only,,False
2021-05-30,,10301.58,right_only,,False
2021-05-31,,10309.06,right_only,,False
2021-06-01,,10240.21,right_only,,False
2021-06-02,,10120.95,right_only,,False
2021-06-03,,10054.81,right_only,,False
2021-06-06,,10122.44,right_only,,False
2021-06-07,,10105.04,right_only,,False
2021-06-08,,9963.91,right_only,,False
2021-06-09,,10042.18,right_only,,False
2021-06-10,,9977.9,right_only,,False
2021-06-13,,9887.19,right_only,,False
2021-06-14,,9933.35,right_only,,False
2021-06-15,,9891.18,right_only,,False
2021-06-16,,9880.49,right_only,,False
2021-06-17,,9865.59,right_only,,False
2021-06-20,,9797.91,right_only,,False
2021-06-21,,10061.58,right_only,,False
2021-06-22,,10206.24,right_only,,False
2021-06-23,,10272.72,right_only,,False
2021-06-24,,10278.86,right_only,,False
2021-06-27,,10305.02,right_only,,False
2021-06-28,,10273.92,right_only,,False
2021-06-29,,10123.06,right_only,,False
2021-06-30,,10256.62,right_only,,False
2021-07-04,,10345.66,right_only,,False
2021-07-05,,10348.29,right_only,,False
2021-07-06,,10154.79,right_only,,False
2021-07-07,,10277.25,right_only,,False
2021-07-08,,10184.8,right_only,,False
2021-07-11,,10153.47,right_only,,False
2021-07-12,,10233.7,right_only,,False
2021-07-13,,10431.99,right_only,,False
2021-07-14,,10602.41,right_only,,False
2021-07-15,,10561.28,right_only,,False
2021-07-18,,10646.85,right_only,,False
2021-07-25,,10745.69,right_only,,False
2021-07-26,,10697.32,right_only,,False
2021-07-27,,10763.26,right_only,,False
2021-07-28,,10769.22,right_only,,False
2021-07-29,,10742.23,right_only,,False
2021-08-01,,10810.21,right_only,,False
2021-08-02,,10821.88,right_only,,False
2021-08-03,,10726.33,right_only,,False
2021-08-04,,10718.89,right_only,,False
2021-08-05,,10723.18,right_only,,False
2021-08-08,,10738.67,right_only,,False
2021-08-09,,10800.39,right_only,,False
2021-08-10,,10853.83,right_only,,False
2021-08-11,,10884.5,right_only,,False
2021-08-15,,11029.56,right_only,,False
2021-08-16,,11046.15,right_only,,False
2021-08-17,,10937.69,right_only,,False
2021-08-18,,10907.96,right_only,,False
2021-08-19,,10808.7,right_only,,False
2021-08-22,,10690.79,right_only,,False
2021-08-23,,10884.29,right_only,,False
2021-08-24,,10950.24,right_only,,False
2021-08-25,,11064.43,right_only,,False
2021-08-26,,11125.55,right_only,,False
2021-08-29,,11113.74,right_only,,False
2021-08-30,,11163.23,right_only,,False
2021-08-31,,11143.8,right_only,,False
2021-09-01,,11283.7,right_only,,False
2021-09-02,,11301.36,right_only,,False
2021-09-05,,11095.89,right_only,,False
2021-09-06,,11064.17,right_only,,False
2021-09-07,,11089.8,right_only,,False
2021-09-08,,11135.48,right_only,,False
2021-09-09,,11056.27,right_only,,False
2021-09-12,,11036.93,right_only,,False
2021-09-13,,11140.22,right_only,,False
2021-09-14,,11187.82,right_only,,False
2021-09-15,,11149.36,right_only,,False
2021-09-16,,10996.76,right_only,,False
2021-09-19,,10889.65,right_only,,False
2021-09-20,,10710.56,right_only,,False
2021-09-21,,10498.52,right_only,,False
2021-09-22,,10596.06,right_only,,False
2021-09-23,,10642.02,right_only,,False
2021-09-26,,10649.76,right_only,,False
2021-09-27,,10496.0,right_only,,False
2021-09-28,,10446.78,right_only,,False
2021-09-29,,10391.14,right_only,,False
2021-09-30,,10517.03,right_only,,False
2021-10-03,,10366.44,right_only,,False
2021-10-04,,10427.44,right_only,,False
2021-10-05,,10432.63,right_only,,False
2021-10-06,,10536.39,right_only,,False
2021-10-10,,10662.96,right_only,,False
2021-10-11,,10714.78,right_only,,False
2021-10-12,,10783.92,right_only,,False
2021-10-13,,10881.4,right_only,,False
2021-10-14,,10995.59,right_only,,False
2021-10-17,,11155.57,right_only,,False
2021-10-18,,11276.17,right_only,,False
2021-10-19,,11195.05,right_only,,False
2021-10-20,4.230000019073486,11132.07,both,-11127.84,False
2021-10-24,4.210000038146973,11185.88,both,-11181.67,False
2021-10-25,4.260000228881836,11178.0,both,-11173.74,False
2021-10-26,4.289999961853027,11256.54,both,-11252.25,False
2021-10-27,4.190000057220459,11364.2,both,-11360.01,False
2021-10-28,4.199999809265137,11506.63,both,-11502.43,False
2021-10-31,4.159999847412109,11420.19,both,-11416.03,False
2021-11-01,4.139999866485596,11568.27,both,-11564.13,False
2021-11-02,4.46999979019165,11676.38,both,-11671.91,False
2021-11-03,4.579999923706055,11685.12,both,-11680.54,False
2021-11-04,4.389999866485596,11612.84,both,-11608.45,False
2021-11-07,4.389999866485596,11555.58,both,-11551.19,False
2021-11-08,4.389999866485596,11497.51,both,-11493.12,False
2021-11-09,4.389999866485596,11588.42,both,-11584.03,False
2021-11-10,4.0,11480.5,both,-11476.5,False
2021-11-11,3.940000057220459,11573.14,both,-11569.2,False
2021-11-14,3.829999923706055,11662.99,both,-11659.16,False
2021-11-15,3.849999904632568,11496.63,both,-11492.78,False
2021-11-16,3.7699999809265137,11413.21,both,-11409.44,False
2021-11-17,3.700000047683716,11453.3,both,-11449.6,False
2021-11-18,3.700000047683716,11337.99,both,-11334.29,False
2021-11-21,3.630000114440918,11273.11,both,-11269.48,False
2021-11-22,3.630000114440918,11359.03,both,-11355.4,False
2021-11-23,3.690000057220459,11369.22,both,-11365.53,False
2021-11-24,3.849999904632568,11352.64,both,-11348.79,False
2021-11-25,3.900000095367432,11431.24,both,-11427.34,False
2021-11-28,3.900000095367432,11277.83,both,-11273.93,False
2021-11-29,3.900000095367432,11212.3,both,-11208.4,False
2021-11-30,3.900000095367432,11395.6,both,-11391.7,False
2021-12-01,3.900000095367432,11420.0,both,-11416.1,False
2021-12-02,4.010000228881836,11318.35,both,-11314.34,False
2021-12-05,3.990000009536743,11401.33,both,-11397.34,False
2021-12-06,4.360000133514404,11514.87,both,-11510.51,False
2021-12-07,4.659999847412109,11538.26,both,-11533.6,False
2021-12-08,4.599999904632568,11451.14,both,-11446.54,False
2021-12-09,4.820000171661377,11534.63,both,-11529.81,False
2021-12-12,4.989999771118164,11708.05,both,-11703.06,False
2021-12-13,4.800000190734863,11700.4,both,-11695.6,False
2021-12-14,4.789999961853027,11618.01,both,-11613.22,False
2021-12-15,4.789999961853027,11622.1,both,-11617.31,False
2021-12-16,4.869999885559082,11667.73,both,-11662.86,False
2021-12-19,4.869999885559082,11565.72,both,-11560.85,False
2021-12-20,4.760000228881836,11482.43,both,-11477.67,False
2021-12-21,4.849999904632568,11524.66,both,-11519.81,False
2021-12-22,4.760000228881836,11630.63,both,-11625.87,False
2021-12-23,5.010000228881836,11755.46,both,-11750.45,False
2021-12-26,5.059999942779541,11856.21,both,-11851.15,False
2021-12-27,4.920000076293945,11849.79,both,-11844.87,False
2021-12-28,5.070000171661377,11913.44,both,-11908.37,False
2021-12-29,4.980000019073486,11898.42,both,-11893.44,False
2021-12-30,5.099999904632568,11949.18,both,-11944.08,False
2022-01-02,4.96999979019165,11909.72,both,-11904.75,False
2022-01-03,5.0,11897.4,both,-11892.4,False
2022-01-04,4.989999771118164,11982.61,both,-11977.62,False
2022-01-05,5.010000228881836,12043.42,both,-12038.41,False
2022-01-09,5.010000228881836,11978.56,both,-11973.55,False
2022-01-10,4.940000057220459,12022.69,both,-12017.75,False
2022-01-11,4.800000190734863,12002.08,both,-11997.28,False
2022-01-12,4.710000038146973,12060.0,both,-12055.29,False
2022-01-13,4.710000038146973,12012.31,both,-12007.6,False
2022-01-16,4.690000057220459,11830.94,both,-11826.25,False
2022-01-17,4.610000133514404,11859.12,both,-11854.51,False
2022-01-18,4.840000152587891,11876.44,both,-11871.6,False
2022-01-19,4.75,11715.01,both,-11710.26,False
2022-01-20,4.800000190734863,11731.71,both,-11726.91,False
2022-01-23,4.710000038146973,11655.72,both,-11651.01,False
2022-01-24,4.670000076293945,11616.13,both,-11611.46,False
2022-01-25,4.769999980926514,11542.43,both,-11537.66,False
2022-01-26,4.800000190734863,11499.85,both,-11495.05,False
2022-01-30,4.690000057220459,11457.46,both,-11452.77,False
2022-01-31,4.809999942779541,11490.45,both,-11485.64,False
2022-02-01,4.960000038146973,11603.33,both,-11598.37,False
2022-02-02,5.389999866485596,11691.82,both,-11686.43,False
2022-02-03,5.5,11638.06,both,-11632.56,False
2022-02-06,5.460000038146973,11689.55,both,-11684.09,False
2022-02-07,5.429999828338623,11548.61,both,-11543.18,False
2022-02-08,5.550000190734863,11527.9,both,-11522.35,False
2022-02-09,5.829999923706055,11596.29,both,-11590.46,False
2022-02-10,5.599999904632568,11578.54,both,-11572.94,False
2022-02-13,5.739999771118164,11438.12,both,-11432.38,False
2022-02-14,5.639999866485596,11403.34,both,-11397.7,False
2022-02-15,5.75,11563.38,both,-11557.63,False
2022-02-16,5.690000057220459,11568.14,both,-11562.45,False
2022-02-17,5.75,11535.02,both,-11529.27,False
2022-02-20,5.590000152587891,11371.21,both,-11365.62,False
2022-02-21,5.510000228881836,11501.92,both,-11496.41,False
2022-02-22,5.380000114440918,11302.49,both,-11297.11,False
2022-02-23,5.670000076293945,11301.08,both,-11295.41,False
2022-02-24,5.369999885559082,10890.88,both,-10885.51,False
2022-02-27,5.760000228881836,11174.09,both,-11168.33,False
2022-02-28,5.760000228881836,11138.86,both,-11133.1,False
2022-03-01,5.860000133514404,11275.78,both,-11269.92,False
2022-03-02,5.769999980926514,11189.29,both,-11183.52,False
2022-03-03,5.860000133514404,11305.55,both,-11299.69,False
2022-03-06,5.789999961853027,11094.66,both,-11088.87,False
2022-03-07,5.510000228881836,10701.14,both,-10695.63,False
2022-03-08,5.510000228881836,10396.83,both,-10391.32,False
2022-03-09,5.300000190734863,10415.73,both,-10410.43,False
2022-03-10,5.300000190734863,10453.59,both,-10448.29,False
2022-03-13,5.340000152587891,10480.67,both,-10475.33,False
2022-03-14,5.309999942779541,10419.56,both,-10414.25,False
2022-03-15,5.199999809265137,10423.09,both,-10417.89,False
2022-03-16,5.150000095367432,10705.6,both,-10700.45,False
2022-03-17,5.0,10726.44,both,-10721.44,False
2022-03-20,5.159999847412109,10973.72,both,-10968.56,False
2022-03-21,5.440000057220459,11511.15,both,-11505.71,False
2022-03-22,5.269999980926514,11663.32,both,-11658.05,False
2022-03-23,5.369999885559082,11743.91,both,-11738.54,False
2022-03-24,5.300000190734863,11709.16,both,-11703.86,False
2022-03-27,4.400000095367432,11545.61,both,-11541.21,False
2022-03-28,4.320000171661377,11240.79,both,-11236.47,False
2022-03-29,4.0,11393.54,both,-11389.54,False
2022-03-30,3.849999904632568,11239.21,both,-11235.36,False
2022-03-31,3.990000009536743,11238.48,both,-11234.49,False
2022-04-03,4.269999980926514,11562.21,both,-11557.94,False
2022-04-04,4.320000171661377,11529.18,both,-11524.86,False
2022-04-05,4.289999961853027,11380.85,both,-11376.56,False
2022-04-06,4.25,11347.96,both,-11343.71,False
2022-04-07,4.110000133514404,11101.94,both,-11097.83,False
2022-04-10,3.9800000190734863,10897.61,both,-10893.63,False
2022-04-11,3.910000085830689,10728.66,both,-10724.75,False
2022-04-12,3.9600000381469727,10898.69,both,-10894.73,False
2022-04-13,4.0,10847.46,both,-10843.46,False
2022-04-14,3.7799999713897705,10679.55,both,-10675.77,False
2022-04-17,3.920000076293945,10707.93,both,-10704.01,False
2022-04-18,4.050000190734863,10724.8,both,-10720.75,False
2022-04-19,3.950000047683716,10626.81,both,-10622.86,False
2022-04-20,3.880000114440918,10444.76,both,-10440.88,False
2022-04-21,3.869999885559082,10548.14,both,-10544.27,False
2022-04-26,3.900000095367432,10682.08,both,-10678.18,False
2022-04-27,3.859999895095825,10718.22,both,-10714.36,False
2022-04-28,4.25,11047.7,both,-11043.45,False
2022-05-08,4.099999904632568,11109.22,both,-11105.12,False
2022-05-09,3.940000057220459,10906.72,both,-10902.78,False
2022-05-10,3.940000057220459,10811.45,both,-10807.51,False
2022-05-11,4.110000133514404,10855.93,both,-10851.82,False
2022-05-12,4.0,10678.98,both,-10674.98,False
2022-05-15,3.869999885559082,10534.22,both,-10530.35,False
2022-05-16,3.839999914169312,10461.88,both,-10458.04,False
2022-05-17,3.7799999713897705,10438.95,both,-10435.17,False
2022-05-18,3.7799999713897705,10467.63,both,-10463.85,False
2022-05-19,3.700000047683716,10549.97,both,-10546.27,False
2022-05-22,3.630000114440918,10462.74,both,-10459.11,False
2022-05-23,3.5299999713897705,10514.95,both,-10511.42,False
2022-05-24,3.359999895095825,10415.54,both,-10412.18,False
2022-05-25,3.0,10247.43,both,-10244.43,False
2022-05-26,2.75,10200.56,both,-10197.81,False
2022-05-29,2.950000047683716,10086.72,both,-10083.77,False
2022-05-30,2.9800000190734863,10109.36,both,-10106.38,False
2022-05-31,3.0,10150.05,both,-10147.05,False
2022-06-01,2.890000104904175,10083.98,both,-10081.09,False
2022-06-02,2.9100000858306885,10007.51,both,-10004.6,False
2022-06-05,2.9100000858306885,9986.0,both,-9983.09,False
2022-06-06,2.950000047683716,9984.92,both,-9981.97,False
2022-06-07,3.200000047683716,10048.36,both,-10045.16,False
2022-06-08,3.240000009536743,10236.06,both,-10232.82,False
2022-06-09,3.319999933242798,10235.43,both,-10232.11,False
2022-06-12,3.25,10097.55,both,-10094.3,False
2022-06-13,3.039999961853028,10014.85,both,-10011.81,False
2022-06-14,3.069999933242798,9981.22,both,-9978.15,False
2022-06-15,3.0799999237060547,9969.97,both,-9966.89,False
2022-06-16,3.140000104904175,9866.75,both,-9863.61,False
2022-06-19,3.0,9728.19,both,-9725.19,False
2022-06-20,2.950000047683716,9680.18,both,-9677.23,False
2022-06-21,2.970000028610229,9697.88,both,-9694.91,False
2022-06-22,2.990000009536743,9612.9,both,-9609.91,False
2022-06-23,2.9100000858306885,9439.85,both,-9436.94,False
2022-06-26,2.720000028610229,9443.75,both,-9441.03,False
2022-06-27,2.4200000762939453,9255.43,both,-9253.01,False
2022-06-28,2.549999952316284,9179.63,both,-9177.08,False
2022-06-29,2.6700000762939453,9225.61,both,-9222.94,False
2022-07-03,2.4800000190734863,9008.89,both,-9006.41,False
2022-07-04,2.400000095367432,8685.74,both,-8683.34,False
2022-07-05,2.4100000858306885,8657.5,both,-8655.09,False
2022-07-06,2.650000095367432,8670.12,both,-8667.47,False
2022-07-07,2.619999885559082,8764.25,both,-8761.63,False
2022-07-17,2.569999933242798,8772.93,both,-8770.36,False
2022-07-18,2.700000047683716,8867.94,both,-8865.24,False
2022-07-19,2.819999933242798,9033.53,both,-9030.71,False
2022-07-20,2.8299999237060547,9112.72,both,-9109.89,False
2022-07-21,2.950000047683716,9289.81,both,-9286.86,False
2022-07-24,3.0299999713897705,9276.28,both,-9273.25,False
2022-07-25,2.930000066757202,9237.7,both,-9234.77,False
2022-07-26,3.009999990463257,9350.42,both,-9347.41,False
2022-07-27,2.900000095367432,9287.92,both,-9285.02,False
2022-07-28,2.890000104904175,9369.32,both,-9366.43,False
2022-07-31,2.8299999237060547,9467.08,both,-9464.25,False
2022-08-01,2.900000095367432,9423.1,both,-9420.2,False
2022-08-02,2.900000095367432,9442.02,both,-9439.12,False
2022-08-03,2.930000066757202,9539.43,both,-9536.5,False
2022-08-04,3.0999999046325684,10043.23,both,-10040.13,False
2022-08-07,3.1700000762939453,10123.81,both,-10120.64,False
2022-08-08,3.119999885559082,10047.71,both,-10044.59,False
2022-08-09,3.109999895095825,9968.88,both,-9965.77,False
2022-08-10,3.109999895095825,9965.46,both,-9962.35,False
2022-08-11,3.2100000381469727,9988.84,both,-9985.63,False
2022-08-14,3.180000066757202,9984.44,both,-9981.26,False
2022-08-15,3.2100000381469727,9914.71,both,-9911.5,False
2022-08-16,3.190000057220459,9843.17,both,-9839.98,False
2022-08-17,3.369999885559082,10058.12,both,-10054.75,False
2022-08-18,3.369999885559082,10094.16,both,-10090.79,False
2022-08-21,3.4200000762939453,10339.58,both,-10336.16,False
2022-08-22,3.380000114440918,10246.24,both,-10242.86,False
2022-08-23,3.380000114440918,10137.89,both,-10134.51,False
2022-08-24,3.2799999713897705,10105.24,both,-10101.96,False
2022-08-25,3.5899999141693115,10287.27,both,-10283.68,False
2022-08-28,3.5899999141693115,10178.15,both,-10174.56,False
2022-08-29,3.549999952316284,10122.32,both,-10118.77,False
2022-08-30,3.7699999809265137,10132.15,both,-10128.38,False
2022-08-31,3.670000076293945,9998.61,both,-9994.94,False
2022-09-01,3.660000085830689,9936.87,both,-9933.21,False
2022-09-04,3.759999990463257,9996.74,both,-9992.98,False
2022-09-05,3.740000009536743,10177.64,both,-10173.9,False
2022-09-06,3.849999904632568,10329.66,both,-10325.81,False
2022-09-07,3.890000104904175,10232.29,both,-10228.4,False
2022-09-08,3.849999904632568,10265.35,both,-10261.5,False
2022-09-11,3.849999904632568,10356.31,both,-10352.46,False
2022-09-12,3.839999914169312,10434.1,both,-10430.26,False
2022-09-13,3.7799999713897705,10397.12,both,-10393.34,False
2022-09-14,3.700000047683716,10193.79,both,-10190.09,False
2022-09-15,3.660000085830689,10079.02,both,-10075.36,False
2022-09-18,3.3399999141693115,9763.19,both,-9759.85,False
2022-09-19,3.430000066757202,9854.21,both,-9850.78,False
2022-09-20,3.549999952316284,10010.53,both,-10006.98,False
2022-09-21,3.539999961853028,9955.85,both,-9952.31,False
2022-09-22,3.390000104904175,9933.05,both,-9929.66,False
2022-09-25,3.2799999713897705,9895.04,both,-9891.76,False
2022-09-26,3.299999952316284,9827.8,both,-9824.5,False
2022-09-27,3.390000104904175,9817.37,both,-9813.98,False
2022-09-28,3.440000057220459,9702.19,both,-9698.75,False
2022-09-29,3.450000047683716,9827.46,both,-9824.01,False
2022-10-02,3.3499999046325684,9687.36,both,-9684.01,False
2022-10-03,3.3299999237060547,9685.85,both,-9682.52,False
2022-10-04,3.450000047683716,9923.81,both,-9920.36,False
2022-10-05,3.430000066757202,10010.78,both,-10007.35,False
2022-10-09,3.380000114440918,9940.86,both,-9937.48,False
2022-10-10,3.400000095367432,9948.53,both,-9945.13,False
2022-10-11,3.359999895095825,9867.23,both,-9863.87,False
2022-10-12,3.2799999713897705,9800.64,both,-9797.36,False
2022-10-13,3.200000047683716,9853.74,both,-9850.54,False
2022-10-16,3.2699999809265137,10048.88,both,-10045.61,False
2022-10-17,3.4200000762939453,10148.4,both,-10144.98,False
2022-10-18,3.4600000381469727,10163.56,both,-10160.1,False
2022-10-19,3.380000114440918,10156.34,both,-10152.96,False
2022-10-20,3.430000066757202,10273.53,both,-10270.1,False
2022-10-23,3.5,10258.24,both,-10254.74,False
2022-10-24,3.4100000858306885,10320.88,both,-10317.47,False
2022-10-25,3.430000066757202,10475.02,both,-10471.59,False
2022-10-26,3.430000066757202,10553.2,both,-10549.77,False
2022-10-27,3.799999952316284,11072.02,both,-11068.22,False
2022-10-30,3.940000057220459,11100.67,both,-11096.73,False
2022-10-31,4.199999809265137,11372.79,both,-11368.59,False
2022-11-01,4.239999771118164,11432.79,both,-11428.55,False
2022-11-02,4.059999942779541,11242.07,both,-11238.01,False
2022-11-03,4.0,11262.4,both,-11258.4,False
2022-11-06,4.21999979019165,11179.2,both,-11174.98,False
2022-11-07,4.440000057220459,11443.71,both,-11439.27,False
2022-11-08,4.329999923706055,11268.04,both,-11263.71,False
2022-11-09,4.25,11781.58,both,-11777.33,False
2022-11-10,4.440000057220459,11756.56,both,-11752.12,False
2022-11-13,4.440000057220459,11980.62,both,-11976.18,False
2022-11-14,4.320000171661377,12136.37,both,-12132.05,False
2022-11-15,4.320000171661377,12137.0,both,-12132.68,False
2022-11-16,4.360000133514404,12341.2,both,-12336.84,False
2022-11-17,4.300000190734863,12515.71,both,-12511.41,False
2022-11-20,4.309999942779541,12523.84,both,-12519.53,False
2022-11-21,4.21999979019165,12449.9,both,-12445.68,False
2022-11-22,4.340000152587891,12622.34,both,-12618.0,False
2022-11-23,4.480000019073486,12600.09,both,-12595.61,False
2022-11-24,4.789999961853027,12779.44,both,-12774.65,False
2022-11-27,4.75,13009.48,both,-13004.73,False
2022-11-28,4.670000076293945,12917.22,both,-12912.55,False
2022-11-29,4.71999979019165,13184.26,both,-13179.54,False
2022-11-30,4.639999866485596,13259.26,both,-13254.62,False
2022-12-01,4.75,13639.73,both,-13634.98,False
2022-12-04,4.809999942779541,14078.53,both,-14073.72,False
2022-12-05,5.039999961853027,14327.77,both,-14322.73,False
2022-12-06,5.010000228881836,14498.29,both,-14493.28,False
2022-12-07,5.0,14787.05,both,-14782.05,False
2022-12-08,4.960000038146973,14838.31,both,-14833.35,False
2022-12-11,5.079999923706055,14587.7,both,-14582.62,False
2022-12-12,4.960000038146973,14723.71,both,-14718.75,False
2022-12-13,5.119999885559082,15150.31,both,-15145.19,False
2022-12-14,5.610000133514404,15378.28,both,-15372.67,False
2022-12-15,5.429999828338623,15141.55,both,-15136.12,False
2022-12-18,5.300000190734863,14843.05,both,-14837.75,False
2022-12-19,5.489999771118164,14738.6,both,-14733.11,False
2022-12-20,5.519999980926514,14523.26,both,-14517.74,False
2022-12-21,5.5,14541.98,both,-14536.48,False
2022-12-22,5.309999942779541,14482.93,both,-14477.62,False
2022-12-25,5.090000152587891,14385.3,both,-14380.21,False
2022-12-26,5.440000057220459,14560.41,both,-14554.97,False
2022-12-27,5.389999866485596,14485.18,both,-14479.79,False
2022-12-28,5.380000114440918,14578.21,both,-14572.83,False
2022-12-29,5.360000133514404,14598.53,both,-14593.17,False
2023-01-02,5.579999923706055,14960.66,both,-14955.08,False
2023-01-03,5.670000076293945,15068.13,both,-15062.46,False
2023-01-04,5.75,15557.46,both,-15551.71,False
2023-01-05,5.980000019073486,16002.18,both,-15996.2,False
2023-01-09,5.800000190734863,16096.87,both,-16091.07,False
2023-01-10,5.489999771118164,15462.57,both,-15457.08,False
2023-01-11,5.409999847412109,15528.1,both,-15522.69,False
2023-01-12,5.380000114440918,15551.47,both,-15546.09,False
2023-01-15,5.369999885559082,15561.25,both,-15555.88,False
2023-01-16,5.5,15837.91,both,-15832.41,False
2023-01-17,5.730000019073486,15981.88,both,-15976.15,False
2023-01-18,5.489999771118164,15987.15,both,-15981.66,False
2023-01-19,5.46999979019165,16065.98,both,-16060.51,False
2023-01-22,5.489999771118164,16118.85,both,-16113.36,False
2023-01-23,5.400000095367432,16183.49,both,-16178.09,False
2023-01-24,5.400000095367432,16440.53,both,-16435.13,False
2023-01-25,5.5,16791.11,both,-16785.61,False
2023-01-29,5.510000228881836,17411.46,both,-17405.95,False
2023-01-30,5.309999942779541,17026.64,both,-17021.33,False
2023-01-31,5.119999885559082,16446.38,both,-16441.26,False
2023-02-01,4.900000095367432,16407.79,both,-16402.89,False
2023-02-02,4.579999923706055,16255.73,both,-16251.15,False
2023-02-05,5.0,16265.92,both,-16260.92,False
2023-02-06,4.989999771118164,16587.06,both,-16582.07,False
2023-02-07,5.119999885559082,16900.43,both,-16895.31,False
2023-02-08,5.059999942779541,16948.08,both,-16943.02,False
2023-02-09,5.320000171661377,17613.78,both,-17608.46,False
2023-02-12,5.230000019073486,17287.09,both,-17281.86,False
2023-02-13,5.21999979019165,17214.56,both,-17209.34,False
2023-02-14,5.449999809265137,17430.98,both,-17425.53,False
2023-02-15,5.46999979019165,17522.56,both,-17517.09,False
2023-02-16,5.510000228881836,17488.87,both,-17483.36,False
2023-02-19,5.440000057220459,17326.61,both,-17321.17,False
2023-02-20,5.190000057220459,16814.0,both,-16808.81,False
2023-02-21,5.320000171661377,17039.45,both,-17034.13,False
2023-02-22,5.059999942779541,16777.2,both,-16772.14,False
2023-02-23,5.179999828338623,17003.9,both,-16998.72,False
2023-02-26,5.239999771118164,17213.01,both,-17207.77,False
2023-02-27,5.429999828338623,17098.16,both,-17092.73,False
2023-02-28,5.449999809265137,17002.08,both,-16996.63,False
2023-03-01,5.440000057220459,17123.01,both,-17117.57,False
2023-03-02,5.460000038146973,16846.79,both,-16841.33,False
2023-03-05,5.360000133514404,16827.65,both,-16822.29,False
2023-03-06,5.349999904632568,16803.89,both,-16798.54,False
2023-03-07,5.119999885559082,16432.56,both,-16427.44,False
2023-03-08,5.070000171661377,16315.62,both,-16310.55,False
2023-03-09,5.210000038146973,16454.31,both,-16449.1,False
2023-03-12,4.809999942779541,15936.89,both,-15932.08,False
2023-03-13,4.53000020980835,15438.5,both,-15433.97,False
2023-03-14,4.599999904632568,15362.25,both,-15357.65,False
2023-03-15,4.130000114440918,14724.44,both,-14720.31,False
2023-03-16,4.320000171661377,14704.18,both,-14699.86,False
2023-03-19,4.340000152587891,14681.12,both,-14676.78,False
2023-03-20,4.46999979019165,14923.81,both,-14919.34,False
2023-03-21,4.690000057220459,15325.66,both,-15320.97,False
2023-03-22,4.699999809265137,15253.22,both,-15248.52,False
2023-03-23,4.789999961853027,15625.08,both,-15620.29,False
2023-03-26,4.940000057220459,15989.18,both,-15984.24,False
2023-03-27,4.71999979019165,15950.09,both,-15945.37,False
2023-03-28,4.690000057220459,15906.42,both,-15901.73,False
2023-03-29,4.800000190734863,16411.37,both,-16406.57,False
2023-03-30,4.71999979019165,16418.53,both,-16413.81,False
2023-04-02,4.800000190734863,16694.46,both,-16689.66,False
2023-04-03,5.25,17056.89,both,-17051.64,False
2023-04-04,5.289999961853027,16998.35,both,-16993.06,False
2023-04-05,5.449999809265137,17019.25,both,-17013.8,False
2023-04-06,5.360000133514404,16709.28,both,-16703.92,False
2023-04-09,5.199999809265137,16674.87,both,-16669.67,False
2023-04-10,5.289999961853027,16774.64,both,-16769.35,False
2023-04-11,5.360000133514404,17011.68,both,-17006.32,False
2023-04-12,5.329999923706055,16741.45,both,-16736.12,False
2023-04-13,5.349999904632568,17671.27,both,-17665.92,False
2023-04-18,5.349999904632568,17538.97,both,-17533.62,False
2023-04-19,5.610000133514404,17516.04,both,-17510.43,False
2023-04-26,5.789999961853027,17452.22,both,-17446.43,False
2023-04-27,5.980000019073486,17796.91,both,-17790.93,False
2023-04-30,6.130000114440918,17667.74,both,-17661.61,False
2023-05-01,6.130000114440918,17310.83,both,-17304.7,False
2023-05-02,5.840000152587891,17300.56,both,-17294.72,False
2023-05-03,5.809999942779541,17295.27,both,-17289.46,False
2023-05-07,5.769999980926514,17235.31,both,-17229.54,False
2023-05-08,5.949999809265137,17642.97,both,-17637.02,False
2023-05-09,5.849999904632568,17326.27,both,-17320.42,False
2023-05-10,5.989999771118164,17494.73,both,-17488.74,False
2023-05-11,5.860000133514404,17270.69,both,-17264.83,False
2023-05-14,5.889999866485596,17369.13,both,-17363.24,False
2023-05-15,5.71999979019165,17135.55,both,-17129.83,False
2023-05-16,5.559999942779541,17033.99,both,-17028.43,False
2023-05-17,5.320000171661377,16844.01,both,-16838.69,False
2023-05-18,5.380000114440918,16745.54,both,-16740.16,False
2023-05-21,5.349999904632568,16860.88,both,-16855.53,False
2023-05-22,5.360000133514404,16764.41,both,-16759.05,False
2023-05-23,5.420000076293945,16787.71,both,-16782.29,False
2023-05-24,5.5,17090.56,both,-17085.06,False
2023-05-25,5.449999809265137,17043.62,both,-17038.17,False
2023-05-28,5.610000133514404,17131.45,both,-17125.84,False
2023-05-29,5.630000114440918,17211.84,both,-17206.21,False
2023-05-30,5.699999809265137,17534.59,both,-17528.89,False
2023-05-31,5.599999904632568,17495.77,both,-17490.17,False
2023-06-01,5.590000152587891,17533.31,both,-17527.72,False
2023-06-04,5.53000020980835,17455.48,both,-17449.95,False
2023-06-05,5.409999847412109,17345.9,both,-17340.49,False
2023-06-06,5.389999866485596,17491.18,both,-17485.79,False
2023-06-07,5.320000171661377,17347.57,both,-17342.25,False
2023-06-08,5.360000133514404,17521.36,both,-17516.0,False
2023-06-11,5.610000133514404,17739.63,both,-17734.02,False
2023-06-12,5.739999771118164,17704.58,both,-17698.84,False
2023-06-13,6.110000133514404,17866.81,both,-17860.7,False
2023-06-14,5.949999809265137,17873.28,both,-17867.33,False
2023-06-15,5.96999979019165,17881.52,both,-17875.55,False
2023-06-18,6.0,18026.17,both,-18020.17,False
2023-06-19,6.070000171661377,17988.95,both,-17982.88,False
2023-06-20,6.349999904632568,17921.92,both,-17915.57,False
2023-06-21,6.409999847412109,17706.08,both,-17699.67,False
2023-06-22,6.619999885559082,17712.93,both,-17706.31,False
2023-06-25,6.369999885559082,17287.64,both,-17281.27,False
2023-06-26,6.480000019073486,17665.29,both,-17658.81,False
2023-07-04,6.360000133514404,17466.18,both,-17459.82,False
2023-07-05,6.269999980926514,17380.33,both,-17374.06,False
2023-07-06,6.340000152587891,17102.3,both,-17095.96,False
2023-07-09,5.960000038146973,16555.12,both,-16549.16,False
2023-07-10,6.150000095367432,16963.13,both,-16956.98,False
2023-07-11,6.159999847412109,17155.23,both,-17149.07,False
2023-07-12,6.119999885559082,17144.22,both,-17138.1,False
2023-07-13,6.320000171661377,17342.29,both,-17335.97,False
2023-07-16,6.260000228881836,17343.13,both,-17336.87,False
2023-07-17,6.429999828338623,17512.01,both,-17505.58,False
2023-07-18,6.539999961853027,17608.32,both,-17601.78,False
2023-07-19,6.539999961853027,17578.67,both,-17572.13,False
2023-07-24,6.489999771118164,17550.23,both,-17543.74,False
2023-07-25,6.429999828338623,17479.94,both,-17473.51,False
2023-07-26,6.429999828338623,17396.24,both,-17389.81,False
2023-07-27,6.360000133514404,17339.06,both,-17332.7,False
2023-07-30,6.489999771118164,17554.56,both,-17548.07,False
2023-07-31,6.699999809265137,17595.92,both,-17589.22,False
2023-08-01,6.789999961853027,17514.11,both,-17507.32,False
2023-08-02,6.389999866485596,17455.6,both,-17449.21,False
2023-08-03,6.369999885559082,17451.44,both,-17445.07,False
2023-08-06,6.599999904632568,17697.49,both,-17690.89,False
2023-08-07,6.590000152587891,17839.48,both,-17832.89,False
2023-08-08,6.75,17748.89,both,-17742.14,False
2023-08-09,6.800000190734863,17763.63,both,-17756.83,False
2023-08-10,6.71999979019165,17710.2,both,-17703.48,False
2023-08-13,6.75,17856.07,both,-17849.32,False
2023-08-14,6.599999904632568,17897.5,both,-17890.9,False
2023-08-15,6.5,17965.32,both,-17958.82,False
2023-08-16,6.449999809265137,18062.5,both,-18056.05,False
2023-08-17,6.409999847412109,17969.27,both,-17962.86,False
2023-08-20,6.46999979019165,18033.22,both,-18026.75,False
2023-08-21,6.480000019073486,17920.48,both,-17914.0,False
2023-08-22,6.449999809265137,18216.63,both,-18210.18,False
2023-08-23,6.300000190734863,18133.42,both,-18127.12,False
2023-08-24,6.409999847412109,18207.82,both,-18201.41,False
2023-08-27,6.380000114440918,18516.59,both,-18510.21,False
2023-08-28,6.199999809265137,18584.84,both,-18578.64,False
2023-08-29,6.429999828338623,18629.34,both,-18622.91,False
2023-08-30,6.340000152587891,18818.15,both,-18811.81,False
2023-08-31,6.340000152587891,18873.82,both,-18867.48,False
2023-09-03,6.190000057220459,18726.01,both,-18719.82,False
2023-09-04,6.070000171661377,18910.99,both,-18904.92,False
2023-09-05,6.070000171661377,19044.39,both,-19038.32,False
2023-09-06,6.099999904632568,19224.52,both,-19218.42,False
2023-09-07,6.130000114440918,19375.68,both,-19369.55,False
2023-09-10,6.130000114440918,19577.85,both,-19571.72,False
2023-09-11,6.170000076293945,19278.72,both,-19272.55,False
2023-09-12,6.099999904632568,19144.09,both,-19137.99,False
2023-09-13,6.199999809265137,19361.7,both,-19355.5,False
2023-09-14,6.289999961853027,19540.33,both,-19534.04,False
2023-09-17,6.269999980926514,19668.82,both,-19662.55,False
2023-09-18,6.25,19751.78,both,-19745.53,False
2023-09-19,6.099999904632568,19954.3,both,-19948.2,False
2023-09-20,6.099999904632568,19797.23,both,-19791.13,False
2023-09-21,6.099999904632568,20080.57,both,-20074.47,False
2023-09-24,6.099999904632568,20213.7,both,-20207.6,False
2023-09-25,5.670000076293945,20320.56,both,-20314.89,False
2023-09-26,5.650000095367432,20354.86,both,-20349.21,False
2023-09-27,5.650000095367432,20174.28,both,-20168.63,False
2023-10-01,5.650000095367432,20054.72,both,-20049.07,False
2023-10-02,5.550000190734863,19901.24,both,-19895.69,False
2023-10-03,5.590000152587891,19706.96,both,-19701.37,False
2023-10-04,5.579999923706055,19873.31,both,-19867.73,False
2023-10-08,5.400000095367432,19357.42,both,-19352.02,False
2023-10-09,5.329999923706055,19409.78,both,-19404.45,False
2023-10-10,5.53000020980835,19724.32,both,-19718.79,False
2023-10-11,5.480000019073486,19653.49,both,-19648.01,False
2023-10-12,5.369999885559082,20002.1,both,-19996.73,False
2023-10-15,5.309999942779541,20324.96,both,-20319.65,False
2023-10-16,5.46999979019165,21032.35,both,-21026.88,False
2023-10-17,5.639999866485596,22073.95,both,-22068.31,False
2023-10-18,5.559999942779541,22117.4,both,-22111.84,False
2023-10-19,5.559999942779541,21616.6,both,-21611.04,False
2023-10-22,5.630000114440918,22128.49,both,-22122.86,False
2023-10-23,5.880000114440918,22572.49,both,-22566.61,False
2023-10-24,5.829999923706055,22377.39,both,-22371.56,False
2023-10-25,5.960000038146973,23131.96,both,-23126.0,False
2023-10-26,5.980000019073486,23262.27,both,-23256.29,False
2023-10-29,6.440000057220459,23086.72,both,-23080.28,False
2023-10-30,6.230000019073486,23435.65,both,-23429.42,False
2023-10-31,5.909999847412109,22550.65,both,-22544.74,False
2023-11-01,5.900000095367432,22433.38,both,-22427.48,False
2023-11-02,6.039999961853027,22639.59,both,-22633.55,False
2023-11-05,6.139999866485596,23094.69,both,-23088.55,False
2023-11-06,6.230000019073486,23059.15,both,-23052.92,False
2023-11-07,6.289999961853027,23393.41,both,-23387.12,False
2023-11-08,6.130000114440918,23986.56,both,-23980.43,False
2023-11-09,6.260000228881836,24312.92,both,-24306.66,False
2023-11-12,6.199999809265137,23910.66,both,-23904.46,False
2023-11-13,6.139999866485596,23954.96,both,-23948.82,False
2023-11-14,6.179999828338623,23894.06,both,-23887.88,False
2023-11-15,6.420000076293945,24138.8,both,-24132.38,False
2023-11-16,6.659999847412109,24383.27,both,-24376.61,False
2023-11-19,6.550000190734863,24899.59,both,-24893.04,False
2023-11-20,6.380000114440918,24760.02,both,-24753.64,False
2023-11-21,6.659999847412109,24774.04,both,-24767.38,False
2023-11-22,6.650000095367432,25029.57,both,-25022.92,False
2023-11-23,6.690000057220459,25519.49,both,-25512.8,False
2023-11-26,6.800000190734863,25300.32,both,-25293.52,False
2023-11-27,7.449999809265137,25905.54,both,-25898.09,False
2023-11-28,7.199999809265137,25121.73,both,-25114.53,False
2023-11-29,7.78000020980835,24759.16,both,-24751.38,False
2023-11-30,7.949999809265137,24735.39,both,-24727.44,False
2023-12-03,8.529999732971191,24571.98,both,-24563.45,False
2023-12-04,8.989999771118164,25265.41,both,-25256.42,False
2023-12-05,8.649999618530273,25127.91,both,-25119.26,False
2023-12-06,8.699999809265137,24703.55,both,-24694.85,False
2023-12-07,8.579999923706055,24686.16,both,-24677.58,False
2023-12-10,8.600000381469727,24189.83,both,-24181.23,False
2023-12-11,8.6899995803833,24182.06,both,-24173.37,False
2023-12-12,8.579999923706055,24071.66,both,-24063.08,False
2023-12-13,8.8100004196167,24773.92,both,-24765.11,False
2023-12-14,8.90999984741211,24722.82,both,-24713.91,False
2023-12-17,9.239999771118164,24792.14,both,-24782.9,False
2023-12-18,9.600000381469728,25334.09,both,-25324.49,False
2023-12-19,9.279999732971191,25076.42,both,-25067.14,False
2023-12-20,9.210000038146973,24837.56,both,-24828.35,False
2023-12-21,8.770000457763672,24305.09,both,-24296.32,False
2023-12-24,8.770000457763672,23822.17,both,-23813.4,False
2023-12-25,8.229999542236328,24226.68,both,-24218.45,False
2023-12-26,7.940000057220459,23994.54,both,-23986.6,False
2023-12-27,8.229999542236328,24351.12,both,-24342.89,False
2023-12-28,8.119999885559082,24691.43,both,-24683.31,False
2023-12-31,7.900000095367432,24894.26,both,-24886.36,False
2024-01-02,8.390000343322754,25501.94,both,-25493.55,False
2024-01-03,8.789999961853027,25408.51,both,-25399.72,False
2024-01-04,9.0,25350.28,both,-25341.28,False
2024-01-08,8.989999771118164,25344.63,both,-25335.64,False
2024-01-09,8.979999542236328,25589.99,both,-25581.01,False
2024-01-10,8.949999809265137,25466.75,both,-25457.8,False
2024-01-11,9.029999732971191,25519.25,both,-25510.22,False
2024-01-14,9.09000015258789,25974.84,both,-25965.75,False
2024-01-15,9.100000381469728,26250.73,both,-26241.63,False
2024-01-16,9.350000381469728,26938.14,both,-26928.79,False
2024-01-17,9.43000030517578,26758.26,both,-26748.83,False
2024-01-18,9.300000190734863,26842.67,both,-26833.37,False
2024-01-21,9.649999618530272,27719.37,both,-27709.72,False
2024-01-22,9.5,28050.33,both,-28040.83,False
2024-01-23,9.020000457763672,27587.0,both,-27577.98,False
2024-01-24,8.850000381469727,27666.18,both,-27657.33,False
2024-01-28,8.579999923706055,28625.76,both,-28617.18,False
2024-01-29,8.930000305175781,29227.79,both,-29218.86,False
2024-01-30,8.770000457763672,30347.3,both,-30338.53,False
2024-01-31,8.029999732971191,28281.91,both,-28273.88,False
2024-02-01,8.180000305175781,28434.37,both,-28426.19,False
2024-02-04,8.0,27573.5,both,-27565.5,False
2024-02-05,8.460000038146973,27665.75,both,-27657.29,False
2024-02-06,8.319999694824219,27270.63,both,-27262.31,False
2024-02-07,7.800000190734863,27905.95,both,-27898.15,False
2024-02-08,7.929999828338623,28411.41,both,-28403.48,False
2024-02-11,7.75,28199.04,both,-28191.29,False
2024-02-12,7.75,28494.72,both,-28486.97,False
2024-02-13,8.300000190734863,28604.54,both,-28596.24,False
2024-02-14,8.279999732971191,28874.99,both,-28866.71,False
2024-02-15,8.289999961853027,28926.15,both,-28917.86,False
2024-02-18,8.289999961853027,29125.57,both,-29117.28,False
2024-02-19,8.960000038146973,29452.4,both,-29443.44,False
2024-02-20,8.680000305175781,29330.66,both,-29321.98,False
2024-02-21,8.600000381469727,29292.05,both,-29283.45,False
2024-02-22,8.550000190734863,29309.73,both,-29301.18,False
2024-02-25,8.800000190734863,27840.86,both,-27832.06,False
2024-02-26,10.25,28931.92,both,-28921.67,False
2024-02-27,10.350000381469728,29205.16,both,-29194.81,False
2024-02-28,10.029999732971191,28876.46,both,-28866.43,False
2024-02-29,9.890000343322754,28964.41,both,-28954.52,False
2024-03-03,9.84000015258789,29058.33,both,-29048.49,False
2024-03-04,11.510000228881836,30542.33,both,-30530.82,False
2024-03-05,11.31999969482422,30668.89,both,-30657.57,False
2024-03-06,11.399999618530272,29743.11,both,-29731.71,False
2024-03-07,11.5,31300.54,both,-31289.04,False
2024-03-10,11.119999885559082,32919.95,both,-32908.83,False
2024-03-11,11.420000076293944,33382.51,both,-33371.09,False
2024-03-12,11.199999809265137,32661.61,both,-32650.41,False
2024-03-13,11.5,31013.88,both,-31002.38,False
2024-03-14,12.649999618530272,31316.43,both,-31303.78,False
2024-03-17,12.800000190734863,31061.88,both,-31049.08,False
2024-03-18,12.0,29091.29,both,-29079.29,False
2024-03-19,11.880000114440918,28675.7,both,-28663.82,False
2024-03-20,12.100000381469728,28589.37,both,-28577.27,False
2024-03-21,13.100000381469728,29054.96,both,-29041.86,False
2024-03-24,13.0,29060.02,both,-29047.02,False
2024-03-25,13.0,29344.46,both,-29331.46,False
2024-03-26,12.880000114440918,29057.5,both,-29044.62,False
2024-03-27,12.199999809265137,28224.37,both,-28212.17,False
2024-03-28,12.31999969482422,27559.35,both,-27547.03,False
2024-03-31,11.5,26883.39,both,-26871.89,False
2024-04-01,12.06999969482422,28297.17,both,-28285.1,False
2024-04-02,11.300000190734863,27934.36,both,-27923.06,False
2024-04-03,11.100000381469728,27937.22,both,-27926.12,False
2024-04-04,11.899999618530272,28506.16,both,-28494.26,False
2024-04-07,11.630000114440918,28151.66,both,-28140.03,False
2024-04-08,11.600000381469728,28503.75,both,-28492.15,False
2024-04-15,12.050000190734863,29616.47,both,-29604.42,False
2024-04-16,11.75,29400.84,both,-29389.09,False
2024-04-17,11.699999809265137,29667.71,both,-29656.01,False
2024-04-18,10.970000267028809,28332.65,both,-28321.68,False
2024-04-21,11.0,28623.39,both,-28612.39,False
2024-04-22,10.710000038146973,28144.22,both,-28133.51,False
2024-04-23,10.15999984741211,26777.05,both,-26766.89,False
2024-04-24,9.800000190734863,25917.59,both,-25907.79,False
2024-04-28,9.800000190734863,24639.63,both,-24629.83,False
2024-04-29,10.3100004196167,26011.28,both,-26000.97,False
2024-04-30,10.029999732971191,24448.73,both,-24438.7,False
2024-05-01,,25270.55,right_only,,False
2024-05-02,10.699999809265137,26113.71,both,-26103.01,False
2024-05-07,10.619999885559082,26429.69,both,-26419.07,False
2024-05-08,10.199999809265137,25988.93,both,-25978.73,False
2024-05-09,10.010000228881836,26003.16,both,-25993.15,False
2024-05-12,10.0,25155.92,both,-25145.92,False
2024-05-13,9.779999732971191,25381.25,both,-25371.47,False
2024-05-14,9.949999809265137,25339.77,both,-25329.82,False
2024-05-15,10.109999656677246,25316.08,both,-25305.97,False
2024-05-16,10.350000381469728,26142.84,both,-26132.49,False
2024-05-19,10.350000381469728,27315.83,both,-27305.48,False
2024-05-20,12.020000457763672,27228.85,both,-27216.83,False
2024-05-21,11.4399995803833,27224.8,both,-27213.36,False
2024-05-22,11.210000038146973,27227.44,both,-27216.23,False
2024-05-23,11.359999656677246,27205.14,both,-27193.78,False
2024-05-26,11.359999656677246,27539.21,both,-27527.85,False
2024-05-27,11.18000030517578,27287.31,both,-27276.13,False
2024-05-28,11.220000267028809,27194.51,both,-27183.29,False
2024-05-29,11.609999656677246,27089.68,both,-27078.07,False
2024-05-30,11.270000457763672,26922.76,both,-26911.49,False
2024-06-02,10.850000381469728,26869.85,both,-26859.0,False
2024-06-03,11.18000030517578,26834.47,both,-26823.29,False
2024-06-04,11.25,26973.0,both,-26961.75,False
2024-06-05,11.0600004196167,26634.3,both,-26623.24,False
2024-06-06,10.93000030517578,26428.65,both,-26417.72,False
2024-06-09,10.100000381469728,25659.13,both,-25649.03,False
2024-06-10,10.489999771118164,25896.56,both,-25886.07,False
2024-06-11,11.40999984741211,26082.29,both,-26070.88,False
2024-06-12,11.350000381469728,26133.39,both,-26122.04,False
2024-06-13,11.720000267028809,26417.6,both,-26405.88,False
2024-06-23,12.0,27062.37,both,-27050.37,False
2024-06-24,12.779999732971191,26902.4,both,-26889.62,False
2024-06-25,14.800000190734863,27264.23,both,-27249.43,False
2024-06-26,14.5,27500.56,both,-27486.06,False
2024-06-27,14.210000038146973,27766.27,both,-27752.06,False
2024-07-01,,27969.59,right_only,,False
2024-07-02,15.43000030517578,27985.89,both,-27970.46,False
2024-07-03,14.90999984741211,28161.17,both,-28146.26,False
2024-07-04,14.5,28364.79,both,-28350.29,False
2024-07-07,14.300000190734863,28602.14,both,-28587.84,False
2024-07-08,13.949999809265137,28411.87,both,-28397.92,False
2024-07-09,14.65999984741211,28466.24,both,-28451.58,False
2024-07-10,14.06999969482422,28287.98,both,-28273.91,False
2024-07-14,13.5,28042.06,both,-28028.56,False
2024-07-15,13.300000190734863,27952.04,both,-27938.74,False
2024-07-16,13.260000228881836,27828.92,both,-27815.66,False
2024-07-17,14.010000228881836,28340.42,both,-28326.41,False
2024-07-18,14.739999771118164,28653.85,both,-28639.11,False
2024-07-21,14.529999732971191,28783.24,both,-28768.71,False
2024-07-22,13.93000030517578,28992.34,both,-28978.41,False
2024-07-23,14.050000190734863,29195.24,both,-29181.19,False
2024-07-24,13.630000114440918,29090.57,both,-29076.94,False
2024-07-28,13.75,29036.32,both,-29022.57,False
2024-07-29,13.65999984741211,28851.23,both,-28837.57,False
2024-07-30,13.699999809265137,29039.42,both,-29025.72,False
2024-07-31,13.9399995803833,29378.82,both,-29364.88,False
2024-08-01,13.9399995803833,29359.87,both,-29345.93,False
2024-08-04,13.420000076293944,28503.63,both,-28490.21,False
2024-08-05,13.050000190734863,27840.64,both,-27827.59,False
2024-08-06,13.399999618530272,28210.41,both,-28197.01,False
2024-08-07,13.420000076293944,28628.19,both,-28614.77,False
2024-08-08,13.609999656677246,28750.82,both,-28737.21,False
2024-08-11,14.15999984741211,29532.67,both,-29518.51,False
2024-08-12,13.949999809265137,29706.7,both,-29692.75,False
2024-08-13,13.640000343322754,29331.04,both,-29317.4,False
2024-08-14,13.619999885559082,29567.0,both,-29553.38,False
2024-08-15,13.5,29629.14,both,-29615.64,False
2024-08-18,13.510000228881836,29460.24,both,-29446.73,False
2024-08-19,13.65999984741211,29320.18,both,-29306.52,False
2024-08-20,14.15999984741211,29915.24,both,-29901.08,False
2024-08-21,14.6899995803833,29914.29,both,-29899.6,False
2024-08-22,14.619999885559082,30141.08,both,-30126.46,False
2024-08-25,14.199999809265137,30073.95,both,-30059.75,False
2024-08-26,13.949999809265137,30133.81,both,-30119.86,False
2024-08-27,14.68000030517578,30363.15,both,-30348.47,False
2024-08-28,14.989999771118164,30709.59,both,-30694.6,False
2024-08-29,14.75,30774.19,both,-30759.44,False
2024-09-01,14.75,30902.88,both,-30888.13,False
2024-09-02,14.90999984741211,30731.98,both,-30717.07,False
2024-09-03,15.06999969482422,31018.48,both,-31003.41,False
2024-09-04,14.899999618530272,30998.19,both,-30983.29,False
2024-09-05,14.619999885559082,31029.7,both,-31015.08,False
2024-09-08,13.970000267028809,30273.73,both,-30259.76,False
2024-09-09,14.199999809265137,30374.96,both,-30360.76,False
2024-09-10,14.109999656677246,30104.35,both,-30090.24,False
2024-09-11,13.899999618530272,30485.63,both,-30471.73,False
2024-09-12,13.899999618530272,30497.83,both,-30483.93,False
2024-09-16,13.8100004196167,30260.24,both,-30246.43,False
2024-09-17,13.43000030517578,30159.15,both,-30145.72,False
2024-09-18,13.699999809265137,30342.46,both,-30328.76,False
2024-09-19,14.470000267028809,30937.69,both,-30923.22,False
2024-09-22,14.520000457763672,31038.41,both,-31023.89,False
2024-09-23,14.039999961853027,31022.54,both,-31008.5,False
2024-09-24,14.039999961853027,30871.1,both,-30857.06,False
2024-09-25,14.800000190734863,31250.64,both,-31235.84,False
2024-09-26,14.720000267028809,31276.91,both,-31262.19,False
2024-09-29,14.949999809265137,31459.09,both,-31444.14,False
2024-09-30,14.75,31587.04,both,-31572.29,False
2024-10-01,15.260000228881836,31866.06,both,-31850.8,False
2024-10-02,14.5600004196167,31332.73,both,-31318.17,False
2024-10-03,14.970000267028809,31720.5,both,-31705.53,False
2024-10-07,14.899999618530272,31819.16,both,-31804.26,False
2024-10-08,14.0600004196167,30851.63,both,-30837.57,False
2024-10-09,14.489999771118164,31175.43,both,-31160.94,False
2024-10-10,14.300000190734863,30762.32,both,-30748.02,False
2024-10-13,14.010000228881836,29954.12,both,-29940.11,False
2024-10-14,14.09000015258789,30273.06,both,-30258.97,False
2024-10-15,14.149999618530272,30584.24,both,-30570.09,False
2024-10-16,14.609999656677246,30545.11,both,-30530.5,False
2024-10-17,14.579999923706056,30143.86,both,-30129.28,False
2024-10-20,14.18000030517578,29528.79,both,-29514.61,False
2024-10-21,14.5,30445.2,both,-30430.7,False
2024-10-22,14.68000030517578,30427.35,both,-30412.67,False
2024-10-23,15.289999961853027,30414.05,both,-30398.76,False
2024-10-24,15.020000457763672,30552.82,both,-30537.8,False
2024-10-27,15.039999961853027,30812.23,both,-30797.19,False
2024-10-28,14.899999618530272,30773.53,both,-30758.63,False
2024-10-29,14.449999809265137,30619.96,both,-30605.51,False
2024-10-30,14.220000267028809,30371.26,both,-30357.04,False
2024-10-31,14.350000381469728,30658.0,both,-30643.65,False
2024-11-03,14.40999984741211,30833.13,both,-30818.72,False
2024-11-04,14.279999732971191,30650.04,both,-30635.76,False
2024-11-05,14.140000343322754,30793.94,both,-30779.8,False
2024-11-06,14.649999618530272,31045.26,both,-31030.61,False
2024-11-07,14.970000267028809,31267.47,both,-31252.5,False
2024-11-10,14.75,31394.33,both,-31379.58,False
2024-11-11,14.779999732971191,31621.29,both,-31606.51,False
2024-11-12,14.619999885559082,31582.39,both,-31567.77,False
2024-11-13,14.350000381469728,31433.01,both,-31418.66,False
2024-11-14,14.369999885559082,31462.21,both,-31447.84,False
2024-11-17,14.630000114440918,31252.07,both,-31237.44,False
2024-11-18,14.289999961853027,30864.34,both,-30850.05,False
2024-11-19,14.25,30688.3,both,-30674.05,False
2024-11-20,14.149999618530272,30587.99,both,-30573.84,False
2024-11-21,14.350000381469728,30631.8,both,-30617.45,False
2024-11-24,14.3100004196167,30397.22,both,-30382.91,False
2024-11-25,14.15999984741211,30270.51,both,-30256.35,False
2024-11-26,14.170000076293944,30284.35,both,-30270.18,False
2024-11-27,14.199999809265137,29846.04,both,-29831.84,False
2024-11-28,14.220000267028809,30242.13,both,-30227.91,False
2024-12-01,14.600000381469728,30497.13,both,-30482.53,False
2024-12-02,14.5,30525.32,both,-30510.82,False
2024-12-03,14.380000114440918,30628.74,both,-30614.36,False
2024-12-04,14.359999656677246,30832.61,both,-30818.25,False
2024-12-05,14.600000381469728,30839.57,both,-30824.97,False
2024-12-08,14.899999618530272,31060.51,both,-31045.61,False
2024-12-09,15.149999618530272,31005.12,both,-30989.97,False
2024-12-10,15.010000228881836,30617.83,both,-30602.82,False
2024-12-11,14.5,30739.26,both,-30724.76,False
2024-12-12,15.140000343322754,30795.09,both,-30779.95,False
2024-12-15,15.220000267028809,30776.0,both,-30760.78,False
2024-12-16,15.890000343322754,30799.43,both,-30783.54,False
2024-12-17,17.489999771118164,30601.64,both,-30584.15,False
2024-12-18,16.65999984741211,30503.07,both,-30486.41,False
2024-12-19,16.700000762939453,30526.71,both,-30510.01,False
2024-12-22,16.31999969482422,30372.7,both,-30356.38,False
2024-12-23,16.299999237060547,30118.38,both,-30102.08,False
2024-12-24,16.34000015258789,29973.15,both,-29956.81,False
2024-12-25,15.75,30005.0,both,-29989.25,False
2024-12-26,16.0,29957.97,both,-29941.97,False
2024-12-29,16.649999618530273,29594.48,both,-29577.83,False
2024-12-30,16.920000076293945,29325.2,both,-29308.28,False
2024-12-31,17.1299991607666,29740.58,both,-29723.45,False
2025-01-02,17.799999237060547,30060.48,both,-30042.68,False
2025-01-05,17.690000534057617,30183.61,both,-30165.92,False
2025-01-06,17.40999984741211,29929.64,both,-29912.23,False
2025-01-08,17.299999237060547,29785.91,both,-29768.61,False
2025-01-09,16.860000610351562,29444.65,both,-29427.79,False
2025-01-12,17.049999237060547,29277.45,both,-29260.4,False
2025-01-13,16.5,28556.28,both,-28539.78,False
2025-01-14,16.299999237060547,28967.09,both,-28950.79,False
2025-01-15,16.260000228881836,29389.93,both,-29373.67,False
2025-01-16,16.489999771118164,29605.12,both,-29588.63,False
2025-01-19,16.610000610351562,29728.61,both,-29712.0,False
2025-01-20,16.510000228881836,29619.39,both,-29602.88,False
2025-01-21,16.520000457763672,29826.58,both,-29810.06,False
2025-01-22,16.40999984741211,29979.14,both,-29962.73,False
2025-01-23,16.40999984741211,29997.69,both,-29981.28,False
2025-01-26,16.790000915527344,30034.85,both,-30018.06,False
2025-01-27,16.350000381469727,29742.12,both,-29725.77,False
2025-01-28,16.5,29646.6,both,-29630.1,False
2025-01-29,16.940000534057617,29891.61,both,-29874.67,False
2025-01-30,16.75,30010.62,both,-29993.87,False
2025-02-02,16.610000610351562,29917.96,both,-29901.35,False
2025-02-03,16.520000457763672,29754.77,both,-29738.25,False
2025-02-04,16.260000228881836,29668.47,both,-29652.21,False
2025-02-05,16.149999618530273,29735.59,both,-29719.44,False
2025-02-06,16.25,30011.84,both,-29995.59,False
2025-02-09,16.200000762939453,30014.27,both,-29998.07,False
2025-02-10,16.18000030517578,29905.41,both,-29889.23,False
2025-02-11,15.619999885559082,29564.21,both,-29548.59,False
2025-02-12,16.15999984741211,29661.99,both,-29645.83,False
2025-02-13,15.989999771118164,29997.11,both,-29981.12,False
2025-02-16,16.0,30443.82,both,-30427.82,False
2025-02-17,16.81999969482422,30436.71,both,-30419.89,False
2025-02-18,16.600000381469727,30587.81,both,-30571.21,False
2025-02-19,16.700000762939453,30875.28,both,-30858.58,False
2025-02-20,16.709999084472656,30914.72,both,-30898.01,False
2025-02-23,17.3700008392334,31010.25,both,-30992.88,False
2025-02-24,17.290000915527344,30925.29,both,-30908.0,False
2025-02-25,17.200000762939453,30654.92,both,-30637.72,False
2025-02-26,16.8799991607666,30631.95,both,-30615.07,False
2025-02-27,16.950000762939453,30610.44,both,-30593.49,False
2025-03-02,17.190000534057617,30857.77,both,-30840.58,False
2025-03-03,17.510000228881836,30988.51,both,-30971.0,False
2025-03-04,17.25,30762.85,both,-30745.6,False
2025-03-05,17.0,30876.44,both,-30859.44,False
2025-03-06,17.110000610351562,30947.44,both,-30930.33,False
2025-03-09,17.030000686645508,31130.68,both,-31113.65,False
2025-03-10,17.010000228881836,31137.03,both,-31120.02,False
2025-03-11,17.0,30935.23,both,-30918.23,False
2025-03-12,18.5,31049.03,both,-31030.53,False
2025-03-13,18.5,31290.62,both,-31272.12,False
2025-03-16,18.46999931335449,31338.34,both,-31319.87,False
2025-03-17,18.399999618530277,31458.59,both,-31440.19,False
2025-03-18,18.36000061035156,31608.69,both,-31590.33,False
2025-03-19,18.030000686645508,31348.47,both,-31330.44,False
2025-03-20,19.5,31677.58,both,-31658.08,False
2025-03-23,18.700000762939453,31933.76,both,-31915.06,False
2025-03-24,18.6299991607666,31810.98,both,-31792.35,False
2025-03-25,18.780000686645508,31761.97,both,-31743.19,False
2025-03-26,19.5,31744.3,both,-31724.8,False
2025-03-27,20.25,32026.14,both,-32005.89,False
2025-04-03,21.6200008392334,31699.58,both,-31677.96,False
2025-04-06,20.899999618530277,30639.52,both,-30618.62,False
2025-04-07,21.01000022888184,30453.94,both,-30432.93,False
2025-04-08,21.15999984741211,30648.98,both,-30627.82,False
2025-04-09,20.6299991607666,30079.93,both,-30059.3,False
2025-04-10,21.5,30810.7,both,-30789.2,False
2025-04-13,21.06999969482422,31174.62,both,-31153.55,False
2025-04-14,22.8700008392334,31182.37,both,-31159.5,False
2025-04-15,23.0,31185.03,both,-31162.03,False
2025-04-16,22.350000381469727,31030.7,both,-31008.35,False
2025-04-17,22.989999771118164,31062.95,both,-31039.96,False
2025-04-22,22.690000534057617,30844.18,both,-30821.49,False
2025-04-23,22.76000022888184,31640.22,both,-31617.46,False
2025-04-27,23.040000915527344,31855.12,both,-31832.08,False
2025-04-28,22.86000061035156,32015.02,both,-31992.16,False
2025-04-29,22.489999771118164,32043.48,both,-32020.99,False
2025-04-30,22.36000061035156,32126.22,both,-32103.86,False
2025-05-04,22.649999618530277,32351.66,both,-32329.01,False
2025-05-05,22.26000022888184,32211.75,both,-32189.49,False
2025-05-06,21.959999084472656,32285.45,both,-32263.49,False
2025-05-07,21.600000381469727,31840.44,both,-31818.84,False
2025-05-08,21.5,31772.04,both,-31750.54,False
2025-05-11,21.01000022888184,31427.98,both,-31406.97,False
2025-05-12,21.21999931335449,31577.01,both,-31555.79,False
2025-05-13,21.559999465942383,31692.77,both,-31671.21,False
2025-05-14,21.729999542236328,31827.86,both,-31806.13,False
2025-05-15,20.989999771118164,31941.15,both,-31920.16,False
2025-05-18,20.530000686645508,31713.7,both,-31693.17,False
2025-05-19,20.309999465942383,31355.82,both,-31335.51,False
2025-05-20,21.26000022888184,31629.34,both,-31608.08,False
2025-05-21,21.850000381469727,31836.63,both,-31814.78,False
2025-05-22,21.399999618530277,31975.63,both,-31954.23,False
2025-05-25,21.0,32023.89,both,-32002.89,False
2025-05-26,21.600000381469727,31922.5,both,-31900.9,False
2025-05-27,22.959999084472656,32397.38,both,-32374.42,False
2025-05-28,22.5,32493.89,both,-32471.39,False
2025-05-29,22.450000762939453,32696.79,both,-32674.34,False
2025-06-01,23.709999084472656,32500.03,both,-32476.32,False
2025-06-02,23.020000457763672,32325.12,both,-32302.1,False
2025-06-03,22.3700008392334,32355.41,both,-32333.04,False
2025-06-04,24.0,32677.87,both,-32653.87,False
2025-06-10,23.540000915527344,32904.06,both,-32880.52,False
2025-06-11,24.489999771118164,32935.19,both,-32910.7,False
2025-06-12,24.09000015258789,32511.68,both,-32487.59,False
2025-06-15,21.81999969482422,31016.0,both,-30994.18,False
2025-06-16,22.0,31042.36,both,-31020.36,False
2025-06-17,21.86000061035156,30725.96,both,-30704.1,False
2025-06-18,21.8799991607666,30838.98,both,-30817.1,False
2025-06-19,21.799999237060547,30248.44,both,-30226.64,False
2025-06-22,22.63999938964844,31055.98,both,-31033.34,False
2025-06-23,22.5,31418.74,both,-31396.24,False
2025-06-24,22.799999237060547,32598.55,both,-32575.75,False
2025-06-25,23.690000534057617,33002.85,both,-32979.16,False
2025-06-29,23.489999771118164,33206.76,both,-33183.27,False
2025-06-30,22.899999618530277,32857.62,both,-32834.72,False
2025-07-01,21.549999237060547,32707.22,both,-32685.67,False
2025-07-02,21.899999618530277,32820.49,both,-32798.59,False
2025-07-06,22.200000762939453,,left_only,,False
2025-07-07,21.940000534057617,33037.62,both,-33015.68,False
2025-07-09,23.0,33152.39,both,-33129.39,False
2025-07-10,23.559999465942383,33324.38,both,-33300.82,False
2025-07-13,23.75,33053.47,both,-33029.72,False
2025-07-14,23.5,33727.44,both,-33703.94,False
2025-07-15,24.0,33934.63,both,-33910.63,False
2025-07-16,24.1299991607666,33473.77,both,-33449.64,False
2025-07-17,24.809999465942383,33821.03,both,-33796.22,False
2025-07-20,24.8799991607666,34071.0,both,-34046.12,False
2025-07-21,24.01000022888184,34129.59,both,-34105.58,False
2025-07-22,23.40999984741211,33803.34,both,-33779.93,False
2025-07-23,23.40999984741211,34125.12,both,-34101.71,False
2025-07-27,23.600000381469727,34554.24,both,-34530.64,False
2025-07-28,24.100000381469727,34076.22,both,-34052.12,False
2025-07-29,24.5,34085.74,both,-34061.24,False
2025-07-30,24.299999237060547,33859.68,both,-33835.38,False
2025-07-31,25.489999771118164,34198.0,both,-34172.51,False
2025-08-03,25.489999771118164,34272.16,both,-34246.67,False
2025-08-04,25.489999771118164,34704.51,both,-34679.02,False
2025-08-05,25.489999771118164,35254.18,both,-35228.69,False
2025-08-06,25.489999771118164,35480.25,both,-35454.76,False
2025-08-07,25.489999771118164,35809.36,both,-35783.87,False
2025-08-10,24.5,36109.77,both,-36085.27,False
2025-08-11,24.799999237060547,35908.5,both,-35883.7,False
2025-08-12,24.899999618530277,36003.65,both,-35978.75,False
2025-08-13,24.51000022888184,35855.26,both,-35830.75,False
2025-08-14,24.979999542236328,35576.42,both,-35551.44,False
2025-08-17,25.299999237060547,35972.77,both,-35947.47,False
2025-08-18,26.51000022888184,35824.78,both,-35798.27,False
2025-08-19,26.46999931335449,36100.07,both,-36073.6,False
2025-08-20,25.790000915527344,35731.83,both,-35706.04,False
2025-08-21,26.09000015258789,35622.26,both,-35596.17,False
2025-08-24,26.0,35811.88,both,-35785.88,False
2025-08-25,25.799999237060547,35810.57,both,-35784.77,False
2025-08-26,25.59000015258789,35358.34,both,-35332.75,False
2025-08-27,25.170000076293945,35676.19,both,-35651.02,False
2025-08-28,25.5,35727.19,both,-35701.69,False
2025-08-31,24.96999931335449,35148.14,both,-35123.17,False
2025-09-01,24.989999771118164,35158.88,both,-35133.89,False
2025-09-02,24.940000534057617,35156.93,both,-35131.99,False
2025-09-03,24.170000076293945,34761.97,both,-34737.8,False
2025-09-07,23.600000381469727,34455.41,both,-34431.81,False
2025-09-08,23.26000022888184,34601.53,both,-34578.27,False
2025-09-09,23.5,34386.33,both,-34362.83,False
2025-09-10,23.459999084472656,34670.1,both,-34646.64,False
2025-09-11,23.780000686645508,34937.44,both,-34913.66,False
2025-09-14,23.600000381469727,35111.82,both,-35088.22,False
2025-09-15,22.270000457763672,35165.84,both,-35143.57,False
2025-09-16,22.0,34840.82,both,-34818.82,False
2025-09-17,22.0,34974.84,both,-34952.84,False
2025-09-18,22.0,35403.0,both,-35381.0,False
2025-09-21,21.600000381469727,35247.04,both,-35225.44,False
2025-09-22,21.82999992370605,35210.7,both,-35188.87,False
2025-09-23,21.450000762939453,35328.63,both,-35307.18,False
2025-09-24,21.5,35949.12,both,-35927.62,False
2025-09-25,21.850000381469727,35671.43,both,-35649.58,False
2025-09-28,22.149999618530277,36166.08,both,-36143.93,False
2025-09-29,22.700000762939453,36391.0,both,-36368.3,False
2025-09-30,22.399999618530277,36670.08,both,-36647.68,False
2025-10-01,22.86000061035156,36769.18,both,-36746.32,False
2025-10-02,22.5,36900.7,both,-36878.2,False
2025-10-05,23.0,37210.83,both,-37187.83,False
2025-10-06,22.700000762939453,37094.8,both,-37072.1,False
2025-10-07,22.61000061035156,37097.37,both,-37074.76,False
2025-10-08,22.790000915527344,37376.93,both,-37354.14,False
2025-10-12,23.459999084472656,37378.58,both,-37355.12,False
2025-10-13,22.950000762939453,37409.85,both,-37386.9,False
2025-10-14,22.90999984741211,37459.13,both,-37436.22,False
2025-10-15,23.0,37654.04,both,-37631.04,False
2025-10-16,23.190000534057617,37677.19,both,-37654.0,False
2025-10-19,23.899999618530277,37909.61,both,-37885.71,False
2025-10-20,24.5,37975.06,both,-37950.56,False
2025-10-21,24.46999931335449,37698.49,both,-37674.02,False
2025-10-22,24.799999237060547,37576.55,both,-37551.75,False
2025-10-23,25.170000076293945,37687.04,both,-37661.87,False
2025-10-26,25.34000015258789,38101.96,both,-38076.62,False
2025-10-27,24.93000030517578,38162.01,both,-38137.08,False
2025-10-28,24.43000030517578,38304.94,both,-38280.51,False
2025-10-29,24.51000022888184,38229.53,both,-38205.02,False
2025-10-30,24.59000015258789,38267.8,both,-38243.21,False
2025-11-02,24.81999969482422,38082.88,both,-38058.06,False
2025-11-03,25.030000686645508,38622.84,both,-38597.81,False
2025-11-04,25.690000534057617,39065.73,both,-39040.04,False
2025-11-05,25.90999984741211,39132.25,both,-39106.34,False
2025-11-06,26.0,39949.66,both,-39923.66,False
2025-11-09,27.46999931335449,40821.96,both,-40794.49,False
2025-11-10,27.13999938964844,40427.35,both,-40400.21,False
2025-11-11,27.309999465942383,40261.16,both,-40233.85,False
2025-11-12,27.309999465942383,40228.76,both,-40201.45,False
2025-11-13,27.75,40190.62,both,-40162.87,False
2025-11-16,28.09000015258789,41211.27,both,-41183.18,False
2025-11-17,27.81999969482422,41065.75,both,-41037.93,False
2025-11-18,26.690000534057617,40501.28,both,-40474.59,False
2025-11-19,26.559999465942383,40509.16,both,-40482.6,False
2025-11-20,26.5,40302.39,both,-40275.89,False
2025-11-23,26.82999992370605,40445.66,both,-40418.83,False
2025-11-24,26.850000381469727,39725.26,both,-39698.41,False
2025-11-25,26.600000381469727,39902.53,both,-39875.93,False
2025-11-26,26.190000534057617,39537.25,both,-39511.06,False
2025-11-27,26.13999938964844,40039.24,both,-40013.1,False
2025-11-30,26.01000022888184,40753.45,both,-40727.44,False
2025-12-01,25.600000381469727,40693.92,both,-40668.32,False
2025-12-02,25.32999992370605,40625.63,both,-40600.3,False
2025-12-03,25.0,41342.03,both,-41317.03,False
2025-12-04,26.26000022888184,41499.07,both,-41472.81,False
2025-12-07,25.989999771118164,41762.43,both,-41736.44,False
2025-12-08,26.049999237060547,41963.24,both,-41937.19,False
2025-12-09,26.0,41940.62,both,-41914.62,False
2025-12-10,25.88999938964844,42052.79,both,-42026.9,False
2025-12-11,26.299999237060547,42033.78,both,-42007.48,False
2025-12-14,26.489999771118164,42065.2,both,-42038.71,False
2025-12-15,27.63999938964844,42305.36,both,-42277.72,False
2025-12-16,27.399999618530277,42002.37,both,-41974.97,False
2025-12-17,26.950000762939453,41504.03,both,-41477.08,False
2025-12-18,26.989999771118164,40926.86,both,-40899.87,False
2025-12-21,26.920000076293945,41348.38,both,-41321.46,False
2025-12-22,26.51000022888184,41102.76,both,-41076.25,False
2025-12-23,27.0,41419.32,both,-41392.32,False
2025-12-24,26.799999237060547,41508.31,both,-41481.51,False
2025-12-25,26.989999771118164,41253.02,both,-41226.03,False
2025-12-28,27.200000762939453,41604.74,both,-41577.54,False
2025-12-29,27.0,41731.68,both,-41704.68,False
2025-12-30,26.489999771118164,41689.96,both,-41663.47,False
2025-12-31,27.0,41828.97,both,-41801.97,False
2026-01-04,26.0,40898.15,both,-40872.15,False
2026-01-05,25.82999992370605,40676.98,both,-40651.15,False
2026-01-06,26.600000381469727,41543.46,both,-41516.86,False
2026-01-08,26.200000762939453,41856.76,both,-41830.56,False
2026-01-11,26.06999969482422,42895.41,both,-42869.34,False
2026-01-12,27.11000061035156,43404.25,both,-43377.14,False
2026-01-13,28.0,43684.22,both,-43656.22,False
2026-01-14,27.31999969482422,43058.34,both,-43031.02,False
2026-01-15,26.0,43346.87,both,-43320.87,False
2026-01-18,26.88999938964844,43952.52,both,-43925.63,False
2026-01-19,28.0,45048.44,both,-45020.44,False
2026-01-20,29.309999465942383,45905.16,both,-45875.85,False
2026-01-21,28.90999984741211,46048.69,both,-46019.78,False
2026-01-22,29.36000061035156,46462.32,both,-46432.96,False
2026-01-25,30.0,46857.73,both,-46827.73,False
2026-01-26,31.600000381469727,47507.43,both,-47475.83,False
2026-01-27,31.399999618530277,47834.55,both,-47803.15,False
2026-01-28,31.030000686645508,47785.93,both,-47754.9,False
2026-02-01,30.399999618530277,47662.74,both,-47632.34,False
2026-02-02,31.0,47606.28,both,-47575.28,False
2026-02-03,31.790000915527344,48978.48,both,-48946.69,False
2026-02-04,31.5,49631.56,both,-49600.06,False
2026-02-05,30.76000022888184,49739.03,both,-49708.27,False
2026-02-08,29.700000762939453,50035.23,both,-50005.53,False
2026-02-09,31.13999938964844,50293.53,both,-50262.39,False
2026-02-10,31.399999618530277,50376.15,both,-50344.75,False
2026-02-11,30.600000381469727,49700.24,both,-49669.64,False
2026-02-12,30.420000076293945,50490.2,both,-50459.78,False
2026-02-15,30.71999931335449,52308.32,both,-52277.6,False
2026-02-16,30.5,51493.53,both,-51463.03,False
2026-02-17,30.65999984741211,51833.76,both,-51803.1,False
2026-02-18,31.030000686645508,52222.34,both,-52191.31,False
2026-02-19,30.56999969482422,50667.67,both,-50637.1,False
2026-02-22,29.149999618530277,49560.88,both,-49531.73,False
2026-02-23,30.200000762939453,50870.06,both,-50839.86,False
2026-02-24,30.01000022888184,50390.21,both,-50360.2,False
2026-02-25,28.920000076293945,49014.32,both,-48985.4,False
2026-02-26,28.549999237060547,49212.83,both,-49184.28,False
2026-03-01,27.799999237060547,47984.26,both,-47956.46,False
2026-03-02,28.170000076293945,47692.49,both,-47664.32,False
2026-03-03,27.81999969482422,46725.81,both,-46697.99,False
2026-03-04,26.84000015258789,46452.14,both,-46425.3,False
2026-03-05,27.0,47516.44,both,-47489.44,False
2026-03-08,25.690000534057617,46774.24,both,-46748.55,False
2026-03-09,24.63999938964844,46414.85,both,-46390.21,False
2026-03-10,25.899999618530277,47772.74,both,-47746.84,False
2026-03-11,25.989999771118164,47195.39,both,-47169.4,False
2026-03-12,25.26000022888184,46790.96,both,-46765.7,False
2026-03-15,24.600000381469727,45926.93,both,-45902.33,False
2026-03-16,24.049999237060547,45187.72,both,-45163.67,False
2026-03-17,24.420000076293945,46054.61,both,-46030.19,False
2026-03-18,24.920000076293945,47611.96,both,-47587.04,False
2026-03-19,24.920000076293945,,left_only,,False
2026-03-24,24.809999465942383,46930.88,both,-46906.07,False
2026-03-25,24.76000022888184,47497.91,both,-47473.15,False
2026-03-26,24.799999237060547,47001.89,both,-46977.09,False
2026-03-29,24.239999771118164,46404.27,both,-46380.03,False
2026-03-30,24.450000762939453,45189.89,both,-45165.44,False
2026-03-31,24.100000381469727,45321.59,both,-45297.49,False
2026-04-01,25.0,46731.49,both,-46706.49,False
2026-04-02,24.600000381469727,46399.0,both,-46374.4,False
2026-04-05,24.549999237060547,47276.43,both,-47251.88,False
2026-04-06,24.51000022888184,47651.58,both,-47627.07,False
2026-04-07,24.32999992370605,46681.78,both,-46657.45,False
2026-04-08,26.049999237060547,48593.99,both,-48567.94,False
2026-04-09,25.649999618530277,49078.6,both,-49052.95,False
2026-04-12,,49078.6,right_only,,False
2026-04-14,26.15999984741211,49978.62,both,-49952.46,False
2026-04-15,26.989999771118164,50733.14,both,-50706.15,False
2026-04-16,27.700000762939453,51437.78,both,-51410.08,False
2026-04-19,27.850000381469727,52372.64,both,-52344.79,False
2026-04-20,27.21999931335449,51813.43,both,-51786.21,False
2026-04-21,27.799999237060547,51977.34,both,-51949.54,False
2026-04-22,27.25,51962.39,both,-51935.14,False
2026-04-23,27.799999237060547,52375.39,both,-52347.59,False
2026-04-26,27.100000381469727,52421.14,both,-52394.04,False
2026-04-27,27.049999237060547,52719.12,both,-52692.07,False
2026-04-28,26.420000076293945,52230.61,both,-52204.19,False
2026-04-29,26.989999771118164,52383.13,both,-52356.14,False
2026-04-30,26.450000762939453,51760.97,both,-51734.52,False
2026-05-03,26.600000381469727,52312.7,both,-52286.1,False
2026-05-04,26.8799991607666,51973.5,both,-51946.62,False
2026-05-05,26.600000381469727,52557.63,both,-52531.03,False
2026-05-06,27.59000015258789,53605.08,both,-53577.49,False
2026-05-10,28.5,54628.68,both,-54600.18,False
2026-05-11,28.700000762939453,54475.49,both,-54446.79,False
2026-05-12,29.299999237060547,54058.75,both,-54029.45,False
2026-05-13,28.799999237060547,53416.17,both,-53387.37,False
2026-05-14,29.190000534057617,53154.84,both,-53125.65,False
2026-05-17,27.5,52364.34,both,-52336.84,False
2026-05-18,26.5,52007.0,both,-51980.5,False
2026-05-19,26.149999618530277,52774.98,both,-52748.83,False
2026-05-20,25.5,51936.75,both,-51911.25,False
2026-05-21,25.520000457763672,52090.96,both,-52065.44,False
2026-05-24,25.8799991607666,52861.47,both,-52835.59,False
2026-05-25,26.600000381469727,52658.75,both,-52632.15,False
2026-05-26,26.600000381469727,,left_only,,False
2026-05-27,26.600000381469727,,left_only,,False
2026-05-28,26.600000381469727,,left_only,,False
2026-06-01,26.690000534057617,52853.94,both,-52827.25,False
2026-06-02,26.32999992370605,52927.02,both,-52900.69,False
2026-06-03,25.979999542236328,52564.42,both,-52538.44,False
2026-06-04,26.32999992370605,52652.53,both,-52626.2,False
2026-06-07,25.700000762939453,52164.6,both,-52138.9,False
2026-06-08,26.5,51882.81,both,-51856.31,False
2026-06-09,27.899999618530277,52374.8,both,-52346.9,False
2026-06-10,27.690000534057617,51256.65,both,-51228.96,False
2026-06-11,27.989999771118164,50818.84,both,-50790.85,False
2026-06-14,28.399999618530277,51994.63,both,-51966.23,False
2026-06-15,28.5,52306.66,both,-52278.16,False
2026-06-16,28.32999992370605,52047.15,both,-52018.82,False
2026-06-17,28.32999992370605,52621.84,both,-52593.51,False
2026-06-18,28.32999992370605,,left_only,,False
2026-06-21,29.01000022888184,52679.45,both,-52650.44,False
2026-06-22,29.01000022888184,52585.72,both,-52556.71,False
2026-06-23,31.25,51769.74,both,-51738.49,False
2026-06-24,31.46999931335449,51710.9,both,-51679.43,False
2026-06-25,31.5,51443.07,both,-51411.57,False
2026-06-28,31.0,50344.37,both,-50313.37,False
2026-06-29,31.450000762939453,49825.58,both,-49794.13,False
2026-06-30,32.45000076293945,50487.96,both,-50455.51,False
2026-07-01,31.90999984741211,50532.7,both,-50500.79,False
2026-07-05,31.170000076293945,51130.89,both,-51099.72,False
2026-07-06,31.229999542236328,52502.74,both,-52471.51,False
2026-07-07,31.25,53006.11,both,-52974.86,False
2026-07-08,30.3700008392334,52028.37,both,-51998.0,False
2026-07-09,30.71999931335449,52311.51,both,-52280.79,False
2026-07-12,31.209999084472656,52256.18,both,-52224.97,False
2026-07-13,31.809999465942383,52608.28,both,-52576.47,False
2026-07-14,31.899999618530277,52299.31,both,-52267.41,False
2026-07-15,33.279998779296875,52558.39,both,-52525.11,False
2026-07-16,32.849998474121094,52928.06,both,-52895.21,False
2026-07-19,32.439998626708984,52560.1,both,-52527.66,False
2026-07-20,31.75,53126.01,both,-53094.26,False
2026-07-21,32.25,53989.55,both,-53957.3,False
2026-07-22,31.309999465942383,53931.92,both,-53900.61,False
2026-07-26,30.899999618530277,,left_only,,False
2026-07-27,30.299999237060547,,left_only,,False
2026-07-28,30.489999771118164,,left_only,,False
2026-07-29,30.290000915527344,,left_only,,False
2026-07-30,29.65999984741211,,left_only,,False
