date,fetched_close,reference_close,_merge,diff,match
2014-12-23,,8710.6,right_only,,False
2014-12-24,,8766.12,right_only,,False
2014-12-25,,8740.12,right_only,,False
2014-12-28,,8745.16,right_only,,False
2014-12-29,,8958.13,right_only,,False
2014-12-30,,9005.75,right_only,,False
2014-12-31,,8926.58,right_only,,False
2015-01-04,,8942.65,right_only,,False
2015-01-05,,9011.07,right_only,,False
2015-01-06,,8798.94,right_only,,False
2015-01-08,,8946.34,right_only,,False
2015-01-11,,8909.75,right_only,,False
2015-01-12,,9109.23,right_only,,False
2015-01-13,,9308.98,right_only,,False
2015-01-14,,9544.08,right_only,,False
2015-01-15,,9555.99,right_only,,False
2015-01-18,,9530.92,right_only,,False
2015-01-19,,9599.1,right_only,,False
2015-01-20,,9804.18,right_only,,False
2015-01-21,,9856.3,right_only,,False
2015-01-22,,9898.86,right_only,,False
2015-01-26,,9834.81,right_only,,False
2015-01-27,,9946.58,right_only,,False
2015-01-28,,9863.73,right_only,,False
2015-01-29,,9843.1,right_only,,False
2015-02-01,,9779.76,right_only,,False
2015-02-02,,9830.46,right_only,,False
2015-02-03,,9954.34,right_only,,False
2015-02-04,,10045.93,right_only,,False
2015-02-05,,9965.43,right_only,,False
2015-02-08,,9957.93,right_only,,False
2015-02-09,,9884.46,right_only,,False
2015-02-10,,9900.65,right_only,,False
2015-02-11,,9770.78,right_only,,False
2015-02-12,,9747.36,right_only,,False
2015-02-15,,9789.79,right_only,,False
2015-02-16,,9585.92,right_only,,False
2015-02-17,,9433.85,right_only,,False
2015-02-18,,9537.23,right_only,,False
2015-02-19,,9481.2,right_only,,False
2015-02-22,,9494.55,right_only,,False
2015-02-23,,9601.14,right_only,,False
2015-02-24,,9611.66,right_only,,False
2015-02-25,,9469.08,right_only,,False
2015-02-26,,9334.01,right_only,,False
2015-03-01,,9283.59,right_only,,False
2015-03-02,,9456.33,right_only,,False
2015-03-03,,9475.27,right_only,,False
2015-03-04,,9461.06,right_only,,False
2015-03-05,,9575.98,right_only,,False
2015-03-08,,9638.41,right_only,,False
2015-03-09,,9713.61,right_only,,False
2015-03-10,,9709.5,right_only,,False
2015-03-11,,9576.46,right_only,,False
2015-03-12,,9640.77,right_only,,False
2015-03-15,,9726.03,right_only,,False
2015-03-16,,9529.01,right_only,,False
2015-03-17,,9561.33,right_only,,False
2015-03-18,,9484.08,right_only,,False
2015-03-19,,9518.28,right_only,,False
2015-03-22,,9354.73,right_only,,False
2015-03-23,,9374.12,right_only,,False
2015-03-24,,9367.54,right_only,,False
2015-03-25,,9198.46,right_only,,False
2015-03-26,,9052.5,right_only,,False
2015-03-29,,9062.99,right_only,,False
2015-03-30,,9118.97,right_only,,False
2015-03-31,,9134.78,right_only,,False
2015-04-01,,9099.33,right_only,,False
2015-04-02,,8891.73,right_only,,False
2015-04-05,,8607.66,right_only,,False
2015-04-06,,8508.24,right_only,,False
2015-04-07,,8716.37,right_only,,False
2015-04-08,,8788.9,right_only,,False
2015-04-09,,8892.53,right_only,,False
2015-04-14,,8927.53,right_only,,False
2015-04-15,,8896.68,right_only,,False
2015-04-16,,8886.84,right_only,,False
2015-04-19,,8765.34,right_only,,False
2015-04-20,,8595.78,right_only,,False
2015-04-21,,8575.27,right_only,,False
2015-04-22,,8629.49,right_only,,False
2015-04-23,,8731.29,right_only,,False
2015-04-26,,8633.86,right_only,,False
2015-04-27,,8493.68,right_only,,False
2015-04-28,,8330.52,right_only,,False
2015-04-29,,8488.49,right_only,,False
2015-04-30,,8672.29,right_only,,False
2015-05-03,,8562.97,right_only,,False
2015-05-04,,8652.12,right_only,,False
2015-05-05,,8828.33,right_only,,False
2015-05-06,,8756.31,right_only,,False
2015-05-07,,8742.42,right_only,,False
2015-05-10,,8692.0,right_only,,False
2015-05-11,,8691.85,right_only,,False
2015-05-12,,8674.34,right_only,,False
2015-05-13,,8526.43,right_only,,False
2015-05-14,,8303.37,right_only,,False
2015-05-17,,8260.92,right_only,,False
2015-05-18,,8798.17,right_only,,False
2015-05-19,,8877.68,right_only,,False
2015-05-20,,8826.45,right_only,,False
2015-05-21,,8988.03,right_only,,False
2015-05-24,,9121.92,right_only,,False
2015-05-25,,9050.76,right_only,,False
2015-05-26,,8975.32,right_only,,False
2015-05-27,,8966.71,right_only,,False
2015-05-28,,8912.05,right_only,,False
2015-05-31,,8782.55,right_only,,False
2015-06-01,,8745.04,right_only,,False
2015-06-02,,8847.59,right_only,,False
2015-06-03,,8905.6,right_only,,False
2015-06-04,,8780.76,right_only,,False
2015-06-07,,8728.87,right_only,,False
2015-06-08,,8672.33,right_only,,False
2015-06-09,,8660.93,right_only,,False
2015-06-10,,8639.43,right_only,,False
2015-06-11,,8626.46,right_only,,False
2015-06-14,,8534.13,right_only,,False
2015-06-15,,8515.63,right_only,,False
2015-06-16,,8556.1,right_only,,False
2015-06-17,,8556.55,right_only,,False
2015-06-18,,8576.71,right_only,,False
2015-06-21,,8535.19,right_only,,False
2015-06-22,,8489.41,right_only,,False
2015-06-23,,8444.93,right_only,,False
2015-06-24,,8456.82,right_only,,False
2015-06-25,,8406.17,right_only,,False
2015-06-28,,8511.98,right_only,,False
2015-06-29,,8371.53,right_only,,False
2015-07-02,,8314.72,right_only,,False
2015-07-05,,8218.25,right_only,,False
2015-07-06,,7870.78,right_only,,False
2015-07-07,,7752.94,right_only,,False
2015-07-08,,7550.98,right_only,,False
2015-07-09,,7617.39,right_only,,False
2015-07-12,,7691.35,right_only,,False
2015-07-13,,7587.07,right_only,,False
2015-07-14,,7686.91,right_only,,False
2015-07-15,,7882.62,right_only,,False
2015-07-16,,8022.91,right_only,,False
2015-07-21,,8049.69,right_only,,False
2015-07-22,,8087.24,right_only,,False
2015-07-26,,8004.83,right_only,,False
2015-07-27,,7887.87,right_only,,False
2015-07-28,,7949.89,right_only,,False
2015-07-29,,8105.69,right_only,,False
2015-07-30,,8191.53,right_only,,False
2015-08-02,,8158.31,right_only,,False
2015-08-03,,8087.54,right_only,,False
2015-08-04,,8181.95,right_only,,False
2015-08-05,,8114.08,right_only,,False
2015-08-09,,8011.06,right_only,,False
2015-08-10,,8028.69,right_only,,False
2015-08-11,,8083.18,right_only,,False
2015-08-12,,7911.88,right_only,,False
2015-08-13,,7879.82,right_only,,False
2015-08-16,,7625.76,right_only,,False
2015-08-17,,7594.05,right_only,,False
2015-08-18,,7398.43,right_only,,False
2015-08-19,,7240.77,right_only,,False
2015-08-20,,7172.63,right_only,,False
2015-08-23,,6784.09,right_only,,False
2015-08-24,,6654.06,right_only,,False
2015-08-25,,6836.95,right_only,,False
2015-08-26,,6873.49,right_only,,False
2015-08-27,,7078.83,right_only,,False
2015-08-30,,7055.28,right_only,,False
2015-08-31,,7252.43,right_only,,False
2015-09-01,,7203.86,right_only,,False
2015-09-02,,7150.47,right_only,,False
2015-09-03,,7295.96,right_only,,False
2015-09-06,,7273.92,right_only,,False
2015-09-07,,7166.62,right_only,,False
2015-09-08,,6924.05,right_only,,False
2015-09-09,,7050.02,right_only,,False
2015-09-10,,7039.33,right_only,,False
2015-09-13,,7082.0,right_only,,False
2015-09-14,,7158.1,right_only,,False
2015-09-15,,7175.59,right_only,,False
2015-09-16,,7266.42,right_only,,False
2015-09-17,,7267.52,right_only,,False
2015-09-20,,7234.46,right_only,,False
2015-09-21,,7285.25,right_only,,False
2015-09-22,,7346.54,right_only,,False
2015-09-28,,7409.06,right_only,,False
2015-09-29,,7331.53,right_only,,False
2015-09-30,,7332.88,right_only,,False
2015-10-01,,7310.71,right_only,,False
2015-10-04,,7263.29,right_only,,False
2015-10-05,,7239.27,right_only,,False
2015-10-07,,7354.56,right_only,,False
2015-10-08,,7491.67,right_only,,False
2015-10-11,,7547.66,right_only,,False
2015-10-12,,7650.65,right_only,,False
2015-10-13,,7669.12,right_only,,False
2015-10-15,,7594.45,right_only,,False
2015-10-18,,7538.22,right_only,,False
2015-10-19,,7621.67,right_only,,False
2015-10-20,,7658.95,right_only,,False
2015-10-21,,7669.14,right_only,,False
2015-10-22,,7611.03,right_only,,False
2015-10-25,,7653.14,right_only,,False
2015-10-26,,7577.53,right_only,,False
2015-10-27,,7534.08,right_only,,False
2015-10-28,,7479.59,right_only,,False
2015-10-29,,7507.89,right_only,,False
2015-11-01,,7413.01,right_only,,False
2015-11-02,,7434.69,right_only,,False
2015-11-03,,7432.96,right_only,,False
2015-11-04,,7450.36,right_only,,False
2015-11-05,,7541.72,right_only,,False
2015-11-08,,7347.22,right_only,,False
2015-11-09,,7138.81,right_only,,False
2015-11-10,,6824.74,right_only,,False
2015-11-11,,6801.9,right_only,,False
2015-11-12,,6806.67,right_only,,False
2015-11-15,,6522.12,right_only,,False
2015-11-16,,6480.65,right_only,,False
2015-11-17,,6407.33,right_only,,False
2015-11-18,,6413.97,right_only,,False
2015-11-19,,6568.97,right_only,,False
2015-11-22,,6607.53,right_only,,False
2015-11-23,,6451.32,right_only,,False
2015-11-24,,6321.39,right_only,,False
2015-11-25,,6391.07,right_only,,False
2015-11-26,,6427.82,right_only,,False
2015-11-29,,6477.73,right_only,,False
2015-11-30,,6356.65,right_only,,False
2015-12-01,,6424.88,right_only,,False
2015-12-02,,6649.72,right_only,,False
2015-12-03,,6779.28,right_only,,False
2015-12-06,,6837.42,right_only,,False
2015-12-07,,6777.81,right_only,,False
2015-12-08,,6608.01,right_only,,False
2015-12-09,,6629.32,right_only,,False
2015-12-10,,6637.91,right_only,,False
2015-12-13,,6395.2,right_only,,False
2015-12-14,,6408.12,right_only,,False
2015-12-15,,6421.0,right_only,,False
2015-12-16,,6488.51,right_only,,False
2015-12-17,,6669.8,right_only,,False
2015-12-20,,6707.66,right_only,,False
2015-12-21,,6762.26,right_only,,False
2015-12-22,,6769.08,right_only,,False
2015-12-24,,6812.65,right_only,,False
2015-12-27,,6749.11,right_only,,False
2015-12-28,,6744.47,right_only,,False
2015-12-29,,6794.75,right_only,,False
2015-12-30,,6981.01,right_only,,False
2015-12-31,,7006.01,right_only,,False
2016-01-03,,7089.06,right_only,,False
2016-01-04,,6982.25,right_only,,False
2016-01-05,,7021.42,right_only,,False
2016-01-06,,6922.71,right_only,,False
2016-01-10,,6782.35,right_only,,False
2016-01-11,,6634.98,right_only,,False
2016-01-12,,6463.92,right_only,,False
2016-01-13,,6205.23,right_only,,False
2016-01-14,,5857.7,right_only,,False
2016-01-17,,5760.19,right_only,,False
2016-01-18,,5941.19,right_only,,False
2016-01-19,,6097.45,right_only,,False
2016-01-20,,5776.59,right_only,,False
2016-01-21,,5713.35,right_only,,False
2016-01-24,,5893.54,right_only,,False
2016-01-26,,5896.56,right_only,,False
2016-01-27,,5960.59,right_only,,False
2016-01-28,,5986.78,right_only,,False
2016-01-31,,5992.72,right_only,,False
2016-02-01,,5906.92,right_only,,False
2016-02-02,,6008.85,right_only,,False
2016-02-03,,6066.54,right_only,,False
2016-02-04,,6202.22,right_only,,False
2016-02-07,,6126.47,right_only,,False
2016-02-08,,6174.77,right_only,,False
2016-02-09,,6004.41,right_only,,False
2016-02-10,,6062.65,right_only,,False
2016-02-11,,5813.72,right_only,,False
2016-02-14,,5753.74,right_only,,False
2016-02-15,,5800.05,right_only,,False
2016-02-16,,5894.6,right_only,,False
2016-02-17,,5947.7,right_only,,False
2016-02-18,,5944.47,right_only,,False
2016-02-21,,6007.88,right_only,,False
2016-02-22,,6086.45,right_only,,False
2016-02-23,,6104.74,right_only,,False
2016-02-24,,6054.03,right_only,,False
2016-02-25,,6079.13,right_only,,False
2016-02-28,,6156.01,right_only,,False
2016-02-29,,6146.93,right_only,,False
2016-03-01,,6115.54,right_only,,False
2016-03-02,,6076.57,right_only,,False
2016-03-03,,6089.34,right_only,,False
2016-03-06,,6214.94,right_only,,False
2016-03-07,,6261.41,right_only,,False
2016-03-08,,6339.76,right_only,,False
2016-03-09,,6372.64,right_only,,False
2016-03-10,,6563.65,right_only,,False
2016-03-13,,6563.83,right_only,,False
2016-03-14,,7003.85,right_only,,False
2016-03-15,,7139.44,right_only,,False
2016-03-16,,7228.68,right_only,,False
2016-03-17,,7485.69,right_only,,False
2016-03-20,,7465.86,right_only,,False
2016-03-21,,7494.12,right_only,,False
2016-03-22,,7430.33,right_only,,False
2016-03-23,,7495.47,right_only,,False
2016-03-24,,7548.22,right_only,,False
2016-03-27,,7480.11,right_only,,False
2016-03-28,,7494.1,right_only,,False
2016-03-29,,7567.46,right_only,,False
2016-03-30,,7485.06,right_only,,False
2016-03-31,,7524.99,right_only,,False
2016-04-03,,7521.2,right_only,,False
2016-04-04,,7577.02,right_only,,False
2016-04-05,,7657.98,right_only,,False
2016-04-06,,7459.84,right_only,,False
2016-04-07,,7478.74,right_only,,False
2016-04-10,,7403.77,right_only,,False
2016-04-11,,7342.46,right_only,,False
2016-04-12,,7331.05,right_only,,False
2016-04-13,,7420.61,right_only,,False
2016-04-14,,7463.1,right_only,,False
2016-04-17,,7517.02,right_only,,False
2016-04-18,,7662.44,right_only,,False
2016-04-19,,7864.03,right_only,,False
2016-04-20,,7799.86,right_only,,False
2016-04-21,,7781.45,right_only,,False
2016-04-24,,7743.41,right_only,,False
2016-04-26,,7886.82,right_only,,False
2016-04-27,,7863.58,right_only,,False
2016-04-28,,7773.23,right_only,,False
2016-05-03,,7531.59,right_only,,False
2016-05-04,,7442.44,right_only,,False
2016-05-05,,7547.49,right_only,,False
2016-05-08,,7571.7,right_only,,False
2016-05-09,,7646.02,right_only,,False
2016-05-10,,7621.91,right_only,,False
2016-05-11,,7503.4,right_only,,False
2016-05-12,,7520.52,right_only,,False
2016-05-15,,7373.0,right_only,,False
2016-05-16,,7409.27,right_only,,False
2016-05-17,,7549.97,right_only,,False
2016-05-18,,7637.04,right_only,,False
2016-05-19,,7499.49,right_only,,False
2016-05-22,,7494.76,right_only,,False
2016-05-23,,7417.08,right_only,,False
2016-05-24,,7497.33,right_only,,False
2016-05-25,,7543.43,right_only,,False
2016-05-26,,7531.15,right_only,,False
2016-05-29,,7486.13,right_only,,False
2016-05-30,,7452.88,right_only,,False
2016-05-31,,7483.65,right_only,,False
2016-06-01,,7572.39,right_only,,False
2016-06-02,,7617.88,right_only,,False
2016-06-05,,7563.5,right_only,,False
2016-06-06,,7639.59,right_only,,False
2016-06-07,,7717.35,right_only,,False
2016-06-08,,7780.13,right_only,,False
2016-06-09,,7756.3,right_only,,False
2016-06-12,,7650.62,right_only,,False
2016-06-13,,7645.21,right_only,,False
2016-06-14,,7570.05,right_only,,False
2016-06-15,,7414.81,right_only,,False
2016-06-16,,7420.39,right_only,,False
2016-06-19,,7337.97,right_only,,False
2016-06-20,,7203.64,right_only,,False
2016-06-21,,7250.92,right_only,,False
2016-06-22,,7156.49,right_only,,False
2016-06-23,,7253.31,right_only,,False
2016-06-26,,6851.61,right_only,,False
2016-06-27,,6903.81,right_only,,False
2016-06-28,,6931.94,right_only,,False
2016-06-29,,6942.52,right_only,,False
2016-07-03,,6981.72,right_only,,False
2016-07-04,,7182.8,right_only,,False
2016-07-10,,7517.43,right_only,,False
2016-07-11,,7506.18,right_only,,False
2016-07-12,,7457.5,right_only,,False
2016-07-13,,7559.87,right_only,,False
2016-07-14,,7583.06,right_only,,False
2016-07-17,,7599.64,right_only,,False
2016-07-18,,7628.64,right_only,,False
2016-07-19,,7596.96,right_only,,False
2016-07-20,,7503.36,right_only,,False
2016-07-21,,7436.87,right_only,,False
2016-07-24,,7463.72,right_only,,False
2016-07-25,,7517.78,right_only,,False
2016-07-26,,7539.99,right_only,,False
2016-07-27,,7914.74,right_only,,False
2016-07-28,,8030.85,right_only,,False
2016-07-31,,7983.15,right_only,,False
2016-08-01,,7930.14,right_only,,False
2016-08-02,,7973.45,right_only,,False
2016-08-03,,8104.57,right_only,,False
2016-08-04,,8255.36,right_only,,False
2016-08-07,,8223.46,right_only,,False
2016-08-08,,8273.14,right_only,,False
2016-08-09,,8199.65,right_only,,False
2016-08-10,,8291.51,right_only,,False
2016-08-11,,8377.71,right_only,,False
2016-08-14,,8351.07,right_only,,False
2016-08-15,,8453.53,right_only,,False
2016-08-16,,8387.49,right_only,,False
2016-08-17,,8347.38,right_only,,False
2016-08-18,,8317.17,right_only,,False
2016-08-21,,8352.27,right_only,,False
2016-08-22,,8246.9,right_only,,False
2016-08-23,,8186.7,right_only,,False
2016-08-24,,8224.33,right_only,,False
2016-08-25,,8131.49,right_only,,False
2016-08-28,,8052.23,right_only,,False
2016-08-29,,8032.43,right_only,,False
2016-08-30,,8080.81,right_only,,False
2016-08-31,,8158.04,right_only,,False
2016-09-01,,8136.44,right_only,,False
2016-09-04,,8241.16,right_only,,False
2016-09-05,,8270.76,right_only,,False
2016-09-06,,8202.43,right_only,,False
2016-09-07,,8146.1,right_only,,False
2016-09-08,,8188.2,right_only,,False
2016-09-14,,8132.75,right_only,,False
2016-09-15,,7979.25,right_only,,False
2016-09-18,,7916.41,right_only,,False
2016-09-19,,7974.12,right_only,,False
2016-09-20,,8048.69,right_only,,False
2016-09-21,,7937.79,right_only,,False
2016-09-22,,7913.94,right_only,,False
2016-09-25,,7904.53,right_only,,False
2016-09-26,,7974.84,right_only,,False
2016-09-27,,7948.93,right_only,,False
2016-09-28,,7907.92,right_only,,False
2016-09-29,,7881.11,right_only,,False
2016-10-03,,8133.12,right_only,,False
2016-10-04,,8198.51,right_only,,False
2016-10-05,,8368.52,right_only,,False
2016-10-09,,8436.82,right_only,,False
2016-10-10,,8364.0,right_only,,False
2016-10-11,,8232.77,right_only,,False
2016-10-12,,8185.95,right_only,,False
2016-10-13,,8505.12,right_only,,False
2016-10-16,,8432.41,right_only,,False
2016-10-17,,8243.32,right_only,,False
2016-10-18,,8213.53,right_only,,False
2016-10-19,,8160.4,right_only,,False
2016-10-20,,8277.21,right_only,,False
2016-10-23,,8274.15,right_only,,False
2016-10-24,,8228.13,right_only,,False
2016-10-25,,8261.14,right_only,,False
2016-10-26,,8257.21,right_only,,False
2016-10-27,,8343.31,right_only,,False
2016-10-30,,8357.42,right_only,,False
2016-10-31,,8386.03,right_only,,False
2016-11-01,,8447.76,right_only,,False
2016-11-02,,8524.66,right_only,,False
2016-11-03,,8810.51,right_only,,False
2016-11-06,,9349.9,right_only,,False
2016-11-07,,9852.69,right_only,,False
2016-11-08,,10096.57,right_only,,False
2016-11-09,,10225.5,right_only,,False
2016-11-10,,10688.16,right_only,,False
2016-11-13,,10916.97,right_only,,False
2016-11-14,,10694.41,right_only,,False
2016-11-15,,10640.53,right_only,,False
2016-11-16,,10997.38,right_only,,False
2016-11-17,,11221.56,right_only,,False
2016-11-20,,11277.47,right_only,,False
2016-11-21,,11543.07,right_only,,False
2016-11-22,,11519.8,right_only,,False
2016-11-23,,11550.31,right_only,,False
2016-11-24,,11353.11,right_only,,False
2016-11-27,,11145.95,right_only,,False
2016-11-28,,11261.82,right_only,,False
2016-11-29,,11159.32,right_only,,False
2016-11-30,,11453.25,right_only,,False
2016-12-01,,11548.15,right_only,,False
2016-12-04,,11631.41,right_only,,False
2016-12-05,,11426.5,right_only,,False
2016-12-06,,11502.51,right_only,,False
2016-12-07,,11348.37,right_only,,False
2016-12-08,,11297.93,right_only,,False
2016-12-12,,11444.06,right_only,,False
2016-12-13,,11385.1,right_only,,False
2016-12-14,,11317.17,right_only,,False
2016-12-15,,11326.03,right_only,,False
2016-12-18,,11398.01,right_only,,False
2016-12-19,,11752.46,right_only,,False
2016-12-20,,12147.95,right_only,,False
2016-12-21,,12366.96,right_only,,False
2016-12-22,,12420.3,right_only,,False
2016-12-25,,12251.06,right_only,,False
2016-12-26,,12182.04,right_only,,False
2016-12-27,,12181.98,right_only,,False
2016-12-28,,12259.83,right_only,,False
2016-12-29,,12344.89,right_only,,False
2017-01-02,,12290.61,right_only,,False
2017-01-03,,12425.17,right_only,,False
2017-01-04,,12608.44,right_only,,False
2017-01-05,,12824.32,right_only,,False
2017-01-08,,12891.39,right_only,,False
2017-01-09,,12781.16,right_only,,False
2017-01-10,,13014.54,right_only,,False
2017-01-11,,13089.05,right_only,,False
2017-01-12,,13223.9,right_only,,False
2017-01-15,,13287.76,right_only,,False
2017-01-16,,13264.82,right_only,,False
2017-01-17,,13436.1,right_only,,False
2017-01-18,,13304.44,right_only,,False
2017-01-19,,12806.77,right_only,,False
2017-01-22,,12722.08,right_only,,False
2017-01-23,,13002.89,right_only,,False
2017-01-24,,12882.88,right_only,,False
2017-01-26,,13091.05,right_only,,False
2017-01-29,,13161.52,right_only,,False
2017-01-30,,12926.07,right_only,,False
2017-01-31,,12672.49,right_only,,False
2017-02-01,,12584.26,right_only,,False
2017-02-02,,12806.07,right_only,,False
2017-02-05,,12883.43,right_only,,False
2017-02-06,,12849.42,right_only,,False
2017-02-07,,13129.27,right_only,,False
2017-02-08,,13228.33,right_only,,False
2017-02-09,,13114.86,right_only,,False
2017-02-12,,12922.44,right_only,,False
2017-02-13,,12740.05,right_only,,False
2017-02-14,,12503.73,right_only,,False
2017-02-15,,12448.35,right_only,,False
2017-02-16,,12651.97,right_only,,False
2017-02-19,,12549.17,right_only,,False
2017-02-20,,12444.18,right_only,,False
2017-02-21,,12657.82,right_only,,False
2017-02-22,,12401.09,right_only,,False
2017-02-23,,12240.53,right_only,,False
2017-02-26,,12269.88,right_only,,False
2017-02-27,,12023.93,right_only,,False
2017-02-28,,11937.67,right_only,,False
2017-03-01,,11998.72,right_only,,False
2017-03-02,,12310.49,right_only,,False
2017-03-05,,12499.61,right_only,,False
2017-03-06,,12623.22,right_only,,False
2017-03-07,,12677.55,right_only,,False
2017-03-08,,12735.36,right_only,,False
2017-03-09,,12853.27,right_only,,False
2017-03-12,,12919.9,right_only,,False
2017-03-13,,12929.13,right_only,,False
2017-03-14,,12789.52,right_only,,False
2017-03-15,,12745.49,right_only,,False
2017-03-16,,12983.99,right_only,,False
2017-03-19,,13092.4,right_only,,False
2017-03-20,,13023.49,right_only,,False
2017-03-21,,12905.37,right_only,,False
2017-03-22,,12879.06,right_only,,False
2017-03-23,,13032.06,right_only,,False
2017-03-26,,13108.22,right_only,,False
2017-03-27,,12969.64,right_only,,False
2017-03-28,,12982.66,right_only,,False
2017-03-29,,12987.65,right_only,,False
2017-03-30,,12994.8,right_only,,False
2017-04-02,,12912.27,right_only,,False
2017-04-03,,13061.07,right_only,,False
2017-04-04,,13264.75,right_only,,False
2017-04-05,,13289.99,right_only,,False
2017-04-06,,13098.54,right_only,,False
2017-04-09,,12895.12,right_only,,False
2017-04-10,,12848.56,right_only,,False
2017-04-11,,12995.71,right_only,,False
2017-04-12,,12984.36,right_only,,False
2017-04-13,,12967.38,right_only,,False
2017-04-18,,13027.14,right_only,,False
2017-04-19,,12895.3,right_only,,False
2017-04-20,,12905.85,right_only,,False
2017-04-23,,12544.92,right_only,,False
2017-04-24,,12583.13,right_only,,False
2017-04-26,,12671.29,right_only,,False
2017-04-27,,12525.69,right_only,,False
2017-04-30,,12433.6,right_only,,False
2017-05-02,,12530.32,right_only,,False
2017-05-03,,12603.56,right_only,,False
2017-05-04,,12709.93,right_only,,False
2017-05-07,,12692.15,right_only,,False
2017-05-08,,12827.93,right_only,,False
2017-05-09,,12933.68,right_only,,False
2017-05-10,,12993.4,right_only,,False
2017-05-11,,12906.98,right_only,,False
2017-05-14,,12870.91,right_only,,False
2017-05-15,,12866.06,right_only,,False
2017-05-16,,12936.59,right_only,,False
2017-05-17,,13064.02,right_only,,False
2017-05-18,,12952.38,right_only,,False
2017-05-21,,12974.75,right_only,,False
2017-05-22,,12648.24,right_only,,False
2017-05-23,,12791.83,right_only,,False
2017-05-24,,12884.44,right_only,,False
2017-05-25,,13094.42,right_only,,False
2017-05-28,,13205.11,right_only,,False
2017-05-29,,13207.94,right_only,,False
2017-05-30,,13239.16,right_only,,False
2017-05-31,,13339.63,right_only,,False
2017-06-01,,13467.29,right_only,,False
2017-06-04,,13495.32,right_only,,False
2017-06-05,,13520.13,right_only,,False
2017-06-06,,13626.8,right_only,,False
2017-06-07,,13632.98,right_only,,False
2017-06-08,,13683.66,right_only,,False
2017-06-11,,13616.04,right_only,,False
2017-06-12,,13491.89,right_only,,False
2017-06-13,,13531.34,right_only,,False
2017-06-14,,13502.12,right_only,,False
2017-06-15,,13478.75,right_only,,False
2017-06-18,,13496.47,right_only,,False
2017-06-19,,13508.39,right_only,,False
2017-06-20,,13415.55,right_only,,False
2017-06-21,,13376.44,right_only,,False
2017-06-22,,13417.14,right_only,,False
2017-06-28,,13395.81,right_only,,False
2017-07-02,,13487.36,right_only,,False
2017-07-03,,13431.06,right_only,,False
2017-07-04,,13334.78,right_only,,False
2017-07-05,,13334.86,right_only,,False
2017-07-06,,13369.88,right_only,,False
2017-07-09,,13342.09,right_only,,False
2017-07-10,,13483.04,right_only,,False
2017-07-11,,13684.27,right_only,,False
2017-07-12,,13690.29,right_only,,False
2017-07-13,,13822.59,right_only,,False
2017-07-16,,13815.77,right_only,,False
2017-07-17,,13956.32,right_only,,False
2017-07-18,,13717.53,right_only,,False
2017-07-19,,13707.13,right_only,,False
2017-07-20,,13715.06,right_only,,False
2017-07-24,,13752.98,right_only,,False
2017-07-25,,13740.72,right_only,,False
2017-07-26,,13797.25,right_only,,False
2017-07-27,,13609.22,right_only,,False
2017-07-30,,13480.1,right_only,,False
2017-07-31,,13419.38,right_only,,False
2017-08-01,,13396.22,right_only,,False
2017-08-02,,13405.2,right_only,,False
2017-08-03,,13413.12,right_only,,False
2017-08-06,,13558.46,right_only,,False
2017-08-07,,13660.8,right_only,,False
2017-08-08,,13637.69,right_only,,False
2017-08-09,,13580.76,right_only,,False
2017-08-10,,13462.38,right_only,,False
2017-08-13,,13279.61,right_only,,False
2017-08-14,,13135.1,right_only,,False
2017-08-15,,13102.39,right_only,,False
2017-08-16,,13149.19,right_only,,False
2017-08-17,,13119.44,right_only,,False
2017-08-20,,13026.29,right_only,,False
2017-08-21,,13106.12,right_only,,False
2017-08-22,,13114.87,right_only,,False
2017-08-23,,12996.2,right_only,,False
2017-08-24,,12926.4,right_only,,False
2017-08-27,,12913.25,right_only,,False
2017-08-28,,13013.73,right_only,,False
2017-08-29,,13195.34,right_only,,False
2017-08-30,,13415.77,right_only,,False
2017-09-05,,13415.05,right_only,,False
2017-09-06,,13317.89,right_only,,False
2017-09-07,,13432.69,right_only,,False
2017-09-10,,13457.14,right_only,,False
2017-09-11,,13533.24,right_only,,False
2017-09-12,,13474.88,right_only,,False
2017-09-13,,13442.55,right_only,,False
2017-09-14,,13610.61,right_only,,False
2017-09-17,,13612.51,right_only,,False
2017-09-18,,13592.71,right_only,,False
2017-09-19,,13730.0,right_only,,False
2017-09-20,,13695.33,right_only,,False
2017-09-24,,13607.19,right_only,,False
2017-09-25,,13674.42,right_only,,False
2017-09-26,,13704.13,right_only,,False
2017-09-27,,13740.82,right_only,,False
2017-09-28,,13888.51,right_only,,False
2017-10-01,,13976.78,right_only,,False
2017-10-02,,14000.43,right_only,,False
2017-10-03,,13930.73,right_only,,False
2017-10-04,,13881.97,right_only,,False
2017-10-08,,13997.69,right_only,,False
2017-10-09,,13968.53,right_only,,False
2017-10-10,,13824.08,right_only,,False
2017-10-11,,13816.05,right_only,,False
2017-10-12,,13891.71,right_only,,False
2017-10-15,,13905.79,right_only,,False
2017-10-16,,13525.25,right_only,,False
2017-10-17,,13525.48,right_only,,False
2017-10-18,,13590.15,right_only,,False
2017-10-19,,13713.62,right_only,,False
2017-10-22,,13706.06,right_only,,False
2017-10-23,,13870.34,right_only,,False
2017-10-24,,13928.38,right_only,,False
2017-10-25,,13901.38,right_only,,False
2017-10-26,,13955.47,right_only,,False
2017-10-29,,14024.41,right_only,,False
2017-10-30,,14197.21,right_only,,False
2017-10-31,,14342.38,right_only,,False
2017-11-01,,14277.29,right_only,,False
2017-11-02,,14319.34,right_only,,False
2017-11-05,,14183.77,right_only,,False
2017-11-06,,14072.92,right_only,,False
2017-11-07,,14057.56,right_only,,False
2017-11-08,,14204.95,right_only,,False
2017-11-09,,14350.14,right_only,,False
2017-11-12,,14270.55,right_only,,False
2017-11-13,,14123.31,right_only,,False
2017-11-14,,14132.96,right_only,,False
2017-11-15,,14025.11,right_only,,False
2017-11-16,,13847.36,right_only,,False
2017-11-19,,13742.11,right_only,,False
2017-11-20,,13680.5,right_only,,False
2017-11-21,,13725.45,right_only,,False
2017-11-22,,13839.37,right_only,,False
2017-11-23,,14106.17,right_only,,False
2017-11-26,,14222.7,right_only,,False
2017-11-27,,14219.99,right_only,,False
2017-11-28,,14537.03,right_only,,False
2017-11-29,,14582.22,right_only,,False
2017-12-03,,14713.63,right_only,,False
2017-12-04,,14572.17,right_only,,False
2017-12-05,,14460.96,right_only,,False
2017-12-06,,14345.58,right_only,,False
2017-12-07,,14294.73,right_only,,False
2017-12-10,,14414.25,right_only,,False
2017-12-11,,14426.75,right_only,,False
2017-12-12,,14590.2,right_only,,False
2017-12-13,,14651.42,right_only,,False
2017-12-14,,14679.91,right_only,,False
2017-12-17,,14716.66,right_only,,False
2017-12-18,,14721.45,right_only,,False
2017-12-19,,14678.41,right_only,,False
2017-12-20,,14682.14,right_only,,False
2017-12-21,,14668.59,right_only,,False
2017-12-24,,14790.78,right_only,,False
2017-12-25,,14843.33,right_only,,False
2017-12-26,,14922.85,right_only,,False
2017-12-27,,14904.82,right_only,,False
2017-12-28,,15016.97,right_only,,False
2017-12-31,,15019.14,right_only,,False
2018-01-02,,15023.76,right_only,,False
2018-01-03,,14833.73,right_only,,False
2018-01-04,,14782.38,right_only,,False
2018-01-08,,14953.17,right_only,,False
2018-01-09,,15159.37,right_only,,False
2018-01-10,,15192.55,right_only,,False
2018-01-11,,15242.48,right_only,,False
2018-01-14,,15254.85,right_only,,False
2018-01-15,,15127.76,right_only,,False
2018-01-16,,15089.37,right_only,,False
2018-01-17,,15198.54,right_only,,False
2018-01-18,,15411.0,right_only,,False
2018-01-21,,15339.91,right_only,,False
2018-01-22,,15243.23,right_only,,False
2018-01-23,,15197.08,right_only,,False
2018-01-24,,15170.73,right_only,,False
2018-01-28,,15311.15,right_only,,False
2018-01-29,,15369.13,right_only,,False
2018-01-30,,15315.66,right_only,,False
2018-01-31,,15042.37,right_only,,False
2018-02-01,,15088.66,right_only,,False
2018-02-04,,14874.84,right_only,,False
2018-02-05,,14962.14,right_only,,False
2018-02-06,,14717.98,right_only,,False
2018-02-07,,15037.05,right_only,,False
2018-02-08,,14921.29,right_only,,False
2018-02-11,,14828.36,right_only,,False
2018-02-12,,14890.71,right_only,,False
2018-02-13,,14729.75,right_only,,False
2018-02-14,,14805.95,right_only,,False
2018-02-15,,14965.93,right_only,,False
2018-02-18,,15045.56,right_only,,False
2018-02-19,,15158.12,right_only,,False
2018-02-20,,15219.26,right_only,,False
2018-02-21,,15244.49,right_only,,False
2018-02-22,,15318.92,right_only,,False
2018-02-25,,15467.77,right_only,,False
2018-02-26,,15454.0,right_only,,False
2018-02-27,,15522.88,right_only,,False
2018-02-28,,15472.69,right_only,,False
2018-03-01,,15443.18,right_only,,False
2018-03-04,,15519.55,right_only,,False
2018-03-05,,15709.01,right_only,,False
2018-03-06,,16022.26,right_only,,False
2018-03-07,,16384.07,right_only,,False
2018-03-08,,16472.28,right_only,,False
2018-03-11,,16391.48,right_only,,False
2018-03-12,,16742.15,right_only,,False
2018-03-13,,16989.06,right_only,,False
2018-03-14,,16881.72,right_only,,False
2018-03-15,,16999.1,right_only,,False
2018-03-18,,17271.03,right_only,,False
2018-03-19,,17172.13,right_only,,False
2018-03-20,,17113.9,right_only,,False
2018-03-21,,17147.12,right_only,,False
2018-03-22,,17064.58,right_only,,False
2018-03-25,,16984.69,right_only,,False
2018-03-26,,17104.34,right_only,,False
2018-03-27,,17270.43,right_only,,False
2018-03-28,,17305.51,right_only,,False
2018-03-29,,17450.15,right_only,,False
2018-04-01,,17595.88,right_only,,False
2018-04-02,,17684.66,right_only,,False
2018-04-03,,17492.71,right_only,,False
2018-04-04,,17509.65,right_only,,False
2018-04-05,,17410.59,right_only,,False
2018-04-10,,17697.32,right_only,,False
2018-04-11,,17943.96,right_only,,False
2018-04-12,,17615.69,right_only,,False
2018-04-15,,17588.86,right_only,,False
2018-04-16,,17620.28,right_only,,False
2018-04-17,,17802.48,right_only,,False
2018-04-18,,17705.87,right_only,,False
2018-04-19,,17781.02,right_only,,False
2018-04-22,,17898.09,right_only,,False
2018-04-23,,18080.7,right_only,,False
2018-04-24,,18121.96,right_only,,False
2018-04-26,,18363.29,right_only,,False
2018-04-29,,18304.46,right_only,,False
2018-04-30,,18295.57,right_only,,False
2018-05-02,,18173.16,right_only,,False
2018-05-03,,17832.86,right_only,,False
2018-05-06,,17610.87,right_only,,False
2018-05-07,,17523.15,right_only,,False
2018-05-08,,17814.45,right_only,,False
2018-05-09,,17460.3,right_only,,False
2018-05-10,,17155.14,right_only,,False
2018-05-13,,17184.02,right_only,,False
2018-05-14,,16984.07,right_only,,False
2018-05-15,,16985.78,right_only,,False
2018-05-16,,16993.21,right_only,,False
2018-05-17,,16877.66,right_only,,False
2018-05-20,,16782.07,right_only,,False
2018-05-21,,16780.91,right_only,,False
2018-05-22,,16657.66,right_only,,False
2018-05-23,,16662.55,right_only,,False
2018-05-24,,16633.97,right_only,,False
2018-05-27,,16648.47,right_only,,False
2018-05-28,,16791.09,right_only,,False
2018-05-29,,17005.86,right_only,,False
2018-05-30,,16760.24,right_only,,False
2018-05-31,,16414.53,right_only,,False
2018-06-03,,16675.31,right_only,,False
2018-06-04,,16404.33,right_only,,False
2018-06-05,,16022.11,right_only,,False
2018-06-06,,15908.91,right_only,,False
2018-06-07,,15923.66,right_only,,False
2018-06-10,,16142.72,right_only,,False
2018-06-11,,15921.25,right_only,,False
2018-06-12,,15938.11,right_only,,False
2018-06-13,,16178.28,right_only,,False
2018-06-14,,16220.93,right_only,,False
2018-06-19,,16067.77,right_only,,False
2018-06-20,,16143.48,right_only,,False
2018-06-21,,16345.77,right_only,,False
2018-06-24,,16395.02,right_only,,False
2018-06-25,,16457.51,right_only,,False
2018-06-26,,16197.44,right_only,,False
2018-06-27,,16176.41,right_only,,False
2018-06-28,,16348.55,right_only,,False
2018-07-02,,16362.59,right_only,,False
2018-07-03,,16421.32,right_only,,False
2018-07-04,,16309.65,right_only,,False
2018-07-05,,16125.34,right_only,,False
2018-07-08,,15839.84,right_only,,False
2018-07-09,,15785.93,right_only,,False
2018-07-10,,15921.03,right_only,,False
2018-07-11,,15952.42,right_only,,False
2018-07-12,,15879.81,right_only,,False
2018-07-15,,15842.46,right_only,,False
2018-07-16,,15655.89,right_only,,False
2018-07-17,,15420.72,right_only,,False
2018-07-18,,15578.73,right_only,,False
2018-07-19,,15416.31,right_only,,False
2018-07-22,,15303.79,right_only,,False
2018-07-24,,15480.37,right_only,,False
2018-07-25,,15186.36,right_only,,False
2018-07-26,,15199.29,right_only,,False
2018-07-29,,15378.11,right_only,,False
2018-07-30,,15297.02,right_only,,False
2018-07-31,,15580.19,right_only,,False
2018-08-01,,15670.18,right_only,,False
2018-08-02,,15806.38,right_only,,False
2018-08-05,,15737.05,right_only,,False
2018-08-06,,15645.56,right_only,,False
2018-08-07,,15761.55,right_only,,False
2018-08-08,,15862.86,right_only,,False
2018-08-09,,15924.06,right_only,,False
2018-08-12,,15738.34,right_only,,False
2018-08-13,,15521.52,right_only,,False
2018-08-14,,15356.81,right_only,,False
2018-08-15,,15357.44,right_only,,False
2018-08-16,,15295.97,right_only,,False
2018-08-19,,15273.39,right_only,,False
2018-08-26,,15239.03,right_only,,False
2018-08-27,,15236.64,right_only,,False
2018-08-28,,15606.18,right_only,,False
2018-08-29,,15835.73,right_only,,False
2018-08-30,,16009.41,right_only,,False
2018-09-02,,15852.36,right_only,,False
2018-09-03,,15821.92,right_only,,False
2018-09-04,,15922.96,right_only,,False
2018-09-05,,15750.94,right_only,,False
2018-09-06,,15803.17,right_only,,False
2018-09-09,,15740.06,right_only,,False
2018-09-10,,15628.43,right_only,,False
2018-09-12,,15488.49,right_only,,False
2018-09-13,,15308.62,right_only,,False
2018-09-16,,14755.63,right_only,,False
2018-09-17,,14650.97,right_only,,False
2018-09-18,,14653.91,right_only,,False
2018-09-19,,14098.56,right_only,,False
2018-09-20,,14083.48,right_only,,False
2018-09-23,,14261.25,right_only,,False
2018-09-24,,14200.68,right_only,,False
2018-09-25,,14358.64,right_only,,False
2018-09-26,,14612.18,right_only,,False
2018-09-27,,14632.4,right_only,,False
2018-09-30,,14616.47,right_only,,False
2018-10-01,,14446.72,right_only,,False
2018-10-02,,14381.55,right_only,,False
2018-10-03,,14313.17,right_only,,False
2018-10-04,,14104.9,right_only,,False
2018-10-08,,13604.01,right_only,,False
2018-10-09,,13588.74,right_only,,False
2018-10-10,,13621.23,right_only,,False
2018-10-11,,13283.31,right_only,,False
2018-10-14,,13537.47,right_only,,False
2018-10-15,,13521.46,right_only,,False
2018-10-16,,13689.39,right_only,,False
2018-10-17,,13815.6,right_only,,False
2018-10-18,,13644.16,right_only,,False
2018-10-21,,13524.67,right_only,,False
2018-10-22,,13646.26,right_only,,False
2018-10-23,,13579.6,right_only,,False
2018-10-24,,13246.39,right_only,,False
2018-10-25,,13023.73,right_only,,False
2018-10-28,,12980.96,right_only,,False
2018-10-29,,13074.47,right_only,,False
2018-10-30,,13154.56,right_only,,False
2018-10-31,,13250.29,right_only,,False
2018-11-01,,13202.32,right_only,,False
2018-11-04,,13170.28,right_only,,False
2018-11-05,,13234.62,right_only,,False
2018-11-06,,13436.11,right_only,,False
2018-11-07,,13615.85,right_only,,False
2018-11-08,,13732.68,right_only,,False
2018-11-11,,13570.89,right_only,,False
2018-11-12,,13678.36,right_only,,False
2018-11-13,,13543.64,right_only,,False
2018-11-14,,13487.2,right_only,,False
2018-11-15,,13681.67,right_only,,False
2018-11-18,,13968.8,right_only,,False
2018-11-19,,13906.31,right_only,,False
2018-11-21,,13731.12,right_only,,False
2018-11-22,,13675.37,right_only,,False
2018-11-25,,13153.55,right_only,,False
2018-11-26,,13049.12,right_only,,False
2018-11-27,,13213.95,right_only,,False
2018-11-28,,13309.49,right_only,,False
2018-11-29,,13319.5,right_only,,False
2018-12-02,,13150.08,right_only,,False
2018-12-03,,12934.44,right_only,,False
2018-12-04,,12624.74,right_only,,False
2018-12-05,,12586.74,right_only,,False
2018-12-06,,12387.58,right_only,,False
2018-12-09,,12140.0,right_only,,False
2018-12-10,,12476.18,right_only,,False
2018-12-11,,12664.41,right_only,,False
2018-12-12,,12856.83,right_only,,False
2018-12-13,,12996.89,right_only,,False
2018-12-16,,12992.06,right_only,,False
2018-12-17,,13215.4,right_only,,False
2018-12-18,,13121.11,right_only,,False
2018-12-19,,13078.2,right_only,,False
2018-12-20,,13137.58,right_only,,False
2018-12-23,,12947.35,right_only,,False
2018-12-24,,12784.44,right_only,,False
2018-12-25,,12670.63,right_only,,False
2018-12-26,,12840.16,right_only,,False
2018-12-27,,12984.21,right_only,,False
2018-12-30,,12944.52,right_only,,False
2018-12-31,,13035.77,right_only,,False
2019-01-02,,13204.37,right_only,,False
2019-01-03,,13264.7,right_only,,False
2019-01-06,,13343.08,right_only,,False
2019-01-08,,13402.7,right_only,,False
2019-01-09,,13365.58,right_only,,False
2019-01-10,,13367.44,right_only,,False
2019-01-13,,13525.83,right_only,,False
2019-01-14,,13335.75,right_only,,False
2019-01-15,,13447.12,right_only,,False
2019-01-16,,13510.27,right_only,,False
2019-01-17,,13482.99,right_only,,False
2019-01-20,,13444.21,right_only,,False
2019-01-21,,13574.99,right_only,,False
2019-01-22,,13474.55,right_only,,False
2019-01-23,,13506.65,right_only,,False
2019-01-27,,13817.1,right_only,,False
2019-01-28,,13911.34,right_only,,False
2019-01-29,,13976.52,right_only,,False
2019-01-30,,14093.4,right_only,,False
2019-01-31,,14126.68,right_only,,False
2019-02-03,,14243.81,right_only,,False
2019-02-04,,14366.06,right_only,,False
2019-02-05,,14733.11,right_only,,False
2019-02-06,,14766.59,right_only,,False
2019-02-07,,14753.68,right_only,,False
2019-02-10,,14763.94,right_only,,False
2019-02-11,,14784.82,right_only,,False
2019-02-12,,14927.64,right_only,,False
2019-02-13,,14949.07,right_only,,False
2019-02-14,,14984.46,right_only,,False
2019-02-17,,15198.89,right_only,,False
2019-02-18,,15227.24,right_only,,False
2019-02-19,,15155.84,right_only,,False
2019-02-20,,15213.54,right_only,,False
2019-02-21,,15146.71,right_only,,False
2019-02-24,,14955.58,right_only,,False
2019-02-25,,14946.35,right_only,,False
2019-02-26,,14886.85,right_only,,False
2019-02-27,,14772.34,right_only,,False
2019-02-28,,14803.97,right_only,,False
2019-03-03,,14819.6,right_only,,False
2019-03-04,,14815.18,right_only,,False
2019-03-05,,14728.38,right_only,,False
2019-03-06,,14643.09,right_only,,False
2019-03-07,,14904.03,right_only,,False
2019-03-10,,14980.62,right_only,,False
2019-03-11,,15098.12,right_only,,False
2019-03-12,,15139.86,right_only,,False
2019-03-13,,15125.84,right_only,,False
2019-03-14,,14991.34,right_only,,False
2019-03-17,,15033.48,right_only,,False
2019-03-18,,14910.78,right_only,,False
2019-03-19,,14645.53,right_only,,False
2019-03-20,,14724.4,right_only,,False
2019-03-21,,14782.81,right_only,,False
2019-03-24,,14840.9,right_only,,False
2019-03-25,,14670.8,right_only,,False
2019-03-26,,14637.4,right_only,,False
2019-03-27,,14554.66,right_only,,False
2019-03-28,,14665.81,right_only,,False
2019-03-31,,14737.88,right_only,,False
2019-04-01,,14954.14,right_only,,False
2019-04-02,,15166.46,right_only,,False
2019-04-03,,15197.84,right_only,,False
2019-04-04,,15247.81,right_only,,False
2019-04-07,,15135.47,right_only,,False
2019-04-08,,15111.09,right_only,,False
2019-04-09,,15088.55,right_only,,False
2019-04-10,,15106.54,right_only,,False
2019-04-11,,15105.96,right_only,,False
2019-04-14,,15068.96,right_only,,False
2019-04-15,,15055.42,right_only,,False
2019-04-16,,14973.01,right_only,,False
2019-04-17,,14864.01,right_only,,False
2019-04-18,,14876.37,right_only,,False
2019-04-21,,14838.63,right_only,,False
2019-04-22,,14801.26,right_only,,False
2019-04-23,,14645.78,right_only,,False
2019-04-24,,14770.27,right_only,,False
2019-04-30,,14920.15,right_only,,False
2019-05-02,,14880.39,right_only,,False
2019-05-05,,14511.54,right_only,,False
2019-05-06,,14204.59,right_only,,False
2019-05-07,,14389.91,right_only,,False
2019-05-08,,14026.81,right_only,,False
2019-05-09,,14060.0,right_only,,False
2019-05-12,,14122.1,right_only,,False
2019-05-13,,13905.73,right_only,,False
2019-05-14,,14024.15,right_only,,False
2019-05-15,,13809.46,right_only,,False
2019-05-16,,13659.73,right_only,,False
2019-05-19,,13520.82,right_only,,False
2019-05-20,,13379.46,right_only,,False
2019-05-21,,13614.21,right_only,,False
2019-05-22,,13664.23,right_only,,False
2019-05-23,,13776.85,right_only,,False
2019-05-26,,13981.88,right_only,,False
2019-05-27,,13960.47,right_only,,False
2019-05-28,,14028.0,right_only,,False
2019-05-29,,13974.13,right_only,,False
2019-05-30,,13771.31,right_only,,False
2019-06-02,,13690.72,right_only,,False
2019-06-03,,13787.8,right_only,,False
2019-06-09,,13911.66,right_only,,False
2019-06-10,,14148.88,right_only,,False
2019-06-11,,14206.18,right_only,,False
2019-06-12,,14158.11,right_only,,False
2019-06-13,,14180.53,right_only,,False
2019-06-16,,14210.09,right_only,,False
2019-06-17,,14241.21,right_only,,False
2019-06-18,,14202.86,right_only,,False
2019-06-19,,14132.18,right_only,,False
2019-06-20,,14043.42,right_only,,False
2019-06-23,,14017.34,right_only,,False
2019-06-24,,13867.47,right_only,,False
2019-06-25,,13831.23,right_only,,False
2019-06-26,,14006.99,right_only,,False
2019-06-27,,14100.74,right_only,,False
2019-07-02,,14136.58,right_only,,False
2019-07-03,,14137.22,right_only,,False
2019-07-04,,13997.4,right_only,,False
2019-07-07,,14013.04,right_only,,False
2019-07-08,,14043.33,right_only,,False
2019-07-09,,14097.43,right_only,,False
2019-07-10,,14013.26,right_only,,False
2019-07-11,,13813.56,right_only,,False
2019-07-14,,13672.13,right_only,,False
2019-07-15,,13627.89,right_only,,False
2019-07-16,,13721.82,right_only,,False
2019-07-17,,13641.94,right_only,,False
2019-07-18,,13670.27,right_only,,False
2019-07-21,,13576.26,right_only,,False
2019-07-22,,13684.57,right_only,,False
2019-07-24,,13617.89,right_only,,False
2019-07-25,,13510.06,right_only,,False
2019-07-28,,13460.0,right_only,,False
2019-07-29,,13421.91,right_only,,False
2019-07-30,,13364.63,right_only,,False
2019-07-31,,13392.47,right_only,,False
2019-08-01,,13525.93,right_only,,False
2019-08-04,,13616.26,right_only,,False
2019-08-05,,13598.66,right_only,,False
2019-08-06,,13655.91,right_only,,False
2019-08-07,,13880.57,right_only,,False
2019-08-08,,14180.44,right_only,,False
2019-08-14,,14540.56,right_only,,False
2019-08-15,,14295.13,right_only,,False
2019-08-18,,14399.7,right_only,,False
2019-08-19,,14304.37,right_only,,False
2019-08-20,,14428.08,right_only,,False
2019-08-21,,14357.18,right_only,,False
2019-08-22,,14333.16,right_only,,False
2019-08-25,,14340.51,right_only,,False
2019-08-26,,14291.03,right_only,,False
2019-08-27,,14283.5,right_only,,False
2019-08-28,,14595.51,right_only,,False
2019-08-29,,14835.36,right_only,,False
2019-09-01,,14931.66,right_only,,False
2019-09-02,,15110.23,right_only,,False
2019-09-03,,14999.58,right_only,,False
2019-09-04,,14841.38,right_only,,False
2019-09-05,,14933.18,right_only,,False
2019-09-08,,14931.11,right_only,,False
2019-09-09,,14887.78,right_only,,False
2019-09-10,,14956.36,right_only,,False
2019-09-11,,15014.82,right_only,,False
2019-09-12,,15110.37,right_only,,False
2019-09-15,,15023.23,right_only,,False
2019-09-16,,14970.24,right_only,,False
2019-09-17,,14752.45,right_only,,False
2019-09-18,,14745.1,right_only,,False
2019-09-19,,14742.07,right_only,,False
2019-09-22,,13958.11,right_only,,False
2019-09-23,,13753.19,right_only,,False
2019-09-24,,13170.2,right_only,,False
2019-09-25,,13594.61,right_only,,False
2019-09-26,,13857.12,right_only,,False
2019-09-29,,14315.79,right_only,,False
2019-09-30,,14257.75,right_only,,False
2019-10-01,,14496.84,right_only,,False
2019-10-02,,14381.15,right_only,,False
2019-10-03,,14217.81,right_only,,False
2019-10-07,,14431.72,right_only,,False
2019-10-08,,14348.57,right_only,,False
2019-10-09,,14182.7,right_only,,False
2019-10-10,,14302.27,right_only,,False
2019-10-13,,14220.47,right_only,,False
2019-10-14,,14180.76,right_only,,False
2019-10-15,,14060.82,right_only,,False
2019-10-16,,14209.23,right_only,,False
2019-10-17,,14205.86,right_only,,False
2019-10-20,,14239.45,right_only,,False
2019-10-21,,14178.51,right_only,,False
2019-10-22,,14201.32,right_only,,False
2019-10-23,,14126.51,right_only,,False
2019-10-24,,14206.67,right_only,,False
2019-10-27,,14237.39,right_only,,False
2019-10-28,,14301.09,right_only,,False
2019-10-29,,14465.47,right_only,,False
2019-10-30,,14477.79,right_only,,False
2019-10-31,,14558.02,right_only,,False
2019-11-03,,14622.75,right_only,,False
2019-11-04,,14625.78,right_only,,False
2019-11-05,,14789.61,right_only,,False
2019-11-06,,14709.79,right_only,,False
2019-11-07,,14795.87,right_only,,False
2019-11-11,,14769.95,right_only,,False
2019-11-12,,14669.98,right_only,,False
2019-11-13,,14607.69,right_only,,False
2019-11-14,,14545.54,right_only,,False
2019-11-17,,14556.32,right_only,,False
2019-11-18,,14378.59,right_only,,False
2019-11-19,,14313.46,right_only,,False
2019-11-20,,14224.38,right_only,,False
2019-11-21,,14094.58,right_only,,False
2019-11-24,,14050.16,right_only,,False
2019-11-25,,13974.14,right_only,,False
2019-11-26,,13781.96,right_only,,False
2019-11-27,,13759.7,right_only,,False
2019-11-28,,13849.46,right_only,,False
2019-12-01,,13780.63,right_only,,False
2019-12-02,,13537.8,right_only,,False
2019-12-03,,13469.6,right_only,,False
2019-12-04,,13635.52,right_only,,False
2019-12-05,,13622.13,right_only,,False
2019-12-08,,13493.69,right_only,,False
2019-12-09,,13442.52,right_only,,False
2019-12-10,,13509.02,right_only,,False
2019-12-11,,13427.22,right_only,,False
2019-12-12,,13358.47,right_only,,False
2019-12-15,,13433.54,right_only,,False
2019-12-16,,13404.42,right_only,,False
2019-12-17,,13627.19,right_only,,False
2019-12-18,,13793.99,right_only,,False
2019-12-19,,13837.19,right_only,,False
2019-12-22,,13892.65,right_only,,False
2019-12-23,,13902.43,right_only,,False
2019-12-24,,13805.43,right_only,,False
2019-12-25,,13747.68,right_only,,False
2019-12-26,,13884.95,right_only,,False
2019-12-29,,13812.98,right_only,,False
2019-12-30,,13937.26,right_only,,False
2019-12-31,,13961.56,right_only,,False
2020-01-02,,13899.54,right_only,,False
2020-01-05,,13283.66,right_only,,False
2020-01-06,,13212.66,right_only,,False
2020-01-08,,13542.48,right_only,,False
2020-01-09,,13729.81,right_only,,False
2020-01-12,,13802.57,right_only,,False
2020-01-13,,13698.64,right_only,,False
2020-01-14,,13756.64,right_only,,False
2020-01-15,,13769.64,right_only,,False
2020-01-16,,13824.16,right_only,,False
2020-01-19,,13918.18,right_only,,False
2020-01-20,,13773.73,right_only,,False
2020-01-21,,13639.72,right_only,,False
2020-01-22,,13752.11,right_only,,False
2020-01-23,,13728.09,right_only,,False
2020-01-26,,13721.45,right_only,,False
2020-01-27,,13639.69,right_only,,False
2020-01-28,,13620.58,right_only,,False
2020-01-29,,13762.84,right_only,,False
2020-01-30,,13918.84,right_only,,False
2020-02-02,,13888.89,right_only,,False
2020-02-03,,13878.33,right_only,,False
2020-02-04,,13915.05,right_only,,False
2020-02-05,,13987.16,right_only,,False
2020-02-06,,14105.86,right_only,,False
2020-02-09,,14108.24,right_only,,False
2020-02-10,,13979.36,right_only,,False
2020-02-11,,14009.32,right_only,,False
2020-02-12,,13845.16,right_only,,False
2020-02-13,,13859.45,right_only,,False
2020-02-16,,13737.4,right_only,,False
2020-02-17,,13800.25,right_only,,False
2020-02-18,,13636.93,right_only,,False
2020-02-19,,13694.99,right_only,,False
2020-02-20,,13720.65,right_only,,False
2020-02-23,,13688.05,right_only,,False
2020-02-24,,13441.86,right_only,,False
2020-02-25,,13328.26,right_only,,False
2020-02-26,,13200.66,right_only,,False
2020-02-27,,13008.94,right_only,,False
2020-03-01,,12222.59,right_only,,False
2020-03-02,,12289.87,right_only,,False
2020-03-03,,12419.52,right_only,,False
2020-03-04,,12182.46,right_only,,False
2020-03-05,,12347.65,right_only,,False
2020-03-08,,11849.39,right_only,,False
2020-03-09,,10983.48,right_only,,False
2020-03-10,,11199.96,right_only,,False
2020-03-11,,11194.12,right_only,,False
2020-03-15,,10148.34,right_only,,False
2020-03-16,,9428.94,right_only,,False
2020-03-17,,9201.65,right_only,,False
2020-03-18,,8756.7,right_only,,False
2020-03-19,,9205.58,right_only,,False
2020-03-22,,9750.66,right_only,,False
2020-03-23,,10047.44,right_only,,False
2020-03-24,,9770.48,right_only,,False
2020-03-25,,9865.67,right_only,,False
2020-03-26,,9912.98,right_only,,False
2020-03-29,,9760.18,right_only,,False
2020-03-30,,9521.43,right_only,,False
2020-03-31,,9593.94,right_only,,False
2020-04-01,,9424.89,right_only,,False
2020-04-02,,9455.38,right_only,,False
2020-04-05,,9272.88,right_only,,False
2020-04-06,,9446.99,right_only,,False
2020-04-07,,9840.62,right_only,,False
2020-04-08,,10095.57,right_only,,False
2020-04-09,,10321.97,right_only,,False
2020-04-12,,10237.47,right_only,,False
2020-04-13,,10353.72,right_only,,False
2020-04-14,,10458.16,right_only,,False
2020-04-15,,10342.13,right_only,,False
2020-04-16,,10154.64,right_only,,False
2020-04-21,,9874.94,right_only,,False
2020-04-22,,9801.33,right_only,,False
2020-04-23,,10120.46,right_only,,False
2020-04-26,,10377.24,right_only,,False
2020-04-27,,10376.0,right_only,,False
2020-04-28,,10415.12,right_only,,False
2020-04-29,,10545.26,right_only,,False
2020-04-30,,10554.04,right_only,,False
2020-05-03,,10199.85,right_only,,False
2020-05-04,,10081.96,right_only,,False
2020-05-05,,10188.31,right_only,,False
2020-05-06,,10293.95,right_only,,False
2020-05-07,,10176.73,right_only,,False
2020-05-10,,10257.75,right_only,,False
2020-05-11,,10296.33,right_only,,False
2020-05-12,,10588.36,right_only,,False
2020-05-13,,10396.28,right_only,,False
2020-05-14,,10287.21,right_only,,False
2020-05-17,,10357.44,right_only,,False
2020-05-18,,10278.93,right_only,,False
2020-05-19,,10357.24,right_only,,False
2020-05-20,,10205.4,right_only,,False
2020-05-21,,10109.91,right_only,,False
2020-05-31,,10220.14,right_only,,False
2020-06-01,,10227.38,right_only,,False
2020-06-02,,10338.71,right_only,,False
2020-06-03,,10424.1,right_only,,False
2020-06-04,,10621.14,right_only,,False
2020-06-07,,11108.62,right_only,,False
2020-06-08,,11146.53,right_only,,False
2020-06-09,,11063.04,right_only,,False
2020-06-10,,10933.58,right_only,,False
2020-06-11,,10831.92,right_only,,False
2020-06-14,,10731.17,right_only,,False
2020-06-15,,10668.42,right_only,,False
2020-06-16,,10935.32,right_only,,False
2020-06-17,,10905.75,right_only,,False
2020-06-18,,10857.87,right_only,,False
2020-06-21,,10823.91,right_only,,False
2020-06-22,,10742.36,right_only,,False
2020-06-23,,10764.82,right_only,,False
2020-06-24,,11039.54,right_only,,False
2020-06-25,,10890.48,right_only,,False
2020-06-28,,10848.65,right_only,,False
2020-06-29,,10750.1,right_only,,False
2020-06-30,,10764.59,right_only,,False
2020-07-05,,10959.35,right_only,,False
2020-07-06,,11087.64,right_only,,False
2020-07-07,,11050.2,right_only,,False
2020-07-08,,11127.85,right_only,,False
2020-07-09,,10957.02,right_only,,False
2020-07-12,,11071.96,right_only,,False
2020-07-13,,11007.85,right_only,,False
2020-07-14,,10873.53,right_only,,False
2020-07-15,,10617.42,right_only,,False
2020-07-16,,10441.2,right_only,,False
2020-07-19,,10281.16,right_only,,False
2020-07-20,,10380.45,right_only,,False
2020-07-21,,10558.35,right_only,,False
2020-07-22,,10459.92,right_only,,False
2020-07-26,,10524.45,right_only,,False
2020-07-27,,10575.47,right_only,,False
2020-07-28,,10568.84,right_only,,False
2020-07-29,,10599.46,right_only,,False
2020-08-04,,10620.1,right_only,,False
2020-08-05,,10704.33,right_only,,False
2020-08-06,,10817.29,right_only,,False
2020-08-09,,10962.52,right_only,,False
2020-08-10,,10938.23,right_only,,False
2020-08-11,,10919.47,right_only,,False
2020-08-12,,10922.33,right_only,,False
2020-08-13,,10944.18,right_only,,False
2020-08-16,,11120.26,right_only,,False
2020-08-17,,11142.77,right_only,,False
2020-08-18,,11077.11,right_only,,False
2020-08-19,,11160.05,right_only,,False
2020-08-23,,11391.08,right_only,,False
2020-08-24,,11433.76,right_only,,False
2020-08-25,,11461.62,right_only,,False
2020-08-26,,11453.78,right_only,,False
2020-08-27,,11462.45,right_only,,False
2020-08-30,,11434.81,right_only,,False
2020-08-31,,11365.99,right_only,,False
2020-09-01,,11233.94,right_only,,False
2020-09-02,,11214.22,right_only,,False
2020-09-03,,11180.81,right_only,,False
2020-09-06,,11073.02,right_only,,False
2020-09-07,,11136.03,right_only,,False
2020-09-08,,10951.29,right_only,,False
2020-09-09,,10929.89,right_only,,False
2020-09-10,,11070.84,right_only,,False
2020-09-13,,11091.67,right_only,,False
2020-09-14,,11034.38,right_only,,False
2020-09-15,,11028.06,right_only,,False
2020-09-16,,11088.2,right_only,,False
2020-09-17,,11050.89,right_only,,False
2020-09-20,,10969.32,right_only,,False
2020-09-21,,10910.37,right_only,,False
2020-09-22,,10963.01,right_only,,False
2020-09-23,,10979.44,right_only,,False
2020-09-24,,10911.44,right_only,,False
2020-09-27,,10902.22,right_only,,False
2020-09-28,,10969.94,right_only,,False
2020-09-29,,10987.19,right_only,,False
2020-09-30,,10989.27,right_only,,False
2020-10-01,,11051.3,right_only,,False
2020-10-04,,11071.46,right_only,,False
2020-10-05,,11007.69,right_only,,False
2020-10-06,,11146.18,right_only,,False
2020-10-07,,11326.98,right_only,,False
2020-10-11,,11360.37,right_only,,False
2020-10-12,,11397.65,right_only,,False
2020-10-13,,11291.81,right_only,,False
2020-10-14,,11333.91,right_only,,False
2020-10-15,,11322.71,right_only,,False
2020-10-18,,11185.15,right_only,,False
2020-10-19,,11171.36,right_only,,False
2020-10-20,,11157.62,right_only,,False
2020-10-21,,11101.63,right_only,,False
2020-10-22,,10987.43,right_only,,False
2020-10-25,,10602.98,right_only,,False
2020-10-26,,10511.94,right_only,,False
2020-10-27,,10559.71,right_only,,False
2020-10-28,,10515.25,right_only,,False
2020-11-01,,10456.33,right_only,,False
2020-11-02,,10429.34,right_only,,False
2020-11-03,,10512.16,right_only,,False
2020-11-04,,10556.89,right_only,,False
2020-11-05,,10629.29,right_only,,False
2020-11-08,,10680.27,right_only,,False
2020-11-09,,10838.66,right_only,,False
2020-11-10,,11077.25,right_only,,False
2020-11-11,,10997.65,right_only,,False
2020-11-12,,11017.28,right_only,,False
2020-11-15,,10953.13,right_only,,False
2020-11-16,,10991.61,right_only,,False
2020-11-17,,11063.98,right_only,,False
2020-11-18,,10989.72,right_only,,False
2020-11-19,,10898.67,right_only,,False
2020-11-22,,10858.26,right_only,,False
2020-11-23,,10885.11,right_only,,False
2020-11-24,,10997.35,right_only,,False
2020-11-25,,11068.44,right_only,,False
2020-11-26,,10980.96,right_only,,False
2020-11-29,,11009.27,right_only,,False
2020-11-30,,10943.35,right_only,,False
2020-12-01,,11040.78,right_only,,False
2020-12-02,,11023.34,right_only,,False
2020-12-03,,11015.01,right_only,,False
2020-12-06,,11024.84,right_only,,False
2020-12-07,,10995.13,right_only,,False
2020-12-08,,11019.08,right_only,,False
2020-12-09,,11018.09,right_only,,False
2020-12-10,,10987.39,right_only,,False
2020-12-13,,11003.77,right_only,,False
2020-12-14,,11047.97,right_only,,False
2020-12-15,,11057.62,right_only,,False
2020-12-16,,10983.03,right_only,,False
2020-12-17,,10844.58,right_only,,False
2020-12-20,,10890.3,right_only,,False
2020-12-21,,10581.76,right_only,,False
2020-12-22,,10655.91,right_only,,False
2020-12-23,,10677.51,right_only,,False
2020-12-24,,10683.86,right_only,,False
2020-12-27,,10585.56,right_only,,False
2020-12-28,,10658.55,right_only,,False
2020-12-29,,10736.88,right_only,,False
2020-12-30,,10867.76,right_only,,False
2020-12-31,,10845.26,right_only,,False
2021-01-03,,10845.03,right_only,,False
2021-01-04,,10813.78,right_only,,False
2021-01-05,,10829.96,right_only,,False
2021-01-06,,10952.14,right_only,,False
2021-01-10,,11213.48,right_only,,False
2021-01-11,,11278.72,right_only,,False
2021-01-12,,11339.75,right_only,,False
2021-01-13,,11388.9,right_only,,False
2021-01-14,,11453.43,right_only,,False
2021-01-17,,11446.53,right_only,,False
2021-01-18,,11450.54,right_only,,False
2021-01-19,,11485.8,right_only,,False
2021-01-20,,11598.9,right_only,,False
2021-01-21,,11654.58,right_only,,False
2021-01-24,,11525.25,right_only,,False
2021-01-25,,11509.63,right_only,,False
2021-01-26,,11527.34,right_only,,False
2021-01-27,,11578.84,right_only,,False
2021-01-31,,11546.15,right_only,,False
2021-02-01,,11589.34,right_only,,False
2021-02-02,,11637.55,right_only,,False
2021-02-03,,11619.14,right_only,,False
2021-02-04,,11598.85,right_only,,False
2021-02-07,,11602.78,right_only,,False
2021-02-08,,11523.06,right_only,,False
2021-02-09,,11447.73,right_only,,False
2021-02-10,,11545.03,right_only,,False
2021-02-11,,11546.32,right_only,,False
2021-02-14,,11506.72,right_only,,False
2021-02-15,,11526.77,right_only,,False
2021-02-16,,11534.05,right_only,,False
2021-02-17,,11413.17,right_only,,False
2021-02-18,,11380.55,right_only,,False
2021-02-21,,11425.85,right_only,,False
2021-02-22,,11549.97,right_only,,False
2021-02-23,,11416.74,right_only,,False
2021-02-24,,11435.43,right_only,,False
2021-02-25,,11617.91,right_only,,False
2021-02-28,,11525.02,right_only,,False
2021-03-01,,11521.38,right_only,,False
2021-03-02,,11471.39,right_only,,False
2021-03-03,,11393.25,right_only,,False
2021-03-04,,11333.86,right_only,,False
2021-03-07,,11557.85,right_only,,False
2021-03-08,,11459.51,right_only,,False
2021-03-09,,11337.46,right_only,,False
2021-03-10,,11235.6,right_only,,False
2021-03-11,,11261.35,right_only,,False
2021-03-14,,11289.57,right_only,,False
2021-03-15,,11222.33,right_only,,False
2021-03-16,,11190.8,right_only,,False
2021-03-17,,11068.37,right_only,,False
2021-03-18,,10918.4,right_only,,False
2021-03-21,,10802.29,right_only,,False
2021-03-22,,10537.22,right_only,,False
2021-03-23,,10471.36,right_only,,False
2021-03-24,,10702.18,right_only,,False
2021-03-25,,10870.46,right_only,,False
2021-03-28,,10867.69,right_only,,False
2021-03-29,,10738.42,right_only,,False
2021-03-30,,10739.69,right_only,,False
2021-03-31,,10568.37,right_only,,False
2021-04-01,,10564.88,right_only,,False
2021-04-04,,10417.15,right_only,,False
2021-04-05,,10256.92,right_only,,False
2021-04-06,,10263.22,right_only,,False
2021-04-07,,10227.67,right_only,,False
2021-04-08,,10303.55,right_only,,False
2021-04-11,,10393.13,right_only,,False
2021-04-12,,10450.09,right_only,,False
2021-04-13,,10305.81,right_only,,False
2021-04-14,,10115.51,right_only,,False
2021-04-15,,10143.21,right_only,,False
2021-04-18,,10358.26,right_only,,False
2021-04-19,,10441.0,right_only,,False
2021-04-20,,10620.05,right_only,,False
2021-04-21,,10642.49,right_only,,False
2021-04-22,,10600.07,right_only,,False
2021-04-25,,10604.28,right_only,,False
2021-04-26,,10525.84,right_only,,False
2021-04-27,,10591.42,right_only,,False
2021-04-28,,10475.26,right_only,,False
2021-05-04,,10465.59,right_only,,False
2021-05-05,,10512.84,right_only,,False
2021-05-06,,10588.09,right_only,,False
2021-05-09,,10643.63,right_only,,False
2021-05-10,,10686.03,right_only,,False
2021-05-11,,10767.84,right_only,,False
2021-05-17,,10674.67,right_only,,False
2021-05-18,,10780.9,right_only,,False
2021-05-19,,10806.23,right_only,,False
2021-05-20,,10731.96,right_only,,False
2021-05-23,,10812.06,right_only,,False
2021-05-24,,10760.95,right_only,,False
2021-05-25,,10531.83,right_only,,False
2021-05-26,,10369.57,right_only,,False
2021-05-27,,10242.3,right_only,,False
2021-05-30,,10301.58,right_only,,False
2021-05-31,,10309.06,right_only,,False
2021-06-01,,10240.21,right_only,,False
2021-06-02,,10120.95,right_only,,False
2021-06-03,,10054.81,right_only,,False
2021-06-06,,10122.44,right_only,,False
2021-06-07,,10105.04,right_only,,False
2021-06-08,,9963.91,right_only,,False
2021-06-09,,10042.18,right_only,,False
2021-06-10,,9977.9,right_only,,False
2021-06-13,,9887.19,right_only,,False
2021-06-14,,9933.35,right_only,,False
2021-06-15,,9891.18,right_only,,False
2021-06-16,,9880.49,right_only,,False
2021-06-17,,9865.59,right_only,,False
2021-06-20,,9797.91,right_only,,False
2021-06-21,,10061.58,right_only,,False
2021-06-22,,10206.24,right_only,,False
2021-06-23,,10272.72,right_only,,False
2021-06-24,,10278.86,right_only,,False
2021-06-27,,10305.02,right_only,,False
2021-06-28,,10273.92,right_only,,False
2021-06-29,,10123.06,right_only,,False
2021-06-30,,10256.62,right_only,,False
2021-07-04,,10345.66,right_only,,False
2021-07-05,,10348.29,right_only,,False
2021-07-06,,10154.79,right_only,,False
2021-07-07,,10277.25,right_only,,False
2021-07-08,,10184.8,right_only,,False
2021-07-11,,10153.47,right_only,,False
2021-07-12,,10233.7,right_only,,False
2021-07-13,,10431.99,right_only,,False
2021-07-14,,10602.41,right_only,,False
2021-07-15,,10561.28,right_only,,False
2021-07-18,,10646.85,right_only,,False
2021-07-25,,10745.69,right_only,,False
2021-07-26,,10697.32,right_only,,False
2021-07-27,,10763.26,right_only,,False
2021-07-28,,10769.22,right_only,,False
2021-07-29,,10742.23,right_only,,False
2021-08-01,,10810.21,right_only,,False
2021-08-02,,10821.88,right_only,,False
2021-08-03,,10726.33,right_only,,False
2021-08-04,,10718.89,right_only,,False
2021-08-05,,10723.18,right_only,,False
2021-08-08,,10738.67,right_only,,False
2021-08-09,,10800.39,right_only,,False
2021-08-10,,10853.83,right_only,,False
2021-08-11,,10884.5,right_only,,False
2021-08-15,,11029.56,right_only,,False
2021-08-16,,11046.15,right_only,,False
2021-08-17,,10937.69,right_only,,False
2021-08-18,,10907.96,right_only,,False
2021-08-19,,10808.7,right_only,,False
2021-08-22,,10690.79,right_only,,False
2021-08-23,,10884.29,right_only,,False
2021-08-24,,10950.24,right_only,,False
2021-08-25,,11064.43,right_only,,False
2021-08-26,,11125.55,right_only,,False
2021-08-29,,11113.74,right_only,,False
2021-08-30,,11163.23,right_only,,False
2021-08-31,,11143.8,right_only,,False
2021-09-01,,11283.7,right_only,,False
2021-09-02,,11301.36,right_only,,False
2021-09-05,,11095.89,right_only,,False
2021-09-06,,11064.17,right_only,,False
2021-09-07,,11089.8,right_only,,False
2021-09-08,,11135.48,right_only,,False
2021-09-09,,11056.27,right_only,,False
2021-09-12,,11036.93,right_only,,False
2021-09-13,,11140.22,right_only,,False
2021-09-14,,11187.82,right_only,,False
2021-09-15,,11149.36,right_only,,False
2021-09-16,,10996.76,right_only,,False
2021-09-19,,10889.65,right_only,,False
2021-09-20,,10710.56,right_only,,False
2021-09-21,,10498.52,right_only,,False
2021-09-22,,10596.06,right_only,,False
2021-09-23,,10642.02,right_only,,False
2021-09-26,,10649.76,right_only,,False
2021-09-27,,10496.0,right_only,,False
2021-09-28,,10446.78,right_only,,False
2021-09-29,,10391.14,right_only,,False
2021-09-30,,10517.03,right_only,,False
2021-10-03,,10366.44,right_only,,False
2021-10-04,,10427.44,right_only,,False
2021-10-05,,10432.63,right_only,,False
2021-10-06,,10536.39,right_only,,False
2021-10-10,,10662.96,right_only,,False
2021-10-11,,10714.78,right_only,,False
2021-10-12,,10783.92,right_only,,False
2021-10-13,,10881.4,right_only,,False
2021-10-14,,10995.59,right_only,,False
2021-10-17,,11155.57,right_only,,False
2021-10-18,,11276.17,right_only,,False
2021-10-19,,11195.05,right_only,,False
2021-10-20,1.96399998664856,11132.07,both,-11130.106,False
2021-10-24,1.950999975204468,11185.88,both,-11183.929,False
2021-10-25,1.950000047683716,11178.0,both,-11176.05,False
2021-10-26,1.9450000524520876,11256.54,both,-11254.595,False
2021-10-27,1.950999975204468,11364.2,both,-11362.249,False
2021-10-28,1.919999957084656,11506.63,both,-11504.71,False
2021-10-31,1.902999997138977,11420.19,both,-11418.287,False
2021-11-01,1.901000022888184,11568.27,both,-11566.369,False
2021-11-02,1.9670000076293943,11676.38,both,-11674.413,False
2021-11-03,1.9170000553131104,11685.12,both,-11683.203,False
2021-11-04,1.906000018119812,11612.84,both,-11610.934,False
2021-11-07,1.906000018119812,11555.58,both,-11553.674,False
2021-11-08,1.906000018119812,11497.51,both,-11495.604,False
2021-11-09,1.906000018119812,11588.42,both,-11586.514,False
2021-11-10,1.830000042915344,11480.5,both,-11478.67,False
2021-11-11,1.8519999980926516,11573.14,both,-11571.288,False
2021-11-14,1.8279999494552608,11662.99,both,-11661.162,False
2021-11-15,1.75,11496.63,both,-11494.88,False
2021-11-16,1.7070000171661377,11413.21,both,-11411.503,False
2021-11-17,1.712000012397766,11453.3,both,-11451.588,False
2021-11-18,1.7070000171661377,11337.99,both,-11336.283,False
2021-11-21,1.6970000267028809,11273.11,both,-11271.413,False
2021-11-22,1.6970000267028809,11359.03,both,-11357.333,False
2021-11-23,1.787999987602234,11369.22,both,-11367.432,False
2021-11-24,1.7769999504089355,11352.64,both,-11350.863,False
2021-11-25,1.825000047683716,11431.24,both,-11429.415,False
2021-11-28,1.825000047683716,11277.83,both,-11276.005,False
2021-11-29,1.7680000066757202,11212.3,both,-11210.532,False
2021-11-30,1.7899999618530271,11395.6,both,-11393.81,False
2021-12-01,1.7899999618530271,11420.0,both,-11418.21,False
2021-12-02,1.7890000343322754,11318.35,both,-11316.561,False
2021-12-05,1.8229999542236328,11401.33,both,-11399.507,False
2021-12-06,1.9110000133514404,11514.87,both,-11512.959,False
2021-12-07,1.8630000352859497,11538.26,both,-11536.397,False
2021-12-08,1.8279999494552608,11451.14,both,-11449.312,False
2021-12-09,1.825000047683716,11534.63,both,-11532.805,False
2021-12-12,1.815000057220459,11708.05,both,-11706.235,False
2021-12-13,1.8350000381469729,11700.4,both,-11698.565,False
2021-12-14,1.815000057220459,11618.01,both,-11616.195,False
2021-12-15,1.850000023841858,11622.1,both,-11620.25,False
2021-12-16,1.9830000400543213,11667.73,both,-11665.747,False
2021-12-19,1.9170000553131104,11565.72,both,-11563.803,False
2021-12-20,1.9170000553131104,11482.43,both,-11480.513,False
2021-12-21,1.9079999923706052,11524.66,both,-11522.752,False
2021-12-22,1.9229999780654907,11630.63,both,-11628.707,False
2021-12-23,1.9600000381469729,11755.46,both,-11753.5,False
2021-12-26,1.9700000286102293,11856.21,both,-11854.24,False
2021-12-27,1.950999975204468,11849.79,both,-11847.839,False
2021-12-28,1.9889999628067017,11913.44,both,-11911.451,False
2021-12-29,1.9739999771118164,11898.42,both,-11896.446,False
2021-12-30,1.993000030517578,11949.18,both,-11947.187,False
2022-01-02,1.9539999961853027,11909.72,both,-11907.766,False
2022-01-03,1.934000015258789,11897.4,both,-11895.466,False
2022-01-04,1.940000057220459,11982.61,both,-11980.67,False
2022-01-05,1.9880000352859497,12043.42,both,-12041.432,False
2022-01-09,1.9880000352859497,11978.56,both,-11976.572,False
2022-01-10,1.944000005722046,12022.69,both,-12020.746,False
2022-01-11,1.89900004863739,12002.08,both,-12000.181,False
2022-01-12,1.8799999952316284,12060.0,both,-12058.12,False
2022-01-13,1.8580000400543213,12012.31,both,-12010.452,False
2022-01-16,1.8179999589920044,11830.94,both,-11829.122,False
2022-01-17,1.8580000400543213,11859.12,both,-11857.262,False
2022-01-18,1.837000012397766,11876.44,both,-11874.603,False
2022-01-19,1.8009999990463257,11715.01,both,-11713.209,False
2022-01-20,1.7940000295639038,11731.71,both,-11729.916,False
2022-01-23,1.7510000467300415,11655.72,both,-11653.969,False
2022-01-24,1.7339999675750732,11616.13,both,-11614.396,False
2022-01-25,1.7230000495910645,11542.43,both,-11540.707,False
2022-01-26,1.7359999418258667,11499.85,both,-11498.114,False
2022-01-30,1.6990000009536743,11457.46,both,-11455.761,False
2022-01-31,1.7389999628067017,11490.45,both,-11488.711,False
2022-02-01,1.8009999990463257,11603.33,both,-11601.529,False
2022-02-02,1.807999968528748,11691.82,both,-11690.012,False
2022-02-03,1.7910000085830688,11638.06,both,-11636.269,False
2022-02-06,1.7990000247955322,11689.55,both,-11687.751,False
2022-02-07,1.7860000133514404,11548.61,both,-11546.824,False
2022-02-08,1.8209999799728396,11527.9,both,-11526.079,False
2022-02-09,1.8200000524520876,11596.29,both,-11594.47,False
2022-02-10,1.7860000133514404,11578.54,both,-11576.754,False
2022-02-13,1.7000000476837158,11438.12,both,-11436.42,False
2022-02-14,1.6690000295639038,11403.34,both,-11401.671,False
2022-02-15,1.6779999732971191,11563.38,both,-11561.702,False
2022-02-16,1.7020000219345093,11568.14,both,-11566.438,False
2022-02-17,1.7020000219345093,11535.02,both,-11533.318,False
2022-02-20,1.616000056266785,11371.21,both,-11369.594,False
2022-02-21,1.659000039100647,11501.92,both,-11500.261,False
2022-02-22,1.6139999628067017,11302.49,both,-11300.876,False
2022-02-23,1.6260000467300415,11301.08,both,-11299.454,False
2022-02-24,1.4950000047683716,10890.88,both,-10889.385,False
2022-02-27,1.5509999990463257,11174.09,both,-11172.539,False
2022-02-28,1.506999969482422,11138.86,both,-11137.353,False
2022-03-01,1.5700000524520874,11275.78,both,-11274.21,False
2022-03-02,1.5210000276565552,11189.29,both,-11187.769,False
2022-03-03,1.52400004863739,11305.55,both,-11304.026,False
2022-03-06,1.5219999551773071,11094.66,both,-11093.138,False
2022-03-07,1.4730000495910645,10701.14,both,-10699.667,False
2022-03-08,1.4730000495910645,10396.83,both,-10395.357,False
2022-03-09,1.4800000190734863,10415.73,both,-10414.25,False
2022-03-10,1.49399995803833,10453.59,both,-10452.096,False
2022-03-13,1.4589999914169312,10480.67,both,-10479.211,False
2022-03-14,1.4550000429153442,10419.56,both,-10418.105,False
2022-03-15,1.444000005722046,10423.09,both,-10421.646,False
2022-03-16,1.4950000047683716,10705.6,both,-10704.105,False
2022-03-17,1.534000039100647,10726.44,both,-10724.906,False
2022-03-20,1.5570000410079956,10973.72,both,-10972.163,False
2022-03-21,1.6720000505447388,11511.15,both,-11509.478,False
2022-03-22,1.656000018119812,11663.32,both,-11661.664,False
2022-03-23,1.690999984741211,11743.91,both,-11742.219,False
2022-03-24,1.6710000038146973,11709.16,both,-11707.489,False
2022-03-27,1.6299999952316284,11545.61,both,-11543.98,False
2022-03-28,1.597000002861023,11240.79,both,-11239.193,False
2022-03-29,1.5809999704360962,11393.54,both,-11391.959,False
2022-03-30,1.5740000009536743,11239.21,both,-11237.636,False
2022-03-31,1.5640000104904177,11238.48,both,-11236.916,False
2022-04-03,1.621999979019165,11562.21,both,-11560.588,False
2022-04-04,1.687999963760376,11529.18,both,-11527.492,False
2022-04-05,1.625,11380.85,both,-11379.225,False
2022-04-06,1.628999948501587,11347.96,both,-11346.331,False
2022-04-07,1.597000002861023,11101.94,both,-11100.343,False
2022-04-10,1.5540000200271606,10897.61,both,-10896.056,False
2022-04-11,1.5010000467300415,10728.66,both,-10727.159,False
2022-04-12,1.5260000228881836,10898.69,both,-10897.164,False
2022-04-13,1.5410000085830688,10847.46,both,-10845.919,False
2022-04-14,1.4709999561309814,10679.55,both,-10678.079,False
2022-04-17,1.4479999542236328,10707.93,both,-10706.482,False
2022-04-18,1.4479999542236328,10724.8,both,-10723.352,False
2022-04-19,1.4989999532699585,10626.81,both,-10625.311,False
2022-04-20,1.465999960899353,10444.76,both,-10443.294,False
2022-04-21,1.5360000133514404,10548.14,both,-10546.604,False
2022-04-26,1.5,10682.08,both,-10680.58,False
2022-04-27,1.555999994277954,10718.22,both,-10716.664,False
2022-04-28,1.6670000553131104,11047.7,both,-11046.033,False
2022-05-08,1.633999943733215,11109.22,both,-11107.586,False
2022-05-09,1.5989999771118164,10906.72,both,-10905.121,False
2022-05-10,1.5829999446868896,10811.45,both,-10809.867,False
2022-05-11,1.569000005722046,10855.93,both,-10854.361,False
2022-05-12,1.4900000095367432,10678.98,both,-10677.49,False
2022-05-15,1.462000012397766,10534.22,both,-10532.758,False
2022-05-16,1.4730000495910645,10461.88,both,-10460.407,False
2022-05-17,1.4900000095367432,10438.95,both,-10437.46,False
2022-05-18,1.4859999418258667,10467.63,both,-10466.144,False
2022-05-19,1.4579999446868896,10549.97,both,-10548.512,False
2022-05-22,1.4600000381469729,10462.74,both,-10461.28,False
2022-05-23,1.4479999542236328,10514.95,both,-10513.502,False
2022-05-24,1.3619999885559082,10415.54,both,-10414.178,False
2022-05-25,1.2829999923706057,10247.43,both,-10246.147,False
2022-05-26,1.1690000295639038,10200.56,both,-10199.391,False
2022-05-29,1.1740000247955322,10086.72,both,-10085.546,False
2022-05-30,1.1829999685287476,10109.36,both,-10108.177,False
2022-05-31,1.0720000267028809,10150.05,both,-10148.978,False
2022-06-01,1.13100004196167,10083.98,both,-10082.849,False
2022-06-02,1.1720000505447388,10007.51,both,-10006.338,False
2022-06-05,1.1720000505447388,9986.0,both,-9984.828,False
2022-06-06,1.2079999446868896,9984.92,both,-9983.712,False
2022-06-07,1.2489999532699585,10048.36,both,-10047.111,False
2022-06-08,1.2999999523162842,10236.06,both,-10234.76,False
2022-06-09,1.277999997138977,10235.43,both,-10234.152,False
2022-06-12,1.281000018119812,10097.55,both,-10096.269,False
2022-06-13,1.2690000534057615,10014.85,both,-10013.581,False
2022-06-14,1.2599999904632568,9981.22,both,-9979.96,False
2022-06-15,1.2450000047683716,9969.97,both,-9968.725,False
2022-06-16,1.2330000400543213,9866.75,both,-9865.517,False
2022-06-19,1.2380000352859497,9728.19,both,-9726.952,False
2022-06-20,1.241000056266785,9680.18,both,-9678.939,False
2022-06-21,1.2269999980926514,9697.88,both,-9696.653,False
2022-06-22,1.2359999418258667,9612.9,both,-9611.664,False
2022-06-23,1.2280000448226929,9439.85,both,-9438.622,False
2022-06-26,1.2519999742507937,9443.75,both,-9442.498,False
2022-06-27,1.218999981880188,9255.43,both,-9254.211,False
2022-06-28,1.194000005722046,9179.63,both,-9178.436,False
2022-06-29,1.1970000267028809,9225.61,both,-9224.413,False
2022-07-03,1.1640000343322754,9008.89,both,-9007.726,False
2022-07-04,1.1269999742507937,8685.74,both,-8684.613,False
2022-07-05,1.149999976158142,8657.5,both,-8656.35,False
2022-07-06,1.1440000534057615,8670.12,both,-8668.976,False
2022-07-07,1.1929999589920044,8764.25,both,-8763.057,False
2022-07-17,1.1990000009536743,8772.93,both,-8771.731,False
2022-07-18,1.1990000009536743,8867.94,both,-8866.741,False
2022-07-19,1.2400000095367432,9033.53,both,-9032.29,False
2022-07-20,1.2480000257492063,9112.72,both,-9111.472,False
2022-07-21,1.2699999809265137,9289.81,both,-9288.54,False
2022-07-24,1.2580000162124634,9276.28,both,-9275.022,False
2022-07-25,1.243000030517578,9237.7,both,-9236.457,False
2022-07-26,1.24399995803833,9350.42,both,-9349.176,False
2022-07-27,1.2289999723434448,9287.92,both,-9286.691,False
2022-07-28,1.2300000190734863,9369.32,both,-9368.09,False
2022-07-31,1.2350000143051147,9467.08,both,-9465.845,False
2022-08-01,1.2280000448226929,9423.1,both,-9421.872,False
2022-08-02,1.2309999465942385,9442.02,both,-9440.789,False
2022-08-03,1.2350000143051147,9539.43,both,-9538.195,False
2022-08-04,1.3170000314712524,10043.23,both,-10041.913,False
2022-08-07,1.3489999771118164,10123.81,both,-10122.461,False
2022-08-08,1.347000002861023,10047.71,both,-10046.363,False
2022-08-09,1.383999943733215,9968.88,both,-9967.496,False
2022-08-10,1.350000023841858,9965.46,both,-9964.11,False
2022-08-11,1.350000023841858,9988.84,both,-9987.49,False
2022-08-14,1.340000033378601,9984.44,both,-9983.1,False
2022-08-15,1.309999942779541,9914.71,both,-9913.4,False
2022-08-16,1.2890000343322754,9843.17,both,-9841.881,False
2022-08-17,1.3049999475479126,10058.12,both,-10056.815,False
2022-08-18,1.3049999475479126,10094.16,both,-10092.855,False
2022-08-21,1.340000033378601,10339.58,both,-10338.24,False
2022-08-22,1.3899999856948853,10246.24,both,-10244.85,False
2022-08-23,1.3899999856948853,10137.89,both,-10136.5,False
2022-08-24,1.3300000429153442,10105.24,both,-10103.91,False
2022-08-25,1.3869999647140503,10287.27,both,-10285.883,False
2022-08-28,1.399999976158142,10178.15,both,-10176.75,False
2022-08-29,1.4299999475479126,10122.32,both,-10120.89,False
2022-08-30,1.4830000400543213,10132.15,both,-10130.667,False
2022-08-31,1.5290000438690186,9998.61,both,-9997.081,False
2022-09-01,1.468000054359436,9936.87,both,-9935.402,False
2022-09-04,1.4739999771118164,9996.74,both,-9995.266,False
2022-09-05,1.5290000438690186,10177.64,both,-10176.111,False
2022-09-06,1.5199999809265137,10329.66,both,-10328.14,False
2022-09-07,1.4839999675750732,10232.29,both,-10230.806,False
2022-09-08,1.4830000400543213,10265.35,both,-10263.867,False
2022-09-11,1.472000002861023,10356.31,both,-10354.838,False
2022-09-12,1.4739999771118164,10434.1,both,-10432.626,False
2022-09-13,1.468000054359436,10397.12,both,-10395.652,False
2022-09-14,1.4279999732971191,10193.79,both,-10192.362,False
2022-09-15,1.3609999418258667,10079.02,both,-10077.659,False
2022-09-18,1.2920000553131104,9763.19,both,-9761.898,False
2022-09-19,1.3320000171661377,9854.21,both,-9852.878,False
2022-09-20,1.35099995136261,10010.53,both,-10009.179,False
2022-09-21,1.340000033378601,9955.85,both,-9954.51,False
2022-09-22,1.3519999980926514,9933.05,both,-9931.698,False
2022-09-25,1.3259999752044678,9895.04,both,-9893.714,False
2022-09-26,1.3270000219345093,9827.8,both,-9826.473,False
2022-09-27,1.343000054359436,9817.37,both,-9816.027,False
2022-09-28,1.3279999494552612,9702.19,both,-9700.862,False
2022-09-29,1.3329999446868896,9827.46,both,-9826.127,False
2022-10-02,1.2899999618530271,9687.36,both,-9686.07,False
2022-10-03,1.2940000295639038,9685.85,both,-9684.556,False
2022-10-04,1.3309999704360962,9923.81,both,-9922.479,False
2022-10-05,1.3619999885559082,10010.78,both,-10009.418,False
2022-10-09,1.3459999561309814,9940.86,both,-9939.514,False
2022-10-10,1.3589999675750732,9948.53,both,-9947.171,False
2022-10-11,1.3389999866485596,9867.23,both,-9865.891,False
2022-10-12,1.3240000009536743,9800.64,both,-9799.316,False
2022-10-13,1.337000012397766,9853.74,both,-9852.403,False
2022-10-16,1.3619999885559082,10048.88,both,-10047.518,False
2022-10-17,1.4019999504089355,10148.4,both,-10146.998,False
2022-10-18,1.3980000019073486,10163.56,both,-10162.162,False
2022-10-19,1.378000020980835,10156.34,both,-10154.962,False
2022-10-20,1.409999966621399,10273.53,both,-10272.12,False
2022-10-23,1.4110000133514404,10258.24,both,-10256.829,False
2022-10-24,1.4229999780654907,10320.88,both,-10319.457,False
2022-10-25,1.4470000267028809,10475.02,both,-10473.573,False
2022-10-26,1.4470000267028809,10553.2,both,-10551.753,False
2022-10-27,1.4889999628067017,11072.02,both,-11070.531,False
2022-10-30,1.4709999561309814,11100.67,both,-11099.199,False
2022-10-31,1.475000023841858,11372.79,both,-11371.315,False
2022-11-01,1.4600000381469729,11432.79,both,-11431.33,False
2022-11-02,1.4279999732971191,11242.07,both,-11240.642,False
2022-11-03,1.4279999732971191,11262.4,both,-11260.972,False
2022-11-06,1.4160000085830688,11179.2,both,-11177.784,False
2022-11-07,1.4110000133514404,11443.71,both,-11442.299,False
2022-11-08,1.3910000324249268,11268.04,both,-11266.649,False
2022-11-09,1.3799999952316284,11781.58,both,-11780.2,False
2022-11-10,1.402999997138977,11756.56,both,-11755.157,False
2022-11-13,1.4600000381469729,11980.62,both,-11979.16,False
2022-11-14,1.5119999647140503,12136.37,both,-12134.858,False
2022-11-15,1.5080000162124634,12137.0,both,-12135.492,False
2022-11-16,1.5470000505447388,12341.2,both,-12339.653,False
2022-11-17,1.628000020980835,12515.71,both,-12514.082,False
2022-11-20,1.6299999952316284,12523.84,both,-12522.21,False
2022-11-21,1.64900004863739,12449.9,both,-12448.251,False
2022-11-22,1.684999942779541,12622.34,both,-12620.655,False
2022-11-23,1.6890000104904177,12600.09,both,-12598.401,False
2022-11-24,1.7139999866485596,12779.44,both,-12777.726,False
2022-11-27,1.746999979019165,13009.48,both,-13007.733,False
2022-11-28,1.753999948501587,12917.22,both,-12915.466,False
2022-11-29,1.7450000047683716,13184.26,both,-13182.515,False
2022-11-30,1.7070000171661377,13259.26,both,-13257.553,False
2022-12-01,1.7209999561309814,13639.73,both,-13638.009,False
2022-12-04,1.741000056266785,14078.53,both,-14076.789,False
2022-12-05,1.756999969482422,14327.77,both,-14326.013,False
2022-12-06,1.7999999523162842,14498.29,both,-14496.49,False
2022-12-07,1.8609999418258667,14787.05,both,-14785.189,False
2022-12-08,1.8320000171661377,14838.31,both,-14836.478,False
2022-12-11,1.8109999895095823,14587.7,both,-14585.889,False
2022-12-12,1.7999999523162842,14723.71,both,-14721.91,False
2022-12-13,1.919000029563904,15150.31,both,-15148.391,False
2022-12-14,2.026000022888184,15378.28,both,-15376.254,False
2022-12-15,2.0510001182556152,15141.55,both,-15139.499,False
2022-12-18,1.9600000381469729,14843.05,both,-14841.09,False
2022-12-19,1.940000057220459,14738.6,both,-14736.66,False
2022-12-20,2.150000095367432,14523.26,both,-14521.11,False
2022-12-21,2.150000095367432,14541.98,both,-14539.83,False
2022-12-22,2.0999999046325684,14482.93,both,-14480.83,False
2022-12-25,1.950000047683716,14385.3,both,-14383.35,False
2022-12-26,2.059999942779541,14560.41,both,-14558.35,False
2022-12-27,1.9900000095367432,14485.18,both,-14483.19,False
2022-12-28,1.9800000190734863,14578.21,both,-14576.23,False
2022-12-29,1.9600000381469729,14598.53,both,-14596.57,False
2023-01-02,2.013999938964844,14960.66,both,-14958.646,False
2023-01-03,2.108999967575073,15068.13,both,-15066.021,False
2023-01-04,2.119999885559082,15557.46,both,-15555.34,False
2023-01-05,2.125,16002.18,both,-16000.055,False
2023-01-09,2.119999885559082,16096.87,both,-16094.75,False
2023-01-10,1.9800000190734863,15462.57,both,-15460.59,False
2023-01-11,1.909999966621399,15528.1,both,-15526.19,False
2023-01-12,1.919999957084656,15551.47,both,-15549.55,False
2023-01-15,1.9539999961853027,15561.25,both,-15559.296,False
2023-01-16,1.99399995803833,15837.91,both,-15835.916,False
2023-01-17,2.055000066757202,15981.88,both,-15979.825,False
2023-01-18,1.98199999332428,15987.15,both,-15985.168,False
2023-01-19,2.164999961853028,16065.98,both,-16063.815,False
2023-01-22,2.2799999713897705,16118.85,both,-16116.57,False
2023-01-23,2.240000009536743,16183.49,both,-16181.25,False
2023-01-24,2.2300000190734863,16440.53,both,-16438.3,False
2023-01-25,2.259999990463257,16791.11,both,-16788.85,False
2023-01-29,2.299999952316284,17411.46,both,-17409.16,False
2023-01-30,2.220000028610229,17026.64,both,-17024.42,False
2023-01-31,2.130000114440918,16446.38,both,-16444.25,False
2023-02-01,2.109999895095825,16407.79,both,-16405.68,False
2023-02-02,2.0299999713897705,16255.73,both,-16253.7,False
2023-02-05,2.240000009536743,16265.92,both,-16263.68,False
2023-02-06,2.2699999809265137,16587.06,both,-16584.79,False
2023-02-07,2.2300000190734863,16900.43,both,-16898.2,False
2023-02-08,2.150000095367432,16948.08,both,-16945.93,False
2023-02-09,2.2100000381469727,17613.78,both,-17611.57,False
2023-02-12,2.140000104904175,17287.09,both,-17284.95,False
2023-02-13,2.109999895095825,17214.56,both,-17212.45,False
2023-02-14,2.190000057220459,17430.98,both,-17428.79,False
2023-02-15,2.180000066757202,17522.56,both,-17520.38,False
2023-02-16,2.1600000858306885,17488.87,both,-17486.71,False
2023-02-19,2.119999885559082,17326.61,both,-17324.49,False
2023-02-20,2.049999952316284,16814.0,both,-16811.95,False
2023-02-21,2.0999999046325684,17039.45,both,-17037.35,False
2023-02-22,2.0,16777.2,both,-16775.2,False
2023-02-23,2.039999961853028,17003.9,both,-17001.86,False
2023-02-26,2.049999952316284,17213.01,both,-17210.96,False
2023-02-27,2.049999952316284,17098.16,both,-17096.11,False
2023-02-28,2.0299999713897705,17002.08,both,-17000.05,False
2023-03-01,2.109999895095825,17123.01,both,-17120.9,False
2023-03-02,2.069999933242798,16846.79,both,-16844.72,False
2023-03-05,2.059999942779541,16827.65,both,-16825.59,False
2023-03-06,2.049999952316284,16803.89,both,-16801.84,False
2023-03-07,2.0,16432.56,both,-16430.56,False
2023-03-08,1.9700000286102293,16315.62,both,-16313.65,False
2023-03-09,2.009999990463257,16454.31,both,-16452.3,False
2023-03-12,1.950000047683716,15936.89,both,-15934.94,False
2023-03-13,1.7699999809265137,15438.5,both,-15436.73,False
2023-03-14,1.7999999523162842,15362.25,both,-15360.45,False
2023-03-15,1.659999966621399,14724.44,both,-14722.78,False
2023-03-16,1.6699999570846558,14704.18,both,-14702.51,False
2023-03-19,1.631999969482422,14681.12,both,-14679.488,False
2023-03-20,1.6660000085830688,14923.81,both,-14922.144,False
2023-03-21,1.7319999933242798,15325.66,both,-15323.928,False
2023-03-22,1.6859999895095823,15253.22,both,-15251.534,False
2023-03-23,1.7599999904632568,15625.08,both,-15623.32,False
2023-03-26,1.825999975204468,15989.18,both,-15987.354,False
2023-03-27,1.784999966621399,15950.09,both,-15948.305,False
2023-03-28,1.85699999332428,15906.42,both,-15904.563,False
2023-03-29,1.8650000095367432,16411.37,both,-16409.505,False
2023-03-30,1.8329999446868896,16418.53,both,-16416.697,False
2023-04-02,1.870000004768372,16694.46,both,-16692.59,False
2023-04-03,1.950999975204468,17056.89,both,-17054.939,False
2023-04-04,2.009999990463257,16998.35,both,-16996.34,False
2023-04-05,1.9570000171661377,17019.25,both,-17017.293,False
2023-04-06,1.9290000200271609,16709.28,both,-16707.351,False
2023-04-09,1.9279999732971191,16674.87,both,-16672.942,False
2023-04-10,2.0299999713897705,16774.64,both,-16772.61,False
2023-04-11,2.0350000858306885,17011.68,both,-17009.645,False
2023-04-12,1.9980000257492063,16741.45,both,-16739.452,False
2023-04-13,2.0199999809265137,17671.27,both,-17669.25,False
2023-04-18,2.039999961853028,17538.97,both,-17536.93,False
2023-04-19,2.039999961853028,17516.04,both,-17514.0,False
2023-04-26,2.009999990463257,17452.22,both,-17450.21,False
2023-04-27,2.049999952316284,17796.91,both,-17794.86,False
2023-04-30,2.039999961853028,17667.74,both,-17665.7,False
2023-05-01,2.039999961853028,17310.83,both,-17308.79,False
2023-05-02,1.950000047683716,17300.56,both,-17298.61,False
2023-05-03,1.940000057220459,17295.27,both,-17293.33,False
2023-05-07,1.930999994277954,17235.31,both,-17233.379,False
2023-05-08,2.009999990463257,17642.97,both,-17640.96,False
2023-05-09,1.9700000286102293,17326.27,both,-17324.3,False
2023-05-10,1.996000051498413,17494.73,both,-17492.734,False
2023-05-11,1.9670000076293943,17270.69,both,-17268.723,False
2023-05-14,1.965000033378601,17369.13,both,-17367.165,False
2023-05-15,1.934999942779541,17135.55,both,-17133.615,False
2023-05-16,1.9270000457763672,17033.99,both,-17032.063,False
2023-05-17,1.8600000143051147,16844.01,both,-16842.15,False
2023-05-18,1.8550000190734863,16745.54,both,-16743.685,False
2023-05-21,1.8420000076293943,16860.88,both,-16859.038,False
2023-05-22,1.843000054359436,16764.41,both,-16762.567,False
2023-05-23,1.8459999561309812,16787.71,both,-16785.864,False
2023-05-24,1.8799999952316284,17090.56,both,-17088.68,False
2023-05-25,1.870000004768372,17043.62,both,-17041.75,False
2023-05-28,1.899999976158142,17131.45,both,-17129.55,False
2023-05-29,1.9700000286102293,17211.84,both,-17209.87,False
2023-05-30,2.009999990463257,17534.59,both,-17532.58,False
2023-05-31,1.996999979019165,17495.77,both,-17493.773,False
2023-06-01,2.069999933242798,17533.31,both,-17531.24,False
2023-06-04,2.119999885559082,17455.48,both,-17453.36,False
2023-06-05,2.0999999046325684,17345.9,both,-17343.8,False
2023-06-06,2.1600000858306885,17491.18,both,-17489.02,False
2023-06-07,2.0999999046325684,17347.57,both,-17345.47,False
2023-06-08,2.0999999046325684,17521.36,both,-17519.26,False
2023-06-11,2.25,17739.63,both,-17737.38,False
2023-06-12,2.2100000381469727,17704.58,both,-17702.37,False
2023-06-13,2.2100000381469727,17866.81,both,-17864.6,False
2023-06-14,2.1700000762939453,17873.28,both,-17871.11,False
2023-06-15,2.140000104904175,17881.52,both,-17879.38,False
2023-06-18,2.180000066757202,18026.17,both,-18023.99,False
2023-06-19,2.119999885559082,17988.95,both,-17986.83,False
2023-06-20,2.109999895095825,17921.92,both,-17919.81,False
2023-06-21,2.069999933242798,17706.08,both,-17704.01,False
2023-06-22,2.0799999237060547,17712.93,both,-17710.85,False
2023-06-25,2.0199999809265137,17287.64,both,-17285.62,False
2023-06-26,2.119999885559082,17665.29,both,-17663.17,False
2023-07-04,2.0999999046325684,17466.18,both,-17464.08,False
2023-07-05,2.0999999046325684,17380.33,both,-17378.23,False
2023-07-06,2.0799999237060547,17102.3,both,-17100.22,False
2023-07-09,2.0199999809265137,16555.12,both,-16553.1,False
2023-07-10,2.069999933242798,16963.13,both,-16961.06,False
2023-07-11,2.119999885559082,17155.23,both,-17153.11,False
2023-07-12,2.0899999141693115,17144.22,both,-17142.13,False
2023-07-13,2.059999942779541,17342.29,both,-17340.23,False
2023-07-16,2.049999952316284,17343.13,both,-17341.08,False
2023-07-17,2.069999933242798,17512.01,both,-17509.94,False
2023-07-18,2.109999895095825,17608.32,both,-17606.21,False
2023-07-19,2.109999895095825,17578.67,both,-17576.56,False
2023-07-24,2.049999952316284,17550.23,both,-17548.18,False
2023-07-25,2.009999990463257,17479.94,both,-17477.93,False
2023-07-26,2.0,17396.24,both,-17394.24,False
2023-07-27,2.0,17339.06,both,-17337.06,False
2023-07-30,2.0199999809265137,17554.56,both,-17552.54,False
2023-07-31,2.039999961853028,17595.92,both,-17593.88,False
2023-08-01,2.0199999809265137,17514.11,both,-17512.09,False
2023-08-02,1.9600000381469729,17455.6,both,-17453.64,False
2023-08-03,1.9600000381469729,17451.44,both,-17449.48,False
2023-08-06,1.9900000095367432,17697.49,both,-17695.5,False
2023-08-07,2.003999948501587,17839.48,both,-17837.476,False
2023-08-08,1.9900000095367432,17748.89,both,-17746.9,False
2023-08-09,2.007999897003174,17763.63,both,-17761.622,False
2023-08-10,1.975000023841858,17710.2,both,-17708.225,False
2023-08-13,1.9830000400543213,17856.07,both,-17854.087,False
2023-08-14,1.98199999332428,17897.5,both,-17895.518,False
2023-08-15,1.9700000286102293,17965.32,both,-17963.35,False
2023-08-16,1.9600000381469729,18062.5,both,-18060.54,False
2023-08-17,1.9529999494552608,17969.27,both,-17967.317,False
2023-08-20,1.9420000314712524,18033.22,both,-18031.278,False
2023-08-21,1.937000036239624,17920.48,both,-17918.543,False
2023-08-22,1.9459999799728396,18216.63,both,-18214.684,False
2023-08-23,1.962000012397766,18133.42,both,-18131.458,False
2023-08-24,1.950000047683716,18207.82,both,-18205.87,False
2023-08-27,1.937000036239624,18516.59,both,-18514.653,False
2023-08-28,2.0199999809265137,18584.84,both,-18582.82,False
2023-08-29,2.010999917984009,18629.34,both,-18627.329,False
2023-08-30,1.9859999418258667,18818.15,both,-18816.164,False
2023-08-31,1.9859999418258667,18873.82,both,-18871.834,False
2023-09-03,1.962000012397766,18726.01,both,-18724.048,False
2023-09-04,1.950999975204468,18910.99,both,-18909.039,False
2023-09-05,1.9520000219345093,19044.39,both,-19042.438,False
2023-09-06,1.9609999656677248,19224.52,both,-19222.559,False
2023-09-07,1.9579999446868896,19375.68,both,-19373.722,False
2023-09-10,1.9579999446868896,19577.85,both,-19575.892,False
2023-09-11,2.013999938964844,19278.72,both,-19276.706,False
2023-09-12,2.005000114440918,19144.09,both,-19142.085,False
2023-09-13,2.003000020980835,19361.7,both,-19359.697,False
2023-09-14,2.039999961853028,19540.33,both,-19538.29,False
2023-09-17,2.109999895095825,19668.82,both,-19666.71,False
2023-09-18,2.109999895095825,19751.78,both,-19749.67,False
2023-09-19,2.059999942779541,19954.3,both,-19952.24,False
2023-09-20,2.059999942779541,19797.23,both,-19795.17,False
2023-09-21,2.059999942779541,20080.57,both,-20078.51,False
2023-09-24,2.059999942779541,20213.7,both,-20211.64,False
2023-09-25,2.1600000858306885,20320.56,both,-20318.4,False
2023-09-26,2.0899999141693115,20354.86,both,-20352.77,False
2023-09-27,2.0899999141693115,20174.28,both,-20172.19,False
2023-10-01,2.0899999141693115,20054.72,both,-20052.63,False
2023-10-02,2.119999885559082,19901.24,both,-19899.12,False
2023-10-03,2.069999933242798,19706.96,both,-19704.89,False
2023-10-04,2.109999895095825,19873.31,both,-19871.2,False
2023-10-08,2.0,19357.42,both,-19355.42,False
2023-10-09,1.9800000190734863,19409.78,both,-19407.8,False
2023-10-10,1.9900000095367432,19724.32,both,-19722.33,False
2023-10-11,2.0,19653.49,both,-19651.49,False
2023-10-12,2.0,20002.1,both,-20000.1,False
2023-10-15,2.0199999809265137,20324.96,both,-20322.94,False
2023-10-16,2.0,21032.35,both,-21030.35,False
2023-10-17,2.119999885559082,22073.95,both,-22071.83,False
2023-10-18,2.0999999046325684,22117.4,both,-22115.3,False
2023-10-19,2.0999999046325684,21616.6,both,-21614.5,False
2023-10-22,2.1600000858306885,22128.49,both,-22126.33,False
2023-10-23,2.140000104904175,22572.49,both,-22570.35,False
2023-10-24,2.109999895095825,22377.39,both,-22375.28,False
2023-10-25,2.309999942779541,23131.96,both,-23129.65,False
2023-10-26,2.440000057220459,23262.27,both,-23259.83,False
2023-10-29,2.559999942779541,23086.72,both,-23084.16,False
2023-10-30,2.470000028610229,23435.65,both,-23433.18,False
2023-10-31,2.4100000858306885,22550.65,both,-22548.24,False
2023-11-01,2.640000104904175,22433.38,both,-22430.74,False
2023-11-02,2.640000104904175,22639.59,both,-22636.95,False
2023-11-05,2.640000104904175,23094.69,both,-23092.05,False
2023-11-06,2.6600000858306885,23059.15,both,-23056.49,False
2023-11-07,2.700000047683716,23393.41,both,-23390.71,False
2023-11-08,2.630000114440918,23986.56,both,-23983.93,False
2023-11-09,2.5899999141693115,24312.92,both,-24310.33,False
2023-11-12,2.630000114440918,23910.66,both,-23908.03,False
2023-11-13,2.5999999046325684,23954.96,both,-23952.36,False
2023-11-14,2.650000095367432,23894.06,both,-23891.41,False
2023-11-15,2.799999952316284,24138.8,both,-24136.0,False
2023-11-16,2.940000057220459,24383.27,both,-24380.33,False
2023-11-19,2.869999885559082,24899.59,both,-24896.72,False
2023-11-20,2.8399999141693115,24760.02,both,-24757.18,False
2023-11-21,2.859999895095825,24774.04,both,-24771.18,False
2023-11-22,2.990000009536743,25029.57,both,-25026.58,False
2023-11-23,3.0299999713897705,25519.49,both,-25516.46,False
2023-11-26,2.990000009536743,25300.32,both,-25297.33,False
2023-11-27,3.0199999809265137,25905.54,both,-25902.52,False
2023-11-28,3.0299999713897705,25121.73,both,-25118.7,False
2023-11-29,2.880000114440918,24759.16,both,-24756.28,False
2023-11-30,2.859999895095825,24735.39,both,-24732.53,False
2023-12-03,2.970000028610229,24571.98,both,-24569.01,False
2023-12-04,3.109999895095825,25265.41,both,-25262.3,False
2023-12-05,3.069999933242798,25127.91,both,-25124.84,False
2023-12-06,3.140000104904175,24703.55,both,-24700.41,False
2023-12-07,3.069999933242798,24686.16,both,-24683.09,False
2023-12-10,2.900000095367432,24189.83,both,-24186.93,False
2023-12-11,2.950000047683716,24182.06,both,-24179.11,False
2023-12-12,2.900000095367432,24071.66,both,-24068.76,False
2023-12-13,2.990000009536743,24773.92,both,-24770.93,False
2023-12-14,3.0,24722.82,both,-24719.82,False
2023-12-17,3.009999990463257,24792.14,both,-24789.13,False
2023-12-18,3.0799999237060547,25334.09,both,-25331.01,False
2023-12-19,3.0199999809265137,25076.42,both,-25073.4,False
2023-12-20,2.9600000381469727,24837.56,both,-24834.6,False
2023-12-21,2.809999942779541,24305.09,both,-24302.28,False
2023-12-24,2.809999942779541,23822.17,both,-23819.36,False
2023-12-25,2.75,24226.68,both,-24223.93,False
2023-12-26,2.650000095367432,23994.54,both,-23991.89,False
2023-12-27,2.690000057220459,24351.12,both,-24348.43,False
2023-12-28,2.680000066757202,24691.43,both,-24688.75,False
2023-12-31,2.6600000858306885,24894.26,both,-24891.6,False
2024-01-02,2.880000114440918,25501.94,both,-25499.06,False
2024-01-03,2.900000095367432,25408.51,both,-25405.61,False
2024-01-04,2.950000047683716,25350.28,both,-25347.33,False
2024-01-08,3.0999999046325684,25344.63,both,-25341.53,False
2024-01-09,3.0799999237060547,25589.99,both,-25586.91,False
2024-01-10,3.140000104904175,25466.75,both,-25463.61,False
2024-01-11,3.200000047683716,25519.25,both,-25516.05,False
2024-01-14,3.319999933242798,25974.84,both,-25971.52,False
2024-01-15,3.3299999237060547,26250.73,both,-26247.4,False
2024-01-16,3.3499999046325684,26938.14,both,-26934.79,False
2024-01-17,3.2699999809265137,26758.26,both,-26754.99,False
2024-01-18,3.4600000381469727,26842.67,both,-26839.21,False
2024-01-21,3.5799999237060547,27719.37,both,-27715.79,False
2024-01-22,3.490000009536743,28050.33,both,-28046.84,False
2024-01-23,3.380000114440918,27587.0,both,-27583.62,False
2024-01-24,3.299999952316284,27666.18,both,-27662.88,False
2024-01-28,3.2699999809265137,28625.76,both,-28622.49,False
2024-01-29,3.3399999141693115,29227.79,both,-29224.45,False
2024-01-30,3.5,30347.3,both,-30343.8,False
2024-01-31,3.130000114440918,28281.91,both,-28278.78,False
2024-02-01,3.220000028610229,28434.37,both,-28431.15,False
2024-02-04,3.4600000381469727,27573.5,both,-27570.04,False
2024-02-05,3.609999895095825,27665.75,both,-27662.14,False
2024-02-06,3.650000095367432,27270.63,both,-27266.98,False
2024-02-07,3.549999952316284,27905.95,both,-27902.4,False
2024-02-08,3.559999942779541,28411.41,both,-28407.85,False
2024-02-11,3.539999961853028,28199.04,both,-28195.5,False
2024-02-12,3.650000095367432,28494.72,both,-28491.07,False
2024-02-13,3.650000095367432,28604.54,both,-28600.89,False
2024-02-14,3.690000057220459,28874.99,both,-28871.3,False
2024-02-15,3.759999990463257,28926.15,both,-28922.39,False
2024-02-18,3.759999990463257,29125.57,both,-29121.81,False
2024-02-19,3.849999904632568,29452.4,both,-29448.55,False
2024-02-20,4.239999771118164,29330.66,both,-29326.42,False
2024-02-21,4.239999771118164,29292.05,both,-29287.81,False
2024-02-22,4.480000019073486,29309.73,both,-29305.25,False
2024-02-25,4.940000057220459,27840.86,both,-27835.92,False
2024-02-26,5.059999942779541,28931.92,both,-28926.86,False
2024-02-27,5.099999904632568,29205.16,both,-29200.06,False
2024-02-28,4.829999923706055,28876.46,both,-28871.63,False
2024-02-29,4.769999980926514,28964.41,both,-28959.64,False
2024-03-03,4.840000152587891,29058.33,both,-29053.49,False
2024-03-04,4.980000019073486,30542.33,both,-30537.35,False
2024-03-05,4.860000133514404,30668.89,both,-30664.03,False
2024-03-06,4.300000190734863,29743.11,both,-29738.81,False
2024-03-07,4.300000190734863,31300.54,both,-31296.24,False
2024-03-10,4.210000038146973,32919.95,both,-32915.74,False
2024-03-11,4.039999961853027,33382.51,both,-33378.47,False
2024-03-12,3.900000095367432,32661.61,both,-32657.71,False
2024-03-13,3.660000085830689,31013.88,both,-31010.22,False
2024-03-14,3.740000009536743,31316.43,both,-31312.69,False
2024-03-17,3.5999999046325684,31061.88,both,-31058.28,False
2024-03-18,3.2799999713897705,29091.29,both,-29088.01,False
2024-03-19,3.299999952316284,28675.7,both,-28672.4,False
2024-03-20,3.200000047683716,28589.37,both,-28586.17,False
2024-03-21,3.299999952316284,29054.96,both,-29051.66,False
2024-03-24,3.2699999809265137,29060.02,both,-29056.75,False
2024-03-25,3.640000104904175,29344.46,both,-29340.82,False
2024-03-26,3.490000009536743,29057.5,both,-29054.01,False
2024-03-27,3.299999952316284,28224.37,both,-28221.07,False
2024-03-28,3.380000114440918,27559.35,both,-27555.97,False
2024-03-31,3.289999961853028,26883.39,both,-26880.1,False
2024-04-01,3.5999999046325684,28297.17,both,-28293.57,False
2024-04-02,3.5799999237060547,27934.36,both,-27930.78,False
2024-04-03,3.559999942779541,27937.22,both,-27933.66,False
2024-04-04,3.609999895095825,28506.16,both,-28502.55,False
2024-04-07,3.5199999809265137,28151.66,both,-28148.14,False
2024-04-08,3.650000095367432,28503.75,both,-28500.1,False
2024-04-15,3.849999904632568,29616.47,both,-29612.62,False
2024-04-16,3.869999885559082,29400.84,both,-29396.97,False
2024-04-17,4.070000171661377,29667.71,both,-29663.64,False
2024-04-18,3.859999895095825,28332.65,both,-28328.79,False
2024-04-21,3.940000057220459,28623.39,both,-28619.45,False
2024-04-22,3.839999914169312,28144.22,both,-28140.38,False
2024-04-23,3.680000066757202,26777.05,both,-26773.37,False
2024-04-24,3.430000066757202,25917.59,both,-25914.16,False
2024-04-28,3.430000066757202,24639.63,both,-24636.2,False
2024-04-29,3.359999895095825,26011.28,both,-26007.92,False
2024-04-30,3.0999999046325684,24448.73,both,-24445.63,False
2024-05-01,,25270.55,right_only,,False
2024-05-02,3.259999990463257,26113.71,both,-26110.45,False
2024-05-07,3.2699999809265137,26429.69,both,-26426.42,False
2024-05-08,3.25,25988.93,both,-25985.68,False
2024-05-09,3.220000028610229,26003.16,both,-25999.94,False
2024-05-12,3.069999933242798,25155.92,both,-25152.85,False
2024-05-13,3.069999933242798,25381.25,both,-25378.18,False
2024-05-14,3.0199999809265137,25339.77,both,-25336.75,False
2024-05-15,3.0,25316.08,both,-25313.08,False
2024-05-16,3.150000095367432,26142.84,both,-26139.69,False
2024-05-19,3.319999933242798,27315.83,both,-27312.51,False
2024-05-20,3.319999933242798,27228.85,both,-27225.53,False
2024-05-21,3.5,27224.8,both,-27221.3,False
2024-05-22,3.569999933242798,27227.44,both,-27223.87,False
2024-05-23,3.549999952316284,27205.14,both,-27201.59,False
2024-05-26,3.549999952316284,27539.21,both,-27535.66,False
2024-05-27,3.630000114440918,27287.31,both,-27283.68,False
2024-05-28,3.759999990463257,27194.51,both,-27190.75,False
2024-05-29,3.7699999809265137,27089.68,both,-27085.91,False
2024-05-30,3.7300000190734863,26922.76,both,-26919.03,False
2024-06-02,3.700000047683716,26869.85,both,-26866.15,False
2024-06-03,3.700000047683716,26834.47,both,-26830.77,False
2024-06-04,3.849999904632568,26973.0,both,-26969.15,False
2024-06-05,3.920000076293945,26634.3,both,-26630.38,False
2024-06-06,3.7899999618530273,26428.65,both,-26424.86,False
2024-06-09,4.050000190734863,25659.13,both,-25655.08,False
2024-06-10,3.950000047683716,25896.56,both,-25892.61,False
2024-06-11,4.119999885559082,26082.29,both,-26078.17,False
2024-06-12,4.039999961853027,26133.39,both,-26129.35,False
2024-06-13,4.010000228881836,26417.6,both,-26413.59,False
2024-06-23,4.119999885559082,27062.37,both,-27058.25,False
2024-06-24,4.039999961853027,26902.4,both,-26898.36,False
2024-06-25,4.110000133514404,27264.23,both,-27260.12,False
2024-06-26,4.309999942779541,27500.56,both,-27496.25,False
2024-06-27,4.210000038146973,27766.27,both,-27762.06,False
2024-07-01,,27969.59,right_only,,False
2024-07-02,4.369999885559082,27985.89,both,-27981.52,False
2024-07-03,4.380000114440918,28161.17,both,-28156.79,False
2024-07-04,4.300000190734863,28364.79,both,-28360.49,False
2024-07-07,4.480000019073486,28602.14,both,-28597.66,False
2024-07-08,4.559999942779541,28411.87,both,-28407.31,False
2024-07-09,4.599999904632568,28466.24,both,-28461.64,False
2024-07-10,4.570000171661377,28287.98,both,-28283.41,False
2024-07-14,4.53000020980835,28042.06,both,-28037.53,False
2024-07-15,4.570000171661377,27952.04,both,-27947.47,False
2024-07-16,4.769999980926514,27828.92,both,-27824.15,False
2024-07-17,4.900000095367432,28340.42,both,-28335.52,False
2024-07-18,4.75,28653.85,both,-28649.1,False
2024-07-21,4.800000190734863,28783.24,both,-28778.44,False
2024-07-22,4.699999809265137,28992.34,both,-28987.64,False
2024-07-23,4.71999979019165,29195.24,both,-29190.52,False
2024-07-24,4.650000095367432,29090.57,both,-29085.92,False
2024-07-28,4.610000133514404,29036.32,both,-29031.71,False
2024-07-29,4.650000095367432,28851.23,both,-28846.58,False
2024-07-30,4.71999979019165,29039.42,both,-29034.7,False
2024-07-31,4.630000114440918,29378.82,both,-29374.19,False
2024-08-01,4.420000076293945,29359.87,both,-29355.45,False
2024-08-04,4.269999980926514,28503.63,both,-28499.36,False
2024-08-05,4.03000020980835,27840.64,both,-27836.61,False
2024-08-06,4.159999847412109,28210.41,both,-28206.25,False
2024-08-07,4.190000057220459,28628.19,both,-28624.0,False
2024-08-08,4.130000114440918,28750.82,both,-28746.69,False
2024-08-11,4.380000114440918,29532.67,both,-29528.29,False
2024-08-12,4.429999828338623,29706.7,both,-29702.27,False
2024-08-13,4.360000133514404,29331.04,both,-29326.68,False
2024-08-14,4.420000076293945,29567.0,both,-29562.58,False
2024-08-15,4.670000076293945,29629.14,both,-29624.47,False
2024-08-18,4.739999771118164,29460.24,both,-29455.5,False
2024-08-19,5.039999961853027,29320.18,both,-29315.14,False
2024-08-20,5.019999980926514,29915.24,both,-29910.22,False
2024-08-21,5.199999809265137,29914.29,both,-29909.09,False
2024-08-22,5.360000133514404,30141.08,both,-30135.72,False
2024-08-25,5.989999771118164,30073.95,both,-30067.96,False
2024-08-26,5.909999847412109,30133.81,both,-30127.9,False
2024-08-27,5.920000076293945,30363.15,both,-30357.23,False
2024-08-28,6.300000190734863,30709.59,both,-30703.29,False
2024-08-29,6.369999885559082,30774.19,both,-30767.82,False
2024-09-01,6.889999866485596,30902.88,both,-30895.99,False
2024-09-02,6.579999923706055,30731.98,both,-30725.4,False
2024-09-03,6.46999979019165,31018.48,both,-31012.01,False
2024-09-04,6.409999847412109,30998.19,both,-30991.78,False
2024-09-05,6.440000057220459,31029.7,both,-31023.26,False
2024-09-08,6.309999942779541,30273.73,both,-30267.42,False
2024-09-09,6.539999961853027,30374.96,both,-30368.42,False
2024-09-10,6.349999904632568,30104.35,both,-30098.0,False
2024-09-11,6.53000020980835,30485.63,both,-30479.1,False
2024-09-12,6.420000076293945,30497.83,both,-30491.41,False
2024-09-16,6.28000020980835,30260.24,both,-30253.96,False
2024-09-17,6.059999942779541,30159.15,both,-30153.09,False
2024-09-18,5.940000057220459,30342.46,both,-30336.52,False
2024-09-19,6.369999885559082,30937.69,both,-30931.32,False
2024-09-22,6.449999809265137,31038.41,both,-31031.96,False
2024-09-23,6.349999904632568,31022.54,both,-31016.19,False
2024-09-24,6.519999980926514,30871.1,both,-30864.58,False
2024-09-25,6.46999979019165,31250.64,both,-31244.17,False
2024-09-26,6.519999980926514,31276.91,both,-31270.39,False
2024-09-29,6.510000228881836,31459.09,both,-31452.58,False
2024-09-30,6.650000095367432,31587.04,both,-31580.39,False
2024-10-01,6.559999942779541,31866.06,both,-31859.5,False
2024-10-02,6.739999771118164,31332.73,both,-31325.99,False
2024-10-03,6.769999980926514,31720.5,both,-31713.73,False
2024-10-07,6.460000038146973,31819.16,both,-31812.7,False
2024-10-08,6.230000019073486,30851.63,both,-30845.4,False
2024-10-09,6.269999980926514,31175.43,both,-31169.16,False
2024-10-10,6.090000152587891,30762.32,both,-30756.23,False
2024-10-13,5.710000038146973,29954.12,both,-29948.41,False
2024-10-14,5.840000152587891,30273.06,both,-30267.22,False
2024-10-15,5.900000095367432,30584.24,both,-30578.34,False
2024-10-16,5.659999847412109,30545.11,both,-30539.45,False
2024-10-17,5.349999904632568,30143.86,both,-30138.51,False
2024-10-20,5.139999866485596,29528.79,both,-29523.65,False
2024-10-21,5.599999904632568,30445.2,both,-30439.6,False
2024-10-22,5.75,30427.35,both,-30421.6,False
2024-10-23,5.789999961853027,30414.05,both,-30408.26,False
2024-10-24,5.889999866485596,30552.82,both,-30546.93,False
2024-10-27,5.949999809265137,30812.23,both,-30806.28,False
2024-10-28,5.889999866485596,30773.53,both,-30767.64,False
2024-10-29,5.650000095367432,30619.96,both,-30614.31,False
2024-10-30,5.670000076293945,30371.26,both,-30365.59,False
2024-10-31,5.650000095367432,30658.0,both,-30652.35,False
2024-11-03,5.739999771118164,30833.13,both,-30827.39,False
2024-11-04,5.760000228881836,30650.04,both,-30644.28,False
2024-11-05,5.690000057220459,30793.94,both,-30788.25,False
2024-11-06,5.71999979019165,31045.26,both,-31039.54,False
2024-11-07,5.809999942779541,31267.47,both,-31261.66,False
2024-11-10,5.800000190734863,31394.33,both,-31388.53,False
2024-11-11,5.809999942779541,31621.29,both,-31615.48,False
2024-11-12,5.889999866485596,31582.39,both,-31576.5,False
2024-11-13,5.760000228881836,31433.01,both,-31427.25,False
2024-11-14,5.78000020980835,31462.21,both,-31456.43,False
2024-11-17,5.699999809265137,31252.07,both,-31246.37,False
2024-11-18,5.46999979019165,30864.34,both,-30858.87,False
2024-11-19,5.409999847412109,30688.3,both,-30682.89,False
2024-11-20,5.599999904632568,30587.99,both,-30582.39,False
2024-11-21,5.579999923706055,30631.8,both,-30626.22,False
2024-11-24,5.449999809265137,30397.22,both,-30391.77,False
2024-11-25,5.409999847412109,30270.51,both,-30265.1,False
2024-11-26,5.380000114440918,30284.35,both,-30278.97,False
2024-11-27,5.28000020980835,29846.04,both,-29840.76,False
2024-11-28,5.449999809265137,30242.13,both,-30236.68,False
2024-12-01,5.909999847412109,30497.13,both,-30491.22,False
2024-12-02,6.179999828338623,30525.32,both,-30519.14,False
2024-12-03,5.960000038146973,30628.74,both,-30622.78,False
2024-12-04,6.230000019073486,30832.61,both,-30826.38,False
2024-12-05,6.170000076293945,30839.57,both,-30833.4,False
2024-12-08,6.449999809265137,31060.51,both,-31054.06,False
2024-12-09,6.5,31005.12,both,-30998.62,False
2024-12-10,6.460000038146973,30617.83,both,-30611.37,False
2024-12-11,6.559999942779541,30739.26,both,-30732.7,False
2024-12-12,6.639999866485596,30795.09,both,-30788.45,False
2024-12-15,6.730000019073486,30776.0,both,-30769.27,False
2024-12-16,6.659999847412109,30799.43,both,-30792.77,False
2024-12-17,6.480000019073486,30601.64,both,-30595.16,False
2024-12-18,6.349999904632568,30503.07,both,-30496.72,False
2024-12-19,6.369999885559082,30526.71,both,-30520.34,False
2024-12-22,6.389999866485596,30372.7,both,-30366.31,False
2024-12-23,6.199999809265137,30118.38,both,-30112.18,False
2024-12-24,6.130000114440918,29973.15,both,-29967.02,False
2024-12-25,6.260000228881836,30005.0,both,-29998.74,False
2024-12-26,6.300000190734863,29957.97,both,-29951.67,False
2024-12-29,6.5,29594.48,both,-29587.98,False
2024-12-30,6.400000095367432,29325.2,both,-29318.8,False
2024-12-31,6.539999961853027,29740.58,both,-29734.04,False
2025-01-02,6.940000057220459,30060.48,both,-30053.54,False
2025-01-05,7.059999942779541,30183.61,both,-30176.55,False
2025-01-06,7.150000095367432,29929.64,both,-29922.49,False
2025-01-08,7.110000133514404,29785.91,both,-29778.8,False
2025-01-09,7.010000228881836,29444.65,both,-29437.64,False
2025-01-12,6.829999923706055,29277.45,both,-29270.62,False
2025-01-13,6.519999980926514,28556.28,both,-28549.76,False
2025-01-14,6.559999942779541,28967.09,both,-28960.53,False
2025-01-15,6.610000133514404,29389.93,both,-29383.32,False
2025-01-16,6.599999904632568,29605.12,both,-29598.52,False
2025-01-19,6.789999961853027,29728.61,both,-29721.82,False
2025-01-20,6.739999771118164,29619.39,both,-29612.65,False
2025-01-21,6.809999942779541,29826.58,both,-29819.77,False
2025-01-22,6.900000095367432,29979.14,both,-29972.24,False
2025-01-23,6.880000114440918,29997.69,both,-29990.81,False
2025-01-26,6.699999809265137,30034.85,both,-30028.15,False
2025-01-27,6.610000133514404,29742.12,both,-29735.51,False
2025-01-28,6.599999904632568,29646.6,both,-29640.0,False
2025-01-29,6.639999866485596,29891.61,both,-29884.97,False
2025-01-30,6.550000190734863,30010.62,both,-30004.07,False
2025-02-02,6.510000228881836,29917.96,both,-29911.45,False
2025-02-03,6.340000152587891,29754.77,both,-29748.43,False
2025-02-04,6.400000095367432,29668.47,both,-29662.07,False
2025-02-05,6.429999828338623,29735.59,both,-29729.16,False
2025-02-06,6.480000019073486,30011.84,both,-30005.36,False
2025-02-09,6.400000095367432,30014.27,both,-30007.87,False
2025-02-10,6.440000057220459,29905.41,both,-29898.97,False
2025-02-11,6.099999904632568,29564.21,both,-29558.11,False
2025-02-12,6.289999961853027,29661.99,both,-29655.7,False
2025-02-13,6.190000057220459,29997.11,both,-29990.92,False
2025-02-16,6.449999809265137,30443.82,both,-30437.37,False
2025-02-17,6.369999885559082,30436.71,both,-30430.34,False
2025-02-18,6.349999904632568,30587.81,both,-30581.46,False
2025-02-19,6.360000133514404,30875.28,both,-30868.92,False
2025-02-20,6.650000095367432,30914.72,both,-30908.07,False
2025-02-23,6.539999961853027,31010.25,both,-31003.71,False
2025-02-24,6.46999979019165,30925.29,both,-30918.82,False
2025-02-25,6.369999885559082,30654.92,both,-30648.55,False
2025-02-26,6.28000020980835,30631.95,both,-30625.67,False
2025-02-27,6.25,30610.44,both,-30604.19,False
2025-03-02,6.400000095367432,30857.77,both,-30851.37,False
2025-03-03,6.460000038146973,30988.51,both,-30982.05,False
2025-03-04,6.400000095367432,30762.85,both,-30756.45,False
2025-03-05,6.5,30876.44,both,-30869.94,False
2025-03-06,6.539999961853027,30947.44,both,-30940.9,False
2025-03-09,6.760000228881836,31130.68,both,-31123.92,False
2025-03-10,6.679999828338623,31137.03,both,-31130.35,False
2025-03-11,6.840000152587891,30935.23,both,-30928.39,False
2025-03-12,6.940000057220459,31049.03,both,-31042.09,False
2025-03-13,6.809999942779541,31290.62,both,-31283.81,False
2025-03-16,6.849999904632568,31338.34,both,-31331.49,False
2025-03-17,6.730000019073486,31458.59,both,-31451.86,False
2025-03-18,7.199999809265137,31608.69,both,-31601.49,False
2025-03-19,7.349999904632568,31348.47,both,-31341.12,False
2025-03-20,7.28000020980835,31677.58,both,-31670.3,False
2025-03-23,7.480000019073486,31933.76,both,-31926.28,False
2025-03-24,7.269999980926514,31810.98,both,-31803.71,False
2025-03-25,7.019999980926514,31761.97,both,-31754.95,False
2025-03-26,6.960000038146973,31744.3,both,-31737.34,False
2025-03-27,7.070000171661377,32026.14,both,-32019.07,False
2025-04-03,7.099999904632568,31699.58,both,-31692.48,False
2025-04-06,6.769999980926514,30639.52,both,-30632.75,False
2025-04-07,6.650000095367432,30453.94,both,-30447.29,False
2025-04-08,6.659999847412109,30648.98,both,-30642.32,False
2025-04-09,6.289999961853027,30079.93,both,-30073.64,False
2025-04-10,6.409999847412109,30810.7,both,-30804.29,False
2025-04-13,6.53000020980835,31174.62,both,-31168.09,False
2025-04-14,6.519999980926514,31182.37,both,-31175.85,False
2025-04-15,6.659999847412109,31185.03,both,-31178.37,False
2025-04-16,6.539999961853027,31030.7,both,-31024.16,False
2025-04-17,6.519999980926514,31062.95,both,-31056.43,False
2025-04-22,6.53000020980835,30844.18,both,-30837.65,False
2025-04-23,6.619999885559082,31640.22,both,-31633.6,False
2025-04-27,6.860000133514404,31855.12,both,-31848.26,False
2025-04-28,6.860000133514404,32015.02,both,-32008.16,False
2025-04-29,6.760000228881836,32043.48,both,-32036.72,False
2025-04-30,6.71999979019165,32126.22,both,-32119.5,False
2025-05-04,7.03000020980835,32351.66,both,-32344.63,False
2025-05-05,7.079999923706055,32211.75,both,-32204.67,False
2025-05-06,7.070000171661377,32285.45,both,-32278.38,False
2025-05-07,7.010000228881836,31840.44,both,-31833.43,False
2025-05-08,6.900000095367432,31772.04,both,-31765.14,False
2025-05-11,6.730000019073486,31427.98,both,-31421.25,False
2025-05-12,6.760000228881836,31577.01,both,-31570.25,False
2025-05-13,6.840000152587891,31692.77,both,-31685.93,False
2025-05-14,6.889999866485596,31827.86,both,-31820.97,False
2025-05-15,6.869999885559082,31941.15,both,-31934.28,False
2025-05-18,6.789999961853027,31713.7,both,-31706.91,False
2025-05-19,6.639999866485596,31355.82,both,-31349.18,False
2025-05-20,6.739999771118164,31629.34,both,-31622.6,False
2025-05-21,6.820000171661377,31836.63,both,-31829.81,False
2025-05-22,7.050000190734863,31975.63,both,-31968.58,False
2025-05-25,7.289999961853027,32023.89,both,-32016.6,False
2025-05-26,7.360000133514404,31922.5,both,-31915.14,False
2025-05-27,7.699999809265137,32397.38,both,-32389.68,False
2025-05-28,7.670000076293945,32493.89,both,-32486.22,False
2025-05-29,8.020000457763672,32696.79,both,-32688.77,False
2025-06-01,7.989999771118164,32500.03,both,-32492.04,False
2025-06-02,7.949999809265137,32325.12,both,-32317.17,False
2025-06-03,8.039999961853027,32355.41,both,-32347.37,False
2025-06-04,8.229999542236328,32677.87,both,-32669.64,False
2025-06-10,8.569999694824219,32904.06,both,-32895.49,False
2025-06-11,8.5,32935.19,both,-32926.69,False
2025-06-12,8.149999618530273,32511.68,both,-32503.53,False
2025-06-15,7.940000057220459,31016.0,both,-31008.06,False
2025-06-16,7.829999923706055,31042.36,both,-31034.53,False
2025-06-17,7.710000038146973,30725.96,both,-30718.25,False
2025-06-18,7.829999923706055,30838.98,both,-30831.15,False
2025-06-19,7.75,30248.44,both,-30240.69,False
2025-06-22,7.960000038146973,31055.98,both,-31048.02,False
2025-06-23,8.220000267028809,31418.74,both,-31410.52,False
2025-06-24,8.670000076293945,32598.55,both,-32589.88,False
2025-06-25,9.0600004196167,33002.85,both,-32993.79,False
2025-06-29,9.029999732971191,33206.76,both,-33197.73,False
2025-06-30,9.0,32857.62,both,-32848.62,False
2025-07-01,8.800000190734863,32707.22,both,-32698.42,False
2025-07-02,9.170000076293944,32820.49,both,-32811.32,False
2025-07-06,9.199999809265137,,left_only,,False
2025-07-07,9.15999984741211,33037.62,both,-33028.46,False
2025-07-09,9.4399995803833,33152.39,both,-33142.95,False
2025-07-10,9.15999984741211,33324.38,both,-33315.22,False
2025-07-13,8.960000038146973,33053.47,both,-33044.51,False
2025-07-14,9.100000381469728,33727.44,both,-33718.34,False
2025-07-15,8.920000076293945,33934.63,both,-33925.71,False
2025-07-16,8.800000190734863,33473.77,both,-33464.97,False
2025-07-17,8.829999923706055,33821.03,both,-33812.2,False
2025-07-20,8.770000457763672,34071.0,both,-34062.23,False
2025-07-21,8.729999542236328,34129.59,both,-34120.86,False
2025-07-22,8.5600004196167,33803.34,both,-33794.78,False
2025-07-23,8.5600004196167,34125.12,both,-34116.56,False
2025-07-27,8.510000228881836,34554.24,both,-34545.73,False
2025-07-28,8.1899995803833,34076.22,both,-34068.03,False
2025-07-29,8.069999694824219,34085.74,both,-34077.67,False
2025-07-30,8.15999984741211,33859.68,both,-33851.52,False
2025-07-31,8.289999961853027,34198.0,both,-34189.71,False
2025-08-03,8.289999961853027,34272.16,both,-34263.87,False
2025-08-04,8.289999961853027,34704.51,both,-34696.22,False
2025-08-05,8.289999961853027,35254.18,both,-35245.89,False
2025-08-06,8.289999961853027,35480.25,both,-35471.96,False
2025-08-07,8.289999961853027,35809.36,both,-35801.07,False
2025-08-10,8.350000381469727,36109.77,both,-36101.42,False
2025-08-11,8.3100004196167,35908.5,both,-35900.19,False
2025-08-12,8.210000038146973,36003.65,both,-35995.44,False
2025-08-13,8.1899995803833,35855.26,both,-35847.07,False
2025-08-14,8.079999923706055,35576.42,both,-35568.34,False
2025-08-17,8.170000076293945,35972.77,both,-35964.6,False
2025-08-18,7.940000057220459,35824.78,both,-35816.84,False
2025-08-19,7.960000038146973,36100.07,both,-36092.11,False
2025-08-20,7.949999809265137,35731.83,both,-35723.88,False
2025-08-21,7.900000095367432,35622.26,both,-35614.36,False
2025-08-24,7.849999904632568,35811.88,both,-35804.03,False
2025-08-25,7.860000133514404,35810.57,both,-35802.71,False
2025-08-26,7.78000020980835,35358.34,both,-35350.56,False
2025-08-27,7.75,35676.19,both,-35668.44,False
2025-08-28,8.09000015258789,35727.19,both,-35719.1,False
2025-08-31,7.710000038146973,35148.14,both,-35140.43,False
2025-09-01,8.0,35158.88,both,-35150.88,False
2025-09-02,7.960000038146973,35156.93,both,-35148.97,False
2025-09-03,7.710000038146973,34761.97,both,-34754.26,False
2025-09-07,7.519999980926514,34455.41,both,-34447.89,False
2025-09-08,7.489999771118164,34601.53,both,-34594.04,False
2025-09-09,7.300000190734863,34386.33,both,-34379.03,False
2025-09-10,7.260000228881836,34670.1,both,-34662.84,False
2025-09-11,7.099999904632568,34937.44,both,-34930.34,False
2025-09-14,7.320000171661377,35111.82,both,-35104.5,False
2025-09-15,7.210000038146973,35165.84,both,-35158.63,False
2025-09-16,7.050000190734863,34840.82,both,-34833.77,False
2025-09-17,7.070000171661377,34974.84,both,-34967.77,False
2025-09-18,7.170000076293945,35403.0,both,-35395.83,False
2025-09-21,7.130000114440918,35247.04,both,-35239.91,False
2025-09-22,7.159999847412109,35210.7,both,-35203.54,False
2025-09-23,7.079999923706055,35328.63,both,-35321.55,False
2025-09-24,7.300000190734863,35949.12,both,-35941.82,False
2025-09-25,7.300000190734863,35671.43,both,-35664.13,False
2025-09-28,7.289999961853027,36166.08,both,-36158.79,False
2025-09-29,7.420000076293945,36391.0,both,-36383.58,False
2025-09-30,7.380000114440918,36670.08,both,-36662.7,False
2025-10-01,7.360000133514404,36769.18,both,-36761.82,False
2025-10-02,7.429999828338623,36900.7,both,-36893.27,False
2025-10-05,7.5,37210.83,both,-37203.33,False
2025-10-06,7.409999847412109,37094.8,both,-37087.39,False
2025-10-07,7.400000095367432,37097.37,both,-37089.97,False
2025-10-08,7.309999942779541,37376.93,both,-37369.62,False
2025-10-12,7.409999847412109,37378.58,both,-37371.17,False
2025-10-13,7.519999980926514,37409.85,both,-37402.33,False
2025-10-14,7.639999866485596,37459.13,both,-37451.49,False
2025-10-15,7.75,37654.04,both,-37646.29,False
2025-10-16,7.730000019073486,37677.19,both,-37669.46,False
2025-10-19,7.96999979019165,37909.61,both,-37901.64,False
2025-10-20,8.029999732971191,37975.06,both,-37967.03,False
2025-10-21,8.010000228881836,37698.49,both,-37690.48,False
2025-10-22,7.96999979019165,37576.55,both,-37568.58,False
2025-10-23,7.929999828338623,37687.04,both,-37679.11,False
2025-10-26,8.069999694824219,38101.96,both,-38093.89,False
2025-10-27,8.010000228881836,38162.01,both,-38154.0,False
2025-10-28,8.0,38304.94,both,-38296.94,False
2025-10-29,8.0,38229.53,both,-38221.53,False
2025-10-30,7.860000133514404,38267.8,both,-38259.94,False
2025-11-02,7.769999980926514,38082.88,both,-38075.11,False
2025-11-03,8.119999885559082,38622.84,both,-38614.72,False
2025-11-04,8.199999809265137,39065.73,both,-39057.53,False
2025-11-05,8.350000381469727,39132.25,both,-39123.9,False
2025-11-06,8.279999732971191,39949.66,both,-39941.38,False
2025-11-09,8.300000190734863,40821.96,both,-40813.66,False
2025-11-10,8.069999694824219,40427.35,both,-40419.28,False
2025-11-11,7.900000095367432,40261.16,both,-40253.26,False
2025-11-12,8.15999984741211,40228.76,both,-40220.6,False
2025-11-13,8.180000305175781,40190.62,both,-40182.44,False
2025-11-16,8.170000076293945,41211.27,both,-41203.1,False
2025-11-17,8.359999656677246,41065.75,both,-41057.39,False
2025-11-18,8.229999542236328,40501.28,both,-40493.05,False
2025-11-19,8.239999771118164,40509.16,both,-40500.92,False
2025-11-20,8.140000343322754,40302.39,both,-40294.25,False
2025-11-23,8.09000015258789,40445.66,both,-40437.57,False
2025-11-24,7.900000095367432,39725.26,both,-39717.36,False
2025-11-25,8.0,39902.53,both,-39894.53,False
2025-11-26,7.920000076293945,39537.25,both,-39529.33,False
2025-11-27,8.09000015258789,40039.24,both,-40031.15,False
2025-11-30,8.289999961853027,40753.45,both,-40745.16,False
2025-12-01,8.15999984741211,40693.92,both,-40685.76,False
2025-12-02,8.050000190734863,40625.63,both,-40617.58,False
2025-12-03,8.100000381469727,41342.03,both,-41333.93,False
2025-12-04,8.079999923706055,41499.07,both,-41490.99,False
2025-12-07,8.600000381469727,41762.43,both,-41753.83,False
2025-12-08,8.630000114440918,41963.24,both,-41954.61,False
2025-12-09,8.600000381469727,41940.62,both,-41932.02,False
2025-12-10,8.5,42052.79,both,-42044.29,False
2025-12-11,8.5,42033.78,both,-42025.28,False
2025-12-14,8.430000305175781,42065.2,both,-42056.77,False
2025-12-15,8.670000076293945,42305.36,both,-42296.69,False
2025-12-16,8.550000190734863,42002.37,both,-41993.82,False
2025-12-17,8.449999809265137,41504.03,both,-41495.58,False
2025-12-18,8.300000190734863,40926.86,both,-40918.56,False
2025-12-21,8.300000190734863,41348.38,both,-41340.08,False
2025-12-22,8.369999885559082,41102.76,both,-41094.39,False
2025-12-23,8.25,41419.32,both,-41411.07,False
2025-12-24,8.350000381469727,41508.31,both,-41499.96,False
2025-12-25,8.399999618530273,41253.02,both,-41244.62,False
2025-12-28,8.550000190734863,41604.74,both,-41596.19,False
2025-12-29,8.489999771118164,41731.68,both,-41723.19,False
2025-12-30,8.510000228881836,41689.96,both,-41681.45,False
2025-12-31,8.609999656677246,41828.97,both,-41820.36,False
2026-01-04,8.479999542236328,40898.15,both,-40889.67,False
2026-01-05,8.399999618530273,40676.98,both,-40668.58,False
2026-01-06,8.369999885559082,41543.46,both,-41535.09,False
2026-01-08,8.199999809265137,41856.76,both,-41848.56,False
2026-01-11,8.789999961853027,42895.41,both,-42886.62,False
2026-01-12,8.699999809265137,43404.25,both,-43395.55,False
2026-01-13,8.399999618530273,43684.22,both,-43675.82,False
2026-01-14,8.4399995803833,43058.34,both,-43049.9,False
2026-01-15,8.460000038146973,43346.87,both,-43338.41,False
2026-01-18,8.5,43952.52,both,-43944.02,False
2026-01-19,8.569999694824219,45048.44,both,-45039.87,False
2026-01-20,8.729999542236328,45905.16,both,-45896.43,False
2026-01-21,8.970000267028809,46048.69,both,-46039.72,False
2026-01-22,8.800000190734863,46462.32,both,-46453.52,False
2026-01-25,8.850000381469727,46857.73,both,-46848.88,False
2026-01-26,8.710000038146973,47507.43,both,-47498.72,False
2026-01-27,8.699999809265137,47834.55,both,-47825.85,False
2026-01-28,8.600000381469727,47785.93,both,-47777.33,False
2026-02-01,8.699999809265137,47662.74,both,-47654.04,False
2026-02-02,8.699999809265137,47606.28,both,-47597.58,False
2026-02-03,9.050000190734863,48978.48,both,-48969.43,False
2026-02-04,8.859999656677246,49631.56,both,-49622.7,False
2026-02-05,8.829999923706055,49739.03,both,-49730.2,False
2026-02-08,8.90999984741211,50035.23,both,-50026.32,False
2026-02-09,8.90999984741211,50293.53,both,-50284.62,False
2026-02-10,8.890000343322754,50376.15,both,-50367.26,False
2026-02-11,8.960000038146973,49700.24,both,-49691.28,False
2026-02-12,8.850000381469727,50490.2,both,-50481.35,False
2026-02-15,9.300000190734863,52308.32,both,-52299.02,False
2026-02-16,9.380000114440918,51493.53,both,-51484.15,False
2026-02-17,9.699999809265137,51833.76,both,-51824.06,False
2026-02-18,9.739999771118164,52222.34,both,-52212.6,False
2026-02-19,9.399999618530272,50667.67,both,-50658.27,False
2026-02-22,9.260000228881836,49560.88,both,-49551.62,False
2026-02-23,9.4399995803833,50870.06,both,-50860.62,False
2026-02-24,9.25,50390.21,both,-50380.96,False
2026-02-25,8.989999771118164,49014.32,both,-49005.33,False
2026-02-26,9.050000190734863,49212.83,both,-49203.78,False
2026-03-01,8.899999618530273,47984.26,both,-47975.36,False
2026-03-02,8.850000381469727,47692.49,both,-47683.64,False
2026-03-03,8.720000267028809,46725.81,both,-46717.09,False
2026-03-04,8.670000076293945,46452.14,both,-46443.47,False
2026-03-05,9.239999771118164,47516.44,both,-47507.2,False
2026-03-08,8.75,46774.24,both,-46765.49,False
2026-03-09,8.670000076293945,46414.85,both,-46406.18,False
2026-03-10,8.899999618530273,47772.74,both,-47763.84,False
2026-03-11,8.800000190734863,47195.39,both,-47186.59,False
2026-03-12,8.680000305175781,46790.96,both,-46782.28,False
2026-03-15,8.600000381469727,45926.93,both,-45918.33,False
2026-03-16,8.199999809265137,45187.72,both,-45179.52,False
2026-03-17,8.489999771118164,46054.61,both,-46046.12,False
2026-03-18,8.510000228881836,47611.96,both,-47603.45,False
2026-03-19,8.510000228881836,,left_only,,False
2026-03-24,8.65999984741211,46930.88,both,-46922.22,False
2026-03-25,8.699999809265137,47497.91,both,-47489.21,False
2026-03-26,8.630000114440918,47001.89,both,-46993.26,False
2026-03-29,8.460000038146973,46404.27,both,-46395.81,False
2026-03-30,8.279999732971191,45189.89,both,-45181.61,False
2026-03-31,8.390000343322754,45321.59,both,-45313.2,False
2026-04-01,8.350000381469727,46731.49,both,-46723.14,False
2026-04-02,8.460000038146973,46399.0,both,-46390.54,False
2026-04-05,8.420000076293945,47276.43,both,-47268.01,False
2026-04-06,8.460000038146973,47651.58,both,-47643.12,False
2026-04-07,8.25,46681.78,both,-46673.53,False
2026-04-08,8.630000114440918,48593.99,both,-48585.36,False
2026-04-09,8.430000305175781,49078.6,both,-49070.17,False
2026-04-12,,49078.6,right_only,,False
2026-04-14,8.550000190734863,49978.62,both,-49970.07,False
2026-04-15,8.880000114440918,50733.14,both,-50724.26,False
2026-04-16,9.300000190734863,51437.78,both,-51428.48,False
2026-04-19,9.65999984741211,52372.64,both,-52362.98,False
2026-04-20,9.760000228881836,51813.43,both,-51803.67,False
2026-04-21,10.970000267028809,51977.34,both,-51966.37,False
2026-04-22,11.5,51962.39,both,-51950.89,False
2026-04-23,11.199999809265137,52375.39,both,-52364.19,False
2026-04-26,10.970000267028809,52421.14,both,-52410.17,False
2026-04-27,11.050000190734863,52719.12,both,-52708.07,False
2026-04-28,11.130000114440918,52230.61,both,-52219.48,False
2026-04-29,11.15999984741211,52383.13,both,-52371.97,False
2026-04-30,11.359999656677246,51760.97,both,-51749.61,False
2026-05-03,12.399999618530272,52312.7,both,-52300.3,False
2026-05-04,12.539999961853027,51973.5,both,-51960.96,False
2026-05-05,12.720000267028809,52557.63,both,-52544.91,False
2026-05-06,13.300000190734863,53605.08,both,-53591.78,False
2026-05-10,14.40999984741211,54628.68,both,-54614.27,False
2026-05-11,14.350000381469728,54475.49,both,-54461.14,False
2026-05-12,14.0,54058.75,both,-54044.75,False
2026-05-13,14.300000190734863,53416.17,both,-53401.87,False
2026-05-14,13.899999618530272,53154.84,both,-53140.94,False
2026-05-17,13.539999961853027,52364.34,both,-52350.8,False
2026-05-18,13.470000267028809,52007.0,both,-51993.53,False
2026-05-19,13.6899995803833,52774.98,both,-52761.29,False
2026-05-20,13.399999618530272,51936.75,both,-51923.35,False
2026-05-21,13.770000457763672,52090.96,both,-52077.19,False
2026-05-24,14.31999969482422,52861.47,both,-52847.15,False
2026-05-25,15.170000076293944,52658.75,both,-52643.58,False
2026-05-26,15.170000076293944,,left_only,,False
2026-05-27,15.170000076293944,,left_only,,False
2026-05-28,15.170000076293944,,left_only,,False
2026-06-01,15.960000038146973,52853.94,both,-52837.98,False
2026-06-02,15.550000190734863,52927.02,both,-52911.47,False
2026-06-03,15.25,52564.42,both,-52549.17,False
2026-06-04,15.100000381469728,52652.53,both,-52637.43,False
2026-06-07,14.800000190734863,52164.6,both,-52149.8,False
2026-06-08,15.0,51882.81,both,-51867.81,False
2026-06-09,15.06999969482422,52374.8,both,-52359.73,False
2026-06-10,14.699999809265137,51256.65,both,-51241.95,False
2026-06-11,14.5,50818.84,both,-50804.34,False
2026-06-14,15.710000038146973,51994.63,both,-51978.92,False
2026-06-15,16.010000228881836,52306.66,both,-52290.65,False
2026-06-16,15.800000190734863,52047.15,both,-52031.35,False
2026-06-17,15.800000190734863,52621.84,both,-52606.04,False
2026-06-18,15.800000190734863,,left_only,,False
2026-06-21,15.859999656677246,52679.45,both,-52663.59,False
2026-06-22,15.859999656677246,52585.72,both,-52569.86,False
2026-06-23,15.5,51769.74,both,-51754.24,False
2026-06-24,15.350000381469728,51710.9,both,-51695.55,False
2026-06-25,15.130000114440918,51443.07,both,-51427.94,False
2026-06-28,14.649999618530272,50344.37,both,-50329.72,False
2026-06-29,14.649999618530272,49825.58,both,-49810.93,False
2026-06-30,14.600000381469728,50487.96,both,-50473.36,False
2026-07-01,14.550000190734863,50532.7,both,-50518.15,False
2026-07-05,14.699999809265137,51130.89,both,-51116.19,False
2026-07-06,14.829999923706056,52502.74,both,-52487.91,False
2026-07-07,14.890000343322754,53006.11,both,-52991.22,False
2026-07-08,14.779999732971191,52028.37,both,-52013.59,False
2026-07-09,14.920000076293944,52311.51,both,-52296.59,False
2026-07-12,14.899999618530272,52256.18,both,-52241.28,False
2026-07-13,14.850000381469728,52608.28,both,-52593.43,False
2026-07-14,14.699999809265137,52299.31,both,-52284.61,False
2026-07-15,15.199999809265137,52558.39,both,-52543.19,False
2026-07-16,14.90999984741211,52928.06,both,-52913.15,False
2026-07-19,14.699999809265137,52560.1,both,-52545.4,False
2026-07-20,14.649999618530272,53126.01,both,-53111.36,False
2026-07-21,15.100000381469728,53989.55,both,-53974.45,False
2026-07-22,15.010000228881836,53931.92,both,-53916.91,False
2026-07-26,14.729999542236328,,left_only,,False
2026-07-27,14.720000267028809,,left_only,,False
2026-07-28,14.600000381469728,,left_only,,False
2026-07-29,14.609999656677246,,left_only,,False
2026-07-30,14.5,,left_only,,False
