date,fetched_close,reference_close,_merge,diff,match
2014-12-23,,8710.6,right_only,,False
2014-12-24,,8766.12,right_only,,False
2014-12-25,,8740.12,right_only,,False
2014-12-28,,8745.16,right_only,,False
2014-12-29,,8958.13,right_only,,False
2014-12-30,,9005.75,right_only,,False
2014-12-31,,8926.58,right_only,,False
2015-01-04,,8942.65,right_only,,False
2015-01-05,,9011.07,right_only,,False
2015-01-06,,8798.94,right_only,,False
2015-01-08,,8946.34,right_only,,False
2015-01-11,,8909.75,right_only,,False
2015-01-12,,9109.23,right_only,,False
2015-01-13,,9308.98,right_only,,False
2015-01-14,,9544.08,right_only,,False
2015-01-15,,9555.99,right_only,,False
2015-01-18,,9530.92,right_only,,False
2015-01-19,,9599.1,right_only,,False
2015-01-20,,9804.18,right_only,,False
2015-01-21,,9856.3,right_only,,False
2015-01-22,,9898.86,right_only,,False
2015-01-26,,9834.81,right_only,,False
2015-01-27,,9946.58,right_only,,False
2015-01-28,,9863.73,right_only,,False
2015-01-29,,9843.1,right_only,,False
2015-02-01,,9779.76,right_only,,False
2015-02-02,,9830.46,right_only,,False
2015-02-03,,9954.34,right_only,,False
2015-02-04,,10045.93,right_only,,False
2015-02-05,,9965.43,right_only,,False
2015-02-08,,9957.93,right_only,,False
2015-02-09,,9884.46,right_only,,False
2015-02-10,,9900.65,right_only,,False
2015-02-11,,9770.78,right_only,,False
2015-02-12,,9747.36,right_only,,False
2015-02-15,,9789.79,right_only,,False
2015-02-16,,9585.92,right_only,,False
2015-02-17,,9433.85,right_only,,False
2015-02-18,,9537.23,right_only,,False
2015-02-19,,9481.2,right_only,,False
2015-02-22,,9494.55,right_only,,False
2015-02-23,,9601.14,right_only,,False
2015-02-24,,9611.66,right_only,,False
2015-02-25,,9469.08,right_only,,False
2015-02-26,,9334.01,right_only,,False
2015-03-01,,9283.59,right_only,,False
2015-03-02,,9456.33,right_only,,False
2015-03-03,,9475.27,right_only,,False
2015-03-04,,9461.06,right_only,,False
2015-03-05,,9575.98,right_only,,False
2015-03-08,,9638.41,right_only,,False
2015-03-09,,9713.61,right_only,,False
2015-03-10,,9709.5,right_only,,False
2015-03-11,,9576.46,right_only,,False
2015-03-12,,9640.77,right_only,,False
2015-03-15,,9726.03,right_only,,False
2015-03-16,,9529.01,right_only,,False
2015-03-17,,9561.33,right_only,,False
2015-03-18,,9484.08,right_only,,False
2015-03-19,,9518.28,right_only,,False
2015-03-22,,9354.73,right_only,,False
2015-03-23,,9374.12,right_only,,False
2015-03-24,,9367.54,right_only,,False
2015-03-25,,9198.46,right_only,,False
2015-03-26,,9052.5,right_only,,False
2015-03-29,,9062.99,right_only,,False
2015-03-30,,9118.97,right_only,,False
2015-03-31,,9134.78,right_only,,False
2015-04-01,,9099.33,right_only,,False
2015-04-02,,8891.73,right_only,,False
2015-04-05,,8607.66,right_only,,False
2015-04-06,,8508.24,right_only,,False
2015-04-07,,8716.37,right_only,,False
2015-04-08,,8788.9,right_only,,False
2015-04-09,,8892.53,right_only,,False
2015-04-14,,8927.53,right_only,,False
2015-04-15,,8896.68,right_only,,False
2015-04-16,,8886.84,right_only,,False
2015-04-19,,8765.34,right_only,,False
2015-04-20,,8595.78,right_only,,False
2015-04-21,,8575.27,right_only,,False
2015-04-22,,8629.49,right_only,,False
2015-04-23,,8731.29,right_only,,False
2015-04-26,,8633.86,right_only,,False
2015-04-27,,8493.68,right_only,,False
2015-04-28,,8330.52,right_only,,False
2015-04-29,,8488.49,right_only,,False
2015-04-30,,8672.29,right_only,,False
2015-05-03,,8562.97,right_only,,False
2015-05-04,,8652.12,right_only,,False
2015-05-05,,8828.33,right_only,,False
2015-05-06,,8756.31,right_only,,False
2015-05-07,,8742.42,right_only,,False
2015-05-10,,8692.0,right_only,,False
2015-05-11,,8691.85,right_only,,False
2015-05-12,,8674.34,right_only,,False
2015-05-13,,8526.43,right_only,,False
2015-05-14,,8303.37,right_only,,False
2015-05-17,,8260.92,right_only,,False
2015-05-18,,8798.17,right_only,,False
2015-05-19,,8877.68,right_only,,False
2015-05-20,,8826.45,right_only,,False
2015-05-21,,8988.03,right_only,,False
2015-05-24,,9121.92,right_only,,False
2015-05-25,,9050.76,right_only,,False
2015-05-26,,8975.32,right_only,,False
2015-05-27,,8966.71,right_only,,False
2015-05-28,,8912.05,right_only,,False
2015-05-31,,8782.55,right_only,,False
2015-06-01,,8745.04,right_only,,False
2015-06-02,,8847.59,right_only,,False
2015-06-03,,8905.6,right_only,,False
2015-06-04,,8780.76,right_only,,False
2015-06-07,,8728.87,right_only,,False
2015-06-08,,8672.33,right_only,,False
2015-06-09,,8660.93,right_only,,False
2015-06-10,,8639.43,right_only,,False
2015-06-11,,8626.46,right_only,,False
2015-06-14,,8534.13,right_only,,False
2015-06-15,,8515.63,right_only,,False
2015-06-16,,8556.1,right_only,,False
2015-06-17,,8556.55,right_only,,False
2015-06-18,,8576.71,right_only,,False
2015-06-21,,8535.19,right_only,,False
2015-06-22,,8489.41,right_only,,False
2015-06-23,,8444.93,right_only,,False
2015-06-24,,8456.82,right_only,,False
2015-06-25,,8406.17,right_only,,False
2015-06-28,,8511.98,right_only,,False
2015-06-29,,8371.53,right_only,,False
2015-07-02,,8314.72,right_only,,False
2015-07-05,,8218.25,right_only,,False
2015-07-06,,7870.78,right_only,,False
2015-07-07,,7752.94,right_only,,False
2015-07-08,,7550.98,right_only,,False
2015-07-09,,7617.39,right_only,,False
2015-07-12,,7691.35,right_only,,False
2015-07-13,,7587.07,right_only,,False
2015-07-14,,7686.91,right_only,,False
2015-07-15,,7882.62,right_only,,False
2015-07-16,,8022.91,right_only,,False
2015-07-21,,8049.69,right_only,,False
2015-07-22,,8087.24,right_only,,False
2015-07-26,,8004.83,right_only,,False
2015-07-27,,7887.87,right_only,,False
2015-07-28,,7949.89,right_only,,False
2015-07-29,,8105.69,right_only,,False
2015-07-30,,8191.53,right_only,,False
2015-08-02,,8158.31,right_only,,False
2015-08-03,,8087.54,right_only,,False
2015-08-04,,8181.95,right_only,,False
2015-08-05,,8114.08,right_only,,False
2015-08-09,,8011.06,right_only,,False
2015-08-10,,8028.69,right_only,,False
2015-08-11,,8083.18,right_only,,False
2015-08-12,,7911.88,right_only,,False
2015-08-13,,7879.82,right_only,,False
2015-08-16,,7625.76,right_only,,False
2015-08-17,,7594.05,right_only,,False
2015-08-18,,7398.43,right_only,,False
2015-08-19,,7240.77,right_only,,False
2015-08-20,,7172.63,right_only,,False
2015-08-23,,6784.09,right_only,,False
2015-08-24,,6654.06,right_only,,False
2015-08-25,,6836.95,right_only,,False
2015-08-26,,6873.49,right_only,,False
2015-08-27,,7078.83,right_only,,False
2015-08-30,,7055.28,right_only,,False
2015-08-31,,7252.43,right_only,,False
2015-09-01,,7203.86,right_only,,False
2015-09-02,,7150.47,right_only,,False
2015-09-03,,7295.96,right_only,,False
2015-09-06,,7273.92,right_only,,False
2015-09-07,,7166.62,right_only,,False
2015-09-08,,6924.05,right_only,,False
2015-09-09,,7050.02,right_only,,False
2015-09-10,,7039.33,right_only,,False
2015-09-13,,7082.0,right_only,,False
2015-09-14,,7158.1,right_only,,False
2015-09-15,,7175.59,right_only,,False
2015-09-16,,7266.42,right_only,,False
2015-09-17,,7267.52,right_only,,False
2015-09-20,,7234.46,right_only,,False
2015-09-21,,7285.25,right_only,,False
2015-09-22,,7346.54,right_only,,False
2015-09-28,,7409.06,right_only,,False
2015-09-29,,7331.53,right_only,,False
2015-09-30,,7332.88,right_only,,False
2015-10-01,,7310.71,right_only,,False
2015-10-04,,7263.29,right_only,,False
2015-10-05,,7239.27,right_only,,False
2015-10-07,,7354.56,right_only,,False
2015-10-08,,7491.67,right_only,,False
2015-10-11,,7547.66,right_only,,False
2015-10-12,,7650.65,right_only,,False
2015-10-13,,7669.12,right_only,,False
2015-10-15,,7594.45,right_only,,False
2015-10-18,,7538.22,right_only,,False
2015-10-19,,7621.67,right_only,,False
2015-10-20,,7658.95,right_only,,False
2015-10-21,,7669.14,right_only,,False
2015-10-22,,7611.03,right_only,,False
2015-10-25,,7653.14,right_only,,False
2015-10-26,,7577.53,right_only,,False
2015-10-27,,7534.08,right_only,,False
2015-10-28,,7479.59,right_only,,False
2015-10-29,,7507.89,right_only,,False
2015-11-01,,7413.01,right_only,,False
2015-11-02,,7434.69,right_only,,False
2015-11-03,,7432.96,right_only,,False
2015-11-04,,7450.36,right_only,,False
2015-11-05,,7541.72,right_only,,False
2015-11-08,,7347.22,right_only,,False
2015-11-09,,7138.81,right_only,,False
2015-11-10,,6824.74,right_only,,False
2015-11-11,,6801.9,right_only,,False
2015-11-12,,6806.67,right_only,,False
2015-11-15,,6522.12,right_only,,False
2015-11-16,,6480.65,right_only,,False
2015-11-17,,6407.33,right_only,,False
2015-11-18,,6413.97,right_only,,False
2015-11-19,,6568.97,right_only,,False
2015-11-22,,6607.53,right_only,,False
2015-11-23,,6451.32,right_only,,False
2015-11-24,,6321.39,right_only,,False
2015-11-25,,6391.07,right_only,,False
2015-11-26,,6427.82,right_only,,False
2015-11-29,,6477.73,right_only,,False
2015-11-30,,6356.65,right_only,,False
2015-12-01,,6424.88,right_only,,False
2015-12-02,,6649.72,right_only,,False
2015-12-03,,6779.28,right_only,,False
2015-12-06,,6837.42,right_only,,False
2015-12-07,,6777.81,right_only,,False
2015-12-08,,6608.01,right_only,,False
2015-12-09,,6629.32,right_only,,False
2015-12-10,,6637.91,right_only,,False
2015-12-13,,6395.2,right_only,,False
2015-12-14,,6408.12,right_only,,False
2015-12-15,,6421.0,right_only,,False
2015-12-16,,6488.51,right_only,,False
2015-12-17,,6669.8,right_only,,False
2015-12-20,,6707.66,right_only,,False
2015-12-21,,6762.26,right_only,,False
2015-12-22,,6769.08,right_only,,False
2015-12-24,,6812.65,right_only,,False
2015-12-27,,6749.11,right_only,,False
2015-12-28,,6744.47,right_only,,False
2015-12-29,,6794.75,right_only,,False
2015-12-30,,6981.01,right_only,,False
2015-12-31,,7006.01,right_only,,False
2016-01-03,,7089.06,right_only,,False
2016-01-04,,6982.25,right_only,,False
2016-01-05,,7021.42,right_only,,False
2016-01-06,,6922.71,right_only,,False
2016-01-10,,6782.35,right_only,,False
2016-01-11,,6634.98,right_only,,False
2016-01-12,,6463.92,right_only,,False
2016-01-13,,6205.23,right_only,,False
2016-01-14,,5857.7,right_only,,False
2016-01-17,,5760.19,right_only,,False
2016-01-18,,5941.19,right_only,,False
2016-01-19,,6097.45,right_only,,False
2016-01-20,,5776.59,right_only,,False
2016-01-21,,5713.35,right_only,,False
2016-01-24,,5893.54,right_only,,False
2016-01-26,,5896.56,right_only,,False
2016-01-27,,5960.59,right_only,,False
2016-01-28,,5986.78,right_only,,False
2016-01-31,,5992.72,right_only,,False
2016-02-01,,5906.92,right_only,,False
2016-02-02,,6008.85,right_only,,False
2016-02-03,,6066.54,right_only,,False
2016-02-04,,6202.22,right_only,,False
2016-02-07,,6126.47,right_only,,False
2016-02-08,,6174.77,right_only,,False
2016-02-09,,6004.41,right_only,,False
2016-02-10,,6062.65,right_only,,False
2016-02-11,,5813.72,right_only,,False
2016-02-14,,5753.74,right_only,,False
2016-02-15,,5800.05,right_only,,False
2016-02-16,,5894.6,right_only,,False
2016-02-17,,5947.7,right_only,,False
2016-02-18,,5944.47,right_only,,False
2016-02-21,,6007.88,right_only,,False
2016-02-22,,6086.45,right_only,,False
2016-02-23,,6104.74,right_only,,False
2016-02-24,,6054.03,right_only,,False
2016-02-25,,6079.13,right_only,,False
2016-02-28,,6156.01,right_only,,False
2016-02-29,,6146.93,right_only,,False
2016-03-01,,6115.54,right_only,,False
2016-03-02,,6076.57,right_only,,False
2016-03-03,,6089.34,right_only,,False
2016-03-06,,6214.94,right_only,,False
2016-03-07,,6261.41,right_only,,False
2016-03-08,,6339.76,right_only,,False
2016-03-09,,6372.64,right_only,,False
2016-03-10,,6563.65,right_only,,False
2016-03-13,,6563.83,right_only,,False
2016-03-14,,7003.85,right_only,,False
2016-03-15,,7139.44,right_only,,False
2016-03-16,,7228.68,right_only,,False
2016-03-17,,7485.69,right_only,,False
2016-03-20,,7465.86,right_only,,False
2016-03-21,,7494.12,right_only,,False
2016-03-22,,7430.33,right_only,,False
2016-03-23,,7495.47,right_only,,False
2016-03-24,,7548.22,right_only,,False
2016-03-27,,7480.11,right_only,,False
2016-03-28,,7494.1,right_only,,False
2016-03-29,,7567.46,right_only,,False
2016-03-30,,7485.06,right_only,,False
2016-03-31,,7524.99,right_only,,False
2016-04-03,,7521.2,right_only,,False
2016-04-04,,7577.02,right_only,,False
2016-04-05,,7657.98,right_only,,False
2016-04-06,,7459.84,right_only,,False
2016-04-07,,7478.74,right_only,,False
2016-04-10,,7403.77,right_only,,False
2016-04-11,,7342.46,right_only,,False
2016-04-12,,7331.05,right_only,,False
2016-04-13,,7420.61,right_only,,False
2016-04-14,,7463.1,right_only,,False
2016-04-17,,7517.02,right_only,,False
2016-04-18,,7662.44,right_only,,False
2016-04-19,,7864.03,right_only,,False
2016-04-20,,7799.86,right_only,,False
2016-04-21,,7781.45,right_only,,False
2016-04-24,,7743.41,right_only,,False
2016-04-26,,7886.82,right_only,,False
2016-04-27,,7863.58,right_only,,False
2016-04-28,,7773.23,right_only,,False
2016-05-03,,7531.59,right_only,,False
2016-05-04,,7442.44,right_only,,False
2016-05-05,,7547.49,right_only,,False
2016-05-08,,7571.7,right_only,,False
2016-05-09,,7646.02,right_only,,False
2016-05-10,,7621.91,right_only,,False
2016-05-11,,7503.4,right_only,,False
2016-05-12,,7520.52,right_only,,False
2016-05-15,,7373.0,right_only,,False
2016-05-16,,7409.27,right_only,,False
2016-05-17,,7549.97,right_only,,False
2016-05-18,,7637.04,right_only,,False
2016-05-19,,7499.49,right_only,,False
2016-05-22,,7494.76,right_only,,False
2016-05-23,,7417.08,right_only,,False
2016-05-24,,7497.33,right_only,,False
2016-05-25,,7543.43,right_only,,False
2016-05-26,,7531.15,right_only,,False
2016-05-29,,7486.13,right_only,,False
2016-05-30,,7452.88,right_only,,False
2016-05-31,,7483.65,right_only,,False
2016-06-01,,7572.39,right_only,,False
2016-06-02,,7617.88,right_only,,False
2016-06-05,,7563.5,right_only,,False
2016-06-06,,7639.59,right_only,,False
2016-06-07,,7717.35,right_only,,False
2016-06-08,,7780.13,right_only,,False
2016-06-09,,7756.3,right_only,,False
2016-06-12,,7650.62,right_only,,False
2016-06-13,,7645.21,right_only,,False
2016-06-14,,7570.05,right_only,,False
2016-06-15,,7414.81,right_only,,False
2016-06-16,,7420.39,right_only,,False
2016-06-19,,7337.97,right_only,,False
2016-06-20,,7203.64,right_only,,False
2016-06-21,,7250.92,right_only,,False
2016-06-22,,7156.49,right_only,,False
2016-06-23,,7253.31,right_only,,False
2016-06-26,,6851.61,right_only,,False
2016-06-27,,6903.81,right_only,,False
2016-06-28,,6931.94,right_only,,False
2016-06-29,,6942.52,right_only,,False
2016-07-03,,6981.72,right_only,,False
2016-07-04,,7182.8,right_only,,False
2016-07-10,,7517.43,right_only,,False
2016-07-11,,7506.18,right_only,,False
2016-07-12,,7457.5,right_only,,False
2016-07-13,,7559.87,right_only,,False
2016-07-14,,7583.06,right_only,,False
2016-07-17,,7599.64,right_only,,False
2016-07-18,,7628.64,right_only,,False
2016-07-19,,7596.96,right_only,,False
2016-07-20,,7503.36,right_only,,False
2016-07-21,,7436.87,right_only,,False
2016-07-24,,7463.72,right_only,,False
2016-07-25,,7517.78,right_only,,False
2016-07-26,,7539.99,right_only,,False
2016-07-27,,7914.74,right_only,,False
2016-07-28,,8030.85,right_only,,False
2016-07-31,,7983.15,right_only,,False
2016-08-01,,7930.14,right_only,,False
2016-08-02,,7973.45,right_only,,False
2016-08-03,,8104.57,right_only,,False
2016-08-04,,8255.36,right_only,,False
2016-08-07,,8223.46,right_only,,False
2016-08-08,,8273.14,right_only,,False
2016-08-09,,8199.65,right_only,,False
2016-08-10,,8291.51,right_only,,False
2016-08-11,,8377.71,right_only,,False
2016-08-14,,8351.07,right_only,,False
2016-08-15,,8453.53,right_only,,False
2016-08-16,,8387.49,right_only,,False
2016-08-17,,8347.38,right_only,,False
2016-08-18,,8317.17,right_only,,False
2016-08-21,,8352.27,right_only,,False
2016-08-22,,8246.9,right_only,,False
2016-08-23,,8186.7,right_only,,False
2016-08-24,,8224.33,right_only,,False
2016-08-25,,8131.49,right_only,,False
2016-08-28,,8052.23,right_only,,False
2016-08-29,,8032.43,right_only,,False
2016-08-30,,8080.81,right_only,,False
2016-08-31,,8158.04,right_only,,False
2016-09-01,,8136.44,right_only,,False
2016-09-04,,8241.16,right_only,,False
2016-09-05,,8270.76,right_only,,False
2016-09-06,,8202.43,right_only,,False
2016-09-07,,8146.1,right_only,,False
2016-09-08,,8188.2,right_only,,False
2016-09-14,,8132.75,right_only,,False
2016-09-15,,7979.25,right_only,,False
2016-09-18,,7916.41,right_only,,False
2016-09-19,,7974.12,right_only,,False
2016-09-20,,8048.69,right_only,,False
2016-09-21,,7937.79,right_only,,False
2016-09-22,,7913.94,right_only,,False
2016-09-25,,7904.53,right_only,,False
2016-09-26,,7974.84,right_only,,False
2016-09-27,,7948.93,right_only,,False
2016-09-28,,7907.92,right_only,,False
2016-09-29,,7881.11,right_only,,False
2016-10-03,,8133.12,right_only,,False
2016-10-04,,8198.51,right_only,,False
2016-10-05,,8368.52,right_only,,False
2016-10-09,,8436.82,right_only,,False
2016-10-10,,8364.0,right_only,,False
2016-10-11,,8232.77,right_only,,False
2016-10-12,,8185.95,right_only,,False
2016-10-13,,8505.12,right_only,,False
2016-10-16,,8432.41,right_only,,False
2016-10-17,,8243.32,right_only,,False
2016-10-18,,8213.53,right_only,,False
2016-10-19,,8160.4,right_only,,False
2016-10-20,,8277.21,right_only,,False
2016-10-23,,8274.15,right_only,,False
2016-10-24,,8228.13,right_only,,False
2016-10-25,,8261.14,right_only,,False
2016-10-26,,8257.21,right_only,,False
2016-10-27,,8343.31,right_only,,False
2016-10-30,,8357.42,right_only,,False
2016-10-31,,8386.03,right_only,,False
2016-11-01,,8447.76,right_only,,False
2016-11-02,,8524.66,right_only,,False
2016-11-03,,8810.51,right_only,,False
2016-11-06,,9349.9,right_only,,False
2016-11-07,,9852.69,right_only,,False
2016-11-08,,10096.57,right_only,,False
2016-11-09,,10225.5,right_only,,False
2016-11-10,,10688.16,right_only,,False
2016-11-13,,10916.97,right_only,,False
2016-11-14,,10694.41,right_only,,False
2016-11-15,,10640.53,right_only,,False
2016-11-16,,10997.38,right_only,,False
2016-11-17,,11221.56,right_only,,False
2016-11-20,,11277.47,right_only,,False
2016-11-21,,11543.07,right_only,,False
2016-11-22,,11519.8,right_only,,False
2016-11-23,,11550.31,right_only,,False
2016-11-24,,11353.11,right_only,,False
2016-11-27,,11145.95,right_only,,False
2016-11-28,,11261.82,right_only,,False
2016-11-29,,11159.32,right_only,,False
2016-11-30,,11453.25,right_only,,False
2016-12-01,,11548.15,right_only,,False
2016-12-04,,11631.41,right_only,,False
2016-12-05,,11426.5,right_only,,False
2016-12-06,,11502.51,right_only,,False
2016-12-07,,11348.37,right_only,,False
2016-12-08,,11297.93,right_only,,False
2016-12-12,,11444.06,right_only,,False
2016-12-13,,11385.1,right_only,,False
2016-12-14,,11317.17,right_only,,False
2016-12-15,,11326.03,right_only,,False
2016-12-18,,11398.01,right_only,,False
2016-12-19,,11752.46,right_only,,False
2016-12-20,,12147.95,right_only,,False
2016-12-21,,12366.96,right_only,,False
2016-12-22,,12420.3,right_only,,False
2016-12-25,,12251.06,right_only,,False
2016-12-26,,12182.04,right_only,,False
2016-12-27,,12181.98,right_only,,False
2016-12-28,,12259.83,right_only,,False
2016-12-29,,12344.89,right_only,,False
2017-01-02,,12290.61,right_only,,False
2017-01-03,,12425.17,right_only,,False
2017-01-04,,12608.44,right_only,,False
2017-01-05,,12824.32,right_only,,False
2017-01-08,,12891.39,right_only,,False
2017-01-09,,12781.16,right_only,,False
2017-01-10,,13014.54,right_only,,False
2017-01-11,,13089.05,right_only,,False
2017-01-12,,13223.9,right_only,,False
2017-01-15,,13287.76,right_only,,False
2017-01-16,,13264.82,right_only,,False
2017-01-17,,13436.1,right_only,,False
2017-01-18,,13304.44,right_only,,False
2017-01-19,,12806.77,right_only,,False
2017-01-22,,12722.08,right_only,,False
2017-01-23,,13002.89,right_only,,False
2017-01-24,,12882.88,right_only,,False
2017-01-26,,13091.05,right_only,,False
2017-01-29,,13161.52,right_only,,False
2017-01-30,,12926.07,right_only,,False
2017-01-31,,12672.49,right_only,,False
2017-02-01,,12584.26,right_only,,False
2017-02-02,,12806.07,right_only,,False
2017-02-05,,12883.43,right_only,,False
2017-02-06,,12849.42,right_only,,False
2017-02-07,,13129.27,right_only,,False
2017-02-08,,13228.33,right_only,,False
2017-02-09,,13114.86,right_only,,False
2017-02-12,,12922.44,right_only,,False
2017-02-13,,12740.05,right_only,,False
2017-02-14,,12503.73,right_only,,False
2017-02-15,,12448.35,right_only,,False
2017-02-16,,12651.97,right_only,,False
2017-02-19,,12549.17,right_only,,False
2017-02-20,,12444.18,right_only,,False
2017-02-21,,12657.82,right_only,,False
2017-02-22,,12401.09,right_only,,False
2017-02-23,,12240.53,right_only,,False
2017-02-26,,12269.88,right_only,,False
2017-02-27,,12023.93,right_only,,False
2017-02-28,,11937.67,right_only,,False
2017-03-01,,11998.72,right_only,,False
2017-03-02,,12310.49,right_only,,False
2017-03-05,,12499.61,right_only,,False
2017-03-06,,12623.22,right_only,,False
2017-03-07,,12677.55,right_only,,False
2017-03-08,,12735.36,right_only,,False
2017-03-09,,12853.27,right_only,,False
2017-03-12,,12919.9,right_only,,False
2017-03-13,,12929.13,right_only,,False
2017-03-14,,12789.52,right_only,,False
2017-03-15,,12745.49,right_only,,False
2017-03-16,,12983.99,right_only,,False
2017-03-19,,13092.4,right_only,,False
2017-03-20,,13023.49,right_only,,False
2017-03-21,,12905.37,right_only,,False
2017-03-22,,12879.06,right_only,,False
2017-03-23,,13032.06,right_only,,False
2017-03-26,,13108.22,right_only,,False
2017-03-27,,12969.64,right_only,,False
2017-03-28,,12982.66,right_only,,False
2017-03-29,,12987.65,right_only,,False
2017-03-30,,12994.8,right_only,,False
2017-04-02,,12912.27,right_only,,False
2017-04-03,,13061.07,right_only,,False
2017-04-04,,13264.75,right_only,,False
2017-04-05,,13289.99,right_only,,False
2017-04-06,,13098.54,right_only,,False
2017-04-09,,12895.12,right_only,,False
2017-04-10,,12848.56,right_only,,False
2017-04-11,,12995.71,right_only,,False
2017-04-12,,12984.36,right_only,,False
2017-04-13,,12967.38,right_only,,False
2017-04-18,,13027.14,right_only,,False
2017-04-19,,12895.3,right_only,,False
2017-04-20,,12905.85,right_only,,False
2017-04-23,,12544.92,right_only,,False
2017-04-24,,12583.13,right_only,,False
2017-04-26,,12671.29,right_only,,False
2017-04-27,,12525.69,right_only,,False
2017-04-30,,12433.6,right_only,,False
2017-05-02,,12530.32,right_only,,False
2017-05-03,,12603.56,right_only,,False
2017-05-04,,12709.93,right_only,,False
2017-05-07,,12692.15,right_only,,False
2017-05-08,,12827.93,right_only,,False
2017-05-09,,12933.68,right_only,,False
2017-05-10,,12993.4,right_only,,False
2017-05-11,,12906.98,right_only,,False
2017-05-14,,12870.91,right_only,,False
2017-05-15,,12866.06,right_only,,False
2017-05-16,,12936.59,right_only,,False
2017-05-17,,13064.02,right_only,,False
2017-05-18,,12952.38,right_only,,False
2017-05-21,,12974.75,right_only,,False
2017-05-22,,12648.24,right_only,,False
2017-05-23,,12791.83,right_only,,False
2017-05-24,,12884.44,right_only,,False
2017-05-25,,13094.42,right_only,,False
2017-05-28,,13205.11,right_only,,False
2017-05-29,,13207.94,right_only,,False
2017-05-30,,13239.16,right_only,,False
2017-05-31,,13339.63,right_only,,False
2017-06-01,,13467.29,right_only,,False
2017-06-04,,13495.32,right_only,,False
2017-06-05,,13520.13,right_only,,False
2017-06-06,,13626.8,right_only,,False
2017-06-07,,13632.98,right_only,,False
2017-06-08,,13683.66,right_only,,False
2017-06-11,,13616.04,right_only,,False
2017-06-12,,13491.89,right_only,,False
2017-06-13,,13531.34,right_only,,False
2017-06-14,,13502.12,right_only,,False
2017-06-15,,13478.75,right_only,,False
2017-06-18,,13496.47,right_only,,False
2017-06-19,,13508.39,right_only,,False
2017-06-20,,13415.55,right_only,,False
2017-06-21,,13376.44,right_only,,False
2017-06-22,,13417.14,right_only,,False
2017-06-28,,13395.81,right_only,,False
2017-07-02,,13487.36,right_only,,False
2017-07-03,,13431.06,right_only,,False
2017-07-04,,13334.78,right_only,,False
2017-07-05,,13334.86,right_only,,False
2017-07-06,,13369.88,right_only,,False
2017-07-09,,13342.09,right_only,,False
2017-07-10,,13483.04,right_only,,False
2017-07-11,,13684.27,right_only,,False
2017-07-12,,13690.29,right_only,,False
2017-07-13,,13822.59,right_only,,False
2017-07-16,,13815.77,right_only,,False
2017-07-17,,13956.32,right_only,,False
2017-07-18,,13717.53,right_only,,False
2017-07-19,,13707.13,right_only,,False
2017-07-20,,13715.06,right_only,,False
2017-07-24,,13752.98,right_only,,False
2017-07-25,,13740.72,right_only,,False
2017-07-26,,13797.25,right_only,,False
2017-07-27,,13609.22,right_only,,False
2017-07-30,,13480.1,right_only,,False
2017-07-31,,13419.38,right_only,,False
2017-08-01,,13396.22,right_only,,False
2017-08-02,,13405.2,right_only,,False
2017-08-03,,13413.12,right_only,,False
2017-08-06,,13558.46,right_only,,False
2017-08-07,,13660.8,right_only,,False
2017-08-08,,13637.69,right_only,,False
2017-08-09,,13580.76,right_only,,False
2017-08-10,,13462.38,right_only,,False
2017-08-13,,13279.61,right_only,,False
2017-08-14,,13135.1,right_only,,False
2017-08-15,,13102.39,right_only,,False
2017-08-16,,13149.19,right_only,,False
2017-08-17,,13119.44,right_only,,False
2017-08-20,,13026.29,right_only,,False
2017-08-21,,13106.12,right_only,,False
2017-08-22,,13114.87,right_only,,False
2017-08-23,,12996.2,right_only,,False
2017-08-24,,12926.4,right_only,,False
2017-08-27,,12913.25,right_only,,False
2017-08-28,,13013.73,right_only,,False
2017-08-29,,13195.34,right_only,,False
2017-08-30,,13415.77,right_only,,False
2017-09-05,,13415.05,right_only,,False
2017-09-06,,13317.89,right_only,,False
2017-09-07,,13432.69,right_only,,False
2017-09-10,,13457.14,right_only,,False
2017-09-11,,13533.24,right_only,,False
2017-09-12,,13474.88,right_only,,False
2017-09-13,,13442.55,right_only,,False
2017-09-14,,13610.61,right_only,,False
2017-09-17,,13612.51,right_only,,False
2017-09-18,,13592.71,right_only,,False
2017-09-19,,13730.0,right_only,,False
2017-09-20,,13695.33,right_only,,False
2017-09-24,,13607.19,right_only,,False
2017-09-25,,13674.42,right_only,,False
2017-09-26,,13704.13,right_only,,False
2017-09-27,,13740.82,right_only,,False
2017-09-28,,13888.51,right_only,,False
2017-10-01,,13976.78,right_only,,False
2017-10-02,,14000.43,right_only,,False
2017-10-03,,13930.73,right_only,,False
2017-10-04,,13881.97,right_only,,False
2017-10-08,,13997.69,right_only,,False
2017-10-09,,13968.53,right_only,,False
2017-10-10,,13824.08,right_only,,False
2017-10-11,,13816.05,right_only,,False
2017-10-12,,13891.71,right_only,,False
2017-10-15,,13905.79,right_only,,False
2017-10-16,,13525.25,right_only,,False
2017-10-17,,13525.48,right_only,,False
2017-10-18,,13590.15,right_only,,False
2017-10-19,,13713.62,right_only,,False
2017-10-22,,13706.06,right_only,,False
2017-10-23,,13870.34,right_only,,False
2017-10-24,,13928.38,right_only,,False
2017-10-25,,13901.38,right_only,,False
2017-10-26,,13955.47,right_only,,False
2017-10-29,,14024.41,right_only,,False
2017-10-30,,14197.21,right_only,,False
2017-10-31,,14342.38,right_only,,False
2017-11-01,,14277.29,right_only,,False
2017-11-02,,14319.34,right_only,,False
2017-11-05,,14183.77,right_only,,False
2017-11-06,,14072.92,right_only,,False
2017-11-07,,14057.56,right_only,,False
2017-11-08,,14204.95,right_only,,False
2017-11-09,,14350.14,right_only,,False
2017-11-12,,14270.55,right_only,,False
2017-11-13,,14123.31,right_only,,False
2017-11-14,,14132.96,right_only,,False
2017-11-15,,14025.11,right_only,,False
2017-11-16,,13847.36,right_only,,False
2017-11-19,,13742.11,right_only,,False
2017-11-20,,13680.5,right_only,,False
2017-11-21,,13725.45,right_only,,False
2017-11-22,,13839.37,right_only,,False
2017-11-23,,14106.17,right_only,,False
2017-11-26,,14222.7,right_only,,False
2017-11-27,,14219.99,right_only,,False
2017-11-28,,14537.03,right_only,,False
2017-11-29,,14582.22,right_only,,False
2017-12-03,,14713.63,right_only,,False
2017-12-04,,14572.17,right_only,,False
2017-12-05,,14460.96,right_only,,False
2017-12-06,,14345.58,right_only,,False
2017-12-07,,14294.73,right_only,,False
2017-12-10,,14414.25,right_only,,False
2017-12-11,,14426.75,right_only,,False
2017-12-12,,14590.2,right_only,,False
2017-12-13,,14651.42,right_only,,False
2017-12-14,,14679.91,right_only,,False
2017-12-17,,14716.66,right_only,,False
2017-12-18,,14721.45,right_only,,False
2017-12-19,,14678.41,right_only,,False
2017-12-20,,14682.14,right_only,,False
2017-12-21,,14668.59,right_only,,False
2017-12-24,,14790.78,right_only,,False
2017-12-25,,14843.33,right_only,,False
2017-12-26,,14922.85,right_only,,False
2017-12-27,,14904.82,right_only,,False
2017-12-28,,15016.97,right_only,,False
2017-12-31,,15019.14,right_only,,False
2018-01-02,,15023.76,right_only,,False
2018-01-03,,14833.73,right_only,,False
2018-01-04,,14782.38,right_only,,False
2018-01-08,,14953.17,right_only,,False
2018-01-09,,15159.37,right_only,,False
2018-01-10,,15192.55,right_only,,False
2018-01-11,,15242.48,right_only,,False
2018-01-14,,15254.85,right_only,,False
2018-01-15,,15127.76,right_only,,False
2018-01-16,,15089.37,right_only,,False
2018-01-17,,15198.54,right_only,,False
2018-01-18,,15411.0,right_only,,False
2018-01-21,,15339.91,right_only,,False
2018-01-22,,15243.23,right_only,,False
2018-01-23,,15197.08,right_only,,False
2018-01-24,,15170.73,right_only,,False
2018-01-28,,15311.15,right_only,,False
2018-01-29,,15369.13,right_only,,False
2018-01-30,,15315.66,right_only,,False
2018-01-31,,15042.37,right_only,,False
2018-02-01,,15088.66,right_only,,False
2018-02-04,,14874.84,right_only,,False
2018-02-05,,14962.14,right_only,,False
2018-02-06,,14717.98,right_only,,False
2018-02-07,,15037.05,right_only,,False
2018-02-08,,14921.29,right_only,,False
2018-02-11,,14828.36,right_only,,False
2018-02-12,,14890.71,right_only,,False
2018-02-13,,14729.75,right_only,,False
2018-02-14,,14805.95,right_only,,False
2018-02-15,,14965.93,right_only,,False
2018-02-18,,15045.56,right_only,,False
2018-02-19,,15158.12,right_only,,False
2018-02-20,,15219.26,right_only,,False
2018-02-21,,15244.49,right_only,,False
2018-02-22,,15318.92,right_only,,False
2018-02-25,,15467.77,right_only,,False
2018-02-26,,15454.0,right_only,,False
2018-02-27,,15522.88,right_only,,False
2018-02-28,,15472.69,right_only,,False
2018-03-01,,15443.18,right_only,,False
2018-03-04,,15519.55,right_only,,False
2018-03-05,,15709.01,right_only,,False
2018-03-06,,16022.26,right_only,,False
2018-03-07,,16384.07,right_only,,False
2018-03-08,,16472.28,right_only,,False
2018-03-11,,16391.48,right_only,,False
2018-03-12,,16742.15,right_only,,False
2018-03-13,,16989.06,right_only,,False
2018-03-14,,16881.72,right_only,,False
2018-03-15,,16999.1,right_only,,False
2018-03-18,,17271.03,right_only,,False
2018-03-19,,17172.13,right_only,,False
2018-03-20,,17113.9,right_only,,False
2018-03-21,,17147.12,right_only,,False
2018-03-22,,17064.58,right_only,,False
2018-03-25,,16984.69,right_only,,False
2018-03-26,,17104.34,right_only,,False
2018-03-27,,17270.43,right_only,,False
2018-03-28,,17305.51,right_only,,False
2018-03-29,,17450.15,right_only,,False
2018-04-01,,17595.88,right_only,,False
2018-04-02,,17684.66,right_only,,False
2018-04-03,,17492.71,right_only,,False
2018-04-04,,17509.65,right_only,,False
2018-04-05,,17410.59,right_only,,False
2018-04-10,,17697.32,right_only,,False
2018-04-11,,17943.96,right_only,,False
2018-04-12,,17615.69,right_only,,False
2018-04-15,,17588.86,right_only,,False
2018-04-16,,17620.28,right_only,,False
2018-04-17,,17802.48,right_only,,False
2018-04-18,,17705.87,right_only,,False
2018-04-19,,17781.02,right_only,,False
2018-04-22,,17898.09,right_only,,False
2018-04-23,,18080.7,right_only,,False
2018-04-24,,18121.96,right_only,,False
2018-04-26,,18363.29,right_only,,False
2018-04-29,,18304.46,right_only,,False
2018-04-30,,18295.57,right_only,,False
2018-05-02,,18173.16,right_only,,False
2018-05-03,,17832.86,right_only,,False
2018-05-06,,17610.87,right_only,,False
2018-05-07,,17523.15,right_only,,False
2018-05-08,,17814.45,right_only,,False
2018-05-09,,17460.3,right_only,,False
2018-05-10,,17155.14,right_only,,False
2018-05-13,,17184.02,right_only,,False
2018-05-14,,16984.07,right_only,,False
2018-05-15,,16985.78,right_only,,False
2018-05-16,,16993.21,right_only,,False
2018-05-17,,16877.66,right_only,,False
2018-05-20,,16782.07,right_only,,False
2018-05-21,,16780.91,right_only,,False
2018-05-22,,16657.66,right_only,,False
2018-05-23,,16662.55,right_only,,False
2018-05-24,,16633.97,right_only,,False
2018-05-27,,16648.47,right_only,,False
2018-05-28,,16791.09,right_only,,False
2018-05-29,,17005.86,right_only,,False
2018-05-30,,16760.24,right_only,,False
2018-05-31,,16414.53,right_only,,False
2018-06-03,,16675.31,right_only,,False
2018-06-04,,16404.33,right_only,,False
2018-06-05,,16022.11,right_only,,False
2018-06-06,,15908.91,right_only,,False
2018-06-07,,15923.66,right_only,,False
2018-06-10,,16142.72,right_only,,False
2018-06-11,,15921.25,right_only,,False
2018-06-12,,15938.11,right_only,,False
2018-06-13,,16178.28,right_only,,False
2018-06-14,,16220.93,right_only,,False
2018-06-19,,16067.77,right_only,,False
2018-06-20,,16143.48,right_only,,False
2018-06-21,,16345.77,right_only,,False
2018-06-24,,16395.02,right_only,,False
2018-06-25,,16457.51,right_only,,False
2018-06-26,,16197.44,right_only,,False
2018-06-27,,16176.41,right_only,,False
2018-06-28,,16348.55,right_only,,False
2018-07-02,,16362.59,right_only,,False
2018-07-03,,16421.32,right_only,,False
2018-07-04,,16309.65,right_only,,False
2018-07-05,,16125.34,right_only,,False
2018-07-08,,15839.84,right_only,,False
2018-07-09,,15785.93,right_only,,False
2018-07-10,,15921.03,right_only,,False
2018-07-11,,15952.42,right_only,,False
2018-07-12,,15879.81,right_only,,False
2018-07-15,,15842.46,right_only,,False
2018-07-16,,15655.89,right_only,,False
2018-07-17,,15420.72,right_only,,False
2018-07-18,,15578.73,right_only,,False
2018-07-19,,15416.31,right_only,,False
2018-07-22,,15303.79,right_only,,False
2018-07-24,,15480.37,right_only,,False
2018-07-25,,15186.36,right_only,,False
2018-07-26,,15199.29,right_only,,False
2018-07-29,,15378.11,right_only,,False
2018-07-30,,15297.02,right_only,,False
2018-07-31,,15580.19,right_only,,False
2018-08-01,,15670.18,right_only,,False
2018-08-02,,15806.38,right_only,,False
2018-08-05,,15737.05,right_only,,False
2018-08-06,,15645.56,right_only,,False
2018-08-07,,15761.55,right_only,,False
2018-08-08,,15862.86,right_only,,False
2018-08-09,,15924.06,right_only,,False
2018-08-12,,15738.34,right_only,,False
2018-08-13,,15521.52,right_only,,False
2018-08-14,,15356.81,right_only,,False
2018-08-15,,15357.44,right_only,,False
2018-08-16,,15295.97,right_only,,False
2018-08-19,,15273.39,right_only,,False
2018-08-26,,15239.03,right_only,,False
2018-08-27,,15236.64,right_only,,False
2018-08-28,,15606.18,right_only,,False
2018-08-29,,15835.73,right_only,,False
2018-08-30,,16009.41,right_only,,False
2018-09-02,,15852.36,right_only,,False
2018-09-03,,15821.92,right_only,,False
2018-09-04,,15922.96,right_only,,False
2018-09-05,,15750.94,right_only,,False
2018-09-06,,15803.17,right_only,,False
2018-09-09,,15740.06,right_only,,False
2018-09-10,,15628.43,right_only,,False
2018-09-12,,15488.49,right_only,,False
2018-09-13,,15308.62,right_only,,False
2018-09-16,,14755.63,right_only,,False
2018-09-17,,14650.97,right_only,,False
2018-09-18,,14653.91,right_only,,False
2018-09-19,,14098.56,right_only,,False
2018-09-20,,14083.48,right_only,,False
2018-09-23,,14261.25,right_only,,False
2018-09-24,,14200.68,right_only,,False
2018-09-25,,14358.64,right_only,,False
2018-09-26,,14612.18,right_only,,False
2018-09-27,,14632.4,right_only,,False
2018-09-30,,14616.47,right_only,,False
2018-10-01,,14446.72,right_only,,False
2018-10-02,,14381.55,right_only,,False
2018-10-03,,14313.17,right_only,,False
2018-10-04,,14104.9,right_only,,False
2018-10-08,,13604.01,right_only,,False
2018-10-09,,13588.74,right_only,,False
2018-10-10,,13621.23,right_only,,False
2018-10-11,,13283.31,right_only,,False
2018-10-14,,13537.47,right_only,,False
2018-10-15,,13521.46,right_only,,False
2018-10-16,,13689.39,right_only,,False
2018-10-17,,13815.6,right_only,,False
2018-10-18,,13644.16,right_only,,False
2018-10-21,,13524.67,right_only,,False
2018-10-22,,13646.26,right_only,,False
2018-10-23,,13579.6,right_only,,False
2018-10-24,,13246.39,right_only,,False
2018-10-25,,13023.73,right_only,,False
2018-10-28,,12980.96,right_only,,False
2018-10-29,,13074.47,right_only,,False
2018-10-30,,13154.56,right_only,,False
2018-10-31,,13250.29,right_only,,False
2018-11-01,,13202.32,right_only,,False
2018-11-04,,13170.28,right_only,,False
2018-11-05,,13234.62,right_only,,False
2018-11-06,,13436.11,right_only,,False
2018-11-07,,13615.85,right_only,,False
2018-11-08,,13732.68,right_only,,False
2018-11-11,,13570.89,right_only,,False
2018-11-12,,13678.36,right_only,,False
2018-11-13,,13543.64,right_only,,False
2018-11-14,,13487.2,right_only,,False
2018-11-15,,13681.67,right_only,,False
2018-11-18,,13968.8,right_only,,False
2018-11-19,,13906.31,right_only,,False
2018-11-21,,13731.12,right_only,,False
2018-11-22,,13675.37,right_only,,False
2018-11-25,,13153.55,right_only,,False
2018-11-26,,13049.12,right_only,,False
2018-11-27,,13213.95,right_only,,False
2018-11-28,,13309.49,right_only,,False
2018-11-29,,13319.5,right_only,,False
2018-12-02,,13150.08,right_only,,False
2018-12-03,,12934.44,right_only,,False
2018-12-04,,12624.74,right_only,,False
2018-12-05,,12586.74,right_only,,False
2018-12-06,,12387.58,right_only,,False
2018-12-09,,12140.0,right_only,,False
2018-12-10,,12476.18,right_only,,False
2018-12-11,,12664.41,right_only,,False
2018-12-12,,12856.83,right_only,,False
2018-12-13,,12996.89,right_only,,False
2018-12-16,,12992.06,right_only,,False
2018-12-17,,13215.4,right_only,,False
2018-12-18,,13121.11,right_only,,False
2018-12-19,,13078.2,right_only,,False
2018-12-20,,13137.58,right_only,,False
2018-12-23,,12947.35,right_only,,False
2018-12-24,,12784.44,right_only,,False
2018-12-25,,12670.63,right_only,,False
2018-12-26,,12840.16,right_only,,False
2018-12-27,,12984.21,right_only,,False
2018-12-30,,12944.52,right_only,,False
2018-12-31,,13035.77,right_only,,False
2019-01-02,,13204.37,right_only,,False
2019-01-03,,13264.7,right_only,,False
2019-01-06,,13343.08,right_only,,False
2019-01-08,,13402.7,right_only,,False
2019-01-09,,13365.58,right_only,,False
2019-01-10,,13367.44,right_only,,False
2019-01-13,,13525.83,right_only,,False
2019-01-14,,13335.75,right_only,,False
2019-01-15,,13447.12,right_only,,False
2019-01-16,,13510.27,right_only,,False
2019-01-17,,13482.99,right_only,,False
2019-01-20,,13444.21,right_only,,False
2019-01-21,,13574.99,right_only,,False
2019-01-22,,13474.55,right_only,,False
2019-01-23,,13506.65,right_only,,False
2019-01-27,,13817.1,right_only,,False
2019-01-28,,13911.34,right_only,,False
2019-01-29,,13976.52,right_only,,False
2019-01-30,,14093.4,right_only,,False
2019-01-31,,14126.68,right_only,,False
2019-02-03,,14243.81,right_only,,False
2019-02-04,,14366.06,right_only,,False
2019-02-05,,14733.11,right_only,,False
2019-02-06,,14766.59,right_only,,False
2019-02-07,,14753.68,right_only,,False
2019-02-10,,14763.94,right_only,,False
2019-02-11,,14784.82,right_only,,False
2019-02-12,,14927.64,right_only,,False
2019-02-13,,14949.07,right_only,,False
2019-02-14,,14984.46,right_only,,False
2019-02-17,,15198.89,right_only,,False
2019-02-18,,15227.24,right_only,,False
2019-02-19,,15155.84,right_only,,False
2019-02-20,,15213.54,right_only,,False
2019-02-21,,15146.71,right_only,,False
2019-02-24,,14955.58,right_only,,False
2019-02-25,,14946.35,right_only,,False
2019-02-26,,14886.85,right_only,,False
2019-02-27,,14772.34,right_only,,False
2019-02-28,,14803.97,right_only,,False
2019-03-03,,14819.6,right_only,,False
2019-03-04,,14815.18,right_only,,False
2019-03-05,,14728.38,right_only,,False
2019-03-06,,14643.09,right_only,,False
2019-03-07,,14904.03,right_only,,False
2019-03-10,,14980.62,right_only,,False
2019-03-11,,15098.12,right_only,,False
2019-03-12,,15139.86,right_only,,False
2019-03-13,,15125.84,right_only,,False
2019-03-14,,14991.34,right_only,,False
2019-03-17,,15033.48,right_only,,False
2019-03-18,,14910.78,right_only,,False
2019-03-19,,14645.53,right_only,,False
2019-03-20,,14724.4,right_only,,False
2019-03-21,,14782.81,right_only,,False
2019-03-24,,14840.9,right_only,,False
2019-03-25,,14670.8,right_only,,False
2019-03-26,,14637.4,right_only,,False
2019-03-27,,14554.66,right_only,,False
2019-03-28,,14665.81,right_only,,False
2019-03-31,,14737.88,right_only,,False
2019-04-01,,14954.14,right_only,,False
2019-04-02,,15166.46,right_only,,False
2019-04-03,,15197.84,right_only,,False
2019-04-04,,15247.81,right_only,,False
2019-04-07,,15135.47,right_only,,False
2019-04-08,,15111.09,right_only,,False
2019-04-09,,15088.55,right_only,,False
2019-04-10,,15106.54,right_only,,False
2019-04-11,,15105.96,right_only,,False
2019-04-14,,15068.96,right_only,,False
2019-04-15,,15055.42,right_only,,False
2019-04-16,,14973.01,right_only,,False
2019-04-17,,14864.01,right_only,,False
2019-04-18,,14876.37,right_only,,False
2019-04-21,,14838.63,right_only,,False
2019-04-22,,14801.26,right_only,,False
2019-04-23,,14645.78,right_only,,False
2019-04-24,,14770.27,right_only,,False
2019-04-30,,14920.15,right_only,,False
2019-05-02,,14880.39,right_only,,False
2019-05-05,,14511.54,right_only,,False
2019-05-06,,14204.59,right_only,,False
2019-05-07,,14389.91,right_only,,False
2019-05-08,,14026.81,right_only,,False
2019-05-09,,14060.0,right_only,,False
2019-05-12,,14122.1,right_only,,False
2019-05-13,,13905.73,right_only,,False
2019-05-14,,14024.15,right_only,,False
2019-05-15,,13809.46,right_only,,False
2019-05-16,,13659.73,right_only,,False
2019-05-19,,13520.82,right_only,,False
2019-05-20,,13379.46,right_only,,False
2019-05-21,,13614.21,right_only,,False
2019-05-22,,13664.23,right_only,,False
2019-05-23,,13776.85,right_only,,False
2019-05-26,,13981.88,right_only,,False
2019-05-27,,13960.47,right_only,,False
2019-05-28,,14028.0,right_only,,False
2019-05-29,,13974.13,right_only,,False
2019-05-30,,13771.31,right_only,,False
2019-06-02,,13690.72,right_only,,False
2019-06-03,,13787.8,right_only,,False
2019-06-09,,13911.66,right_only,,False
2019-06-10,,14148.88,right_only,,False
2019-06-11,,14206.18,right_only,,False
2019-06-12,,14158.11,right_only,,False
2019-06-13,,14180.53,right_only,,False
2019-06-16,,14210.09,right_only,,False
2019-06-17,,14241.21,right_only,,False
2019-06-18,,14202.86,right_only,,False
2019-06-19,,14132.18,right_only,,False
2019-06-20,,14043.42,right_only,,False
2019-06-23,,14017.34,right_only,,False
2019-06-24,,13867.47,right_only,,False
2019-06-25,,13831.23,right_only,,False
2019-06-26,,14006.99,right_only,,False
2019-06-27,,14100.74,right_only,,False
2019-07-02,,14136.58,right_only,,False
2019-07-03,,14137.22,right_only,,False
2019-07-04,,13997.4,right_only,,False
2019-07-07,,14013.04,right_only,,False
2019-07-08,,14043.33,right_only,,False
2019-07-09,,14097.43,right_only,,False
2019-07-10,,14013.26,right_only,,False
2019-07-11,,13813.56,right_only,,False
2019-07-14,,13672.13,right_only,,False
2019-07-15,,13627.89,right_only,,False
2019-07-16,,13721.82,right_only,,False
2019-07-17,,13641.94,right_only,,False
2019-07-18,,13670.27,right_only,,False
2019-07-21,,13576.26,right_only,,False
2019-07-22,,13684.57,right_only,,False
2019-07-24,,13617.89,right_only,,False
2019-07-25,,13510.06,right_only,,False
2019-07-28,,13460.0,right_only,,False
2019-07-29,,13421.91,right_only,,False
2019-07-30,,13364.63,right_only,,False
2019-07-31,,13392.47,right_only,,False
2019-08-01,,13525.93,right_only,,False
2019-08-04,,13616.26,right_only,,False
2019-08-05,,13598.66,right_only,,False
2019-08-06,,13655.91,right_only,,False
2019-08-07,,13880.57,right_only,,False
2019-08-08,,14180.44,right_only,,False
2019-08-14,,14540.56,right_only,,False
2019-08-15,,14295.13,right_only,,False
2019-08-18,,14399.7,right_only,,False
2019-08-19,,14304.37,right_only,,False
2019-08-20,,14428.08,right_only,,False
2019-08-21,,14357.18,right_only,,False
2019-08-22,,14333.16,right_only,,False
2019-08-25,,14340.51,right_only,,False
2019-08-26,,14291.03,right_only,,False
2019-08-27,,14283.5,right_only,,False
2019-08-28,,14595.51,right_only,,False
2019-08-29,,14835.36,right_only,,False
2019-09-01,,14931.66,right_only,,False
2019-09-02,,15110.23,right_only,,False
2019-09-03,,14999.58,right_only,,False
2019-09-04,,14841.38,right_only,,False
2019-09-05,,14933.18,right_only,,False
2019-09-08,,14931.11,right_only,,False
2019-09-09,,14887.78,right_only,,False
2019-09-10,,14956.36,right_only,,False
2019-09-11,,15014.82,right_only,,False
2019-09-12,,15110.37,right_only,,False
2019-09-15,,15023.23,right_only,,False
2019-09-16,,14970.24,right_only,,False
2019-09-17,,14752.45,right_only,,False
2019-09-18,,14745.1,right_only,,False
2019-09-19,,14742.07,right_only,,False
2019-09-22,,13958.11,right_only,,False
2019-09-23,,13753.19,right_only,,False
2019-09-24,,13170.2,right_only,,False
2019-09-25,,13594.61,right_only,,False
2019-09-26,,13857.12,right_only,,False
2019-09-29,,14315.79,right_only,,False
2019-09-30,,14257.75,right_only,,False
2019-10-01,,14496.84,right_only,,False
2019-10-02,,14381.15,right_only,,False
2019-10-03,,14217.81,right_only,,False
2019-10-07,,14431.72,right_only,,False
2019-10-08,,14348.57,right_only,,False
2019-10-09,,14182.7,right_only,,False
2019-10-10,,14302.27,right_only,,False
2019-10-13,,14220.47,right_only,,False
2019-10-14,,14180.76,right_only,,False
2019-10-15,,14060.82,right_only,,False
2019-10-16,,14209.23,right_only,,False
2019-10-17,,14205.86,right_only,,False
2019-10-20,,14239.45,right_only,,False
2019-10-21,,14178.51,right_only,,False
2019-10-22,,14201.32,right_only,,False
2019-10-23,,14126.51,right_only,,False
2019-10-24,,14206.67,right_only,,False
2019-10-27,,14237.39,right_only,,False
2019-10-28,,14301.09,right_only,,False
2019-10-29,,14465.47,right_only,,False
2019-10-30,,14477.79,right_only,,False
2019-10-31,,14558.02,right_only,,False
2019-11-03,,14622.75,right_only,,False
2019-11-04,,14625.78,right_only,,False
2019-11-05,,14789.61,right_only,,False
2019-11-06,,14709.79,right_only,,False
2019-11-07,,14795.87,right_only,,False
2019-11-11,,14769.95,right_only,,False
2019-11-12,,14669.98,right_only,,False
2019-11-13,,14607.69,right_only,,False
2019-11-14,,14545.54,right_only,,False
2019-11-17,,14556.32,right_only,,False
2019-11-18,,14378.59,right_only,,False
2019-11-19,,14313.46,right_only,,False
2019-11-20,,14224.38,right_only,,False
2019-11-21,,14094.58,right_only,,False
2019-11-24,,14050.16,right_only,,False
2019-11-25,,13974.14,right_only,,False
2019-11-26,,13781.96,right_only,,False
2019-11-27,,13759.7,right_only,,False
2019-11-28,,13849.46,right_only,,False
2019-12-01,,13780.63,right_only,,False
2019-12-02,,13537.8,right_only,,False
2019-12-03,,13469.6,right_only,,False
2019-12-04,,13635.52,right_only,,False
2019-12-05,,13622.13,right_only,,False
2019-12-08,,13493.69,right_only,,False
2019-12-09,,13442.52,right_only,,False
2019-12-10,,13509.02,right_only,,False
2019-12-11,,13427.22,right_only,,False
2019-12-12,,13358.47,right_only,,False
2019-12-15,,13433.54,right_only,,False
2019-12-16,,13404.42,right_only,,False
2019-12-17,,13627.19,right_only,,False
2019-12-18,,13793.99,right_only,,False
2019-12-19,,13837.19,right_only,,False
2019-12-22,,13892.65,right_only,,False
2019-12-23,,13902.43,right_only,,False
2019-12-24,,13805.43,right_only,,False
2019-12-25,,13747.68,right_only,,False
2019-12-26,,13884.95,right_only,,False
2019-12-29,,13812.98,right_only,,False
2019-12-30,,13937.26,right_only,,False
2019-12-31,,13961.56,right_only,,False
2020-01-02,,13899.54,right_only,,False
2020-01-05,,13283.66,right_only,,False
2020-01-06,,13212.66,right_only,,False
2020-01-08,,13542.48,right_only,,False
2020-01-09,,13729.81,right_only,,False
2020-01-12,,13802.57,right_only,,False
2020-01-13,,13698.64,right_only,,False
2020-01-14,,13756.64,right_only,,False
2020-01-15,,13769.64,right_only,,False
2020-01-16,,13824.16,right_only,,False
2020-01-19,,13918.18,right_only,,False
2020-01-20,,13773.73,right_only,,False
2020-01-21,,13639.72,right_only,,False
2020-01-22,,13752.11,right_only,,False
2020-01-23,,13728.09,right_only,,False
2020-01-26,,13721.45,right_only,,False
2020-01-27,,13639.69,right_only,,False
2020-01-28,,13620.58,right_only,,False
2020-01-29,,13762.84,right_only,,False
2020-01-30,,13918.84,right_only,,False
2020-02-02,,13888.89,right_only,,False
2020-02-03,,13878.33,right_only,,False
2020-02-04,,13915.05,right_only,,False
2020-02-05,,13987.16,right_only,,False
2020-02-06,,14105.86,right_only,,False
2020-02-09,,14108.24,right_only,,False
2020-02-10,,13979.36,right_only,,False
2020-02-11,,14009.32,right_only,,False
2020-02-12,,13845.16,right_only,,False
2020-02-13,,13859.45,right_only,,False
2020-02-16,,13737.4,right_only,,False
2020-02-17,,13800.25,right_only,,False
2020-02-18,,13636.93,right_only,,False
2020-02-19,,13694.99,right_only,,False
2020-02-20,,13720.65,right_only,,False
2020-02-23,,13688.05,right_only,,False
2020-02-24,,13441.86,right_only,,False
2020-02-25,,13328.26,right_only,,False
2020-02-26,,13200.66,right_only,,False
2020-02-27,,13008.94,right_only,,False
2020-03-01,,12222.59,right_only,,False
2020-03-02,,12289.87,right_only,,False
2020-03-03,,12419.52,right_only,,False
2020-03-04,,12182.46,right_only,,False
2020-03-05,,12347.65,right_only,,False
2020-03-08,,11849.39,right_only,,False
2020-03-09,,10983.48,right_only,,False
2020-03-10,,11199.96,right_only,,False
2020-03-11,,11194.12,right_only,,False
2020-03-15,,10148.34,right_only,,False
2020-03-16,,9428.94,right_only,,False
2020-03-17,,9201.65,right_only,,False
2020-03-18,,8756.7,right_only,,False
2020-03-19,,9205.58,right_only,,False
2020-03-22,,9750.66,right_only,,False
2020-03-23,,10047.44,right_only,,False
2020-03-24,,9770.48,right_only,,False
2020-03-25,,9865.67,right_only,,False
2020-03-26,,9912.98,right_only,,False
2020-03-29,,9760.18,right_only,,False
2020-03-30,,9521.43,right_only,,False
2020-03-31,,9593.94,right_only,,False
2020-04-01,,9424.89,right_only,,False
2020-04-02,,9455.38,right_only,,False
2020-04-05,,9272.88,right_only,,False
2020-04-06,,9446.99,right_only,,False
2020-04-07,,9840.62,right_only,,False
2020-04-08,,10095.57,right_only,,False
2020-04-09,,10321.97,right_only,,False
2020-04-12,,10237.47,right_only,,False
2020-04-13,,10353.72,right_only,,False
2020-04-14,,10458.16,right_only,,False
2020-04-15,,10342.13,right_only,,False
2020-04-16,,10154.64,right_only,,False
2020-04-21,,9874.94,right_only,,False
2020-04-22,,9801.33,right_only,,False
2020-04-23,,10120.46,right_only,,False
2020-04-26,,10377.24,right_only,,False
2020-04-27,,10376.0,right_only,,False
2020-04-28,,10415.12,right_only,,False
2020-04-29,,10545.26,right_only,,False
2020-04-30,,10554.04,right_only,,False
2020-05-03,,10199.85,right_only,,False
2020-05-04,,10081.96,right_only,,False
2020-05-05,,10188.31,right_only,,False
2020-05-06,,10293.95,right_only,,False
2020-05-07,,10176.73,right_only,,False
2020-05-10,,10257.75,right_only,,False
2020-05-11,,10296.33,right_only,,False
2020-05-12,,10588.36,right_only,,False
2020-05-13,,10396.28,right_only,,False
2020-05-14,,10287.21,right_only,,False
2020-05-17,,10357.44,right_only,,False
2020-05-18,,10278.93,right_only,,False
2020-05-19,,10357.24,right_only,,False
2020-05-20,,10205.4,right_only,,False
2020-05-21,,10109.91,right_only,,False
2020-05-31,,10220.14,right_only,,False
2020-06-01,,10227.38,right_only,,False
2020-06-02,,10338.71,right_only,,False
2020-06-03,,10424.1,right_only,,False
2020-06-04,,10621.14,right_only,,False
2020-06-07,,11108.62,right_only,,False
2020-06-08,,11146.53,right_only,,False
2020-06-09,,11063.04,right_only,,False
2020-06-10,,10933.58,right_only,,False
2020-06-11,,10831.92,right_only,,False
2020-06-14,,10731.17,right_only,,False
2020-06-15,,10668.42,right_only,,False
2020-06-16,,10935.32,right_only,,False
2020-06-17,,10905.75,right_only,,False
2020-06-18,,10857.87,right_only,,False
2020-06-21,,10823.91,right_only,,False
2020-06-22,,10742.36,right_only,,False
2020-06-23,,10764.82,right_only,,False
2020-06-24,,11039.54,right_only,,False
2020-06-25,,10890.48,right_only,,False
2020-06-28,,10848.65,right_only,,False
2020-06-29,,10750.1,right_only,,False
2020-06-30,,10764.59,right_only,,False
2020-07-05,,10959.35,right_only,,False
2020-07-06,,11087.64,right_only,,False
2020-07-07,,11050.2,right_only,,False
2020-07-08,,11127.85,right_only,,False
2020-07-09,,10957.02,right_only,,False
2020-07-12,,11071.96,right_only,,False
2020-07-13,,11007.85,right_only,,False
2020-07-14,,10873.53,right_only,,False
2020-07-15,,10617.42,right_only,,False
2020-07-16,,10441.2,right_only,,False
2020-07-19,,10281.16,right_only,,False
2020-07-20,,10380.45,right_only,,False
2020-07-21,,10558.35,right_only,,False
2020-07-22,,10459.92,right_only,,False
2020-07-26,,10524.45,right_only,,False
2020-07-27,,10575.47,right_only,,False
2020-07-28,,10568.84,right_only,,False
2020-07-29,,10599.46,right_only,,False
2020-08-04,,10620.1,right_only,,False
2020-08-05,,10704.33,right_only,,False
2020-08-06,,10817.29,right_only,,False
2020-08-09,,10962.52,right_only,,False
2020-08-10,,10938.23,right_only,,False
2020-08-11,,10919.47,right_only,,False
2020-08-12,,10922.33,right_only,,False
2020-08-13,,10944.18,right_only,,False
2020-08-16,,11120.26,right_only,,False
2020-08-17,,11142.77,right_only,,False
2020-08-18,,11077.11,right_only,,False
2020-08-19,,11160.05,right_only,,False
2020-08-23,,11391.08,right_only,,False
2020-08-24,,11433.76,right_only,,False
2020-08-25,,11461.62,right_only,,False
2020-08-26,,11453.78,right_only,,False
2020-08-27,,11462.45,right_only,,False
2020-08-30,,11434.81,right_only,,False
2020-08-31,,11365.99,right_only,,False
2020-09-01,,11233.94,right_only,,False
2020-09-02,,11214.22,right_only,,False
2020-09-03,,11180.81,right_only,,False
2020-09-06,,11073.02,right_only,,False
2020-09-07,,11136.03,right_only,,False
2020-09-08,,10951.29,right_only,,False
2020-09-09,,10929.89,right_only,,False
2020-09-10,,11070.84,right_only,,False
2020-09-13,,11091.67,right_only,,False
2020-09-14,,11034.38,right_only,,False
2020-09-15,,11028.06,right_only,,False
2020-09-16,,11088.2,right_only,,False
2020-09-17,,11050.89,right_only,,False
2020-09-20,,10969.32,right_only,,False
2020-09-21,,10910.37,right_only,,False
2020-09-22,,10963.01,right_only,,False
2020-09-23,,10979.44,right_only,,False
2020-09-24,,10911.44,right_only,,False
2020-09-27,,10902.22,right_only,,False
2020-09-28,,10969.94,right_only,,False
2020-09-29,,10987.19,right_only,,False
2020-09-30,,10989.27,right_only,,False
2020-10-01,,11051.3,right_only,,False
2020-10-04,,11071.46,right_only,,False
2020-10-05,,11007.69,right_only,,False
2020-10-06,,11146.18,right_only,,False
2020-10-07,,11326.98,right_only,,False
2020-10-11,,11360.37,right_only,,False
2020-10-12,,11397.65,right_only,,False
2020-10-13,,11291.81,right_only,,False
2020-10-14,,11333.91,right_only,,False
2020-10-15,,11322.71,right_only,,False
2020-10-18,,11185.15,right_only,,False
2020-10-19,,11171.36,right_only,,False
2020-10-20,,11157.62,right_only,,False
2020-10-21,,11101.63,right_only,,False
2020-10-22,,10987.43,right_only,,False
2020-10-25,,10602.98,right_only,,False
2020-10-26,,10511.94,right_only,,False
2020-10-27,,10559.71,right_only,,False
2020-10-28,,10515.25,right_only,,False
2020-11-01,,10456.33,right_only,,False
2020-11-02,,10429.34,right_only,,False
2020-11-03,,10512.16,right_only,,False
2020-11-04,,10556.89,right_only,,False
2020-11-05,,10629.29,right_only,,False
2020-11-08,,10680.27,right_only,,False
2020-11-09,,10838.66,right_only,,False
2020-11-10,,11077.25,right_only,,False
2020-11-11,,10997.65,right_only,,False
2020-11-12,,11017.28,right_only,,False
2020-11-15,,10953.13,right_only,,False
2020-11-16,,10991.61,right_only,,False
2020-11-17,,11063.98,right_only,,False
2020-11-18,,10989.72,right_only,,False
2020-11-19,,10898.67,right_only,,False
2020-11-22,,10858.26,right_only,,False
2020-11-23,,10885.11,right_only,,False
2020-11-24,,10997.35,right_only,,False
2020-11-25,,11068.44,right_only,,False
2020-11-26,,10980.96,right_only,,False
2020-11-29,,11009.27,right_only,,False
2020-11-30,,10943.35,right_only,,False
2020-12-01,,11040.78,right_only,,False
2020-12-02,,11023.34,right_only,,False
2020-12-03,,11015.01,right_only,,False
2020-12-06,,11024.84,right_only,,False
2020-12-07,,10995.13,right_only,,False
2020-12-08,,11019.08,right_only,,False
2020-12-09,,11018.09,right_only,,False
2020-12-10,,10987.39,right_only,,False
2020-12-13,,11003.77,right_only,,False
2020-12-14,,11047.97,right_only,,False
2020-12-15,,11057.62,right_only,,False
2020-12-16,,10983.03,right_only,,False
2020-12-17,,10844.58,right_only,,False
2020-12-20,,10890.3,right_only,,False
2020-12-21,,10581.76,right_only,,False
2020-12-22,,10655.91,right_only,,False
2020-12-23,,10677.51,right_only,,False
2020-12-24,,10683.86,right_only,,False
2020-12-27,,10585.56,right_only,,False
2020-12-28,,10658.55,right_only,,False
2020-12-29,,10736.88,right_only,,False
2020-12-30,,10867.76,right_only,,False
2020-12-31,,10845.26,right_only,,False
2021-01-03,,10845.03,right_only,,False
2021-01-04,,10813.78,right_only,,False
2021-01-05,,10829.96,right_only,,False
2021-01-06,,10952.14,right_only,,False
2021-01-10,,11213.48,right_only,,False
2021-01-11,,11278.72,right_only,,False
2021-01-12,,11339.75,right_only,,False
2021-01-13,,11388.9,right_only,,False
2021-01-14,,11453.43,right_only,,False
2021-01-17,,11446.53,right_only,,False
2021-01-18,,11450.54,right_only,,False
2021-01-19,,11485.8,right_only,,False
2021-01-20,,11598.9,right_only,,False
2021-01-21,,11654.58,right_only,,False
2021-01-24,,11525.25,right_only,,False
2021-01-25,,11509.63,right_only,,False
2021-01-26,,11527.34,right_only,,False
2021-01-27,,11578.84,right_only,,False
2021-01-31,,11546.15,right_only,,False
2021-02-01,,11589.34,right_only,,False
2021-02-02,,11637.55,right_only,,False
2021-02-03,,11619.14,right_only,,False
2021-02-04,,11598.85,right_only,,False
2021-02-07,,11602.78,right_only,,False
2021-02-08,,11523.06,right_only,,False
2021-02-09,,11447.73,right_only,,False
2021-02-10,,11545.03,right_only,,False
2021-02-11,,11546.32,right_only,,False
2021-02-14,,11506.72,right_only,,False
2021-02-15,,11526.77,right_only,,False
2021-02-16,,11534.05,right_only,,False
2021-02-17,,11413.17,right_only,,False
2021-02-18,,11380.55,right_only,,False
2021-02-21,,11425.85,right_only,,False
2021-02-22,,11549.97,right_only,,False
2021-02-23,,11416.74,right_only,,False
2021-02-24,,11435.43,right_only,,False
2021-02-25,,11617.91,right_only,,False
2021-02-28,,11525.02,right_only,,False
2021-03-01,,11521.38,right_only,,False
2021-03-02,,11471.39,right_only,,False
2021-03-03,,11393.25,right_only,,False
2021-03-04,,11333.86,right_only,,False
2021-03-07,,11557.85,right_only,,False
2021-03-08,,11459.51,right_only,,False
2021-03-09,,11337.46,right_only,,False
2021-03-10,,11235.6,right_only,,False
2021-03-11,,11261.35,right_only,,False
2021-03-14,,11289.57,right_only,,False
2021-03-15,,11222.33,right_only,,False
2021-03-16,,11190.8,right_only,,False
2021-03-17,,11068.37,right_only,,False
2021-03-18,,10918.4,right_only,,False
2021-03-21,,10802.29,right_only,,False
2021-03-22,,10537.22,right_only,,False
2021-03-23,,10471.36,right_only,,False
2021-03-24,,10702.18,right_only,,False
2021-03-25,,10870.46,right_only,,False
2021-03-28,,10867.69,right_only,,False
2021-03-29,,10738.42,right_only,,False
2021-03-30,,10739.69,right_only,,False
2021-03-31,,10568.37,right_only,,False
2021-04-01,,10564.88,right_only,,False
2021-04-04,,10417.15,right_only,,False
2021-04-05,,10256.92,right_only,,False
2021-04-06,,10263.22,right_only,,False
2021-04-07,,10227.67,right_only,,False
2021-04-08,,10303.55,right_only,,False
2021-04-11,,10393.13,right_only,,False
2021-04-12,,10450.09,right_only,,False
2021-04-13,,10305.81,right_only,,False
2021-04-14,,10115.51,right_only,,False
2021-04-15,,10143.21,right_only,,False
2021-04-18,,10358.26,right_only,,False
2021-04-19,,10441.0,right_only,,False
2021-04-20,,10620.05,right_only,,False
2021-04-21,,10642.49,right_only,,False
2021-04-22,,10600.07,right_only,,False
2021-04-25,,10604.28,right_only,,False
2021-04-26,,10525.84,right_only,,False
2021-04-27,,10591.42,right_only,,False
2021-04-28,,10475.26,right_only,,False
2021-05-04,,10465.59,right_only,,False
2021-05-05,,10512.84,right_only,,False
2021-05-06,,10588.09,right_only,,False
2021-05-09,,10643.63,right_only,,False
2021-05-10,,10686.03,right_only,,False
2021-05-11,,10767.84,right_only,,False
2021-05-17,,10674.67,right_only,,False
2021-05-18,,10780.9,right_only,,False
2021-05-19,,10806.23,right_only,,False
2021-05-20,,10731.96,right_only,,False
2021-05-23,,10812.06,right_only,,False
2021-05-24,,10760.95,right_only,,False
2021-05-25,,10531.83,right_only,,False
2021-05-26,,10369.57,right_only,,False
2021-05-27,,10242.3,right_only,,False
2021-05-30,,10301.58,right_only,,False
2021-05-31,,10309.06,right_only,,False
2021-06-01,,10240.21,right_only,,False
2021-06-02,,10120.95,right_only,,False
2021-06-03,,10054.81,right_only,,False
2021-06-06,,10122.44,right_only,,False
2021-06-07,,10105.04,right_only,,False
2021-06-08,,9963.91,right_only,,False
2021-06-09,,10042.18,right_only,,False
2021-06-10,,9977.9,right_only,,False
2021-06-13,,9887.19,right_only,,False
2021-06-14,,9933.35,right_only,,False
2021-06-15,,9891.18,right_only,,False
2021-06-16,,9880.49,right_only,,False
2021-06-17,,9865.59,right_only,,False
2021-06-20,,9797.91,right_only,,False
2021-06-21,,10061.58,right_only,,False
2021-06-22,,10206.24,right_only,,False
2021-06-23,,10272.72,right_only,,False
2021-06-24,,10278.86,right_only,,False
2021-06-27,,10305.02,right_only,,False
2021-06-28,,10273.92,right_only,,False
2021-06-29,,10123.06,right_only,,False
2021-06-30,,10256.62,right_only,,False
2021-07-04,,10345.66,right_only,,False
2021-07-05,,10348.29,right_only,,False
2021-07-06,,10154.79,right_only,,False
2021-07-07,,10277.25,right_only,,False
2021-07-08,,10184.8,right_only,,False
2021-07-11,,10153.47,right_only,,False
2021-07-12,,10233.7,right_only,,False
2021-07-13,,10431.99,right_only,,False
2021-07-14,,10602.41,right_only,,False
2021-07-15,,10561.28,right_only,,False
2021-07-18,,10646.85,right_only,,False
2021-07-25,,10745.69,right_only,,False
2021-07-26,,10697.32,right_only,,False
2021-07-27,,10763.26,right_only,,False
2021-07-28,,10769.22,right_only,,False
2021-07-29,,10742.23,right_only,,False
2021-08-01,,10810.21,right_only,,False
2021-08-02,,10821.88,right_only,,False
2021-08-03,,10726.33,right_only,,False
2021-08-04,,10718.89,right_only,,False
2021-08-05,,10723.18,right_only,,False
2021-08-08,,10738.67,right_only,,False
2021-08-09,,10800.39,right_only,,False
2021-08-10,,10853.83,right_only,,False
2021-08-11,,10884.5,right_only,,False
2021-08-15,,11029.56,right_only,,False
2021-08-16,,11046.15,right_only,,False
2021-08-17,,10937.69,right_only,,False
2021-08-18,,10907.96,right_only,,False
2021-08-19,,10808.7,right_only,,False
2021-08-22,,10690.79,right_only,,False
2021-08-23,,10884.29,right_only,,False
2021-08-24,,10950.24,right_only,,False
2021-08-25,,11064.43,right_only,,False
2021-08-26,,11125.55,right_only,,False
2021-08-29,,11113.74,right_only,,False
2021-08-30,,11163.23,right_only,,False
2021-08-31,,11143.8,right_only,,False
2021-09-01,,11283.7,right_only,,False
2021-09-02,,11301.36,right_only,,False
2021-09-05,,11095.89,right_only,,False
2021-09-06,,11064.17,right_only,,False
2021-09-07,,11089.8,right_only,,False
2021-09-08,,11135.48,right_only,,False
2021-09-09,,11056.27,right_only,,False
2021-09-12,,11036.93,right_only,,False
2021-09-13,,11140.22,right_only,,False
2021-09-14,,11187.82,right_only,,False
2021-09-15,,11149.36,right_only,,False
2021-09-16,,10996.76,right_only,,False
2021-09-19,,10889.65,right_only,,False
2021-09-20,,10710.56,right_only,,False
2021-09-21,,10498.52,right_only,,False
2021-09-22,,10596.06,right_only,,False
2021-09-23,,10642.02,right_only,,False
2021-09-26,,10649.76,right_only,,False
2021-09-27,,10496.0,right_only,,False
2021-09-28,,10446.78,right_only,,False
2021-09-29,,10391.14,right_only,,False
2021-09-30,,10517.03,right_only,,False
2021-10-03,,10366.44,right_only,,False
2021-10-04,,10427.44,right_only,,False
2021-10-05,,10432.63,right_only,,False
2021-10-06,,10536.39,right_only,,False
2021-10-10,,10662.96,right_only,,False
2021-10-11,,10714.78,right_only,,False
2021-10-12,,10783.92,right_only,,False
2021-10-13,,10881.4,right_only,,False
2021-10-14,,10995.59,right_only,,False
2021-10-17,,11155.57,right_only,,False
2021-10-18,,11276.17,right_only,,False
2021-10-19,,11195.05,right_only,,False
2021-10-20,5.949999809265137,11132.07,both,-11126.12,False
2021-10-24,5.909999847412109,11185.88,both,-11179.97,False
2021-10-25,6.010000228881836,11178.0,both,-11171.99,False
2021-10-26,6.150000095367432,11256.54,both,-11250.39,False
2021-10-27,6.260000228881836,11364.2,both,-11357.94,False
2021-10-28,6.050000190734863,11506.63,both,-11500.58,False
2021-10-31,6.019999980926514,11420.19,both,-11414.17,False
2021-11-01,6.320000171661377,11568.27,both,-11561.95,False
2021-11-02,6.630000114440918,11676.38,both,-11669.75,False
2021-11-03,6.489999771118164,11685.12,both,-11678.63,False
2021-11-04,6.349999904632568,11612.84,both,-11606.49,False
2021-11-07,6.349999904632568,11555.58,both,-11549.23,False
2021-11-08,6.349999904632568,11497.51,both,-11491.16,False
2021-11-09,6.349999904632568,11588.42,both,-11582.07,False
2021-11-10,6.400000095367432,11480.5,both,-11474.1,False
2021-11-11,6.400000095367432,11573.14,both,-11566.74,False
2021-11-14,6.449999809265137,11662.99,both,-11656.54,False
2021-11-15,6.349999904632568,11496.63,both,-11490.28,False
2021-11-16,6.360000133514404,11413.21,both,-11406.85,False
2021-11-17,6.360000133514404,11453.3,both,-11446.94,False
2021-11-18,6.360000133514404,11337.99,both,-11331.63,False
2021-11-21,6.429999828338623,11273.11,both,-11266.68,False
2021-11-22,6.53000020980835,11359.03,both,-11352.5,False
2021-11-23,6.53000020980835,11369.22,both,-11362.69,False
2021-11-24,6.75,11352.64,both,-11345.89,False
2021-11-25,6.889999866485596,11431.24,both,-11424.35,False
2021-11-28,6.889999866485596,11277.83,both,-11270.94,False
2021-11-29,6.769999980926514,11212.3,both,-11205.53,False
2021-11-30,6.909999847412109,11395.6,both,-11388.69,False
2021-12-01,6.909999847412109,11420.0,both,-11413.09,False
2021-12-02,6.989999771118164,11318.35,both,-11311.36,False
2021-12-05,7.039999961853027,11401.33,both,-11394.29,False
2021-12-06,6.929999828338623,11514.87,both,-11507.94,False
2021-12-07,6.860000133514404,11538.26,both,-11531.4,False
2021-12-08,6.860000133514404,11451.14,both,-11444.28,False
2021-12-09,6.909999847412109,11534.63,both,-11527.72,False
2021-12-12,6.960000038146973,11708.05,both,-11701.09,False
2021-12-13,7.0,11700.4,both,-11693.4,False
2021-12-14,7.0,11618.01,both,-11611.01,False
2021-12-15,7.010000228881836,11622.1,both,-11615.09,False
2021-12-16,7.0,11667.73,both,-11660.73,False
2021-12-19,7.0,11565.72,both,-11558.72,False
2021-12-20,7.0,11482.43,both,-11475.43,False
2021-12-21,7.050000190734863,11524.66,both,-11517.61,False
2021-12-22,7.099999904632568,11630.63,both,-11623.53,False
2021-12-23,7.239999771118164,11755.46,both,-11748.22,False
2021-12-26,7.309999942779541,11856.21,both,-11848.9,False
2021-12-27,7.409999847412109,11849.79,both,-11842.38,False
2021-12-28,7.53000020980835,11913.44,both,-11905.91,False
2021-12-29,7.619999885559082,11898.42,both,-11890.8,False
2021-12-30,7.650000095367432,11949.18,both,-11941.53,False
2022-01-02,7.650000095367432,11909.72,both,-11902.07,False
2022-01-03,7.309999942779541,11897.4,both,-11890.09,False
2022-01-04,7.309999942779541,11982.61,both,-11975.3,False
2022-01-05,7.389999866485596,12043.42,both,-12036.03,False
2022-01-09,7.389999866485596,11978.56,both,-11971.17,False
2022-01-10,7.230000019073486,12022.69,both,-12015.46,False
2022-01-11,7.25,12002.08,both,-11994.83,False
2022-01-12,7.150000095367432,12060.0,both,-12052.85,False
2022-01-13,7.130000114440918,12012.31,both,-12005.18,False
2022-01-16,7.0,11830.94,both,-11823.94,False
2022-01-17,7.0,11859.12,both,-11852.12,False
2022-01-18,7.079999923706055,11876.44,both,-11869.36,False
2022-01-19,7.110000133514404,11715.01,both,-11707.9,False
2022-01-20,7.059999942779541,11731.71,both,-11724.65,False
2022-01-23,7.059999942779541,11655.72,both,-11648.66,False
2022-01-24,7.130000114440918,11616.13,both,-11609.0,False
2022-01-25,7.059999942779541,11542.43,both,-11535.37,False
2022-01-26,7.099999904632568,11499.85,both,-11492.75,False
2022-01-30,7.0,11457.46,both,-11450.46,False
2022-01-31,7.0,11490.45,both,-11483.45,False
2022-02-01,7.0,11603.33,both,-11596.33,False
2022-02-02,7.0,11691.82,both,-11684.82,False
2022-02-03,7.0,11638.06,both,-11631.06,False
2022-02-06,7.0,11689.55,both,-11682.55,False
2022-02-07,7.0,11548.61,both,-11541.61,False
2022-02-08,6.75,11527.9,both,-11521.15,False
2022-02-09,6.710000038146973,11596.29,both,-11589.58,False
2022-02-10,6.71999979019165,11578.54,both,-11571.82,False
2022-02-13,6.71999979019165,11438.12,both,-11431.4,False
2022-02-14,6.409999847412109,11403.34,both,-11396.93,False
2022-02-15,6.599999904632568,11563.38,both,-11556.78,False
2022-02-16,6.510000228881836,11568.14,both,-11561.63,False
2022-02-17,6.400000095367432,11535.02,both,-11528.62,False
2022-02-20,6.369999885559082,11371.21,both,-11364.84,False
2022-02-21,6.25,11501.92,both,-11495.67,False
2022-02-22,6.25,11302.49,both,-11296.24,False
2022-02-23,6.25,11301.08,both,-11294.83,False
2022-02-24,5.940000057220459,10890.88,both,-10884.94,False
2022-02-27,6.230000019073486,11174.09,both,-11167.86,False
2022-02-28,6.210000038146973,11138.86,both,-11132.65,False
2022-03-01,6.119999885559082,11275.78,both,-11269.66,False
2022-03-02,6.050000190734863,11189.29,both,-11183.24,False
2022-03-03,5.960000038146973,11305.55,both,-11299.59,False
2022-03-06,5.860000133514404,11094.66,both,-11088.8,False
2022-03-07,5.699999809265137,10701.14,both,-10695.44,False
2022-03-08,5.699999809265137,10396.83,both,-10391.13,False
2022-03-09,5.690000057220459,10415.73,both,-10410.04,False
2022-03-10,5.690000057220459,10453.59,both,-10447.9,False
2022-03-13,5.5,10480.67,both,-10475.17,False
2022-03-14,5.5,10419.56,both,-10414.06,False
2022-03-15,5.610000133514404,10423.09,both,-10417.48,False
2022-03-16,5.889999866485596,10705.6,both,-10699.71,False
2022-03-17,6.179999828338623,10726.44,both,-10720.26,False
2022-03-20,6.480000019073486,10973.72,both,-10967.24,False
2022-03-21,6.619999885559082,11511.15,both,-11504.53,False
2022-03-22,6.75,11663.32,both,-11656.57,False
2022-03-23,6.949999809265137,11743.91,both,-11736.96,False
2022-03-24,7.090000152587891,11709.16,both,-11702.07,False
2022-03-27,7.159999847412109,11545.61,both,-11538.45,False
2022-03-28,7.150000095367432,11240.79,both,-11233.64,False
2022-03-29,7.199999809265137,11393.54,both,-11386.34,False
2022-03-30,7.199999809265137,11239.21,both,-11232.01,False
2022-03-31,7.269999980926514,11238.48,both,-11231.21,False
2022-04-03,7.449999809265137,11562.21,both,-11554.76,False
2022-04-04,7.449999809265137,11529.18,both,-11521.73,False
2022-04-05,7.090000152587891,11380.85,both,-11373.76,False
2022-04-06,7.199999809265137,11347.96,both,-11340.76,False
2022-04-07,7.199999809265137,11101.94,both,-11094.74,False
2022-04-10,7.269999980926514,10897.61,both,-10890.34,False
2022-04-11,7.300000190734863,10728.66,both,-10721.36,False
2022-04-12,7.349999904632568,10898.69,both,-10891.34,False
2022-04-13,7.380000114440918,10847.46,both,-10840.08,False
2022-04-14,7.329999923706055,10679.55,both,-10672.22,False
2022-04-17,7.400000095367432,10707.93,both,-10700.53,False
2022-04-18,7.400000095367432,10724.8,both,-10717.4,False
2022-04-19,7.400000095367432,10626.81,both,-10619.41,False
2022-04-20,7.449999809265137,10444.76,both,-10437.31,False
2022-04-21,7.5,10548.14,both,-10540.64,False
2022-04-26,7.539999961853027,10682.08,both,-10674.54,False
2022-04-27,7.599999904632568,10718.22,both,-10710.62,False
2022-04-28,7.639999866485596,11047.7,both,-11040.06,False
2022-05-08,7.78000020980835,11109.22,both,-11101.44,False
2022-05-09,7.800000190734863,10906.72,both,-10898.92,False
2022-05-10,7.820000171661377,10811.45,both,-10803.63,False
2022-05-11,8.210000038146973,10855.93,both,-10847.72,False
2022-05-12,8.210000038146973,10678.98,both,-10670.77,False
2022-05-15,8.289999961853027,10534.22,both,-10525.93,False
2022-05-16,8.300000190734863,10461.88,both,-10453.58,False
2022-05-17,8.359999656677246,10438.95,both,-10430.59,False
2022-05-18,8.40999984741211,10467.63,both,-10459.22,False
2022-05-19,8.399999618530273,10549.97,both,-10541.57,False
2022-05-22,8.619999885559082,10462.74,both,-10454.12,False
2022-05-23,8.699999809265137,10514.95,both,-10506.25,False
2022-05-24,8.850000381469727,10415.54,both,-10406.69,False
2022-05-25,8.789999961853027,10247.43,both,-10238.64,False
2022-05-26,8.789999961853027,10200.56,both,-10191.77,False
2022-05-29,8.350000381469727,10086.72,both,-10078.37,False
2022-05-30,8.260000228881836,10109.36,both,-10101.1,False
2022-05-31,8.260000228881836,10150.05,both,-10141.79,False
2022-06-01,8.279999732971191,10083.98,both,-10075.7,False
2022-06-02,8.279999732971191,10007.51,both,-9999.23,False
2022-06-05,8.279999732971191,9986.0,both,-9977.72,False
2022-06-06,8.130000114440918,9984.92,both,-9976.79,False
2022-06-07,8.09000015258789,10048.36,both,-10040.27,False
2022-06-08,8.029999732971191,10236.06,both,-10228.03,False
2022-06-09,8.029999732971191,10235.43,both,-10227.4,False
2022-06-12,7.630000114440918,10097.55,both,-10089.92,False
2022-06-13,7.630000114440918,10014.85,both,-10007.22,False
2022-06-14,7.630000114440918,9981.22,both,-9973.59,False
2022-06-15,7.179999828338623,9969.97,both,-9962.79,False
2022-06-16,7.130000114440918,9866.75,both,-9859.62,False
2022-06-19,7.130000114440918,9728.19,both,-9721.06,False
2022-06-20,7.130000114440918,9680.18,both,-9673.05,False
2022-06-21,7.150000095367432,9697.88,both,-9690.73,False
2022-06-22,7.199999809265137,9612.9,both,-9605.7,False
2022-06-23,7.199999809265137,9439.85,both,-9432.65,False
2022-06-26,7.199999809265137,9443.75,both,-9436.55,False
2022-06-27,7.199999809265137,9255.43,both,-9248.23,False
2022-06-28,7.090000152587891,9179.63,both,-9172.54,False
2022-06-29,7.25,9225.61,both,-9218.36,False
2022-07-03,7.139999866485596,9008.89,both,-9001.75,False
2022-07-04,7.179999828338623,8685.74,both,-8678.56,False
2022-07-05,7.0,8657.5,both,-8650.5,False
2022-07-06,7.099999904632568,8670.12,both,-8663.02,False
2022-07-07,7.170000076293945,8764.25,both,-8757.08,False
2022-07-17,7.170000076293945,8772.93,both,-8765.76,False
2022-07-18,7.420000076293945,8867.94,both,-8860.52,False
2022-07-19,7.420000076293945,9033.53,both,-9026.11,False
2022-07-20,7.349999904632568,9112.72,both,-9105.37,False
2022-07-21,7.440000057220459,9289.81,both,-9282.37,False
2022-07-24,7.449999809265137,9276.28,both,-9268.83,False
2022-07-25,7.489999771118164,9237.7,both,-9230.21,False
2022-07-26,7.489999771118164,9350.42,both,-9342.93,False
2022-07-27,7.489999771118164,9287.92,both,-9280.43,False
2022-07-28,7.460000038146973,9369.32,both,-9361.86,False
2022-07-31,7.460000038146973,9467.08,both,-9459.62,False
2022-08-01,7.460000038146973,9423.1,both,-9415.64,False
2022-08-02,7.739999771118164,9442.02,both,-9434.28,False
2022-08-03,7.739999771118164,9539.43,both,-9531.69,False
2022-08-04,7.71999979019165,10043.23,both,-10035.51,False
2022-08-07,7.400000095367432,10123.81,both,-10116.41,False
2022-08-08,7.199999809265137,10047.71,both,-10040.51,False
2022-08-09,7.079999923706055,9968.88,both,-9961.8,False
2022-08-10,7.079999923706055,9965.46,both,-9958.38,False
2022-08-11,7.079999923706055,9988.84,both,-9981.76,False
2022-08-14,7.079999923706055,9984.44,both,-9977.36,False
2022-08-15,7.079999923706055,9914.71,both,-9907.63,False
2022-08-16,7.170000076293945,9843.17,both,-9836.0,False
2022-08-17,7.010000228881836,10058.12,both,-10051.11,False
2022-08-18,7.010000228881836,10094.16,both,-10087.15,False
2022-08-21,7.210000038146973,10339.58,both,-10332.37,False
2022-08-22,7.360000133514404,10246.24,both,-10238.88,False
2022-08-23,7.360000133514404,10137.89,both,-10130.53,False
2022-08-24,7.340000152587891,10105.24,both,-10097.9,False
2022-08-25,7.340000152587891,10287.27,both,-10279.93,False
2022-08-28,7.340000152587891,10178.15,both,-10170.81,False
2022-08-29,7.289999961853027,10122.32,both,-10115.03,False
2022-08-30,7.260000228881836,10132.15,both,-10124.89,False
2022-08-31,7.309999942779541,9998.61,both,-9991.3,False
2022-09-01,7.380000114440918,9936.87,both,-9929.49,False
2022-09-04,7.380000114440918,9996.74,both,-9989.36,False
2022-09-05,7.380000114440918,10177.64,both,-10170.26,False
2022-09-06,7.380000114440918,10329.66,both,-10322.28,False
2022-09-07,7.380000114440918,10232.29,both,-10224.91,False
2022-09-08,7.679999828338623,10265.35,both,-10257.67,False
2022-09-11,7.519999980926514,10356.31,both,-10348.79,False
2022-09-12,7.730000019073486,10434.1,both,-10426.37,False
2022-09-13,7.730000019073486,10397.12,both,-10389.39,False
2022-09-14,7.409999847412109,10193.79,both,-10186.38,False
2022-09-15,7.260000228881836,10079.02,both,-10071.76,False
2022-09-18,7.25,9763.19,both,-9755.94,False
2022-09-19,7.25,9854.21,both,-9846.96,False
2022-09-20,7.349999904632568,10010.53,both,-10003.18,False
2022-09-21,7.349999904632568,9955.85,both,-9948.5,False
2022-09-22,7.349999904632568,9933.05,both,-9925.7,False
2022-09-25,7.349999904632568,9895.04,both,-9887.69,False
2022-09-26,7.349999904632568,9827.8,both,-9820.45,False
2022-09-27,7.349999904632568,9817.37,both,-9810.02,False
2022-09-28,7.349999904632568,9702.19,both,-9694.84,False
2022-09-29,7.25,9827.46,both,-9820.21,False
2022-10-02,7.28000020980835,9687.36,both,-9680.08,False
2022-10-03,7.28000020980835,9685.85,both,-9678.57,False
2022-10-04,7.28000020980835,9923.81,both,-9916.53,False
2022-10-05,7.28000020980835,10010.78,both,-10003.5,False
2022-10-09,7.21999979019165,9940.86,both,-9933.64,False
2022-10-10,7.21999979019165,9948.53,both,-9941.31,False
2022-10-11,7.21999979019165,9867.23,both,-9860.01,False
2022-10-12,7.21999979019165,9800.64,both,-9793.42,False
2022-10-13,7.170000076293945,9853.74,both,-9846.57,False
2022-10-16,7.170000076293945,10048.88,both,-10041.71,False
2022-10-17,7.210000038146973,10148.4,both,-10141.19,False
2022-10-18,7.269999980926514,10163.56,both,-10156.29,False
2022-10-19,7.199999809265137,10156.34,both,-10149.14,False
2022-10-20,7.199999809265137,10273.53,both,-10266.33,False
2022-10-23,7.150000095367432,10258.24,both,-10251.09,False
2022-10-24,7.150000095367432,10320.88,both,-10313.73,False
2022-10-25,7.150000095367432,10475.02,both,-10467.87,False
2022-10-26,7.150000095367432,10553.2,both,-10546.05,False
2022-10-27,7.400000095367432,11072.02,both,-11064.62,False
2022-10-30,7.699999809265137,11100.67,both,-11092.97,False
2022-10-31,7.739999771118164,11372.79,both,-11365.05,False
2022-11-01,7.380000114440918,11432.79,both,-11425.41,False
2022-11-02,7.360000133514404,11242.07,both,-11234.71,False
2022-11-03,7.099999904632568,11262.4,both,-11255.3,False
2022-11-06,7.03000020980835,11179.2,both,-11172.17,False
2022-11-07,7.010000228881836,11443.71,both,-11436.7,False
2022-11-08,7.010000228881836,11268.04,both,-11261.03,False
2022-11-09,7.010000228881836,11781.58,both,-11774.57,False
2022-11-10,7.079999923706055,11756.56,both,-11749.48,False
2022-11-13,7.130000114440918,11980.62,both,-11973.49,False
2022-11-14,7.130000114440918,12136.37,both,-12129.24,False
2022-11-15,7.130000114440918,12137.0,both,-12129.87,False
2022-11-16,7.210000038146973,12341.2,both,-12333.99,False
2022-11-17,7.199999809265137,12515.71,both,-12508.51,False
2022-11-20,7.150000095367432,12523.84,both,-12516.69,False
2022-11-21,7.150000095367432,12449.9,both,-12442.75,False
2022-11-22,7.019999980926514,12622.34,both,-12615.32,False
2022-11-23,6.989999771118164,12600.09,both,-12593.1,False
2022-11-24,6.949999809265137,12779.44,both,-12772.49,False
2022-11-27,6.960000038146973,13009.48,both,-13002.52,False
2022-11-28,6.800000190734863,12917.22,both,-12910.42,False
2022-11-29,6.699999809265137,13184.26,both,-13177.56,False
2022-11-30,6.599999904632568,13259.26,both,-13252.66,False
2022-12-01,6.650000095367432,13639.73,both,-13633.08,False
2022-12-04,6.96999979019165,14078.53,both,-14071.56,False
2022-12-05,7.099999904632568,14327.77,both,-14320.67,False
2022-12-06,7.150000095367432,14498.29,both,-14491.14,False
2022-12-07,7.230000019073486,14787.05,both,-14779.82,False
2022-12-08,7.289999961853027,14838.31,both,-14831.02,False
2022-12-11,7.150000095367432,14587.7,both,-14580.55,False
2022-12-12,7.050000190734863,14723.71,both,-14716.66,False
2022-12-13,7.199999809265137,15150.31,both,-15143.11,False
2022-12-14,7.349999904632568,15378.28,both,-15370.93,False
2022-12-15,8.100000381469727,15141.55,both,-15133.45,False
2022-12-18,8.270000457763672,14843.05,both,-14834.78,False
2022-12-19,8.020000457763672,14738.6,both,-14730.58,False
2022-12-20,8.260000228881836,14523.26,both,-14515.0,False
2022-12-21,8.899999618530273,14541.98,both,-14533.08,False
2022-12-22,8.90999984741211,14482.93,both,-14474.02,False
2022-12-25,9.09000015258789,14385.3,both,-14376.21,False
2022-12-26,9.350000381469728,14560.41,both,-14551.06,False
2022-12-27,9.279999732971191,14485.18,both,-14475.9,False
2022-12-28,9.350000381469728,14578.21,both,-14568.86,False
2022-12-29,9.789999961853027,14598.53,both,-14588.74,False
2023-01-02,9.59000015258789,14960.66,both,-14951.07,False
2023-01-03,9.399999618530272,15068.13,both,-15058.73,False
2023-01-04,9.09000015258789,15557.46,both,-15548.37,False
2023-01-05,8.869999885559082,16002.18,both,-15993.31,False
2023-01-09,8.59000015258789,16096.87,both,-16088.28,False
2023-01-10,8.149999618530273,15462.57,both,-15454.42,False
2023-01-11,8.020000457763672,15528.1,both,-15520.08,False
2023-01-12,7.829999923706055,15551.47,both,-15543.64,False
2023-01-15,8.399999618530273,15561.25,both,-15552.85,False
2023-01-16,8.390000343322754,15837.91,both,-15829.52,False
2023-01-17,8.720000267028809,15981.88,both,-15973.16,False
2023-01-18,8.619999885559082,15987.15,both,-15978.53,False
2023-01-19,8.84000015258789,16065.98,both,-16057.14,False
2023-01-22,9.369999885559082,16118.85,both,-16109.48,False
2023-01-23,9.0600004196167,16183.49,both,-16174.43,False
2023-01-24,9.18000030517578,16440.53,both,-16431.35,False
2023-01-25,9.710000038146973,16791.11,both,-16781.4,False
2023-01-29,10.6899995803833,17411.46,both,-17400.77,False
2023-01-30,10.239999771118164,17026.64,both,-17016.4,False
2023-01-31,10.079999923706056,16446.38,both,-16436.3,False
2023-02-01,10.220000267028809,16407.79,both,-16397.57,False
2023-02-02,10.5,16255.73,both,-16245.23,False
2023-02-05,10.31999969482422,16265.92,both,-16255.6,False
2023-02-06,10.770000457763672,16587.06,both,-16576.29,False
2023-02-07,10.890000343322754,16900.43,both,-16889.54,False
2023-02-08,10.329999923706056,16948.08,both,-16937.75,False
2023-02-09,10.600000381469728,17613.78,both,-17603.18,False
2023-02-12,10.539999961853027,17287.09,both,-17276.55,False
2023-02-13,10.390000343322754,17214.56,both,-17204.17,False
2023-02-14,11.1899995803833,17430.98,both,-17419.79,False
2023-02-15,11.760000228881836,17522.56,both,-17510.8,False
2023-02-16,11.550000190734863,17488.87,both,-17477.32,False
2023-02-19,11.149999618530272,17326.61,both,-17315.46,False
2023-02-20,11.15999984741211,16814.0,both,-16802.84,False
2023-02-21,11.0,17039.45,both,-17028.45,False
2023-02-22,10.550000190734863,16777.2,both,-16766.65,False
2023-02-23,10.609999656677246,17003.9,both,-16993.29,False
2023-02-26,10.93000030517578,17213.01,both,-17202.08,False
2023-02-27,10.979999542236328,17098.16,both,-17087.18,False
2023-02-28,10.670000076293944,17002.08,both,-16991.41,False
2023-03-01,10.5600004196167,17123.01,both,-17112.45,False
2023-03-02,10.5,16846.79,both,-16836.29,False
2023-03-05,10.380000114440918,16827.65,both,-16817.27,False
2023-03-06,10.539999961853027,16803.89,both,-16793.35,False
2023-03-07,10.3100004196167,16432.56,both,-16422.25,False
2023-03-08,10.300000190734863,16315.62,both,-16305.32,False
2023-03-09,10.020000457763672,16454.31,both,-16444.29,False
2023-03-12,9.359999656677246,15936.89,both,-15927.53,False
2023-03-13,9.029999732971191,15438.5,both,-15429.47,False
2023-03-14,9.119999885559082,15362.25,both,-15353.13,False
2023-03-15,8.15999984741211,14724.44,both,-14716.28,False
2023-03-16,8.550000190734863,14704.18,both,-14695.63,False
2023-03-19,8.90999984741211,14681.12,both,-14672.21,False
2023-03-20,9.079999923706056,14923.81,both,-14914.73,False
2023-03-21,9.34000015258789,15325.66,both,-15316.32,False
2023-03-22,9.140000343322754,15253.22,both,-15244.08,False
2023-03-23,9.380000114440918,15625.08,both,-15615.7,False
2023-03-26,9.600000381469728,15989.18,both,-15979.58,False
2023-03-27,10.199999809265137,15950.09,both,-15939.89,False
2023-03-28,10.460000038146973,15906.42,both,-15895.96,False
2023-03-29,11.0,16411.37,both,-16400.37,False
2023-03-30,10.960000038146973,16418.53,both,-16407.57,False
2023-04-02,11.1899995803833,16694.46,both,-16683.27,False
2023-04-03,11.149999618530272,17056.89,both,-17045.74,False
2023-04-04,11.279999732971191,16998.35,both,-16987.07,False
2023-04-05,11.6899995803833,17019.25,both,-17007.56,False
2023-04-06,12.010000228881836,16709.28,both,-16697.27,False
2023-04-09,12.15999984741211,16674.87,both,-16662.71,False
2023-04-10,12.229999542236328,16774.64,both,-16762.41,False
2023-04-11,12.81999969482422,17011.68,both,-16998.86,False
2023-04-12,12.619999885559082,16741.45,both,-16728.83,False
2023-04-13,12.729999542236328,17671.27,both,-17658.54,False
2023-04-18,13.260000228881836,17538.97,both,-17525.71,False
2023-04-19,13.220000267028809,17516.04,both,-17502.82,False
2023-04-26,13.279999732971191,17452.22,both,-17438.94,False
2023-04-27,13.18000030517578,17796.91,both,-17783.73,False
2023-04-30,13.479999542236328,17667.74,both,-17654.26,False
2023-05-01,13.479999542236328,17310.83,both,-17297.35,False
2023-05-02,13.399999618530272,17300.56,both,-17287.16,False
2023-05-03,13.5600004196167,17295.27,both,-17281.71,False
2023-05-07,13.670000076293944,17235.31,both,-17221.64,False
2023-05-08,13.579999923706056,17642.97,both,-17629.39,False
2023-05-09,13.529999732971191,17326.27,both,-17312.74,False
2023-05-10,13.4399995803833,17494.73,both,-17481.29,False
2023-05-11,13.25,17270.69,both,-17257.44,False
2023-05-14,12.699999809265137,17369.13,both,-17356.43,False
2023-05-15,12.479999542236328,17135.55,both,-17123.07,False
2023-05-16,12.15999984741211,17033.99,both,-17021.83,False
2023-05-17,12.119999885559082,16844.01,both,-16831.89,False
2023-05-18,11.949999809265137,16745.54,both,-16733.59,False
2023-05-21,12.279999732971191,16860.88,both,-16848.6,False
2023-05-22,12.640000343322754,16764.41,both,-16751.77,False
2023-05-23,12.800000190734863,16787.71,both,-16774.91,False
2023-05-24,12.579999923706056,17090.56,both,-17077.98,False
2023-05-25,12.489999771118164,17043.62,both,-17031.13,False
2023-05-28,12.369999885559082,17131.45,both,-17119.08,False
2023-05-29,12.289999961853027,17211.84,both,-17199.55,False
2023-05-30,12.369999885559082,17534.59,both,-17522.22,False
2023-05-31,12.609999656677246,17495.77,both,-17483.16,False
2023-06-01,12.699999809265137,17533.31,both,-17520.61,False
2023-06-04,12.640000343322754,17455.48,both,-17442.84,False
2023-06-05,12.40999984741211,17345.9,both,-17333.49,False
2023-06-06,12.350000381469728,17491.18,both,-17478.83,False
2023-06-07,12.18000030517578,17347.57,both,-17335.39,False
2023-06-08,12.199999809265137,17521.36,both,-17509.16,False
2023-06-11,12.050000190734863,17739.63,both,-17727.58,False
2023-06-12,12.25,17704.58,both,-17692.33,False
2023-06-13,12.31999969482422,17866.81,both,-17854.49,False
2023-06-14,12.43000030517578,17873.28,both,-17860.85,False
2023-06-15,12.140000343322754,17881.52,both,-17869.38,False
2023-06-18,12.3100004196167,18026.17,both,-18013.86,False
2023-06-19,12.25,17988.95,both,-17976.7,False
2023-06-20,12.279999732971191,17921.92,both,-17909.64,False
2023-06-21,12.300000190734863,17706.08,both,-17693.78,False
2023-06-22,12.289999961853027,17712.93,both,-17700.64,False
2023-06-25,12.300000190734863,17287.64,both,-17275.34,False
2023-06-26,12.289999961853027,17665.29,both,-17653.0,False
2023-07-04,12.229999542236328,17466.18,both,-17453.95,False
2023-07-05,12.239999771118164,17380.33,both,-17368.09,False
2023-07-06,11.90999984741211,17102.3,both,-17090.39,False
2023-07-09,12.350000381469728,16555.12,both,-16542.77,False
2023-07-10,12.34000015258789,16963.13,both,-16950.79,False
2023-07-11,12.34000015258789,17155.23,both,-17142.89,False
2023-07-12,12.329999923706056,17144.22,both,-17131.89,False
2023-07-13,12.390000343322754,17342.29,both,-17329.9,False
2023-07-16,12.279999732971191,17343.13,both,-17330.85,False
2023-07-17,12.720000267028809,17512.01,both,-17499.29,False
2023-07-18,12.979999542236328,17608.32,both,-17595.34,False
2023-07-19,12.979999542236328,17578.67,both,-17565.69,False
2023-07-24,12.949999809265137,17550.23,both,-17537.28,False
2023-07-25,13.0,17479.94,both,-17466.94,False
2023-07-26,13.140000343322754,17396.24,both,-17383.1,False
2023-07-27,13.140000343322754,17339.06,both,-17325.92,False
2023-07-30,13.90999984741211,17554.56,both,-17540.65,False
2023-07-31,14.1899995803833,17595.92,both,-17581.73,False
2023-08-01,14.390000343322754,17514.11,both,-17499.72,False
2023-08-02,14.130000114440918,17455.6,both,-17441.47,False
2023-08-03,13.989999771118164,17451.44,both,-17437.45,False
2023-08-06,14.039999961853027,17697.49,both,-17683.45,False
2023-08-07,14.100000381469728,17839.48,both,-17825.38,False
2023-08-08,13.960000038146973,17748.89,both,-17734.93,False
2023-08-09,14.100000381469728,17763.63,both,-17749.53,False
2023-08-10,14.100000381469728,17710.2,both,-17696.1,False
2023-08-13,14.039999961853027,17856.07,both,-17842.03,False
2023-08-14,14.130000114440918,17897.5,both,-17883.37,False
2023-08-15,14.199999809265137,17965.32,both,-17951.12,False
2023-08-16,17.040000915527344,18062.5,both,-18045.46,False
2023-08-17,15.68000030517578,17969.27,both,-17953.59,False
2023-08-20,15.5600004196167,18033.22,both,-18017.66,False
2023-08-21,15.220000267028809,17920.48,both,-17905.26,False
2023-08-22,15.050000190734863,18216.63,both,-18201.58,False
2023-08-23,15.449999809265137,18133.42,both,-18117.97,False
2023-08-24,15.300000190734863,18207.82,both,-18192.52,False
2023-08-27,15.279999732971191,18516.59,both,-18501.31,False
2023-08-28,15.020000457763672,18584.84,both,-18569.82,False
2023-08-29,15.050000190734863,18629.34,both,-18614.29,False
2023-08-30,14.979999542236328,18818.15,both,-18803.17,False
2023-08-31,14.979999542236328,18873.82,both,-18858.84,False
2023-09-03,14.75,18726.01,both,-18711.26,False
2023-09-04,14.640000343322754,18910.99,both,-18896.35,False
2023-09-05,14.489999771118164,19044.39,both,-19029.9,False
2023-09-06,14.649999618530272,19224.52,both,-19209.87,False
2023-09-07,14.65999984741211,19375.68,both,-19361.02,False
2023-09-10,14.65999984741211,19577.85,both,-19563.19,False
2023-09-11,14.300000190734863,19278.72,both,-19264.42,False
2023-09-12,14.350000381469728,19144.09,both,-19129.74,False
2023-09-13,14.140000343322754,19361.7,both,-19347.56,False
2023-09-14,14.390000343322754,19540.33,both,-19525.94,False
2023-09-17,14.479999542236328,19668.82,both,-19654.34,False
2023-09-18,14.350000381469728,19751.78,both,-19737.43,False
2023-09-19,14.229999542236328,19954.3,both,-19940.07,False
2023-09-20,14.229999542236328,19797.23,both,-19783.0,False
2023-09-21,14.229999542236328,20080.57,both,-20066.34,False
2023-09-24,14.229999542236328,20213.7,both,-20199.47,False
2023-09-25,13.600000381469728,20320.56,both,-20306.96,False
2023-09-26,13.539999961853027,20354.86,both,-20341.32,False
2023-09-27,13.539999961853027,20174.28,both,-20160.74,False
2023-10-01,13.539999961853027,20054.72,both,-20041.18,False
2023-10-02,12.529999732971191,19901.24,both,-19888.71,False
2023-10-03,12.460000038146973,19706.96,both,-19694.5,False
2023-10-04,12.300000190734863,19873.31,both,-19861.01,False
2023-10-08,11.600000381469728,19357.42,both,-19345.82,False
2023-10-09,12.489999771118164,19409.78,both,-19397.29,False
2023-10-10,12.5,19724.32,both,-19711.82,False
2023-10-11,12.510000228881836,19653.49,both,-19640.98,False
2023-10-12,12.460000038146973,20002.1,both,-19989.64,False
2023-10-15,12.350000381469728,20324.96,both,-20312.61,False
2023-10-16,13.0,21032.35,both,-21019.35,False
2023-10-17,13.5,22073.95,both,-22060.45,False
2023-10-18,13.529999732971191,22117.4,both,-22103.87,False
2023-10-19,13.529999732971191,21616.6,both,-21603.07,False
2023-10-22,13.449999809265137,22128.49,both,-22115.04,False
2023-10-23,13.630000114440918,22572.49,both,-22558.86,False
2023-10-24,13.510000228881836,22377.39,both,-22363.88,False
2023-10-25,13.920000076293944,23131.96,both,-23118.04,False
2023-10-26,14.0,23262.27,both,-23248.27,False
2023-10-29,14.0,23086.72,both,-23072.72,False
2023-10-30,14.039999961853027,23435.65,both,-23421.61,False
2023-10-31,13.710000038146973,22550.65,both,-22536.94,False
2023-11-01,13.56999969482422,22433.38,both,-22419.81,False
2023-11-02,14.329999923706056,22639.59,both,-22625.26,False
2023-11-05,14.510000228881836,23094.69,both,-23080.18,False
2023-11-06,14.4399995803833,23059.15,both,-23044.71,False
2023-11-07,14.079999923706056,23393.41,both,-23379.33,False
2023-11-08,14.0,23986.56,both,-23972.56,False
2023-11-09,14.0600004196167,24312.92,both,-24298.86,False
2023-11-12,13.9399995803833,23910.66,both,-23896.72,False
2023-11-13,14.010000228881836,23954.96,both,-23940.95,False
2023-11-14,13.9399995803833,23894.06,both,-23880.12,False
2023-11-15,13.899999618530272,24138.8,both,-24124.9,False
2023-11-16,14.010000228881836,24383.27,both,-24369.26,False
2023-11-19,13.970000267028809,24899.59,both,-24885.62,False
2023-11-20,14.359999656677246,24760.02,both,-24745.66,False
2023-11-21,14.550000190734863,24774.04,both,-24759.49,False
2023-11-22,15.100000381469728,25029.57,both,-25014.47,False
2023-11-23,16.239999771118164,25519.49,both,-25503.25,False
2023-11-26,15.949999809265137,25300.32,both,-25284.37,False
2023-11-27,16.399999618530273,25905.54,both,-25889.14,False
2023-11-28,15.880000114440918,25121.73,both,-25105.85,False
2023-11-29,15.369999885559082,24759.16,both,-24743.79,False
2023-11-30,15.619999885559082,24735.39,both,-24719.77,False
2023-12-03,15.699999809265137,24571.98,both,-24556.28,False
2023-12-04,16.43000030517578,25265.41,both,-25248.98,False
2023-12-05,16.260000228881836,25127.91,both,-25111.65,False
2023-12-06,15.970000267028809,24703.55,both,-24687.58,False
2023-12-07,15.479999542236328,24686.16,both,-24670.68,False
2023-12-10,15.520000457763672,24189.83,both,-24174.31,False
2023-12-11,15.06999969482422,24182.06,both,-24166.99,False
2023-12-12,15.020000457763672,24071.66,both,-24056.64,False
2023-12-13,15.960000038146973,24773.92,both,-24757.96,False
2023-12-14,15.989999771118164,24722.82,both,-24706.83,False
2023-12-17,16.940000534057617,24792.14,both,-24775.2,False
2023-12-18,18.200000762939453,25334.09,both,-25315.89,False
2023-12-19,17.1200008392334,25076.42,both,-25059.3,False
2023-12-20,17.049999237060547,24837.56,both,-24820.51,False
2023-12-21,16.690000534057617,24305.09,both,-24288.4,False
2023-12-24,16.690000534057617,23822.17,both,-23805.48,False
2023-12-25,16.09000015258789,24226.68,both,-24210.59,False
2023-12-26,15.59000015258789,23994.54,both,-23978.95,False
2023-12-27,15.84000015258789,24351.12,both,-24335.28,False
2023-12-28,15.800000190734863,24691.43,both,-24675.63,False
2023-12-31,15.670000076293944,24894.26,both,-24878.59,False
2024-01-02,16.149999618530273,25501.94,both,-25485.79,False
2024-01-03,16.3700008392334,25408.51,both,-25392.14,False
2024-01-04,16.489999771118164,25350.28,both,-25333.79,False
2024-01-08,16.200000762939453,25344.63,both,-25328.43,False
2024-01-09,16.25,25589.99,both,-25573.74,False
2024-01-10,16.790000915527344,25466.75,both,-25449.96,False
2024-01-11,17.010000228881836,25519.25,both,-25502.24,False
2024-01-14,17.100000381469727,25974.84,both,-25957.74,False
2024-01-15,17.100000381469727,26250.73,both,-26233.63,False
2024-01-16,17.389999389648438,26938.14,both,-26920.75,False
2024-01-17,17.190000534057617,26758.26,both,-26741.07,False
2024-01-18,17.239999771118164,26842.67,both,-26825.43,False
2024-01-21,17.639999389648438,27719.37,both,-27701.73,False
2024-01-22,17.670000076293945,28050.33,both,-28032.66,False
2024-01-23,17.239999771118164,27587.0,both,-27569.76,False
2024-01-24,17.34000015258789,27666.18,both,-27648.84,False
2024-01-28,17.350000381469727,28625.76,both,-28608.41,False
2024-01-29,17.479999542236328,29227.79,both,-29210.31,False
2024-01-30,17.899999618530273,30347.3,both,-30329.4,False
2024-01-31,16.579999923706055,28281.91,both,-28265.33,False
2024-02-01,17.709999084472656,28434.37,both,-28416.66,False
2024-02-04,19.489999771118164,27573.5,both,-27554.01,False
2024-02-05,18.75,27665.75,both,-27647.0,False
2024-02-06,18.63999938964844,27270.63,both,-27251.99,False
2024-02-07,17.899999618530273,27905.95,both,-27888.05,False
2024-02-08,18.549999237060547,28411.41,both,-28392.86,False
2024-02-11,18.299999237060547,28199.04,both,-28180.74,False
2024-02-12,18.07999992370605,28494.72,both,-28476.64,False
2024-02-13,20.520000457763672,28604.54,both,-28584.02,False
2024-02-14,21.690000534057617,28874.99,both,-28853.3,False
2024-02-15,22.030000686645508,28926.15,both,-28904.12,False
2024-02-18,22.030000686645508,29125.57,both,-29103.54,False
2024-02-19,22.049999237060547,29452.4,both,-29430.35,False
2024-02-20,21.899999618530277,29330.66,both,-29308.76,False
2024-02-21,21.65999984741211,29292.05,both,-29270.39,False
2024-02-22,21.649999618530277,29309.73,both,-29288.08,False
2024-02-25,22.149999618530277,27840.86,both,-27818.71,False
2024-02-26,21.809999465942383,28931.92,both,-28910.11,False
2024-02-27,20.93000030517578,29205.16,both,-29184.23,False
2024-02-28,20.989999771118164,28876.46,both,-28855.47,False
2024-02-29,20.0,28964.41,both,-28944.41,False
2024-03-03,19.86000061035156,29058.33,both,-29038.47,False
2024-03-04,19.75,30542.33,both,-30522.58,False
2024-03-05,19.61000061035156,30668.89,both,-30649.28,False
2024-03-06,19.36000061035156,29743.11,both,-29723.75,False
2024-03-07,18.5,31300.54,both,-31282.04,False
2024-03-10,19.200000762939453,32919.95,both,-32900.75,False
2024-03-11,19.899999618530277,33382.51,both,-33362.61,False
2024-03-12,23.0,32661.61,both,-32638.61,False
2024-03-13,22.700000762939453,31013.88,both,-30991.18,False
2024-03-14,22.229999542236328,31316.43,both,-31294.2,False
2024-03-17,22.030000686645508,31061.88,both,-31039.85,False
2024-03-18,20.989999771118164,29091.29,both,-29070.3,False
2024-03-19,20.0,28675.7,both,-28655.7,False
2024-03-20,19.84000015258789,28589.37,both,-28569.53,False
2024-03-21,19.399999618530277,29054.96,both,-29035.56,False
2024-03-24,19.899999618530277,29060.02,both,-29040.12,False
2024-03-25,20.479999542236328,29344.46,both,-29323.98,False
2024-03-26,19.82999992370605,29057.5,both,-29037.67,False
2024-03-27,18.739999771118164,28224.37,both,-28205.63,False
2024-03-28,17.639999389648438,27559.35,both,-27541.71,False
2024-03-31,16.700000762939453,26883.39,both,-26866.69,False
2024-04-01,16.450000762939453,28297.17,both,-28280.72,False
2024-04-02,16.600000381469727,27934.36,both,-27917.76,False
2024-04-03,16.079999923706055,27937.22,both,-27921.14,False
2024-04-04,16.0,28506.16,both,-28490.16,False
2024-04-07,15.359999656677246,28151.66,both,-28136.3,False
2024-04-08,16.059999465942383,28503.75,both,-28487.69,False
2024-04-15,16.020000457763672,29616.47,both,-29600.45,False
2024-04-16,16.350000381469727,29400.84,both,-29384.49,False
2024-04-17,16.399999618530273,29667.71,both,-29651.31,False
2024-04-18,15.489999771118164,28332.65,both,-28317.16,False
2024-04-21,15.399999618530272,28623.39,both,-28607.99,False
2024-04-22,14.9399995803833,28144.22,both,-28129.28,False
2024-04-23,13.899999618530272,26777.05,both,-26763.15,False
2024-04-24,13.890000343322754,25917.59,both,-25903.7,False
2024-04-28,13.890000343322754,24639.63,both,-24625.74,False
2024-04-29,14.300000190734863,26011.28,both,-25996.98,False
2024-04-30,13.869999885559082,24448.73,both,-24434.86,False
2024-05-01,,25270.55,right_only,,False
2024-05-02,15.18000030517578,26113.71,both,-26098.53,False
2024-05-07,15.260000228881836,26429.69,both,-26414.43,False
2024-05-08,15.010000228881836,25988.93,both,-25973.92,False
2024-05-09,15.0600004196167,26003.16,both,-25988.1,False
2024-05-12,14.699999809265137,25155.92,both,-25141.22,False
2024-05-13,15.119999885559082,25381.25,both,-25366.13,False
2024-05-14,15.380000114440918,25339.77,both,-25324.39,False
2024-05-15,15.789999961853027,25316.08,both,-25300.29,False
2024-05-16,15.829999923706056,26142.84,both,-26127.01,False
2024-05-19,15.920000076293944,27315.83,both,-27299.91,False
2024-05-20,16.010000228881836,27228.85,both,-27212.84,False
2024-05-21,15.710000038146973,27224.8,both,-27209.09,False
2024-05-22,15.5,27227.44,both,-27211.94,False
2024-05-23,15.510000228881836,27205.14,both,-27189.63,False
2024-05-26,15.510000228881836,27539.21,both,-27523.7,False
2024-05-27,16.540000915527344,27287.31,both,-27270.77,False
2024-05-28,16.450000762939453,27194.51,both,-27178.06,False
2024-05-29,16.420000076293945,27089.68,both,-27073.26,False
2024-05-30,15.979999542236328,26922.76,both,-26906.78,False
2024-06-02,16.350000381469727,26869.85,both,-26853.5,False
2024-06-03,16.309999465942383,26834.47,both,-26818.16,False
2024-06-04,16.31999969482422,26973.0,both,-26956.68,False
2024-06-05,16.200000762939453,26634.3,both,-26618.1,False
2024-06-06,16.25,26428.65,both,-26412.4,False
2024-06-09,16.299999237060547,25659.13,both,-25642.83,False
2024-06-10,16.940000534057617,25896.56,both,-25879.62,False
2024-06-11,17.649999618530273,26082.29,both,-26064.64,False
2024-06-12,17.43000030517578,26133.39,both,-26115.96,False
2024-06-13,17.690000534057617,26417.6,both,-26399.91,False
2024-06-23,18.010000228881836,27062.37,both,-27044.36,False
2024-06-24,18.399999618530277,26902.4,both,-26884.0,False
2024-06-25,18.200000762939453,27264.23,both,-27246.03,False
2024-06-26,19.3799991607666,27500.56,both,-27481.18,False
2024-06-27,19.38999938964844,27766.27,both,-27746.88,False
2024-07-01,,27969.59,right_only,,False
2024-07-02,20.479999542236328,27985.89,both,-27965.41,False
2024-07-03,20.15999984741211,28161.17,both,-28141.01,False
2024-07-04,20.799999237060547,28364.79,both,-28343.99,False
2024-07-07,20.6299991607666,28602.14,both,-28581.51,False
2024-07-08,20.540000915527344,28411.87,both,-28391.33,False
2024-07-09,20.31999969482422,28466.24,both,-28445.92,False
2024-07-10,20.440000534057617,28287.98,both,-28267.54,False
2024-07-14,20.0,28042.06,both,-28022.06,False
2024-07-15,19.780000686645508,27952.04,both,-27932.26,False
2024-07-16,19.979999542236328,27828.92,both,-27808.94,False
2024-07-17,19.540000915527344,28340.42,both,-28320.88,False
2024-07-18,19.0,28653.85,both,-28634.85,False
2024-07-21,19.059999465942383,28783.24,both,-28764.18,False
2024-07-22,18.88999938964844,28992.34,both,-28973.45,False
2024-07-23,18.709999084472656,29195.24,both,-29176.53,False
2024-07-24,19.0,29090.57,both,-29071.57,False
2024-07-28,19.030000686645508,29036.32,both,-29017.29,False
2024-07-29,18.780000686645508,28851.23,both,-28832.45,False
2024-07-30,21.3700008392334,29039.42,both,-29018.05,False
2024-07-31,21.309999465942383,29378.82,both,-29357.51,False
2024-08-01,21.309999465942383,29359.87,both,-29338.56,False
2024-08-04,20.56999969482422,28503.63,both,-28483.06,False
2024-08-05,20.0,27840.64,both,-27820.64,False
2024-08-06,21.63999938964844,28210.41,both,-28188.77,False
2024-08-07,22.030000686645508,28628.19,both,-28606.16,False
2024-08-08,21.440000534057617,28750.82,both,-28729.38,False
2024-08-11,21.700000762939453,29532.67,both,-29510.97,False
2024-08-12,21.299999237060547,29706.7,both,-29685.4,False
2024-08-13,21.190000534057617,29331.04,both,-29309.85,False
2024-08-14,25.309999465942383,29567.0,both,-29541.69,False
2024-08-15,25.479999542236328,29629.14,both,-29603.66,False
2024-08-18,26.040000915527344,29460.24,both,-29434.2,False
2024-08-19,26.36000061035156,29320.18,both,-29293.82,False
2024-08-20,25.489999771118164,29915.24,both,-29889.75,False
2024-08-21,24.82999992370605,29914.29,both,-29889.46,False
2024-08-22,24.32999992370605,30141.08,both,-30116.75,False
2024-08-25,25.299999237060547,30073.95,both,-30048.65,False
2024-08-26,25.850000381469727,30133.81,both,-30107.96,False
2024-08-27,25.84000015258789,30363.15,both,-30337.31,False
2024-08-28,24.950000762939453,30709.59,both,-30684.64,False
2024-08-29,24.36000061035156,30774.19,both,-30749.83,False
2024-09-01,24.049999237060547,30902.88,both,-30878.83,False
2024-09-02,24.209999084472656,30731.98,both,-30707.77,False
2024-09-03,25.01000022888184,31018.48,both,-30993.47,False
2024-09-04,24.68000030517578,30998.19,both,-30973.51,False
2024-09-05,24.84000015258789,31029.7,both,-31004.86,False
2024-09-08,24.09000015258789,30273.73,both,-30249.64,False
2024-09-09,23.86000061035156,30374.96,both,-30351.1,False
2024-09-10,24.399999618530277,30104.35,both,-30079.95,False
2024-09-11,24.530000686645508,30485.63,both,-30461.1,False
2024-09-12,24.799999237060547,30497.83,both,-30473.03,False
2024-09-16,25.209999084472656,30260.24,both,-30235.03,False
2024-09-17,24.86000061035156,30159.15,both,-30134.29,False
2024-09-18,24.68000030517578,30342.46,both,-30317.78,False
2024-09-19,25.0,30937.69,both,-30912.69,False
2024-09-22,25.25,31038.41,both,-31013.16,False
2024-09-23,25.06999969482422,31022.54,both,-30997.47,False
2024-09-24,25.600000381469727,30871.1,both,-30845.5,False
2024-09-25,25.0,31250.64,both,-31225.64,False
2024-09-26,25.600000381469727,31276.91,both,-31251.31,False
2024-09-29,25.84000015258789,31459.09,both,-31433.25,False
2024-09-30,25.40999984741211,31587.04,both,-31561.63,False
2024-10-01,26.71999931335449,31866.06,both,-31839.34,False
2024-10-02,25.899999618530277,31332.73,both,-31306.83,False
2024-10-03,26.690000534057617,31720.5,both,-31693.81,False
2024-10-07,29.96999931335449,31819.16,both,-31789.19,False
2024-10-08,29.1299991607666,30851.63,both,-30822.5,False
2024-10-09,28.75,31175.43,both,-31146.68,False
2024-10-10,29.43000030517578,30762.32,both,-30732.89,False
2024-10-13,27.149999618530277,29954.12,both,-29926.97,False
2024-10-14,27.149999618530277,30273.06,both,-30245.91,False
2024-10-15,29.229999542236328,30584.24,both,-30555.01,False
2024-10-16,35.06999969482422,30545.11,both,-30510.04,False
2024-10-17,31.030000686645508,30143.86,both,-30112.83,False
2024-10-20,31.06999969482422,29528.79,both,-29497.72,False
2024-10-21,33.61000061035156,30445.2,both,-30411.59,False
2024-10-22,34.4900016784668,30427.35,both,-30392.86,False
2024-10-23,34.34000015258789,30414.05,both,-30379.71,False
2024-10-24,34.02000045776367,30552.82,both,-30518.8,False
2024-10-27,32.619998931884766,30812.23,both,-30779.61,False
2024-10-28,31.780000686645508,30773.53,both,-30741.75,False
2024-10-29,31.38999938964844,30619.96,both,-30588.57,False
2024-10-30,31.479999542236328,30371.26,both,-30339.78,False
2024-10-31,31.1299991607666,30658.0,both,-30626.87,False
2024-11-03,30.76000022888184,30833.13,both,-30802.37,False
2024-11-04,31.649999618530277,30650.04,both,-30618.39,False
2024-11-05,32.029998779296875,30793.94,both,-30761.91,False
2024-11-06,31.86000061035156,31045.26,both,-31013.4,False
2024-11-07,32.5,31267.47,both,-31234.97,False
2024-11-10,33.529998779296875,31394.33,both,-31360.8,False
2024-11-11,34.0,31621.29,both,-31587.29,False
2024-11-12,33.02000045776367,31582.39,both,-31549.37,False
2024-11-13,32.52000045776367,31433.01,both,-31400.49,False
2024-11-14,32.099998474121094,31462.21,both,-31430.11,False
2024-11-17,33.18000030517578,31252.07,both,-31218.89,False
2024-11-18,34.599998474121094,30864.34,both,-30829.74,False
2024-11-19,34.5,30688.3,both,-30653.8,False
2024-11-20,33.36000061035156,30587.99,both,-30554.63,False
2024-11-21,33.5,30631.8,both,-30598.3,False
2024-11-24,33.619998931884766,30397.22,both,-30363.6,False
2024-11-25,32.869998931884766,30270.51,both,-30237.64,False
2024-11-26,32.4900016784668,30284.35,both,-30251.86,False
2024-11-27,31.71999931335449,29846.04,both,-29814.32,False
2024-11-28,32.0099983215332,30242.13,both,-30210.12,False
2024-12-01,33.47999954223633,30497.13,both,-30463.65,False
2024-12-02,33.290000915527344,30525.32,both,-30492.03,False
2024-12-03,32.5,30628.74,both,-30596.24,False
2024-12-04,32.540000915527344,30832.61,both,-30800.07,False
2024-12-05,33.0,30839.57,both,-30806.57,False
2024-12-08,32.59000015258789,31060.51,both,-31027.92,False
2024-12-09,31.649999618530277,31005.12,both,-30973.47,False
2024-12-10,31.46999931335449,30617.83,both,-30586.36,False
2024-12-11,30.63999938964844,30739.26,both,-30708.62,False
2024-12-12,31.25,30795.09,both,-30763.84,False
2024-12-15,30.670000076293945,30776.0,both,-30745.33,False
2024-12-16,30.299999237060547,30799.43,both,-30769.13,False
2024-12-17,29.71999931335449,30601.64,both,-30571.92,False
2024-12-18,30.899999618530277,30503.07,both,-30472.17,False
2024-12-19,31.0,30526.71,both,-30495.71,False
2024-12-22,31.01000022888184,30372.7,both,-30341.69,False
2024-12-23,30.850000381469727,30118.38,both,-30087.53,False
2024-12-24,31.059999465942383,29973.15,both,-29942.09,False
2024-12-25,30.71999931335449,30005.0,both,-29974.28,False
2024-12-26,31.5,29957.97,both,-29926.47,False
2024-12-29,32.08000183105469,29594.48,both,-29562.4,False
2024-12-30,32.779998779296875,29325.2,both,-29292.42,False
2024-12-31,33.5,29740.58,both,-29707.08,False
2025-01-02,33.810001373291016,30060.48,both,-30026.67,False
2025-01-05,33.459999084472656,30183.61,both,-30150.15,False
2025-01-06,32.849998474121094,29929.64,both,-29896.79,False
2025-01-08,32.619998931884766,29785.91,both,-29753.29,False
2025-01-09,33.38999938964844,29444.65,both,-29411.26,False
2025-01-12,32.810001373291016,29277.45,both,-29244.64,False
2025-01-13,32.43000030517578,28556.28,both,-28523.85,False
2025-01-14,31.959999084472656,28967.09,both,-28935.13,False
2025-01-15,31.61000061035156,29389.93,both,-29358.32,False
2025-01-16,32.0,29605.12,both,-29573.12,False
2025-01-19,32.06999969482422,29728.61,both,-29696.54,False
2025-01-20,32.0,29619.39,both,-29587.39,False
2025-01-21,31.799999237060547,29826.58,both,-29794.78,False
2025-01-22,33.779998779296875,29979.14,both,-29945.36,False
2025-01-23,34.79999923706055,29997.69,both,-29962.89,False
2025-01-26,35.709999084472656,30034.85,both,-29999.14,False
2025-01-27,35.439998626708984,29742.12,both,-29706.68,False
2025-01-28,35.04999923706055,29646.6,both,-29611.55,False
2025-01-29,35.0,29891.61,both,-29856.61,False
2025-01-30,35.029998779296875,30010.62,both,-29975.59,False
2025-02-02,35.58000183105469,29917.96,both,-29882.38,False
2025-02-03,35.0,29754.77,both,-29719.77,False
2025-02-04,34.52000045776367,29668.47,both,-29633.95,False
2025-02-05,35.0,29735.59,both,-29700.59,False
2025-02-06,35.4900016784668,30011.84,both,-29976.35,False
2025-02-09,37.52000045776367,30014.27,both,-29976.75,False
2025-02-10,37.5,29905.41,both,-29867.91,False
2025-02-11,36.11000061035156,29564.21,both,-29528.1,False
2025-02-12,35.52000045776367,29661.99,both,-29626.47,False
2025-02-13,37.79999923706055,29997.11,both,-29959.31,False
2025-02-16,36.29999923706055,30443.82,both,-30407.52,False
2025-02-17,36.79999923706055,30436.71,both,-30399.91,False
2025-02-18,37.52999877929688,30587.81,both,-30550.28,False
2025-02-19,36.540000915527344,30875.28,both,-30838.74,False
2025-02-20,36.34999847412109,30914.72,both,-30878.37,False
2025-02-23,38.5,31010.25,both,-30971.75,False
2025-02-24,37.540000915527344,30925.29,both,-30887.75,False
2025-02-25,36.84999847412109,30654.92,both,-30618.07,False
2025-02-26,36.5,30631.95,both,-30595.45,False
2025-02-27,35.779998779296875,30610.44,both,-30574.66,False
2025-03-02,35.209999084472656,30857.77,both,-30822.56,False
2025-03-03,35.599998474121094,30988.51,both,-30952.91,False
2025-03-04,35.869998931884766,30762.85,both,-30726.98,False
2025-03-05,35.650001525878906,30876.44,both,-30840.79,False
2025-03-06,35.29999923706055,30947.44,both,-30912.14,False
2025-03-09,35.09000015258789,31130.68,both,-31095.59,False
2025-03-10,35.290000915527344,31137.03,both,-31101.74,False
2025-03-11,35.16999816894531,30935.23,both,-30900.06,False
2025-03-12,35.79999923706055,31049.03,both,-31013.23,False
2025-03-13,35.529998779296875,31290.62,both,-31255.09,False
2025-03-16,35.58000183105469,31338.34,both,-31302.76,False
2025-03-17,34.02000045776367,31458.59,both,-31424.57,False
2025-03-18,33.09000015258789,31608.69,both,-31575.6,False
2025-03-19,32.70000076293945,31348.47,both,-31315.77,False
2025-03-20,31.5,31677.58,both,-31646.08,False
2025-03-23,31.5,31933.76,both,-31902.26,False
2025-03-24,31.200000762939453,31810.98,both,-31779.78,False
2025-03-25,32.459999084472656,31761.97,both,-31729.51,False
2025-03-26,31.46999931335449,31744.3,both,-31712.83,False
2025-03-27,33.0,32026.14,both,-31993.14,False
2025-04-03,33.400001525878906,31699.58,both,-31666.18,False
2025-04-06,32.75,30639.52,both,-30606.77,False
2025-04-07,31.5,30453.94,both,-30422.44,False
2025-04-08,31.309999465942383,30648.98,both,-30617.67,False
2025-04-09,30.200000762939453,30079.93,both,-30049.73,False
2025-04-10,31.350000381469727,30810.7,both,-30779.35,False
2025-04-13,31.649999618530277,31174.62,both,-31142.97,False
2025-04-14,32.959999084472656,31182.37,both,-31149.41,False
2025-04-15,32.29999923706055,31185.03,both,-31152.73,False
2025-04-16,31.56999969482422,31030.7,both,-30999.13,False
2025-04-17,31.200000762939453,31062.95,both,-31031.75,False
2025-04-22,31.100000381469727,30844.18,both,-30813.08,False
2025-04-23,30.90999984741211,31640.22,both,-31609.31,False
2025-04-27,31.399999618530277,31855.12,both,-31823.72,False
2025-04-28,31.65999984741211,32015.02,both,-31983.36,False
2025-04-29,31.51000022888184,32043.48,both,-32011.97,False
2025-04-30,31.399999618530277,32126.22,both,-32094.82,False
2025-05-04,31.299999237060547,32351.66,both,-32320.36,False
2025-05-05,30.799999237060547,32211.75,both,-32180.95,False
2025-05-06,29.989999771118164,32285.45,both,-32255.46,False
2025-05-07,28.26000022888184,31840.44,both,-31812.18,False
2025-05-08,28.18000030517578,31772.04,both,-31743.86,False
2025-05-11,28.020000457763672,31427.98,both,-31399.96,False
2025-05-12,27.799999237060547,31577.01,both,-31549.21,False
2025-05-13,27.61000061035156,31692.77,both,-31665.16,False
2025-05-14,27.100000381469727,31827.86,both,-31800.76,False
2025-05-15,28.440000534057617,31941.15,both,-31912.71,False
2025-05-18,27.670000076293945,31713.7,both,-31686.03,False
2025-05-19,27.530000686645508,31355.82,both,-31328.29,False
2025-05-20,27.40999984741211,31629.34,both,-31601.93,False
2025-05-21,27.11000061035156,31836.63,both,-31809.52,False
2025-05-22,27.1200008392334,31975.63,both,-31948.51,False
2025-05-25,27.299999237060547,32023.89,both,-31996.59,False
2025-05-26,27.15999984741211,31922.5,both,-31895.34,False
2025-05-27,27.790000915527344,32397.38,both,-32369.59,False
2025-05-28,27.489999771118164,32493.89,both,-32466.4,False
2025-05-29,27.26000022888184,32696.79,both,-32669.53,False
2025-06-01,27.059999465942383,32500.03,both,-32472.97,False
2025-06-02,27.0,32325.12,both,-32298.12,False
2025-06-03,27.350000381469727,32355.41,both,-32328.06,False
2025-06-04,27.700000762939453,32677.87,both,-32650.17,False
2025-06-10,27.90999984741211,32904.06,both,-32876.15,False
2025-06-11,27.709999084472656,32935.19,both,-32907.48,False
2025-06-12,27.21999931335449,32511.68,both,-32484.46,False
2025-06-15,25.65999984741211,31016.0,both,-30990.34,False
2025-06-16,26.200000762939453,31042.36,both,-31016.16,False
2025-06-17,25.600000381469727,30725.96,both,-30700.36,False
2025-06-18,25.520000457763672,30838.98,both,-30813.46,False
2025-06-19,25.100000381469727,30248.44,both,-30223.34,False
2025-06-22,25.25,31055.98,both,-31030.73,False
2025-06-23,26.450000762939453,31418.74,both,-31392.29,False
2025-06-24,27.270000457763672,32598.55,both,-32571.28,False
2025-06-25,27.68000030517578,33002.85,both,-32975.17,False
2025-06-29,27.299999237060547,33206.76,both,-33179.46,False
2025-06-30,27.229999542236328,32857.62,both,-32830.39,False
2025-07-01,26.649999618530277,32707.22,both,-32680.57,False
2025-07-02,26.65999984741211,32820.49,both,-32793.83,False
2025-07-06,27.0,,left_only,,False
2025-07-07,27.38999938964844,33037.62,both,-33010.23,False
2025-07-09,28.5,33152.39,both,-33123.89,False
2025-07-10,29.0,33324.38,both,-33295.38,False
2025-07-13,28.790000915527344,33053.47,both,-33024.68,False
2025-07-14,28.6200008392334,33727.44,both,-33698.82,False
2025-07-15,29.25,33934.63,both,-33905.38,False
2025-07-16,29.15999984741211,33473.77,both,-33444.61,False
2025-07-17,28.88999938964844,33821.03,both,-33792.14,False
2025-07-20,29.149999618530277,34071.0,both,-34041.85,False
2025-07-21,28.799999237060547,34129.59,both,-34100.79,False
2025-07-22,28.100000381469727,33803.34,both,-33775.24,False
2025-07-23,28.100000381469727,34125.12,both,-34097.02,False
2025-07-27,28.6200008392334,34554.24,both,-34525.62,False
2025-07-28,28.51000022888184,34076.22,both,-34047.71,False
2025-07-29,28.440000534057617,34085.74,both,-34057.3,False
2025-07-30,28.649999618530277,33859.68,both,-33831.03,False
2025-07-31,28.700000762939453,34198.0,both,-34169.3,False
2025-08-03,28.700000762939453,34272.16,both,-34243.46,False
2025-08-04,28.700000762939453,34704.51,both,-34675.81,False
2025-08-05,28.700000762939453,35254.18,both,-35225.48,False
2025-08-06,28.700000762939453,35480.25,both,-35451.55,False
2025-08-07,28.700000762939453,35809.36,both,-35780.66,False
2025-08-10,29.200000762939453,36109.77,both,-36080.57,False
2025-08-11,29.11000061035156,35908.5,both,-35879.39,False
2025-08-12,29.399999618530277,36003.65,both,-35974.25,False
2025-08-13,29.299999237060547,35855.26,both,-35825.96,False
2025-08-14,29.299999237060547,35576.42,both,-35547.12,False
2025-08-17,29.290000915527344,35972.77,both,-35943.48,False
2025-08-18,28.51000022888184,35824.78,both,-35796.27,False
2025-08-19,28.5,36100.07,both,-36071.57,False
2025-08-20,27.030000686645508,35731.83,both,-35704.8,False
2025-08-21,27.040000915527344,35622.26,both,-35595.22,False
2025-08-24,26.899999618530277,35811.88,both,-35784.98,False
2025-08-25,27.0,35810.57,both,-35783.57,False
2025-08-26,26.51000022888184,35358.34,both,-35331.83,False
2025-08-27,26.3799991607666,35676.19,both,-35649.81,False
2025-08-28,27.1200008392334,35727.19,both,-35700.07,False
2025-08-31,26.270000457763672,35148.14,both,-35121.87,False
2025-09-01,26.299999237060547,35158.88,both,-35132.58,False
2025-09-02,26.030000686645508,35156.93,both,-35130.9,False
2025-09-03,26.049999237060547,34761.97,both,-34735.92,False
2025-09-07,25.799999237060547,34455.41,both,-34429.61,False
2025-09-08,25.5,34601.53,both,-34576.03,False
2025-09-09,25.399999618530277,34386.33,both,-34360.93,False
2025-09-10,26.0,34670.1,both,-34644.1,False
2025-09-11,26.88999938964844,34937.44,both,-34910.55,False
2025-09-14,26.420000076293945,35111.82,both,-35085.4,False
2025-09-15,26.059999465942383,35165.84,both,-35139.78,False
2025-09-16,25.63999938964844,34840.82,both,-34815.18,False
2025-09-17,26.030000686645508,34974.84,both,-34948.81,False
2025-09-18,26.549999237060547,35403.0,both,-35376.45,False
2025-09-21,26.399999618530277,35247.04,both,-35220.64,False
2025-09-22,26.850000381469727,35210.7,both,-35183.85,False
2025-09-23,27.75,35328.63,both,-35300.88,False
2025-09-24,27.90999984741211,35949.12,both,-35921.21,False
2025-09-25,28.21999931335449,35671.43,both,-35643.21,False
2025-09-28,27.850000381469727,36166.08,both,-36138.23,False
2025-09-29,28.31999969482422,36391.0,both,-36362.68,False
2025-09-30,28.399999618530277,36670.08,both,-36641.68,False
2025-10-01,28.5,36769.18,both,-36740.68,False
2025-10-02,28.600000381469727,36900.7,both,-36872.1,False
2025-10-05,29.09000015258789,37210.83,both,-37181.74,False
2025-10-06,29.299999237060547,37094.8,both,-37065.5,False
2025-10-07,29.670000076293945,37097.37,both,-37067.7,False
2025-10-08,29.38999938964844,37376.93,both,-37347.54,False
2025-10-12,29.350000381469727,37378.58,both,-37349.23,False
2025-10-13,30.0,37409.85,both,-37379.85,False
2025-10-14,30.0,37459.13,both,-37429.13,False
2025-10-15,29.940000534057617,37654.04,both,-37624.1,False
2025-10-16,29.8700008392334,37677.19,both,-37647.32,False
2025-10-19,29.739999771118164,37909.61,both,-37879.87,False
2025-10-20,29.75,37975.06,both,-37945.31,False
2025-10-21,29.51000022888184,37698.49,both,-37668.98,False
2025-10-22,29.3700008392334,37576.55,both,-37547.18,False
2025-10-23,29.989999771118164,37687.04,both,-37657.05,False
2025-10-26,32.20000076293945,38101.96,both,-38069.76,False
2025-10-27,32.400001525878906,38162.01,both,-38129.61,False
2025-10-28,25.871999740600582,38304.94,both,-38279.068,False
2025-10-29,26.143999099731445,38229.53,both,-38203.386,False
2025-10-30,26.07999992370605,38267.8,both,-38241.72,False
2025-11-02,25.999998092651367,38082.88,both,-38056.88,False
2025-11-03,26.191999435424805,38622.84,both,-38596.648,False
2025-11-04,25.647998809814453,39065.73,both,-39040.082,False
2025-11-05,25.479999542236328,39132.25,both,-39106.77,False
2025-11-06,25.850000381469727,39949.66,both,-39923.81,False
2025-11-09,26.600000381469727,40821.96,both,-40795.36,False
2025-11-10,25.899999618530277,40427.35,both,-40401.45,False
2025-11-11,24.940000534057617,40261.16,both,-40236.22,False
2025-11-12,24.96999931335449,40228.76,both,-40203.79,False
2025-11-13,24.209999084472656,40190.62,both,-40166.41,False
2025-11-16,24.25,41211.27,both,-41187.02,False
2025-11-17,24.25,41065.75,both,-41041.5,False
2025-11-18,24.799999237060547,40501.28,both,-40476.48,False
2025-11-19,24.309999465942383,40509.16,both,-40484.85,False
2025-11-20,24.31999969482422,40302.39,both,-40278.07,False
2025-11-23,24.11000061035156,40445.66,both,-40421.55,False
2025-11-24,23.8799991607666,39725.26,both,-39701.38,False
2025-11-25,23.21999931335449,39902.53,both,-39879.31,False
2025-11-26,23.020000457763672,39537.25,both,-39514.23,False
2025-11-27,22.600000381469727,40039.24,both,-40016.64,False
2025-11-30,22.8700008392334,40753.45,both,-40730.58,False
2025-12-01,22.799999237060547,40693.92,both,-40671.12,False
2025-12-02,23.030000686645508,40625.63,both,-40602.6,False
2025-12-03,23.440000534057617,41342.03,both,-41318.59,False
2025-12-04,23.989999771118164,41499.07,both,-41475.08,False
2025-12-07,23.850000381469727,41762.43,both,-41738.58,False
2025-12-08,24.170000076293945,41963.24,both,-41939.07,False
2025-12-09,24.030000686645508,41940.62,both,-41916.59,False
2025-12-10,23.940000534057617,42052.79,both,-42028.85,False
2025-12-11,23.57999992370605,42033.78,both,-42010.2,False
2025-12-14,23.809999465942383,42065.2,both,-42041.39,False
2025-12-15,23.979999542236328,42305.36,both,-42281.38,False
2025-12-16,23.739999771118164,42002.37,both,-41978.63,False
2025-12-17,23.600000381469727,41504.03,both,-41480.43,False
2025-12-18,23.670000076293945,40926.86,both,-40903.19,False
2025-12-21,23.700000762939453,41348.38,both,-41324.68,False
2025-12-22,23.790000915527344,41102.76,both,-41078.97,False
2025-12-23,23.729999542236328,41419.32,both,-41395.59,False
2025-12-24,23.76000022888184,41508.31,both,-41484.55,False
2025-12-25,24.600000381469727,41253.02,both,-41228.42,False
2025-12-28,24.46999931335449,41604.74,both,-41580.27,False
2025-12-29,24.5,41731.68,both,-41707.18,False
2025-12-30,24.770000457763672,41689.96,both,-41665.19,False
2025-12-31,25.280000686645508,41828.97,both,-41803.69,False
2026-01-04,25.170000076293945,40898.15,both,-40872.98,False
2026-01-05,24.40999984741211,40676.98,both,-40652.57,False
2026-01-06,26.0,41543.46,both,-41517.46,False
2026-01-08,26.86000061035156,41856.76,both,-41829.9,False
2026-01-11,27.709999084472656,42895.41,both,-42867.7,False
2026-01-12,27.5,43404.25,both,-43376.75,False
2026-01-13,27.0,43684.22,both,-43657.22,False
2026-01-14,25.989999771118164,43058.34,both,-43032.35,False
2026-01-15,26.020000457763672,43346.87,both,-43320.85,False
2026-01-18,26.96999931335449,43952.52,both,-43925.55,False
2026-01-19,27.280000686645508,45048.44,both,-45021.16,False
2026-01-20,26.88999938964844,45905.16,both,-45878.27,False
2026-01-21,26.709999084472656,46048.69,both,-46021.98,False
2026-01-22,27.309999465942383,46462.32,both,-46435.01,False
2026-01-25,28.649999618530277,46857.73,both,-46829.08,False
2026-01-26,28.5,47507.43,both,-47478.93,False
2026-01-27,28.21999931335449,47834.55,both,-47806.33,False
2026-01-28,27.75,47785.93,both,-47758.18,False
2026-02-01,28.399999618530277,47662.74,both,-47634.34,False
2026-02-02,28.739999771118164,47606.28,both,-47577.54,False
2026-02-03,30.09000015258789,48978.48,both,-48948.39,False
2026-02-04,31.07999992370605,49631.56,both,-49600.48,False
2026-02-05,30.799999237060547,49739.03,both,-49708.23,False
2026-02-08,31.0,50035.23,both,-50004.23,False
2026-02-09,29.989999771118164,50293.53,both,-50263.54,False
2026-02-10,29.88999938964844,50376.15,both,-50346.26,False
2026-02-11,29.75,49700.24,both,-49670.49,False
2026-02-12,29.799999237060547,50490.2,both,-50460.4,False
2026-02-15,29.950000762939453,52308.32,both,-52278.37,False
2026-02-16,28.5,51493.53,both,-51465.03,False
2026-02-17,29.0,51833.76,both,-51804.76,False
2026-02-18,29.25,52222.34,both,-52193.09,False
2026-02-19,28.420000076293945,50667.67,both,-50639.25,False
2026-02-22,27.940000534057617,49560.88,both,-49532.94,False
2026-02-23,27.989999771118164,50870.06,both,-50842.07,False
2026-02-24,27.299999237060547,50390.21,both,-50362.91,False
2026-02-25,26.5,49014.32,both,-48987.82,False
2026-02-26,27.0,49212.83,both,-49185.83,False
2026-03-01,26.5,47984.26,both,-47957.76,False
2026-03-02,26.780000686645508,47692.49,both,-47665.71,False
2026-03-03,27.1299991607666,46725.81,both,-46698.68,False
2026-03-04,26.5,46452.14,both,-46425.64,False
2026-03-05,26.670000076293945,47516.44,both,-47489.77,False
2026-03-08,26.5,46774.24,both,-46747.74,False
2026-03-09,26.32999992370605,46414.85,both,-46388.52,False
2026-03-10,26.57999992370605,47772.74,both,-47746.16,False
2026-03-11,26.51000022888184,47195.39,both,-47168.88,False
2026-03-12,26.799999237060547,46790.96,both,-46764.16,False
2026-03-15,26.68000030517578,45926.93,both,-45900.25,False
2026-03-16,26.0,45187.72,both,-45161.72,False
2026-03-17,25.899999618530277,46054.61,both,-46028.71,False
2026-03-18,26.59000015258789,47611.96,both,-47585.37,False
2026-03-19,26.59000015258789,,left_only,,False
2026-03-24,25.799999237060547,46930.88,both,-46905.08,False
2026-03-25,26.01000022888184,47497.91,both,-47471.9,False
2026-03-26,25.959999084472656,47001.89,both,-46975.93,False
2026-03-29,25.399999618530277,46404.27,both,-46378.87,False
2026-03-30,24.420000076293945,45189.89,both,-45165.47,False
2026-03-31,24.270000457763672,45321.59,both,-45297.32,False
2026-04-01,25.399999618530277,46731.49,both,-46706.09,False
2026-04-02,25.31999969482422,46399.0,both,-46373.68,False
2026-04-05,25.280000686645508,47276.43,both,-47251.15,False
2026-04-06,25.5,47651.58,both,-47626.08,False
2026-04-07,25.51000022888184,46681.78,both,-46656.27,False
2026-04-08,26.61000061035156,48593.99,both,-48567.38,False
2026-04-09,26.600000381469727,49078.6,both,-49052.0,False
2026-04-12,,49078.6,right_only,,False
2026-04-14,26.709999084472656,49978.62,both,-49951.91,False
2026-04-15,27.21999931335449,50733.14,both,-50705.92,False
2026-04-16,27.5,51437.78,both,-51410.28,False
2026-04-19,27.700000762939453,52372.64,both,-52344.94,False
2026-04-20,27.600000381469727,51813.43,both,-51785.83,False
2026-04-21,28.0,51977.34,both,-51949.34,False
2026-04-22,28.950000762939453,51962.39,both,-51933.44,False
2026-04-23,29.06999969482422,52375.39,both,-52346.32,False
2026-04-26,29.57999992370605,52421.14,both,-52391.56,False
2026-04-27,28.700000762939453,52719.12,both,-52690.42,False
2026-04-28,28.38999938964844,52230.61,both,-52202.22,False
2026-04-29,29.100000381469727,52383.13,both,-52354.03,False
2026-04-30,28.489999771118164,51760.97,both,-51732.48,False
2026-05-03,27.84000015258789,52312.7,both,-52284.86,False
2026-05-04,28.190000534057617,51973.5,both,-51945.31,False
2026-05-05,28.07999992370605,52557.63,both,-52529.55,False
2026-05-06,28.25,53605.08,both,-53576.83,False
2026-05-10,29.299999237060547,54628.68,both,-54599.38,False
2026-05-11,29.299999237060547,54475.49,both,-54446.19,False
2026-05-12,29.5,54058.75,both,-54029.25,False
2026-05-13,29.700000762939453,53416.17,both,-53386.47,False
2026-05-14,29.450000762939453,53154.84,both,-53125.39,False
2026-05-17,28.899999618530277,52364.34,both,-52335.44,False
2026-05-18,28.0,52007.0,both,-51979.0,False
2026-05-19,27.940000534057617,52774.98,both,-52747.04,False
2026-05-20,27.209999084472656,51936.75,both,-51909.54,False
2026-05-21,27.68000030517578,52090.96,both,-52063.28,False
2026-05-24,27.790000915527344,52861.47,both,-52833.68,False
2026-05-25,28.09000015258789,52658.75,both,-52630.66,False
2026-05-26,28.09000015258789,,left_only,,False
2026-05-27,28.09000015258789,,left_only,,False
2026-05-28,28.09000015258789,,left_only,,False
2026-06-01,29.0,52853.94,both,-52824.94,False
2026-06-02,29.100000381469727,52927.02,both,-52897.92,False
2026-06-03,29.100000381469727,52564.42,both,-52535.32,False
2026-06-04,29.899999618530277,52652.53,both,-52622.63,False
2026-06-07,29.309999465942383,52164.6,both,-52135.29,False
2026-06-08,30.100000381469727,51882.81,both,-51852.71,False
2026-06-09,30.68000030517578,52374.8,both,-52344.12,False
2026-06-10,29.489999771118164,51256.65,both,-51227.16,False
2026-06-11,29.299999237060547,50818.84,both,-50789.54,False
2026-06-14,30.479999542236328,51994.63,both,-51964.15,False
2026-06-15,30.940000534057617,52306.66,both,-52275.72,False
2026-06-16,30.799999237060547,52047.15,both,-52016.35,False
2026-06-17,30.799999237060547,52621.84,both,-52591.04,False
2026-06-18,30.799999237060547,,left_only,,False
2026-06-21,31.799999237060547,52679.45,both,-52647.65,False
2026-06-22,31.799999237060547,52585.72,both,-52553.92,False
2026-06-23,30.96999931335449,51769.74,both,-51738.77,False
2026-06-24,30.8700008392334,51710.9,both,-51680.03,False
2026-06-25,30.459999084472656,51443.07,both,-51412.61,False
2026-06-28,29.71999931335449,50344.37,both,-50314.65,False
2026-06-29,29.25,49825.58,both,-49796.33,False
2026-06-30,29.71999931335449,50487.96,both,-50458.24,False
2026-07-01,29.989999771118164,50532.7,both,-50502.71,False
2026-07-05,29.96999931335449,51130.89,both,-51100.92,False
2026-07-06,30.459999084472656,52502.74,both,-52472.28,False
2026-07-07,31.799999237060547,53006.11,both,-52974.31,False
2026-07-08,31.0,52028.37,both,-51997.37,False
2026-07-09,30.899999618530277,52311.51,both,-52280.61,False
2026-07-12,30.549999237060547,52256.18,both,-52225.63,False
2026-07-13,30.5,52608.28,both,-52577.78,False
2026-07-14,29.82999992370605,52299.31,both,-52269.48,False
2026-07-15,30.040000915527344,52558.39,both,-52528.35,False
2026-07-16,29.899999618530277,52928.06,both,-52898.16,False
2026-07-19,29.31999969482422,52560.1,both,-52530.78,False
2026-07-20,28.799999237060547,53126.01,both,-53097.21,False
2026-07-21,28.899999618530277,53989.55,both,-53960.65,False
2026-07-22,28.899999618530277,53931.92,both,-53903.02,False
2026-07-26,29.32999992370605,,left_only,,False
2026-07-27,29.299999237060547,,left_only,,False
2026-07-28,28.770000457763672,,left_only,,False
2026-07-29,28.71999931335449,,left_only,,False
2026-07-30,28.670000076293945,,left_only,,False
