date,fetched_close,reference_close,_merge,diff,match
2014-12-23,,8710.6,right_only,,False
2014-12-24,,8766.12,right_only,,False
2014-12-25,,8740.12,right_only,,False
2014-12-28,,8745.16,right_only,,False
2014-12-29,,8958.13,right_only,,False
2014-12-30,,9005.75,right_only,,False
2014-12-31,,8926.58,right_only,,False
2015-01-04,,8942.65,right_only,,False
2015-01-05,,9011.07,right_only,,False
2015-01-06,,8798.94,right_only,,False
2015-01-08,,8946.34,right_only,,False
2015-01-11,,8909.75,right_only,,False
2015-01-12,,9109.23,right_only,,False
2015-01-13,,9308.98,right_only,,False
2015-01-14,,9544.08,right_only,,False
2015-01-15,,9555.99,right_only,,False
2015-01-18,,9530.92,right_only,,False
2015-01-19,,9599.1,right_only,,False
2015-01-20,,9804.18,right_only,,False
2015-01-21,,9856.3,right_only,,False
2015-01-22,,9898.86,right_only,,False
2015-01-26,,9834.81,right_only,,False
2015-01-27,,9946.58,right_only,,False
2015-01-28,,9863.73,right_only,,False
2015-01-29,,9843.1,right_only,,False
2015-02-01,,9779.76,right_only,,False
2015-02-02,,9830.46,right_only,,False
2015-02-03,,9954.34,right_only,,False
2015-02-04,,10045.93,right_only,,False
2015-02-05,,9965.43,right_only,,False
2015-02-08,,9957.93,right_only,,False
2015-02-09,,9884.46,right_only,,False
2015-02-10,,9900.65,right_only,,False
2015-02-11,,9770.78,right_only,,False
2015-02-12,,9747.36,right_only,,False
2015-02-15,,9789.79,right_only,,False
2015-02-16,,9585.92,right_only,,False
2015-02-17,,9433.85,right_only,,False
2015-02-18,,9537.23,right_only,,False
2015-02-19,,9481.2,right_only,,False
2015-02-22,,9494.55,right_only,,False
2015-02-23,,9601.14,right_only,,False
2015-02-24,,9611.66,right_only,,False
2015-02-25,,9469.08,right_only,,False
2015-02-26,,9334.01,right_only,,False
2015-03-01,,9283.59,right_only,,False
2015-03-02,,9456.33,right_only,,False
2015-03-03,,9475.27,right_only,,False
2015-03-04,,9461.06,right_only,,False
2015-03-05,,9575.98,right_only,,False
2015-03-08,,9638.41,right_only,,False
2015-03-09,,9713.61,right_only,,False
2015-03-10,,9709.5,right_only,,False
2015-03-11,,9576.46,right_only,,False
2015-03-12,,9640.77,right_only,,False
2015-03-15,,9726.03,right_only,,False
2015-03-16,,9529.01,right_only,,False
2015-03-17,,9561.33,right_only,,False
2015-03-18,,9484.08,right_only,,False
2015-03-19,,9518.28,right_only,,False
2015-03-22,,9354.73,right_only,,False
2015-03-23,,9374.12,right_only,,False
2015-03-24,,9367.54,right_only,,False
2015-03-25,,9198.46,right_only,,False
2015-03-26,,9052.5,right_only,,False
2015-03-29,,9062.99,right_only,,False
2015-03-30,,9118.97,right_only,,False
2015-03-31,,9134.78,right_only,,False
2015-04-01,,9099.33,right_only,,False
2015-04-02,,8891.73,right_only,,False
2015-04-05,,8607.66,right_only,,False
2015-04-06,,8508.24,right_only,,False
2015-04-07,,8716.37,right_only,,False
2015-04-08,,8788.9,right_only,,False
2015-04-09,,8892.53,right_only,,False
2015-04-14,,8927.53,right_only,,False
2015-04-15,,8896.68,right_only,,False
2015-04-16,,8886.84,right_only,,False
2015-04-19,,8765.34,right_only,,False
2015-04-20,,8595.78,right_only,,False
2015-04-21,,8575.27,right_only,,False
2015-04-22,,8629.49,right_only,,False
2015-04-23,,8731.29,right_only,,False
2015-04-26,,8633.86,right_only,,False
2015-04-27,,8493.68,right_only,,False
2015-04-28,,8330.52,right_only,,False
2015-04-29,,8488.49,right_only,,False
2015-04-30,,8672.29,right_only,,False
2015-05-03,,8562.97,right_only,,False
2015-05-04,,8652.12,right_only,,False
2015-05-05,,8828.33,right_only,,False
2015-05-06,,8756.31,right_only,,False
2015-05-07,,8742.42,right_only,,False
2015-05-10,,8692.0,right_only,,False
2015-05-11,,8691.85,right_only,,False
2015-05-12,,8674.34,right_only,,False
2015-05-13,,8526.43,right_only,,False
2015-05-14,,8303.37,right_only,,False
2015-05-17,,8260.92,right_only,,False
2015-05-18,,8798.17,right_only,,False
2015-05-19,,8877.68,right_only,,False
2015-05-20,,8826.45,right_only,,False
2015-05-21,,8988.03,right_only,,False
2015-05-24,,9121.92,right_only,,False
2015-05-25,,9050.76,right_only,,False
2015-05-26,,8975.32,right_only,,False
2015-05-27,,8966.71,right_only,,False
2015-05-28,,8912.05,right_only,,False
2015-05-31,,8782.55,right_only,,False
2015-06-01,,8745.04,right_only,,False
2015-06-02,,8847.59,right_only,,False
2015-06-03,,8905.6,right_only,,False
2015-06-04,,8780.76,right_only,,False
2015-06-07,,8728.87,right_only,,False
2015-06-08,,8672.33,right_only,,False
2015-06-09,,8660.93,right_only,,False
2015-06-10,,8639.43,right_only,,False
2015-06-11,,8626.46,right_only,,False
2015-06-14,,8534.13,right_only,,False
2015-06-15,,8515.63,right_only,,False
2015-06-16,,8556.1,right_only,,False
2015-06-17,,8556.55,right_only,,False
2015-06-18,,8576.71,right_only,,False
2015-06-21,,8535.19,right_only,,False
2015-06-22,,8489.41,right_only,,False
2015-06-23,,8444.93,right_only,,False
2015-06-24,,8456.82,right_only,,False
2015-06-25,,8406.17,right_only,,False
2015-06-28,,8511.98,right_only,,False
2015-06-29,,8371.53,right_only,,False
2015-07-02,,8314.72,right_only,,False
2015-07-05,,8218.25,right_only,,False
2015-07-06,,7870.78,right_only,,False
2015-07-07,,7752.94,right_only,,False
2015-07-08,,7550.98,right_only,,False
2015-07-09,,7617.39,right_only,,False
2015-07-12,,7691.35,right_only,,False
2015-07-13,,7587.07,right_only,,False
2015-07-14,,7686.91,right_only,,False
2015-07-15,,7882.62,right_only,,False
2015-07-16,,8022.91,right_only,,False
2015-07-21,,8049.69,right_only,,False
2015-07-22,,8087.24,right_only,,False
2015-07-26,,8004.83,right_only,,False
2015-07-27,,7887.87,right_only,,False
2015-07-28,,7949.89,right_only,,False
2015-07-29,,8105.69,right_only,,False
2015-07-30,,8191.53,right_only,,False
2015-08-02,,8158.31,right_only,,False
2015-08-03,,8087.54,right_only,,False
2015-08-04,,8181.95,right_only,,False
2015-08-05,,8114.08,right_only,,False
2015-08-09,,8011.06,right_only,,False
2015-08-10,,8028.69,right_only,,False
2015-08-11,,8083.18,right_only,,False
2015-08-12,,7911.88,right_only,,False
2015-08-13,,7879.82,right_only,,False
2015-08-16,,7625.76,right_only,,False
2015-08-17,,7594.05,right_only,,False
2015-08-18,,7398.43,right_only,,False
2015-08-19,,7240.77,right_only,,False
2015-08-20,,7172.63,right_only,,False
2015-08-23,,6784.09,right_only,,False
2015-08-24,,6654.06,right_only,,False
2015-08-25,,6836.95,right_only,,False
2015-08-26,,6873.49,right_only,,False
2015-08-27,,7078.83,right_only,,False
2015-08-30,,7055.28,right_only,,False
2015-08-31,,7252.43,right_only,,False
2015-09-01,,7203.86,right_only,,False
2015-09-02,,7150.47,right_only,,False
2015-09-03,,7295.96,right_only,,False
2015-09-06,,7273.92,right_only,,False
2015-09-07,,7166.62,right_only,,False
2015-09-08,,6924.05,right_only,,False
2015-09-09,,7050.02,right_only,,False
2015-09-10,,7039.33,right_only,,False
2015-09-13,,7082.0,right_only,,False
2015-09-14,,7158.1,right_only,,False
2015-09-15,,7175.59,right_only,,False
2015-09-16,,7266.42,right_only,,False
2015-09-17,,7267.52,right_only,,False
2015-09-20,,7234.46,right_only,,False
2015-09-21,,7285.25,right_only,,False
2015-09-22,,7346.54,right_only,,False
2015-09-28,,7409.06,right_only,,False
2015-09-29,,7331.53,right_only,,False
2015-09-30,,7332.88,right_only,,False
2015-10-01,,7310.71,right_only,,False
2015-10-04,,7263.29,right_only,,False
2015-10-05,,7239.27,right_only,,False
2015-10-07,,7354.56,right_only,,False
2015-10-08,,7491.67,right_only,,False
2015-10-11,,7547.66,right_only,,False
2015-10-12,,7650.65,right_only,,False
2015-10-13,,7669.12,right_only,,False
2015-10-15,,7594.45,right_only,,False
2015-10-18,,7538.22,right_only,,False
2015-10-19,,7621.67,right_only,,False
2015-10-20,,7658.95,right_only,,False
2015-10-21,,7669.14,right_only,,False
2015-10-22,,7611.03,right_only,,False
2015-10-25,,7653.14,right_only,,False
2015-10-26,,7577.53,right_only,,False
2015-10-27,,7534.08,right_only,,False
2015-10-28,,7479.59,right_only,,False
2015-10-29,,7507.89,right_only,,False
2015-11-01,,7413.01,right_only,,False
2015-11-02,,7434.69,right_only,,False
2015-11-03,,7432.96,right_only,,False
2015-11-04,,7450.36,right_only,,False
2015-11-05,,7541.72,right_only,,False
2015-11-08,,7347.22,right_only,,False
2015-11-09,,7138.81,right_only,,False
2015-11-10,,6824.74,right_only,,False
2015-11-11,,6801.9,right_only,,False
2015-11-12,,6806.67,right_only,,False
2015-11-15,,6522.12,right_only,,False
2015-11-16,,6480.65,right_only,,False
2015-11-17,,6407.33,right_only,,False
2015-11-18,,6413.97,right_only,,False
2015-11-19,,6568.97,right_only,,False
2015-11-22,,6607.53,right_only,,False
2015-11-23,,6451.32,right_only,,False
2015-11-24,,6321.39,right_only,,False
2015-11-25,,6391.07,right_only,,False
2015-11-26,,6427.82,right_only,,False
2015-11-29,,6477.73,right_only,,False
2015-11-30,,6356.65,right_only,,False
2015-12-01,,6424.88,right_only,,False
2015-12-02,,6649.72,right_only,,False
2015-12-03,,6779.28,right_only,,False
2015-12-06,,6837.42,right_only,,False
2015-12-07,,6777.81,right_only,,False
2015-12-08,,6608.01,right_only,,False
2015-12-09,,6629.32,right_only,,False
2015-12-10,,6637.91,right_only,,False
2015-12-13,,6395.2,right_only,,False
2015-12-14,,6408.12,right_only,,False
2015-12-15,,6421.0,right_only,,False
2015-12-16,,6488.51,right_only,,False
2015-12-17,,6669.8,right_only,,False
2015-12-20,,6707.66,right_only,,False
2015-12-21,,6762.26,right_only,,False
2015-12-22,,6769.08,right_only,,False
2015-12-24,,6812.65,right_only,,False
2015-12-27,,6749.11,right_only,,False
2015-12-28,,6744.47,right_only,,False
2015-12-29,,6794.75,right_only,,False
2015-12-30,,6981.01,right_only,,False
2015-12-31,,7006.01,right_only,,False
2016-01-03,,7089.06,right_only,,False
2016-01-04,,6982.25,right_only,,False
2016-01-05,,7021.42,right_only,,False
2016-01-06,,6922.71,right_only,,False
2016-01-10,,6782.35,right_only,,False
2016-01-11,,6634.98,right_only,,False
2016-01-12,,6463.92,right_only,,False
2016-01-13,,6205.23,right_only,,False
2016-01-14,,5857.7,right_only,,False
2016-01-17,,5760.19,right_only,,False
2016-01-18,,5941.19,right_only,,False
2016-01-19,,6097.45,right_only,,False
2016-01-20,,5776.59,right_only,,False
2016-01-21,,5713.35,right_only,,False
2016-01-24,,5893.54,right_only,,False
2016-01-26,,5896.56,right_only,,False
2016-01-27,,5960.59,right_only,,False
2016-01-28,,5986.78,right_only,,False
2016-01-31,,5992.72,right_only,,False
2016-02-01,,5906.92,right_only,,False
2016-02-02,,6008.85,right_only,,False
2016-02-03,,6066.54,right_only,,False
2016-02-04,,6202.22,right_only,,False
2016-02-07,,6126.47,right_only,,False
2016-02-08,,6174.77,right_only,,False
2016-02-09,,6004.41,right_only,,False
2016-02-10,,6062.65,right_only,,False
2016-02-11,,5813.72,right_only,,False
2016-02-14,,5753.74,right_only,,False
2016-02-15,,5800.05,right_only,,False
2016-02-16,,5894.6,right_only,,False
2016-02-17,,5947.7,right_only,,False
2016-02-18,,5944.47,right_only,,False
2016-02-21,,6007.88,right_only,,False
2016-02-22,,6086.45,right_only,,False
2016-02-23,,6104.74,right_only,,False
2016-02-24,,6054.03,right_only,,False
2016-02-25,,6079.13,right_only,,False
2016-02-28,,6156.01,right_only,,False
2016-02-29,,6146.93,right_only,,False
2016-03-01,,6115.54,right_only,,False
2016-03-02,,6076.57,right_only,,False
2016-03-03,,6089.34,right_only,,False
2016-03-06,,6214.94,right_only,,False
2016-03-07,,6261.41,right_only,,False
2016-03-08,,6339.76,right_only,,False
2016-03-09,,6372.64,right_only,,False
2016-03-10,,6563.65,right_only,,False
2016-03-13,,6563.83,right_only,,False
2016-03-14,,7003.85,right_only,,False
2016-03-15,,7139.44,right_only,,False
2016-03-16,,7228.68,right_only,,False
2016-03-17,,7485.69,right_only,,False
2016-03-20,,7465.86,right_only,,False
2016-03-21,,7494.12,right_only,,False
2016-03-22,,7430.33,right_only,,False
2016-03-23,,7495.47,right_only,,False
2016-03-24,,7548.22,right_only,,False
2016-03-27,,7480.11,right_only,,False
2016-03-28,,7494.1,right_only,,False
2016-03-29,,7567.46,right_only,,False
2016-03-30,,7485.06,right_only,,False
2016-03-31,,7524.99,right_only,,False
2016-04-03,,7521.2,right_only,,False
2016-04-04,,7577.02,right_only,,False
2016-04-05,,7657.98,right_only,,False
2016-04-06,,7459.84,right_only,,False
2016-04-07,,7478.74,right_only,,False
2016-04-10,,7403.77,right_only,,False
2016-04-11,,7342.46,right_only,,False
2016-04-12,,7331.05,right_only,,False
2016-04-13,,7420.61,right_only,,False
2016-04-14,,7463.1,right_only,,False
2016-04-17,,7517.02,right_only,,False
2016-04-18,,7662.44,right_only,,False
2016-04-19,,7864.03,right_only,,False
2016-04-20,,7799.86,right_only,,False
2016-04-21,,7781.45,right_only,,False
2016-04-24,,7743.41,right_only,,False
2016-04-26,,7886.82,right_only,,False
2016-04-27,,7863.58,right_only,,False
2016-04-28,,7773.23,right_only,,False
2016-05-03,,7531.59,right_only,,False
2016-05-04,,7442.44,right_only,,False
2016-05-05,,7547.49,right_only,,False
2016-05-08,,7571.7,right_only,,False
2016-05-09,,7646.02,right_only,,False
2016-05-10,,7621.91,right_only,,False
2016-05-11,,7503.4,right_only,,False
2016-05-12,,7520.52,right_only,,False
2016-05-15,,7373.0,right_only,,False
2016-05-16,,7409.27,right_only,,False
2016-05-17,,7549.97,right_only,,False
2016-05-18,,7637.04,right_only,,False
2016-05-19,,7499.49,right_only,,False
2016-05-22,,7494.76,right_only,,False
2016-05-23,,7417.08,right_only,,False
2016-05-24,,7497.33,right_only,,False
2016-05-25,,7543.43,right_only,,False
2016-05-26,,7531.15,right_only,,False
2016-05-29,,7486.13,right_only,,False
2016-05-30,,7452.88,right_only,,False
2016-05-31,,7483.65,right_only,,False
2016-06-01,,7572.39,right_only,,False
2016-06-02,,7617.88,right_only,,False
2016-06-05,,7563.5,right_only,,False
2016-06-06,,7639.59,right_only,,False
2016-06-07,,7717.35,right_only,,False
2016-06-08,,7780.13,right_only,,False
2016-06-09,,7756.3,right_only,,False
2016-06-12,,7650.62,right_only,,False
2016-06-13,,7645.21,right_only,,False
2016-06-14,,7570.05,right_only,,False
2016-06-15,,7414.81,right_only,,False
2016-06-16,,7420.39,right_only,,False
2016-06-19,,7337.97,right_only,,False
2016-06-20,,7203.64,right_only,,False
2016-06-21,,7250.92,right_only,,False
2016-06-22,,7156.49,right_only,,False
2016-06-23,,7253.31,right_only,,False
2016-06-26,,6851.61,right_only,,False
2016-06-27,,6903.81,right_only,,False
2016-06-28,,6931.94,right_only,,False
2016-06-29,,6942.52,right_only,,False
2016-07-03,,6981.72,right_only,,False
2016-07-04,,7182.8,right_only,,False
2016-07-10,,7517.43,right_only,,False
2016-07-11,,7506.18,right_only,,False
2016-07-12,,7457.5,right_only,,False
2016-07-13,,7559.87,right_only,,False
2016-07-14,,7583.06,right_only,,False
2016-07-17,,7599.64,right_only,,False
2016-07-18,,7628.64,right_only,,False
2016-07-19,,7596.96,right_only,,False
2016-07-20,,7503.36,right_only,,False
2016-07-21,,7436.87,right_only,,False
2016-07-24,,7463.72,right_only,,False
2016-07-25,,7517.78,right_only,,False
2016-07-26,,7539.99,right_only,,False
2016-07-27,,7914.74,right_only,,False
2016-07-28,,8030.85,right_only,,False
2016-07-31,,7983.15,right_only,,False
2016-08-01,,7930.14,right_only,,False
2016-08-02,,7973.45,right_only,,False
2016-08-03,,8104.57,right_only,,False
2016-08-04,,8255.36,right_only,,False
2016-08-07,,8223.46,right_only,,False
2016-08-08,,8273.14,right_only,,False
2016-08-09,,8199.65,right_only,,False
2016-08-10,,8291.51,right_only,,False
2016-08-11,,8377.71,right_only,,False
2016-08-14,,8351.07,right_only,,False
2016-08-15,,8453.53,right_only,,False
2016-08-16,,8387.49,right_only,,False
2016-08-17,,8347.38,right_only,,False
2016-08-18,,8317.17,right_only,,False
2016-08-21,,8352.27,right_only,,False
2016-08-22,,8246.9,right_only,,False
2016-08-23,,8186.7,right_only,,False
2016-08-24,,8224.33,right_only,,False
2016-08-25,,8131.49,right_only,,False
2016-08-28,,8052.23,right_only,,False
2016-08-29,,8032.43,right_only,,False
2016-08-30,,8080.81,right_only,,False
2016-08-31,,8158.04,right_only,,False
2016-09-01,,8136.44,right_only,,False
2016-09-04,,8241.16,right_only,,False
2016-09-05,,8270.76,right_only,,False
2016-09-06,,8202.43,right_only,,False
2016-09-07,,8146.1,right_only,,False
2016-09-08,,8188.2,right_only,,False
2016-09-14,,8132.75,right_only,,False
2016-09-15,,7979.25,right_only,,False
2016-09-18,,7916.41,right_only,,False
2016-09-19,,7974.12,right_only,,False
2016-09-20,,8048.69,right_only,,False
2016-09-21,,7937.79,right_only,,False
2016-09-22,,7913.94,right_only,,False
2016-09-25,,7904.53,right_only,,False
2016-09-26,,7974.84,right_only,,False
2016-09-27,,7948.93,right_only,,False
2016-09-28,,7907.92,right_only,,False
2016-09-29,,7881.11,right_only,,False
2016-10-03,,8133.12,right_only,,False
2016-10-04,,8198.51,right_only,,False
2016-10-05,,8368.52,right_only,,False
2016-10-09,,8436.82,right_only,,False
2016-10-10,,8364.0,right_only,,False
2016-10-11,,8232.77,right_only,,False
2016-10-12,,8185.95,right_only,,False
2016-10-13,,8505.12,right_only,,False
2016-10-16,,8432.41,right_only,,False
2016-10-17,,8243.32,right_only,,False
2016-10-18,,8213.53,right_only,,False
2016-10-19,,8160.4,right_only,,False
2016-10-20,,8277.21,right_only,,False
2016-10-23,,8274.15,right_only,,False
2016-10-24,,8228.13,right_only,,False
2016-10-25,,8261.14,right_only,,False
2016-10-26,,8257.21,right_only,,False
2016-10-27,,8343.31,right_only,,False
2016-10-30,,8357.42,right_only,,False
2016-10-31,,8386.03,right_only,,False
2016-11-01,,8447.76,right_only,,False
2016-11-02,,8524.66,right_only,,False
2016-11-03,,8810.51,right_only,,False
2016-11-06,,9349.9,right_only,,False
2016-11-07,,9852.69,right_only,,False
2016-11-08,,10096.57,right_only,,False
2016-11-09,,10225.5,right_only,,False
2016-11-10,,10688.16,right_only,,False
2016-11-13,,10916.97,right_only,,False
2016-11-14,,10694.41,right_only,,False
2016-11-15,,10640.53,right_only,,False
2016-11-16,,10997.38,right_only,,False
2016-11-17,,11221.56,right_only,,False
2016-11-20,,11277.47,right_only,,False
2016-11-21,,11543.07,right_only,,False
2016-11-22,,11519.8,right_only,,False
2016-11-23,,11550.31,right_only,,False
2016-11-24,,11353.11,right_only,,False
2016-11-27,,11145.95,right_only,,False
2016-11-28,,11261.82,right_only,,False
2016-11-29,,11159.32,right_only,,False
2016-11-30,,11453.25,right_only,,False
2016-12-01,,11548.15,right_only,,False
2016-12-04,,11631.41,right_only,,False
2016-12-05,,11426.5,right_only,,False
2016-12-06,,11502.51,right_only,,False
2016-12-07,,11348.37,right_only,,False
2016-12-08,,11297.93,right_only,,False
2016-12-12,,11444.06,right_only,,False
2016-12-13,,11385.1,right_only,,False
2016-12-14,,11317.17,right_only,,False
2016-12-15,,11326.03,right_only,,False
2016-12-18,,11398.01,right_only,,False
2016-12-19,,11752.46,right_only,,False
2016-12-20,,12147.95,right_only,,False
2016-12-21,,12366.96,right_only,,False
2016-12-22,,12420.3,right_only,,False
2016-12-25,,12251.06,right_only,,False
2016-12-26,,12182.04,right_only,,False
2016-12-27,,12181.98,right_only,,False
2016-12-28,,12259.83,right_only,,False
2016-12-29,,12344.89,right_only,,False
2017-01-02,,12290.61,right_only,,False
2017-01-03,,12425.17,right_only,,False
2017-01-04,,12608.44,right_only,,False
2017-01-05,,12824.32,right_only,,False
2017-01-08,,12891.39,right_only,,False
2017-01-09,,12781.16,right_only,,False
2017-01-10,,13014.54,right_only,,False
2017-01-11,,13089.05,right_only,,False
2017-01-12,,13223.9,right_only,,False
2017-01-15,,13287.76,right_only,,False
2017-01-16,,13264.82,right_only,,False
2017-01-17,,13436.1,right_only,,False
2017-01-18,,13304.44,right_only,,False
2017-01-19,,12806.77,right_only,,False
2017-01-22,,12722.08,right_only,,False
2017-01-23,,13002.89,right_only,,False
2017-01-24,,12882.88,right_only,,False
2017-01-26,,13091.05,right_only,,False
2017-01-29,,13161.52,right_only,,False
2017-01-30,,12926.07,right_only,,False
2017-01-31,,12672.49,right_only,,False
2017-02-01,,12584.26,right_only,,False
2017-02-02,,12806.07,right_only,,False
2017-02-05,,12883.43,right_only,,False
2017-02-06,,12849.42,right_only,,False
2017-02-07,,13129.27,right_only,,False
2017-02-08,,13228.33,right_only,,False
2017-02-09,,13114.86,right_only,,False
2017-02-12,,12922.44,right_only,,False
2017-02-13,,12740.05,right_only,,False
2017-02-14,,12503.73,right_only,,False
2017-02-15,,12448.35,right_only,,False
2017-02-16,,12651.97,right_only,,False
2017-02-19,,12549.17,right_only,,False
2017-02-20,,12444.18,right_only,,False
2017-02-21,,12657.82,right_only,,False
2017-02-22,,12401.09,right_only,,False
2017-02-23,,12240.53,right_only,,False
2017-02-26,,12269.88,right_only,,False
2017-02-27,,12023.93,right_only,,False
2017-02-28,,11937.67,right_only,,False
2017-03-01,,11998.72,right_only,,False
2017-03-02,,12310.49,right_only,,False
2017-03-05,,12499.61,right_only,,False
2017-03-06,,12623.22,right_only,,False
2017-03-07,,12677.55,right_only,,False
2017-03-08,,12735.36,right_only,,False
2017-03-09,,12853.27,right_only,,False
2017-03-12,,12919.9,right_only,,False
2017-03-13,,12929.13,right_only,,False
2017-03-14,,12789.52,right_only,,False
2017-03-15,,12745.49,right_only,,False
2017-03-16,,12983.99,right_only,,False
2017-03-19,,13092.4,right_only,,False
2017-03-20,,13023.49,right_only,,False
2017-03-21,,12905.37,right_only,,False
2017-03-22,,12879.06,right_only,,False
2017-03-23,,13032.06,right_only,,False
2017-03-26,,13108.22,right_only,,False
2017-03-27,,12969.64,right_only,,False
2017-03-28,,12982.66,right_only,,False
2017-03-29,,12987.65,right_only,,False
2017-03-30,,12994.8,right_only,,False
2017-04-02,,12912.27,right_only,,False
2017-04-03,,13061.07,right_only,,False
2017-04-04,,13264.75,right_only,,False
2017-04-05,,13289.99,right_only,,False
2017-04-06,,13098.54,right_only,,False
2017-04-09,,12895.12,right_only,,False
2017-04-10,,12848.56,right_only,,False
2017-04-11,,12995.71,right_only,,False
2017-04-12,,12984.36,right_only,,False
2017-04-13,,12967.38,right_only,,False
2017-04-18,,13027.14,right_only,,False
2017-04-19,,12895.3,right_only,,False
2017-04-20,,12905.85,right_only,,False
2017-04-23,,12544.92,right_only,,False
2017-04-24,,12583.13,right_only,,False
2017-04-26,,12671.29,right_only,,False
2017-04-27,,12525.69,right_only,,False
2017-04-30,,12433.6,right_only,,False
2017-05-02,,12530.32,right_only,,False
2017-05-03,,12603.56,right_only,,False
2017-05-04,,12709.93,right_only,,False
2017-05-07,,12692.15,right_only,,False
2017-05-08,,12827.93,right_only,,False
2017-05-09,,12933.68,right_only,,False
2017-05-10,,12993.4,right_only,,False
2017-05-11,,12906.98,right_only,,False
2017-05-14,,12870.91,right_only,,False
2017-05-15,,12866.06,right_only,,False
2017-05-16,,12936.59,right_only,,False
2017-05-17,,13064.02,right_only,,False
2017-05-18,,12952.38,right_only,,False
2017-05-21,,12974.75,right_only,,False
2017-05-22,,12648.24,right_only,,False
2017-05-23,,12791.83,right_only,,False
2017-05-24,,12884.44,right_only,,False
2017-05-25,,13094.42,right_only,,False
2017-05-28,,13205.11,right_only,,False
2017-05-29,,13207.94,right_only,,False
2017-05-30,,13239.16,right_only,,False
2017-05-31,,13339.63,right_only,,False
2017-06-01,,13467.29,right_only,,False
2017-06-04,,13495.32,right_only,,False
2017-06-05,,13520.13,right_only,,False
2017-06-06,,13626.8,right_only,,False
2017-06-07,,13632.98,right_only,,False
2017-06-08,,13683.66,right_only,,False
2017-06-11,,13616.04,right_only,,False
2017-06-12,,13491.89,right_only,,False
2017-06-13,,13531.34,right_only,,False
2017-06-14,,13502.12,right_only,,False
2017-06-15,,13478.75,right_only,,False
2017-06-18,,13496.47,right_only,,False
2017-06-19,,13508.39,right_only,,False
2017-06-20,,13415.55,right_only,,False
2017-06-21,,13376.44,right_only,,False
2017-06-22,,13417.14,right_only,,False
2017-06-28,,13395.81,right_only,,False
2017-07-02,,13487.36,right_only,,False
2017-07-03,,13431.06,right_only,,False
2017-07-04,,13334.78,right_only,,False
2017-07-05,,13334.86,right_only,,False
2017-07-06,,13369.88,right_only,,False
2017-07-09,,13342.09,right_only,,False
2017-07-10,,13483.04,right_only,,False
2017-07-11,,13684.27,right_only,,False
2017-07-12,,13690.29,right_only,,False
2017-07-13,,13822.59,right_only,,False
2017-07-16,,13815.77,right_only,,False
2017-07-17,,13956.32,right_only,,False
2017-07-18,,13717.53,right_only,,False
2017-07-19,,13707.13,right_only,,False
2017-07-20,,13715.06,right_only,,False
2017-07-24,,13752.98,right_only,,False
2017-07-25,,13740.72,right_only,,False
2017-07-26,,13797.25,right_only,,False
2017-07-27,,13609.22,right_only,,False
2017-07-30,,13480.1,right_only,,False
2017-07-31,,13419.38,right_only,,False
2017-08-01,,13396.22,right_only,,False
2017-08-02,,13405.2,right_only,,False
2017-08-03,,13413.12,right_only,,False
2017-08-06,,13558.46,right_only,,False
2017-08-07,,13660.8,right_only,,False
2017-08-08,,13637.69,right_only,,False
2017-08-09,,13580.76,right_only,,False
2017-08-10,,13462.38,right_only,,False
2017-08-13,,13279.61,right_only,,False
2017-08-14,,13135.1,right_only,,False
2017-08-15,,13102.39,right_only,,False
2017-08-16,,13149.19,right_only,,False
2017-08-17,,13119.44,right_only,,False
2017-08-20,,13026.29,right_only,,False
2017-08-21,,13106.12,right_only,,False
2017-08-22,,13114.87,right_only,,False
2017-08-23,,12996.2,right_only,,False
2017-08-24,,12926.4,right_only,,False
2017-08-27,,12913.25,right_only,,False
2017-08-28,,13013.73,right_only,,False
2017-08-29,,13195.34,right_only,,False
2017-08-30,,13415.77,right_only,,False
2017-09-05,,13415.05,right_only,,False
2017-09-06,,13317.89,right_only,,False
2017-09-07,,13432.69,right_only,,False
2017-09-10,,13457.14,right_only,,False
2017-09-11,,13533.24,right_only,,False
2017-09-12,,13474.88,right_only,,False
2017-09-13,,13442.55,right_only,,False
2017-09-14,,13610.61,right_only,,False
2017-09-17,,13612.51,right_only,,False
2017-09-18,,13592.71,right_only,,False
2017-09-19,,13730.0,right_only,,False
2017-09-20,,13695.33,right_only,,False
2017-09-24,,13607.19,right_only,,False
2017-09-25,,13674.42,right_only,,False
2017-09-26,,13704.13,right_only,,False
2017-09-27,,13740.82,right_only,,False
2017-09-28,,13888.51,right_only,,False
2017-10-01,,13976.78,right_only,,False
2017-10-02,,14000.43,right_only,,False
2017-10-03,,13930.73,right_only,,False
2017-10-04,,13881.97,right_only,,False
2017-10-08,,13997.69,right_only,,False
2017-10-09,,13968.53,right_only,,False
2017-10-10,,13824.08,right_only,,False
2017-10-11,,13816.05,right_only,,False
2017-10-12,,13891.71,right_only,,False
2017-10-15,,13905.79,right_only,,False
2017-10-16,,13525.25,right_only,,False
2017-10-17,,13525.48,right_only,,False
2017-10-18,,13590.15,right_only,,False
2017-10-19,,13713.62,right_only,,False
2017-10-22,,13706.06,right_only,,False
2017-10-23,,13870.34,right_only,,False
2017-10-24,,13928.38,right_only,,False
2017-10-25,,13901.38,right_only,,False
2017-10-26,,13955.47,right_only,,False
2017-10-29,,14024.41,right_only,,False
2017-10-30,,14197.21,right_only,,False
2017-10-31,,14342.38,right_only,,False
2017-11-01,,14277.29,right_only,,False
2017-11-02,,14319.34,right_only,,False
2017-11-05,,14183.77,right_only,,False
2017-11-06,,14072.92,right_only,,False
2017-11-07,,14057.56,right_only,,False
2017-11-08,,14204.95,right_only,,False
2017-11-09,,14350.14,right_only,,False
2017-11-12,,14270.55,right_only,,False
2017-11-13,,14123.31,right_only,,False
2017-11-14,,14132.96,right_only,,False
2017-11-15,,14025.11,right_only,,False
2017-11-16,,13847.36,right_only,,False
2017-11-19,,13742.11,right_only,,False
2017-11-20,,13680.5,right_only,,False
2017-11-21,,13725.45,right_only,,False
2017-11-22,,13839.37,right_only,,False
2017-11-23,,14106.17,right_only,,False
2017-11-26,,14222.7,right_only,,False
2017-11-27,,14219.99,right_only,,False
2017-11-28,,14537.03,right_only,,False
2017-11-29,,14582.22,right_only,,False
2017-12-03,,14713.63,right_only,,False
2017-12-04,,14572.17,right_only,,False
2017-12-05,,14460.96,right_only,,False
2017-12-06,,14345.58,right_only,,False
2017-12-07,,14294.73,right_only,,False
2017-12-10,,14414.25,right_only,,False
2017-12-11,,14426.75,right_only,,False
2017-12-12,,14590.2,right_only,,False
2017-12-13,,14651.42,right_only,,False
2017-12-14,,14679.91,right_only,,False
2017-12-17,,14716.66,right_only,,False
2017-12-18,,14721.45,right_only,,False
2017-12-19,,14678.41,right_only,,False
2017-12-20,,14682.14,right_only,,False
2017-12-21,,14668.59,right_only,,False
2017-12-24,,14790.78,right_only,,False
2017-12-25,,14843.33,right_only,,False
2017-12-26,,14922.85,right_only,,False
2017-12-27,,14904.82,right_only,,False
2017-12-28,,15016.97,right_only,,False
2017-12-31,,15019.14,right_only,,False
2018-01-02,,15023.76,right_only,,False
2018-01-03,,14833.73,right_only,,False
2018-01-04,,14782.38,right_only,,False
2018-01-08,,14953.17,right_only,,False
2018-01-09,,15159.37,right_only,,False
2018-01-10,,15192.55,right_only,,False
2018-01-11,,15242.48,right_only,,False
2018-01-14,,15254.85,right_only,,False
2018-01-15,,15127.76,right_only,,False
2018-01-16,,15089.37,right_only,,False
2018-01-17,,15198.54,right_only,,False
2018-01-18,,15411.0,right_only,,False
2018-01-21,,15339.91,right_only,,False
2018-01-22,,15243.23,right_only,,False
2018-01-23,,15197.08,right_only,,False
2018-01-24,,15170.73,right_only,,False
2018-01-28,,15311.15,right_only,,False
2018-01-29,,15369.13,right_only,,False
2018-01-30,,15315.66,right_only,,False
2018-01-31,,15042.37,right_only,,False
2018-02-01,,15088.66,right_only,,False
2018-02-04,,14874.84,right_only,,False
2018-02-05,,14962.14,right_only,,False
2018-02-06,,14717.98,right_only,,False
2018-02-07,,15037.05,right_only,,False
2018-02-08,,14921.29,right_only,,False
2018-02-11,,14828.36,right_only,,False
2018-02-12,,14890.71,right_only,,False
2018-02-13,,14729.75,right_only,,False
2018-02-14,,14805.95,right_only,,False
2018-02-15,,14965.93,right_only,,False
2018-02-18,,15045.56,right_only,,False
2018-02-19,,15158.12,right_only,,False
2018-02-20,,15219.26,right_only,,False
2018-02-21,,15244.49,right_only,,False
2018-02-22,,15318.92,right_only,,False
2018-02-25,,15467.77,right_only,,False
2018-02-26,,15454.0,right_only,,False
2018-02-27,,15522.88,right_only,,False
2018-02-28,,15472.69,right_only,,False
2018-03-01,,15443.18,right_only,,False
2018-03-04,,15519.55,right_only,,False
2018-03-05,,15709.01,right_only,,False
2018-03-06,,16022.26,right_only,,False
2018-03-07,,16384.07,right_only,,False
2018-03-08,,16472.28,right_only,,False
2018-03-11,,16391.48,right_only,,False
2018-03-12,,16742.15,right_only,,False
2018-03-13,,16989.06,right_only,,False
2018-03-14,,16881.72,right_only,,False
2018-03-15,,16999.1,right_only,,False
2018-03-18,,17271.03,right_only,,False
2018-03-19,,17172.13,right_only,,False
2018-03-20,,17113.9,right_only,,False
2018-03-21,,17147.12,right_only,,False
2018-03-22,,17064.58,right_only,,False
2018-03-25,,16984.69,right_only,,False
2018-03-26,,17104.34,right_only,,False
2018-03-27,,17270.43,right_only,,False
2018-03-28,,17305.51,right_only,,False
2018-03-29,,17450.15,right_only,,False
2018-04-01,,17595.88,right_only,,False
2018-04-02,,17684.66,right_only,,False
2018-04-03,,17492.71,right_only,,False
2018-04-04,,17509.65,right_only,,False
2018-04-05,,17410.59,right_only,,False
2018-04-10,,17697.32,right_only,,False
2018-04-11,,17943.96,right_only,,False
2018-04-12,,17615.69,right_only,,False
2018-04-15,,17588.86,right_only,,False
2018-04-16,,17620.28,right_only,,False
2018-04-17,,17802.48,right_only,,False
2018-04-18,,17705.87,right_only,,False
2018-04-19,,17781.02,right_only,,False
2018-04-22,,17898.09,right_only,,False
2018-04-23,,18080.7,right_only,,False
2018-04-24,,18121.96,right_only,,False
2018-04-26,,18363.29,right_only,,False
2018-04-29,,18304.46,right_only,,False
2018-04-30,,18295.57,right_only,,False
2018-05-02,,18173.16,right_only,,False
2018-05-03,,17832.86,right_only,,False
2018-05-06,,17610.87,right_only,,False
2018-05-07,,17523.15,right_only,,False
2018-05-08,,17814.45,right_only,,False
2018-05-09,,17460.3,right_only,,False
2018-05-10,,17155.14,right_only,,False
2018-05-13,,17184.02,right_only,,False
2018-05-14,,16984.07,right_only,,False
2018-05-15,,16985.78,right_only,,False
2018-05-16,,16993.21,right_only,,False
2018-05-17,,16877.66,right_only,,False
2018-05-20,,16782.07,right_only,,False
2018-05-21,,16780.91,right_only,,False
2018-05-22,,16657.66,right_only,,False
2018-05-23,,16662.55,right_only,,False
2018-05-24,,16633.97,right_only,,False
2018-05-27,,16648.47,right_only,,False
2018-05-28,,16791.09,right_only,,False
2018-05-29,,17005.86,right_only,,False
2018-05-30,,16760.24,right_only,,False
2018-05-31,,16414.53,right_only,,False
2018-06-03,,16675.31,right_only,,False
2018-06-04,,16404.33,right_only,,False
2018-06-05,,16022.11,right_only,,False
2018-06-06,,15908.91,right_only,,False
2018-06-07,,15923.66,right_only,,False
2018-06-10,,16142.72,right_only,,False
2018-06-11,,15921.25,right_only,,False
2018-06-12,,15938.11,right_only,,False
2018-06-13,,16178.28,right_only,,False
2018-06-14,,16220.93,right_only,,False
2018-06-19,,16067.77,right_only,,False
2018-06-20,,16143.48,right_only,,False
2018-06-21,,16345.77,right_only,,False
2018-06-24,,16395.02,right_only,,False
2018-06-25,,16457.51,right_only,,False
2018-06-26,,16197.44,right_only,,False
2018-06-27,,16176.41,right_only,,False
2018-06-28,,16348.55,right_only,,False
2018-07-02,,16362.59,right_only,,False
2018-07-03,,16421.32,right_only,,False
2018-07-04,,16309.65,right_only,,False
2018-07-05,,16125.34,right_only,,False
2018-07-08,,15839.84,right_only,,False
2018-07-09,,15785.93,right_only,,False
2018-07-10,,15921.03,right_only,,False
2018-07-11,,15952.42,right_only,,False
2018-07-12,,15879.81,right_only,,False
2018-07-15,,15842.46,right_only,,False
2018-07-16,,15655.89,right_only,,False
2018-07-17,,15420.72,right_only,,False
2018-07-18,,15578.73,right_only,,False
2018-07-19,,15416.31,right_only,,False
2018-07-22,,15303.79,right_only,,False
2018-07-24,,15480.37,right_only,,False
2018-07-25,,15186.36,right_only,,False
2018-07-26,,15199.29,right_only,,False
2018-07-29,,15378.11,right_only,,False
2018-07-30,,15297.02,right_only,,False
2018-07-31,,15580.19,right_only,,False
2018-08-01,,15670.18,right_only,,False
2018-08-02,,15806.38,right_only,,False
2018-08-05,,15737.05,right_only,,False
2018-08-06,,15645.56,right_only,,False
2018-08-07,,15761.55,right_only,,False
2018-08-08,,15862.86,right_only,,False
2018-08-09,,15924.06,right_only,,False
2018-08-12,,15738.34,right_only,,False
2018-08-13,,15521.52,right_only,,False
2018-08-14,,15356.81,right_only,,False
2018-08-15,,15357.44,right_only,,False
2018-08-16,,15295.97,right_only,,False
2018-08-19,,15273.39,right_only,,False
2018-08-26,,15239.03,right_only,,False
2018-08-27,,15236.64,right_only,,False
2018-08-28,,15606.18,right_only,,False
2018-08-29,,15835.73,right_only,,False
2018-08-30,,16009.41,right_only,,False
2018-09-02,,15852.36,right_only,,False
2018-09-03,,15821.92,right_only,,False
2018-09-04,,15922.96,right_only,,False
2018-09-05,,15750.94,right_only,,False
2018-09-06,,15803.17,right_only,,False
2018-09-09,,15740.06,right_only,,False
2018-09-10,,15628.43,right_only,,False
2018-09-12,,15488.49,right_only,,False
2018-09-13,,15308.62,right_only,,False
2018-09-16,,14755.63,right_only,,False
2018-09-17,,14650.97,right_only,,False
2018-09-18,,14653.91,right_only,,False
2018-09-19,,14098.56,right_only,,False
2018-09-20,,14083.48,right_only,,False
2018-09-23,,14261.25,right_only,,False
2018-09-24,,14200.68,right_only,,False
2018-09-25,,14358.64,right_only,,False
2018-09-26,,14612.18,right_only,,False
2018-09-27,,14632.4,right_only,,False
2018-09-30,,14616.47,right_only,,False
2018-10-01,,14446.72,right_only,,False
2018-10-02,,14381.55,right_only,,False
2018-10-03,,14313.17,right_only,,False
2018-10-04,,14104.9,right_only,,False
2018-10-08,,13604.01,right_only,,False
2018-10-09,,13588.74,right_only,,False
2018-10-10,,13621.23,right_only,,False
2018-10-11,,13283.31,right_only,,False
2018-10-14,,13537.47,right_only,,False
2018-10-15,,13521.46,right_only,,False
2018-10-16,,13689.39,right_only,,False
2018-10-17,,13815.6,right_only,,False
2018-10-18,,13644.16,right_only,,False
2018-10-21,,13524.67,right_only,,False
2018-10-22,,13646.26,right_only,,False
2018-10-23,,13579.6,right_only,,False
2018-10-24,,13246.39,right_only,,False
2018-10-25,,13023.73,right_only,,False
2018-10-28,,12980.96,right_only,,False
2018-10-29,,13074.47,right_only,,False
2018-10-30,,13154.56,right_only,,False
2018-10-31,,13250.29,right_only,,False
2018-11-01,,13202.32,right_only,,False
2018-11-04,,13170.28,right_only,,False
2018-11-05,,13234.62,right_only,,False
2018-11-06,,13436.11,right_only,,False
2018-11-07,,13615.85,right_only,,False
2018-11-08,,13732.68,right_only,,False
2018-11-11,,13570.89,right_only,,False
2018-11-12,,13678.36,right_only,,False
2018-11-13,,13543.64,right_only,,False
2018-11-14,,13487.2,right_only,,False
2018-11-15,,13681.67,right_only,,False
2018-11-18,,13968.8,right_only,,False
2018-11-19,,13906.31,right_only,,False
2018-11-21,,13731.12,right_only,,False
2018-11-22,,13675.37,right_only,,False
2018-11-25,,13153.55,right_only,,False
2018-11-26,,13049.12,right_only,,False
2018-11-27,,13213.95,right_only,,False
2018-11-28,,13309.49,right_only,,False
2018-11-29,,13319.5,right_only,,False
2018-12-02,,13150.08,right_only,,False
2018-12-03,,12934.44,right_only,,False
2018-12-04,,12624.74,right_only,,False
2018-12-05,,12586.74,right_only,,False
2018-12-06,,12387.58,right_only,,False
2018-12-09,,12140.0,right_only,,False
2018-12-10,,12476.18,right_only,,False
2018-12-11,,12664.41,right_only,,False
2018-12-12,,12856.83,right_only,,False
2018-12-13,,12996.89,right_only,,False
2018-12-16,,12992.06,right_only,,False
2018-12-17,,13215.4,right_only,,False
2018-12-18,,13121.11,right_only,,False
2018-12-19,,13078.2,right_only,,False
2018-12-20,,13137.58,right_only,,False
2018-12-23,,12947.35,right_only,,False
2018-12-24,,12784.44,right_only,,False
2018-12-25,,12670.63,right_only,,False
2018-12-26,,12840.16,right_only,,False
2018-12-27,,12984.21,right_only,,False
2018-12-30,,12944.52,right_only,,False
2018-12-31,,13035.77,right_only,,False
2019-01-02,,13204.37,right_only,,False
2019-01-03,,13264.7,right_only,,False
2019-01-06,,13343.08,right_only,,False
2019-01-08,,13402.7,right_only,,False
2019-01-09,,13365.58,right_only,,False
2019-01-10,,13367.44,right_only,,False
2019-01-13,,13525.83,right_only,,False
2019-01-14,,13335.75,right_only,,False
2019-01-15,,13447.12,right_only,,False
2019-01-16,,13510.27,right_only,,False
2019-01-17,,13482.99,right_only,,False
2019-01-20,,13444.21,right_only,,False
2019-01-21,,13574.99,right_only,,False
2019-01-22,,13474.55,right_only,,False
2019-01-23,,13506.65,right_only,,False
2019-01-27,,13817.1,right_only,,False
2019-01-28,,13911.34,right_only,,False
2019-01-29,,13976.52,right_only,,False
2019-01-30,,14093.4,right_only,,False
2019-01-31,,14126.68,right_only,,False
2019-02-03,,14243.81,right_only,,False
2019-02-04,,14366.06,right_only,,False
2019-02-05,,14733.11,right_only,,False
2019-02-06,,14766.59,right_only,,False
2019-02-07,,14753.68,right_only,,False
2019-02-10,,14763.94,right_only,,False
2019-02-11,,14784.82,right_only,,False
2019-02-12,,14927.64,right_only,,False
2019-02-13,,14949.07,right_only,,False
2019-02-14,,14984.46,right_only,,False
2019-02-17,,15198.89,right_only,,False
2019-02-18,,15227.24,right_only,,False
2019-02-19,,15155.84,right_only,,False
2019-02-20,,15213.54,right_only,,False
2019-02-21,,15146.71,right_only,,False
2019-02-24,,14955.58,right_only,,False
2019-02-25,,14946.35,right_only,,False
2019-02-26,,14886.85,right_only,,False
2019-02-27,,14772.34,right_only,,False
2019-02-28,,14803.97,right_only,,False
2019-03-03,,14819.6,right_only,,False
2019-03-04,,14815.18,right_only,,False
2019-03-05,,14728.38,right_only,,False
2019-03-06,,14643.09,right_only,,False
2019-03-07,,14904.03,right_only,,False
2019-03-10,,14980.62,right_only,,False
2019-03-11,,15098.12,right_only,,False
2019-03-12,,15139.86,right_only,,False
2019-03-13,,15125.84,right_only,,False
2019-03-14,,14991.34,right_only,,False
2019-03-17,,15033.48,right_only,,False
2019-03-18,,14910.78,right_only,,False
2019-03-19,,14645.53,right_only,,False
2019-03-20,,14724.4,right_only,,False
2019-03-21,,14782.81,right_only,,False
2019-03-24,,14840.9,right_only,,False
2019-03-25,,14670.8,right_only,,False
2019-03-26,,14637.4,right_only,,False
2019-03-27,,14554.66,right_only,,False
2019-03-28,,14665.81,right_only,,False
2019-03-31,,14737.88,right_only,,False
2019-04-01,,14954.14,right_only,,False
2019-04-02,,15166.46,right_only,,False
2019-04-03,,15197.84,right_only,,False
2019-04-04,,15247.81,right_only,,False
2019-04-07,,15135.47,right_only,,False
2019-04-08,,15111.09,right_only,,False
2019-04-09,,15088.55,right_only,,False
2019-04-10,,15106.54,right_only,,False
2019-04-11,,15105.96,right_only,,False
2019-04-14,,15068.96,right_only,,False
2019-04-15,,15055.42,right_only,,False
2019-04-16,,14973.01,right_only,,False
2019-04-17,,14864.01,right_only,,False
2019-04-18,,14876.37,right_only,,False
2019-04-21,,14838.63,right_only,,False
2019-04-22,,14801.26,right_only,,False
2019-04-23,,14645.78,right_only,,False
2019-04-24,,14770.27,right_only,,False
2019-04-30,,14920.15,right_only,,False
2019-05-02,,14880.39,right_only,,False
2019-05-05,,14511.54,right_only,,False
2019-05-06,,14204.59,right_only,,False
2019-05-07,,14389.91,right_only,,False
2019-05-08,,14026.81,right_only,,False
2019-05-09,,14060.0,right_only,,False
2019-05-12,,14122.1,right_only,,False
2019-05-13,,13905.73,right_only,,False
2019-05-14,,14024.15,right_only,,False
2019-05-15,,13809.46,right_only,,False
2019-05-16,,13659.73,right_only,,False
2019-05-19,,13520.82,right_only,,False
2019-05-20,,13379.46,right_only,,False
2019-05-21,,13614.21,right_only,,False
2019-05-22,,13664.23,right_only,,False
2019-05-23,,13776.85,right_only,,False
2019-05-26,,13981.88,right_only,,False
2019-05-27,,13960.47,right_only,,False
2019-05-28,,14028.0,right_only,,False
2019-05-29,,13974.13,right_only,,False
2019-05-30,,13771.31,right_only,,False
2019-06-02,,13690.72,right_only,,False
2019-06-03,,13787.8,right_only,,False
2019-06-09,,13911.66,right_only,,False
2019-06-10,,14148.88,right_only,,False
2019-06-11,,14206.18,right_only,,False
2019-06-12,,14158.11,right_only,,False
2019-06-13,,14180.53,right_only,,False
2019-06-16,,14210.09,right_only,,False
2019-06-17,,14241.21,right_only,,False
2019-06-18,,14202.86,right_only,,False
2019-06-19,,14132.18,right_only,,False
2019-06-20,,14043.42,right_only,,False
2019-06-23,,14017.34,right_only,,False
2019-06-24,,13867.47,right_only,,False
2019-06-25,,13831.23,right_only,,False
2019-06-26,,14006.99,right_only,,False
2019-06-27,,14100.74,right_only,,False
2019-07-02,,14136.58,right_only,,False
2019-07-03,,14137.22,right_only,,False
2019-07-04,,13997.4,right_only,,False
2019-07-07,,14013.04,right_only,,False
2019-07-08,,14043.33,right_only,,False
2019-07-09,,14097.43,right_only,,False
2019-07-10,,14013.26,right_only,,False
2019-07-11,,13813.56,right_only,,False
2019-07-14,,13672.13,right_only,,False
2019-07-15,,13627.89,right_only,,False
2019-07-16,,13721.82,right_only,,False
2019-07-17,,13641.94,right_only,,False
2019-07-18,,13670.27,right_only,,False
2019-07-21,,13576.26,right_only,,False
2019-07-22,,13684.57,right_only,,False
2019-07-24,,13617.89,right_only,,False
2019-07-25,,13510.06,right_only,,False
2019-07-28,,13460.0,right_only,,False
2019-07-29,,13421.91,right_only,,False
2019-07-30,,13364.63,right_only,,False
2019-07-31,,13392.47,right_only,,False
2019-08-01,,13525.93,right_only,,False
2019-08-04,,13616.26,right_only,,False
2019-08-05,,13598.66,right_only,,False
2019-08-06,,13655.91,right_only,,False
2019-08-07,,13880.57,right_only,,False
2019-08-08,,14180.44,right_only,,False
2019-08-14,,14540.56,right_only,,False
2019-08-15,,14295.13,right_only,,False
2019-08-18,,14399.7,right_only,,False
2019-08-19,,14304.37,right_only,,False
2019-08-20,,14428.08,right_only,,False
2019-08-21,,14357.18,right_only,,False
2019-08-22,,14333.16,right_only,,False
2019-08-25,,14340.51,right_only,,False
2019-08-26,,14291.03,right_only,,False
2019-08-27,,14283.5,right_only,,False
2019-08-28,,14595.51,right_only,,False
2019-08-29,,14835.36,right_only,,False
2019-09-01,,14931.66,right_only,,False
2019-09-02,,15110.23,right_only,,False
2019-09-03,,14999.58,right_only,,False
2019-09-04,,14841.38,right_only,,False
2019-09-05,,14933.18,right_only,,False
2019-09-08,,14931.11,right_only,,False
2019-09-09,,14887.78,right_only,,False
2019-09-10,,14956.36,right_only,,False
2019-09-11,,15014.82,right_only,,False
2019-09-12,,15110.37,right_only,,False
2019-09-15,,15023.23,right_only,,False
2019-09-16,,14970.24,right_only,,False
2019-09-17,,14752.45,right_only,,False
2019-09-18,,14745.1,right_only,,False
2019-09-19,,14742.07,right_only,,False
2019-09-22,,13958.11,right_only,,False
2019-09-23,,13753.19,right_only,,False
2019-09-24,,13170.2,right_only,,False
2019-09-25,,13594.61,right_only,,False
2019-09-26,,13857.12,right_only,,False
2019-09-29,,14315.79,right_only,,False
2019-09-30,,14257.75,right_only,,False
2019-10-01,,14496.84,right_only,,False
2019-10-02,,14381.15,right_only,,False
2019-10-03,,14217.81,right_only,,False
2019-10-07,,14431.72,right_only,,False
2019-10-08,,14348.57,right_only,,False
2019-10-09,,14182.7,right_only,,False
2019-10-10,,14302.27,right_only,,False
2019-10-13,,14220.47,right_only,,False
2019-10-14,,14180.76,right_only,,False
2019-10-15,,14060.82,right_only,,False
2019-10-16,,14209.23,right_only,,False
2019-10-17,,14205.86,right_only,,False
2019-10-20,,14239.45,right_only,,False
2019-10-21,,14178.51,right_only,,False
2019-10-22,,14201.32,right_only,,False
2019-10-23,,14126.51,right_only,,False
2019-10-24,,14206.67,right_only,,False
2019-10-27,,14237.39,right_only,,False
2019-10-28,,14301.09,right_only,,False
2019-10-29,,14465.47,right_only,,False
2019-10-30,,14477.79,right_only,,False
2019-10-31,,14558.02,right_only,,False
2019-11-03,,14622.75,right_only,,False
2019-11-04,,14625.78,right_only,,False
2019-11-05,,14789.61,right_only,,False
2019-11-06,,14709.79,right_only,,False
2019-11-07,,14795.87,right_only,,False
2019-11-11,,14769.95,right_only,,False
2019-11-12,,14669.98,right_only,,False
2019-11-13,,14607.69,right_only,,False
2019-11-14,,14545.54,right_only,,False
2019-11-17,,14556.32,right_only,,False
2019-11-18,,14378.59,right_only,,False
2019-11-19,,14313.46,right_only,,False
2019-11-20,,14224.38,right_only,,False
2019-11-21,,14094.58,right_only,,False
2019-11-24,,14050.16,right_only,,False
2019-11-25,,13974.14,right_only,,False
2019-11-26,,13781.96,right_only,,False
2019-11-27,,13759.7,right_only,,False
2019-11-28,,13849.46,right_only,,False
2019-12-01,,13780.63,right_only,,False
2019-12-02,,13537.8,right_only,,False
2019-12-03,,13469.6,right_only,,False
2019-12-04,,13635.52,right_only,,False
2019-12-05,,13622.13,right_only,,False
2019-12-08,,13493.69,right_only,,False
2019-12-09,,13442.52,right_only,,False
2019-12-10,,13509.02,right_only,,False
2019-12-11,,13427.22,right_only,,False
2019-12-12,,13358.47,right_only,,False
2019-12-15,,13433.54,right_only,,False
2019-12-16,,13404.42,right_only,,False
2019-12-17,,13627.19,right_only,,False
2019-12-18,,13793.99,right_only,,False
2019-12-19,,13837.19,right_only,,False
2019-12-22,,13892.65,right_only,,False
2019-12-23,,13902.43,right_only,,False
2019-12-24,,13805.43,right_only,,False
2019-12-25,,13747.68,right_only,,False
2019-12-26,,13884.95,right_only,,False
2019-12-29,,13812.98,right_only,,False
2019-12-30,,13937.26,right_only,,False
2019-12-31,,13961.56,right_only,,False
2020-01-02,,13899.54,right_only,,False
2020-01-05,,13283.66,right_only,,False
2020-01-06,,13212.66,right_only,,False
2020-01-08,,13542.48,right_only,,False
2020-01-09,,13729.81,right_only,,False
2020-01-12,,13802.57,right_only,,False
2020-01-13,,13698.64,right_only,,False
2020-01-14,,13756.64,right_only,,False
2020-01-15,,13769.64,right_only,,False
2020-01-16,,13824.16,right_only,,False
2020-01-19,,13918.18,right_only,,False
2020-01-20,,13773.73,right_only,,False
2020-01-21,,13639.72,right_only,,False
2020-01-22,,13752.11,right_only,,False
2020-01-23,,13728.09,right_only,,False
2020-01-26,,13721.45,right_only,,False
2020-01-27,,13639.69,right_only,,False
2020-01-28,,13620.58,right_only,,False
2020-01-29,,13762.84,right_only,,False
2020-01-30,,13918.84,right_only,,False
2020-02-02,,13888.89,right_only,,False
2020-02-03,,13878.33,right_only,,False
2020-02-04,,13915.05,right_only,,False
2020-02-05,,13987.16,right_only,,False
2020-02-06,,14105.86,right_only,,False
2020-02-09,,14108.24,right_only,,False
2020-02-10,,13979.36,right_only,,False
2020-02-11,,14009.32,right_only,,False
2020-02-12,,13845.16,right_only,,False
2020-02-13,,13859.45,right_only,,False
2020-02-16,,13737.4,right_only,,False
2020-02-17,,13800.25,right_only,,False
2020-02-18,,13636.93,right_only,,False
2020-02-19,,13694.99,right_only,,False
2020-02-20,,13720.65,right_only,,False
2020-02-23,,13688.05,right_only,,False
2020-02-24,,13441.86,right_only,,False
2020-02-25,,13328.26,right_only,,False
2020-02-26,,13200.66,right_only,,False
2020-02-27,,13008.94,right_only,,False
2020-03-01,,12222.59,right_only,,False
2020-03-02,,12289.87,right_only,,False
2020-03-03,,12419.52,right_only,,False
2020-03-04,,12182.46,right_only,,False
2020-03-05,,12347.65,right_only,,False
2020-03-08,,11849.39,right_only,,False
2020-03-09,,10983.48,right_only,,False
2020-03-10,,11199.96,right_only,,False
2020-03-11,,11194.12,right_only,,False
2020-03-15,,10148.34,right_only,,False
2020-03-16,,9428.94,right_only,,False
2020-03-17,,9201.65,right_only,,False
2020-03-18,,8756.7,right_only,,False
2020-03-19,,9205.58,right_only,,False
2020-03-22,,9750.66,right_only,,False
2020-03-23,,10047.44,right_only,,False
2020-03-24,,9770.48,right_only,,False
2020-03-25,,9865.67,right_only,,False
2020-03-26,,9912.98,right_only,,False
2020-03-29,,9760.18,right_only,,False
2020-03-30,,9521.43,right_only,,False
2020-03-31,,9593.94,right_only,,False
2020-04-01,,9424.89,right_only,,False
2020-04-02,,9455.38,right_only,,False
2020-04-05,,9272.88,right_only,,False
2020-04-06,,9446.99,right_only,,False
2020-04-07,,9840.62,right_only,,False
2020-04-08,,10095.57,right_only,,False
2020-04-09,,10321.97,right_only,,False
2020-04-12,,10237.47,right_only,,False
2020-04-13,,10353.72,right_only,,False
2020-04-14,,10458.16,right_only,,False
2020-04-15,,10342.13,right_only,,False
2020-04-16,,10154.64,right_only,,False
2020-04-21,,9874.94,right_only,,False
2020-04-22,,9801.33,right_only,,False
2020-04-23,,10120.46,right_only,,False
2020-04-26,,10377.24,right_only,,False
2020-04-27,,10376.0,right_only,,False
2020-04-28,,10415.12,right_only,,False
2020-04-29,,10545.26,right_only,,False
2020-04-30,,10554.04,right_only,,False
2020-05-03,,10199.85,right_only,,False
2020-05-04,,10081.96,right_only,,False
2020-05-05,,10188.31,right_only,,False
2020-05-06,,10293.95,right_only,,False
2020-05-07,,10176.73,right_only,,False
2020-05-10,,10257.75,right_only,,False
2020-05-11,,10296.33,right_only,,False
2020-05-12,,10588.36,right_only,,False
2020-05-13,,10396.28,right_only,,False
2020-05-14,,10287.21,right_only,,False
2020-05-17,,10357.44,right_only,,False
2020-05-18,,10278.93,right_only,,False
2020-05-19,,10357.24,right_only,,False
2020-05-20,,10205.4,right_only,,False
2020-05-21,,10109.91,right_only,,False
2020-05-31,,10220.14,right_only,,False
2020-06-01,,10227.38,right_only,,False
2020-06-02,,10338.71,right_only,,False
2020-06-03,,10424.1,right_only,,False
2020-06-04,,10621.14,right_only,,False
2020-06-07,,11108.62,right_only,,False
2020-06-08,,11146.53,right_only,,False
2020-06-09,,11063.04,right_only,,False
2020-06-10,,10933.58,right_only,,False
2020-06-11,,10831.92,right_only,,False
2020-06-14,,10731.17,right_only,,False
2020-06-15,,10668.42,right_only,,False
2020-06-16,,10935.32,right_only,,False
2020-06-17,,10905.75,right_only,,False
2020-06-18,,10857.87,right_only,,False
2020-06-21,,10823.91,right_only,,False
2020-06-22,,10742.36,right_only,,False
2020-06-23,,10764.82,right_only,,False
2020-06-24,,11039.54,right_only,,False
2020-06-25,,10890.48,right_only,,False
2020-06-28,,10848.65,right_only,,False
2020-06-29,,10750.1,right_only,,False
2020-06-30,,10764.59,right_only,,False
2020-07-05,,10959.35,right_only,,False
2020-07-06,,11087.64,right_only,,False
2020-07-07,,11050.2,right_only,,False
2020-07-08,,11127.85,right_only,,False
2020-07-09,,10957.02,right_only,,False
2020-07-12,,11071.96,right_only,,False
2020-07-13,,11007.85,right_only,,False
2020-07-14,,10873.53,right_only,,False
2020-07-15,,10617.42,right_only,,False
2020-07-16,,10441.2,right_only,,False
2020-07-19,,10281.16,right_only,,False
2020-07-20,,10380.45,right_only,,False
2020-07-21,,10558.35,right_only,,False
2020-07-22,,10459.92,right_only,,False
2020-07-26,,10524.45,right_only,,False
2020-07-27,,10575.47,right_only,,False
2020-07-28,,10568.84,right_only,,False
2020-07-29,,10599.46,right_only,,False
2020-08-04,,10620.1,right_only,,False
2020-08-05,,10704.33,right_only,,False
2020-08-06,,10817.29,right_only,,False
2020-08-09,,10962.52,right_only,,False
2020-08-10,,10938.23,right_only,,False
2020-08-11,,10919.47,right_only,,False
2020-08-12,,10922.33,right_only,,False
2020-08-13,,10944.18,right_only,,False
2020-08-16,,11120.26,right_only,,False
2020-08-17,,11142.77,right_only,,False
2020-08-18,,11077.11,right_only,,False
2020-08-19,,11160.05,right_only,,False
2020-08-23,,11391.08,right_only,,False
2020-08-24,,11433.76,right_only,,False
2020-08-25,,11461.62,right_only,,False
2020-08-26,,11453.78,right_only,,False
2020-08-27,,11462.45,right_only,,False
2020-08-30,,11434.81,right_only,,False
2020-08-31,,11365.99,right_only,,False
2020-09-01,,11233.94,right_only,,False
2020-09-02,,11214.22,right_only,,False
2020-09-03,,11180.81,right_only,,False
2020-09-06,,11073.02,right_only,,False
2020-09-07,,11136.03,right_only,,False
2020-09-08,,10951.29,right_only,,False
2020-09-09,,10929.89,right_only,,False
2020-09-10,,11070.84,right_only,,False
2020-09-13,,11091.67,right_only,,False
2020-09-14,,11034.38,right_only,,False
2020-09-15,,11028.06,right_only,,False
2020-09-16,,11088.2,right_only,,False
2020-09-17,,11050.89,right_only,,False
2020-09-20,,10969.32,right_only,,False
2020-09-21,,10910.37,right_only,,False
2020-09-22,,10963.01,right_only,,False
2020-09-23,,10979.44,right_only,,False
2020-09-24,,10911.44,right_only,,False
2020-09-27,,10902.22,right_only,,False
2020-09-28,,10969.94,right_only,,False
2020-09-29,,10987.19,right_only,,False
2020-09-30,,10989.27,right_only,,False
2020-10-01,,11051.3,right_only,,False
2020-10-04,,11071.46,right_only,,False
2020-10-05,,11007.69,right_only,,False
2020-10-06,,11146.18,right_only,,False
2020-10-07,,11326.98,right_only,,False
2020-10-11,,11360.37,right_only,,False
2020-10-12,,11397.65,right_only,,False
2020-10-13,,11291.81,right_only,,False
2020-10-14,,11333.91,right_only,,False
2020-10-15,,11322.71,right_only,,False
2020-10-18,,11185.15,right_only,,False
2020-10-19,,11171.36,right_only,,False
2020-10-20,,11157.62,right_only,,False
2020-10-21,,11101.63,right_only,,False
2020-10-22,,10987.43,right_only,,False
2020-10-25,,10602.98,right_only,,False
2020-10-26,,10511.94,right_only,,False
2020-10-27,,10559.71,right_only,,False
2020-10-28,,10515.25,right_only,,False
2020-11-01,,10456.33,right_only,,False
2020-11-02,,10429.34,right_only,,False
2020-11-03,,10512.16,right_only,,False
2020-11-04,,10556.89,right_only,,False
2020-11-05,,10629.29,right_only,,False
2020-11-08,,10680.27,right_only,,False
2020-11-09,,10838.66,right_only,,False
2020-11-10,,11077.25,right_only,,False
2020-11-11,,10997.65,right_only,,False
2020-11-12,,11017.28,right_only,,False
2020-11-15,,10953.13,right_only,,False
2020-11-16,,10991.61,right_only,,False
2020-11-17,,11063.98,right_only,,False
2020-11-18,,10989.72,right_only,,False
2020-11-19,,10898.67,right_only,,False
2020-11-22,,10858.26,right_only,,False
2020-11-23,,10885.11,right_only,,False
2020-11-24,,10997.35,right_only,,False
2020-11-25,,11068.44,right_only,,False
2020-11-26,,10980.96,right_only,,False
2020-11-29,,11009.27,right_only,,False
2020-11-30,,10943.35,right_only,,False
2020-12-01,,11040.78,right_only,,False
2020-12-02,,11023.34,right_only,,False
2020-12-03,,11015.01,right_only,,False
2020-12-06,,11024.84,right_only,,False
2020-12-07,,10995.13,right_only,,False
2020-12-08,,11019.08,right_only,,False
2020-12-09,,11018.09,right_only,,False
2020-12-10,,10987.39,right_only,,False
2020-12-13,,11003.77,right_only,,False
2020-12-14,,11047.97,right_only,,False
2020-12-15,,11057.62,right_only,,False
2020-12-16,,10983.03,right_only,,False
2020-12-17,,10844.58,right_only,,False
2020-12-20,,10890.3,right_only,,False
2020-12-21,,10581.76,right_only,,False
2020-12-22,,10655.91,right_only,,False
2020-12-23,,10677.51,right_only,,False
2020-12-24,,10683.86,right_only,,False
2020-12-27,,10585.56,right_only,,False
2020-12-28,,10658.55,right_only,,False
2020-12-29,,10736.88,right_only,,False
2020-12-30,,10867.76,right_only,,False
2020-12-31,,10845.26,right_only,,False
2021-01-03,,10845.03,right_only,,False
2021-01-04,,10813.78,right_only,,False
2021-01-05,,10829.96,right_only,,False
2021-01-06,,10952.14,right_only,,False
2021-01-10,,11213.48,right_only,,False
2021-01-11,,11278.72,right_only,,False
2021-01-12,,11339.75,right_only,,False
2021-01-13,,11388.9,right_only,,False
2021-01-14,,11453.43,right_only,,False
2021-01-17,,11446.53,right_only,,False
2021-01-18,,11450.54,right_only,,False
2021-01-19,,11485.8,right_only,,False
2021-01-20,,11598.9,right_only,,False
2021-01-21,,11654.58,right_only,,False
2021-01-24,,11525.25,right_only,,False
2021-01-25,,11509.63,right_only,,False
2021-01-26,,11527.34,right_only,,False
2021-01-27,,11578.84,right_only,,False
2021-01-31,,11546.15,right_only,,False
2021-02-01,,11589.34,right_only,,False
2021-02-02,,11637.55,right_only,,False
2021-02-03,,11619.14,right_only,,False
2021-02-04,,11598.85,right_only,,False
2021-02-07,,11602.78,right_only,,False
2021-02-08,,11523.06,right_only,,False
2021-02-09,,11447.73,right_only,,False
2021-02-10,,11545.03,right_only,,False
2021-02-11,,11546.32,right_only,,False
2021-02-14,,11506.72,right_only,,False
2021-02-15,,11526.77,right_only,,False
2021-02-16,,11534.05,right_only,,False
2021-02-17,,11413.17,right_only,,False
2021-02-18,,11380.55,right_only,,False
2021-02-21,,11425.85,right_only,,False
2021-02-22,,11549.97,right_only,,False
2021-02-23,,11416.74,right_only,,False
2021-02-24,,11435.43,right_only,,False
2021-02-25,,11617.91,right_only,,False
2021-02-28,,11525.02,right_only,,False
2021-03-01,,11521.38,right_only,,False
2021-03-02,,11471.39,right_only,,False
2021-03-03,,11393.25,right_only,,False
2021-03-04,,11333.86,right_only,,False
2021-03-07,,11557.85,right_only,,False
2021-03-08,,11459.51,right_only,,False
2021-03-09,,11337.46,right_only,,False
2021-03-10,,11235.6,right_only,,False
2021-03-11,,11261.35,right_only,,False
2021-03-14,,11289.57,right_only,,False
2021-03-15,,11222.33,right_only,,False
2021-03-16,,11190.8,right_only,,False
2021-03-17,,11068.37,right_only,,False
2021-03-18,,10918.4,right_only,,False
2021-03-21,,10802.29,right_only,,False
2021-03-22,,10537.22,right_only,,False
2021-03-23,,10471.36,right_only,,False
2021-03-24,,10702.18,right_only,,False
2021-03-25,,10870.46,right_only,,False
2021-03-28,,10867.69,right_only,,False
2021-03-29,,10738.42,right_only,,False
2021-03-30,,10739.69,right_only,,False
2021-03-31,,10568.37,right_only,,False
2021-04-01,,10564.88,right_only,,False
2021-04-04,,10417.15,right_only,,False
2021-04-05,,10256.92,right_only,,False
2021-04-06,,10263.22,right_only,,False
2021-04-07,,10227.67,right_only,,False
2021-04-08,,10303.55,right_only,,False
2021-04-11,,10393.13,right_only,,False
2021-04-12,,10450.09,right_only,,False
2021-04-13,,10305.81,right_only,,False
2021-04-14,,10115.51,right_only,,False
2021-04-15,,10143.21,right_only,,False
2021-04-18,,10358.26,right_only,,False
2021-04-19,,10441.0,right_only,,False
2021-04-20,,10620.05,right_only,,False
2021-04-21,,10642.49,right_only,,False
2021-04-22,,10600.07,right_only,,False
2021-04-25,,10604.28,right_only,,False
2021-04-26,,10525.84,right_only,,False
2021-04-27,,10591.42,right_only,,False
2021-04-28,,10475.26,right_only,,False
2021-05-04,,10465.59,right_only,,False
2021-05-05,,10512.84,right_only,,False
2021-05-06,,10588.09,right_only,,False
2021-05-09,,10643.63,right_only,,False
2021-05-10,,10686.03,right_only,,False
2021-05-11,,10767.84,right_only,,False
2021-05-17,,10674.67,right_only,,False
2021-05-18,,10780.9,right_only,,False
2021-05-19,,10806.23,right_only,,False
2021-05-20,,10731.96,right_only,,False
2021-05-23,,10812.06,right_only,,False
2021-05-24,,10760.95,right_only,,False
2021-05-25,,10531.83,right_only,,False
2021-05-26,,10369.57,right_only,,False
2021-05-27,,10242.3,right_only,,False
2021-05-30,,10301.58,right_only,,False
2021-05-31,,10309.06,right_only,,False
2021-06-01,,10240.21,right_only,,False
2021-06-02,,10120.95,right_only,,False
2021-06-03,,10054.81,right_only,,False
2021-06-06,,10122.44,right_only,,False
2021-06-07,,10105.04,right_only,,False
2021-06-08,,9963.91,right_only,,False
2021-06-09,,10042.18,right_only,,False
2021-06-10,,9977.9,right_only,,False
2021-06-13,,9887.19,right_only,,False
2021-06-14,,9933.35,right_only,,False
2021-06-15,,9891.18,right_only,,False
2021-06-16,,9880.49,right_only,,False
2021-06-17,,9865.59,right_only,,False
2021-06-20,,9797.91,right_only,,False
2021-06-21,,10061.58,right_only,,False
2021-06-22,,10206.24,right_only,,False
2021-06-23,,10272.72,right_only,,False
2021-06-24,,10278.86,right_only,,False
2021-06-27,,10305.02,right_only,,False
2021-06-28,,10273.92,right_only,,False
2021-06-29,,10123.06,right_only,,False
2021-06-30,,10256.62,right_only,,False
2021-07-04,,10345.66,right_only,,False
2021-07-05,,10348.29,right_only,,False
2021-07-06,,10154.79,right_only,,False
2021-07-07,,10277.25,right_only,,False
2021-07-08,,10184.8,right_only,,False
2021-07-11,,10153.47,right_only,,False
2021-07-12,,10233.7,right_only,,False
2021-07-13,,10431.99,right_only,,False
2021-07-14,,10602.41,right_only,,False
2021-07-15,,10561.28,right_only,,False
2021-07-18,,10646.85,right_only,,False
2021-07-25,,10745.69,right_only,,False
2021-07-26,,10697.32,right_only,,False
2021-07-27,,10763.26,right_only,,False
2021-07-28,,10769.22,right_only,,False
2021-07-29,,10742.23,right_only,,False
2021-08-01,,10810.21,right_only,,False
2021-08-02,,10821.88,right_only,,False
2021-08-03,,10726.33,right_only,,False
2021-08-04,,10718.89,right_only,,False
2021-08-05,,10723.18,right_only,,False
2021-08-08,,10738.67,right_only,,False
2021-08-09,,10800.39,right_only,,False
2021-08-10,,10853.83,right_only,,False
2021-08-11,,10884.5,right_only,,False
2021-08-15,,11029.56,right_only,,False
2021-08-16,,11046.15,right_only,,False
2021-08-17,,10937.69,right_only,,False
2021-08-18,,10907.96,right_only,,False
2021-08-19,,10808.7,right_only,,False
2021-08-22,,10690.79,right_only,,False
2021-08-23,,10884.29,right_only,,False
2021-08-24,,10950.24,right_only,,False
2021-08-25,,11064.43,right_only,,False
2021-08-26,,11125.55,right_only,,False
2021-08-29,,11113.74,right_only,,False
2021-08-30,,11163.23,right_only,,False
2021-08-31,,11143.8,right_only,,False
2021-09-01,,11283.7,right_only,,False
2021-09-02,,11301.36,right_only,,False
2021-09-05,,11095.89,right_only,,False
2021-09-06,,11064.17,right_only,,False
2021-09-07,,11089.8,right_only,,False
2021-09-08,,11135.48,right_only,,False
2021-09-09,,11056.27,right_only,,False
2021-09-12,,11036.93,right_only,,False
2021-09-13,,11140.22,right_only,,False
2021-09-14,,11187.82,right_only,,False
2021-09-15,,11149.36,right_only,,False
2021-09-16,,10996.76,right_only,,False
2021-09-19,,10889.65,right_only,,False
2021-09-20,,10710.56,right_only,,False
2021-09-21,,10498.52,right_only,,False
2021-09-22,,10596.06,right_only,,False
2021-09-23,,10642.02,right_only,,False
2021-09-26,,10649.76,right_only,,False
2021-09-27,,10496.0,right_only,,False
2021-09-28,,10446.78,right_only,,False
2021-09-29,,10391.14,right_only,,False
2021-09-30,,10517.03,right_only,,False
2021-10-03,,10366.44,right_only,,False
2021-10-04,,10427.44,right_only,,False
2021-10-05,,10432.63,right_only,,False
2021-10-06,,10536.39,right_only,,False
2021-10-10,,10662.96,right_only,,False
2021-10-11,,10714.78,right_only,,False
2021-10-12,,10783.92,right_only,,False
2021-10-13,,10881.4,right_only,,False
2021-10-14,,10995.59,right_only,,False
2021-10-17,,11155.57,right_only,,False
2021-10-18,,11276.17,right_only,,False
2021-10-19,,11195.05,right_only,,False
2021-10-20,1.1802699565887451,11132.07,both,-11130.8897,False
2021-10-24,1.182240009307861,11185.88,both,-11184.6978,False
2021-10-25,1.2019439935684204,11178.0,both,-11176.7981,False
2021-10-26,1.1684470176696775,11256.54,both,-11255.3716,False
2021-10-27,1.1080219745635986,11364.2,both,-11363.092,False
2021-10-28,1.1750149726867676,11506.63,both,-11505.455,False
2021-10-31,1.1658200025558472,11420.19,both,-11419.0242,False
2021-11-01,1.1861809492111206,11568.27,both,-11567.0838,False
2021-11-02,1.2150800228118896,11676.38,both,-11675.1649,False
2021-11-03,1.2505470514297483,11685.12,both,-11683.8695,False
2021-11-04,1.246606945991516,11612.84,both,-11611.5934,False
2021-11-07,1.246606945991516,11555.58,both,-11554.3334,False
2021-11-08,1.246606945991516,11497.51,both,-11496.2634,False
2021-11-09,1.246606945991516,11588.42,both,-11587.1734,False
2021-11-10,1.3753399848937988,11480.5,both,-11479.1247,False
2021-11-11,1.4101500511169434,11573.14,both,-11571.7298,False
2021-11-14,1.431823968887329,11662.99,both,-11661.5582,False
2021-11-15,1.510640025138855,11496.63,both,-11495.1194,False
2021-11-16,1.4778000116348269,11413.21,both,-11411.7322,False
2021-11-17,1.392416000366211,11453.3,both,-11451.9076,False
2021-11-18,1.3792799711227417,11337.99,both,-11336.6107,False
2021-11-21,1.3464399576187134,11273.11,both,-11271.7636,False
2021-11-22,1.4383920431137085,11359.03,both,-11357.5916,False
2021-11-23,1.4383920431137085,11369.22,both,-11367.7816,False
2021-11-24,1.385848045349121,11352.64,both,-11351.2542,False
2021-11-25,1.4646639823913574,11431.24,both,-11429.7753,False
2021-11-28,1.4646639823913574,11277.83,both,-11276.3653,False
2021-11-29,1.490936040878296,11212.3,both,-11210.8091,False
2021-11-30,1.490936040878296,11395.6,both,-11394.1091,False
2021-12-01,1.5434800386428833,11420.0,both,-11418.4565,False
2021-12-02,1.6091610193252563,11318.35,both,-11316.7408,False
2021-12-05,1.694545030593872,11401.33,both,-11399.6355,False
2021-12-06,1.6617050170898438,11514.87,both,-11513.2083,False
2021-12-07,1.556615948677063,11538.26,both,-11536.7034,False
2021-12-08,1.6091610193252563,11451.14,both,-11449.5308,False
2021-12-09,1.6091610193252563,11534.63,both,-11533.0208,False
2021-12-12,1.6222970485687256,11708.05,both,-11706.4277,False
2021-12-13,1.642001032829285,11700.4,both,-11698.758,False
2021-12-14,1.642001032829285,11618.01,both,-11616.368,False
2021-12-15,1.694545030593872,11622.1,both,-11620.4055,False
2021-12-16,1.7799290418624878,11667.73,both,-11665.9501,False
2021-12-19,1.7470890283584597,11565.72,both,-11563.9729,False
2021-12-20,1.7470890283584597,11482.43,both,-11480.6829,False
2021-12-21,1.825904965400696,11524.66,both,-11522.8341,False
2021-12-22,1.7667930126190186,11630.63,both,-11628.8632,False
2021-12-23,1.7470890283584597,11755.46,both,-11753.7129,False
2021-12-26,1.7339529991149902,11856.21,both,-11854.476,False
2021-12-27,1.674841046333313,11849.79,both,-11848.1152,False
2021-12-28,1.602592945098877,11913.44,both,-11911.8374,False
2021-12-29,1.5894570350646973,11898.42,both,-11896.8305,False
2021-12-30,1.5763200521469116,11949.18,both,-11947.6037,False
2022-01-02,1.602592945098877,11909.72,both,-11908.1174,False
2022-01-03,1.642001032829285,11897.4,both,-11895.758,False
2022-01-04,1.694545030593872,11982.61,both,-11980.9155,False
2022-01-05,1.7076809406280518,12043.42,both,-12041.7123,False
2022-01-09,1.7076809406280518,11978.56,both,-11976.8523,False
2022-01-10,1.6354329586029053,12022.69,both,-12021.0546,False
2022-01-11,1.6288650035858154,12002.08,both,-12000.4511,False
2022-01-12,1.6682729721069336,12060.0,both,-12058.3317,False
2022-01-13,1.6222970485687256,12012.31,both,-12010.6877,False
2022-01-16,1.5434800386428833,11830.94,both,-11829.3965,False
2022-01-17,1.6288650035858154,11859.12,both,-11857.4911,False
2022-01-18,1.6091610193252563,11876.44,both,-11874.8308,False
2022-01-19,1.5631840229034424,11715.01,both,-11713.4468,False
2022-01-20,1.556615948677063,11731.71,both,-11730.1534,False
2022-01-23,1.510640025138855,11655.72,both,-11654.2094,False
2022-01-24,1.490936040878296,11616.13,both,-11614.6391,False
2022-01-25,1.510640025138855,11542.43,both,-11540.9194,False
2022-01-26,1.4975039958953855,11499.85,both,-11498.3525,False
2022-01-30,1.4778000116348269,11457.46,both,-11455.9822,False
2022-01-31,1.4975039958953855,11490.45,both,-11488.9525,False
2022-02-01,1.5237760543823242,11603.33,both,-11601.8062,False
2022-02-02,1.5697519779205322,11691.82,both,-11690.2502,False
2022-02-03,1.5500479936599731,11638.06,both,-11636.51,False
2022-02-06,1.5500479936599731,11689.55,both,-11688.0,False
2022-02-07,1.5500479936599731,11548.61,both,-11547.06,False
2022-02-08,1.5894570350646973,11527.9,both,-11526.3105,False
2022-02-09,1.602592945098877,11596.29,both,-11594.6874,False
2022-02-10,1.5237760543823242,11578.54,both,-11577.0162,False
2022-02-13,1.4383920431137085,11438.12,both,-11436.6816,False
2022-02-14,1.4449599981307983,11403.34,both,-11401.895,False
2022-02-15,1.4778000116348269,11563.38,both,-11561.9022,False
2022-02-16,1.4252560138702393,11568.14,both,-11566.7147,False
2022-02-17,1.431823968887329,11535.02,both,-11533.5882,False
2022-02-20,1.41211998462677,11371.21,both,-11369.7979,False
2022-02-21,1.4383920431137085,11501.92,both,-11500.4816,False
2022-02-22,1.392416000366211,11302.49,both,-11301.0976,False
2022-02-23,1.385848045349121,11301.08,both,-11299.6942,False
2022-02-24,1.372712016105652,10890.88,both,-10889.5073,False
2022-02-27,1.4186880588531494,11174.09,both,-11172.6713,False
2022-02-28,1.3989839553833008,11138.86,both,-11137.461,False
2022-03-01,1.4778000116348269,11275.78,both,-11274.3022,False
2022-03-02,1.4383920431137085,11189.29,both,-11187.8516,False
2022-03-03,1.4778000116348269,11305.55,both,-11304.0722,False
2022-03-06,1.41211998462677,11094.66,both,-11093.2479,False
2022-03-07,1.313599944114685,10701.14,both,-10699.8264,False
2022-03-08,1.313599944114685,10396.83,both,-10395.5164,False
2022-03-09,1.313599944114685,10415.73,both,-10414.4164,False
2022-03-10,1.313599944114685,10453.59,both,-10452.2764,False
2022-03-13,1.3267359733581543,10480.67,both,-10479.3433,False
2022-03-14,1.2544879913330078,10419.56,both,-10418.3055,False
2022-03-15,1.2019439935684204,10423.09,both,-10421.8881,False
2022-03-16,1.2413519620895386,10705.6,both,-10704.3586,False
2022-03-17,1.274191975593567,10726.44,both,-10725.1658,False
2022-03-20,1.3595759868621826,10973.72,both,-10972.3604,False
2022-03-21,1.3661439418792725,11511.15,both,-11509.7839,False
2022-03-22,1.351694941520691,11663.32,both,-11661.9683,False
2022-03-23,1.333961009979248,11743.91,both,-11742.576,False
2022-03-24,1.313599944114685,11709.16,both,-11707.8464,False
2022-03-27,1.287328004837036,11545.61,both,-11544.3227,False
2022-03-28,1.2807600498199463,11240.79,both,-11239.5092,False
2022-03-29,1.287328004837036,11393.54,both,-11392.2527,False
2022-03-30,1.247920036315918,11239.21,both,-11237.9621,False
2022-03-31,1.274191975593567,11238.48,both,-11237.2058,False
2022-04-03,1.3083460330963137,11562.21,both,-11560.9017,False
2022-04-04,1.3267359733581543,11529.18,both,-11527.8533,False
2022-04-05,1.3359320163726809,11380.85,both,-11379.5141,False
2022-04-06,1.3825639486312866,11347.96,both,-11346.5774,False
2022-04-07,1.4252560138702393,11101.94,both,-11100.5147,False
2022-04-10,1.4186880588531494,10897.61,both,-10896.1913,False
2022-04-11,1.372712016105652,10728.66,both,-10727.2873,False
2022-04-12,1.3464399576187134,10898.69,both,-10897.3436,False
2022-04-13,1.3595759868621826,10847.46,both,-10846.1004,False
2022-04-14,1.3464399576187134,10679.55,both,-10678.2036,False
2022-04-17,1.3595759868621826,10707.93,both,-10706.5704,False
2022-04-18,1.3595759868621826,10724.8,both,-10723.4404,False
2022-04-19,1.4055520296096802,10626.81,both,-10625.4044,False
2022-04-20,1.3792799711227417,10444.76,both,-10443.3807,False
2022-04-21,1.4186880588531494,10548.14,both,-10546.7213,False
2022-04-26,1.41211998462677,10682.08,both,-10680.6679,False
2022-04-27,1.4975039958953855,10718.22,both,-10716.7225,False
2022-04-28,1.4646639823913574,11047.7,both,-11046.2353,False
2022-05-08,1.4843679666519165,11109.22,both,-11107.7356,False
2022-05-09,1.4778000116348269,10906.72,both,-10905.2422,False
2022-05-10,1.4778000116348269,10811.45,both,-10809.9722,False
2022-05-11,1.536911964416504,10855.93,both,-10854.3931,False
2022-05-12,1.4843679666519165,10678.98,both,-10677.4956,False
2022-05-15,1.4778000116348269,10534.22,both,-10532.7422,False
2022-05-16,1.4580960273742676,10461.88,both,-10460.4219,False
2022-05-17,1.4646639823913574,10438.95,both,-10437.4853,False
2022-05-18,1.4383920431137085,10467.63,both,-10466.1916,False
2022-05-19,1.4186880588531494,10549.97,both,-10548.5513,False
2022-05-22,1.41211998462677,10462.74,both,-10461.3279,False
2022-05-23,1.4186880588531494,10514.95,both,-10513.5313,False
2022-05-24,1.4712320566177368,10415.54,both,-10414.0688,False
2022-05-25,1.3792799711227417,10247.43,both,-10246.0507,False
2022-05-26,1.3661439418792725,10200.56,both,-10199.1939,False
2022-05-29,1.3333040475845337,10086.72,both,-10085.3867,False
2022-05-30,1.3661439418792725,10109.36,both,-10107.9939,False
2022-05-31,1.3530080318450928,10150.05,both,-10148.697,False
2022-06-01,1.3792799711227417,10083.98,both,-10082.6007,False
2022-06-02,1.3792799711227417,10007.51,both,-10006.1307,False
2022-06-05,1.3792799711227417,9986.0,both,-9984.6207,False
2022-06-06,1.392416000366211,9984.92,both,-9983.5276,False
2022-06-07,1.3792799711227417,10048.36,both,-10046.9807,False
2022-06-08,1.41211998462677,10236.06,both,-10234.6479,False
2022-06-09,1.4186880588531494,10235.43,both,-10234.0113,False
2022-06-12,1.3989839553833008,10097.55,both,-10096.151,False
2022-06-13,1.4252560138702393,10014.85,both,-10013.4247,False
2022-06-14,1.4252560138702393,9981.22,both,-9979.7947,False
2022-06-15,1.4186880588531494,9969.97,both,-9968.5513,False
2022-06-16,1.4449599981307983,9866.75,both,-9865.305,False
2022-06-19,1.4515279531478882,9728.19,both,-9726.7385,False
2022-06-20,1.4646639823913574,9680.18,both,-9678.7153,False
2022-06-21,1.4449599981307983,9697.88,both,-9696.435,False
2022-06-22,1.431823968887329,9612.9,both,-9611.4682,False
2022-06-23,1.4449599981307983,9439.85,both,-9438.405,False
2022-06-26,1.4646639823913574,9443.75,both,-9442.2853,False
2022-06-27,1.4383920431137085,9255.43,both,-9253.9916,False
2022-06-28,1.385848045349121,9179.63,both,-9178.2442,False
2022-06-29,1.4383920431137085,9225.61,both,-9224.1716,False
2022-07-03,1.4449599981307983,9008.89,both,-9007.445,False
2022-07-04,1.3792799711227417,8685.74,both,-8684.3607,False
2022-07-05,1.41211998462677,8657.5,both,-8656.0879,False
2022-07-06,1.4449599981307983,8670.12,both,-8668.675,False
2022-07-07,1.4449599981307983,8764.25,both,-8762.805,False
2022-07-17,1.4449599981307983,8772.93,both,-8771.485,False
2022-07-18,1.4383920431137085,8867.94,both,-8866.5016,False
2022-07-19,1.4580960273742676,9033.53,both,-9032.0719,False
2022-07-20,1.4778000116348269,9112.72,both,-9111.2422,False
2022-07-21,1.556615948677063,9289.81,both,-9288.2534,False
2022-07-24,1.536911964416504,9276.28,both,-9274.7431,False
2022-07-25,1.4975039958953855,9237.7,both,-9236.2025,False
2022-07-26,1.5434800386428833,9350.42,both,-9348.8765,False
2022-07-27,1.5763200521469116,9287.92,both,-9286.3437,False
2022-07-28,1.6354329586029053,9369.32,both,-9367.6846,False
2022-07-31,1.5894570350646973,9467.08,both,-9465.4905,False
2022-08-01,1.5828880071640017,9423.1,both,-9421.5171,False
2022-08-02,1.5894570350646973,9442.02,both,-9440.4305,False
2022-08-03,1.642001032829285,9539.43,both,-9537.788,False
2022-08-04,1.720816969871521,10043.23,both,-10041.5092,False
2022-08-07,1.7273850440979004,10123.81,both,-10122.0826,False
2022-08-08,1.720816969871521,10047.71,both,-10045.9892,False
2022-08-09,1.701112985610962,9968.88,both,-9967.1789,False
2022-08-10,1.701112985610962,9965.46,both,-9963.7589,False
2022-08-11,1.7864969968795776,9988.84,both,-9987.0535,False
2022-08-14,1.7733609676361084,9984.44,both,-9982.6666,False
2022-08-15,1.720816969871521,9914.71,both,-9912.9892,False
2022-08-16,1.7799290418624878,9843.17,both,-9841.3901,False
2022-08-17,1.8062009811401367,10058.12,both,-10056.3138,False
2022-08-18,1.8062009811401367,10094.16,both,-10092.3538,False
2022-08-21,1.8456089496612549,10339.58,both,-10337.7344,False
2022-08-22,1.7996330261230469,10246.24,both,-10244.4404,False
2022-08-23,1.7996330261230469,10137.89,both,-10136.0904,False
2022-08-24,1.839040994644165,10105.24,both,-10103.401,False
2022-08-25,1.917857050895691,10287.27,both,-10285.3521,False
2022-08-28,1.9047210216522217,10178.15,both,-10176.2453,False
2022-08-29,1.8850170373916624,10122.32,both,-10120.435,False
2022-08-30,1.8850170373916624,10132.15,both,-10130.265,False
2022-08-31,1.8718810081481931,9998.61,both,-9996.7381,False
2022-09-01,1.8784489631652832,9936.87,both,-9934.9916,False
2022-09-04,1.825904965400696,9996.74,both,-9994.9141,False
2022-09-05,1.825904965400696,10177.64,both,-10175.8141,False
2022-09-06,1.8062009811401367,10329.66,both,-10327.8538,False
2022-09-07,1.7733609676361084,10232.29,both,-10230.5166,False
2022-09-08,1.7930649518966677,10265.35,both,-10263.5569,False
2022-09-11,1.839040994644165,10356.31,both,-10354.471,False
2022-09-12,1.753656983375549,10434.1,both,-10432.3463,False
2022-09-13,1.753656983375549,10397.12,both,-10395.3663,False
2022-09-14,1.7799290418624878,10193.79,both,-10192.0101,False
2022-09-15,1.812769055366516,10079.02,both,-10077.2072,False
2022-09-18,1.7667930126190186,9763.19,both,-9761.4232,False
2022-09-19,1.8521770238876345,9854.21,both,-9852.3578,False
2022-09-20,1.8718810081481931,10010.53,both,-10008.6581,False
2022-09-21,1.819337010383606,9955.85,both,-9954.0307,False
2022-09-22,1.8062009811401367,9933.05,both,-9931.2438,False
2022-09-25,1.7864969968795776,9895.04,both,-9893.2535,False
2022-09-26,1.7733609676361084,9827.8,both,-9826.0266,False
2022-09-27,1.7799290418624878,9817.37,both,-9815.5901,False
2022-09-28,1.7667930126190186,9702.19,both,-9700.4232,False
2022-09-29,1.7733609676361084,9827.46,both,-9825.6866,False
2022-10-02,1.7142490148544312,9687.36,both,-9685.6458,False
2022-10-03,1.7470890283584597,9685.85,both,-9684.1029,False
2022-10-04,1.753656983375549,9923.81,both,-9922.0563,False
2022-10-05,1.753656983375549,10010.78,both,-10009.0263,False
2022-10-09,1.8062009811401367,9940.86,both,-9939.0538,False
2022-10-10,1.8062009811401367,9948.53,both,-9946.7238,False
2022-10-11,1.8062009811401367,9867.23,both,-9865.4238,False
2022-10-12,1.753656983375549,9800.64,both,-9798.8863,False
2022-10-13,1.7339529991149902,9853.74,both,-9852.006,False
2022-10-16,1.7339529991149902,10048.88,both,-10047.146,False
2022-10-17,1.7339529991149902,10148.4,both,-10146.666,False
2022-10-18,1.7339529991149902,10163.56,both,-10161.826,False
2022-10-19,1.74052095413208,10156.34,both,-10154.5995,False
2022-10-20,1.753656983375549,10273.53,both,-10271.7763,False
2022-10-23,1.7667930126190186,10258.24,both,-10256.4732,False
2022-10-24,1.674841046333313,10320.88,both,-10319.2052,False
2022-10-25,1.687976956367493,10475.02,both,-10473.332,False
2022-10-26,1.687976956367493,10553.2,both,-10551.512,False
2022-10-27,1.7799290418624878,11072.02,both,-11070.2401,False
2022-10-30,1.7799290418624878,11100.67,both,-11098.8901,False
2022-10-31,1.74052095413208,11372.79,both,-11371.0495,False
2022-11-01,1.7470890283584597,11432.79,both,-11431.0429,False
2022-11-02,1.74052095413208,11242.07,both,-11240.3295,False
2022-11-03,1.74052095413208,11262.4,both,-11260.6595,False
2022-11-06,1.7602250576019287,11179.2,both,-11177.4398,False
2022-11-07,1.7733609676361084,11443.71,both,-11441.9366,False
2022-11-08,1.74052095413208,11268.04,both,-11266.2995,False
2022-11-09,1.720816969871521,11781.58,both,-11779.8592,False
2022-11-10,1.8062009811401367,11756.56,both,-11754.7538,False
2022-11-13,1.7733609676361084,11980.62,both,-11978.8466,False
2022-11-14,1.825904965400696,12136.37,both,-12134.5441,False
2022-11-15,1.8850170373916624,12137.0,both,-12135.115,False
2022-11-16,2.003241062164306,12341.2,both,-12339.1968,False
2022-11-17,2.003241062164306,12515.71,both,-12513.7068,False
2022-11-20,2.0098090171813965,12523.84,both,-12521.8302,False
2022-11-21,1.93756103515625,12449.9,both,-12447.9624,False
2022-11-22,1.9047210216522217,12622.34,both,-12620.4353,False
2022-11-23,1.8718810081481931,12600.09,both,-12598.2181,False
2022-11-24,1.8718810081481931,12779.44,both,-12777.5681,False
2022-11-27,1.8653130531311035,13009.48,both,-13007.6147,False
2022-11-28,1.8324730396270752,12917.22,both,-12915.3875,False
2022-11-29,1.819337010383606,13184.26,both,-13182.4407,False
2022-11-30,1.858744978904724,13259.26,both,-13257.4013,False
2022-12-01,1.9309929609298704,13639.73,both,-13637.799,False
2022-12-04,1.9704010486602783,14078.53,both,-14076.5596,False
2022-12-05,1.9112889766693115,14327.77,both,-14325.8587,False
2022-12-06,1.93756103515625,14498.29,both,-14496.3524,False
2022-12-07,1.8456089496612549,14787.05,both,-14785.2044,False
2022-12-08,1.8718810081481931,14838.31,both,-14836.4381,False
2022-12-11,1.858744978904724,14587.7,both,-14585.8413,False
2022-12-12,1.839040994644165,14723.71,both,-14721.871,False
2022-12-13,1.9047210216522217,15150.31,both,-15148.4053,False
2022-12-14,1.9047210216522217,15378.28,both,-15376.3753,False
2022-12-15,1.8850170373916624,15141.55,both,-15139.665,False
2022-12-18,1.8850170373916624,14843.05,both,-14841.165,False
2022-12-19,1.8653130531311035,14738.6,both,-14736.7347,False
2022-12-20,1.8784489631652832,14523.26,both,-14521.3816,False
2022-12-21,1.839040994644165,14541.98,both,-14540.141,False
2022-12-22,1.8521770238876345,14482.93,both,-14481.0778,False
2022-12-25,1.8324730396270752,14385.3,both,-14383.4675,False
2022-12-26,1.8324730396270752,14560.41,both,-14558.5775,False
2022-12-27,1.839040994644165,14485.18,both,-14483.341,False
2022-12-28,1.839040994644165,14578.21,both,-14576.371,False
2022-12-29,1.9506969451904297,14598.53,both,-14596.5793,False
2023-01-02,1.9506969451904297,14960.66,both,-14958.7093,False
2023-01-03,1.9309929609298704,15068.13,both,-15066.199,False
2023-01-04,1.93756103515625,15557.46,both,-15555.5224,False
2023-01-05,1.8784489631652832,16002.18,both,-16000.3016,False
2023-01-09,1.8653130531311035,16096.87,both,-16095.0047,False
2023-01-10,1.812769055366516,15462.57,both,-15460.7572,False
2023-01-11,1.8062009811401367,15528.1,both,-15526.2938,False
2023-01-12,1.8456089496612549,15551.47,both,-15549.6244,False
2023-01-15,1.839040994644165,15561.25,both,-15559.411,False
2023-01-16,1.825904965400696,15837.91,both,-15836.0841,False
2023-01-17,1.839040994644165,15981.88,both,-15980.041,False
2023-01-18,1.8062009811401367,15987.15,both,-15985.3438,False
2023-01-19,1.7799290418624878,16065.98,both,-16064.2001,False
2023-01-22,1.7799290418624878,16118.85,both,-16117.0701,False
2023-01-23,1.7733609676361084,16183.49,both,-16181.7166,False
2023-01-24,1.7799290418624878,16440.53,both,-16438.7501,False
2023-01-25,1.8456089496612549,16791.11,both,-16789.2644,False
2023-01-29,1.819337010383606,17411.46,both,-17409.6407,False
2023-01-30,1.7930649518966677,17026.64,both,-17024.8469,False
2023-01-31,1.753656983375549,16446.38,both,-16444.6263,False
2023-02-01,1.753656983375549,16407.79,both,-16406.0363,False
2023-02-02,1.7602250576019287,16255.73,both,-16253.9698,False
2023-02-05,1.7142490148544312,16265.92,both,-16264.2058,False
2023-02-06,1.7142490148544312,16587.06,both,-16585.3458,False
2023-02-07,1.74052095413208,16900.43,both,-16898.6895,False
2023-02-08,1.720816969871521,16948.08,both,-16946.3592,False
2023-02-09,1.7273850440979004,17613.78,both,-17612.0526,False
2023-02-12,1.7273850440979004,17287.09,both,-17285.3626,False
2023-02-13,1.7339529991149902,17214.56,both,-17212.826,False
2023-02-14,1.7470890283584597,17430.98,both,-17429.2329,False
2023-02-15,1.7339529991149902,17522.56,both,-17520.826,False
2023-02-16,1.687976956367493,17488.87,both,-17487.182,False
2023-02-19,1.6814090013504028,17326.61,both,-17324.9286,False
2023-02-20,1.6091610193252563,16814.0,both,-16812.3908,False
2023-02-21,1.602592945098877,17039.45,both,-17037.8474,False
2023-02-22,1.602592945098877,16777.2,both,-16775.5974,False
2023-02-23,1.602592945098877,17003.9,both,-17002.2974,False
2023-02-26,1.5894570350646973,17213.01,both,-17211.4205,False
2023-02-27,1.6354329586029053,17098.16,both,-17096.5246,False
2023-02-28,1.5763200521469116,17002.08,both,-17000.5037,False
2023-03-01,1.5500479936599731,17123.01,both,-17121.46,False
2023-03-02,1.5763200521469116,16846.79,both,-16845.2137,False
2023-03-05,1.5631840229034424,16827.65,both,-16826.0868,False
2023-03-06,1.556615948677063,16803.89,both,-16802.3334,False
2023-03-07,1.530344009399414,16432.56,both,-16431.0297,False
2023-03-08,1.4843679666519165,16315.62,both,-16314.1356,False
2023-03-09,1.5237760543823242,16454.31,both,-16452.7862,False
2023-03-12,1.4778000116348269,15936.89,both,-15935.4122,False
2023-03-13,1.4252560138702393,15438.5,both,-15437.0747,False
2023-03-14,1.41211998462677,15362.25,both,-15360.8379,False
2023-03-15,1.3201680183410645,14724.44,both,-14723.1198,False
2023-03-16,1.3004640340805054,14704.18,both,-14702.8795,False
2023-03-19,1.2971800565719604,14681.12,both,-14679.8228,False
2023-03-20,1.3464399576187134,14923.81,both,-14922.4636,False
2023-03-21,1.3792799711227417,15325.66,both,-15324.2807,False
2023-03-22,1.3615469932556152,15253.22,both,-15251.8585,False
2023-03-23,1.3799370527267456,15625.08,both,-15623.7001,False
2023-03-26,1.3661439418792725,15989.18,both,-15987.8139,False
2023-03-27,1.3530080318450928,15950.09,both,-15948.737,False
2023-03-28,1.3267359733581543,15906.42,both,-15905.0933,False
2023-03-29,1.3398720026016235,16411.37,both,-16410.0301,False
2023-03-30,1.3004640340805054,16418.53,both,-16417.2295,False
2023-04-02,1.313599944114685,16694.46,both,-16693.1464,False
2023-04-03,1.372056007385254,17056.89,both,-17055.5179,False
2023-04-04,1.4383920431137085,16998.35,both,-16996.9116,False
2023-04-05,1.509984016418457,17019.25,both,-17017.74,False
2023-04-06,1.4981609582901,16709.28,both,-16707.7818,False
2023-04-09,1.4843679666519165,16674.87,both,-16673.3856,False
2023-04-10,1.4515279531478882,16774.64,both,-16773.1885,False
2023-04-11,1.4515279531478882,17011.68,both,-17010.2285,False
2023-04-12,1.4252560138702393,16741.45,both,-16740.0247,False
2023-04-13,1.4055520296096802,17671.27,both,-17669.8644,False
2023-04-18,1.431823968887329,17538.97,both,-17537.5382,False
2023-04-19,1.4383920431137085,17516.04,both,-17514.6016,False
2023-04-26,1.431823968887329,17452.22,both,-17450.7882,False
2023-04-27,1.4778000116348269,17796.91,both,-17795.4322,False
2023-04-30,1.510640025138855,17667.74,both,-17666.2294,False
2023-05-01,1.510640025138855,17310.83,both,-17309.3194,False
2023-05-02,1.4580960273742676,17300.56,both,-17299.1019,False
2023-05-03,1.4580960273742676,17295.27,both,-17293.8119,False
2023-05-07,1.4515279531478882,17235.31,both,-17233.8585,False
2023-05-08,1.490936040878296,17642.97,both,-17641.4791,False
2023-05-09,1.4646639823913574,17326.27,both,-17324.8053,False
2023-05-10,1.4580960273742676,17494.73,both,-17493.2719,False
2023-05-11,1.490936040878296,17270.69,both,-17269.1991,False
2023-05-14,1.5763200521469116,17369.13,both,-17367.5537,False
2023-05-15,1.510640025138855,17135.55,both,-17134.0394,False
2023-05-16,1.5434800386428833,17033.99,both,-17032.4465,False
2023-05-17,1.510640025138855,16844.01,both,-16842.4994,False
2023-05-18,1.5172079801559448,16745.54,both,-16744.0228,False
2023-05-21,1.5631840229034424,16860.88,both,-16859.3168,False
2023-05-22,1.536911964416504,16764.41,both,-16762.8731,False
2023-05-23,1.5434800386428833,16787.71,both,-16786.1665,False
2023-05-24,1.5434800386428833,17090.56,both,-17089.0165,False
2023-05-25,1.5172079801559448,17043.62,both,-17042.1028,False
2023-05-28,1.5237760543823242,17131.45,both,-17129.9262,False
2023-05-29,1.5040719509124756,17211.84,both,-17210.3359,False
2023-05-30,1.4975039958953855,17534.59,both,-17533.0925,False
2023-05-31,1.5040719509124756,17495.77,both,-17494.2659,False
2023-06-01,1.530344009399414,17533.31,both,-17531.7797,False
2023-06-04,1.536911964416504,17455.48,both,-17453.9431,False
2023-06-05,1.602592945098877,17345.9,both,-17344.2974,False
2023-06-06,1.596024990081787,17491.18,both,-17489.584,False
2023-06-07,1.6682729721069336,17347.57,both,-17345.9017,False
2023-06-08,1.6485689878463743,17521.36,both,-17519.7114,False
2023-06-11,1.6551369428634644,17739.63,both,-17737.9749,False
2023-06-12,1.642001032829285,17704.58,both,-17702.938,False
2023-06-13,1.642001032829285,17866.81,both,-17865.168,False
2023-06-14,1.602592945098877,17873.28,both,-17871.6774,False
2023-06-15,1.6222970485687256,17881.52,both,-17879.8977,False
2023-06-18,1.6682729721069336,18026.17,both,-18024.5017,False
2023-06-19,1.6288650035858154,17988.95,both,-17987.3211,False
2023-06-20,1.6157289743423462,17921.92,both,-17920.3043,False
2023-06-21,1.596024990081787,17706.08,both,-17704.484,False
2023-06-22,1.5763200521469116,17712.93,both,-17711.3537,False
2023-06-25,1.530344009399414,17287.64,both,-17286.1097,False
2023-06-26,1.5631840229034424,17665.29,both,-17663.7268,False
2023-07-04,1.5500479936599731,17466.18,both,-17464.63,False
2023-07-05,1.5434800386428833,17380.33,both,-17378.7865,False
2023-07-06,1.5040719509124756,17102.3,both,-17100.7959,False
2023-07-09,1.4055520296096802,16555.12,both,-16553.7144,False
2023-07-10,1.4449599981307983,16963.13,both,-16961.685,False
2023-07-11,1.4383920431137085,17155.23,both,-17153.7916,False
2023-07-12,1.4449599981307983,17144.22,both,-17142.775,False
2023-07-13,1.4646639823913574,17342.29,both,-17340.8253,False
2023-07-16,1.4580960273742676,17343.13,both,-17341.6719,False
2023-07-17,1.4646639823913574,17512.01,both,-17510.5453,False
2023-07-18,1.490936040878296,17608.32,both,-17606.8291,False
2023-07-19,1.490936040878296,17578.67,both,-17577.1791,False
2023-07-24,1.4778000116348269,17550.23,both,-17548.7522,False
2023-07-25,1.4580960273742676,17479.94,both,-17478.4819,False
2023-07-26,1.4449599981307983,17396.24,both,-17394.795,False
2023-07-27,1.4252560138702393,17339.06,both,-17337.6347,False
2023-07-30,1.431823968887329,17554.56,both,-17553.1282,False
2023-07-31,1.4449599981307983,17595.92,both,-17594.475,False
2023-08-01,1.4252560138702393,17514.11,both,-17512.6847,False
2023-08-02,1.41211998462677,17455.6,both,-17454.1879,False
2023-08-03,1.4055520296096802,17451.44,both,-17450.0344,False
2023-08-06,1.4186880588531494,17697.49,both,-17696.0713,False
2023-08-07,1.4186880588531494,17839.48,both,-17838.0613,False
2023-08-08,1.4055520296096802,17748.89,both,-17747.4844,False
2023-08-09,1.4055520296096802,17763.63,both,-17762.2244,False
2023-08-10,1.392416000366211,17710.2,both,-17708.8076,False
2023-08-13,1.3989839553833008,17856.07,both,-17854.671,False
2023-08-14,1.4055520296096802,17897.5,both,-17896.0944,False
2023-08-15,1.3989839553833008,17965.32,both,-17963.921,False
2023-08-16,1.3989839553833008,18062.5,both,-18061.101,False
2023-08-17,1.385848045349121,17969.27,both,-17967.8842,False
2023-08-20,1.3792799711227417,18033.22,both,-18031.8407,False
2023-08-21,1.3661439418792725,17920.48,both,-17919.1139,False
2023-08-22,1.3661439418792725,18216.63,both,-18215.2639,False
2023-08-23,1.3398720026016235,18133.42,both,-18132.0801,False
2023-08-24,1.3333040475845337,18207.82,both,-18206.4867,False
2023-08-27,1.313599944114685,18516.59,both,-18515.2764,False
2023-08-28,1.3267359733581543,18584.84,both,-18583.5133,False
2023-08-29,1.3792799711227417,18629.34,both,-18627.9607,False
2023-08-30,1.3989839553833008,18818.15,both,-18816.751,False
2023-08-31,1.3989839553833008,18873.82,both,-18872.421,False
2023-09-03,1.392416000366211,18726.01,both,-18724.6176,False
2023-09-04,1.3989839553833008,18910.99,both,-18909.591,False
2023-09-05,1.4449599981307983,19044.39,both,-19042.945,False
2023-09-06,1.4449599981307983,19224.52,both,-19223.075,False
2023-09-07,1.4383920431137085,19375.68,both,-19374.2416,False
2023-09-10,1.4383920431137085,19577.85,both,-19576.4116,False
2023-09-11,1.4186880588531494,19278.72,both,-19277.3013,False
2023-09-12,1.41211998462677,19144.09,both,-19142.6779,False
2023-09-13,1.4186880588531494,19361.7,both,-19360.2813,False
2023-09-14,1.4712320566177368,19540.33,both,-19538.8588,False
2023-09-17,1.4778000116348269,19668.82,both,-19667.3422,False
2023-09-18,1.4778000116348269,19751.78,both,-19750.3022,False
2023-09-19,1.510640025138855,19954.3,both,-19952.7894,False
2023-09-20,1.510640025138855,19797.23,both,-19795.7194,False
2023-09-21,1.510640025138855,20080.57,both,-20079.0594,False
2023-09-24,1.510640025138855,20213.7,both,-20212.1894,False
2023-09-25,1.437000036239624,20320.56,both,-20319.123,False
2023-09-26,1.4299999475479126,20354.86,both,-20353.43,False
2023-09-27,1.4299999475479126,20174.28,both,-20172.85,False
2023-10-01,1.4299999475479126,20054.72,both,-20053.29,False
2023-10-02,1.406999945640564,19901.24,both,-19899.833,False
2023-10-03,1.3899999856948853,19706.96,both,-19705.57,False
2023-10-04,1.3980000019073486,19873.31,both,-19871.912,False
2023-10-08,1.3320000171661377,19357.42,both,-19356.088,False
2023-10-09,1.340999960899353,19409.78,both,-19408.439,False
2023-10-10,1.343999981880188,19724.32,both,-19722.976,False
2023-10-11,1.434999942779541,19653.49,both,-19652.055,False
2023-10-12,1.440000057220459,20002.1,both,-20000.66,False
2023-10-15,1.4880000352859497,20324.96,both,-20323.472,False
2023-10-16,1.4859999418258667,21032.35,both,-21030.864,False
2023-10-17,1.5019999742507937,22073.95,both,-22072.448,False
2023-10-18,1.508999943733215,22117.4,both,-22115.891,False
2023-10-19,1.508999943733215,21616.6,both,-21615.091,False
2023-10-22,1.562999963760376,22128.49,both,-22126.927,False
2023-10-23,1.5720000267028809,22572.49,both,-22570.918,False
2023-10-24,1.5460000038146973,22377.39,both,-22375.844,False
2023-10-25,1.5700000524520874,23131.96,both,-23130.39,False
2023-10-26,1.587000012397766,23262.27,both,-23260.683,False
2023-10-29,1.590000033378601,23086.72,both,-23085.13,False
2023-10-30,1.5750000476837158,23435.65,both,-23434.075,False
2023-10-31,1.5410000085830688,22550.65,both,-22549.109,False
2023-11-01,1.5210000276565552,22433.38,both,-22431.859,False
2023-11-02,1.5299999713897705,22639.59,both,-22638.06,False
2023-11-05,1.5260000228881836,23094.69,both,-23093.164,False
2023-11-06,1.527999997138977,23059.15,both,-23057.622,False
2023-11-07,1.6089999675750732,23393.41,both,-23391.801,False
2023-11-08,1.5579999685287476,23986.56,both,-23985.002,False
2023-11-09,1.5390000343322754,24312.92,both,-24311.381,False
2023-11-12,1.5010000467300415,23910.66,both,-23909.159,False
2023-11-13,1.5180000066757202,23954.96,both,-23953.442,False
2023-11-14,1.5119999647140503,23894.06,both,-23892.548,False
2023-11-15,1.5099999904632568,24138.8,both,-24137.29,False
2023-11-16,1.5140000581741333,24383.27,both,-24381.756,False
2023-11-19,1.5199999809265137,24899.59,both,-24898.07,False
2023-11-20,1.5390000343322754,24760.02,both,-24758.481,False
2023-11-21,1.5880000591278076,24774.04,both,-24772.452,False
2023-11-22,1.6019999980926514,25029.57,both,-25027.968,False
2023-11-23,1.6119999885559082,25519.49,both,-25517.878,False
2023-11-26,1.621000051498413,25300.32,both,-25298.699,False
2023-11-27,1.6549999713897705,25905.54,both,-25903.885,False
2023-11-28,1.6950000524520874,25121.73,both,-25120.035,False
2023-11-29,1.6390000581741333,24759.16,both,-24757.521,False
2023-11-30,1.6720000505447388,24735.39,both,-24733.718,False
2023-12-03,1.7799999713897705,24571.98,both,-24570.2,False
2023-12-04,1.899999976158142,25265.41,both,-25263.51,False
2023-12-05,1.899999976158142,25127.91,both,-25126.01,False
2023-12-06,1.8799999952316284,24703.55,both,-24701.67,False
2023-12-07,1.8339999914169312,24686.16,both,-24684.326,False
2023-12-10,1.825000047683716,24189.83,both,-24188.005,False
2023-12-11,1.7660000324249268,24182.06,both,-24180.294,False
2023-12-12,1.7269999980926514,24071.66,both,-24069.933,False
2023-12-13,1.8489999771118164,24773.92,both,-24772.071,False
2023-12-14,1.8459999561309812,24722.82,both,-24720.974,False
2023-12-17,1.8209999799728396,24792.14,both,-24790.319,False
2023-12-18,1.8200000524520876,25334.09,both,-25332.27,False
2023-12-19,1.7519999742507937,25076.42,both,-25074.668,False
2023-12-20,1.6790000200271606,24837.56,both,-24835.881,False
2023-12-21,1.6269999742507937,24305.09,both,-24303.463,False
2023-12-24,1.6269999742507937,23822.17,both,-23820.543,False
2023-12-25,1.6089999675750732,24226.68,both,-24225.071,False
2023-12-26,1.616000056266785,23994.54,both,-23992.924,False
2023-12-27,1.7380000352859497,24351.12,both,-24349.382,False
2023-12-28,1.7050000429153442,24691.43,both,-24689.725,False
2023-12-31,1.649999976158142,24894.26,both,-24892.61,False
2024-01-02,1.715000033378601,25501.94,both,-25500.225,False
2024-01-03,1.7280000448226929,25408.51,both,-25406.782,False
2024-01-04,1.7319999933242798,25350.28,both,-25348.548,False
2024-01-08,1.7330000400543213,25344.63,both,-25342.897,False
2024-01-09,1.774999976158142,25589.99,both,-25588.215,False
2024-01-10,1.850000023841858,25466.75,both,-25464.9,False
2024-01-11,1.8459999561309812,25519.25,both,-25517.404,False
2024-01-14,1.8539999723434448,25974.84,both,-25972.986,False
2024-01-15,1.8940000534057615,26250.73,both,-26248.836,False
2024-01-16,1.888000011444092,26938.14,both,-26936.252,False
2024-01-17,1.8650000095367432,26758.26,both,-26756.395,False
2024-01-18,1.8769999742507932,26842.67,both,-26840.793,False
2024-01-21,1.901000022888184,27719.37,both,-27717.469,False
2024-01-22,1.899999976158142,28050.33,both,-28048.43,False
2024-01-23,1.899999976158142,27587.0,both,-27585.1,False
2024-01-24,1.875,27666.18,both,-27664.305,False
2024-01-28,1.870000004768372,28625.76,both,-28623.89,False
2024-01-29,2.0,29227.79,both,-29225.79,False
2024-01-30,2.1710000038146973,30347.3,both,-30345.129,False
2024-01-31,1.950999975204468,28281.91,both,-28279.959,False
2024-02-01,2.010999917984009,28434.37,both,-28432.359,False
2024-02-04,2.369999885559082,27573.5,both,-27571.13,False
2024-02-05,2.309999942779541,27665.75,both,-27663.44,False
2024-02-06,2.25,27270.63,both,-27268.38,False
2024-02-07,2.200000047683716,27905.95,both,-27903.75,False
2024-02-08,2.430000066757202,28411.41,both,-28408.98,False
2024-02-11,2.4200000762939453,28199.04,both,-28196.62,False
2024-02-12,2.299999952316284,28494.72,both,-28492.42,False
2024-02-13,2.569999933242798,28604.54,both,-28601.97,False
2024-02-14,2.650000095367432,28874.99,both,-28872.34,False
2024-02-15,2.799999952316284,28926.15,both,-28923.35,False
2024-02-18,2.799999952316284,29125.57,both,-29122.77,False
2024-02-19,2.5999999046325684,29452.4,both,-29449.8,False
2024-02-20,2.940000057220459,29330.66,both,-29327.72,False
2024-02-21,3.0799999237060547,29292.05,both,-29288.97,False
2024-02-22,3.009999990463257,29309.73,both,-29306.72,False
2024-02-25,3.299999952316284,27840.86,both,-27837.56,False
2024-02-26,3.130000114440918,28931.92,both,-28928.79,False
2024-02-27,2.940000057220459,29205.16,both,-29202.22,False
2024-02-28,2.900000095367432,28876.46,both,-28873.56,False
2024-02-29,2.900000095367432,28964.41,both,-28961.51,False
2024-03-03,2.859999895095825,29058.33,both,-29055.47,False
2024-03-04,2.900000095367432,30542.33,both,-30539.43,False
2024-03-05,2.940000057220459,30668.89,both,-30665.95,False
2024-03-06,2.759999990463257,29743.11,both,-29740.35,False
2024-03-07,2.789999961853028,31300.54,both,-31297.75,False
2024-03-10,2.7699999809265137,32919.95,both,-32917.18,False
2024-03-11,2.740000009536743,33382.51,both,-33379.77,False
2024-03-12,2.6600000858306885,32661.61,both,-32658.95,False
2024-03-13,2.619999885559082,31013.88,both,-31011.26,False
2024-03-14,2.8299999237060547,31316.43,both,-31313.6,False
2024-03-17,2.930000066757202,31061.88,both,-31058.95,False
2024-03-18,2.5999999046325684,29091.29,both,-29088.69,False
2024-03-19,2.630000114440918,28675.7,both,-28673.07,False
2024-03-20,2.8399999141693115,28589.37,both,-28586.53,False
2024-03-21,2.900000095367432,29054.96,both,-29052.06,False
2024-03-24,2.8499999046325684,29060.02,both,-29057.17,False
2024-03-25,2.880000114440918,29344.46,both,-29341.58,False
2024-03-26,2.799999952316284,29057.5,both,-29054.7,False
2024-03-27,2.869999885559082,28224.37,both,-28221.5,False
2024-03-28,2.700000047683716,27559.35,both,-27556.65,False
2024-03-31,2.5999999046325684,26883.39,both,-26880.79,False
2024-04-01,2.700000047683716,28297.17,both,-28294.47,False
2024-04-02,2.6600000858306885,27934.36,both,-27931.7,False
2024-04-03,2.5999999046325684,27937.22,both,-27934.62,False
2024-04-04,2.630000114440918,28506.16,both,-28503.53,False
2024-04-07,2.5799999237060547,28151.66,both,-28149.08,False
2024-04-08,2.559999942779541,28503.75,both,-28501.19,False
2024-04-15,2.609999895095825,29616.47,both,-29613.86,False
2024-04-16,2.640000104904175,29400.84,both,-29398.2,False
2024-04-17,2.609999895095825,29667.71,both,-29665.1,False
2024-04-18,2.490000009536743,28332.65,both,-28330.16,False
2024-04-21,2.539999961853028,28623.39,both,-28620.85,False
2024-04-22,2.509999990463257,28144.22,both,-28141.71,False
2024-04-23,2.369999885559082,26777.05,both,-26774.68,False
2024-04-24,2.220000028610229,25917.59,both,-25915.37,False
2024-04-28,2.220000028610229,24639.63,both,-24637.41,False
2024-04-29,2.150000095367432,26011.28,both,-26009.13,False
2024-04-30,2.059999942779541,24448.73,both,-24446.67,False
2024-05-01,,25270.55,right_only,,False
2024-05-02,2.069999933242798,26113.71,both,-26111.64,False
2024-05-07,2.0899999141693115,26429.69,both,-26427.6,False
2024-05-08,2.059999942779541,25988.93,both,-25986.87,False
2024-05-09,2.0299999713897705,26003.16,both,-26001.13,False
2024-05-12,1.9800000190734863,25155.92,both,-25153.94,False
2024-05-13,1.9900000095367432,25381.25,both,-25379.26,False
2024-05-14,1.9900000095367432,25339.77,both,-25337.78,False
2024-05-15,1.9800000190734863,25316.08,both,-25314.1,False
2024-05-16,2.049999952316284,26142.84,both,-26140.79,False
2024-05-19,2.190000057220459,27315.83,both,-27313.64,False
2024-05-20,2.150000095367432,27228.85,both,-27226.7,False
2024-05-21,2.140000104904175,27224.8,both,-27222.66,False
2024-05-22,2.119999885559082,27227.44,both,-27225.32,False
2024-05-23,2.150000095367432,27205.14,both,-27202.99,False
2024-05-26,2.150000095367432,27539.21,both,-27537.06,False
2024-05-27,2.3499999046325684,27287.31,both,-27284.96,False
2024-05-28,2.2699999809265137,27194.51,both,-27192.24,False
2024-05-29,2.240000009536743,27089.68,both,-27087.44,False
2024-05-30,2.3499999046325684,26922.76,both,-26920.41,False
2024-06-02,2.2699999809265137,26869.85,both,-26867.58,False
2024-06-03,2.25,26834.47,both,-26832.22,False
2024-06-04,2.220000028610229,26973.0,both,-26970.78,False
2024-06-05,2.2100000381469727,26634.3,both,-26632.09,False
2024-06-06,2.1600000858306885,26428.65,both,-26426.49,False
2024-06-09,2.049999952316284,25659.13,both,-25657.08,False
2024-06-10,2.0899999141693115,25896.56,both,-25894.47,False
2024-06-11,2.0999999046325684,26082.29,both,-26080.19,False
2024-06-12,2.119999885559082,26133.39,both,-26131.27,False
2024-06-13,2.180000066757202,26417.6,both,-26415.42,False
2024-06-23,2.2699999809265137,27062.37,both,-27060.1,False
2024-06-24,2.359999895095825,26902.4,both,-26900.04,False
2024-06-25,2.309999942779541,27264.23,both,-27261.92,False
2024-06-26,2.319999933242798,27500.56,both,-27498.24,False
2024-06-27,2.380000114440918,27766.27,both,-27763.89,False
2024-07-01,,27969.59,right_only,,False
2024-07-02,2.4200000762939453,27985.89,both,-27983.47,False
2024-07-03,2.3499999046325684,28161.17,both,-28158.82,False
2024-07-04,2.3399999141693115,28364.79,both,-28362.45,False
2024-07-07,2.380000114440918,28602.14,both,-28599.76,False
2024-07-08,2.309999942779541,28411.87,both,-28409.56,False
2024-07-09,2.319999933242798,28466.24,both,-28463.92,False
2024-07-10,2.319999933242798,28287.98,both,-28285.66,False
2024-07-14,2.309999942779541,28042.06,both,-28039.75,False
2024-07-15,2.309999942779541,27952.04,both,-27949.73,False
2024-07-16,2.299999952316284,27828.92,both,-27826.62,False
2024-07-17,2.289999961853028,28340.42,both,-28338.13,False
2024-07-18,2.3299999237060547,28653.85,both,-28651.52,False
2024-07-21,2.2699999809265137,28783.24,both,-28780.97,False
2024-07-22,2.2799999713897705,28992.34,both,-28990.06,False
2024-07-23,2.289999961853028,29195.24,both,-29192.95,False
2024-07-24,2.2799999713897705,29090.57,both,-29088.29,False
2024-07-28,2.2699999809265137,29036.32,both,-29034.05,False
2024-07-29,2.259999990463257,28851.23,both,-28848.97,False
2024-07-30,2.25,29039.42,both,-29037.17,False
2024-07-31,2.259999990463257,29378.82,both,-29376.56,False
2024-08-01,2.3299999237060547,29359.87,both,-29357.54,False
2024-08-04,2.25,28503.63,both,-28501.38,False
2024-08-05,2.2100000381469727,27840.64,both,-27838.43,False
2024-08-06,2.220000028610229,28210.41,both,-28208.19,False
2024-08-07,2.380000114440918,28628.19,both,-28625.81,False
2024-08-08,2.470000028610229,28750.82,both,-28748.35,False
2024-08-11,2.470000028610229,29532.67,both,-29530.2,False
2024-08-12,2.390000104904175,29706.7,both,-29704.31,False
2024-08-13,2.3499999046325684,29331.04,both,-29328.69,False
2024-08-14,2.3299999237060547,29567.0,both,-29564.67,False
2024-08-15,2.359999895095825,29629.14,both,-29626.78,False
2024-08-18,2.3399999141693115,29460.24,both,-29457.9,False
2024-08-19,2.3399999141693115,29320.18,both,-29317.84,False
2024-08-20,2.380000114440918,29915.24,both,-29912.86,False
2024-08-21,2.380000114440918,29914.29,both,-29911.91,False
2024-08-22,2.400000095367432,30141.08,both,-30138.68,False
2024-08-25,2.4100000858306885,30073.95,both,-30071.54,False
2024-08-26,2.369999885559082,30133.81,both,-30131.44,False
2024-08-27,2.3499999046325684,30363.15,both,-30360.8,False
2024-08-28,2.359999895095825,30709.59,both,-30707.23,False
2024-08-29,2.3399999141693115,30774.19,both,-30771.85,False
2024-09-01,2.369999885559082,30902.88,both,-30900.51,False
2024-09-02,2.400000095367432,30731.98,both,-30729.58,False
2024-09-03,2.450000047683716,31018.48,both,-31016.03,False
2024-09-04,2.549999952316284,30998.19,both,-30995.64,False
2024-09-05,2.5799999237060547,31029.7,both,-31027.12,False
2024-09-08,2.509999990463257,30273.73,both,-30271.22,False
2024-09-09,2.490000009536743,30374.96,both,-30372.47,False
2024-09-10,2.4800000190734863,30104.35,both,-30101.87,False
2024-09-11,2.440000057220459,30485.63,both,-30483.19,False
2024-09-12,2.569999933242798,30497.83,both,-30495.26,False
2024-09-16,2.5799999237060547,30260.24,both,-30257.66,False
2024-09-17,2.509999990463257,30159.15,both,-30156.64,False
2024-09-18,2.559999942779541,30342.46,both,-30339.9,False
2024-09-19,2.650000095367432,30937.69,both,-30935.04,False
2024-09-22,2.890000104904175,31038.41,both,-31035.52,False
2024-09-23,2.789999961853028,31022.54,both,-31019.75,False
2024-09-24,2.75,30871.1,both,-30868.35,False
2024-09-25,2.7699999809265137,31250.64,both,-31247.87,False
2024-09-26,2.75,31276.91,both,-31274.16,False
2024-09-29,2.8499999046325684,31459.09,both,-31456.24,False
2024-09-30,3.109999895095825,31587.04,both,-31583.93,False
2024-10-01,3.0999999046325684,31866.06,both,-31862.96,False
2024-10-02,3.009999990463257,31332.73,both,-31329.72,False
2024-10-03,3.140000104904175,31720.5,both,-31717.36,False
2024-10-07,3.259999990463257,31819.16,both,-31815.9,False
2024-10-08,3.049999952316284,30851.63,both,-30848.58,False
2024-10-09,3.0899999141693115,31175.43,both,-31172.34,False
2024-10-10,3.0299999713897705,30762.32,both,-30759.29,False
2024-10-13,3.0299999713897705,29954.12,both,-29951.09,False
2024-10-14,3.2100000381469727,30273.06,both,-30269.85,False
2024-10-15,3.660000085830689,30584.24,both,-30580.58,False
2024-10-16,3.619999885559082,30545.11,both,-30541.49,False
2024-10-17,3.5299999713897705,30143.86,both,-30140.33,False
2024-10-20,3.3299999237060547,29528.79,both,-29525.46,False
2024-10-21,3.5199999809265137,30445.2,both,-30441.68,False
2024-10-22,3.849999904632568,30427.35,both,-30423.5,False
2024-10-23,3.690000057220459,30414.05,both,-30410.36,False
2024-10-24,3.880000114440918,30552.82,both,-30548.94,False
2024-10-27,3.740000009536743,30812.23,both,-30808.49,False
2024-10-28,3.670000076293945,30773.53,both,-30769.86,False
2024-10-29,3.509999990463257,30619.96,both,-30616.45,False
2024-10-30,3.5199999809265137,30371.26,both,-30367.74,False
2024-10-31,3.5899999141693115,30658.0,both,-30654.41,False
2024-11-03,3.559999942779541,30833.13,both,-30829.57,False
2024-11-04,3.5,30650.04,both,-30646.54,False
2024-11-05,3.680000066757202,30793.94,both,-30790.26,False
2024-11-06,3.680000066757202,31045.26,both,-31041.58,False
2024-11-07,3.630000114440918,31267.47,both,-31263.84,False
2024-11-10,3.660000085830689,31394.33,both,-31390.67,False
2024-11-11,3.660000085830689,31621.29,both,-31617.63,False
2024-11-12,3.5799999237060547,31582.39,both,-31578.81,False
2024-11-13,3.5799999237060547,31433.01,both,-31429.43,False
2024-11-14,3.559999942779541,31462.21,both,-31458.65,False
2024-11-17,3.559999942779541,31252.07,both,-31248.51,False
2024-11-18,3.5,30864.34,both,-30860.84,False
2024-11-19,3.4600000381469727,30688.3,both,-30684.84,False
2024-11-20,3.380000114440918,30587.99,both,-30584.61,False
2024-11-21,3.369999885559082,30631.8,both,-30628.43,False
2024-11-24,3.220000028610229,30397.22,both,-30394.0,False
2024-11-25,3.400000095367432,30270.51,both,-30267.11,False
2024-11-26,3.3499999046325684,30284.35,both,-30281.0,False
2024-11-27,3.299999952316284,29846.04,both,-29842.74,False
2024-11-28,3.4600000381469727,30242.13,both,-30238.67,False
2024-12-01,3.5799999237060547,30497.13,both,-30493.55,False
2024-12-02,3.490000009536743,30525.32,both,-30521.83,False
2024-12-03,3.490000009536743,30628.74,both,-30625.25,False
2024-12-04,3.430000066757202,30832.61,both,-30829.18,False
2024-12-05,3.470000028610229,30839.57,both,-30836.1,False
2024-12-08,3.450000047683716,31060.51,both,-31057.06,False
2024-12-09,3.450000047683716,31005.12,both,-31001.67,False
2024-12-10,3.3399999141693115,30617.83,both,-30614.49,False
2024-12-11,3.430000066757202,30739.26,both,-30735.83,False
2024-12-12,3.400000095367432,30795.09,both,-30791.69,False
2024-12-15,3.5,30776.0,both,-30772.5,False
2024-12-16,3.5299999713897705,30799.43,both,-30795.9,False
2024-12-17,3.509999990463257,30601.64,both,-30598.13,False
2024-12-18,3.390000104904175,30503.07,both,-30499.68,False
2024-12-19,3.390000104904175,30526.71,both,-30523.32,False
2024-12-22,3.4100000858306885,30372.7,both,-30369.29,False
2024-12-23,3.299999952316284,30118.38,both,-30115.08,False
2024-12-24,3.4100000858306885,29973.15,both,-29969.74,False
2024-12-25,3.3299999237060547,30005.0,both,-30001.67,False
2024-12-26,3.3399999141693115,29957.97,both,-29954.63,False
2024-12-29,3.3299999237060547,29594.48,both,-29591.15,False
2024-12-30,3.289999961853028,29325.2,both,-29321.91,False
2024-12-31,3.3399999141693115,29740.58,both,-29737.24,False
2025-01-02,3.4100000858306885,30060.48,both,-30057.07,False
2025-01-05,3.5999999046325684,30183.61,both,-30180.01,False
2025-01-06,3.5999999046325684,29929.64,both,-29926.04,False
2025-01-08,3.5299999713897705,29785.91,both,-29782.38,False
2025-01-09,3.5299999713897705,29444.65,both,-29441.12,False
2025-01-12,3.4100000858306885,29277.45,both,-29274.04,False
2025-01-13,3.299999952316284,28556.28,both,-28552.98,False
2025-01-14,3.299999952316284,28967.09,both,-28963.79,False
2025-01-15,3.240000009536743,29389.93,both,-29386.69,False
2025-01-16,3.259999990463257,29605.12,both,-29601.86,False
2025-01-19,3.299999952316284,29728.61,both,-29725.31,False
2025-01-20,3.259999990463257,29619.39,both,-29616.13,False
2025-01-21,3.3299999237060547,29826.58,both,-29823.25,False
2025-01-22,3.440000057220459,29979.14,both,-29975.7,False
2025-01-23,3.390000104904175,29997.69,both,-29994.3,False
2025-01-26,3.3499999046325684,30034.85,both,-30031.5,False
2025-01-27,3.3499999046325684,29742.12,both,-29738.77,False
2025-01-28,3.650000095367432,29646.6,both,-29642.95,False
2025-01-29,3.7100000381469727,29891.61,both,-29887.9,False
2025-01-30,3.5999999046325684,30010.62,both,-30007.02,False
2025-02-02,3.7300000190734863,29917.96,both,-29914.23,False
2025-02-03,3.660000085830689,29754.77,both,-29751.11,False
2025-02-04,3.7100000381469727,29668.47,both,-29664.76,False
2025-02-05,3.670000076293945,29735.59,both,-29731.92,False
2025-02-06,3.5899999141693115,30011.84,both,-30008.25,False
2025-02-09,3.569999933242798,30014.27,both,-30010.7,False
2025-02-10,3.4600000381469727,29905.41,both,-29901.95,False
2025-02-11,3.299999952316284,29564.21,both,-29560.91,False
2025-02-12,3.309999942779541,29661.99,both,-29658.68,False
2025-02-13,3.3499999046325684,29997.11,both,-29993.76,False
2025-02-16,3.5,30443.82,both,-30440.32,False
2025-02-17,3.5,30436.71,both,-30433.21,False
2025-02-18,3.609999895095825,30587.81,both,-30584.2,False
2025-02-19,3.670000076293945,30875.28,both,-30871.61,False
2025-02-20,3.7699999809265137,30914.72,both,-30910.95,False
2025-02-23,3.819999933242798,31010.25,both,-31006.43,False
2025-02-24,3.75,30925.29,both,-30921.54,False
2025-02-25,4.119999885559082,30654.92,both,-30650.8,False
2025-02-26,4.059999942779541,30631.95,both,-30627.89,False
2025-02-27,4.130000114440918,30610.44,both,-30606.31,False
2025-03-02,4.159999847412109,30857.77,both,-30853.61,False
2025-03-03,4.179999828338623,30988.51,both,-30984.33,False
2025-03-04,4.289999961853027,30762.85,both,-30758.56,False
2025-03-05,4.289999961853027,30876.44,both,-30872.15,False
2025-03-06,4.210000038146973,30947.44,both,-30943.23,False
2025-03-09,4.369999885559082,31130.68,both,-31126.31,False
2025-03-10,4.239999771118164,31137.03,both,-31132.79,False
2025-03-11,4.210000038146973,30935.23,both,-30931.02,False
2025-03-12,4.429999828338623,31049.03,both,-31044.6,False
2025-03-13,4.630000114440918,31290.62,both,-31285.99,False
2025-03-16,4.5,31338.34,both,-31333.84,False
2025-03-17,4.360000133514404,31458.59,both,-31454.23,False
2025-03-18,4.349999904632568,31608.69,both,-31604.34,False
2025-03-19,4.420000076293945,31348.47,both,-31344.05,False
2025-03-20,4.28000020980835,31677.58,both,-31673.3,False
2025-03-23,4.360000133514404,31933.76,both,-31929.4,False
2025-03-24,4.289999961853027,31810.98,both,-31806.69,False
2025-03-25,4.349999904632568,31761.97,both,-31757.62,False
2025-03-26,4.269999980926514,31744.3,both,-31740.03,False
2025-03-27,4.400000095367432,32026.14,both,-32021.74,False
2025-04-03,4.480000019073486,31699.58,both,-31695.1,False
2025-04-06,4.199999809265137,30639.52,both,-30635.32,False
2025-04-07,4.349999904632568,30453.94,both,-30449.59,False
2025-04-08,4.400000095367432,30648.98,both,-30644.58,False
2025-04-09,4.340000152587891,30079.93,both,-30075.59,False
2025-04-10,4.46999979019165,30810.7,both,-30806.23,False
2025-04-13,4.550000190734863,31174.62,both,-31170.07,False
2025-04-14,4.510000228881836,31182.37,both,-31177.86,False
2025-04-15,4.429999828338623,31185.03,both,-31180.6,False
2025-04-16,4.320000171661377,31030.7,both,-31026.38,False
2025-04-17,4.300000190734863,31062.95,both,-31058.65,False
2025-04-22,4.28000020980835,30844.18,both,-30839.9,False
2025-04-23,4.360000133514404,31640.22,both,-31635.86,False
2025-04-27,4.440000057220459,31855.12,both,-31850.68,False
2025-04-28,4.650000095367432,32015.02,both,-32010.37,False
2025-04-29,4.550000190734863,32043.48,both,-32038.93,False
2025-04-30,4.730000019073486,32126.22,both,-32121.49,False
2025-05-04,4.699999809265137,32351.66,both,-32346.96,False
2025-05-05,4.650000095367432,32211.75,both,-32207.1,False
2025-05-06,4.670000076293945,32285.45,both,-32280.78,False
2025-05-07,4.570000171661377,31840.44,both,-31835.87,False
2025-05-08,4.550000190734863,31772.04,both,-31767.49,False
2025-05-11,4.559999942779541,31427.98,both,-31423.42,False
2025-05-12,4.599999904632568,31577.01,both,-31572.41,False
2025-05-13,4.670000076293945,31692.77,both,-31688.1,False
2025-05-14,4.75,31827.86,both,-31823.11,False
2025-05-15,4.730000019073486,31941.15,both,-31936.42,False
2025-05-18,4.610000133514404,31713.7,both,-31709.09,False
2025-05-19,4.590000152587891,31355.82,both,-31351.23,False
2025-05-20,4.599999904632568,31629.34,both,-31624.74,False
2025-05-21,4.510000228881836,31836.63,both,-31832.12,False
2025-05-22,4.510000228881836,31975.63,both,-31971.12,False
2025-05-25,4.550000190734863,32023.89,both,-32019.34,False
2025-05-26,4.519999980926514,31922.5,both,-31917.98,False
2025-05-27,4.570000171661377,32397.38,both,-32392.81,False
2025-05-28,4.559999942779541,32493.89,both,-32489.33,False
2025-05-29,4.510000228881836,32696.79,both,-32692.28,False
2025-06-01,4.539999961853027,32500.03,both,-32495.49,False
2025-06-02,4.510000228881836,32325.12,both,-32320.61,False
2025-06-03,4.5,32355.41,both,-32350.91,False
2025-06-04,4.480000019073486,32677.87,both,-32673.39,False
2025-06-10,4.570000171661377,32904.06,both,-32899.49,False
2025-06-11,4.650000095367432,32935.19,both,-32930.54,False
2025-06-12,4.539999961853027,32511.68,both,-32507.14,False
2025-06-15,4.260000228881836,31016.0,both,-31011.74,False
2025-06-16,4.340000152587891,31042.36,both,-31038.02,False
2025-06-17,4.239999771118164,30725.96,both,-30721.72,False
2025-06-18,4.210000038146973,30838.98,both,-30834.77,False
2025-06-19,4.199999809265137,30248.44,both,-30244.24,False
2025-06-22,4.349999904632568,31055.98,both,-31051.63,False
2025-06-23,4.409999847412109,31418.74,both,-31414.33,False
2025-06-24,4.519999980926514,32598.55,both,-32594.03,False
2025-06-25,4.599999904632568,33002.85,both,-32998.25,False
2025-06-29,4.519999980926514,33206.76,both,-33202.24,False
2025-06-30,4.449999809265137,32857.62,both,-32853.17,False
2025-07-01,4.329999923706055,32707.22,both,-32702.89,False
2025-07-02,4.409999847412109,32820.49,both,-32816.08,False
2025-07-06,4.429999828338623,,left_only,,False
2025-07-07,4.400000095367432,33037.62,both,-33033.22,False
2025-07-09,4.599999904632568,33152.39,both,-33147.79,False
2025-07-10,4.53000020980835,33324.38,both,-33319.85,False
2025-07-13,4.590000152587891,33053.47,both,-33048.88,False
2025-07-14,4.539999961853027,33727.44,both,-33722.9,False
2025-07-15,4.440000057220459,33934.63,both,-33930.19,False
2025-07-16,4.380000114440918,33473.77,both,-33469.39,False
2025-07-17,4.46999979019165,33821.03,both,-33816.56,False
2025-07-20,4.519999980926514,34071.0,both,-34066.48,False
2025-07-21,4.510000228881836,34129.59,both,-34125.08,False
2025-07-22,4.449999809265137,33803.34,both,-33798.89,False
2025-07-23,4.449999809265137,34125.12,both,-34120.67,False
2025-07-27,4.440000057220459,34554.24,both,-34549.8,False
2025-07-28,4.349999904632568,34076.22,both,-34071.87,False
2025-07-29,4.389999866485596,34085.74,both,-34081.35,False
2025-07-30,4.329999923706055,33859.68,both,-33855.35,False
2025-07-31,4.510000228881836,34198.0,both,-34193.49,False
2025-08-03,4.510000228881836,34272.16,both,-34267.65,False
2025-08-04,4.510000228881836,34704.51,both,-34700.0,False
2025-08-05,4.510000228881836,35254.18,both,-35249.67,False
2025-08-06,4.510000228881836,35480.25,both,-35475.74,False
2025-08-07,4.510000228881836,35809.36,both,-35804.85,False
2025-08-10,4.53000020980835,36109.77,both,-36105.24,False
2025-08-11,4.550000190734863,35908.5,both,-35903.95,False
2025-08-12,4.489999771118164,36003.65,both,-35999.16,False
2025-08-13,4.380000114440918,35855.26,both,-35850.88,False
2025-08-14,4.329999923706055,35576.42,both,-35572.09,False
2025-08-17,4.389999866485596,35972.77,both,-35968.38,False
2025-08-18,4.349999904632568,35824.78,both,-35820.43,False
2025-08-19,4.369999885559082,36100.07,both,-36095.7,False
2025-08-20,4.300000190734863,35731.83,both,-35727.53,False
2025-08-21,4.21999979019165,35622.26,both,-35618.04,False
2025-08-24,4.170000076293945,35811.88,both,-35807.71,False
2025-08-25,4.309999942779541,35810.57,both,-35806.26,False
2025-08-26,4.389999866485596,35358.34,both,-35353.95,False
2025-08-27,4.309999942779541,35676.19,both,-35671.88,False
2025-08-28,4.28000020980835,35727.19,both,-35722.91,False
2025-08-31,4.170000076293945,35148.14,both,-35143.97,False
2025-09-01,4.099999904632568,35158.88,both,-35154.78,False
2025-09-02,4.079999923706055,35156.93,both,-35152.85,False
2025-09-03,4.059999942779541,34761.97,both,-34757.91,False
2025-09-07,4.110000133514404,34455.41,both,-34451.3,False
2025-09-08,4.139999866485596,34601.53,both,-34597.39,False
2025-09-09,4.059999942779541,34386.33,both,-34382.27,False
2025-09-10,4.079999923706055,34670.1,both,-34666.02,False
2025-09-11,4.170000076293945,34937.44,both,-34933.27,False
2025-09-14,4.210000038146973,35111.82,both,-35107.61,False
2025-09-15,4.190000057220459,35165.84,both,-35161.65,False
2025-09-16,4.099999904632568,34840.82,both,-34836.72,False
2025-09-17,4.119999885559082,34974.84,both,-34970.72,False
2025-09-18,4.090000152587891,35403.0,both,-35398.91,False
2025-09-21,4.079999923706055,35247.04,both,-35242.96,False
2025-09-22,4.079999923706055,35210.7,both,-35206.62,False
2025-09-23,4.059999942779541,35328.63,both,-35324.57,False
2025-09-24,4.090000152587891,35949.12,both,-35945.03,False
2025-09-25,4.059999942779541,35671.43,both,-35667.37,False
2025-09-28,4.199999809265137,36166.08,both,-36161.88,False
2025-09-29,4.199999809265137,36391.0,both,-36386.8,False
2025-09-30,4.239999771118164,36670.08,both,-36665.84,False
2025-10-01,4.340000152587891,36769.18,both,-36764.84,False
2025-10-02,4.320000171661377,36900.7,both,-36896.38,False
2025-10-05,4.28000020980835,37210.83,both,-37206.55,False
2025-10-06,4.260000228881836,37094.8,both,-37090.54,False
2025-10-07,4.300000190734863,37097.37,both,-37093.07,False
2025-10-08,4.309999942779541,37376.93,both,-37372.62,False
2025-10-12,4.289999961853027,37378.58,both,-37374.29,False
2025-10-13,4.289999961853027,37409.85,both,-37405.56,False
2025-10-14,4.369999885559082,37459.13,both,-37454.76,False
2025-10-15,4.380000114440918,37654.04,both,-37649.66,False
2025-10-16,4.380000114440918,37677.19,both,-37672.81,False
2025-10-19,4.380000114440918,37909.61,both,-37905.23,False
2025-10-20,4.480000019073486,37975.06,both,-37970.58,False
2025-10-21,4.480000019073486,37698.49,both,-37694.01,False
2025-10-22,4.449999809265137,37576.55,both,-37572.1,False
2025-10-23,4.440000057220459,37687.04,both,-37682.6,False
2025-10-26,4.5,38101.96,both,-38097.46,False
2025-10-27,4.449999809265137,38162.01,both,-38157.56,False
2025-10-28,4.389999866485596,38304.94,both,-38300.55,False
2025-10-29,4.400000095367432,38229.53,both,-38225.13,False
2025-10-30,4.340000152587891,38267.8,both,-38263.46,False
2025-11-02,4.300000190734863,38082.88,both,-38078.58,False
2025-11-03,4.260000228881836,38622.84,both,-38618.58,False
2025-11-04,4.230000019073486,39065.73,both,-39061.5,False
2025-11-05,4.159999847412109,39132.25,both,-39128.09,False
2025-11-06,4.28000020980835,39949.66,both,-39945.38,False
2025-11-09,4.21999979019165,40821.96,both,-40817.74,False
2025-11-10,4.179999828338623,40427.35,both,-40423.17,False
2025-11-11,4.199999809265137,40261.16,both,-40256.96,False
2025-11-12,4.170000076293945,40228.76,both,-40224.59,False
2025-11-13,4.179999828338623,40190.62,both,-40186.44,False
2025-11-16,4.159999847412109,41211.27,both,-41207.11,False
2025-11-17,4.289999961853027,41065.75,both,-41061.46,False
2025-11-18,4.210000038146973,40501.28,both,-40497.07,False
2025-11-19,4.190000057220459,40509.16,both,-40504.97,False
2025-11-20,4.179999828338623,40302.39,both,-40298.21,False
2025-11-23,4.170000076293945,40445.66,both,-40441.49,False
2025-11-24,3.142872095108032,39725.26,both,-39722.1171,False
2025-11-25,3.1202070713043213,39902.53,both,-39899.4098,False
2025-11-26,3.1202070713043213,39537.25,both,-39534.1298,False
2025-11-27,3.1202070713043213,40039.24,both,-40036.1198,False
2025-11-30,3.127762079238892,40753.45,both,-40750.3222,False
2025-12-01,3.112652063369751,40693.92,both,-40690.8073,False
2025-12-02,3.1504271030426025,40625.63,both,-40622.4796,False
2025-12-03,3.1700000762939453,41342.03,both,-41338.86,False
2025-12-04,3.0899999141693115,41499.07,both,-41495.98,False
2025-12-07,3.109999895095825,41762.43,both,-41759.32,False
2025-12-08,3.119999885559082,41963.24,both,-41960.12,False
2025-12-09,3.130000114440918,41940.62,both,-41937.49,False
2025-12-10,3.1700000762939453,42052.79,both,-42049.62,False
2025-12-11,3.190000057220459,42033.78,both,-42030.59,False
2025-12-14,3.1700000762939453,42065.2,both,-42062.03,False
2025-12-15,3.200000047683716,42305.36,both,-42302.16,False
2025-12-16,3.1700000762939453,42002.37,both,-41999.2,False
2025-12-17,3.150000095367432,41504.03,both,-41500.88,False
2025-12-18,3.1600000858306885,40926.86,both,-40923.7,False
2025-12-21,3.150000095367432,41348.38,both,-41345.23,False
2025-12-22,3.1600000858306885,41102.76,both,-41099.6,False
2025-12-23,3.2100000381469727,41419.32,both,-41416.11,False
2025-12-24,3.2799999713897705,41508.31,both,-41505.03,False
2025-12-25,3.319999933242798,41253.02,both,-41249.7,False
2025-12-28,3.3399999141693115,41604.74,both,-41601.4,False
2025-12-29,3.299999952316284,41731.68,both,-41728.38,False
2025-12-30,3.309999942779541,41689.96,both,-41686.65,False
2025-12-31,3.3299999237060547,41828.97,both,-41825.64,False
2026-01-04,3.299999952316284,40898.15,both,-40894.85,False
2026-01-05,3.240000009536743,40676.98,both,-40673.74,False
2026-01-06,3.299999952316284,41543.46,both,-41540.16,False
2026-01-08,3.2100000381469727,41856.76,both,-41853.55,False
2026-01-11,3.259999990463257,42895.41,both,-42892.15,False
2026-01-12,3.220000028610229,43404.25,both,-43401.03,False
2026-01-13,3.150000095367432,43684.22,both,-43681.07,False
2026-01-14,3.119999885559082,43058.34,both,-43055.22,False
2026-01-15,3.0999999046325684,43346.87,both,-43343.77,False
2026-01-18,3.0999999046325684,43952.52,both,-43949.42,False
2026-01-19,3.130000114440918,45048.44,both,-45045.31,False
2026-01-20,3.0999999046325684,45905.16,both,-45902.06,False
2026-01-21,3.109999895095825,46048.69,both,-46045.58,False
2026-01-22,3.200000047683716,46462.32,both,-46459.12,False
2026-01-25,3.200000047683716,46857.73,both,-46854.53,False
2026-01-26,3.190000057220459,47507.43,both,-47504.24,False
2026-01-27,3.1700000762939453,47834.55,both,-47831.38,False
2026-01-28,3.0899999141693115,47785.93,both,-47782.84,False
2026-02-01,3.180000066757202,47662.74,both,-47659.56,False
2026-02-02,3.200000047683716,47606.28,both,-47603.08,False
2026-02-03,3.289999961853028,48978.48,both,-48975.19,False
2026-02-04,3.319999933242798,49631.56,both,-49628.24,False
2026-02-05,3.4800000190734863,49739.03,both,-49735.55,False
2026-02-08,3.5199999809265137,50035.23,both,-50031.71,False
2026-02-09,3.5899999141693115,50293.53,both,-50289.94,False
2026-02-10,3.660000085830689,50376.15,both,-50372.49,False
2026-02-11,3.630000114440918,49700.24,both,-49696.61,False
2026-02-12,3.7899999618530273,50490.2,both,-50486.41,False
2026-02-15,3.849999904632568,52308.32,both,-52304.47,False
2026-02-16,3.930000066757202,51493.53,both,-51489.6,False
2026-02-17,4.079999923706055,51833.76,both,-51829.68,False
2026-02-18,4.139999866485596,52222.34,both,-52218.2,False
2026-02-19,4.239999771118164,50667.67,both,-50663.43,False
2026-02-22,4.0,49560.88,both,-49556.88,False
2026-02-23,4.380000114440918,50870.06,both,-50865.68,False
2026-02-24,4.630000114440918,50390.21,both,-50385.58,False
2026-02-25,4.53000020980835,49014.32,both,-49009.79,False
2026-02-26,4.510000228881836,49212.83,both,-49208.32,False
2026-03-01,4.429999828338623,47984.26,both,-47979.83,False
2026-03-02,4.659999847412109,47692.49,both,-47687.83,False
2026-03-03,4.710000038146973,46725.81,both,-46721.1,False
2026-03-04,4.570000171661377,46452.14,both,-46447.57,False
2026-03-05,4.550000190734863,47516.44,both,-47511.89,False
2026-03-08,4.400000095367432,46774.24,both,-46769.84,False
2026-03-09,4.369999885559082,46414.85,both,-46410.48,False
2026-03-10,4.590000152587891,47772.74,both,-47768.15,False
2026-03-11,4.659999847412109,47195.39,both,-47190.73,False
2026-03-12,4.710000038146973,46790.96,both,-46786.25,False
2026-03-15,4.5,45926.93,both,-45922.43,False
2026-03-16,4.320000171661377,45187.72,both,-45183.4,False
2026-03-17,4.349999904632568,46054.61,both,-46050.26,False
2026-03-18,4.449999809265137,47611.96,both,-47607.51,False
2026-03-19,4.449999809265137,,left_only,,False
2026-03-24,4.340000152587891,46930.88,both,-46926.54,False
2026-03-25,4.329999923706055,47497.91,both,-47493.58,False
2026-03-26,4.300000190734863,47001.89,both,-46997.59,False
2026-03-29,4.130000114440918,46404.27,both,-46400.14,False
2026-03-30,4.070000171661377,45189.89,both,-45185.82,False
2026-03-31,4.059999942779541,45321.59,both,-45317.53,False
2026-04-01,4.099999904632568,46731.49,both,-46727.39,False
2026-04-02,4.070000171661377,46399.0,both,-46394.93,False
2026-04-05,4.159999847412109,47276.43,both,-47272.27,False
2026-04-06,4.230000019073486,47651.58,both,-47647.35,False
2026-04-07,4.300000190734863,46681.78,both,-46677.48,False
2026-04-08,4.420000076293945,48593.99,both,-48589.57,False
2026-04-09,4.429999828338623,49078.6,both,-49074.17,False
2026-04-12,,49078.6,right_only,,False
2026-04-14,4.409999847412109,49978.62,both,-49974.21,False
2026-04-15,4.380000114440918,50733.14,both,-50728.76,False
2026-04-16,4.460000038146973,51437.78,both,-51433.32,False
2026-04-19,4.460000038146973,52372.64,both,-52368.18,False
2026-04-20,4.559999942779541,51813.43,both,-51808.87,False
2026-04-21,4.599999904632568,51977.34,both,-51972.74,False
2026-04-22,4.650000095367432,51962.39,both,-51957.74,False
2026-04-23,4.619999885559082,52375.39,both,-52370.77,False
2026-04-26,4.550000190734863,52421.14,both,-52416.59,False
2026-04-27,4.610000133514404,52719.12,both,-52714.51,False
2026-04-28,4.550000190734863,52230.61,both,-52226.06,False
2026-04-29,4.579999923706055,52383.13,both,-52378.55,False
2026-04-30,4.46999979019165,51760.97,both,-51756.5,False
2026-05-03,4.539999961853027,52312.7,both,-52308.16,False
2026-05-04,4.400000095367432,51973.5,both,-51969.1,False
2026-05-05,4.519999980926514,52557.63,both,-52553.11,False
2026-05-06,4.769999980926514,53605.08,both,-53600.31,False
2026-05-10,5.03000020980835,54628.68,both,-54623.65,False
2026-05-11,5.050000190734863,54475.49,both,-54470.44,False
2026-05-12,5.130000114440918,54058.75,both,-54053.62,False
2026-05-13,5.090000152587891,53416.17,both,-53411.08,False
2026-05-14,5.130000114440918,53154.84,both,-53149.71,False
2026-05-17,5.0,52364.34,both,-52359.34,False
2026-05-18,5.0,52007.0,both,-52002.0,False
2026-05-19,5.130000114440918,52774.98,both,-52769.85,False
2026-05-20,5.079999923706055,51936.75,both,-51931.67,False
2026-05-21,5.039999961853027,52090.96,both,-52085.92,False
2026-05-24,5.150000095367432,52861.47,both,-52856.32,False
2026-05-25,5.059999942779541,52658.75,both,-52653.69,False
2026-05-26,5.059999942779541,,left_only,,False
2026-05-27,5.059999942779541,,left_only,,False
2026-05-28,5.059999942779541,,left_only,,False
2026-06-01,5.150000095367432,52853.94,both,-52848.79,False
2026-06-02,5.139999866485596,52927.02,both,-52921.88,False
2026-06-03,5.059999942779541,52564.42,both,-52559.36,False
2026-06-04,5.099999904632568,52652.53,both,-52647.43,False
2026-06-07,5.150000095367432,52164.6,both,-52159.45,False
2026-06-08,5.230000019073486,51882.81,both,-51877.58,False
2026-06-09,5.289999961853027,52374.8,both,-52369.51,False
2026-06-10,5.079999923706055,51256.65,both,-51251.57,False
2026-06-11,4.96999979019165,50818.84,both,-50813.87,False
2026-06-14,5.21999979019165,51994.63,both,-51989.41,False
2026-06-15,5.110000133514404,52306.66,both,-52301.55,False
2026-06-16,5.090000152587891,52047.15,both,-52042.06,False
2026-06-17,5.090000152587891,52621.84,both,-52616.75,False
2026-06-18,5.090000152587891,,left_only,,False
2026-06-21,5.090000152587891,52679.45,both,-52674.36,False
2026-06-22,5.090000152587891,52585.72,both,-52580.63,False
2026-06-23,5.03000020980835,51769.74,both,-51764.71,False
2026-06-24,5.0,51710.9,both,-51705.9,False
2026-06-25,4.940000057220459,51443.07,both,-51438.13,False
2026-06-28,4.849999904632568,50344.37,both,-50339.52,False
2026-06-29,4.900000095367432,49825.58,both,-49820.68,False
2026-06-30,4.949999809265137,50487.96,both,-50483.01,False
2026-07-01,5.010000228881836,50532.7,both,-50527.69,False
2026-07-05,5.010000228881836,51130.89,both,-51125.88,False
2026-07-06,5.099999904632568,52502.74,both,-52497.64,False
2026-07-07,5.090000152587891,53006.11,both,-53001.02,False
2026-07-08,4.980000019073486,52028.37,both,-52023.39,False
2026-07-09,4.989999771118164,52311.51,both,-52306.52,False
2026-07-12,5.0,52256.18,both,-52251.18,False
2026-07-13,4.96999979019165,52608.28,both,-52603.31,False
2026-07-14,4.960000038146973,52299.31,both,-52294.35,False
2026-07-15,4.949999809265137,52558.39,both,-52553.44,False
2026-07-16,4.980000019073486,52928.06,both,-52923.08,False
2026-07-19,4.960000038146973,52560.1,both,-52555.14,False
2026-07-20,4.96999979019165,53126.01,both,-53121.04,False
2026-07-21,4.989999771118164,53989.55,both,-53984.56,False
2026-07-22,4.980000019073486,53931.92,both,-53926.94,False
2026-07-26,5.110000133514404,,left_only,,False
2026-07-27,5.300000190734863,,left_only,,False
2026-07-28,5.190000057220459,,left_only,,False
2026-07-29,5.21999979019165,,left_only,,False
2026-07-30,5.28000020980835,,left_only,,False
