date,fetched_close,reference_close,_merge,diff,match
2014-12-23,,8710.6,right_only,,False
2014-12-24,,8766.12,right_only,,False
2014-12-25,,8740.12,right_only,,False
2014-12-28,,8745.16,right_only,,False
2014-12-29,,8958.13,right_only,,False
2014-12-30,,9005.75,right_only,,False
2014-12-31,,8926.58,right_only,,False
2015-01-04,,8942.65,right_only,,False
2015-01-05,,9011.07,right_only,,False
2015-01-06,,8798.94,right_only,,False
2015-01-08,,8946.34,right_only,,False
2015-01-11,,8909.75,right_only,,False
2015-01-12,,9109.23,right_only,,False
2015-01-13,,9308.98,right_only,,False
2015-01-14,,9544.08,right_only,,False
2015-01-15,,9555.99,right_only,,False
2015-01-18,,9530.92,right_only,,False
2015-01-19,,9599.1,right_only,,False
2015-01-20,,9804.18,right_only,,False
2015-01-21,,9856.3,right_only,,False
2015-01-22,,9898.86,right_only,,False
2015-01-26,,9834.81,right_only,,False
2015-01-27,,9946.58,right_only,,False
2015-01-28,,9863.73,right_only,,False
2015-01-29,,9843.1,right_only,,False
2015-02-01,,9779.76,right_only,,False
2015-02-02,,9830.46,right_only,,False
2015-02-03,,9954.34,right_only,,False
2015-02-04,,10045.93,right_only,,False
2015-02-05,,9965.43,right_only,,False
2015-02-08,,9957.93,right_only,,False
2015-02-09,,9884.46,right_only,,False
2015-02-10,,9900.65,right_only,,False
2015-02-11,,9770.78,right_only,,False
2015-02-12,,9747.36,right_only,,False
2015-02-15,,9789.79,right_only,,False
2015-02-16,,9585.92,right_only,,False
2015-02-17,,9433.85,right_only,,False
2015-02-18,,9537.23,right_only,,False
2015-02-19,,9481.2,right_only,,False
2015-02-22,,9494.55,right_only,,False
2015-02-23,,9601.14,right_only,,False
2015-02-24,,9611.66,right_only,,False
2015-02-25,,9469.08,right_only,,False
2015-02-26,,9334.01,right_only,,False
2015-03-01,,9283.59,right_only,,False
2015-03-02,,9456.33,right_only,,False
2015-03-03,,9475.27,right_only,,False
2015-03-04,,9461.06,right_only,,False
2015-03-05,,9575.98,right_only,,False
2015-03-08,,9638.41,right_only,,False
2015-03-09,,9713.61,right_only,,False
2015-03-10,,9709.5,right_only,,False
2015-03-11,,9576.46,right_only,,False
2015-03-12,,9640.77,right_only,,False
2015-03-15,,9726.03,right_only,,False
2015-03-16,,9529.01,right_only,,False
2015-03-17,,9561.33,right_only,,False
2015-03-18,,9484.08,right_only,,False
2015-03-19,,9518.28,right_only,,False
2015-03-22,,9354.73,right_only,,False
2015-03-23,,9374.12,right_only,,False
2015-03-24,,9367.54,right_only,,False
2015-03-25,,9198.46,right_only,,False
2015-03-26,,9052.5,right_only,,False
2015-03-29,,9062.99,right_only,,False
2015-03-30,,9118.97,right_only,,False
2015-03-31,,9134.78,right_only,,False
2015-04-01,,9099.33,right_only,,False
2015-04-02,,8891.73,right_only,,False
2015-04-05,,8607.66,right_only,,False
2015-04-06,,8508.24,right_only,,False
2015-04-07,,8716.37,right_only,,False
2015-04-08,,8788.9,right_only,,False
2015-04-09,,8892.53,right_only,,False
2015-04-14,,8927.53,right_only,,False
2015-04-15,,8896.68,right_only,,False
2015-04-16,,8886.84,right_only,,False
2015-04-19,,8765.34,right_only,,False
2015-04-20,,8595.78,right_only,,False
2015-04-21,,8575.27,right_only,,False
2015-04-22,,8629.49,right_only,,False
2015-04-23,,8731.29,right_only,,False
2015-04-26,,8633.86,right_only,,False
2015-04-27,,8493.68,right_only,,False
2015-04-28,,8330.52,right_only,,False
2015-04-29,,8488.49,right_only,,False
2015-04-30,,8672.29,right_only,,False
2015-05-03,,8562.97,right_only,,False
2015-05-04,,8652.12,right_only,,False
2015-05-05,,8828.33,right_only,,False
2015-05-06,,8756.31,right_only,,False
2015-05-07,,8742.42,right_only,,False
2015-05-10,,8692.0,right_only,,False
2015-05-11,,8691.85,right_only,,False
2015-05-12,,8674.34,right_only,,False
2015-05-13,,8526.43,right_only,,False
2015-05-14,,8303.37,right_only,,False
2015-05-17,,8260.92,right_only,,False
2015-05-18,,8798.17,right_only,,False
2015-05-19,,8877.68,right_only,,False
2015-05-20,,8826.45,right_only,,False
2015-05-21,,8988.03,right_only,,False
2015-05-24,,9121.92,right_only,,False
2015-05-25,,9050.76,right_only,,False
2015-05-26,,8975.32,right_only,,False
2015-05-27,,8966.71,right_only,,False
2015-05-28,,8912.05,right_only,,False
2015-05-31,,8782.55,right_only,,False
2015-06-01,,8745.04,right_only,,False
2015-06-02,,8847.59,right_only,,False
2015-06-03,,8905.6,right_only,,False
2015-06-04,,8780.76,right_only,,False
2015-06-07,,8728.87,right_only,,False
2015-06-08,,8672.33,right_only,,False
2015-06-09,,8660.93,right_only,,False
2015-06-10,,8639.43,right_only,,False
2015-06-11,,8626.46,right_only,,False
2015-06-14,,8534.13,right_only,,False
2015-06-15,,8515.63,right_only,,False
2015-06-16,,8556.1,right_only,,False
2015-06-17,,8556.55,right_only,,False
2015-06-18,,8576.71,right_only,,False
2015-06-21,,8535.19,right_only,,False
2015-06-22,,8489.41,right_only,,False
2015-06-23,,8444.93,right_only,,False
2015-06-24,,8456.82,right_only,,False
2015-06-25,,8406.17,right_only,,False
2015-06-28,,8511.98,right_only,,False
2015-06-29,,8371.53,right_only,,False
2015-07-02,,8314.72,right_only,,False
2015-07-05,,8218.25,right_only,,False
2015-07-06,,7870.78,right_only,,False
2015-07-07,,7752.94,right_only,,False
2015-07-08,,7550.98,right_only,,False
2015-07-09,,7617.39,right_only,,False
2015-07-12,,7691.35,right_only,,False
2015-07-13,,7587.07,right_only,,False
2015-07-14,,7686.91,right_only,,False
2015-07-15,,7882.62,right_only,,False
2015-07-16,,8022.91,right_only,,False
2015-07-21,,8049.69,right_only,,False
2015-07-22,,8087.24,right_only,,False
2015-07-26,,8004.83,right_only,,False
2015-07-27,,7887.87,right_only,,False
2015-07-28,,7949.89,right_only,,False
2015-07-29,,8105.69,right_only,,False
2015-07-30,,8191.53,right_only,,False
2015-08-02,,8158.31,right_only,,False
2015-08-03,,8087.54,right_only,,False
2015-08-04,,8181.95,right_only,,False
2015-08-05,,8114.08,right_only,,False
2015-08-09,,8011.06,right_only,,False
2015-08-10,,8028.69,right_only,,False
2015-08-11,,8083.18,right_only,,False
2015-08-12,,7911.88,right_only,,False
2015-08-13,,7879.82,right_only,,False
2015-08-16,,7625.76,right_only,,False
2015-08-17,,7594.05,right_only,,False
2015-08-18,,7398.43,right_only,,False
2015-08-19,,7240.77,right_only,,False
2015-08-20,,7172.63,right_only,,False
2015-08-23,,6784.09,right_only,,False
2015-08-24,,6654.06,right_only,,False
2015-08-25,,6836.95,right_only,,False
2015-08-26,,6873.49,right_only,,False
2015-08-27,,7078.83,right_only,,False
2015-08-30,,7055.28,right_only,,False
2015-08-31,,7252.43,right_only,,False
2015-09-01,,7203.86,right_only,,False
2015-09-02,,7150.47,right_only,,False
2015-09-03,,7295.96,right_only,,False
2015-09-06,,7273.92,right_only,,False
2015-09-07,,7166.62,right_only,,False
2015-09-08,,6924.05,right_only,,False
2015-09-09,,7050.02,right_only,,False
2015-09-10,,7039.33,right_only,,False
2015-09-13,,7082.0,right_only,,False
2015-09-14,,7158.1,right_only,,False
2015-09-15,,7175.59,right_only,,False
2015-09-16,,7266.42,right_only,,False
2015-09-17,,7267.52,right_only,,False
2015-09-20,,7234.46,right_only,,False
2015-09-21,,7285.25,right_only,,False
2015-09-22,,7346.54,right_only,,False
2015-09-28,,7409.06,right_only,,False
2015-09-29,,7331.53,right_only,,False
2015-09-30,,7332.88,right_only,,False
2015-10-01,,7310.71,right_only,,False
2015-10-04,,7263.29,right_only,,False
2015-10-05,,7239.27,right_only,,False
2015-10-07,,7354.56,right_only,,False
2015-10-08,,7491.67,right_only,,False
2015-10-11,,7547.66,right_only,,False
2015-10-12,,7650.65,right_only,,False
2015-10-13,,7669.12,right_only,,False
2015-10-15,,7594.45,right_only,,False
2015-10-18,,7538.22,right_only,,False
2015-10-19,,7621.67,right_only,,False
2015-10-20,,7658.95,right_only,,False
2015-10-21,,7669.14,right_only,,False
2015-10-22,,7611.03,right_only,,False
2015-10-25,,7653.14,right_only,,False
2015-10-26,,7577.53,right_only,,False
2015-10-27,,7534.08,right_only,,False
2015-10-28,,7479.59,right_only,,False
2015-10-29,,7507.89,right_only,,False
2015-11-01,,7413.01,right_only,,False
2015-11-02,,7434.69,right_only,,False
2015-11-03,,7432.96,right_only,,False
2015-11-04,,7450.36,right_only,,False
2015-11-05,,7541.72,right_only,,False
2015-11-08,,7347.22,right_only,,False
2015-11-09,,7138.81,right_only,,False
2015-11-10,,6824.74,right_only,,False
2015-11-11,,6801.9,right_only,,False
2015-11-12,,6806.67,right_only,,False
2015-11-15,,6522.12,right_only,,False
2015-11-16,,6480.65,right_only,,False
2015-11-17,,6407.33,right_only,,False
2015-11-18,,6413.97,right_only,,False
2015-11-19,,6568.97,right_only,,False
2015-11-22,,6607.53,right_only,,False
2015-11-23,,6451.32,right_only,,False
2015-11-24,,6321.39,right_only,,False
2015-11-25,,6391.07,right_only,,False
2015-11-26,,6427.82,right_only,,False
2015-11-29,,6477.73,right_only,,False
2015-11-30,,6356.65,right_only,,False
2015-12-01,,6424.88,right_only,,False
2015-12-02,,6649.72,right_only,,False
2015-12-03,,6779.28,right_only,,False
2015-12-06,,6837.42,right_only,,False
2015-12-07,,6777.81,right_only,,False
2015-12-08,,6608.01,right_only,,False
2015-12-09,,6629.32,right_only,,False
2015-12-10,,6637.91,right_only,,False
2015-12-13,,6395.2,right_only,,False
2015-12-14,,6408.12,right_only,,False
2015-12-15,,6421.0,right_only,,False
2015-12-16,,6488.51,right_only,,False
2015-12-17,,6669.8,right_only,,False
2015-12-20,,6707.66,right_only,,False
2015-12-21,,6762.26,right_only,,False
2015-12-22,,6769.08,right_only,,False
2015-12-24,,6812.65,right_only,,False
2015-12-27,,6749.11,right_only,,False
2015-12-28,,6744.47,right_only,,False
2015-12-29,,6794.75,right_only,,False
2015-12-30,,6981.01,right_only,,False
2015-12-31,,7006.01,right_only,,False
2016-01-03,,7089.06,right_only,,False
2016-01-04,,6982.25,right_only,,False
2016-01-05,,7021.42,right_only,,False
2016-01-06,,6922.71,right_only,,False
2016-01-10,,6782.35,right_only,,False
2016-01-11,,6634.98,right_only,,False
2016-01-12,,6463.92,right_only,,False
2016-01-13,,6205.23,right_only,,False
2016-01-14,,5857.7,right_only,,False
2016-01-17,,5760.19,right_only,,False
2016-01-18,,5941.19,right_only,,False
2016-01-19,,6097.45,right_only,,False
2016-01-20,,5776.59,right_only,,False
2016-01-21,,5713.35,right_only,,False
2016-01-24,,5893.54,right_only,,False
2016-01-26,,5896.56,right_only,,False
2016-01-27,,5960.59,right_only,,False
2016-01-28,,5986.78,right_only,,False
2016-01-31,,5992.72,right_only,,False
2016-02-01,,5906.92,right_only,,False
2016-02-02,,6008.85,right_only,,False
2016-02-03,,6066.54,right_only,,False
2016-02-04,,6202.22,right_only,,False
2016-02-07,,6126.47,right_only,,False
2016-02-08,,6174.77,right_only,,False
2016-02-09,,6004.41,right_only,,False
2016-02-10,,6062.65,right_only,,False
2016-02-11,,5813.72,right_only,,False
2016-02-14,,5753.74,right_only,,False
2016-02-15,,5800.05,right_only,,False
2016-02-16,,5894.6,right_only,,False
2016-02-17,,5947.7,right_only,,False
2016-02-18,,5944.47,right_only,,False
2016-02-21,,6007.88,right_only,,False
2016-02-22,,6086.45,right_only,,False
2016-02-23,,6104.74,right_only,,False
2016-02-24,,6054.03,right_only,,False
2016-02-25,,6079.13,right_only,,False
2016-02-28,,6156.01,right_only,,False
2016-02-29,,6146.93,right_only,,False
2016-03-01,,6115.54,right_only,,False
2016-03-02,,6076.57,right_only,,False
2016-03-03,,6089.34,right_only,,False
2016-03-06,,6214.94,right_only,,False
2016-03-07,,6261.41,right_only,,False
2016-03-08,,6339.76,right_only,,False
2016-03-09,,6372.64,right_only,,False
2016-03-10,,6563.65,right_only,,False
2016-03-13,,6563.83,right_only,,False
2016-03-14,,7003.85,right_only,,False
2016-03-15,,7139.44,right_only,,False
2016-03-16,,7228.68,right_only,,False
2016-03-17,,7485.69,right_only,,False
2016-03-20,,7465.86,right_only,,False
2016-03-21,,7494.12,right_only,,False
2016-03-22,,7430.33,right_only,,False
2016-03-23,,7495.47,right_only,,False
2016-03-24,,7548.22,right_only,,False
2016-03-27,,7480.11,right_only,,False
2016-03-28,,7494.1,right_only,,False
2016-03-29,,7567.46,right_only,,False
2016-03-30,,7485.06,right_only,,False
2016-03-31,,7524.99,right_only,,False
2016-04-03,,7521.2,right_only,,False
2016-04-04,,7577.02,right_only,,False
2016-04-05,,7657.98,right_only,,False
2016-04-06,,7459.84,right_only,,False
2016-04-07,,7478.74,right_only,,False
2016-04-10,,7403.77,right_only,,False
2016-04-11,,7342.46,right_only,,False
2016-04-12,,7331.05,right_only,,False
2016-04-13,,7420.61,right_only,,False
2016-04-14,,7463.1,right_only,,False
2016-04-17,,7517.02,right_only,,False
2016-04-18,,7662.44,right_only,,False
2016-04-19,,7864.03,right_only,,False
2016-04-20,,7799.86,right_only,,False
2016-04-21,,7781.45,right_only,,False
2016-04-24,,7743.41,right_only,,False
2016-04-26,,7886.82,right_only,,False
2016-04-27,,7863.58,right_only,,False
2016-04-28,,7773.23,right_only,,False
2016-05-03,,7531.59,right_only,,False
2016-05-04,,7442.44,right_only,,False
2016-05-05,,7547.49,right_only,,False
2016-05-08,,7571.7,right_only,,False
2016-05-09,,7646.02,right_only,,False
2016-05-10,,7621.91,right_only,,False
2016-05-11,,7503.4,right_only,,False
2016-05-12,,7520.52,right_only,,False
2016-05-15,,7373.0,right_only,,False
2016-05-16,,7409.27,right_only,,False
2016-05-17,,7549.97,right_only,,False
2016-05-18,,7637.04,right_only,,False
2016-05-19,,7499.49,right_only,,False
2016-05-22,,7494.76,right_only,,False
2016-05-23,,7417.08,right_only,,False
2016-05-24,,7497.33,right_only,,False
2016-05-25,,7543.43,right_only,,False
2016-05-26,,7531.15,right_only,,False
2016-05-29,,7486.13,right_only,,False
2016-05-30,,7452.88,right_only,,False
2016-05-31,,7483.65,right_only,,False
2016-06-01,,7572.39,right_only,,False
2016-06-02,,7617.88,right_only,,False
2016-06-05,,7563.5,right_only,,False
2016-06-06,,7639.59,right_only,,False
2016-06-07,,7717.35,right_only,,False
2016-06-08,,7780.13,right_only,,False
2016-06-09,,7756.3,right_only,,False
2016-06-12,,7650.62,right_only,,False
2016-06-13,,7645.21,right_only,,False
2016-06-14,,7570.05,right_only,,False
2016-06-15,,7414.81,right_only,,False
2016-06-16,,7420.39,right_only,,False
2016-06-19,,7337.97,right_only,,False
2016-06-20,,7203.64,right_only,,False
2016-06-21,,7250.92,right_only,,False
2016-06-22,,7156.49,right_only,,False
2016-06-23,,7253.31,right_only,,False
2016-06-26,,6851.61,right_only,,False
2016-06-27,,6903.81,right_only,,False
2016-06-28,,6931.94,right_only,,False
2016-06-29,,6942.52,right_only,,False
2016-07-03,,6981.72,right_only,,False
2016-07-04,,7182.8,right_only,,False
2016-07-10,,7517.43,right_only,,False
2016-07-11,,7506.18,right_only,,False
2016-07-12,,7457.5,right_only,,False
2016-07-13,,7559.87,right_only,,False
2016-07-14,,7583.06,right_only,,False
2016-07-17,,7599.64,right_only,,False
2016-07-18,,7628.64,right_only,,False
2016-07-19,,7596.96,right_only,,False
2016-07-20,,7503.36,right_only,,False
2016-07-21,,7436.87,right_only,,False
2016-07-24,,7463.72,right_only,,False
2016-07-25,,7517.78,right_only,,False
2016-07-26,,7539.99,right_only,,False
2016-07-27,,7914.74,right_only,,False
2016-07-28,,8030.85,right_only,,False
2016-07-31,,7983.15,right_only,,False
2016-08-01,,7930.14,right_only,,False
2016-08-02,,7973.45,right_only,,False
2016-08-03,,8104.57,right_only,,False
2016-08-04,,8255.36,right_only,,False
2016-08-07,,8223.46,right_only,,False
2016-08-08,,8273.14,right_only,,False
2016-08-09,,8199.65,right_only,,False
2016-08-10,,8291.51,right_only,,False
2016-08-11,,8377.71,right_only,,False
2016-08-14,,8351.07,right_only,,False
2016-08-15,,8453.53,right_only,,False
2016-08-16,,8387.49,right_only,,False
2016-08-17,,8347.38,right_only,,False
2016-08-18,,8317.17,right_only,,False
2016-08-21,,8352.27,right_only,,False
2016-08-22,,8246.9,right_only,,False
2016-08-23,,8186.7,right_only,,False
2016-08-24,,8224.33,right_only,,False
2016-08-25,,8131.49,right_only,,False
2016-08-28,,8052.23,right_only,,False
2016-08-29,,8032.43,right_only,,False
2016-08-30,,8080.81,right_only,,False
2016-08-31,,8158.04,right_only,,False
2016-09-01,,8136.44,right_only,,False
2016-09-04,,8241.16,right_only,,False
2016-09-05,,8270.76,right_only,,False
2016-09-06,,8202.43,right_only,,False
2016-09-07,,8146.1,right_only,,False
2016-09-08,,8188.2,right_only,,False
2016-09-14,,8132.75,right_only,,False
2016-09-15,,7979.25,right_only,,False
2016-09-18,,7916.41,right_only,,False
2016-09-19,,7974.12,right_only,,False
2016-09-20,,8048.69,right_only,,False
2016-09-21,,7937.79,right_only,,False
2016-09-22,,7913.94,right_only,,False
2016-09-25,,7904.53,right_only,,False
2016-09-26,,7974.84,right_only,,False
2016-09-27,,7948.93,right_only,,False
2016-09-28,,7907.92,right_only,,False
2016-09-29,,7881.11,right_only,,False
2016-10-03,,8133.12,right_only,,False
2016-10-04,,8198.51,right_only,,False
2016-10-05,,8368.52,right_only,,False
2016-10-09,,8436.82,right_only,,False
2016-10-10,,8364.0,right_only,,False
2016-10-11,,8232.77,right_only,,False
2016-10-12,,8185.95,right_only,,False
2016-10-13,,8505.12,right_only,,False
2016-10-16,,8432.41,right_only,,False
2016-10-17,,8243.32,right_only,,False
2016-10-18,,8213.53,right_only,,False
2016-10-19,,8160.4,right_only,,False
2016-10-20,,8277.21,right_only,,False
2016-10-23,,8274.15,right_only,,False
2016-10-24,,8228.13,right_only,,False
2016-10-25,,8261.14,right_only,,False
2016-10-26,,8257.21,right_only,,False
2016-10-27,,8343.31,right_only,,False
2016-10-30,,8357.42,right_only,,False
2016-10-31,,8386.03,right_only,,False
2016-11-01,,8447.76,right_only,,False
2016-11-02,,8524.66,right_only,,False
2016-11-03,,8810.51,right_only,,False
2016-11-06,,9349.9,right_only,,False
2016-11-07,,9852.69,right_only,,False
2016-11-08,,10096.57,right_only,,False
2016-11-09,,10225.5,right_only,,False
2016-11-10,,10688.16,right_only,,False
2016-11-13,,10916.97,right_only,,False
2016-11-14,,10694.41,right_only,,False
2016-11-15,,10640.53,right_only,,False
2016-11-16,,10997.38,right_only,,False
2016-11-17,,11221.56,right_only,,False
2016-11-20,,11277.47,right_only,,False
2016-11-21,,11543.07,right_only,,False
2016-11-22,,11519.8,right_only,,False
2016-11-23,,11550.31,right_only,,False
2016-11-24,,11353.11,right_only,,False
2016-11-27,,11145.95,right_only,,False
2016-11-28,,11261.82,right_only,,False
2016-11-29,,11159.32,right_only,,False
2016-11-30,,11453.25,right_only,,False
2016-12-01,,11548.15,right_only,,False
2016-12-04,,11631.41,right_only,,False
2016-12-05,,11426.5,right_only,,False
2016-12-06,,11502.51,right_only,,False
2016-12-07,,11348.37,right_only,,False
2016-12-08,,11297.93,right_only,,False
2016-12-12,,11444.06,right_only,,False
2016-12-13,,11385.1,right_only,,False
2016-12-14,,11317.17,right_only,,False
2016-12-15,,11326.03,right_only,,False
2016-12-18,,11398.01,right_only,,False
2016-12-19,,11752.46,right_only,,False
2016-12-20,,12147.95,right_only,,False
2016-12-21,,12366.96,right_only,,False
2016-12-22,,12420.3,right_only,,False
2016-12-25,,12251.06,right_only,,False
2016-12-26,,12182.04,right_only,,False
2016-12-27,,12181.98,right_only,,False
2016-12-28,,12259.83,right_only,,False
2016-12-29,,12344.89,right_only,,False
2017-01-02,,12290.61,right_only,,False
2017-01-03,,12425.17,right_only,,False
2017-01-04,,12608.44,right_only,,False
2017-01-05,,12824.32,right_only,,False
2017-01-08,,12891.39,right_only,,False
2017-01-09,,12781.16,right_only,,False
2017-01-10,,13014.54,right_only,,False
2017-01-11,,13089.05,right_only,,False
2017-01-12,,13223.9,right_only,,False
2017-01-15,,13287.76,right_only,,False
2017-01-16,,13264.82,right_only,,False
2017-01-17,,13436.1,right_only,,False
2017-01-18,,13304.44,right_only,,False
2017-01-19,,12806.77,right_only,,False
2017-01-22,,12722.08,right_only,,False
2017-01-23,,13002.89,right_only,,False
2017-01-24,,12882.88,right_only,,False
2017-01-26,,13091.05,right_only,,False
2017-01-29,,13161.52,right_only,,False
2017-01-30,,12926.07,right_only,,False
2017-01-31,,12672.49,right_only,,False
2017-02-01,,12584.26,right_only,,False
2017-02-02,,12806.07,right_only,,False
2017-02-05,,12883.43,right_only,,False
2017-02-06,,12849.42,right_only,,False
2017-02-07,,13129.27,right_only,,False
2017-02-08,,13228.33,right_only,,False
2017-02-09,,13114.86,right_only,,False
2017-02-12,,12922.44,right_only,,False
2017-02-13,,12740.05,right_only,,False
2017-02-14,,12503.73,right_only,,False
2017-02-15,,12448.35,right_only,,False
2017-02-16,,12651.97,right_only,,False
2017-02-19,,12549.17,right_only,,False
2017-02-20,,12444.18,right_only,,False
2017-02-21,,12657.82,right_only,,False
2017-02-22,,12401.09,right_only,,False
2017-02-23,,12240.53,right_only,,False
2017-02-26,,12269.88,right_only,,False
2017-02-27,,12023.93,right_only,,False
2017-02-28,,11937.67,right_only,,False
2017-03-01,,11998.72,right_only,,False
2017-03-02,,12310.49,right_only,,False
2017-03-05,,12499.61,right_only,,False
2017-03-06,,12623.22,right_only,,False
2017-03-07,,12677.55,right_only,,False
2017-03-08,,12735.36,right_only,,False
2017-03-09,,12853.27,right_only,,False
2017-03-12,,12919.9,right_only,,False
2017-03-13,,12929.13,right_only,,False
2017-03-14,,12789.52,right_only,,False
2017-03-15,,12745.49,right_only,,False
2017-03-16,,12983.99,right_only,,False
2017-03-19,,13092.4,right_only,,False
2017-03-20,,13023.49,right_only,,False
2017-03-21,,12905.37,right_only,,False
2017-03-22,,12879.06,right_only,,False
2017-03-23,,13032.06,right_only,,False
2017-03-26,,13108.22,right_only,,False
2017-03-27,,12969.64,right_only,,False
2017-03-28,,12982.66,right_only,,False
2017-03-29,,12987.65,right_only,,False
2017-03-30,,12994.8,right_only,,False
2017-04-02,,12912.27,right_only,,False
2017-04-03,,13061.07,right_only,,False
2017-04-04,,13264.75,right_only,,False
2017-04-05,,13289.99,right_only,,False
2017-04-06,,13098.54,right_only,,False
2017-04-09,,12895.12,right_only,,False
2017-04-10,,12848.56,right_only,,False
2017-04-11,,12995.71,right_only,,False
2017-04-12,,12984.36,right_only,,False
2017-04-13,,12967.38,right_only,,False
2017-04-18,,13027.14,right_only,,False
2017-04-19,,12895.3,right_only,,False
2017-04-20,,12905.85,right_only,,False
2017-04-23,,12544.92,right_only,,False
2017-04-24,,12583.13,right_only,,False
2017-04-26,,12671.29,right_only,,False
2017-04-27,,12525.69,right_only,,False
2017-04-30,,12433.6,right_only,,False
2017-05-02,,12530.32,right_only,,False
2017-05-03,,12603.56,right_only,,False
2017-05-04,,12709.93,right_only,,False
2017-05-07,,12692.15,right_only,,False
2017-05-08,,12827.93,right_only,,False
2017-05-09,,12933.68,right_only,,False
2017-05-10,,12993.4,right_only,,False
2017-05-11,,12906.98,right_only,,False
2017-05-14,,12870.91,right_only,,False
2017-05-15,,12866.06,right_only,,False
2017-05-16,,12936.59,right_only,,False
2017-05-17,,13064.02,right_only,,False
2017-05-18,,12952.38,right_only,,False
2017-05-21,,12974.75,right_only,,False
2017-05-22,,12648.24,right_only,,False
2017-05-23,,12791.83,right_only,,False
2017-05-24,,12884.44,right_only,,False
2017-05-25,,13094.42,right_only,,False
2017-05-28,,13205.11,right_only,,False
2017-05-29,,13207.94,right_only,,False
2017-05-30,,13239.16,right_only,,False
2017-05-31,,13339.63,right_only,,False
2017-06-01,,13467.29,right_only,,False
2017-06-04,,13495.32,right_only,,False
2017-06-05,,13520.13,right_only,,False
2017-06-06,,13626.8,right_only,,False
2017-06-07,,13632.98,right_only,,False
2017-06-08,,13683.66,right_only,,False
2017-06-11,,13616.04,right_only,,False
2017-06-12,,13491.89,right_only,,False
2017-06-13,,13531.34,right_only,,False
2017-06-14,,13502.12,right_only,,False
2017-06-15,,13478.75,right_only,,False
2017-06-18,,13496.47,right_only,,False
2017-06-19,,13508.39,right_only,,False
2017-06-20,,13415.55,right_only,,False
2017-06-21,,13376.44,right_only,,False
2017-06-22,,13417.14,right_only,,False
2017-06-28,,13395.81,right_only,,False
2017-07-02,,13487.36,right_only,,False
2017-07-03,,13431.06,right_only,,False
2017-07-04,,13334.78,right_only,,False
2017-07-05,,13334.86,right_only,,False
2017-07-06,,13369.88,right_only,,False
2017-07-09,,13342.09,right_only,,False
2017-07-10,,13483.04,right_only,,False
2017-07-11,,13684.27,right_only,,False
2017-07-12,,13690.29,right_only,,False
2017-07-13,,13822.59,right_only,,False
2017-07-16,,13815.77,right_only,,False
2017-07-17,,13956.32,right_only,,False
2017-07-18,,13717.53,right_only,,False
2017-07-19,,13707.13,right_only,,False
2017-07-20,,13715.06,right_only,,False
2017-07-24,,13752.98,right_only,,False
2017-07-25,,13740.72,right_only,,False
2017-07-26,,13797.25,right_only,,False
2017-07-27,,13609.22,right_only,,False
2017-07-30,,13480.1,right_only,,False
2017-07-31,,13419.38,right_only,,False
2017-08-01,,13396.22,right_only,,False
2017-08-02,,13405.2,right_only,,False
2017-08-03,,13413.12,right_only,,False
2017-08-06,,13558.46,right_only,,False
2017-08-07,,13660.8,right_only,,False
2017-08-08,,13637.69,right_only,,False
2017-08-09,,13580.76,right_only,,False
2017-08-10,,13462.38,right_only,,False
2017-08-13,,13279.61,right_only,,False
2017-08-14,,13135.1,right_only,,False
2017-08-15,,13102.39,right_only,,False
2017-08-16,,13149.19,right_only,,False
2017-08-17,,13119.44,right_only,,False
2017-08-20,,13026.29,right_only,,False
2017-08-21,,13106.12,right_only,,False
2017-08-22,,13114.87,right_only,,False
2017-08-23,,12996.2,right_only,,False
2017-08-24,,12926.4,right_only,,False
2017-08-27,,12913.25,right_only,,False
2017-08-28,,13013.73,right_only,,False
2017-08-29,,13195.34,right_only,,False
2017-08-30,,13415.77,right_only,,False
2017-09-05,,13415.05,right_only,,False
2017-09-06,,13317.89,right_only,,False
2017-09-07,,13432.69,right_only,,False
2017-09-10,,13457.14,right_only,,False
2017-09-11,,13533.24,right_only,,False
2017-09-12,,13474.88,right_only,,False
2017-09-13,,13442.55,right_only,,False
2017-09-14,,13610.61,right_only,,False
2017-09-17,,13612.51,right_only,,False
2017-09-18,,13592.71,right_only,,False
2017-09-19,,13730.0,right_only,,False
2017-09-20,,13695.33,right_only,,False
2017-09-24,,13607.19,right_only,,False
2017-09-25,,13674.42,right_only,,False
2017-09-26,,13704.13,right_only,,False
2017-09-27,,13740.82,right_only,,False
2017-09-28,,13888.51,right_only,,False
2017-10-01,,13976.78,right_only,,False
2017-10-02,,14000.43,right_only,,False
2017-10-03,,13930.73,right_only,,False
2017-10-04,,13881.97,right_only,,False
2017-10-08,,13997.69,right_only,,False
2017-10-09,,13968.53,right_only,,False
2017-10-10,,13824.08,right_only,,False
2017-10-11,,13816.05,right_only,,False
2017-10-12,,13891.71,right_only,,False
2017-10-15,,13905.79,right_only,,False
2017-10-16,,13525.25,right_only,,False
2017-10-17,,13525.48,right_only,,False
2017-10-18,,13590.15,right_only,,False
2017-10-19,,13713.62,right_only,,False
2017-10-22,,13706.06,right_only,,False
2017-10-23,,13870.34,right_only,,False
2017-10-24,,13928.38,right_only,,False
2017-10-25,,13901.38,right_only,,False
2017-10-26,,13955.47,right_only,,False
2017-10-29,,14024.41,right_only,,False
2017-10-30,,14197.21,right_only,,False
2017-10-31,,14342.38,right_only,,False
2017-11-01,,14277.29,right_only,,False
2017-11-02,,14319.34,right_only,,False
2017-11-05,,14183.77,right_only,,False
2017-11-06,,14072.92,right_only,,False
2017-11-07,,14057.56,right_only,,False
2017-11-08,,14204.95,right_only,,False
2017-11-09,,14350.14,right_only,,False
2017-11-12,,14270.55,right_only,,False
2017-11-13,,14123.31,right_only,,False
2017-11-14,,14132.96,right_only,,False
2017-11-15,,14025.11,right_only,,False
2017-11-16,,13847.36,right_only,,False
2017-11-19,,13742.11,right_only,,False
2017-11-20,,13680.5,right_only,,False
2017-11-21,,13725.45,right_only,,False
2017-11-22,,13839.37,right_only,,False
2017-11-23,,14106.17,right_only,,False
2017-11-26,,14222.7,right_only,,False
2017-11-27,,14219.99,right_only,,False
2017-11-28,,14537.03,right_only,,False
2017-11-29,,14582.22,right_only,,False
2017-12-03,,14713.63,right_only,,False
2017-12-04,,14572.17,right_only,,False
2017-12-05,,14460.96,right_only,,False
2017-12-06,,14345.58,right_only,,False
2017-12-07,,14294.73,right_only,,False
2017-12-10,,14414.25,right_only,,False
2017-12-11,,14426.75,right_only,,False
2017-12-12,,14590.2,right_only,,False
2017-12-13,,14651.42,right_only,,False
2017-12-14,,14679.91,right_only,,False
2017-12-17,,14716.66,right_only,,False
2017-12-18,,14721.45,right_only,,False
2017-12-19,,14678.41,right_only,,False
2017-12-20,,14682.14,right_only,,False
2017-12-21,,14668.59,right_only,,False
2017-12-24,,14790.78,right_only,,False
2017-12-25,,14843.33,right_only,,False
2017-12-26,,14922.85,right_only,,False
2017-12-27,,14904.82,right_only,,False
2017-12-28,,15016.97,right_only,,False
2017-12-31,,15019.14,right_only,,False
2018-01-02,,15023.76,right_only,,False
2018-01-03,,14833.73,right_only,,False
2018-01-04,,14782.38,right_only,,False
2018-01-08,,14953.17,right_only,,False
2018-01-09,,15159.37,right_only,,False
2018-01-10,,15192.55,right_only,,False
2018-01-11,,15242.48,right_only,,False
2018-01-14,,15254.85,right_only,,False
2018-01-15,,15127.76,right_only,,False
2018-01-16,,15089.37,right_only,,False
2018-01-17,,15198.54,right_only,,False
2018-01-18,,15411.0,right_only,,False
2018-01-21,,15339.91,right_only,,False
2018-01-22,,15243.23,right_only,,False
2018-01-23,,15197.08,right_only,,False
2018-01-24,,15170.73,right_only,,False
2018-01-28,,15311.15,right_only,,False
2018-01-29,,15369.13,right_only,,False
2018-01-30,,15315.66,right_only,,False
2018-01-31,,15042.37,right_only,,False
2018-02-01,,15088.66,right_only,,False
2018-02-04,,14874.84,right_only,,False
2018-02-05,,14962.14,right_only,,False
2018-02-06,,14717.98,right_only,,False
2018-02-07,,15037.05,right_only,,False
2018-02-08,,14921.29,right_only,,False
2018-02-11,,14828.36,right_only,,False
2018-02-12,,14890.71,right_only,,False
2018-02-13,,14729.75,right_only,,False
2018-02-14,,14805.95,right_only,,False
2018-02-15,,14965.93,right_only,,False
2018-02-18,,15045.56,right_only,,False
2018-02-19,,15158.12,right_only,,False
2018-02-20,,15219.26,right_only,,False
2018-02-21,,15244.49,right_only,,False
2018-02-22,,15318.92,right_only,,False
2018-02-25,,15467.77,right_only,,False
2018-02-26,,15454.0,right_only,,False
2018-02-27,,15522.88,right_only,,False
2018-02-28,,15472.69,right_only,,False
2018-03-01,,15443.18,right_only,,False
2018-03-04,,15519.55,right_only,,False
2018-03-05,,15709.01,right_only,,False
2018-03-06,,16022.26,right_only,,False
2018-03-07,,16384.07,right_only,,False
2018-03-08,,16472.28,right_only,,False
2018-03-11,,16391.48,right_only,,False
2018-03-12,,16742.15,right_only,,False
2018-03-13,,16989.06,right_only,,False
2018-03-14,,16881.72,right_only,,False
2018-03-15,,16999.1,right_only,,False
2018-03-18,,17271.03,right_only,,False
2018-03-19,,17172.13,right_only,,False
2018-03-20,,17113.9,right_only,,False
2018-03-21,,17147.12,right_only,,False
2018-03-22,,17064.58,right_only,,False
2018-03-25,,16984.69,right_only,,False
2018-03-26,,17104.34,right_only,,False
2018-03-27,,17270.43,right_only,,False
2018-03-28,,17305.51,right_only,,False
2018-03-29,,17450.15,right_only,,False
2018-04-01,,17595.88,right_only,,False
2018-04-02,,17684.66,right_only,,False
2018-04-03,,17492.71,right_only,,False
2018-04-04,,17509.65,right_only,,False
2018-04-05,,17410.59,right_only,,False
2018-04-10,,17697.32,right_only,,False
2018-04-11,,17943.96,right_only,,False
2018-04-12,,17615.69,right_only,,False
2018-04-15,,17588.86,right_only,,False
2018-04-16,,17620.28,right_only,,False
2018-04-17,,17802.48,right_only,,False
2018-04-18,,17705.87,right_only,,False
2018-04-19,,17781.02,right_only,,False
2018-04-22,,17898.09,right_only,,False
2018-04-23,,18080.7,right_only,,False
2018-04-24,,18121.96,right_only,,False
2018-04-26,,18363.29,right_only,,False
2018-04-29,,18304.46,right_only,,False
2018-04-30,,18295.57,right_only,,False
2018-05-02,,18173.16,right_only,,False
2018-05-03,,17832.86,right_only,,False
2018-05-06,,17610.87,right_only,,False
2018-05-07,,17523.15,right_only,,False
2018-05-08,,17814.45,right_only,,False
2018-05-09,,17460.3,right_only,,False
2018-05-10,,17155.14,right_only,,False
2018-05-13,,17184.02,right_only,,False
2018-05-14,,16984.07,right_only,,False
2018-05-15,,16985.78,right_only,,False
2018-05-16,,16993.21,right_only,,False
2018-05-17,,16877.66,right_only,,False
2018-05-20,,16782.07,right_only,,False
2018-05-21,,16780.91,right_only,,False
2018-05-22,,16657.66,right_only,,False
2018-05-23,,16662.55,right_only,,False
2018-05-24,,16633.97,right_only,,False
2018-05-27,,16648.47,right_only,,False
2018-05-28,,16791.09,right_only,,False
2018-05-29,,17005.86,right_only,,False
2018-05-30,,16760.24,right_only,,False
2018-05-31,,16414.53,right_only,,False
2018-06-03,,16675.31,right_only,,False
2018-06-04,,16404.33,right_only,,False
2018-06-05,,16022.11,right_only,,False
2018-06-06,,15908.91,right_only,,False
2018-06-07,,15923.66,right_only,,False
2018-06-10,,16142.72,right_only,,False
2018-06-11,,15921.25,right_only,,False
2018-06-12,,15938.11,right_only,,False
2018-06-13,,16178.28,right_only,,False
2018-06-14,,16220.93,right_only,,False
2018-06-19,,16067.77,right_only,,False
2018-06-20,,16143.48,right_only,,False
2018-06-21,,16345.77,right_only,,False
2018-06-24,,16395.02,right_only,,False
2018-06-25,,16457.51,right_only,,False
2018-06-26,,16197.44,right_only,,False
2018-06-27,,16176.41,right_only,,False
2018-06-28,,16348.55,right_only,,False
2018-07-02,,16362.59,right_only,,False
2018-07-03,,16421.32,right_only,,False
2018-07-04,,16309.65,right_only,,False
2018-07-05,,16125.34,right_only,,False
2018-07-08,,15839.84,right_only,,False
2018-07-09,,15785.93,right_only,,False
2018-07-10,,15921.03,right_only,,False
2018-07-11,,15952.42,right_only,,False
2018-07-12,,15879.81,right_only,,False
2018-07-15,,15842.46,right_only,,False
2018-07-16,,15655.89,right_only,,False
2018-07-17,,15420.72,right_only,,False
2018-07-18,,15578.73,right_only,,False
2018-07-19,,15416.31,right_only,,False
2018-07-22,,15303.79,right_only,,False
2018-07-24,,15480.37,right_only,,False
2018-07-25,,15186.36,right_only,,False
2018-07-26,,15199.29,right_only,,False
2018-07-29,,15378.11,right_only,,False
2018-07-30,,15297.02,right_only,,False
2018-07-31,,15580.19,right_only,,False
2018-08-01,,15670.18,right_only,,False
2018-08-02,,15806.38,right_only,,False
2018-08-05,,15737.05,right_only,,False
2018-08-06,,15645.56,right_only,,False
2018-08-07,,15761.55,right_only,,False
2018-08-08,,15862.86,right_only,,False
2018-08-09,,15924.06,right_only,,False
2018-08-12,,15738.34,right_only,,False
2018-08-13,,15521.52,right_only,,False
2018-08-14,,15356.81,right_only,,False
2018-08-15,,15357.44,right_only,,False
2018-08-16,,15295.97,right_only,,False
2018-08-19,,15273.39,right_only,,False
2018-08-26,,15239.03,right_only,,False
2018-08-27,,15236.64,right_only,,False
2018-08-28,,15606.18,right_only,,False
2018-08-29,,15835.73,right_only,,False
2018-08-30,,16009.41,right_only,,False
2018-09-02,,15852.36,right_only,,False
2018-09-03,,15821.92,right_only,,False
2018-09-04,,15922.96,right_only,,False
2018-09-05,,15750.94,right_only,,False
2018-09-06,,15803.17,right_only,,False
2018-09-09,,15740.06,right_only,,False
2018-09-10,,15628.43,right_only,,False
2018-09-12,,15488.49,right_only,,False
2018-09-13,,15308.62,right_only,,False
2018-09-16,,14755.63,right_only,,False
2018-09-17,,14650.97,right_only,,False
2018-09-18,,14653.91,right_only,,False
2018-09-19,,14098.56,right_only,,False
2018-09-20,,14083.48,right_only,,False
2018-09-23,,14261.25,right_only,,False
2018-09-24,,14200.68,right_only,,False
2018-09-25,,14358.64,right_only,,False
2018-09-26,,14612.18,right_only,,False
2018-09-27,,14632.4,right_only,,False
2018-09-30,,14616.47,right_only,,False
2018-10-01,,14446.72,right_only,,False
2018-10-02,,14381.55,right_only,,False
2018-10-03,,14313.17,right_only,,False
2018-10-04,,14104.9,right_only,,False
2018-10-08,,13604.01,right_only,,False
2018-10-09,,13588.74,right_only,,False
2018-10-10,,13621.23,right_only,,False
2018-10-11,,13283.31,right_only,,False
2018-10-14,,13537.47,right_only,,False
2018-10-15,,13521.46,right_only,,False
2018-10-16,,13689.39,right_only,,False
2018-10-17,,13815.6,right_only,,False
2018-10-18,,13644.16,right_only,,False
2018-10-21,,13524.67,right_only,,False
2018-10-22,,13646.26,right_only,,False
2018-10-23,,13579.6,right_only,,False
2018-10-24,,13246.39,right_only,,False
2018-10-25,,13023.73,right_only,,False
2018-10-28,,12980.96,right_only,,False
2018-10-29,,13074.47,right_only,,False
2018-10-30,,13154.56,right_only,,False
2018-10-31,,13250.29,right_only,,False
2018-11-01,,13202.32,right_only,,False
2018-11-04,,13170.28,right_only,,False
2018-11-05,,13234.62,right_only,,False
2018-11-06,,13436.11,right_only,,False
2018-11-07,,13615.85,right_only,,False
2018-11-08,,13732.68,right_only,,False
2018-11-11,,13570.89,right_only,,False
2018-11-12,,13678.36,right_only,,False
2018-11-13,,13543.64,right_only,,False
2018-11-14,,13487.2,right_only,,False
2018-11-15,,13681.67,right_only,,False
2018-11-18,,13968.8,right_only,,False
2018-11-19,,13906.31,right_only,,False
2018-11-21,,13731.12,right_only,,False
2018-11-22,,13675.37,right_only,,False
2018-11-25,,13153.55,right_only,,False
2018-11-26,,13049.12,right_only,,False
2018-11-27,,13213.95,right_only,,False
2018-11-28,,13309.49,right_only,,False
2018-11-29,,13319.5,right_only,,False
2018-12-02,,13150.08,right_only,,False
2018-12-03,,12934.44,right_only,,False
2018-12-04,,12624.74,right_only,,False
2018-12-05,,12586.74,right_only,,False
2018-12-06,,12387.58,right_only,,False
2018-12-09,,12140.0,right_only,,False
2018-12-10,,12476.18,right_only,,False
2018-12-11,,12664.41,right_only,,False
2018-12-12,,12856.83,right_only,,False
2018-12-13,,12996.89,right_only,,False
2018-12-16,,12992.06,right_only,,False
2018-12-17,,13215.4,right_only,,False
2018-12-18,,13121.11,right_only,,False
2018-12-19,,13078.2,right_only,,False
2018-12-20,,13137.58,right_only,,False
2018-12-23,,12947.35,right_only,,False
2018-12-24,,12784.44,right_only,,False
2018-12-25,,12670.63,right_only,,False
2018-12-26,,12840.16,right_only,,False
2018-12-27,,12984.21,right_only,,False
2018-12-30,,12944.52,right_only,,False
2018-12-31,,13035.77,right_only,,False
2019-01-02,,13204.37,right_only,,False
2019-01-03,,13264.7,right_only,,False
2019-01-06,,13343.08,right_only,,False
2019-01-08,,13402.7,right_only,,False
2019-01-09,,13365.58,right_only,,False
2019-01-10,,13367.44,right_only,,False
2019-01-13,,13525.83,right_only,,False
2019-01-14,,13335.75,right_only,,False
2019-01-15,,13447.12,right_only,,False
2019-01-16,,13510.27,right_only,,False
2019-01-17,,13482.99,right_only,,False
2019-01-20,,13444.21,right_only,,False
2019-01-21,,13574.99,right_only,,False
2019-01-22,,13474.55,right_only,,False
2019-01-23,,13506.65,right_only,,False
2019-01-27,,13817.1,right_only,,False
2019-01-28,,13911.34,right_only,,False
2019-01-29,,13976.52,right_only,,False
2019-01-30,,14093.4,right_only,,False
2019-01-31,,14126.68,right_only,,False
2019-02-03,,14243.81,right_only,,False
2019-02-04,,14366.06,right_only,,False
2019-02-05,,14733.11,right_only,,False
2019-02-06,,14766.59,right_only,,False
2019-02-07,,14753.68,right_only,,False
2019-02-10,,14763.94,right_only,,False
2019-02-11,,14784.82,right_only,,False
2019-02-12,,14927.64,right_only,,False
2019-02-13,,14949.07,right_only,,False
2019-02-14,,14984.46,right_only,,False
2019-02-17,,15198.89,right_only,,False
2019-02-18,,15227.24,right_only,,False
2019-02-19,,15155.84,right_only,,False
2019-02-20,,15213.54,right_only,,False
2019-02-21,,15146.71,right_only,,False
2019-02-24,,14955.58,right_only,,False
2019-02-25,,14946.35,right_only,,False
2019-02-26,,14886.85,right_only,,False
2019-02-27,,14772.34,right_only,,False
2019-02-28,,14803.97,right_only,,False
2019-03-03,,14819.6,right_only,,False
2019-03-04,,14815.18,right_only,,False
2019-03-05,,14728.38,right_only,,False
2019-03-06,,14643.09,right_only,,False
2019-03-07,,14904.03,right_only,,False
2019-03-10,,14980.62,right_only,,False
2019-03-11,,15098.12,right_only,,False
2019-03-12,,15139.86,right_only,,False
2019-03-13,,15125.84,right_only,,False
2019-03-14,,14991.34,right_only,,False
2019-03-17,,15033.48,right_only,,False
2019-03-18,,14910.78,right_only,,False
2019-03-19,,14645.53,right_only,,False
2019-03-20,,14724.4,right_only,,False
2019-03-21,,14782.81,right_only,,False
2019-03-24,,14840.9,right_only,,False
2019-03-25,,14670.8,right_only,,False
2019-03-26,,14637.4,right_only,,False
2019-03-27,,14554.66,right_only,,False
2019-03-28,,14665.81,right_only,,False
2019-03-31,,14737.88,right_only,,False
2019-04-01,,14954.14,right_only,,False
2019-04-02,,15166.46,right_only,,False
2019-04-03,,15197.84,right_only,,False
2019-04-04,,15247.81,right_only,,False
2019-04-07,,15135.47,right_only,,False
2019-04-08,,15111.09,right_only,,False
2019-04-09,,15088.55,right_only,,False
2019-04-10,,15106.54,right_only,,False
2019-04-11,,15105.96,right_only,,False
2019-04-14,,15068.96,right_only,,False
2019-04-15,,15055.42,right_only,,False
2019-04-16,,14973.01,right_only,,False
2019-04-17,,14864.01,right_only,,False
2019-04-18,,14876.37,right_only,,False
2019-04-21,,14838.63,right_only,,False
2019-04-22,,14801.26,right_only,,False
2019-04-23,,14645.78,right_only,,False
2019-04-24,,14770.27,right_only,,False
2019-04-30,,14920.15,right_only,,False
2019-05-02,,14880.39,right_only,,False
2019-05-05,,14511.54,right_only,,False
2019-05-06,,14204.59,right_only,,False
2019-05-07,,14389.91,right_only,,False
2019-05-08,,14026.81,right_only,,False
2019-05-09,,14060.0,right_only,,False
2019-05-12,,14122.1,right_only,,False
2019-05-13,,13905.73,right_only,,False
2019-05-14,,14024.15,right_only,,False
2019-05-15,,13809.46,right_only,,False
2019-05-16,,13659.73,right_only,,False
2019-05-19,,13520.82,right_only,,False
2019-05-20,,13379.46,right_only,,False
2019-05-21,,13614.21,right_only,,False
2019-05-22,,13664.23,right_only,,False
2019-05-23,,13776.85,right_only,,False
2019-05-26,,13981.88,right_only,,False
2019-05-27,,13960.47,right_only,,False
2019-05-28,,14028.0,right_only,,False
2019-05-29,,13974.13,right_only,,False
2019-05-30,,13771.31,right_only,,False
2019-06-02,,13690.72,right_only,,False
2019-06-03,,13787.8,right_only,,False
2019-06-09,,13911.66,right_only,,False
2019-06-10,,14148.88,right_only,,False
2019-06-11,,14206.18,right_only,,False
2019-06-12,,14158.11,right_only,,False
2019-06-13,,14180.53,right_only,,False
2019-06-16,,14210.09,right_only,,False
2019-06-17,,14241.21,right_only,,False
2019-06-18,,14202.86,right_only,,False
2019-06-19,,14132.18,right_only,,False
2019-06-20,,14043.42,right_only,,False
2019-06-23,,14017.34,right_only,,False
2019-06-24,,13867.47,right_only,,False
2019-06-25,,13831.23,right_only,,False
2019-06-26,,14006.99,right_only,,False
2019-06-27,,14100.74,right_only,,False
2019-07-02,,14136.58,right_only,,False
2019-07-03,,14137.22,right_only,,False
2019-07-04,,13997.4,right_only,,False
2019-07-07,,14013.04,right_only,,False
2019-07-08,,14043.33,right_only,,False
2019-07-09,,14097.43,right_only,,False
2019-07-10,,14013.26,right_only,,False
2019-07-11,,13813.56,right_only,,False
2019-07-14,,13672.13,right_only,,False
2019-07-15,,13627.89,right_only,,False
2019-07-16,,13721.82,right_only,,False
2019-07-17,,13641.94,right_only,,False
2019-07-18,,13670.27,right_only,,False
2019-07-21,,13576.26,right_only,,False
2019-07-22,,13684.57,right_only,,False
2019-07-24,,13617.89,right_only,,False
2019-07-25,,13510.06,right_only,,False
2019-07-28,,13460.0,right_only,,False
2019-07-29,,13421.91,right_only,,False
2019-07-30,,13364.63,right_only,,False
2019-07-31,,13392.47,right_only,,False
2019-08-01,,13525.93,right_only,,False
2019-08-04,,13616.26,right_only,,False
2019-08-05,,13598.66,right_only,,False
2019-08-06,,13655.91,right_only,,False
2019-08-07,,13880.57,right_only,,False
2019-08-08,,14180.44,right_only,,False
2019-08-14,,14540.56,right_only,,False
2019-08-15,,14295.13,right_only,,False
2019-08-18,,14399.7,right_only,,False
2019-08-19,,14304.37,right_only,,False
2019-08-20,,14428.08,right_only,,False
2019-08-21,,14357.18,right_only,,False
2019-08-22,,14333.16,right_only,,False
2019-08-25,,14340.51,right_only,,False
2019-08-26,,14291.03,right_only,,False
2019-08-27,,14283.5,right_only,,False
2019-08-28,,14595.51,right_only,,False
2019-08-29,,14835.36,right_only,,False
2019-09-01,,14931.66,right_only,,False
2019-09-02,,15110.23,right_only,,False
2019-09-03,,14999.58,right_only,,False
2019-09-04,,14841.38,right_only,,False
2019-09-05,,14933.18,right_only,,False
2019-09-08,,14931.11,right_only,,False
2019-09-09,,14887.78,right_only,,False
2019-09-10,,14956.36,right_only,,False
2019-09-11,,15014.82,right_only,,False
2019-09-12,,15110.37,right_only,,False
2019-09-15,,15023.23,right_only,,False
2019-09-16,,14970.24,right_only,,False
2019-09-17,,14752.45,right_only,,False
2019-09-18,,14745.1,right_only,,False
2019-09-19,,14742.07,right_only,,False
2019-09-22,,13958.11,right_only,,False
2019-09-23,,13753.19,right_only,,False
2019-09-24,,13170.2,right_only,,False
2019-09-25,,13594.61,right_only,,False
2019-09-26,,13857.12,right_only,,False
2019-09-29,,14315.79,right_only,,False
2019-09-30,,14257.75,right_only,,False
2019-10-01,,14496.84,right_only,,False
2019-10-02,,14381.15,right_only,,False
2019-10-03,,14217.81,right_only,,False
2019-10-07,,14431.72,right_only,,False
2019-10-08,,14348.57,right_only,,False
2019-10-09,,14182.7,right_only,,False
2019-10-10,,14302.27,right_only,,False
2019-10-13,,14220.47,right_only,,False
2019-10-14,,14180.76,right_only,,False
2019-10-15,,14060.82,right_only,,False
2019-10-16,,14209.23,right_only,,False
2019-10-17,,14205.86,right_only,,False
2019-10-20,,14239.45,right_only,,False
2019-10-21,,14178.51,right_only,,False
2019-10-22,,14201.32,right_only,,False
2019-10-23,,14126.51,right_only,,False
2019-10-24,,14206.67,right_only,,False
2019-10-27,,14237.39,right_only,,False
2019-10-28,,14301.09,right_only,,False
2019-10-29,,14465.47,right_only,,False
2019-10-30,,14477.79,right_only,,False
2019-10-31,,14558.02,right_only,,False
2019-11-03,,14622.75,right_only,,False
2019-11-04,,14625.78,right_only,,False
2019-11-05,,14789.61,right_only,,False
2019-11-06,,14709.79,right_only,,False
2019-11-07,,14795.87,right_only,,False
2019-11-11,,14769.95,right_only,,False
2019-11-12,,14669.98,right_only,,False
2019-11-13,,14607.69,right_only,,False
2019-11-14,,14545.54,right_only,,False
2019-11-17,,14556.32,right_only,,False
2019-11-18,,14378.59,right_only,,False
2019-11-19,,14313.46,right_only,,False
2019-11-20,,14224.38,right_only,,False
2019-11-21,,14094.58,right_only,,False
2019-11-24,,14050.16,right_only,,False
2019-11-25,,13974.14,right_only,,False
2019-11-26,,13781.96,right_only,,False
2019-11-27,,13759.7,right_only,,False
2019-11-28,,13849.46,right_only,,False
2019-12-01,,13780.63,right_only,,False
2019-12-02,,13537.8,right_only,,False
2019-12-03,,13469.6,right_only,,False
2019-12-04,,13635.52,right_only,,False
2019-12-05,,13622.13,right_only,,False
2019-12-08,,13493.69,right_only,,False
2019-12-09,,13442.52,right_only,,False
2019-12-10,,13509.02,right_only,,False
2019-12-11,,13427.22,right_only,,False
2019-12-12,,13358.47,right_only,,False
2019-12-15,,13433.54,right_only,,False
2019-12-16,,13404.42,right_only,,False
2019-12-17,,13627.19,right_only,,False
2019-12-18,,13793.99,right_only,,False
2019-12-19,,13837.19,right_only,,False
2019-12-22,,13892.65,right_only,,False
2019-12-23,,13902.43,right_only,,False
2019-12-24,,13805.43,right_only,,False
2019-12-25,,13747.68,right_only,,False
2019-12-26,,13884.95,right_only,,False
2019-12-29,,13812.98,right_only,,False
2019-12-30,,13937.26,right_only,,False
2019-12-31,,13961.56,right_only,,False
2020-01-02,,13899.54,right_only,,False
2020-01-05,,13283.66,right_only,,False
2020-01-06,,13212.66,right_only,,False
2020-01-08,,13542.48,right_only,,False
2020-01-09,,13729.81,right_only,,False
2020-01-12,,13802.57,right_only,,False
2020-01-13,,13698.64,right_only,,False
2020-01-14,,13756.64,right_only,,False
2020-01-15,,13769.64,right_only,,False
2020-01-16,,13824.16,right_only,,False
2020-01-19,,13918.18,right_only,,False
2020-01-20,,13773.73,right_only,,False
2020-01-21,,13639.72,right_only,,False
2020-01-22,,13752.11,right_only,,False
2020-01-23,,13728.09,right_only,,False
2020-01-26,,13721.45,right_only,,False
2020-01-27,,13639.69,right_only,,False
2020-01-28,,13620.58,right_only,,False
2020-01-29,,13762.84,right_only,,False
2020-01-30,,13918.84,right_only,,False
2020-02-02,,13888.89,right_only,,False
2020-02-03,,13878.33,right_only,,False
2020-02-04,,13915.05,right_only,,False
2020-02-05,,13987.16,right_only,,False
2020-02-06,,14105.86,right_only,,False
2020-02-09,,14108.24,right_only,,False
2020-02-10,,13979.36,right_only,,False
2020-02-11,,14009.32,right_only,,False
2020-02-12,,13845.16,right_only,,False
2020-02-13,,13859.45,right_only,,False
2020-02-16,,13737.4,right_only,,False
2020-02-17,,13800.25,right_only,,False
2020-02-18,,13636.93,right_only,,False
2020-02-19,,13694.99,right_only,,False
2020-02-20,,13720.65,right_only,,False
2020-02-23,,13688.05,right_only,,False
2020-02-24,,13441.86,right_only,,False
2020-02-25,,13328.26,right_only,,False
2020-02-26,,13200.66,right_only,,False
2020-02-27,,13008.94,right_only,,False
2020-03-01,,12222.59,right_only,,False
2020-03-02,,12289.87,right_only,,False
2020-03-03,,12419.52,right_only,,False
2020-03-04,,12182.46,right_only,,False
2020-03-05,,12347.65,right_only,,False
2020-03-08,,11849.39,right_only,,False
2020-03-09,,10983.48,right_only,,False
2020-03-10,,11199.96,right_only,,False
2020-03-11,,11194.12,right_only,,False
2020-03-15,,10148.34,right_only,,False
2020-03-16,,9428.94,right_only,,False
2020-03-17,,9201.65,right_only,,False
2020-03-18,,8756.7,right_only,,False
2020-03-19,,9205.58,right_only,,False
2020-03-22,,9750.66,right_only,,False
2020-03-23,,10047.44,right_only,,False
2020-03-24,,9770.48,right_only,,False
2020-03-25,,9865.67,right_only,,False
2020-03-26,,9912.98,right_only,,False
2020-03-29,,9760.18,right_only,,False
2020-03-30,,9521.43,right_only,,False
2020-03-31,,9593.94,right_only,,False
2020-04-01,,9424.89,right_only,,False
2020-04-02,,9455.38,right_only,,False
2020-04-05,,9272.88,right_only,,False
2020-04-06,,9446.99,right_only,,False
2020-04-07,,9840.62,right_only,,False
2020-04-08,,10095.57,right_only,,False
2020-04-09,,10321.97,right_only,,False
2020-04-12,,10237.47,right_only,,False
2020-04-13,,10353.72,right_only,,False
2020-04-14,,10458.16,right_only,,False
2020-04-15,,10342.13,right_only,,False
2020-04-16,,10154.64,right_only,,False
2020-04-21,,9874.94,right_only,,False
2020-04-22,,9801.33,right_only,,False
2020-04-23,,10120.46,right_only,,False
2020-04-26,,10377.24,right_only,,False
2020-04-27,,10376.0,right_only,,False
2020-04-28,,10415.12,right_only,,False
2020-04-29,,10545.26,right_only,,False
2020-04-30,,10554.04,right_only,,False
2020-05-03,,10199.85,right_only,,False
2020-05-04,,10081.96,right_only,,False
2020-05-05,,10188.31,right_only,,False
2020-05-06,,10293.95,right_only,,False
2020-05-07,,10176.73,right_only,,False
2020-05-10,,10257.75,right_only,,False
2020-05-11,,10296.33,right_only,,False
2020-05-12,,10588.36,right_only,,False
2020-05-13,,10396.28,right_only,,False
2020-05-14,,10287.21,right_only,,False
2020-05-17,,10357.44,right_only,,False
2020-05-18,,10278.93,right_only,,False
2020-05-19,,10357.24,right_only,,False
2020-05-20,,10205.4,right_only,,False
2020-05-21,,10109.91,right_only,,False
2020-05-31,,10220.14,right_only,,False
2020-06-01,,10227.38,right_only,,False
2020-06-02,,10338.71,right_only,,False
2020-06-03,,10424.1,right_only,,False
2020-06-04,,10621.14,right_only,,False
2020-06-07,,11108.62,right_only,,False
2020-06-08,,11146.53,right_only,,False
2020-06-09,,11063.04,right_only,,False
2020-06-10,,10933.58,right_only,,False
2020-06-11,,10831.92,right_only,,False
2020-06-14,,10731.17,right_only,,False
2020-06-15,,10668.42,right_only,,False
2020-06-16,,10935.32,right_only,,False
2020-06-17,,10905.75,right_only,,False
2020-06-18,,10857.87,right_only,,False
2020-06-21,,10823.91,right_only,,False
2020-06-22,,10742.36,right_only,,False
2020-06-23,,10764.82,right_only,,False
2020-06-24,,11039.54,right_only,,False
2020-06-25,,10890.48,right_only,,False
2020-06-28,,10848.65,right_only,,False
2020-06-29,,10750.1,right_only,,False
2020-06-30,,10764.59,right_only,,False
2020-07-05,,10959.35,right_only,,False
2020-07-06,,11087.64,right_only,,False
2020-07-07,,11050.2,right_only,,False
2020-07-08,,11127.85,right_only,,False
2020-07-09,,10957.02,right_only,,False
2020-07-12,,11071.96,right_only,,False
2020-07-13,,11007.85,right_only,,False
2020-07-14,,10873.53,right_only,,False
2020-07-15,,10617.42,right_only,,False
2020-07-16,,10441.2,right_only,,False
2020-07-19,,10281.16,right_only,,False
2020-07-20,,10380.45,right_only,,False
2020-07-21,,10558.35,right_only,,False
2020-07-22,,10459.92,right_only,,False
2020-07-26,,10524.45,right_only,,False
2020-07-27,,10575.47,right_only,,False
2020-07-28,,10568.84,right_only,,False
2020-07-29,,10599.46,right_only,,False
2020-08-04,,10620.1,right_only,,False
2020-08-05,,10704.33,right_only,,False
2020-08-06,,10817.29,right_only,,False
2020-08-09,,10962.52,right_only,,False
2020-08-10,,10938.23,right_only,,False
2020-08-11,,10919.47,right_only,,False
2020-08-12,,10922.33,right_only,,False
2020-08-13,,10944.18,right_only,,False
2020-08-16,,11120.26,right_only,,False
2020-08-17,,11142.77,right_only,,False
2020-08-18,,11077.11,right_only,,False
2020-08-19,,11160.05,right_only,,False
2020-08-23,,11391.08,right_only,,False
2020-08-24,,11433.76,right_only,,False
2020-08-25,,11461.62,right_only,,False
2020-08-26,,11453.78,right_only,,False
2020-08-27,,11462.45,right_only,,False
2020-08-30,,11434.81,right_only,,False
2020-08-31,,11365.99,right_only,,False
2020-09-01,,11233.94,right_only,,False
2020-09-02,,11214.22,right_only,,False
2020-09-03,,11180.81,right_only,,False
2020-09-06,,11073.02,right_only,,False
2020-09-07,,11136.03,right_only,,False
2020-09-08,,10951.29,right_only,,False
2020-09-09,,10929.89,right_only,,False
2020-09-10,,11070.84,right_only,,False
2020-09-13,,11091.67,right_only,,False
2020-09-14,,11034.38,right_only,,False
2020-09-15,,11028.06,right_only,,False
2020-09-16,,11088.2,right_only,,False
2020-09-17,,11050.89,right_only,,False
2020-09-20,,10969.32,right_only,,False
2020-09-21,,10910.37,right_only,,False
2020-09-22,,10963.01,right_only,,False
2020-09-23,,10979.44,right_only,,False
2020-09-24,,10911.44,right_only,,False
2020-09-27,,10902.22,right_only,,False
2020-09-28,,10969.94,right_only,,False
2020-09-29,,10987.19,right_only,,False
2020-09-30,,10989.27,right_only,,False
2020-10-01,,11051.3,right_only,,False
2020-10-04,,11071.46,right_only,,False
2020-10-05,,11007.69,right_only,,False
2020-10-06,,11146.18,right_only,,False
2020-10-07,,11326.98,right_only,,False
2020-10-11,,11360.37,right_only,,False
2020-10-12,,11397.65,right_only,,False
2020-10-13,,11291.81,right_only,,False
2020-10-14,,11333.91,right_only,,False
2020-10-15,,11322.71,right_only,,False
2020-10-18,,11185.15,right_only,,False
2020-10-19,,11171.36,right_only,,False
2020-10-20,,11157.62,right_only,,False
2020-10-21,,11101.63,right_only,,False
2020-10-22,,10987.43,right_only,,False
2020-10-25,,10602.98,right_only,,False
2020-10-26,,10511.94,right_only,,False
2020-10-27,,10559.71,right_only,,False
2020-10-28,,10515.25,right_only,,False
2020-11-01,,10456.33,right_only,,False
2020-11-02,,10429.34,right_only,,False
2020-11-03,,10512.16,right_only,,False
2020-11-04,,10556.89,right_only,,False
2020-11-05,,10629.29,right_only,,False
2020-11-08,,10680.27,right_only,,False
2020-11-09,,10838.66,right_only,,False
2020-11-10,,11077.25,right_only,,False
2020-11-11,,10997.65,right_only,,False
2020-11-12,,11017.28,right_only,,False
2020-11-15,,10953.13,right_only,,False
2020-11-16,,10991.61,right_only,,False
2020-11-17,,11063.98,right_only,,False
2020-11-18,,10989.72,right_only,,False
2020-11-19,,10898.67,right_only,,False
2020-11-22,,10858.26,right_only,,False
2020-11-23,,10885.11,right_only,,False
2020-11-24,,10997.35,right_only,,False
2020-11-25,,11068.44,right_only,,False
2020-11-26,,10980.96,right_only,,False
2020-11-29,,11009.27,right_only,,False
2020-11-30,,10943.35,right_only,,False
2020-12-01,,11040.78,right_only,,False
2020-12-02,,11023.34,right_only,,False
2020-12-03,,11015.01,right_only,,False
2020-12-06,,11024.84,right_only,,False
2020-12-07,,10995.13,right_only,,False
2020-12-08,,11019.08,right_only,,False
2020-12-09,,11018.09,right_only,,False
2020-12-10,,10987.39,right_only,,False
2020-12-13,,11003.77,right_only,,False
2020-12-14,,11047.97,right_only,,False
2020-12-15,,11057.62,right_only,,False
2020-12-16,,10983.03,right_only,,False
2020-12-17,,10844.58,right_only,,False
2020-12-20,,10890.3,right_only,,False
2020-12-21,,10581.76,right_only,,False
2020-12-22,,10655.91,right_only,,False
2020-12-23,,10677.51,right_only,,False
2020-12-24,,10683.86,right_only,,False
2020-12-27,,10585.56,right_only,,False
2020-12-28,,10658.55,right_only,,False
2020-12-29,,10736.88,right_only,,False
2020-12-30,,10867.76,right_only,,False
2020-12-31,,10845.26,right_only,,False
2021-01-03,,10845.03,right_only,,False
2021-01-04,,10813.78,right_only,,False
2021-01-05,,10829.96,right_only,,False
2021-01-06,,10952.14,right_only,,False
2021-01-10,,11213.48,right_only,,False
2021-01-11,,11278.72,right_only,,False
2021-01-12,,11339.75,right_only,,False
2021-01-13,,11388.9,right_only,,False
2021-01-14,,11453.43,right_only,,False
2021-01-17,,11446.53,right_only,,False
2021-01-18,,11450.54,right_only,,False
2021-01-19,,11485.8,right_only,,False
2021-01-20,,11598.9,right_only,,False
2021-01-21,,11654.58,right_only,,False
2021-01-24,,11525.25,right_only,,False
2021-01-25,,11509.63,right_only,,False
2021-01-26,,11527.34,right_only,,False
2021-01-27,,11578.84,right_only,,False
2021-01-31,,11546.15,right_only,,False
2021-02-01,,11589.34,right_only,,False
2021-02-02,,11637.55,right_only,,False
2021-02-03,,11619.14,right_only,,False
2021-02-04,,11598.85,right_only,,False
2021-02-07,,11602.78,right_only,,False
2021-02-08,,11523.06,right_only,,False
2021-02-09,,11447.73,right_only,,False
2021-02-10,,11545.03,right_only,,False
2021-02-11,,11546.32,right_only,,False
2021-02-14,,11506.72,right_only,,False
2021-02-15,,11526.77,right_only,,False
2021-02-16,,11534.05,right_only,,False
2021-02-17,,11413.17,right_only,,False
2021-02-18,,11380.55,right_only,,False
2021-02-21,,11425.85,right_only,,False
2021-02-22,,11549.97,right_only,,False
2021-02-23,,11416.74,right_only,,False
2021-02-24,,11435.43,right_only,,False
2021-02-25,,11617.91,right_only,,False
2021-02-28,,11525.02,right_only,,False
2021-03-01,,11521.38,right_only,,False
2021-03-02,,11471.39,right_only,,False
2021-03-03,,11393.25,right_only,,False
2021-03-04,,11333.86,right_only,,False
2021-03-07,,11557.85,right_only,,False
2021-03-08,,11459.51,right_only,,False
2021-03-09,,11337.46,right_only,,False
2021-03-10,,11235.6,right_only,,False
2021-03-11,,11261.35,right_only,,False
2021-03-14,,11289.57,right_only,,False
2021-03-15,,11222.33,right_only,,False
2021-03-16,,11190.8,right_only,,False
2021-03-17,,11068.37,right_only,,False
2021-03-18,,10918.4,right_only,,False
2021-03-21,,10802.29,right_only,,False
2021-03-22,,10537.22,right_only,,False
2021-03-23,,10471.36,right_only,,False
2021-03-24,,10702.18,right_only,,False
2021-03-25,,10870.46,right_only,,False
2021-03-28,,10867.69,right_only,,False
2021-03-29,,10738.42,right_only,,False
2021-03-30,,10739.69,right_only,,False
2021-03-31,,10568.37,right_only,,False
2021-04-01,,10564.88,right_only,,False
2021-04-04,,10417.15,right_only,,False
2021-04-05,,10256.92,right_only,,False
2021-04-06,,10263.22,right_only,,False
2021-04-07,,10227.67,right_only,,False
2021-04-08,,10303.55,right_only,,False
2021-04-11,,10393.13,right_only,,False
2021-04-12,,10450.09,right_only,,False
2021-04-13,,10305.81,right_only,,False
2021-04-14,,10115.51,right_only,,False
2021-04-15,,10143.21,right_only,,False
2021-04-18,,10358.26,right_only,,False
2021-04-19,,10441.0,right_only,,False
2021-04-20,,10620.05,right_only,,False
2021-04-21,,10642.49,right_only,,False
2021-04-22,,10600.07,right_only,,False
2021-04-25,,10604.28,right_only,,False
2021-04-26,,10525.84,right_only,,False
2021-04-27,,10591.42,right_only,,False
2021-04-28,,10475.26,right_only,,False
2021-05-04,,10465.59,right_only,,False
2021-05-05,,10512.84,right_only,,False
2021-05-06,,10588.09,right_only,,False
2021-05-09,,10643.63,right_only,,False
2021-05-10,,10686.03,right_only,,False
2021-05-11,,10767.84,right_only,,False
2021-05-17,,10674.67,right_only,,False
2021-05-18,,10780.9,right_only,,False
2021-05-19,,10806.23,right_only,,False
2021-05-20,,10731.96,right_only,,False
2021-05-23,,10812.06,right_only,,False
2021-05-24,,10760.95,right_only,,False
2021-05-25,,10531.83,right_only,,False
2021-05-26,,10369.57,right_only,,False
2021-05-27,,10242.3,right_only,,False
2021-05-30,,10301.58,right_only,,False
2021-05-31,,10309.06,right_only,,False
2021-06-01,,10240.21,right_only,,False
2021-06-02,,10120.95,right_only,,False
2021-06-03,,10054.81,right_only,,False
2021-06-06,,10122.44,right_only,,False
2021-06-07,,10105.04,right_only,,False
2021-06-08,,9963.91,right_only,,False
2021-06-09,,10042.18,right_only,,False
2021-06-10,,9977.9,right_only,,False
2021-06-13,,9887.19,right_only,,False
2021-06-14,,9933.35,right_only,,False
2021-06-15,,9891.18,right_only,,False
2021-06-16,,9880.49,right_only,,False
2021-06-17,,9865.59,right_only,,False
2021-06-20,,9797.91,right_only,,False
2021-06-21,,10061.58,right_only,,False
2021-06-22,,10206.24,right_only,,False
2021-06-23,,10272.72,right_only,,False
2021-06-24,,10278.86,right_only,,False
2021-06-27,,10305.02,right_only,,False
2021-06-28,,10273.92,right_only,,False
2021-06-29,,10123.06,right_only,,False
2021-06-30,,10256.62,right_only,,False
2021-07-04,,10345.66,right_only,,False
2021-07-05,,10348.29,right_only,,False
2021-07-06,,10154.79,right_only,,False
2021-07-07,,10277.25,right_only,,False
2021-07-08,,10184.8,right_only,,False
2021-07-11,,10153.47,right_only,,False
2021-07-12,,10233.7,right_only,,False
2021-07-13,,10431.99,right_only,,False
2021-07-14,,10602.41,right_only,,False
2021-07-15,,10561.28,right_only,,False
2021-07-18,,10646.85,right_only,,False
2021-07-25,,10745.69,right_only,,False
2021-07-26,,10697.32,right_only,,False
2021-07-27,,10763.26,right_only,,False
2021-07-28,,10769.22,right_only,,False
2021-07-29,,10742.23,right_only,,False
2021-08-01,,10810.21,right_only,,False
2021-08-02,,10821.88,right_only,,False
2021-08-03,,10726.33,right_only,,False
2021-08-04,,10718.89,right_only,,False
2021-08-05,,10723.18,right_only,,False
2021-08-08,,10738.67,right_only,,False
2021-08-09,,10800.39,right_only,,False
2021-08-10,,10853.83,right_only,,False
2021-08-11,,10884.5,right_only,,False
2021-08-15,,11029.56,right_only,,False
2021-08-16,,11046.15,right_only,,False
2021-08-17,,10937.69,right_only,,False
2021-08-18,,10907.96,right_only,,False
2021-08-19,,10808.7,right_only,,False
2021-08-22,,10690.79,right_only,,False
2021-08-23,,10884.29,right_only,,False
2021-08-24,,10950.24,right_only,,False
2021-08-25,,11064.43,right_only,,False
2021-08-26,,11125.55,right_only,,False
2021-08-29,,11113.74,right_only,,False
2021-08-30,,11163.23,right_only,,False
2021-08-31,,11143.8,right_only,,False
2021-09-01,,11283.7,right_only,,False
2021-09-02,,11301.36,right_only,,False
2021-09-05,,11095.89,right_only,,False
2021-09-06,,11064.17,right_only,,False
2021-09-07,,11089.8,right_only,,False
2021-09-08,,11135.48,right_only,,False
2021-09-09,,11056.27,right_only,,False
2021-09-12,,11036.93,right_only,,False
2021-09-13,,11140.22,right_only,,False
2021-09-14,,11187.82,right_only,,False
2021-09-15,,11149.36,right_only,,False
2021-09-16,,10996.76,right_only,,False
2021-09-19,,10889.65,right_only,,False
2021-09-20,,10710.56,right_only,,False
2021-09-21,,10498.52,right_only,,False
2021-09-22,,10596.06,right_only,,False
2021-09-23,,10642.02,right_only,,False
2021-09-26,,10649.76,right_only,,False
2021-09-27,,10496.0,right_only,,False
2021-09-28,,10446.78,right_only,,False
2021-09-29,,10391.14,right_only,,False
2021-09-30,,10517.03,right_only,,False
2021-10-03,,10366.44,right_only,,False
2021-10-04,,10427.44,right_only,,False
2021-10-05,,10432.63,right_only,,False
2021-10-06,,10536.39,right_only,,False
2021-10-10,,10662.96,right_only,,False
2021-10-11,,10714.78,right_only,,False
2021-10-12,,10783.92,right_only,,False
2021-10-13,,10881.4,right_only,,False
2021-10-14,,10995.59,right_only,,False
2021-10-17,,11155.57,right_only,,False
2021-10-18,,11276.17,right_only,,False
2021-10-19,,11195.05,right_only,,False
2021-10-20,2.619999885559082,11132.07,both,-11129.45,False
2021-10-24,2.619999885559082,11185.88,both,-11183.26,False
2021-10-25,2.319999933242798,11178.0,both,-11175.68,False
2021-10-26,2.3499999046325684,11256.54,both,-11254.19,False
2021-10-27,2.3499999046325684,11364.2,both,-11361.85,False
2021-10-28,2.4200000762939453,11506.63,both,-11504.21,False
2021-10-31,2.6700000762939453,11420.19,both,-11417.52,False
2021-11-01,2.8399999141693115,11568.27,both,-11565.43,False
2021-11-02,2.8299999237060547,11676.38,both,-11673.55,False
2021-11-03,2.720000028610229,11685.12,both,-11682.4,False
2021-11-04,2.759999990463257,11612.84,both,-11610.08,False
2021-11-07,2.759999990463257,11555.58,both,-11552.82,False
2021-11-08,2.759999990463257,11497.51,both,-11494.75,False
2021-11-09,2.759999990463257,11588.42,both,-11585.66,False
2021-11-10,2.6700000762939453,11480.5,both,-11477.83,False
2021-11-11,2.7100000381469727,11573.14,both,-11570.43,False
2021-11-14,2.690000057220459,11662.99,both,-11660.3,False
2021-11-15,2.5899999141693115,11496.63,both,-11494.04,False
2021-11-16,2.5899999141693115,11413.21,both,-11410.62,False
2021-11-17,2.5,11453.3,both,-11450.8,False
2021-11-18,2.5,11337.99,both,-11335.49,False
2021-11-21,2.4200000762939453,11273.11,both,-11270.69,False
2021-11-22,2.4200000762939453,11359.03,both,-11356.61,False
2021-11-23,2.509999990463257,11369.22,both,-11366.71,False
2021-11-24,2.509999990463257,11352.64,both,-11350.13,False
2021-11-25,2.509999990463257,11431.24,both,-11428.73,False
2021-11-28,2.509999990463257,11277.83,both,-11275.32,False
2021-11-29,2.450000047683716,11212.3,both,-11209.85,False
2021-11-30,2.470000028610229,11395.6,both,-11393.13,False
2021-12-01,2.4800000190734863,11420.0,both,-11417.52,False
2021-12-02,2.470000028610229,11318.35,both,-11315.88,False
2021-12-05,2.490000009536743,11401.33,both,-11398.84,False
2021-12-06,2.4600000381469727,11514.87,both,-11512.41,False
2021-12-07,2.369999885559082,11538.26,both,-11535.89,False
2021-12-08,2.289999961853028,11451.14,both,-11448.85,False
2021-12-09,2.289999961853028,11534.63,both,-11532.34,False
2021-12-12,2.289999961853028,11708.05,both,-11705.76,False
2021-12-13,2.3399999141693115,11700.4,both,-11698.06,False
2021-12-14,2.3399999141693115,11618.01,both,-11615.67,False
2021-12-15,2.3399999141693115,11622.1,both,-11619.76,False
2021-12-16,2.4100000858306885,11667.73,both,-11665.32,False
2021-12-19,2.4100000858306885,11565.72,both,-11563.31,False
2021-12-20,2.4100000858306885,11482.43,both,-11480.02,False
2021-12-21,2.3499999046325684,11524.66,both,-11522.31,False
2021-12-22,2.380000114440918,11630.63,both,-11628.25,False
2021-12-23,2.369999885559082,11755.46,both,-11753.09,False
2021-12-26,2.369999885559082,11856.21,both,-11853.84,False
2021-12-27,2.369999885559082,11849.79,both,-11847.42,False
2021-12-28,2.359999895095825,11913.44,both,-11911.08,False
2021-12-29,2.400000095367432,11898.42,both,-11896.02,False
2021-12-30,2.380000114440918,11949.18,both,-11946.8,False
2022-01-02,2.390000104904175,11909.72,both,-11907.33,False
2022-01-03,2.390000104904175,11897.4,both,-11895.01,False
2022-01-04,2.5299999713897705,11982.61,both,-11980.08,False
2022-01-05,2.5999999046325684,12043.42,both,-12040.82,False
2022-01-09,2.5999999046325684,11978.56,both,-11975.96,False
2022-01-10,2.880000114440918,12022.69,both,-12019.81,False
2022-01-11,2.8399999141693115,12002.08,both,-11999.24,False
2022-01-12,2.7699999809265137,12060.0,both,-12057.23,False
2022-01-13,2.690000057220459,12012.31,both,-12009.62,False
2022-01-16,2.5899999141693115,11830.94,both,-11828.35,False
2022-01-17,2.700000047683716,11859.12,both,-11856.42,False
2022-01-18,2.7100000381469727,11876.44,both,-11873.73,False
2022-01-19,2.650000095367432,11715.01,both,-11712.36,False
2022-01-20,2.5799999237060547,11731.71,both,-11729.13,False
2022-01-23,2.490000009536743,11655.72,both,-11653.23,False
2022-01-24,2.4200000762939453,11616.13,both,-11613.71,False
2022-01-25,2.4200000762939453,11542.43,both,-11540.01,False
2022-01-26,2.440000057220459,11499.85,both,-11497.41,False
2022-01-30,2.450000047683716,11457.46,both,-11455.01,False
2022-01-31,2.5199999809265137,11490.45,both,-11487.93,False
2022-02-01,2.470000028610229,11603.33,both,-11600.86,False
2022-02-02,2.4600000381469727,11691.82,both,-11689.36,False
2022-02-03,2.4100000858306885,11638.06,both,-11635.65,False
2022-02-06,2.430000066757202,11689.55,both,-11687.12,False
2022-02-07,2.390000104904175,11548.61,both,-11546.22,False
2022-02-08,2.390000104904175,11527.9,both,-11525.51,False
2022-02-09,2.380000114440918,11596.29,both,-11593.91,False
2022-02-10,2.3399999141693115,11578.54,both,-11576.2,False
2022-02-13,2.1600000858306885,11438.12,both,-11435.96,False
2022-02-14,2.200000047683716,11403.34,both,-11401.14,False
2022-02-15,2.200000047683716,11563.38,both,-11561.18,False
2022-02-16,2.2100000381469727,11568.14,both,-11565.93,False
2022-02-17,2.220000028610229,11535.02,both,-11532.8,False
2022-02-20,2.140000104904175,11371.21,both,-11369.07,False
2022-02-21,2.1600000858306885,11501.92,both,-11499.76,False
2022-02-22,2.140000104904175,11302.49,both,-11300.35,False
2022-02-23,2.130000114440918,11301.08,both,-11298.95,False
2022-02-24,1.899999976158142,10890.88,both,-10888.98,False
2022-02-27,1.9919999837875368,11174.09,both,-11172.098,False
2022-02-28,2.0309998989105225,11138.86,both,-11136.829,False
2022-03-01,2.0999999046325684,11275.78,both,-11273.68,False
2022-03-02,2.069999933242798,11189.29,both,-11187.22,False
2022-03-03,2.069999933242798,11305.55,both,-11303.48,False
2022-03-06,2.049999952316284,11094.66,both,-11092.61,False
2022-03-07,1.9900000095367432,10701.14,both,-10699.15,False
2022-03-08,1.9900000095367432,10396.83,both,-10394.84,False
2022-03-09,1.9299999475479128,10415.73,both,-10413.8,False
2022-03-10,1.9299999475479128,10453.59,both,-10451.66,False
2022-03-13,1.9450000524520876,10480.67,both,-10478.725,False
2022-03-14,1.9570000171661377,10419.56,both,-10417.603,False
2022-03-15,1.9490000009536743,10423.09,both,-10421.141,False
2022-03-16,2.007999897003174,10705.6,both,-10703.592,False
2022-03-17,2.065000057220459,10726.44,both,-10724.375,False
2022-03-20,2.059999942779541,10973.72,both,-10971.66,False
2022-03-21,2.130000114440918,11511.15,both,-11509.02,False
2022-03-22,2.1600000858306885,11663.32,both,-11661.16,False
2022-03-23,2.390000104904175,11743.91,both,-11741.52,False
2022-03-24,2.3299999237060547,11709.16,both,-11706.83,False
2022-03-27,2.299999952316284,11545.61,both,-11543.31,False
2022-03-28,2.180000066757202,11240.79,both,-11238.61,False
2022-03-29,2.25,11393.54,both,-11391.29,False
2022-03-30,2.289999961853028,11239.21,both,-11236.92,False
2022-03-31,2.3399999141693115,11238.48,both,-11236.14,False
2022-04-03,2.359999895095825,11562.21,both,-11559.85,False
2022-04-04,2.400000095367432,11529.18,both,-11526.78,False
2022-04-05,2.400000095367432,11380.85,both,-11378.45,False
2022-04-06,2.400000095367432,11347.96,both,-11345.56,False
2022-04-07,2.4800000190734863,11101.94,both,-11099.46,False
2022-04-10,2.359999895095825,10897.61,both,-10895.25,False
2022-04-11,2.390000104904175,10728.66,both,-10726.27,False
2022-04-12,2.3399999141693115,10898.69,both,-10896.35,False
2022-04-13,2.3399999141693115,10847.46,both,-10845.12,False
2022-04-14,2.130000114440918,10679.55,both,-10677.42,False
2022-04-17,2.119999885559082,10707.93,both,-10705.81,False
2022-04-18,2.150000095367432,10724.8,both,-10722.65,False
2022-04-19,2.150000095367432,10626.81,both,-10624.66,False
2022-04-20,2.200000047683716,10444.76,both,-10442.56,False
2022-04-21,2.2300000190734863,10548.14,both,-10545.91,False
2022-04-26,2.2300000190734863,10682.08,both,-10679.85,False
2022-04-27,2.2300000190734863,10718.22,both,-10715.99,False
2022-04-28,2.2300000190734863,11047.7,both,-11045.47,False
2022-05-08,2.1600000858306885,11109.22,both,-11107.06,False
2022-05-09,2.1600000858306885,10906.72,both,-10904.56,False
2022-05-10,2.0899999141693115,10811.45,both,-10809.36,False
2022-05-11,2.0899999141693115,10855.93,both,-10853.84,False
2022-05-12,2.0899999141693115,10678.98,both,-10676.89,False
2022-05-15,2.0899999141693115,10534.22,both,-10532.13,False
2022-05-16,2.0899999141693115,10461.88,both,-10459.79,False
2022-05-17,2.059999942779541,10438.95,both,-10436.89,False
2022-05-18,2.059999942779541,10467.63,both,-10465.57,False
2022-05-19,2.0199999809265137,10549.97,both,-10547.95,False
2022-05-22,2.0199999809265137,10462.74,both,-10460.72,False
2022-05-23,1.9900000095367432,10514.95,both,-10512.96,False
2022-05-24,1.9900000095367432,10415.54,both,-10413.55,False
2022-05-25,1.899999976158142,10247.43,both,-10245.53,False
2022-05-26,1.899999976158142,10200.56,both,-10198.66,False
2022-05-29,1.899999976158142,10086.72,both,-10084.82,False
2022-05-30,1.899999976158142,10109.36,both,-10107.46,False
2022-05-31,1.899999976158142,10150.05,both,-10148.15,False
2022-06-01,1.899999976158142,10083.98,both,-10082.08,False
2022-06-02,1.847000002861023,10007.51,both,-10005.663,False
2022-06-05,1.847000002861023,9986.0,both,-9984.153,False
2022-06-06,1.843999981880188,9984.92,both,-9983.076,False
2022-06-07,1.878999948501587,10048.36,both,-10046.481,False
2022-06-08,1.972000002861023,10236.06,both,-10234.088,False
2022-06-09,1.975000023841858,10235.43,both,-10233.455,False
2022-06-12,1.937999963760376,10097.55,both,-10095.612,False
2022-06-13,1.937999963760376,10014.85,both,-10012.912,False
2022-06-14,1.937999963760376,9981.22,both,-9979.282,False
2022-06-15,1.937999963760376,9969.97,both,-9968.032,False
2022-06-16,1.9279999732971191,9866.75,both,-9864.822,False
2022-06-19,1.9279999732971191,9728.19,both,-9726.262,False
2022-06-20,1.9279999732971191,9680.18,both,-9678.252,False
2022-06-21,1.9279999732971191,9697.88,both,-9695.952,False
2022-06-22,1.9279999732971191,9612.9,both,-9610.972,False
2022-06-23,1.9279999732971191,9439.85,both,-9437.922,False
2022-06-26,1.9279999732971191,9443.75,both,-9441.822,False
2022-06-27,1.9279999732971191,9255.43,both,-9253.502,False
2022-06-28,1.9279999732971191,9179.63,both,-9177.702,False
2022-06-29,1.9279999732971191,9225.61,both,-9223.682,False
2022-07-03,1.9279999732971191,9008.89,both,-9006.962,False
2022-07-04,1.9279999732971191,8685.74,both,-8683.812,False
2022-07-05,1.9279999732971191,8657.5,both,-8655.572,False
2022-07-06,1.9279999732971191,8670.12,both,-8668.192,False
2022-07-07,1.9279999732971191,8764.25,both,-8762.322,False
2022-07-17,1.9279999732971191,8772.93,both,-8771.002,False
2022-07-18,1.9279999732971191,8867.94,both,-8866.012,False
2022-07-19,1.9279999732971191,9033.53,both,-9031.602,False
2022-07-20,1.837000012397766,9112.72,both,-9110.883,False
2022-07-21,1.9140000343322756,9289.81,both,-9287.896,False
2022-07-24,1.9140000343322756,9276.28,both,-9274.366,False
2022-07-25,1.8240000009536743,9237.7,both,-9235.876,False
2022-07-26,1.825000047683716,9350.42,both,-9348.595,False
2022-07-27,1.825000047683716,9287.92,both,-9286.095,False
2022-07-28,1.825000047683716,9369.32,both,-9367.495,False
2022-07-31,1.88100004196167,9467.08,both,-9465.199,False
2022-08-01,1.88100004196167,9423.1,both,-9421.219,False
2022-08-02,1.88100004196167,9442.02,both,-9440.139,False
2022-08-03,1.88100004196167,9539.43,both,-9537.549,False
2022-08-04,1.8639999628067017,10043.23,both,-10041.366,False
2022-08-07,1.909000039100647,10123.81,both,-10121.901,False
2022-08-08,1.9919999837875368,10047.71,both,-10045.718,False
2022-08-09,1.930999994277954,9968.88,both,-9966.949,False
2022-08-10,1.9140000343322756,9965.46,both,-9963.546,False
2022-08-11,2.1070001125335693,9988.84,both,-9986.733,False
2022-08-14,2.5299999713897705,9984.44,both,-9981.91,False
2022-08-15,2.809999942779541,9914.71,both,-9911.9,False
2022-08-16,2.720000028610229,9843.17,both,-9840.45,False
2022-08-17,2.720000028610229,10058.12,both,-10055.4,False
2022-08-18,2.720000028610229,10094.16,both,-10091.44,False
2022-08-21,2.700000047683716,10339.58,both,-10336.88,False
2022-08-22,2.619999885559082,10246.24,both,-10243.62,False
2022-08-23,2.619999885559082,10137.89,both,-10135.27,False
2022-08-24,2.4100000858306885,10105.24,both,-10102.83,False
2022-08-25,2.430000066757202,10287.27,both,-10284.84,False
2022-08-28,2.619999885559082,10178.15,both,-10175.53,False
2022-08-29,2.4800000190734863,10122.32,both,-10119.84,False
2022-08-30,2.5899999141693115,10132.15,both,-10129.56,False
2022-08-31,2.5199999809265137,9998.61,both,-9996.09,False
2022-09-01,2.4800000190734863,9936.87,both,-9934.39,False
2022-09-04,2.4800000190734863,9996.74,both,-9994.26,False
2022-09-05,2.5,10177.64,both,-10175.14,False
2022-09-06,2.539999961853028,10329.66,both,-10327.12,False
2022-09-07,2.470000028610229,10232.29,both,-10229.82,False
2022-09-08,2.470000028610229,10265.35,both,-10262.88,False
2022-09-11,2.450000047683716,10356.31,both,-10353.86,False
2022-09-12,2.400000095367432,10434.1,both,-10431.7,False
2022-09-13,2.430000066757202,10397.12,both,-10394.69,False
2022-09-14,2.609999895095825,10193.79,both,-10191.18,False
2022-09-15,2.619999885559082,10079.02,both,-10076.4,False
2022-09-18,2.2799999713897705,9763.19,both,-9760.91,False
2022-09-19,2.319999933242798,9854.21,both,-9851.89,False
2022-09-20,2.3299999237060547,10010.53,both,-10008.2,False
2022-09-21,2.319999933242798,9955.85,both,-9953.53,False
2022-09-22,2.740000009536743,9933.05,both,-9930.31,False
2022-09-25,2.8399999141693115,9895.04,both,-9892.2,False
2022-09-26,2.9200000762939453,9827.8,both,-9824.88,False
2022-09-27,2.940000057220459,9817.37,both,-9814.43,False
2022-09-28,2.789999961853028,9702.19,both,-9699.4,False
2022-09-29,2.75,9827.46,both,-9824.71,False
2022-10-02,2.619999885559082,9687.36,both,-9684.74,False
2022-10-03,2.720000028610229,9685.85,both,-9683.13,False
2022-10-04,2.7799999713897705,9923.81,both,-9921.03,False
2022-10-05,2.7799999713897705,10010.78,both,-10008.0,False
2022-10-09,2.6600000858306885,9940.86,both,-9938.2,False
2022-10-10,2.990000009536743,9948.53,both,-9945.54,False
2022-10-11,2.869999885559082,9867.23,both,-9864.36,False
2022-10-12,3.0199999809265137,9800.64,both,-9797.62,False
2022-10-13,2.950000047683716,9853.74,both,-9850.79,False
2022-10-16,2.9200000762939453,10048.88,both,-10045.96,False
2022-10-17,2.8399999141693115,10148.4,both,-10145.56,False
2022-10-18,2.7799999713897705,10163.56,both,-10160.78,False
2022-10-19,2.7100000381469727,10156.34,both,-10153.63,False
2022-10-20,2.799999952316284,10273.53,both,-10270.73,False
2022-10-23,2.809999942779541,10258.24,both,-10255.43,False
2022-10-24,2.720000028610229,10320.88,both,-10318.16,False
2022-10-25,2.650000095367432,10475.02,both,-10472.37,False
2022-10-26,2.650000095367432,10553.2,both,-10550.55,False
2022-10-27,2.6700000762939453,11072.02,both,-11069.35,False
2022-10-30,2.569999933242798,11100.67,both,-11098.1,False
2022-10-31,2.650000095367432,11372.79,both,-11370.14,False
2022-11-01,2.720000028610229,11432.79,both,-11430.07,False
2022-11-02,2.7100000381469727,11242.07,both,-11239.36,False
2022-11-03,2.640000104904175,11262.4,both,-11259.76,False
2022-11-06,2.5899999141693115,11179.2,both,-11176.61,False
2022-11-07,2.5899999141693115,11443.71,both,-11441.12,False
2022-11-08,2.5199999809265137,11268.04,both,-11265.52,False
2022-11-09,2.440000057220459,11781.58,both,-11779.14,False
2022-11-10,2.5,11756.56,both,-11754.06,False
2022-11-13,2.549999952316284,11980.62,both,-11978.07,False
2022-11-14,2.549999952316284,12136.37,both,-12133.82,False
2022-11-15,2.539999961853028,12137.0,both,-12134.46,False
2022-11-16,2.640000104904175,12341.2,both,-12338.56,False
2022-11-17,2.650000095367432,12515.71,both,-12513.06,False
2022-11-20,2.5799999237060547,12523.84,both,-12521.26,False
2022-11-21,2.569999933242798,12449.9,both,-12447.33,False
2022-11-22,2.6600000858306885,12622.34,both,-12619.68,False
2022-11-23,2.6700000762939453,12600.09,both,-12597.42,False
2022-11-24,2.650000095367432,12779.44,both,-12776.79,False
2022-11-27,2.6600000858306885,13009.48,both,-13006.82,False
2022-11-28,2.5999999046325684,12917.22,both,-12914.62,False
2022-11-29,2.6600000858306885,13184.26,both,-13181.6,False
2022-11-30,2.650000095367432,13259.26,both,-13256.61,False
2022-12-01,2.640000104904175,13639.73,both,-13637.09,False
2022-12-04,2.6600000858306885,14078.53,both,-14075.87,False
2022-12-05,2.619999885559082,14327.77,both,-14325.15,False
2022-12-06,2.619999885559082,14498.29,both,-14495.67,False
2022-12-07,2.759999990463257,14787.05,both,-14784.29,False
2022-12-08,2.700000047683716,14838.31,both,-14835.61,False
2022-12-11,2.740000009536743,14587.7,both,-14584.96,False
2022-12-12,2.859999895095825,14723.71,both,-14720.85,False
2022-12-13,2.940000057220459,15150.31,both,-15147.37,False
2022-12-14,3.5199999809265137,15378.28,both,-15374.76,False
2022-12-15,3.25,15141.55,both,-15138.3,False
2022-12-18,3.2300000190734863,14843.05,both,-14839.82,False
2022-12-19,3.0899999141693115,14738.6,both,-14735.51,False
2022-12-20,3.319999933242798,14523.26,both,-14519.94,False
2022-12-21,3.289999961853028,14541.98,both,-14538.69,False
2022-12-22,3.309999942779541,14482.93,both,-14479.62,False
2022-12-25,3.1700000762939453,14385.3,both,-14382.13,False
2022-12-26,3.25,14560.41,both,-14557.16,False
2022-12-27,3.190000057220459,14485.18,both,-14481.99,False
2022-12-28,3.220000028610229,14578.21,both,-14574.99,False
2022-12-29,3.1700000762939453,14598.53,both,-14595.36,False
2023-01-02,3.2100000381469727,14960.66,both,-14957.45,False
2023-01-03,3.240000009536743,15068.13,both,-15064.89,False
2023-01-04,3.119999885559082,15557.46,both,-15554.34,False
2023-01-05,3.049999952316284,16002.18,both,-15999.13,False
2023-01-09,3.049999952316284,16096.87,both,-16093.82,False
2023-01-10,2.880000114440918,15462.57,both,-15459.69,False
2023-01-11,2.690000057220459,15528.1,both,-15525.41,False
2023-01-12,2.539999961853028,15551.47,both,-15548.93,False
2023-01-15,2.559999942779541,15561.25,both,-15558.69,False
2023-01-16,2.809999942779541,15837.91,both,-15835.1,False
2023-01-17,2.799999952316284,15981.88,both,-15979.08,False
2023-01-18,2.75,15987.15,both,-15984.4,False
2023-01-19,2.740000009536743,16065.98,both,-16063.24,False
2023-01-22,2.7300000190734863,16118.85,both,-16116.12,False
2023-01-23,2.799999952316284,16183.49,both,-16180.69,False
2023-01-24,2.7300000190734863,16440.53,both,-16437.8,False
2023-01-25,2.759999990463257,16791.11,both,-16788.35,False
2023-01-29,2.75,17411.46,both,-17408.71,False
2023-01-30,2.650000095367432,17026.64,both,-17023.99,False
2023-01-31,2.539999961853028,16446.38,both,-16443.84,False
2023-02-01,2.549999952316284,16407.79,both,-16405.24,False
2023-02-02,2.509999990463257,16255.73,both,-16253.22,False
2023-02-05,2.450000047683716,16265.92,both,-16263.47,False
2023-02-06,2.450000047683716,16587.06,both,-16584.61,False
2023-02-07,2.5199999809265137,16900.43,both,-16897.91,False
2023-02-08,2.5,16948.08,both,-16945.58,False
2023-02-09,2.630000114440918,17613.78,both,-17611.15,False
2023-02-12,2.630000114440918,17287.09,both,-17284.46,False
2023-02-13,2.640000104904175,17214.56,both,-17211.92,False
2023-02-14,2.7100000381469727,17430.98,both,-17428.27,False
2023-02-15,2.7799999713897705,17522.56,both,-17519.78,False
2023-02-16,2.7100000381469727,17488.87,both,-17486.16,False
2023-02-19,2.680000066757202,17326.61,both,-17323.93,False
2023-02-20,2.5999999046325684,16814.0,both,-16811.4,False
2023-02-21,2.6600000858306885,17039.45,both,-17036.79,False
2023-02-22,2.5999999046325684,16777.2,both,-16774.6,False
2023-02-23,2.650000095367432,17003.9,both,-17001.25,False
2023-02-26,2.6600000858306885,17213.01,both,-17210.35,False
2023-02-27,2.6700000762939453,17098.16,both,-17095.49,False
2023-02-28,2.650000095367432,17002.08,both,-16999.43,False
2023-03-01,2.789999961853028,17123.01,both,-17120.22,False
2023-03-02,2.740000009536743,16846.79,both,-16844.05,False
2023-03-05,2.720000028610229,16827.65,both,-16824.93,False
2023-03-06,2.7100000381469727,16803.89,both,-16801.18,False
2023-03-07,2.630000114440918,16432.56,both,-16429.93,False
2023-03-08,2.630000114440918,16315.62,both,-16312.99,False
2023-03-09,2.6600000858306885,16454.31,both,-16451.65,False
2023-03-12,2.549999952316284,15936.89,both,-15934.34,False
2023-03-13,2.299999952316284,15438.5,both,-15436.2,False
2023-03-14,2.3499999046325684,15362.25,both,-15359.9,False
2023-03-15,2.0999999046325684,14724.44,both,-14722.34,False
2023-03-16,2.0899999141693115,14704.18,both,-14702.09,False
2023-03-19,2.059999942779541,14681.12,both,-14679.06,False
2023-03-20,2.240000009536743,14923.81,both,-14921.57,False
2023-03-21,2.3299999237060547,15325.66,both,-15323.33,False
2023-03-22,2.25,15253.22,both,-15250.97,False
2023-03-23,2.25,15625.08,both,-15622.83,False
2023-03-26,2.3399999141693115,15989.18,both,-15986.84,False
2023-03-27,2.2799999713897705,15950.09,both,-15947.81,False
2023-03-28,2.240000009536743,15906.42,both,-15904.18,False
2023-03-29,2.309999942779541,16411.37,both,-16409.06,False
2023-03-30,2.220000028610229,16418.53,both,-16416.31,False
2023-04-02,2.299999952316284,16694.46,both,-16692.16,False
2023-04-03,2.4200000762939453,17056.89,both,-17054.47,False
2023-04-04,2.400000095367432,16998.35,both,-16995.95,False
2023-04-05,2.400000095367432,17019.25,both,-17016.85,False
2023-04-06,2.369999885559082,16709.28,both,-16706.91,False
2023-04-09,2.369999885559082,16674.87,both,-16672.5,False
2023-04-10,2.359999895095825,16774.64,both,-16772.28,False
2023-04-11,2.380000114440918,17011.68,both,-17009.3,False
2023-04-12,2.369999885559082,16741.45,both,-16739.08,False
2023-04-13,2.359999895095825,17671.27,both,-17668.91,False
2023-04-18,2.380000114440918,17538.97,both,-17536.59,False
2023-04-19,2.430000066757202,17516.04,both,-17513.61,False
2023-04-26,2.4600000381469727,17452.22,both,-17449.76,False
2023-04-27,2.539999961853028,17796.91,both,-17794.37,False
2023-04-30,2.440000057220459,17667.74,both,-17665.3,False
2023-05-01,2.440000057220459,17310.83,both,-17308.39,False
2023-05-02,2.4100000858306885,17300.56,both,-17298.15,False
2023-05-03,2.390000104904175,17295.27,both,-17292.88,False
2023-05-07,2.390000104904175,17235.31,both,-17232.92,False
2023-05-08,2.450000047683716,17642.97,both,-17640.52,False
2023-05-09,2.390000104904175,17326.27,both,-17323.88,False
2023-05-10,2.470000028610229,17494.73,both,-17492.26,False
2023-05-11,2.390000104904175,17270.69,both,-17268.3,False
2023-05-14,2.390000104904175,17369.13,both,-17366.74,False
2023-05-15,2.3299999237060547,17135.55,both,-17133.22,False
2023-05-16,2.319999933242798,17033.99,both,-17031.67,False
2023-05-17,2.2799999713897705,16844.01,both,-16841.73,False
2023-05-18,2.259999990463257,16745.54,both,-16743.28,False
2023-05-21,2.2799999713897705,16860.88,both,-16858.6,False
2023-05-22,2.299999952316284,16764.41,both,-16762.11,False
2023-05-23,2.319999933242798,16787.71,both,-16785.39,False
2023-05-24,2.4100000858306885,17090.56,both,-17088.15,False
2023-05-25,2.369999885559082,17043.62,both,-17041.25,False
2023-05-28,2.440000057220459,17131.45,both,-17129.01,False
2023-05-29,2.509999990463257,17211.84,both,-17209.33,False
2023-05-30,2.5299999713897705,17534.59,both,-17532.06,False
2023-05-31,2.5,17495.77,both,-17493.27,False
2023-06-01,2.549999952316284,17533.31,both,-17530.76,False
2023-06-04,2.6700000762939453,17455.48,both,-17452.81,False
2023-06-05,2.619999885559082,17345.9,both,-17343.28,False
2023-06-06,2.569999933242798,17491.18,both,-17488.61,False
2023-06-07,2.539999961853028,17347.57,both,-17345.03,False
2023-06-08,2.5299999713897705,17521.36,both,-17518.83,False
2023-06-11,2.5199999809265137,17739.63,both,-17737.11,False
2023-06-12,2.5299999713897705,17704.58,both,-17702.05,False
2023-06-13,2.4600000381469727,17866.81,both,-17864.35,False
2023-06-14,2.440000057220459,17873.28,both,-17870.84,False
2023-06-15,2.4800000190734863,17881.52,both,-17879.04,False
2023-06-18,2.5199999809265137,18026.17,both,-18023.65,False
2023-06-19,2.5,17988.95,both,-17986.45,False
2023-06-20,2.4800000190734863,17921.92,both,-17919.44,False
2023-06-21,2.430000066757202,17706.08,both,-17703.65,False
2023-06-22,2.4100000858306885,17712.93,both,-17710.52,False
2023-06-25,2.3299999237060547,17287.64,both,-17285.31,False
2023-06-26,2.359999895095825,17665.29,both,-17662.93,False
2023-07-04,2.359999895095825,17466.18,both,-17463.82,False
2023-07-05,2.3299999237060547,17380.33,both,-17378.0,False
2023-07-06,2.299999952316284,17102.3,both,-17100.0,False
2023-07-09,2.0999999046325684,16555.12,both,-16553.02,False
2023-07-10,2.2300000190734863,16963.13,both,-16960.9,False
2023-07-11,2.25,17155.23,both,-17152.98,False
2023-07-12,2.220000028610229,17144.22,both,-17142.0,False
2023-07-13,2.2300000190734863,17342.29,both,-17340.06,False
2023-07-16,2.2300000190734863,17343.13,both,-17340.9,False
2023-07-17,2.220000028610229,17512.01,both,-17509.79,False
2023-07-18,2.25,17608.32,both,-17606.07,False
2023-07-19,2.25,17578.67,both,-17576.42,False
2023-07-24,2.2300000190734863,17550.23,both,-17548.0,False
2023-07-25,2.190000057220459,17479.94,both,-17477.75,False
2023-07-26,2.180000066757202,17396.24,both,-17394.06,False
2023-07-27,2.180000066757202,17339.06,both,-17336.88,False
2023-07-30,2.200000047683716,17554.56,both,-17552.36,False
2023-07-31,2.2100000381469727,17595.92,both,-17593.71,False
2023-08-01,2.2300000190734863,17514.11,both,-17511.88,False
2023-08-02,2.180000066757202,17455.6,both,-17453.42,False
2023-08-03,2.180000066757202,17451.44,both,-17449.26,False
2023-08-06,2.2300000190734863,17697.49,both,-17695.26,False
2023-08-07,2.369999885559082,17839.48,both,-17837.11,False
2023-08-08,2.309999942779541,17748.89,both,-17746.58,False
2023-08-09,2.309999942779541,17763.63,both,-17761.32,False
2023-08-10,2.299999952316284,17710.2,both,-17707.9,False
2023-08-13,2.2799999713897705,17856.07,both,-17853.79,False
2023-08-14,2.400000095367432,17897.5,both,-17895.1,False
2023-08-15,2.369999885559082,17965.32,both,-17962.95,False
2023-08-16,2.450000047683716,18062.5,both,-18060.05,False
2023-08-17,2.430000066757202,17969.27,both,-17966.84,False
2023-08-20,2.390000104904175,18033.22,both,-18030.83,False
2023-08-21,2.4800000190734863,17920.48,both,-17918.0,False
2023-08-22,2.509999990463257,18216.63,both,-18214.12,False
2023-08-23,2.5199999809265137,18133.42,both,-18130.9,False
2023-08-24,2.4600000381469727,18207.82,both,-18205.36,False
2023-08-27,2.4600000381469727,18516.59,both,-18514.13,False
2023-08-28,2.400000095367432,18584.84,both,-18582.44,False
2023-08-29,2.4200000762939453,18629.34,both,-18626.92,False
2023-08-30,2.430000066757202,18818.15,both,-18815.72,False
2023-08-31,2.430000066757202,18873.82,both,-18871.39,False
2023-09-03,2.450000047683716,18726.01,both,-18723.56,False
2023-09-04,2.4100000858306885,18910.99,both,-18908.58,False
2023-09-05,2.390000104904175,19044.39,both,-19042.0,False
2023-09-06,2.430000066757202,19224.52,both,-19222.09,False
2023-09-07,2.390000104904175,19375.68,both,-19373.29,False
2023-09-10,2.390000104904175,19577.85,both,-19575.46,False
2023-09-11,2.3399999141693115,19278.72,both,-19276.38,False
2023-09-12,2.309999942779541,19144.09,both,-19141.78,False
2023-09-13,2.369999885559082,19361.7,both,-19359.33,False
2023-09-14,2.400000095367432,19540.33,both,-19537.93,False
2023-09-17,2.369999885559082,19668.82,both,-19666.45,False
2023-09-18,2.4200000762939453,19751.78,both,-19749.36,False
2023-09-19,2.390000104904175,19954.3,both,-19951.91,False
2023-09-20,2.390000104904175,19797.23,both,-19794.84,False
2023-09-21,2.390000104904175,20080.57,both,-20078.18,False
2023-09-24,2.390000104904175,20213.7,both,-20211.31,False
2023-09-25,2.2799999713897705,20320.56,both,-20318.28,False
2023-09-26,2.289999961853028,20354.86,both,-20352.57,False
2023-09-27,2.289999961853028,20174.28,both,-20171.99,False
2023-10-01,2.289999961853028,20054.72,both,-20052.43,False
2023-10-02,2.180000066757202,19901.24,both,-19899.06,False
2023-10-03,2.180000066757202,19706.96,both,-19704.78,False
2023-10-04,2.2100000381469727,19873.31,both,-19871.1,False
2023-10-08,2.0999999046325684,19357.42,both,-19355.32,False
2023-10-09,2.0999999046325684,19409.78,both,-19407.68,False
2023-10-10,2.119999885559082,19724.32,both,-19722.2,False
2023-10-11,2.130000114440918,19653.49,both,-19651.36,False
2023-10-12,2.150000095367432,20002.1,both,-19999.95,False
2023-10-15,2.1600000858306885,20324.96,both,-20322.8,False
2023-10-16,2.1600000858306885,21032.35,both,-21030.19,False
2023-10-17,2.220000028610229,22073.95,both,-22071.73,False
2023-10-18,2.2100000381469727,22117.4,both,-22115.19,False
2023-10-19,2.2100000381469727,21616.6,both,-21614.39,False
2023-10-22,2.2300000190734863,22128.49,both,-22126.26,False
2023-10-23,2.25,22572.49,both,-22570.24,False
2023-10-24,2.2300000190734863,22377.39,both,-22375.16,False
2023-10-25,2.390000104904175,23131.96,both,-23129.57,False
2023-10-26,2.3499999046325684,23262.27,both,-23259.92,False
2023-10-29,2.3499999046325684,23086.72,both,-23084.37,False
2023-10-30,2.369999885559082,23435.65,both,-23433.28,False
2023-10-31,2.2799999713897705,22550.65,both,-22548.37,False
2023-11-01,2.4200000762939453,22433.38,both,-22430.96,False
2023-11-02,2.400000095367432,22639.59,both,-22637.19,False
2023-11-05,2.430000066757202,23094.69,both,-23092.26,False
2023-11-06,2.4600000381469727,23059.15,both,-23056.69,False
2023-11-07,2.4600000381469727,23393.41,both,-23390.95,False
2023-11-08,2.4200000762939453,23986.56,both,-23984.14,False
2023-11-09,2.369999885559082,24312.92,both,-24310.55,False
2023-11-12,2.4800000190734863,23910.66,both,-23908.18,False
2023-11-13,2.509999990463257,23954.96,both,-23952.45,False
2023-11-14,2.450000047683716,23894.06,both,-23891.61,False
2023-11-15,2.470000028610229,24138.8,both,-24136.33,False
2023-11-16,2.5799999237060547,24383.27,both,-24380.69,False
2023-11-19,2.619999885559082,24899.59,both,-24896.97,False
2023-11-20,2.559999942779541,24760.02,both,-24757.46,False
2023-11-21,2.5899999141693115,24774.04,both,-24771.45,False
2023-11-22,2.5999999046325684,25029.57,both,-25026.97,False
2023-11-23,2.7100000381469727,25519.49,both,-25516.78,False
2023-11-26,2.680000066757202,25300.32,both,-25297.64,False
2023-11-27,2.700000047683716,25905.54,both,-25902.84,False
2023-11-28,2.700000047683716,25121.73,both,-25119.03,False
2023-11-29,2.809999942779541,24759.16,both,-24756.35,False
2023-11-30,2.940000057220459,24735.39,both,-24732.45,False
2023-12-03,2.819999933242798,24571.98,both,-24569.16,False
2023-12-04,2.8499999046325684,25265.41,both,-25262.56,False
2023-12-05,2.8499999046325684,25127.91,both,-25125.06,False
2023-12-06,2.7100000381469727,24703.55,both,-24700.84,False
2023-12-07,2.700000047683716,24686.16,both,-24683.46,False
2023-12-10,2.7100000381469727,24189.83,both,-24187.12,False
2023-12-11,2.6700000762939453,24182.06,both,-24179.39,False
2023-12-12,2.6600000858306885,24071.66,both,-24069.0,False
2023-12-13,2.75,24773.92,both,-24771.17,False
2023-12-14,2.7799999713897705,24722.82,both,-24720.04,False
2023-12-17,2.799999952316284,24792.14,both,-24789.34,False
2023-12-18,2.8299999237060547,25334.09,both,-25331.26,False
2023-12-19,2.799999952316284,25076.42,both,-25073.62,False
2023-12-20,2.75,24837.56,both,-24834.81,False
2023-12-21,2.759999990463257,24305.09,both,-24302.33,False
2023-12-24,2.759999990463257,23822.17,both,-23819.41,False
2023-12-25,2.690000057220459,24226.68,both,-24223.99,False
2023-12-26,2.619999885559082,23994.54,both,-23991.92,False
2023-12-27,2.6700000762939453,24351.12,both,-24348.45,False
2023-12-28,2.690000057220459,24691.43,both,-24688.74,False
2023-12-31,2.789999961853028,24894.26,both,-24891.47,False
2024-01-02,2.8299999237060547,25501.94,both,-25499.11,False
2024-01-03,2.900000095367432,25408.51,both,-25405.61,False
2024-01-04,2.930000066757202,25350.28,both,-25347.35,False
2024-01-08,3.509999990463257,25344.63,both,-25341.12,False
2024-01-09,3.630000114440918,25589.99,both,-25586.36,False
2024-01-10,3.4800000190734863,25466.75,both,-25463.27,False
2024-01-11,3.470000028610229,25519.25,both,-25515.78,False
2024-01-14,4.139999866485596,25974.84,both,-25970.7,False
2024-01-15,4.03000020980835,26250.73,both,-26246.7,False
2024-01-16,4.210000038146973,26938.14,both,-26933.93,False
2024-01-17,4.019999980926514,26758.26,both,-26754.24,False
2024-01-18,4.110000133514404,26842.67,both,-26838.56,False
2024-01-21,4.039999961853027,27719.37,both,-27715.33,False
2024-01-22,4.0,28050.33,both,-28046.33,False
2024-01-23,4.150000095367432,27587.0,both,-27582.85,False
2024-01-24,4.599999904632568,27666.18,both,-27661.58,False
2024-01-28,4.75,28625.76,both,-28621.01,False
2024-01-29,5.139999866485596,29227.79,both,-29222.65,False
2024-01-30,5.050000190734863,30347.3,both,-30342.25,False
2024-01-31,4.5,28281.91,both,-28277.41,False
2024-02-01,4.570000171661377,28434.37,both,-28429.8,False
2024-02-04,4.440000057220459,27573.5,both,-27569.06,False
2024-02-05,4.699999809265137,27665.75,both,-27661.05,False
2024-02-06,4.429999828338623,27270.63,both,-27266.2,False
2024-02-07,4.349999904632568,27905.95,both,-27901.6,False
2024-02-08,4.440000057220459,28411.41,both,-28406.97,False
2024-02-11,4.449999809265137,28199.04,both,-28194.59,False
2024-02-12,4.409999847412109,28494.72,both,-28490.31,False
2024-02-13,4.690000057220459,28604.54,both,-28599.85,False
2024-02-14,4.769999980926514,28874.99,both,-28870.22,False
2024-02-15,4.840000152587891,28926.15,both,-28921.31,False
2024-02-18,4.840000152587891,29125.57,both,-29120.73,False
2024-02-19,4.730000019073486,29452.4,both,-29447.67,False
2024-02-20,4.639999866485596,29330.66,both,-29326.02,False
2024-02-21,4.590000152587891,29292.05,both,-29287.46,False
2024-02-22,4.590000152587891,29309.73,both,-29305.14,False
2024-02-25,4.179999828338623,27840.86,both,-27836.68,False
2024-02-26,4.349999904632568,28931.92,both,-28927.57,False
2024-02-27,4.980000019073486,29205.16,both,-29200.18,False
2024-02-28,4.739999771118164,28876.46,both,-28871.72,False
2024-02-29,4.789999961853027,28964.41,both,-28959.62,False
2024-03-03,5.070000171661377,29058.33,both,-29053.26,False
2024-03-04,5.0,30542.33,both,-30537.33,False
2024-03-05,5.210000038146973,30668.89,both,-30663.68,False
2024-03-06,5.019999980926514,29743.11,both,-29738.09,False
2024-03-07,4.900000095367432,31300.54,both,-31295.64,False
2024-03-10,5.059999942779541,32919.95,both,-32914.89,False
2024-03-11,4.820000171661377,33382.51,both,-33377.69,False
2024-03-12,4.5,32661.61,both,-32657.11,False
2024-03-13,4.489999771118164,31013.88,both,-31009.39,False
2024-03-14,4.699999809265137,31316.43,both,-31311.73,False
2024-03-17,4.5,31061.88,both,-31057.38,False
2024-03-18,4.179999828338623,29091.29,both,-29087.11,False
2024-03-19,4.03000020980835,28675.7,both,-28671.67,False
2024-03-20,4.199999809265137,28589.37,both,-28585.17,False
2024-03-21,4.53000020980835,29054.96,both,-29050.43,False
2024-03-24,4.519999980926514,29060.02,both,-29055.5,False
2024-03-25,4.519999980926514,29344.46,both,-29339.94,False
2024-03-26,4.940000057220459,29057.5,both,-29052.56,False
2024-03-27,4.699999809265137,28224.37,both,-28219.67,False
2024-03-28,4.650000095367432,27559.35,both,-27554.7,False
2024-03-31,4.239999771118164,26883.39,both,-26879.15,False
2024-04-01,4.630000114440918,28297.17,both,-28292.54,False
2024-04-02,4.440000057220459,27934.36,both,-27929.92,False
2024-04-03,4.630000114440918,27937.22,both,-27932.59,False
2024-04-04,4.599999904632568,28506.16,both,-28501.56,False
2024-04-07,4.519999980926514,28151.66,both,-28147.14,False
2024-04-08,4.539999961853027,28503.75,both,-28499.21,False
2024-04-15,4.579999923706055,29616.47,both,-29611.89,False
2024-04-16,4.519999980926514,29400.84,both,-29396.32,False
2024-04-17,4.599999904632568,29667.71,both,-29663.11,False
2024-04-18,4.309999942779541,28332.65,both,-28328.34,False
2024-04-21,4.300000190734863,28623.39,both,-28619.09,False
2024-04-22,4.21999979019165,28144.22,both,-28140.0,False
2024-04-23,3.9600000381469727,26777.05,both,-26773.09,False
2024-04-24,3.859999895095825,25917.59,both,-25913.73,False
2024-04-28,3.859999895095825,24639.63,both,-24635.77,False
2024-04-29,3.680000066757202,26011.28,both,-26007.6,False
2024-04-30,3.359999895095825,24448.73,both,-24445.37,False
2024-05-01,,25270.55,right_only,,False
2024-05-02,3.559999942779541,26113.71,both,-26110.15,False
2024-05-07,3.5199999809265137,26429.69,both,-26426.17,False
2024-05-08,3.4800000190734863,25988.93,both,-25985.45,False
2024-05-09,3.5299999713897705,26003.16,both,-25999.63,False
2024-05-12,3.289999961853028,25155.92,both,-25152.63,False
2024-05-13,3.190000057220459,25381.25,both,-25378.06,False
2024-05-14,3.059999942779541,25339.77,both,-25336.71,False
2024-05-15,3.0299999713897705,25316.08,both,-25313.05,False
2024-05-16,3.25,26142.84,both,-26139.59,False
2024-05-19,3.3499999046325684,27315.83,both,-27312.48,False
2024-05-20,3.849999904632568,27228.85,both,-27225.0,False
2024-05-21,3.700000047683716,27224.8,both,-27221.1,False
2024-05-22,3.569999933242798,27227.44,both,-27223.87,False
2024-05-23,3.559999942779541,27205.14,both,-27201.58,False
2024-05-26,3.559999942779541,27539.21,both,-27535.65,False
2024-05-27,3.549999952316284,27287.31,both,-27283.76,False
2024-05-28,3.700000047683716,27194.51,both,-27190.81,False
2024-05-29,3.680000066757202,27089.68,both,-27086.0,False
2024-05-30,3.559999942779541,26922.76,both,-26919.2,False
2024-06-02,3.539999961853028,26869.85,both,-26866.31,False
2024-06-03,3.549999952316284,26834.47,both,-26830.92,False
2024-06-04,3.569999933242798,26973.0,both,-26969.43,False
2024-06-05,3.5,26634.3,both,-26630.8,False
2024-06-06,3.4800000190734863,26428.65,both,-26425.17,False
2024-06-09,3.309999942779541,25659.13,both,-25655.82,False
2024-06-10,3.400000095367432,25896.56,both,-25893.16,False
2024-06-11,3.509999990463257,26082.29,both,-26078.78,False
2024-06-12,3.799999952316284,26133.39,both,-26129.59,False
2024-06-13,3.809999942779541,26417.6,both,-26413.79,False
2024-06-23,1.955000042915344,27062.37,both,-27060.415,False
2024-06-24,2.0799999237060547,26902.4,both,-26900.32,False
2024-06-25,2.025000095367432,27264.23,both,-27262.205,False
2024-06-26,2.059999942779541,27500.56,both,-27498.5,False
2024-06-27,2.075000047683716,27766.27,both,-27764.195,False
2024-07-01,,27969.59,right_only,,False
2024-07-02,2.0,27985.89,both,-27983.89,False
2024-07-03,1.9800000190734863,28161.17,both,-28159.19,False
2024-07-04,1.9700000286102293,28364.79,both,-28362.82,False
2024-07-07,1.9850000143051147,28602.14,both,-28600.155,False
2024-07-08,2.032999992370605,28411.87,both,-28409.837,False
2024-07-09,2.0510001182556152,28466.24,both,-28464.189,False
2024-07-10,2.013000011444092,28287.98,both,-28285.967,False
2024-07-14,1.9800000190734863,28042.06,both,-28040.08,False
2024-07-15,1.9800000190734863,27952.04,both,-27950.06,False
2024-07-16,2.0,27828.92,both,-27826.92,False
2024-07-17,2.130000114440918,28340.42,both,-28338.29,False
2024-07-18,2.119999885559082,28653.85,both,-28651.73,False
2024-07-21,2.109999895095825,28783.24,both,-28781.13,False
2024-07-22,2.0799999237060547,28992.34,both,-28990.26,False
2024-07-23,2.0799999237060547,29195.24,both,-29193.16,False
2024-07-24,2.069999933242798,29090.57,both,-29088.5,False
2024-07-28,2.119999885559082,29036.32,both,-29034.2,False
2024-07-29,2.369999885559082,28851.23,both,-28848.86,False
2024-07-30,2.309999942779541,29039.42,both,-29037.11,False
2024-07-31,2.259999990463257,29378.82,both,-29376.56,False
2024-08-01,2.309999942779541,29359.87,both,-29357.56,False
2024-08-04,2.2100000381469727,28503.63,both,-28501.42,False
2024-08-05,2.059999942779541,27840.64,both,-27838.58,False
2024-08-06,2.1600000858306885,28210.41,both,-28208.25,False
2024-08-07,2.25,28628.19,both,-28625.94,False
2024-08-08,2.25,28750.82,both,-28748.57,False
2024-08-11,2.2699999809265137,29532.67,both,-29530.4,False
2024-08-12,2.259999990463257,29706.7,both,-29704.44,False
2024-08-13,2.2100000381469727,29331.04,both,-29328.83,False
2024-08-14,2.299999952316284,29567.0,both,-29564.7,False
2024-08-15,2.2799999713897705,29629.14,both,-29626.86,False
2024-08-18,2.2100000381469727,29460.24,both,-29458.03,False
2024-08-19,2.2100000381469727,29320.18,both,-29317.97,False
2024-08-20,2.25,29915.24,both,-29912.99,False
2024-08-21,2.299999952316284,29914.29,both,-29911.99,False
2024-08-22,2.2300000190734863,30141.08,both,-30138.85,False
2024-08-25,2.359999895095825,30073.95,both,-30071.59,False
2024-08-26,2.319999933242798,30133.81,both,-30131.49,False
2024-08-27,2.319999933242798,30363.15,both,-30360.83,False
2024-08-28,2.450000047683716,30709.59,both,-30707.14,False
2024-08-29,2.609999895095825,30774.19,both,-30771.58,False
2024-09-01,2.700000047683716,30902.88,both,-30900.18,False
2024-09-02,2.7799999713897705,30731.98,both,-30729.2,False
2024-09-03,2.880000114440918,31018.48,both,-31015.6,False
2024-09-04,2.75,30998.19,both,-30995.44,False
2024-09-05,2.75,31029.7,both,-31026.95,False
2024-09-08,2.869999885559082,30273.73,both,-30270.86,False
2024-09-09,2.7799999713897705,30374.96,both,-30372.18,False
2024-09-10,2.7799999713897705,30104.35,both,-30101.57,False
2024-09-11,2.8299999237060547,30485.63,both,-30482.8,False
2024-09-12,2.740000009536743,30497.83,both,-30495.09,False
2024-09-16,2.640000104904175,30260.24,both,-30257.6,False
2024-09-17,2.559999942779541,30159.15,both,-30156.59,False
2024-09-18,2.75,30342.46,both,-30339.71,False
2024-09-19,2.75,30937.69,both,-30934.94,False
2024-09-22,2.9600000381469727,31038.41,both,-31035.45,False
2024-09-23,2.859999895095825,31022.54,both,-31019.68,False
2024-09-24,2.880000114440918,30871.1,both,-30868.22,False
2024-09-25,2.940000057220459,31250.64,both,-31247.7,False
2024-09-26,2.880000114440918,31276.91,both,-31274.03,False
2024-09-29,2.8299999237060547,31459.09,both,-31456.26,False
2024-09-30,2.809999942779541,31587.04,both,-31584.23,False
2024-10-01,2.819999933242798,31866.06,both,-31863.24,False
2024-10-02,2.720000028610229,31332.73,both,-31330.01,False
2024-10-03,2.7100000381469727,31720.5,both,-31717.79,False
2024-10-07,2.7699999809265137,31819.16,both,-31816.39,False
2024-10-08,2.680000066757202,30851.63,both,-30848.95,False
2024-10-09,2.690000057220459,31175.43,both,-31172.74,False
2024-10-10,3.059999942779541,30762.32,both,-30759.26,False
2024-10-13,3.220000028610229,29954.12,both,-29950.9,False
2024-10-14,2.940000057220459,30273.06,both,-30270.12,False
2024-10-15,2.9600000381469727,30584.24,both,-30581.28,False
2024-10-16,3.049999952316284,30545.11,both,-30542.06,False
2024-10-17,3.440000057220459,30143.86,both,-30140.42,False
2024-10-20,3.180000066757202,29528.79,both,-29525.61,False
2024-10-21,3.289999961853028,30445.2,both,-30441.91,False
2024-10-22,3.240000009536743,30427.35,both,-30424.11,False
2024-10-23,3.5,30414.05,both,-30410.55,False
2024-10-24,3.380000114440918,30552.82,both,-30549.44,False
2024-10-27,3.400000095367432,30812.23,both,-30808.83,False
2024-10-28,3.670000076293945,30773.53,both,-30769.86,False
2024-10-29,3.450000047683716,30619.96,both,-30616.51,False
2024-10-30,3.299999952316284,30371.26,both,-30367.96,False
2024-10-31,3.3399999141693115,30658.0,both,-30654.66,False
2024-11-03,3.3399999141693115,30833.13,both,-30829.79,False
2024-11-04,3.309999942779541,30650.04,both,-30646.73,False
2024-11-05,3.2799999713897705,30793.94,both,-30790.66,False
2024-11-06,3.390000104904175,31045.26,both,-31041.87,False
2024-11-07,3.400000095367432,31267.47,both,-31264.07,False
2024-11-10,3.400000095367432,31394.33,both,-31390.93,False
2024-11-11,3.369999885559082,31621.29,both,-31617.92,False
2024-11-12,3.3399999141693115,31582.39,both,-31579.05,False
2024-11-13,3.2699999809265137,31433.01,both,-31429.74,False
2024-11-14,3.2699999809265137,31462.21,both,-31458.94,False
2024-11-17,3.25,31252.07,both,-31248.82,False
2024-11-18,3.180000066757202,30864.34,both,-30861.16,False
2024-11-19,3.190000057220459,30688.3,both,-30685.11,False
2024-11-20,3.150000095367432,30587.99,both,-30584.84,False
2024-11-21,3.1700000762939453,30631.8,both,-30628.63,False
2024-11-24,3.119999885559082,30397.22,both,-30394.1,False
2024-11-25,3.049999952316284,30270.51,both,-30267.46,False
2024-11-26,3.039999961853028,30284.35,both,-30281.31,False
2024-11-27,3.0299999713897705,29846.04,both,-29843.01,False
2024-11-28,2.990000009536743,30242.13,both,-30239.14,False
2024-12-01,3.1700000762939453,30497.13,both,-30493.96,False
2024-12-02,3.1600000858306885,30525.32,both,-30522.16,False
2024-12-03,3.1600000858306885,30628.74,both,-30625.58,False
2024-12-04,3.3499999046325684,30832.61,both,-30829.26,False
2024-12-05,3.3499999046325684,30839.57,both,-30836.22,False
2024-12-08,3.4600000381469727,31060.51,both,-31057.05,False
2024-12-09,3.380000114440918,31005.12,both,-31001.74,False
2024-12-10,3.299999952316284,30617.83,both,-30614.53,False
2024-12-11,3.5199999809265137,30739.26,both,-30735.74,False
2024-12-12,3.470000028610229,30795.09,both,-30791.62,False
2024-12-15,3.4200000762939453,30776.0,both,-30772.58,False
2024-12-16,3.3299999237060547,30799.43,both,-30796.1,False
2024-12-17,3.430000066757202,30601.64,both,-30598.21,False
2024-12-18,3.3399999141693115,30503.07,both,-30499.73,False
2024-12-19,3.3299999237060547,30526.71,both,-30523.38,False
2024-12-22,3.109999895095825,30372.7,both,-30369.59,False
2024-12-23,2.9600000381469727,30118.38,both,-30115.42,False
2024-12-24,2.9200000762939453,29973.15,both,-29970.23,False
2024-12-25,2.890000104904175,30005.0,both,-30002.11,False
2024-12-26,2.890000104904175,29957.97,both,-29955.08,False
2024-12-29,2.789999961853028,29594.48,both,-29591.69,False
2024-12-30,2.7300000190734863,29325.2,both,-29322.47,False
2024-12-31,2.809999942779541,29740.58,both,-29737.77,False
2025-01-02,2.970000028610229,30060.48,both,-30057.51,False
2025-01-05,2.950000047683716,30183.61,both,-30180.66,False
2025-01-06,2.880000114440918,29929.64,both,-29926.76,False
2025-01-08,2.890000104904175,29785.91,both,-29783.02,False
2025-01-09,2.880000114440918,29444.65,both,-29441.77,False
2025-01-12,2.819999933242798,29277.45,both,-29274.63,False
2025-01-13,2.6600000858306885,28556.28,both,-28553.62,False
2025-01-14,2.6700000762939453,28967.09,both,-28964.42,False
2025-01-15,2.75,29389.93,both,-29387.18,False
2025-01-16,2.7100000381469727,29605.12,both,-29602.41,False
2025-01-19,2.740000009536743,29728.61,both,-29725.87,False
2025-01-20,2.680000066757202,29619.39,both,-29616.71,False
2025-01-21,2.7699999809265137,29826.58,both,-29823.81,False
2025-01-22,2.789999961853028,29979.14,both,-29976.35,False
2025-01-23,2.759999990463257,29997.69,both,-29994.93,False
2025-01-26,2.680000066757202,30034.85,both,-30032.17,False
2025-01-27,2.619999885559082,29742.12,both,-29739.5,False
2025-01-28,2.650000095367432,29646.6,both,-29643.95,False
2025-01-29,2.6600000858306885,29891.61,both,-29888.95,False
2025-01-30,2.619999885559082,30010.62,both,-30008.0,False
2025-02-02,2.640000104904175,29917.96,both,-29915.32,False
2025-02-03,2.5799999237060547,29754.77,both,-29752.19,False
2025-02-04,2.650000095367432,29668.47,both,-29665.82,False
2025-02-05,2.640000104904175,29735.59,both,-29732.95,False
2025-02-06,2.619999885559082,30011.84,both,-30009.22,False
2025-02-09,2.5799999237060547,30014.27,both,-30011.69,False
2025-02-10,2.559999942779541,29905.41,both,-29902.85,False
2025-02-11,2.4200000762939453,29564.21,both,-29561.79,False
2025-02-12,2.359999895095825,29661.99,both,-29659.63,False
2025-02-13,2.3499999046325684,29997.11,both,-29994.76,False
2025-02-16,2.4600000381469727,30443.82,both,-30441.36,False
2025-02-17,2.430000066757202,30436.71,both,-30434.28,False
2025-02-18,2.440000057220459,30587.81,both,-30585.37,False
2025-02-19,2.5,30875.28,both,-30872.78,False
2025-02-20,2.509999990463257,30914.72,both,-30912.21,False
2025-02-23,2.4800000190734863,31010.25,both,-31007.77,False
2025-02-24,2.4800000190734863,30925.29,both,-30922.81,False
2025-02-25,2.5,30654.92,both,-30652.42,False
2025-02-26,2.4800000190734863,30631.95,both,-30629.47,False
2025-02-27,2.430000066757202,30610.44,both,-30608.01,False
2025-03-02,2.430000066757202,30857.77,both,-30855.34,False
2025-03-03,2.440000057220459,30988.51,both,-30986.07,False
2025-03-04,2.430000066757202,30762.85,both,-30760.42,False
2025-03-05,2.380000114440918,30876.44,both,-30874.06,False
2025-03-06,2.369999885559082,30947.44,both,-30945.07,False
2025-03-09,2.4100000858306885,31130.68,both,-31128.27,False
2025-03-10,2.400000095367432,31137.03,both,-31134.63,False
2025-03-11,2.359999895095825,30935.23,both,-30932.87,False
2025-03-12,2.3499999046325684,31049.03,both,-31046.68,False
2025-03-13,2.3399999141693115,31290.62,both,-31288.28,False
2025-03-16,2.359999895095825,31338.34,both,-31335.98,False
2025-03-17,2.3499999046325684,31458.59,both,-31456.24,False
2025-03-18,2.390000104904175,31608.69,both,-31606.3,False
2025-03-19,2.390000104904175,31348.47,both,-31346.08,False
2025-03-20,2.380000114440918,31677.58,both,-31675.2,False
2025-03-23,2.359999895095825,31933.76,both,-31931.4,False
2025-03-24,2.3499999046325684,31810.98,both,-31808.63,False
2025-03-25,2.319999933242798,31761.97,both,-31759.65,False
2025-03-26,2.359999895095825,31744.3,both,-31741.94,False
2025-03-27,2.359999895095825,32026.14,both,-32023.78,False
2025-04-03,2.359999895095825,31699.58,both,-31697.22,False
2025-04-06,2.259999990463257,30639.52,both,-30637.26,False
2025-04-07,2.259999990463257,30453.94,both,-30451.68,False
2025-04-08,2.2799999713897705,30648.98,both,-30646.7,False
2025-04-09,2.289999961853028,30079.93,both,-30077.64,False
2025-04-10,2.3299999237060547,30810.7,both,-30808.37,False
2025-04-13,2.569999933242798,31174.62,both,-31172.05,False
2025-04-14,2.609999895095825,31182.37,both,-31179.76,False
2025-04-15,2.720000028610229,31185.03,both,-31182.31,False
2025-04-16,2.680000066757202,31030.7,both,-31028.02,False
2025-04-17,2.799999952316284,31062.95,both,-31060.15,False
2025-04-22,2.7799999713897705,30844.18,both,-30841.4,False
2025-04-23,2.859999895095825,31640.22,both,-31637.36,False
2025-04-27,2.8499999046325684,31855.12,both,-31852.27,False
2025-04-28,2.9600000381469727,32015.02,both,-32012.06,False
2025-04-29,2.9200000762939453,32043.48,both,-32040.56,False
2025-04-30,2.940000057220459,32126.22,both,-32123.28,False
2025-05-04,2.880000114440918,32351.66,both,-32348.78,False
2025-05-05,2.880000114440918,32211.75,both,-32208.87,False
2025-05-06,2.859999895095825,32285.45,both,-32282.59,False
2025-05-07,2.809999942779541,31840.44,both,-31837.63,False
2025-05-08,2.799999952316284,31772.04,both,-31769.24,False
2025-05-11,2.75,31427.98,both,-31425.23,False
2025-05-12,2.819999933242798,31577.01,both,-31574.19,False
2025-05-13,2.7799999713897705,31692.77,both,-31689.99,False
2025-05-14,2.7699999809265137,31827.86,both,-31825.09,False
2025-05-15,2.720000028610229,31941.15,both,-31938.43,False
2025-05-18,2.700000047683716,31713.7,both,-31711.0,False
2025-05-19,2.759999990463257,31355.82,both,-31353.06,False
2025-05-20,2.7699999809265137,31629.34,both,-31626.57,False
2025-05-21,2.759999990463257,31836.63,both,-31833.87,False
2025-05-22,2.700000047683716,31975.63,both,-31972.93,False
2025-05-25,2.690000057220459,32023.89,both,-32021.2,False
2025-05-26,2.630000114440918,31922.5,both,-31919.87,False
2025-05-27,2.819999933242798,32397.38,both,-32394.56,False
2025-05-28,2.740000009536743,32493.89,both,-32491.15,False
2025-05-29,2.740000009536743,32696.79,both,-32694.05,False
2025-06-01,2.75,32500.03,both,-32497.28,False
2025-06-02,2.740000009536743,32325.12,both,-32322.38,False
2025-06-03,2.799999952316284,32355.41,both,-32352.61,False
2025-06-04,2.859999895095825,32677.87,both,-32675.01,False
2025-06-10,2.900000095367432,32904.06,both,-32901.16,False
2025-06-11,3.0299999713897705,32935.19,both,-32932.16,False
2025-06-12,2.880000114440918,32511.68,both,-32508.8,False
2025-06-15,2.6700000762939453,31016.0,both,-31013.33,False
2025-06-16,2.740000009536743,31042.36,both,-31039.62,False
2025-06-17,2.630000114440918,30725.96,both,-30723.33,False
2025-06-18,2.720000028610229,30838.98,both,-30836.26,False
2025-06-19,2.650000095367432,30248.44,both,-30245.79,False
2025-06-22,2.7699999809265137,31055.98,both,-31053.21,False
2025-06-23,2.789999961853028,31418.74,both,-31415.95,False
2025-06-24,2.799999952316284,32598.55,both,-32595.75,False
2025-06-25,2.8499999046325684,33002.85,both,-33000.0,False
2025-06-29,2.890000104904175,33206.76,both,-33203.87,False
2025-06-30,3.150000095367432,32857.62,both,-32854.47,False
2025-07-01,3.200000047683716,32707.22,both,-32704.02,False
2025-07-02,3.190000057220459,32820.49,both,-32817.3,False
2025-07-06,3.180000066757202,,left_only,,False
2025-07-07,3.299999952316284,33037.62,both,-33034.32,False
2025-07-09,3.3499999046325684,33152.39,both,-33149.04,False
2025-07-10,3.319999933242798,33324.38,both,-33321.06,False
2025-07-13,3.2799999713897705,33053.47,both,-33050.19,False
2025-07-14,3.369999885559082,33727.44,both,-33724.07,False
2025-07-15,3.25,33934.63,both,-33931.38,False
2025-07-16,3.380000114440918,33473.77,both,-33470.39,False
2025-07-17,3.2699999809265137,33821.03,both,-33817.76,False
2025-07-20,3.259999990463257,34071.0,both,-34067.74,False
2025-07-21,3.240000009536743,34129.59,both,-34126.35,False
2025-07-22,3.180000066757202,33803.34,both,-33800.16,False
2025-07-23,3.180000066757202,34125.12,both,-34121.94,False
2025-07-27,3.1600000858306885,34554.24,both,-34551.08,False
2025-07-28,3.049999952316284,34076.22,both,-34073.17,False
2025-07-29,3.130000114440918,34085.74,both,-34082.61,False
2025-07-30,3.119999885559082,33859.68,both,-33856.56,False
2025-07-31,3.1700000762939453,34198.0,both,-34194.83,False
2025-08-03,3.1700000762939453,34272.16,both,-34268.99,False
2025-08-04,3.1700000762939453,34704.51,both,-34701.34,False
2025-08-05,3.1700000762939453,35254.18,both,-35251.01,False
2025-08-06,3.1700000762939453,35480.25,both,-35477.08,False
2025-08-07,3.1700000762939453,35809.36,both,-35806.19,False
2025-08-10,3.289999961853028,36109.77,both,-36106.48,False
2025-08-11,3.200000047683716,35908.5,both,-35905.3,False
2025-08-12,3.240000009536743,36003.65,both,-36000.41,False
2025-08-13,3.2100000381469727,35855.26,both,-35852.05,False
2025-08-14,3.200000047683716,35576.42,both,-35573.22,False
2025-08-17,3.200000047683716,35972.77,both,-35969.57,False
2025-08-18,3.220000028610229,35824.78,both,-35821.56,False
2025-08-19,3.240000009536743,36100.07,both,-36096.83,False
2025-08-20,3.2100000381469727,35731.83,both,-35728.62,False
2025-08-21,3.1600000858306885,35622.26,both,-35619.1,False
2025-08-24,3.1600000858306885,35811.88,both,-35808.72,False
2025-08-25,3.119999885559082,35810.57,both,-35807.45,False
2025-08-26,3.049999952316284,35358.34,both,-35355.29,False
2025-08-27,3.1700000762939453,35676.19,both,-35673.02,False
2025-08-28,3.1700000762939453,35727.19,both,-35724.02,False
2025-08-31,3.069999933242798,35148.14,both,-35145.07,False
2025-09-01,3.109999895095825,35158.88,both,-35155.77,False
2025-09-02,3.140000104904175,35156.93,both,-35153.79,False
2025-09-03,3.069999933242798,34761.97,both,-34758.9,False
2025-09-07,3.0199999809265137,34455.41,both,-34452.39,False
2025-09-08,3.140000104904175,34601.53,both,-34598.39,False
2025-09-09,3.059999942779541,34386.33,both,-34383.27,False
2025-09-10,3.140000104904175,34670.1,both,-34666.96,False
2025-09-11,3.059999942779541,34937.44,both,-34934.38,False
2025-09-14,3.039999961853028,35111.82,both,-35108.78,False
2025-09-15,2.950000047683716,35165.84,both,-35162.89,False
2025-09-16,2.8399999141693115,34840.82,both,-34837.98,False
2025-09-17,2.8299999237060547,34974.84,both,-34972.01,False
2025-09-18,2.8299999237060547,35403.0,both,-35400.17,False
2025-09-21,2.799999952316284,35247.04,both,-35244.24,False
2025-09-22,2.859999895095825,35210.7,both,-35207.84,False
2025-09-23,2.869999885559082,35328.63,both,-35325.76,False
2025-09-24,2.8399999141693115,35949.12,both,-35946.28,False
2025-09-25,2.7799999713897705,35671.43,both,-35668.65,False
2025-09-28,2.809999942779541,36166.08,both,-36163.27,False
2025-09-29,2.9100000858306885,36391.0,both,-36388.09,False
2025-09-30,2.9100000858306885,36670.08,both,-36667.17,False
2025-10-01,2.900000095367432,36769.18,both,-36766.28,False
2025-10-02,2.869999885559082,36900.7,both,-36897.83,False
2025-10-05,2.880000114440918,37210.83,both,-37207.95,False
2025-10-06,2.8499999046325684,37094.8,both,-37091.95,False
2025-10-07,2.900000095367432,37097.37,both,-37094.47,False
2025-10-08,2.869999885559082,37376.93,both,-37374.06,False
2025-10-12,2.869999885559082,37378.58,both,-37375.71,False
2025-10-13,2.880000114440918,37409.85,both,-37406.97,False
2025-10-14,2.859999895095825,37459.13,both,-37456.27,False
2025-10-15,2.8399999141693115,37654.04,both,-37651.2,False
2025-10-16,2.900000095367432,37677.19,both,-37674.29,False
2025-10-19,2.9100000858306885,37909.61,both,-37906.7,False
2025-10-20,2.869999885559082,37975.06,both,-37972.19,False
2025-10-21,2.8299999237060547,37698.49,both,-37695.66,False
2025-10-22,2.819999933242798,37576.55,both,-37573.73,False
2025-10-23,2.869999885559082,37687.04,both,-37684.17,False
2025-10-26,2.859999895095825,38101.96,both,-38099.1,False
2025-10-27,2.9800000190734863,38162.01,both,-38159.03,False
2025-10-28,2.940000057220459,38304.94,both,-38302.0,False
2025-10-29,2.9100000858306885,38229.53,both,-38226.62,False
2025-10-30,2.890000104904175,38267.8,both,-38264.91,False
2025-11-02,2.869999885559082,38082.88,both,-38080.01,False
2025-11-03,2.900000095367432,38622.84,both,-38619.94,False
2025-11-04,2.9200000762939453,39065.73,both,-39062.81,False
2025-11-05,2.859999895095825,39132.25,both,-39129.39,False
2025-11-06,2.900000095367432,39949.66,both,-39946.76,False
2025-11-09,2.8499999046325684,40821.96,both,-40819.11,False
2025-11-10,2.9600000381469727,40427.35,both,-40424.39,False
2025-11-11,2.9600000381469727,40261.16,both,-40258.2,False
2025-11-12,2.9800000190734863,40228.76,both,-40225.78,False
2025-11-13,2.9200000762939453,40190.62,both,-40187.7,False
2025-11-16,2.900000095367432,41211.27,both,-41208.37,False
2025-11-17,2.900000095367432,41065.75,both,-41062.85,False
2025-11-18,2.869999885559082,40501.28,both,-40498.41,False
2025-11-19,2.8399999141693115,40509.16,both,-40506.32,False
2025-11-20,2.809999942779541,40302.39,both,-40299.58,False
2025-11-23,2.8399999141693115,40445.66,both,-40442.82,False
2025-11-24,2.789999961853028,39725.26,both,-39722.47,False
2025-11-25,2.7100000381469727,39902.53,both,-39899.82,False
2025-11-26,2.6700000762939453,39537.25,both,-39534.58,False
2025-11-27,2.7100000381469727,40039.24,both,-40036.53,False
2025-11-30,2.7799999713897705,40753.45,both,-40750.67,False
2025-12-01,2.7699999809265137,40693.92,both,-40691.15,False
2025-12-02,2.7799999713897705,40625.63,both,-40622.85,False
2025-12-03,2.789999961853028,41342.03,both,-41339.24,False
2025-12-04,2.7799999713897705,41499.07,both,-41496.29,False
2025-12-07,2.799999952316284,41762.43,both,-41759.63,False
2025-12-08,2.809999942779541,41963.24,both,-41960.43,False
2025-12-09,2.9200000762939453,41940.62,both,-41937.7,False
2025-12-10,2.940000057220459,42052.79,both,-42049.85,False
2025-12-11,2.940000057220459,42033.78,both,-42030.84,False
2025-12-14,3.390000104904175,42065.2,both,-42061.81,False
2025-12-15,3.299999952316284,42305.36,both,-42302.06,False
2025-12-16,3.289999961853028,42002.37,both,-41999.08,False
2025-12-17,3.450000047683716,41504.03,both,-41500.58,False
2025-12-18,3.4600000381469727,40926.86,both,-40923.4,False
2025-12-21,3.369999885559082,41348.38,both,-41345.01,False
2025-12-22,3.3299999237060547,41102.76,both,-41099.43,False
2025-12-23,3.2300000190734863,41419.32,both,-41416.09,False
2025-12-24,3.369999885559082,41508.31,both,-41504.94,False
2025-12-25,3.309999942779541,41253.02,both,-41249.71,False
2025-12-28,3.319999933242798,41604.74,both,-41601.42,False
2025-12-29,3.369999885559082,41731.68,both,-41728.31,False
2025-12-30,3.3499999046325684,41689.96,both,-41686.61,False
2025-12-31,3.4600000381469727,41828.97,both,-41825.51,False
2026-01-04,3.5999999046325684,40898.15,both,-40894.55,False
2026-01-05,3.5999999046325684,40676.98,both,-40673.38,False
2026-01-06,3.7899999618530273,41543.46,both,-41539.67,False
2026-01-08,3.700000047683716,41856.76,both,-41853.06,False
2026-01-11,3.859999895095825,42895.41,both,-42891.55,False
2026-01-12,3.799999952316284,43404.25,both,-43400.45,False
2026-01-13,3.700000047683716,43684.22,both,-43680.52,False
2026-01-14,3.660000085830689,43058.34,both,-43054.68,False
2026-01-15,3.7200000286102295,43346.87,both,-43343.15,False
2026-01-18,3.950000047683716,43952.52,both,-43948.57,False
2026-01-19,3.930000066757202,45048.44,both,-45044.51,False
2026-01-20,3.9700000286102295,45905.16,both,-45901.19,False
2026-01-21,3.9600000381469727,46048.69,both,-46044.73,False
2026-01-22,3.890000104904175,46462.32,both,-46458.43,False
2026-01-25,4.139999866485596,46857.73,both,-46853.59,False
2026-01-26,4.400000095367432,47507.43,both,-47503.03,False
2026-01-27,4.409999847412109,47834.55,both,-47830.14,False
2026-01-28,4.489999771118164,47785.93,both,-47781.44,False
2026-02-01,4.599999904632568,47662.74,both,-47658.14,False
2026-02-02,4.579999923706055,47606.28,both,-47601.7,False
2026-02-03,4.900000095367432,48978.48,both,-48973.58,False
2026-02-04,4.929999828338623,49631.56,both,-49626.63,False
2026-02-05,4.670000076293945,49739.03,both,-49734.36,False
2026-02-08,4.590000152587891,50035.23,both,-50030.64,False
2026-02-09,4.590000152587891,50293.53,both,-50288.94,False
2026-02-10,4.619999885559082,50376.15,both,-50371.53,False
2026-02-11,4.619999885559082,49700.24,both,-49695.62,False
2026-02-12,4.619999885559082,50490.2,both,-50485.58,False
2026-02-15,4.880000114440918,52308.32,both,-52303.44,False
2026-02-16,4.809999942779541,51493.53,both,-51488.72,False
2026-02-17,4.869999885559082,51833.76,both,-51828.89,False
2026-02-18,5.480000019073486,52222.34,both,-52216.86,False
2026-02-19,5.190000057220459,50667.67,both,-50662.48,False
2026-02-22,5.010000228881836,49560.88,both,-49555.87,False
2026-02-23,5.349999904632568,50870.06,both,-50864.71,False
2026-02-24,5.449999809265137,50390.21,both,-50384.76,False
2026-02-25,5.5,49014.32,both,-49008.82,False
2026-02-26,5.699999809265137,49212.83,both,-49207.13,False
2026-03-01,5.699999809265137,47984.26,both,-47978.56,False
2026-03-02,5.420000076293945,47692.49,both,-47687.07,False
2026-03-03,5.380000114440918,46725.81,both,-46720.43,False
2026-03-04,5.429999828338623,46452.14,both,-46446.71,False
2026-03-05,5.340000152587891,47516.44,both,-47511.1,False
2026-03-08,5.369999885559082,46774.24,both,-46768.87,False
2026-03-09,5.489999771118164,46414.85,both,-46409.36,False
2026-03-10,5.829999923706055,47772.74,both,-47766.91,False
2026-03-11,5.730000019073486,47195.39,both,-47189.66,False
2026-03-12,5.489999771118164,46790.96,both,-46785.47,False
2026-03-15,5.230000019073486,45926.93,both,-45921.7,False
2026-03-16,5.099999904632568,45187.72,both,-45182.62,False
2026-03-17,5.21999979019165,46054.61,both,-46049.39,False
2026-03-18,5.380000114440918,47611.96,both,-47606.58,False
2026-03-19,5.380000114440918,,left_only,,False
2026-03-24,5.340000152587891,46930.88,both,-46925.54,False
2026-03-25,5.190000057220459,47497.91,both,-47492.72,False
2026-03-26,5.150000095367432,47001.89,both,-46996.74,False
2026-03-29,5.170000076293945,46404.27,both,-46399.1,False
2026-03-30,5.139999866485596,45189.89,both,-45184.75,False
2026-03-31,5.079999923706055,45321.59,both,-45316.51,False
2026-04-01,5.260000228881836,46731.49,both,-46726.23,False
2026-04-02,5.159999847412109,46399.0,both,-46393.84,False
2026-04-05,5.159999847412109,47276.43,both,-47271.27,False
2026-04-06,5.349999904632568,47651.58,both,-47646.23,False
2026-04-07,5.230000019073486,46681.78,both,-46676.55,False
2026-04-08,5.320000171661377,48593.99,both,-48588.67,False
2026-04-09,5.21999979019165,49078.6,both,-49073.38,False
2026-04-12,,49078.6,right_only,,False
2026-04-14,5.550000190734863,49978.62,both,-49973.07,False
2026-04-15,5.539999961853027,50733.14,both,-50727.6,False
2026-04-16,5.480000019073486,51437.78,both,-51432.3,False
2026-04-19,5.550000190734863,52372.64,both,-52367.09,False
2026-04-20,5.420000076293945,51813.43,both,-51808.01,False
2026-04-21,5.599999904632568,51977.34,both,-51971.74,False
2026-04-22,6.110000133514404,51962.39,both,-51956.28,False
2026-04-23,6.099999904632568,52375.39,both,-52369.29,False
2026-04-26,6.409999847412109,52421.14,both,-52414.73,False
2026-04-27,6.440000057220459,52719.12,both,-52712.68,False
2026-04-28,6.300000190734863,52230.61,both,-52224.31,False
2026-04-29,6.860000133514404,52383.13,both,-52376.27,False
2026-04-30,6.570000171661377,51760.97,both,-51754.4,False
2026-05-03,6.550000190734863,52312.7,both,-52306.15,False
2026-05-04,6.289999961853027,51973.5,both,-51967.21,False
2026-05-05,6.349999904632568,52557.63,both,-52551.28,False
2026-05-06,6.519999980926514,53605.08,both,-53598.56,False
2026-05-10,7.25,54628.68,both,-54621.43,False
2026-05-11,7.28000020980835,54475.49,both,-54468.21,False
2026-05-12,7.099999904632568,54058.75,both,-54051.65,False
2026-05-13,7.21999979019165,53416.17,both,-53408.95,False
2026-05-14,7.599999904632568,53154.84,both,-53147.24,False
2026-05-17,7.349999904632568,52364.34,both,-52356.99,False
2026-05-18,7.449999809265137,52007.0,both,-51999.55,False
2026-05-19,7.409999847412109,52774.98,both,-52767.57,False
2026-05-20,7.110000133514404,51936.75,both,-51929.64,False
2026-05-21,7.110000133514404,52090.96,both,-52083.85,False
2026-05-24,7.650000095367432,52861.47,both,-52853.82,False
2026-05-25,7.480000019073486,52658.75,both,-52651.27,False
2026-05-26,7.480000019073486,,left_only,,False
2026-05-27,7.480000019073486,,left_only,,False
2026-05-28,7.480000019073486,,left_only,,False
2026-06-01,7.5,52853.94,both,-52846.44,False
2026-06-02,7.480000019073486,52927.02,both,-52919.54,False
2026-06-03,7.46999979019165,52564.42,both,-52556.95,False
2026-06-04,7.550000190734863,52652.53,both,-52644.98,False
2026-06-07,7.71999979019165,52164.6,both,-52156.88,False
2026-06-08,7.449999809265137,51882.81,both,-51875.36,False
2026-06-09,7.460000038146973,52374.8,both,-52367.34,False
2026-06-10,6.940000057220459,51256.65,both,-51249.71,False
2026-06-11,6.960000038146973,50818.84,both,-50811.88,False
2026-06-14,7.090000152587891,51994.63,both,-51987.54,False
2026-06-15,7.0,52306.66,both,-52299.66,False
2026-06-16,7.010000228881836,52047.15,both,-52040.14,False
2026-06-17,7.010000228881836,52621.84,both,-52614.83,False
2026-06-18,7.010000228881836,,left_only,,False
2026-06-21,7.429999828338623,52679.45,both,-52672.02,False
2026-06-22,7.429999828338623,52585.72,both,-52578.29,False
2026-06-23,7.099999904632568,51769.74,both,-51762.64,False
2026-06-24,7.400000095367432,51710.9,both,-51703.5,False
2026-06-25,7.400000095367432,51443.07,both,-51435.67,False
2026-06-28,7.119999885559082,50344.37,both,-50337.25,False
2026-06-29,7.300000190734863,49825.58,both,-49818.28,False
2026-06-30,7.679999828338623,50487.96,both,-50480.28,False
2026-07-01,7.699999809265137,50532.7,both,-50525.0,False
2026-07-05,7.909999847412109,51130.89,both,-51122.98,False
2026-07-06,8.279999732971191,52502.74,both,-52494.46,False
2026-07-07,8.050000190734863,53006.11,both,-52998.06,False
2026-07-08,7.800000190734863,52028.37,both,-52020.57,False
2026-07-09,8.0,52311.51,both,-52303.51,False
2026-07-12,8.260000228881836,52256.18,both,-52247.92,False
2026-07-13,8.289999961853027,52608.28,both,-52599.99,False
2026-07-14,8.130000114440918,52299.31,both,-52291.18,False
2026-07-15,7.96999979019165,52558.39,both,-52550.42,False
2026-07-16,7.889999866485596,52928.06,both,-52920.17,False
2026-07-19,7.690000057220459,52560.1,both,-52552.41,False
2026-07-20,7.840000152587891,53126.01,both,-53118.17,False
2026-07-21,7.579999923706055,53989.55,both,-53981.97,False
2026-07-22,7.760000228881836,53931.92,both,-53924.16,False
2026-07-26,7.590000152587891,,left_only,,False
2026-07-27,7.510000228881836,,left_only,,False
2026-07-28,7.400000095367432,,left_only,,False
2026-07-29,7.519999980926514,,left_only,,False
2026-07-30,7.5,,left_only,,False
