date,fetched_close,reference_close,_merge,diff,match
2014-12-23,,8710.6,right_only,,False
2014-12-24,,8766.12,right_only,,False
2014-12-25,,8740.12,right_only,,False
2014-12-28,,8745.16,right_only,,False
2014-12-29,,8958.13,right_only,,False
2014-12-30,,9005.75,right_only,,False
2014-12-31,,8926.58,right_only,,False
2015-01-04,,8942.65,right_only,,False
2015-01-05,,9011.07,right_only,,False
2015-01-06,,8798.94,right_only,,False
2015-01-08,,8946.34,right_only,,False
2015-01-11,,8909.75,right_only,,False
2015-01-12,,9109.23,right_only,,False
2015-01-13,,9308.98,right_only,,False
2015-01-14,,9544.08,right_only,,False
2015-01-15,,9555.99,right_only,,False
2015-01-18,,9530.92,right_only,,False
2015-01-19,,9599.1,right_only,,False
2015-01-20,,9804.18,right_only,,False
2015-01-21,,9856.3,right_only,,False
2015-01-22,,9898.86,right_only,,False
2015-01-26,,9834.81,right_only,,False
2015-01-27,,9946.58,right_only,,False
2015-01-28,,9863.73,right_only,,False
2015-01-29,,9843.1,right_only,,False
2015-02-01,,9779.76,right_only,,False
2015-02-02,,9830.46,right_only,,False
2015-02-03,,9954.34,right_only,,False
2015-02-04,,10045.93,right_only,,False
2015-02-05,,9965.43,right_only,,False
2015-02-08,,9957.93,right_only,,False
2015-02-09,,9884.46,right_only,,False
2015-02-10,,9900.65,right_only,,False
2015-02-11,,9770.78,right_only,,False
2015-02-12,,9747.36,right_only,,False
2015-02-15,,9789.79,right_only,,False
2015-02-16,,9585.92,right_only,,False
2015-02-17,,9433.85,right_only,,False
2015-02-18,,9537.23,right_only,,False
2015-02-19,,9481.2,right_only,,False
2015-02-22,,9494.55,right_only,,False
2015-02-23,,9601.14,right_only,,False
2015-02-24,,9611.66,right_only,,False
2015-02-25,,9469.08,right_only,,False
2015-02-26,,9334.01,right_only,,False
2015-03-01,,9283.59,right_only,,False
2015-03-02,,9456.33,right_only,,False
2015-03-03,,9475.27,right_only,,False
2015-03-04,,9461.06,right_only,,False
2015-03-05,,9575.98,right_only,,False
2015-03-08,,9638.41,right_only,,False
2015-03-09,,9713.61,right_only,,False
2015-03-10,,9709.5,right_only,,False
2015-03-11,,9576.46,right_only,,False
2015-03-12,,9640.77,right_only,,False
2015-03-15,,9726.03,right_only,,False
2015-03-16,,9529.01,right_only,,False
2015-03-17,,9561.33,right_only,,False
2015-03-18,,9484.08,right_only,,False
2015-03-19,,9518.28,right_only,,False
2015-03-22,,9354.73,right_only,,False
2015-03-23,,9374.12,right_only,,False
2015-03-24,,9367.54,right_only,,False
2015-03-25,,9198.46,right_only,,False
2015-03-26,,9052.5,right_only,,False
2015-03-29,,9062.99,right_only,,False
2015-03-30,,9118.97,right_only,,False
2015-03-31,,9134.78,right_only,,False
2015-04-01,,9099.33,right_only,,False
2015-04-02,,8891.73,right_only,,False
2015-04-05,,8607.66,right_only,,False
2015-04-06,,8508.24,right_only,,False
2015-04-07,,8716.37,right_only,,False
2015-04-08,,8788.9,right_only,,False
2015-04-09,,8892.53,right_only,,False
2015-04-14,,8927.53,right_only,,False
2015-04-15,,8896.68,right_only,,False
2015-04-16,,8886.84,right_only,,False
2015-04-19,,8765.34,right_only,,False
2015-04-20,,8595.78,right_only,,False
2015-04-21,,8575.27,right_only,,False
2015-04-22,,8629.49,right_only,,False
2015-04-23,,8731.29,right_only,,False
2015-04-26,,8633.86,right_only,,False
2015-04-27,,8493.68,right_only,,False
2015-04-28,,8330.52,right_only,,False
2015-04-29,,8488.49,right_only,,False
2015-04-30,,8672.29,right_only,,False
2015-05-03,,8562.97,right_only,,False
2015-05-04,,8652.12,right_only,,False
2015-05-05,,8828.33,right_only,,False
2015-05-06,,8756.31,right_only,,False
2015-05-07,,8742.42,right_only,,False
2015-05-10,,8692.0,right_only,,False
2015-05-11,,8691.85,right_only,,False
2015-05-12,,8674.34,right_only,,False
2015-05-13,,8526.43,right_only,,False
2015-05-14,,8303.37,right_only,,False
2015-05-17,,8260.92,right_only,,False
2015-05-18,,8798.17,right_only,,False
2015-05-19,,8877.68,right_only,,False
2015-05-20,,8826.45,right_only,,False
2015-05-21,,8988.03,right_only,,False
2015-05-24,,9121.92,right_only,,False
2015-05-25,,9050.76,right_only,,False
2015-05-26,,8975.32,right_only,,False
2015-05-27,,8966.71,right_only,,False
2015-05-28,,8912.05,right_only,,False
2015-05-31,,8782.55,right_only,,False
2015-06-01,,8745.04,right_only,,False
2015-06-02,,8847.59,right_only,,False
2015-06-03,,8905.6,right_only,,False
2015-06-04,,8780.76,right_only,,False
2015-06-07,,8728.87,right_only,,False
2015-06-08,,8672.33,right_only,,False
2015-06-09,,8660.93,right_only,,False
2015-06-10,,8639.43,right_only,,False
2015-06-11,,8626.46,right_only,,False
2015-06-14,,8534.13,right_only,,False
2015-06-15,,8515.63,right_only,,False
2015-06-16,,8556.1,right_only,,False
2015-06-17,,8556.55,right_only,,False
2015-06-18,,8576.71,right_only,,False
2015-06-21,,8535.19,right_only,,False
2015-06-22,,8489.41,right_only,,False
2015-06-23,,8444.93,right_only,,False
2015-06-24,,8456.82,right_only,,False
2015-06-25,,8406.17,right_only,,False
2015-06-28,,8511.98,right_only,,False
2015-06-29,,8371.53,right_only,,False
2015-07-02,,8314.72,right_only,,False
2015-07-05,,8218.25,right_only,,False
2015-07-06,,7870.78,right_only,,False
2015-07-07,,7752.94,right_only,,False
2015-07-08,,7550.98,right_only,,False
2015-07-09,,7617.39,right_only,,False
2015-07-12,,7691.35,right_only,,False
2015-07-13,,7587.07,right_only,,False
2015-07-14,,7686.91,right_only,,False
2015-07-15,,7882.62,right_only,,False
2015-07-16,,8022.91,right_only,,False
2015-07-21,,8049.69,right_only,,False
2015-07-22,,8087.24,right_only,,False
2015-07-26,,8004.83,right_only,,False
2015-07-27,,7887.87,right_only,,False
2015-07-28,,7949.89,right_only,,False
2015-07-29,,8105.69,right_only,,False
2015-07-30,,8191.53,right_only,,False
2015-08-02,,8158.31,right_only,,False
2015-08-03,,8087.54,right_only,,False
2015-08-04,,8181.95,right_only,,False
2015-08-05,,8114.08,right_only,,False
2015-08-09,,8011.06,right_only,,False
2015-08-10,,8028.69,right_only,,False
2015-08-11,,8083.18,right_only,,False
2015-08-12,,7911.88,right_only,,False
2015-08-13,,7879.82,right_only,,False
2015-08-16,,7625.76,right_only,,False
2015-08-17,,7594.05,right_only,,False
2015-08-18,,7398.43,right_only,,False
2015-08-19,,7240.77,right_only,,False
2015-08-20,,7172.63,right_only,,False
2015-08-23,,6784.09,right_only,,False
2015-08-24,,6654.06,right_only,,False
2015-08-25,,6836.95,right_only,,False
2015-08-26,,6873.49,right_only,,False
2015-08-27,,7078.83,right_only,,False
2015-08-30,,7055.28,right_only,,False
2015-08-31,,7252.43,right_only,,False
2015-09-01,,7203.86,right_only,,False
2015-09-02,,7150.47,right_only,,False
2015-09-03,,7295.96,right_only,,False
2015-09-06,,7273.92,right_only,,False
2015-09-07,,7166.62,right_only,,False
2015-09-08,,6924.05,right_only,,False
2015-09-09,,7050.02,right_only,,False
2015-09-10,,7039.33,right_only,,False
2015-09-13,,7082.0,right_only,,False
2015-09-14,,7158.1,right_only,,False
2015-09-15,,7175.59,right_only,,False
2015-09-16,,7266.42,right_only,,False
2015-09-17,,7267.52,right_only,,False
2015-09-20,,7234.46,right_only,,False
2015-09-21,,7285.25,right_only,,False
2015-09-22,,7346.54,right_only,,False
2015-09-28,,7409.06,right_only,,False
2015-09-29,,7331.53,right_only,,False
2015-09-30,,7332.88,right_only,,False
2015-10-01,,7310.71,right_only,,False
2015-10-04,,7263.29,right_only,,False
2015-10-05,,7239.27,right_only,,False
2015-10-07,,7354.56,right_only,,False
2015-10-08,,7491.67,right_only,,False
2015-10-11,,7547.66,right_only,,False
2015-10-12,,7650.65,right_only,,False
2015-10-13,,7669.12,right_only,,False
2015-10-15,,7594.45,right_only,,False
2015-10-18,,7538.22,right_only,,False
2015-10-19,,7621.67,right_only,,False
2015-10-20,,7658.95,right_only,,False
2015-10-21,,7669.14,right_only,,False
2015-10-22,,7611.03,right_only,,False
2015-10-25,,7653.14,right_only,,False
2015-10-26,,7577.53,right_only,,False
2015-10-27,,7534.08,right_only,,False
2015-10-28,,7479.59,right_only,,False
2015-10-29,,7507.89,right_only,,False
2015-11-01,,7413.01,right_only,,False
2015-11-02,,7434.69,right_only,,False
2015-11-03,,7432.96,right_only,,False
2015-11-04,,7450.36,right_only,,False
2015-11-05,,7541.72,right_only,,False
2015-11-08,,7347.22,right_only,,False
2015-11-09,,7138.81,right_only,,False
2015-11-10,,6824.74,right_only,,False
2015-11-11,,6801.9,right_only,,False
2015-11-12,,6806.67,right_only,,False
2015-11-15,,6522.12,right_only,,False
2015-11-16,,6480.65,right_only,,False
2015-11-17,,6407.33,right_only,,False
2015-11-18,,6413.97,right_only,,False
2015-11-19,,6568.97,right_only,,False
2015-11-22,,6607.53,right_only,,False
2015-11-23,,6451.32,right_only,,False
2015-11-24,,6321.39,right_only,,False
2015-11-25,,6391.07,right_only,,False
2015-11-26,,6427.82,right_only,,False
2015-11-29,,6477.73,right_only,,False
2015-11-30,,6356.65,right_only,,False
2015-12-01,,6424.88,right_only,,False
2015-12-02,,6649.72,right_only,,False
2015-12-03,,6779.28,right_only,,False
2015-12-06,,6837.42,right_only,,False
2015-12-07,,6777.81,right_only,,False
2015-12-08,,6608.01,right_only,,False
2015-12-09,,6629.32,right_only,,False
2015-12-10,,6637.91,right_only,,False
2015-12-13,,6395.2,right_only,,False
2015-12-14,,6408.12,right_only,,False
2015-12-15,,6421.0,right_only,,False
2015-12-16,,6488.51,right_only,,False
2015-12-17,,6669.8,right_only,,False
2015-12-20,,6707.66,right_only,,False
2015-12-21,,6762.26,right_only,,False
2015-12-22,,6769.08,right_only,,False
2015-12-24,,6812.65,right_only,,False
2015-12-27,,6749.11,right_only,,False
2015-12-28,,6744.47,right_only,,False
2015-12-29,,6794.75,right_only,,False
2015-12-30,,6981.01,right_only,,False
2015-12-31,,7006.01,right_only,,False
2016-01-03,,7089.06,right_only,,False
2016-01-04,,6982.25,right_only,,False
2016-01-05,,7021.42,right_only,,False
2016-01-06,,6922.71,right_only,,False
2016-01-10,,6782.35,right_only,,False
2016-01-11,,6634.98,right_only,,False
2016-01-12,,6463.92,right_only,,False
2016-01-13,,6205.23,right_only,,False
2016-01-14,,5857.7,right_only,,False
2016-01-17,,5760.19,right_only,,False
2016-01-18,,5941.19,right_only,,False
2016-01-19,,6097.45,right_only,,False
2016-01-20,,5776.59,right_only,,False
2016-01-21,,5713.35,right_only,,False
2016-01-24,,5893.54,right_only,,False
2016-01-26,,5896.56,right_only,,False
2016-01-27,,5960.59,right_only,,False
2016-01-28,,5986.78,right_only,,False
2016-01-31,,5992.72,right_only,,False
2016-02-01,,5906.92,right_only,,False
2016-02-02,,6008.85,right_only,,False
2016-02-03,,6066.54,right_only,,False
2016-02-04,,6202.22,right_only,,False
2016-02-07,,6126.47,right_only,,False
2016-02-08,,6174.77,right_only,,False
2016-02-09,,6004.41,right_only,,False
2016-02-10,,6062.65,right_only,,False
2016-02-11,,5813.72,right_only,,False
2016-02-14,,5753.74,right_only,,False
2016-02-15,,5800.05,right_only,,False
2016-02-16,,5894.6,right_only,,False
2016-02-17,,5947.7,right_only,,False
2016-02-18,,5944.47,right_only,,False
2016-02-21,,6007.88,right_only,,False
2016-02-22,,6086.45,right_only,,False
2016-02-23,,6104.74,right_only,,False
2016-02-24,,6054.03,right_only,,False
2016-02-25,,6079.13,right_only,,False
2016-02-28,,6156.01,right_only,,False
2016-02-29,,6146.93,right_only,,False
2016-03-01,,6115.54,right_only,,False
2016-03-02,,6076.57,right_only,,False
2016-03-03,,6089.34,right_only,,False
2016-03-06,,6214.94,right_only,,False
2016-03-07,,6261.41,right_only,,False
2016-03-08,,6339.76,right_only,,False
2016-03-09,,6372.64,right_only,,False
2016-03-10,,6563.65,right_only,,False
2016-03-13,,6563.83,right_only,,False
2016-03-14,,7003.85,right_only,,False
2016-03-15,,7139.44,right_only,,False
2016-03-16,,7228.68,right_only,,False
2016-03-17,,7485.69,right_only,,False
2016-03-20,,7465.86,right_only,,False
2016-03-21,,7494.12,right_only,,False
2016-03-22,,7430.33,right_only,,False
2016-03-23,,7495.47,right_only,,False
2016-03-24,,7548.22,right_only,,False
2016-03-27,,7480.11,right_only,,False
2016-03-28,,7494.1,right_only,,False
2016-03-29,,7567.46,right_only,,False
2016-03-30,,7485.06,right_only,,False
2016-03-31,,7524.99,right_only,,False
2016-04-03,,7521.2,right_only,,False
2016-04-04,,7577.02,right_only,,False
2016-04-05,,7657.98,right_only,,False
2016-04-06,,7459.84,right_only,,False
2016-04-07,,7478.74,right_only,,False
2016-04-10,,7403.77,right_only,,False
2016-04-11,,7342.46,right_only,,False
2016-04-12,,7331.05,right_only,,False
2016-04-13,,7420.61,right_only,,False
2016-04-14,,7463.1,right_only,,False
2016-04-17,,7517.02,right_only,,False
2016-04-18,,7662.44,right_only,,False
2016-04-19,,7864.03,right_only,,False
2016-04-20,,7799.86,right_only,,False
2016-04-21,,7781.45,right_only,,False
2016-04-24,,7743.41,right_only,,False
2016-04-26,,7886.82,right_only,,False
2016-04-27,,7863.58,right_only,,False
2016-04-28,,7773.23,right_only,,False
2016-05-03,,7531.59,right_only,,False
2016-05-04,,7442.44,right_only,,False
2016-05-05,,7547.49,right_only,,False
2016-05-08,,7571.7,right_only,,False
2016-05-09,,7646.02,right_only,,False
2016-05-10,,7621.91,right_only,,False
2016-05-11,,7503.4,right_only,,False
2016-05-12,,7520.52,right_only,,False
2016-05-15,,7373.0,right_only,,False
2016-05-16,,7409.27,right_only,,False
2016-05-17,,7549.97,right_only,,False
2016-05-18,,7637.04,right_only,,False
2016-05-19,,7499.49,right_only,,False
2016-05-22,,7494.76,right_only,,False
2016-05-23,,7417.08,right_only,,False
2016-05-24,,7497.33,right_only,,False
2016-05-25,,7543.43,right_only,,False
2016-05-26,,7531.15,right_only,,False
2016-05-29,,7486.13,right_only,,False
2016-05-30,,7452.88,right_only,,False
2016-05-31,,7483.65,right_only,,False
2016-06-01,,7572.39,right_only,,False
2016-06-02,,7617.88,right_only,,False
2016-06-05,,7563.5,right_only,,False
2016-06-06,,7639.59,right_only,,False
2016-06-07,,7717.35,right_only,,False
2016-06-08,,7780.13,right_only,,False
2016-06-09,,7756.3,right_only,,False
2016-06-12,,7650.62,right_only,,False
2016-06-13,,7645.21,right_only,,False
2016-06-14,,7570.05,right_only,,False
2016-06-15,,7414.81,right_only,,False
2016-06-16,,7420.39,right_only,,False
2016-06-19,,7337.97,right_only,,False
2016-06-20,,7203.64,right_only,,False
2016-06-21,,7250.92,right_only,,False
2016-06-22,,7156.49,right_only,,False
2016-06-23,,7253.31,right_only,,False
2016-06-26,,6851.61,right_only,,False
2016-06-27,,6903.81,right_only,,False
2016-06-28,,6931.94,right_only,,False
2016-06-29,,6942.52,right_only,,False
2016-07-03,,6981.72,right_only,,False
2016-07-04,,7182.8,right_only,,False
2016-07-10,,7517.43,right_only,,False
2016-07-11,,7506.18,right_only,,False
2016-07-12,,7457.5,right_only,,False
2016-07-13,,7559.87,right_only,,False
2016-07-14,,7583.06,right_only,,False
2016-07-17,,7599.64,right_only,,False
2016-07-18,,7628.64,right_only,,False
2016-07-19,,7596.96,right_only,,False
2016-07-20,,7503.36,right_only,,False
2016-07-21,,7436.87,right_only,,False
2016-07-24,,7463.72,right_only,,False
2016-07-25,,7517.78,right_only,,False
2016-07-26,,7539.99,right_only,,False
2016-07-27,,7914.74,right_only,,False
2016-07-28,,8030.85,right_only,,False
2016-07-31,,7983.15,right_only,,False
2016-08-01,,7930.14,right_only,,False
2016-08-02,,7973.45,right_only,,False
2016-08-03,,8104.57,right_only,,False
2016-08-04,,8255.36,right_only,,False
2016-08-07,,8223.46,right_only,,False
2016-08-08,,8273.14,right_only,,False
2016-08-09,,8199.65,right_only,,False
2016-08-10,,8291.51,right_only,,False
2016-08-11,,8377.71,right_only,,False
2016-08-14,,8351.07,right_only,,False
2016-08-15,,8453.53,right_only,,False
2016-08-16,,8387.49,right_only,,False
2016-08-17,,8347.38,right_only,,False
2016-08-18,,8317.17,right_only,,False
2016-08-21,,8352.27,right_only,,False
2016-08-22,,8246.9,right_only,,False
2016-08-23,,8186.7,right_only,,False
2016-08-24,,8224.33,right_only,,False
2016-08-25,,8131.49,right_only,,False
2016-08-28,,8052.23,right_only,,False
2016-08-29,,8032.43,right_only,,False
2016-08-30,,8080.81,right_only,,False
2016-08-31,,8158.04,right_only,,False
2016-09-01,,8136.44,right_only,,False
2016-09-04,,8241.16,right_only,,False
2016-09-05,,8270.76,right_only,,False
2016-09-06,,8202.43,right_only,,False
2016-09-07,,8146.1,right_only,,False
2016-09-08,,8188.2,right_only,,False
2016-09-14,,8132.75,right_only,,False
2016-09-15,,7979.25,right_only,,False
2016-09-18,,7916.41,right_only,,False
2016-09-19,,7974.12,right_only,,False
2016-09-20,,8048.69,right_only,,False
2016-09-21,,7937.79,right_only,,False
2016-09-22,,7913.94,right_only,,False
2016-09-25,,7904.53,right_only,,False
2016-09-26,,7974.84,right_only,,False
2016-09-27,,7948.93,right_only,,False
2016-09-28,,7907.92,right_only,,False
2016-09-29,,7881.11,right_only,,False
2016-10-03,,8133.12,right_only,,False
2016-10-04,,8198.51,right_only,,False
2016-10-05,,8368.52,right_only,,False
2016-10-09,,8436.82,right_only,,False
2016-10-10,,8364.0,right_only,,False
2016-10-11,,8232.77,right_only,,False
2016-10-12,,8185.95,right_only,,False
2016-10-13,,8505.12,right_only,,False
2016-10-16,,8432.41,right_only,,False
2016-10-17,,8243.32,right_only,,False
2016-10-18,,8213.53,right_only,,False
2016-10-19,,8160.4,right_only,,False
2016-10-20,,8277.21,right_only,,False
2016-10-23,,8274.15,right_only,,False
2016-10-24,,8228.13,right_only,,False
2016-10-25,,8261.14,right_only,,False
2016-10-26,,8257.21,right_only,,False
2016-10-27,,8343.31,right_only,,False
2016-10-30,,8357.42,right_only,,False
2016-10-31,,8386.03,right_only,,False
2016-11-01,,8447.76,right_only,,False
2016-11-02,,8524.66,right_only,,False
2016-11-03,,8810.51,right_only,,False
2016-11-06,,9349.9,right_only,,False
2016-11-07,,9852.69,right_only,,False
2016-11-08,,10096.57,right_only,,False
2016-11-09,,10225.5,right_only,,False
2016-11-10,,10688.16,right_only,,False
2016-11-13,,10916.97,right_only,,False
2016-11-14,,10694.41,right_only,,False
2016-11-15,,10640.53,right_only,,False
2016-11-16,,10997.38,right_only,,False
2016-11-17,,11221.56,right_only,,False
2016-11-20,,11277.47,right_only,,False
2016-11-21,,11543.07,right_only,,False
2016-11-22,,11519.8,right_only,,False
2016-11-23,,11550.31,right_only,,False
2016-11-24,,11353.11,right_only,,False
2016-11-27,,11145.95,right_only,,False
2016-11-28,,11261.82,right_only,,False
2016-11-29,,11159.32,right_only,,False
2016-11-30,,11453.25,right_only,,False
2016-12-01,,11548.15,right_only,,False
2016-12-04,,11631.41,right_only,,False
2016-12-05,,11426.5,right_only,,False
2016-12-06,,11502.51,right_only,,False
2016-12-07,,11348.37,right_only,,False
2016-12-08,,11297.93,right_only,,False
2016-12-12,,11444.06,right_only,,False
2016-12-13,,11385.1,right_only,,False
2016-12-14,,11317.17,right_only,,False
2016-12-15,,11326.03,right_only,,False
2016-12-18,,11398.01,right_only,,False
2016-12-19,,11752.46,right_only,,False
2016-12-20,,12147.95,right_only,,False
2016-12-21,,12366.96,right_only,,False
2016-12-22,,12420.3,right_only,,False
2016-12-25,,12251.06,right_only,,False
2016-12-26,,12182.04,right_only,,False
2016-12-27,,12181.98,right_only,,False
2016-12-28,,12259.83,right_only,,False
2016-12-29,,12344.89,right_only,,False
2017-01-02,,12290.61,right_only,,False
2017-01-03,,12425.17,right_only,,False
2017-01-04,,12608.44,right_only,,False
2017-01-05,,12824.32,right_only,,False
2017-01-08,,12891.39,right_only,,False
2017-01-09,,12781.16,right_only,,False
2017-01-10,,13014.54,right_only,,False
2017-01-11,,13089.05,right_only,,False
2017-01-12,,13223.9,right_only,,False
2017-01-15,,13287.76,right_only,,False
2017-01-16,,13264.82,right_only,,False
2017-01-17,,13436.1,right_only,,False
2017-01-18,,13304.44,right_only,,False
2017-01-19,,12806.77,right_only,,False
2017-01-22,,12722.08,right_only,,False
2017-01-23,,13002.89,right_only,,False
2017-01-24,,12882.88,right_only,,False
2017-01-26,,13091.05,right_only,,False
2017-01-29,,13161.52,right_only,,False
2017-01-30,,12926.07,right_only,,False
2017-01-31,,12672.49,right_only,,False
2017-02-01,,12584.26,right_only,,False
2017-02-02,,12806.07,right_only,,False
2017-02-05,,12883.43,right_only,,False
2017-02-06,,12849.42,right_only,,False
2017-02-07,,13129.27,right_only,,False
2017-02-08,,13228.33,right_only,,False
2017-02-09,,13114.86,right_only,,False
2017-02-12,,12922.44,right_only,,False
2017-02-13,,12740.05,right_only,,False
2017-02-14,,12503.73,right_only,,False
2017-02-15,,12448.35,right_only,,False
2017-02-16,,12651.97,right_only,,False
2017-02-19,,12549.17,right_only,,False
2017-02-20,,12444.18,right_only,,False
2017-02-21,,12657.82,right_only,,False
2017-02-22,,12401.09,right_only,,False
2017-02-23,,12240.53,right_only,,False
2017-02-26,,12269.88,right_only,,False
2017-02-27,,12023.93,right_only,,False
2017-02-28,,11937.67,right_only,,False
2017-03-01,,11998.72,right_only,,False
2017-03-02,,12310.49,right_only,,False
2017-03-05,,12499.61,right_only,,False
2017-03-06,,12623.22,right_only,,False
2017-03-07,,12677.55,right_only,,False
2017-03-08,,12735.36,right_only,,False
2017-03-09,,12853.27,right_only,,False
2017-03-12,,12919.9,right_only,,False
2017-03-13,,12929.13,right_only,,False
2017-03-14,,12789.52,right_only,,False
2017-03-15,,12745.49,right_only,,False
2017-03-16,,12983.99,right_only,,False
2017-03-19,,13092.4,right_only,,False
2017-03-20,,13023.49,right_only,,False
2017-03-21,,12905.37,right_only,,False
2017-03-22,,12879.06,right_only,,False
2017-03-23,,13032.06,right_only,,False
2017-03-26,,13108.22,right_only,,False
2017-03-27,,12969.64,right_only,,False
2017-03-28,,12982.66,right_only,,False
2017-03-29,,12987.65,right_only,,False
2017-03-30,,12994.8,right_only,,False
2017-04-02,,12912.27,right_only,,False
2017-04-03,,13061.07,right_only,,False
2017-04-04,,13264.75,right_only,,False
2017-04-05,,13289.99,right_only,,False
2017-04-06,,13098.54,right_only,,False
2017-04-09,,12895.12,right_only,,False
2017-04-10,,12848.56,right_only,,False
2017-04-11,,12995.71,right_only,,False
2017-04-12,,12984.36,right_only,,False
2017-04-13,,12967.38,right_only,,False
2017-04-18,,13027.14,right_only,,False
2017-04-19,,12895.3,right_only,,False
2017-04-20,,12905.85,right_only,,False
2017-04-23,,12544.92,right_only,,False
2017-04-24,,12583.13,right_only,,False
2017-04-26,,12671.29,right_only,,False
2017-04-27,,12525.69,right_only,,False
2017-04-30,,12433.6,right_only,,False
2017-05-02,,12530.32,right_only,,False
2017-05-03,,12603.56,right_only,,False
2017-05-04,,12709.93,right_only,,False
2017-05-07,,12692.15,right_only,,False
2017-05-08,,12827.93,right_only,,False
2017-05-09,,12933.68,right_only,,False
2017-05-10,,12993.4,right_only,,False
2017-05-11,,12906.98,right_only,,False
2017-05-14,,12870.91,right_only,,False
2017-05-15,,12866.06,right_only,,False
2017-05-16,,12936.59,right_only,,False
2017-05-17,,13064.02,right_only,,False
2017-05-18,,12952.38,right_only,,False
2017-05-21,,12974.75,right_only,,False
2017-05-22,,12648.24,right_only,,False
2017-05-23,,12791.83,right_only,,False
2017-05-24,,12884.44,right_only,,False
2017-05-25,,13094.42,right_only,,False
2017-05-28,,13205.11,right_only,,False
2017-05-29,,13207.94,right_only,,False
2017-05-30,,13239.16,right_only,,False
2017-05-31,,13339.63,right_only,,False
2017-06-01,,13467.29,right_only,,False
2017-06-04,,13495.32,right_only,,False
2017-06-05,,13520.13,right_only,,False
2017-06-06,,13626.8,right_only,,False
2017-06-07,,13632.98,right_only,,False
2017-06-08,,13683.66,right_only,,False
2017-06-11,,13616.04,right_only,,False
2017-06-12,,13491.89,right_only,,False
2017-06-13,,13531.34,right_only,,False
2017-06-14,,13502.12,right_only,,False
2017-06-15,,13478.75,right_only,,False
2017-06-18,,13496.47,right_only,,False
2017-06-19,,13508.39,right_only,,False
2017-06-20,,13415.55,right_only,,False
2017-06-21,,13376.44,right_only,,False
2017-06-22,,13417.14,right_only,,False
2017-06-28,,13395.81,right_only,,False
2017-07-02,,13487.36,right_only,,False
2017-07-03,,13431.06,right_only,,False
2017-07-04,,13334.78,right_only,,False
2017-07-05,,13334.86,right_only,,False
2017-07-06,,13369.88,right_only,,False
2017-07-09,,13342.09,right_only,,False
2017-07-10,,13483.04,right_only,,False
2017-07-11,,13684.27,right_only,,False
2017-07-12,,13690.29,right_only,,False
2017-07-13,,13822.59,right_only,,False
2017-07-16,,13815.77,right_only,,False
2017-07-17,,13956.32,right_only,,False
2017-07-18,,13717.53,right_only,,False
2017-07-19,,13707.13,right_only,,False
2017-07-20,,13715.06,right_only,,False
2017-07-24,,13752.98,right_only,,False
2017-07-25,,13740.72,right_only,,False
2017-07-26,,13797.25,right_only,,False
2017-07-27,,13609.22,right_only,,False
2017-07-30,,13480.1,right_only,,False
2017-07-31,,13419.38,right_only,,False
2017-08-01,,13396.22,right_only,,False
2017-08-02,,13405.2,right_only,,False
2017-08-03,,13413.12,right_only,,False
2017-08-06,,13558.46,right_only,,False
2017-08-07,,13660.8,right_only,,False
2017-08-08,,13637.69,right_only,,False
2017-08-09,,13580.76,right_only,,False
2017-08-10,,13462.38,right_only,,False
2017-08-13,,13279.61,right_only,,False
2017-08-14,,13135.1,right_only,,False
2017-08-15,,13102.39,right_only,,False
2017-08-16,,13149.19,right_only,,False
2017-08-17,,13119.44,right_only,,False
2017-08-20,,13026.29,right_only,,False
2017-08-21,,13106.12,right_only,,False
2017-08-22,,13114.87,right_only,,False
2017-08-23,,12996.2,right_only,,False
2017-08-24,,12926.4,right_only,,False
2017-08-27,,12913.25,right_only,,False
2017-08-28,,13013.73,right_only,,False
2017-08-29,,13195.34,right_only,,False
2017-08-30,,13415.77,right_only,,False
2017-09-05,,13415.05,right_only,,False
2017-09-06,,13317.89,right_only,,False
2017-09-07,,13432.69,right_only,,False
2017-09-10,,13457.14,right_only,,False
2017-09-11,,13533.24,right_only,,False
2017-09-12,,13474.88,right_only,,False
2017-09-13,,13442.55,right_only,,False
2017-09-14,,13610.61,right_only,,False
2017-09-17,,13612.51,right_only,,False
2017-09-18,,13592.71,right_only,,False
2017-09-19,,13730.0,right_only,,False
2017-09-20,,13695.33,right_only,,False
2017-09-24,,13607.19,right_only,,False
2017-09-25,,13674.42,right_only,,False
2017-09-26,,13704.13,right_only,,False
2017-09-27,,13740.82,right_only,,False
2017-09-28,,13888.51,right_only,,False
2017-10-01,,13976.78,right_only,,False
2017-10-02,,14000.43,right_only,,False
2017-10-03,,13930.73,right_only,,False
2017-10-04,,13881.97,right_only,,False
2017-10-08,,13997.69,right_only,,False
2017-10-09,,13968.53,right_only,,False
2017-10-10,,13824.08,right_only,,False
2017-10-11,,13816.05,right_only,,False
2017-10-12,,13891.71,right_only,,False
2017-10-15,,13905.79,right_only,,False
2017-10-16,,13525.25,right_only,,False
2017-10-17,,13525.48,right_only,,False
2017-10-18,,13590.15,right_only,,False
2017-10-19,,13713.62,right_only,,False
2017-10-22,,13706.06,right_only,,False
2017-10-23,,13870.34,right_only,,False
2017-10-24,,13928.38,right_only,,False
2017-10-25,,13901.38,right_only,,False
2017-10-26,,13955.47,right_only,,False
2017-10-29,,14024.41,right_only,,False
2017-10-30,,14197.21,right_only,,False
2017-10-31,,14342.38,right_only,,False
2017-11-01,,14277.29,right_only,,False
2017-11-02,,14319.34,right_only,,False
2017-11-05,,14183.77,right_only,,False
2017-11-06,,14072.92,right_only,,False
2017-11-07,,14057.56,right_only,,False
2017-11-08,,14204.95,right_only,,False
2017-11-09,,14350.14,right_only,,False
2017-11-12,,14270.55,right_only,,False
2017-11-13,,14123.31,right_only,,False
2017-11-14,,14132.96,right_only,,False
2017-11-15,,14025.11,right_only,,False
2017-11-16,,13847.36,right_only,,False
2017-11-19,,13742.11,right_only,,False
2017-11-20,,13680.5,right_only,,False
2017-11-21,,13725.45,right_only,,False
2017-11-22,,13839.37,right_only,,False
2017-11-23,,14106.17,right_only,,False
2017-11-26,,14222.7,right_only,,False
2017-11-27,,14219.99,right_only,,False
2017-11-28,,14537.03,right_only,,False
2017-11-29,,14582.22,right_only,,False
2017-12-03,,14713.63,right_only,,False
2017-12-04,,14572.17,right_only,,False
2017-12-05,,14460.96,right_only,,False
2017-12-06,,14345.58,right_only,,False
2017-12-07,,14294.73,right_only,,False
2017-12-10,,14414.25,right_only,,False
2017-12-11,,14426.75,right_only,,False
2017-12-12,,14590.2,right_only,,False
2017-12-13,,14651.42,right_only,,False
2017-12-14,,14679.91,right_only,,False
2017-12-17,,14716.66,right_only,,False
2017-12-18,,14721.45,right_only,,False
2017-12-19,,14678.41,right_only,,False
2017-12-20,,14682.14,right_only,,False
2017-12-21,,14668.59,right_only,,False
2017-12-24,,14790.78,right_only,,False
2017-12-25,,14843.33,right_only,,False
2017-12-26,,14922.85,right_only,,False
2017-12-27,,14904.82,right_only,,False
2017-12-28,,15016.97,right_only,,False
2017-12-31,,15019.14,right_only,,False
2018-01-02,,15023.76,right_only,,False
2018-01-03,,14833.73,right_only,,False
2018-01-04,,14782.38,right_only,,False
2018-01-08,,14953.17,right_only,,False
2018-01-09,,15159.37,right_only,,False
2018-01-10,,15192.55,right_only,,False
2018-01-11,,15242.48,right_only,,False
2018-01-14,,15254.85,right_only,,False
2018-01-15,,15127.76,right_only,,False
2018-01-16,,15089.37,right_only,,False
2018-01-17,,15198.54,right_only,,False
2018-01-18,,15411.0,right_only,,False
2018-01-21,,15339.91,right_only,,False
2018-01-22,,15243.23,right_only,,False
2018-01-23,,15197.08,right_only,,False
2018-01-24,,15170.73,right_only,,False
2018-01-28,,15311.15,right_only,,False
2018-01-29,,15369.13,right_only,,False
2018-01-30,,15315.66,right_only,,False
2018-01-31,,15042.37,right_only,,False
2018-02-01,,15088.66,right_only,,False
2018-02-04,,14874.84,right_only,,False
2018-02-05,,14962.14,right_only,,False
2018-02-06,,14717.98,right_only,,False
2018-02-07,,15037.05,right_only,,False
2018-02-08,,14921.29,right_only,,False
2018-02-11,,14828.36,right_only,,False
2018-02-12,,14890.71,right_only,,False
2018-02-13,,14729.75,right_only,,False
2018-02-14,,14805.95,right_only,,False
2018-02-15,,14965.93,right_only,,False
2018-02-18,,15045.56,right_only,,False
2018-02-19,,15158.12,right_only,,False
2018-02-20,,15219.26,right_only,,False
2018-02-21,,15244.49,right_only,,False
2018-02-22,,15318.92,right_only,,False
2018-02-25,,15467.77,right_only,,False
2018-02-26,,15454.0,right_only,,False
2018-02-27,,15522.88,right_only,,False
2018-02-28,,15472.69,right_only,,False
2018-03-01,,15443.18,right_only,,False
2018-03-04,,15519.55,right_only,,False
2018-03-05,,15709.01,right_only,,False
2018-03-06,,16022.26,right_only,,False
2018-03-07,,16384.07,right_only,,False
2018-03-08,,16472.28,right_only,,False
2018-03-11,,16391.48,right_only,,False
2018-03-12,,16742.15,right_only,,False
2018-03-13,,16989.06,right_only,,False
2018-03-14,,16881.72,right_only,,False
2018-03-15,,16999.1,right_only,,False
2018-03-18,,17271.03,right_only,,False
2018-03-19,,17172.13,right_only,,False
2018-03-20,,17113.9,right_only,,False
2018-03-21,,17147.12,right_only,,False
2018-03-22,,17064.58,right_only,,False
2018-03-25,,16984.69,right_only,,False
2018-03-26,,17104.34,right_only,,False
2018-03-27,,17270.43,right_only,,False
2018-03-28,,17305.51,right_only,,False
2018-03-29,,17450.15,right_only,,False
2018-04-01,,17595.88,right_only,,False
2018-04-02,,17684.66,right_only,,False
2018-04-03,,17492.71,right_only,,False
2018-04-04,,17509.65,right_only,,False
2018-04-05,,17410.59,right_only,,False
2018-04-10,,17697.32,right_only,,False
2018-04-11,,17943.96,right_only,,False
2018-04-12,,17615.69,right_only,,False
2018-04-15,,17588.86,right_only,,False
2018-04-16,,17620.28,right_only,,False
2018-04-17,,17802.48,right_only,,False
2018-04-18,,17705.87,right_only,,False
2018-04-19,,17781.02,right_only,,False
2018-04-22,,17898.09,right_only,,False
2018-04-23,,18080.7,right_only,,False
2018-04-24,,18121.96,right_only,,False
2018-04-26,,18363.29,right_only,,False
2018-04-29,,18304.46,right_only,,False
2018-04-30,,18295.57,right_only,,False
2018-05-02,,18173.16,right_only,,False
2018-05-03,,17832.86,right_only,,False
2018-05-06,,17610.87,right_only,,False
2018-05-07,,17523.15,right_only,,False
2018-05-08,,17814.45,right_only,,False
2018-05-09,,17460.3,right_only,,False
2018-05-10,,17155.14,right_only,,False
2018-05-13,,17184.02,right_only,,False
2018-05-14,,16984.07,right_only,,False
2018-05-15,,16985.78,right_only,,False
2018-05-16,,16993.21,right_only,,False
2018-05-17,,16877.66,right_only,,False
2018-05-20,,16782.07,right_only,,False
2018-05-21,,16780.91,right_only,,False
2018-05-22,,16657.66,right_only,,False
2018-05-23,,16662.55,right_only,,False
2018-05-24,,16633.97,right_only,,False
2018-05-27,,16648.47,right_only,,False
2018-05-28,,16791.09,right_only,,False
2018-05-29,,17005.86,right_only,,False
2018-05-30,,16760.24,right_only,,False
2018-05-31,,16414.53,right_only,,False
2018-06-03,,16675.31,right_only,,False
2018-06-04,,16404.33,right_only,,False
2018-06-05,,16022.11,right_only,,False
2018-06-06,,15908.91,right_only,,False
2018-06-07,,15923.66,right_only,,False
2018-06-10,,16142.72,right_only,,False
2018-06-11,,15921.25,right_only,,False
2018-06-12,,15938.11,right_only,,False
2018-06-13,,16178.28,right_only,,False
2018-06-14,,16220.93,right_only,,False
2018-06-19,,16067.77,right_only,,False
2018-06-20,,16143.48,right_only,,False
2018-06-21,,16345.77,right_only,,False
2018-06-24,,16395.02,right_only,,False
2018-06-25,,16457.51,right_only,,False
2018-06-26,,16197.44,right_only,,False
2018-06-27,,16176.41,right_only,,False
2018-06-28,,16348.55,right_only,,False
2018-07-02,,16362.59,right_only,,False
2018-07-03,,16421.32,right_only,,False
2018-07-04,,16309.65,right_only,,False
2018-07-05,,16125.34,right_only,,False
2018-07-08,,15839.84,right_only,,False
2018-07-09,,15785.93,right_only,,False
2018-07-10,,15921.03,right_only,,False
2018-07-11,,15952.42,right_only,,False
2018-07-12,,15879.81,right_only,,False
2018-07-15,,15842.46,right_only,,False
2018-07-16,,15655.89,right_only,,False
2018-07-17,,15420.72,right_only,,False
2018-07-18,,15578.73,right_only,,False
2018-07-19,,15416.31,right_only,,False
2018-07-22,,15303.79,right_only,,False
2018-07-24,,15480.37,right_only,,False
2018-07-25,,15186.36,right_only,,False
2018-07-26,,15199.29,right_only,,False
2018-07-29,,15378.11,right_only,,False
2018-07-30,,15297.02,right_only,,False
2018-07-31,,15580.19,right_only,,False
2018-08-01,,15670.18,right_only,,False
2018-08-02,,15806.38,right_only,,False
2018-08-05,,15737.05,right_only,,False
2018-08-06,,15645.56,right_only,,False
2018-08-07,,15761.55,right_only,,False
2018-08-08,,15862.86,right_only,,False
2018-08-09,,15924.06,right_only,,False
2018-08-12,,15738.34,right_only,,False
2018-08-13,,15521.52,right_only,,False
2018-08-14,,15356.81,right_only,,False
2018-08-15,,15357.44,right_only,,False
2018-08-16,,15295.97,right_only,,False
2018-08-19,,15273.39,right_only,,False
2018-08-26,,15239.03,right_only,,False
2018-08-27,,15236.64,right_only,,False
2018-08-28,,15606.18,right_only,,False
2018-08-29,,15835.73,right_only,,False
2018-08-30,,16009.41,right_only,,False
2018-09-02,,15852.36,right_only,,False
2018-09-03,,15821.92,right_only,,False
2018-09-04,,15922.96,right_only,,False
2018-09-05,,15750.94,right_only,,False
2018-09-06,,15803.17,right_only,,False
2018-09-09,,15740.06,right_only,,False
2018-09-10,,15628.43,right_only,,False
2018-09-12,,15488.49,right_only,,False
2018-09-13,,15308.62,right_only,,False
2018-09-16,,14755.63,right_only,,False
2018-09-17,,14650.97,right_only,,False
2018-09-18,,14653.91,right_only,,False
2018-09-19,,14098.56,right_only,,False
2018-09-20,,14083.48,right_only,,False
2018-09-23,,14261.25,right_only,,False
2018-09-24,,14200.68,right_only,,False
2018-09-25,,14358.64,right_only,,False
2018-09-26,,14612.18,right_only,,False
2018-09-27,,14632.4,right_only,,False
2018-09-30,,14616.47,right_only,,False
2018-10-01,,14446.72,right_only,,False
2018-10-02,,14381.55,right_only,,False
2018-10-03,,14313.17,right_only,,False
2018-10-04,,14104.9,right_only,,False
2018-10-08,,13604.01,right_only,,False
2018-10-09,,13588.74,right_only,,False
2018-10-10,,13621.23,right_only,,False
2018-10-11,,13283.31,right_only,,False
2018-10-14,,13537.47,right_only,,False
2018-10-15,,13521.46,right_only,,False
2018-10-16,,13689.39,right_only,,False
2018-10-17,,13815.6,right_only,,False
2018-10-18,,13644.16,right_only,,False
2018-10-21,,13524.67,right_only,,False
2018-10-22,,13646.26,right_only,,False
2018-10-23,,13579.6,right_only,,False
2018-10-24,,13246.39,right_only,,False
2018-10-25,,13023.73,right_only,,False
2018-10-28,,12980.96,right_only,,False
2018-10-29,,13074.47,right_only,,False
2018-10-30,,13154.56,right_only,,False
2018-10-31,,13250.29,right_only,,False
2018-11-01,,13202.32,right_only,,False
2018-11-04,,13170.28,right_only,,False
2018-11-05,,13234.62,right_only,,False
2018-11-06,,13436.11,right_only,,False
2018-11-07,,13615.85,right_only,,False
2018-11-08,,13732.68,right_only,,False
2018-11-11,,13570.89,right_only,,False
2018-11-12,,13678.36,right_only,,False
2018-11-13,,13543.64,right_only,,False
2018-11-14,,13487.2,right_only,,False
2018-11-15,,13681.67,right_only,,False
2018-11-18,,13968.8,right_only,,False
2018-11-19,,13906.31,right_only,,False
2018-11-21,,13731.12,right_only,,False
2018-11-22,,13675.37,right_only,,False
2018-11-25,,13153.55,right_only,,False
2018-11-26,,13049.12,right_only,,False
2018-11-27,,13213.95,right_only,,False
2018-11-28,,13309.49,right_only,,False
2018-11-29,,13319.5,right_only,,False
2018-12-02,,13150.08,right_only,,False
2018-12-03,,12934.44,right_only,,False
2018-12-04,,12624.74,right_only,,False
2018-12-05,,12586.74,right_only,,False
2018-12-06,,12387.58,right_only,,False
2018-12-09,,12140.0,right_only,,False
2018-12-10,,12476.18,right_only,,False
2018-12-11,,12664.41,right_only,,False
2018-12-12,,12856.83,right_only,,False
2018-12-13,,12996.89,right_only,,False
2018-12-16,,12992.06,right_only,,False
2018-12-17,,13215.4,right_only,,False
2018-12-18,,13121.11,right_only,,False
2018-12-19,,13078.2,right_only,,False
2018-12-20,,13137.58,right_only,,False
2018-12-23,,12947.35,right_only,,False
2018-12-24,,12784.44,right_only,,False
2018-12-25,,12670.63,right_only,,False
2018-12-26,,12840.16,right_only,,False
2018-12-27,,12984.21,right_only,,False
2018-12-30,,12944.52,right_only,,False
2018-12-31,,13035.77,right_only,,False
2019-01-02,,13204.37,right_only,,False
2019-01-03,,13264.7,right_only,,False
2019-01-06,,13343.08,right_only,,False
2019-01-08,,13402.7,right_only,,False
2019-01-09,,13365.58,right_only,,False
2019-01-10,,13367.44,right_only,,False
2019-01-13,,13525.83,right_only,,False
2019-01-14,,13335.75,right_only,,False
2019-01-15,,13447.12,right_only,,False
2019-01-16,,13510.27,right_only,,False
2019-01-17,,13482.99,right_only,,False
2019-01-20,,13444.21,right_only,,False
2019-01-21,,13574.99,right_only,,False
2019-01-22,,13474.55,right_only,,False
2019-01-23,,13506.65,right_only,,False
2019-01-27,,13817.1,right_only,,False
2019-01-28,,13911.34,right_only,,False
2019-01-29,,13976.52,right_only,,False
2019-01-30,,14093.4,right_only,,False
2019-01-31,,14126.68,right_only,,False
2019-02-03,,14243.81,right_only,,False
2019-02-04,,14366.06,right_only,,False
2019-02-05,,14733.11,right_only,,False
2019-02-06,,14766.59,right_only,,False
2019-02-07,,14753.68,right_only,,False
2019-02-10,,14763.94,right_only,,False
2019-02-11,,14784.82,right_only,,False
2019-02-12,,14927.64,right_only,,False
2019-02-13,,14949.07,right_only,,False
2019-02-14,,14984.46,right_only,,False
2019-02-17,,15198.89,right_only,,False
2019-02-18,,15227.24,right_only,,False
2019-02-19,,15155.84,right_only,,False
2019-02-20,,15213.54,right_only,,False
2019-02-21,,15146.71,right_only,,False
2019-02-24,,14955.58,right_only,,False
2019-02-25,,14946.35,right_only,,False
2019-02-26,,14886.85,right_only,,False
2019-02-27,,14772.34,right_only,,False
2019-02-28,,14803.97,right_only,,False
2019-03-03,,14819.6,right_only,,False
2019-03-04,,14815.18,right_only,,False
2019-03-05,,14728.38,right_only,,False
2019-03-06,,14643.09,right_only,,False
2019-03-07,,14904.03,right_only,,False
2019-03-10,,14980.62,right_only,,False
2019-03-11,,15098.12,right_only,,False
2019-03-12,,15139.86,right_only,,False
2019-03-13,,15125.84,right_only,,False
2019-03-14,,14991.34,right_only,,False
2019-03-17,,15033.48,right_only,,False
2019-03-18,,14910.78,right_only,,False
2019-03-19,,14645.53,right_only,,False
2019-03-20,,14724.4,right_only,,False
2019-03-21,,14782.81,right_only,,False
2019-03-24,,14840.9,right_only,,False
2019-03-25,,14670.8,right_only,,False
2019-03-26,,14637.4,right_only,,False
2019-03-27,,14554.66,right_only,,False
2019-03-28,,14665.81,right_only,,False
2019-03-31,,14737.88,right_only,,False
2019-04-01,,14954.14,right_only,,False
2019-04-02,,15166.46,right_only,,False
2019-04-03,,15197.84,right_only,,False
2019-04-04,,15247.81,right_only,,False
2019-04-07,,15135.47,right_only,,False
2019-04-08,,15111.09,right_only,,False
2019-04-09,,15088.55,right_only,,False
2019-04-10,,15106.54,right_only,,False
2019-04-11,,15105.96,right_only,,False
2019-04-14,,15068.96,right_only,,False
2019-04-15,,15055.42,right_only,,False
2019-04-16,,14973.01,right_only,,False
2019-04-17,,14864.01,right_only,,False
2019-04-18,,14876.37,right_only,,False
2019-04-21,,14838.63,right_only,,False
2019-04-22,,14801.26,right_only,,False
2019-04-23,,14645.78,right_only,,False
2019-04-24,,14770.27,right_only,,False
2019-04-30,,14920.15,right_only,,False
2019-05-02,,14880.39,right_only,,False
2019-05-05,,14511.54,right_only,,False
2019-05-06,,14204.59,right_only,,False
2019-05-07,,14389.91,right_only,,False
2019-05-08,,14026.81,right_only,,False
2019-05-09,,14060.0,right_only,,False
2019-05-12,,14122.1,right_only,,False
2019-05-13,,13905.73,right_only,,False
2019-05-14,,14024.15,right_only,,False
2019-05-15,,13809.46,right_only,,False
2019-05-16,,13659.73,right_only,,False
2019-05-19,,13520.82,right_only,,False
2019-05-20,,13379.46,right_only,,False
2019-05-21,,13614.21,right_only,,False
2019-05-22,,13664.23,right_only,,False
2019-05-23,,13776.85,right_only,,False
2019-05-26,,13981.88,right_only,,False
2019-05-27,,13960.47,right_only,,False
2019-05-28,,14028.0,right_only,,False
2019-05-29,,13974.13,right_only,,False
2019-05-30,,13771.31,right_only,,False
2019-06-02,,13690.72,right_only,,False
2019-06-03,,13787.8,right_only,,False
2019-06-09,,13911.66,right_only,,False
2019-06-10,,14148.88,right_only,,False
2019-06-11,,14206.18,right_only,,False
2019-06-12,,14158.11,right_only,,False
2019-06-13,,14180.53,right_only,,False
2019-06-16,,14210.09,right_only,,False
2019-06-17,,14241.21,right_only,,False
2019-06-18,,14202.86,right_only,,False
2019-06-19,,14132.18,right_only,,False
2019-06-20,,14043.42,right_only,,False
2019-06-23,,14017.34,right_only,,False
2019-06-24,,13867.47,right_only,,False
2019-06-25,,13831.23,right_only,,False
2019-06-26,,14006.99,right_only,,False
2019-06-27,,14100.74,right_only,,False
2019-07-02,,14136.58,right_only,,False
2019-07-03,,14137.22,right_only,,False
2019-07-04,,13997.4,right_only,,False
2019-07-07,,14013.04,right_only,,False
2019-07-08,,14043.33,right_only,,False
2019-07-09,,14097.43,right_only,,False
2019-07-10,,14013.26,right_only,,False
2019-07-11,,13813.56,right_only,,False
2019-07-14,,13672.13,right_only,,False
2019-07-15,,13627.89,right_only,,False
2019-07-16,,13721.82,right_only,,False
2019-07-17,,13641.94,right_only,,False
2019-07-18,,13670.27,right_only,,False
2019-07-21,,13576.26,right_only,,False
2019-07-22,,13684.57,right_only,,False
2019-07-24,,13617.89,right_only,,False
2019-07-25,,13510.06,right_only,,False
2019-07-28,,13460.0,right_only,,False
2019-07-29,,13421.91,right_only,,False
2019-07-30,,13364.63,right_only,,False
2019-07-31,,13392.47,right_only,,False
2019-08-01,,13525.93,right_only,,False
2019-08-04,,13616.26,right_only,,False
2019-08-05,,13598.66,right_only,,False
2019-08-06,,13655.91,right_only,,False
2019-08-07,,13880.57,right_only,,False
2019-08-08,,14180.44,right_only,,False
2019-08-14,,14540.56,right_only,,False
2019-08-15,,14295.13,right_only,,False
2019-08-18,,14399.7,right_only,,False
2019-08-19,,14304.37,right_only,,False
2019-08-20,,14428.08,right_only,,False
2019-08-21,,14357.18,right_only,,False
2019-08-22,,14333.16,right_only,,False
2019-08-25,,14340.51,right_only,,False
2019-08-26,,14291.03,right_only,,False
2019-08-27,,14283.5,right_only,,False
2019-08-28,,14595.51,right_only,,False
2019-08-29,,14835.36,right_only,,False
2019-09-01,,14931.66,right_only,,False
2019-09-02,,15110.23,right_only,,False
2019-09-03,,14999.58,right_only,,False
2019-09-04,,14841.38,right_only,,False
2019-09-05,,14933.18,right_only,,False
2019-09-08,,14931.11,right_only,,False
2019-09-09,,14887.78,right_only,,False
2019-09-10,,14956.36,right_only,,False
2019-09-11,,15014.82,right_only,,False
2019-09-12,,15110.37,right_only,,False
2019-09-15,,15023.23,right_only,,False
2019-09-16,,14970.24,right_only,,False
2019-09-17,,14752.45,right_only,,False
2019-09-18,,14745.1,right_only,,False
2019-09-19,,14742.07,right_only,,False
2019-09-22,,13958.11,right_only,,False
2019-09-23,,13753.19,right_only,,False
2019-09-24,,13170.2,right_only,,False
2019-09-25,,13594.61,right_only,,False
2019-09-26,,13857.12,right_only,,False
2019-09-29,,14315.79,right_only,,False
2019-09-30,,14257.75,right_only,,False
2019-10-01,,14496.84,right_only,,False
2019-10-02,,14381.15,right_only,,False
2019-10-03,,14217.81,right_only,,False
2019-10-07,,14431.72,right_only,,False
2019-10-08,,14348.57,right_only,,False
2019-10-09,,14182.7,right_only,,False
2019-10-10,,14302.27,right_only,,False
2019-10-13,,14220.47,right_only,,False
2019-10-14,,14180.76,right_only,,False
2019-10-15,,14060.82,right_only,,False
2019-10-16,,14209.23,right_only,,False
2019-10-17,,14205.86,right_only,,False
2019-10-20,,14239.45,right_only,,False
2019-10-21,,14178.51,right_only,,False
2019-10-22,,14201.32,right_only,,False
2019-10-23,,14126.51,right_only,,False
2019-10-24,,14206.67,right_only,,False
2019-10-27,,14237.39,right_only,,False
2019-10-28,,14301.09,right_only,,False
2019-10-29,,14465.47,right_only,,False
2019-10-30,,14477.79,right_only,,False
2019-10-31,,14558.02,right_only,,False
2019-11-03,,14622.75,right_only,,False
2019-11-04,,14625.78,right_only,,False
2019-11-05,,14789.61,right_only,,False
2019-11-06,,14709.79,right_only,,False
2019-11-07,,14795.87,right_only,,False
2019-11-11,,14769.95,right_only,,False
2019-11-12,,14669.98,right_only,,False
2019-11-13,,14607.69,right_only,,False
2019-11-14,,14545.54,right_only,,False
2019-11-17,,14556.32,right_only,,False
2019-11-18,,14378.59,right_only,,False
2019-11-19,,14313.46,right_only,,False
2019-11-20,,14224.38,right_only,,False
2019-11-21,,14094.58,right_only,,False
2019-11-24,,14050.16,right_only,,False
2019-11-25,,13974.14,right_only,,False
2019-11-26,,13781.96,right_only,,False
2019-11-27,,13759.7,right_only,,False
2019-11-28,,13849.46,right_only,,False
2019-12-01,,13780.63,right_only,,False
2019-12-02,,13537.8,right_only,,False
2019-12-03,,13469.6,right_only,,False
2019-12-04,,13635.52,right_only,,False
2019-12-05,,13622.13,right_only,,False
2019-12-08,,13493.69,right_only,,False
2019-12-09,,13442.52,right_only,,False
2019-12-10,,13509.02,right_only,,False
2019-12-11,,13427.22,right_only,,False
2019-12-12,,13358.47,right_only,,False
2019-12-15,,13433.54,right_only,,False
2019-12-16,,13404.42,right_only,,False
2019-12-17,,13627.19,right_only,,False
2019-12-18,,13793.99,right_only,,False
2019-12-19,,13837.19,right_only,,False
2019-12-22,,13892.65,right_only,,False
2019-12-23,,13902.43,right_only,,False
2019-12-24,,13805.43,right_only,,False
2019-12-25,,13747.68,right_only,,False
2019-12-26,,13884.95,right_only,,False
2019-12-29,,13812.98,right_only,,False
2019-12-30,,13937.26,right_only,,False
2019-12-31,,13961.56,right_only,,False
2020-01-02,,13899.54,right_only,,False
2020-01-05,,13283.66,right_only,,False
2020-01-06,,13212.66,right_only,,False
2020-01-08,,13542.48,right_only,,False
2020-01-09,,13729.81,right_only,,False
2020-01-12,,13802.57,right_only,,False
2020-01-13,,13698.64,right_only,,False
2020-01-14,,13756.64,right_only,,False
2020-01-15,,13769.64,right_only,,False
2020-01-16,,13824.16,right_only,,False
2020-01-19,,13918.18,right_only,,False
2020-01-20,,13773.73,right_only,,False
2020-01-21,,13639.72,right_only,,False
2020-01-22,,13752.11,right_only,,False
2020-01-23,,13728.09,right_only,,False
2020-01-26,,13721.45,right_only,,False
2020-01-27,,13639.69,right_only,,False
2020-01-28,,13620.58,right_only,,False
2020-01-29,,13762.84,right_only,,False
2020-01-30,,13918.84,right_only,,False
2020-02-02,,13888.89,right_only,,False
2020-02-03,,13878.33,right_only,,False
2020-02-04,,13915.05,right_only,,False
2020-02-05,,13987.16,right_only,,False
2020-02-06,,14105.86,right_only,,False
2020-02-09,,14108.24,right_only,,False
2020-02-10,,13979.36,right_only,,False
2020-02-11,,14009.32,right_only,,False
2020-02-12,,13845.16,right_only,,False
2020-02-13,,13859.45,right_only,,False
2020-02-16,,13737.4,right_only,,False
2020-02-17,,13800.25,right_only,,False
2020-02-18,,13636.93,right_only,,False
2020-02-19,,13694.99,right_only,,False
2020-02-20,,13720.65,right_only,,False
2020-02-23,,13688.05,right_only,,False
2020-02-24,,13441.86,right_only,,False
2020-02-25,,13328.26,right_only,,False
2020-02-26,,13200.66,right_only,,False
2020-02-27,,13008.94,right_only,,False
2020-03-01,,12222.59,right_only,,False
2020-03-02,,12289.87,right_only,,False
2020-03-03,,12419.52,right_only,,False
2020-03-04,,12182.46,right_only,,False
2020-03-05,,12347.65,right_only,,False
2020-03-08,,11849.39,right_only,,False
2020-03-09,,10983.48,right_only,,False
2020-03-10,,11199.96,right_only,,False
2020-03-11,,11194.12,right_only,,False
2020-03-15,,10148.34,right_only,,False
2020-03-16,,9428.94,right_only,,False
2020-03-17,,9201.65,right_only,,False
2020-03-18,,8756.7,right_only,,False
2020-03-19,,9205.58,right_only,,False
2020-03-22,,9750.66,right_only,,False
2020-03-23,,10047.44,right_only,,False
2020-03-24,,9770.48,right_only,,False
2020-03-25,,9865.67,right_only,,False
2020-03-26,,9912.98,right_only,,False
2020-03-29,,9760.18,right_only,,False
2020-03-30,,9521.43,right_only,,False
2020-03-31,,9593.94,right_only,,False
2020-04-01,,9424.89,right_only,,False
2020-04-02,,9455.38,right_only,,False
2020-04-05,,9272.88,right_only,,False
2020-04-06,,9446.99,right_only,,False
2020-04-07,,9840.62,right_only,,False
2020-04-08,,10095.57,right_only,,False
2020-04-09,,10321.97,right_only,,False
2020-04-12,,10237.47,right_only,,False
2020-04-13,,10353.72,right_only,,False
2020-04-14,,10458.16,right_only,,False
2020-04-15,,10342.13,right_only,,False
2020-04-16,,10154.64,right_only,,False
2020-04-21,,9874.94,right_only,,False
2020-04-22,,9801.33,right_only,,False
2020-04-23,,10120.46,right_only,,False
2020-04-26,,10377.24,right_only,,False
2020-04-27,,10376.0,right_only,,False
2020-04-28,,10415.12,right_only,,False
2020-04-29,,10545.26,right_only,,False
2020-04-30,,10554.04,right_only,,False
2020-05-03,,10199.85,right_only,,False
2020-05-04,,10081.96,right_only,,False
2020-05-05,,10188.31,right_only,,False
2020-05-06,,10293.95,right_only,,False
2020-05-07,,10176.73,right_only,,False
2020-05-10,,10257.75,right_only,,False
2020-05-11,,10296.33,right_only,,False
2020-05-12,,10588.36,right_only,,False
2020-05-13,,10396.28,right_only,,False
2020-05-14,,10287.21,right_only,,False
2020-05-17,,10357.44,right_only,,False
2020-05-18,,10278.93,right_only,,False
2020-05-19,,10357.24,right_only,,False
2020-05-20,,10205.4,right_only,,False
2020-05-21,,10109.91,right_only,,False
2020-05-31,,10220.14,right_only,,False
2020-06-01,,10227.38,right_only,,False
2020-06-02,,10338.71,right_only,,False
2020-06-03,,10424.1,right_only,,False
2020-06-04,,10621.14,right_only,,False
2020-06-07,,11108.62,right_only,,False
2020-06-08,,11146.53,right_only,,False
2020-06-09,,11063.04,right_only,,False
2020-06-10,,10933.58,right_only,,False
2020-06-11,,10831.92,right_only,,False
2020-06-14,,10731.17,right_only,,False
2020-06-15,,10668.42,right_only,,False
2020-06-16,,10935.32,right_only,,False
2020-06-17,,10905.75,right_only,,False
2020-06-18,,10857.87,right_only,,False
2020-06-21,,10823.91,right_only,,False
2020-06-22,,10742.36,right_only,,False
2020-06-23,,10764.82,right_only,,False
2020-06-24,,11039.54,right_only,,False
2020-06-25,,10890.48,right_only,,False
2020-06-28,,10848.65,right_only,,False
2020-06-29,,10750.1,right_only,,False
2020-06-30,,10764.59,right_only,,False
2020-07-05,,10959.35,right_only,,False
2020-07-06,,11087.64,right_only,,False
2020-07-07,,11050.2,right_only,,False
2020-07-08,,11127.85,right_only,,False
2020-07-09,,10957.02,right_only,,False
2020-07-12,,11071.96,right_only,,False
2020-07-13,,11007.85,right_only,,False
2020-07-14,,10873.53,right_only,,False
2020-07-15,,10617.42,right_only,,False
2020-07-16,,10441.2,right_only,,False
2020-07-19,,10281.16,right_only,,False
2020-07-20,,10380.45,right_only,,False
2020-07-21,,10558.35,right_only,,False
2020-07-22,,10459.92,right_only,,False
2020-07-26,,10524.45,right_only,,False
2020-07-27,,10575.47,right_only,,False
2020-07-28,,10568.84,right_only,,False
2020-07-29,,10599.46,right_only,,False
2020-08-04,,10620.1,right_only,,False
2020-08-05,,10704.33,right_only,,False
2020-08-06,,10817.29,right_only,,False
2020-08-09,,10962.52,right_only,,False
2020-08-10,,10938.23,right_only,,False
2020-08-11,,10919.47,right_only,,False
2020-08-12,,10922.33,right_only,,False
2020-08-13,,10944.18,right_only,,False
2020-08-16,,11120.26,right_only,,False
2020-08-17,,11142.77,right_only,,False
2020-08-18,,11077.11,right_only,,False
2020-08-19,,11160.05,right_only,,False
2020-08-23,,11391.08,right_only,,False
2020-08-24,,11433.76,right_only,,False
2020-08-25,,11461.62,right_only,,False
2020-08-26,,11453.78,right_only,,False
2020-08-27,,11462.45,right_only,,False
2020-08-30,,11434.81,right_only,,False
2020-08-31,,11365.99,right_only,,False
2020-09-01,,11233.94,right_only,,False
2020-09-02,,11214.22,right_only,,False
2020-09-03,,11180.81,right_only,,False
2020-09-06,,11073.02,right_only,,False
2020-09-07,,11136.03,right_only,,False
2020-09-08,,10951.29,right_only,,False
2020-09-09,,10929.89,right_only,,False
2020-09-10,,11070.84,right_only,,False
2020-09-13,,11091.67,right_only,,False
2020-09-14,,11034.38,right_only,,False
2020-09-15,,11028.06,right_only,,False
2020-09-16,,11088.2,right_only,,False
2020-09-17,,11050.89,right_only,,False
2020-09-20,,10969.32,right_only,,False
2020-09-21,,10910.37,right_only,,False
2020-09-22,,10963.01,right_only,,False
2020-09-23,,10979.44,right_only,,False
2020-09-24,,10911.44,right_only,,False
2020-09-27,,10902.22,right_only,,False
2020-09-28,,10969.94,right_only,,False
2020-09-29,,10987.19,right_only,,False
2020-09-30,,10989.27,right_only,,False
2020-10-01,,11051.3,right_only,,False
2020-10-04,,11071.46,right_only,,False
2020-10-05,,11007.69,right_only,,False
2020-10-06,,11146.18,right_only,,False
2020-10-07,,11326.98,right_only,,False
2020-10-11,,11360.37,right_only,,False
2020-10-12,,11397.65,right_only,,False
2020-10-13,,11291.81,right_only,,False
2020-10-14,,11333.91,right_only,,False
2020-10-15,,11322.71,right_only,,False
2020-10-18,,11185.15,right_only,,False
2020-10-19,,11171.36,right_only,,False
2020-10-20,,11157.62,right_only,,False
2020-10-21,,11101.63,right_only,,False
2020-10-22,,10987.43,right_only,,False
2020-10-25,,10602.98,right_only,,False
2020-10-26,,10511.94,right_only,,False
2020-10-27,,10559.71,right_only,,False
2020-10-28,,10515.25,right_only,,False
2020-11-01,,10456.33,right_only,,False
2020-11-02,,10429.34,right_only,,False
2020-11-03,,10512.16,right_only,,False
2020-11-04,,10556.89,right_only,,False
2020-11-05,,10629.29,right_only,,False
2020-11-08,,10680.27,right_only,,False
2020-11-09,,10838.66,right_only,,False
2020-11-10,,11077.25,right_only,,False
2020-11-11,,10997.65,right_only,,False
2020-11-12,,11017.28,right_only,,False
2020-11-15,,10953.13,right_only,,False
2020-11-16,,10991.61,right_only,,False
2020-11-17,,11063.98,right_only,,False
2020-11-18,,10989.72,right_only,,False
2020-11-19,,10898.67,right_only,,False
2020-11-22,,10858.26,right_only,,False
2020-11-23,,10885.11,right_only,,False
2020-11-24,,10997.35,right_only,,False
2020-11-25,,11068.44,right_only,,False
2020-11-26,,10980.96,right_only,,False
2020-11-29,,11009.27,right_only,,False
2020-11-30,,10943.35,right_only,,False
2020-12-01,,11040.78,right_only,,False
2020-12-02,,11023.34,right_only,,False
2020-12-03,,11015.01,right_only,,False
2020-12-06,,11024.84,right_only,,False
2020-12-07,,10995.13,right_only,,False
2020-12-08,,11019.08,right_only,,False
2020-12-09,,11018.09,right_only,,False
2020-12-10,,10987.39,right_only,,False
2020-12-13,,11003.77,right_only,,False
2020-12-14,,11047.97,right_only,,False
2020-12-15,,11057.62,right_only,,False
2020-12-16,,10983.03,right_only,,False
2020-12-17,,10844.58,right_only,,False
2020-12-20,,10890.3,right_only,,False
2020-12-21,,10581.76,right_only,,False
2020-12-22,,10655.91,right_only,,False
2020-12-23,,10677.51,right_only,,False
2020-12-24,,10683.86,right_only,,False
2020-12-27,,10585.56,right_only,,False
2020-12-28,,10658.55,right_only,,False
2020-12-29,,10736.88,right_only,,False
2020-12-30,,10867.76,right_only,,False
2020-12-31,,10845.26,right_only,,False
2021-01-03,,10845.03,right_only,,False
2021-01-04,,10813.78,right_only,,False
2021-01-05,,10829.96,right_only,,False
2021-01-06,,10952.14,right_only,,False
2021-01-10,,11213.48,right_only,,False
2021-01-11,,11278.72,right_only,,False
2021-01-12,,11339.75,right_only,,False
2021-01-13,,11388.9,right_only,,False
2021-01-14,,11453.43,right_only,,False
2021-01-17,,11446.53,right_only,,False
2021-01-18,,11450.54,right_only,,False
2021-01-19,,11485.8,right_only,,False
2021-01-20,,11598.9,right_only,,False
2021-01-21,,11654.58,right_only,,False
2021-01-24,,11525.25,right_only,,False
2021-01-25,,11509.63,right_only,,False
2021-01-26,,11527.34,right_only,,False
2021-01-27,,11578.84,right_only,,False
2021-01-31,,11546.15,right_only,,False
2021-02-01,,11589.34,right_only,,False
2021-02-02,,11637.55,right_only,,False
2021-02-03,,11619.14,right_only,,False
2021-02-04,,11598.85,right_only,,False
2021-02-07,,11602.78,right_only,,False
2021-02-08,,11523.06,right_only,,False
2021-02-09,,11447.73,right_only,,False
2021-02-10,,11545.03,right_only,,False
2021-02-11,,11546.32,right_only,,False
2021-02-14,,11506.72,right_only,,False
2021-02-15,,11526.77,right_only,,False
2021-02-16,,11534.05,right_only,,False
2021-02-17,,11413.17,right_only,,False
2021-02-18,,11380.55,right_only,,False
2021-02-21,,11425.85,right_only,,False
2021-02-22,,11549.97,right_only,,False
2021-02-23,,11416.74,right_only,,False
2021-02-24,,11435.43,right_only,,False
2021-02-25,,11617.91,right_only,,False
2021-02-28,,11525.02,right_only,,False
2021-03-01,,11521.38,right_only,,False
2021-03-02,,11471.39,right_only,,False
2021-03-03,,11393.25,right_only,,False
2021-03-04,,11333.86,right_only,,False
2021-03-07,,11557.85,right_only,,False
2021-03-08,,11459.51,right_only,,False
2021-03-09,,11337.46,right_only,,False
2021-03-10,,11235.6,right_only,,False
2021-03-11,,11261.35,right_only,,False
2021-03-14,,11289.57,right_only,,False
2021-03-15,,11222.33,right_only,,False
2021-03-16,,11190.8,right_only,,False
2021-03-17,,11068.37,right_only,,False
2021-03-18,,10918.4,right_only,,False
2021-03-21,,10802.29,right_only,,False
2021-03-22,,10537.22,right_only,,False
2021-03-23,,10471.36,right_only,,False
2021-03-24,,10702.18,right_only,,False
2021-03-25,,10870.46,right_only,,False
2021-03-28,,10867.69,right_only,,False
2021-03-29,,10738.42,right_only,,False
2021-03-30,,10739.69,right_only,,False
2021-03-31,,10568.37,right_only,,False
2021-04-01,,10564.88,right_only,,False
2021-04-04,,10417.15,right_only,,False
2021-04-05,,10256.92,right_only,,False
2021-04-06,,10263.22,right_only,,False
2021-04-07,,10227.67,right_only,,False
2021-04-08,,10303.55,right_only,,False
2021-04-11,,10393.13,right_only,,False
2021-04-12,,10450.09,right_only,,False
2021-04-13,,10305.81,right_only,,False
2021-04-14,,10115.51,right_only,,False
2021-04-15,,10143.21,right_only,,False
2021-04-18,,10358.26,right_only,,False
2021-04-19,,10441.0,right_only,,False
2021-04-20,,10620.05,right_only,,False
2021-04-21,,10642.49,right_only,,False
2021-04-22,,10600.07,right_only,,False
2021-04-25,,10604.28,right_only,,False
2021-04-26,,10525.84,right_only,,False
2021-04-27,,10591.42,right_only,,False
2021-04-28,,10475.26,right_only,,False
2021-05-04,,10465.59,right_only,,False
2021-05-05,,10512.84,right_only,,False
2021-05-06,,10588.09,right_only,,False
2021-05-09,,10643.63,right_only,,False
2021-05-10,,10686.03,right_only,,False
2021-05-11,,10767.84,right_only,,False
2021-05-17,,10674.67,right_only,,False
2021-05-18,,10780.9,right_only,,False
2021-05-19,,10806.23,right_only,,False
2021-05-20,,10731.96,right_only,,False
2021-05-23,,10812.06,right_only,,False
2021-05-24,,10760.95,right_only,,False
2021-05-25,,10531.83,right_only,,False
2021-05-26,,10369.57,right_only,,False
2021-05-27,,10242.3,right_only,,False
2021-05-30,,10301.58,right_only,,False
2021-05-31,,10309.06,right_only,,False
2021-06-01,,10240.21,right_only,,False
2021-06-02,,10120.95,right_only,,False
2021-06-03,,10054.81,right_only,,False
2021-06-06,,10122.44,right_only,,False
2021-06-07,,10105.04,right_only,,False
2021-06-08,,9963.91,right_only,,False
2021-06-09,,10042.18,right_only,,False
2021-06-10,,9977.9,right_only,,False
2021-06-13,,9887.19,right_only,,False
2021-06-14,,9933.35,right_only,,False
2021-06-15,,9891.18,right_only,,False
2021-06-16,,9880.49,right_only,,False
2021-06-17,,9865.59,right_only,,False
2021-06-20,,9797.91,right_only,,False
2021-06-21,,10061.58,right_only,,False
2021-06-22,,10206.24,right_only,,False
2021-06-23,,10272.72,right_only,,False
2021-06-24,,10278.86,right_only,,False
2021-06-27,,10305.02,right_only,,False
2021-06-28,,10273.92,right_only,,False
2021-06-29,,10123.06,right_only,,False
2021-06-30,,10256.62,right_only,,False
2021-07-04,,10345.66,right_only,,False
2021-07-05,,10348.29,right_only,,False
2021-07-06,,10154.79,right_only,,False
2021-07-07,,10277.25,right_only,,False
2021-07-08,,10184.8,right_only,,False
2021-07-11,,10153.47,right_only,,False
2021-07-12,,10233.7,right_only,,False
2021-07-13,,10431.99,right_only,,False
2021-07-14,,10602.41,right_only,,False
2021-07-15,,10561.28,right_only,,False
2021-07-18,,10646.85,right_only,,False
2021-07-25,,10745.69,right_only,,False
2021-07-26,,10697.32,right_only,,False
2021-07-27,,10763.26,right_only,,False
2021-07-28,,10769.22,right_only,,False
2021-07-29,,10742.23,right_only,,False
2021-08-01,,10810.21,right_only,,False
2021-08-02,,10821.88,right_only,,False
2021-08-03,,10726.33,right_only,,False
2021-08-04,,10718.89,right_only,,False
2021-08-05,,10723.18,right_only,,False
2021-08-08,,10738.67,right_only,,False
2021-08-09,,10800.39,right_only,,False
2021-08-10,,10853.83,right_only,,False
2021-08-11,,10884.5,right_only,,False
2021-08-15,,11029.56,right_only,,False
2021-08-16,,11046.15,right_only,,False
2021-08-17,,10937.69,right_only,,False
2021-08-18,,10907.96,right_only,,False
2021-08-19,,10808.7,right_only,,False
2021-08-22,,10690.79,right_only,,False
2021-08-23,,10884.29,right_only,,False
2021-08-24,,10950.24,right_only,,False
2021-08-25,,11064.43,right_only,,False
2021-08-26,,11125.55,right_only,,False
2021-08-29,,11113.74,right_only,,False
2021-08-30,,11163.23,right_only,,False
2021-08-31,,11143.8,right_only,,False
2021-09-01,,11283.7,right_only,,False
2021-09-02,,11301.36,right_only,,False
2021-09-05,,11095.89,right_only,,False
2021-09-06,,11064.17,right_only,,False
2021-09-07,,11089.8,right_only,,False
2021-09-08,,11135.48,right_only,,False
2021-09-09,,11056.27,right_only,,False
2021-09-12,,11036.93,right_only,,False
2021-09-13,,11140.22,right_only,,False
2021-09-14,,11187.82,right_only,,False
2021-09-15,,11149.36,right_only,,False
2021-09-16,,10996.76,right_only,,False
2021-09-19,,10889.65,right_only,,False
2021-09-20,,10710.56,right_only,,False
2021-09-21,,10498.52,right_only,,False
2021-09-22,,10596.06,right_only,,False
2021-09-23,,10642.02,right_only,,False
2021-09-26,,10649.76,right_only,,False
2021-09-27,,10496.0,right_only,,False
2021-09-28,,10446.78,right_only,,False
2021-09-29,,10391.14,right_only,,False
2021-09-30,,10517.03,right_only,,False
2021-10-03,,10366.44,right_only,,False
2021-10-04,,10427.44,right_only,,False
2021-10-05,,10432.63,right_only,,False
2021-10-06,,10536.39,right_only,,False
2021-10-10,,10662.96,right_only,,False
2021-10-11,,10714.78,right_only,,False
2021-10-12,,10783.92,right_only,,False
2021-10-13,,10881.4,right_only,,False
2021-10-14,,10995.59,right_only,,False
2021-10-17,,11155.57,right_only,,False
2021-10-18,,11276.17,right_only,,False
2021-10-19,,11195.05,right_only,,False
2021-10-20,11.604939460754396,11132.07,both,-11120.4651,False
2021-10-24,11.407342910766602,11185.88,both,-11174.4727,False
2021-10-25,11.437742233276367,11178.0,both,-11166.5623,False
2021-10-26,11.133749008178713,11256.54,both,-11245.4063,False
2021-10-27,11.042551040649414,11364.2,both,-11353.1574,False
2021-10-28,11.17934799194336,11506.63,both,-11495.4507,False
2021-10-31,11.034952163696287,11420.19,both,-11409.155,False
2021-11-01,10.98935317993164,11568.27,both,-11557.2806,False
2021-11-02,10.708159446716309,11676.38,both,-11665.6718,False
2021-11-03,10.533363342285156,11685.12,both,-11674.5866,False
2021-11-04,10.252168655395508,11612.84,both,-11602.5878,False
2021-11-07,10.252168655395508,11555.58,both,-11545.3278,False
2021-11-08,10.252168655395508,11497.51,both,-11487.2578,False
2021-11-09,10.252168655395508,11588.42,both,-11578.1678,False
2021-11-10,10.411766052246094,11480.5,both,-11470.0882,False
2021-11-11,10.632161140441896,11573.14,both,-11562.5078,False
2021-11-14,10.64735984802246,11662.99,both,-11652.3426,False
2021-11-15,10.66256046295166,11496.63,both,-11485.9674,False
2021-11-16,10.434564590454102,11413.21,both,-11402.7754,False
2021-11-17,10.464963912963867,11453.3,both,-11442.835,False
2021-11-18,10.464963912963867,11337.99,both,-11327.525,False
2021-11-21,10.259769439697266,11273.11,both,-11262.8502,False
2021-11-22,10.388965606689451,11359.03,both,-11348.641,False
2021-11-23,10.525762557983398,11369.22,both,-11358.6942,False
2021-11-24,10.525762557983398,11352.64,both,-11342.1142,False
2021-11-25,10.928553581237791,11431.24,both,-11420.3114,False
2021-11-28,10.928553581237791,11277.83,both,-11266.9014,False
2021-11-29,10.875354766845703,11212.3,both,-11201.4246,False
2021-11-30,10.875354766845703,11395.6,both,-11384.7246,False
2021-12-01,10.875354766845703,11420.0,both,-11409.1246,False
2021-12-02,10.875354766845703,11318.35,both,-11307.4746,False
2021-12-05,11.392144203186035,11401.33,both,-11389.9379,False
2021-12-06,11.407342910766602,11514.87,both,-11503.4627,False
2021-12-07,12.144527435302734,11538.26,both,-11526.1155,False
2021-12-08,12.01533031463623,11451.14,both,-11439.1247,False
2021-12-09,11.9393310546875,11534.63,both,-11522.6907,False
2021-12-12,11.916531562805176,11708.05,both,-11696.1335,False
2021-12-13,11.878533363342283,11700.4,both,-11688.5215,False
2021-12-14,11.696137428283691,11618.01,both,-11606.3139,False
2021-12-15,11.855732917785645,11622.1,both,-11610.2443,False
2021-12-16,11.870932579040527,11667.73,both,-11655.8591,False
2021-12-19,11.635337829589844,11565.72,both,-11554.0847,False
2021-12-20,11.45294189453125,11482.43,both,-11470.9771,False
2021-12-21,11.392144203186035,11524.66,both,-11513.2679,False
2021-12-22,11.490941047668455,11630.63,both,-11619.1391,False
2021-12-23,12.114127159118652,11755.46,both,-11743.3459,False
2021-12-26,12.15212631225586,11856.21,both,-11844.0579,False
2021-12-27,11.93173122406006,11849.79,both,-11837.8583,False
2021-12-28,12.091327667236328,11913.44,both,-11901.3487,False
2021-12-29,12.121726989746094,11898.42,both,-11886.2983,False
2021-12-30,11.984930038452148,11949.18,both,-11937.1951,False
2022-01-02,12.106527328491213,11909.72,both,-11897.6135,False
2022-01-03,11.93173122406006,11897.4,both,-11885.4683,False
2022-01-04,11.9393310546875,11982.61,both,-11970.6707,False
2022-01-05,12.030529022216797,12043.42,both,-12031.3895,False
2022-01-09,12.030529022216797,11978.56,both,-11966.5295,False
2022-01-10,11.99252986907959,12022.69,both,-12010.6975,False
2022-01-11,11.77973461151123,12002.08,both,-11990.3003,False
2022-01-12,11.696137428283691,12060.0,both,-12048.3039,False
2022-01-13,11.55933952331543,12012.31,both,-12000.7507,False
2022-01-16,11.39974308013916,11830.94,both,-11819.5403,False
2022-01-17,11.422542572021484,11859.12,both,-11847.6975,False
2022-01-18,11.772134780883787,11876.44,both,-11864.6679,False
2022-01-19,11.66573715209961,11715.01,both,-11703.3443,False
2022-01-20,11.528940200805664,11731.71,both,-11720.1811,False
2022-01-23,11.308545112609863,11655.72,both,-11644.4115,False
2022-01-24,11.034952163696287,11616.13,both,-11605.095,False
2022-01-25,11.247747421264648,11542.43,both,-11531.1823,False
2022-01-26,11.17934799194336,11499.85,both,-11488.6707,False
2022-01-30,9.13499355316162,11457.46,both,-11448.325,False
2022-01-31,9.507386207580566,11490.45,both,-11480.9426,False
2022-02-01,9.803778648376465,11603.33,both,-11593.5262,False
2022-02-02,10.031773567199709,11691.82,both,-11681.7882,False
2022-02-03,10.10777187347412,11638.06,both,-11627.9522,False
2022-02-06,10.168571472167969,11689.55,both,-11679.3814,False
2022-02-07,10.236968994140623,11548.61,both,-11538.373,False
2022-02-08,10.259769439697266,11527.9,both,-11517.6402,False
2022-02-09,10.267369270324709,11596.29,both,-11586.0226,False
2022-02-10,10.50296401977539,11578.54,both,-11568.037,False
2022-02-13,10.411766052246094,11438.12,both,-11427.7082,False
2022-02-14,10.510562896728516,11403.34,both,-11392.8294,False
2022-02-15,10.472563743591309,11563.38,both,-11552.9074,False
2022-02-16,10.533363342285156,11568.14,both,-11557.6066,False
2022-02-17,10.487764358520508,11535.02,both,-11524.5322,False
2022-02-20,10.37376594543457,11371.21,both,-11360.8362,False
2022-02-21,10.411766052246094,11501.92,both,-11491.5082,False
2022-02-22,10.312968254089355,11302.49,both,-11292.177,False
2022-02-23,10.41936492919922,11301.08,both,-11290.6606,False
2022-02-24,9.925375938415527,10890.88,both,-10880.9546,False
2022-02-27,10.168571472167969,11174.09,both,-11163.9214,False
2022-02-28,10.259769439697266,11138.86,both,-11128.6002,False
2022-03-01,10.259769439697266,11275.78,both,-11265.5202,False
2022-03-02,10.259769439697266,11189.29,both,-11179.0302,False
2022-03-03,10.259769439697266,11305.55,both,-11295.2902,False
2022-03-06,10.267369270324709,11094.66,both,-11084.3926,False
2022-03-07,10.267369270324709,10701.14,both,-10690.8726,False
2022-03-08,10.267369270324709,10396.83,both,-10386.5626,False
2022-03-09,10.381365776062012,10415.73,both,-10405.3486,False
2022-03-10,10.411766052246094,10453.59,both,-10443.1782,False
2022-03-13,10.366167068481444,10480.67,both,-10470.3038,False
2022-03-14,10.411766052246094,10419.56,both,-10409.1482,False
2022-03-15,10.366167068481444,10423.09,both,-10412.7238,False
2022-03-16,10.404166221618652,10705.6,both,-10695.1958,False
2022-03-17,10.366167068481444,10726.44,both,-10716.0738,False
2022-03-20,10.358567237854004,10973.72,both,-10963.3614,False
2022-03-21,10.708159446716309,11511.15,both,-11500.4418,False
2022-03-22,11.1869478225708,11663.32,both,-11652.1331,False
2022-03-23,11.088150024414062,11743.91,both,-11732.8218,False
2022-03-24,10.898155212402344,11709.16,both,-11698.2618,False
2022-03-27,10.784156799316406,11545.61,both,-11534.8258,False
2022-03-28,10.586562156677246,11240.79,both,-11230.2034,False
2022-03-29,10.69295883178711,11393.54,both,-11382.847,False
2022-03-30,10.69295883178711,11239.21,both,-11228.517,False
2022-03-31,10.540963172912598,11238.48,both,-11227.939,False
2022-04-03,10.890555381774902,11562.21,both,-11551.3194,False
2022-04-04,10.890555381774902,11529.18,both,-11518.2894,False
2022-04-05,10.7461576461792,11380.85,both,-11370.1038,False
2022-04-06,10.578962326049805,11347.96,both,-11337.381,False
2022-04-07,10.563761711120604,11101.94,both,-11091.3762,False
2022-04-10,10.41936492919922,10897.61,both,-10887.1906,False
2022-04-11,10.20656967163086,10728.66,both,-10718.4534,False
2022-04-12,9.773380279541016,10898.69,both,-10888.9166,False
2022-04-13,9.894976615905762,10847.46,both,-10837.565,False
2022-04-14,9.423788070678713,10679.55,both,-10670.1262,False
2022-04-17,9.423788070678713,10707.93,both,-10698.5062,False
2022-04-18,9.423788070678713,10724.8,both,-10715.3762,False
2022-04-19,9.36298942565918,10626.81,both,-10617.447,False
2022-04-20,9.385788917541504,10444.76,both,-10435.3742,False
2022-04-21,9.628982543945312,10548.14,both,-10538.511,False
2022-04-26,9.454187393188477,10682.08,both,-10672.6258,False
2022-04-27,9.431387901306152,10718.22,both,-10708.7886,False
2022-04-28,9.598584175109863,11047.7,both,-11038.1014,False
2022-05-08,9.735381126403809,11109.22,both,-11099.4846,False
2022-05-09,9.74298095703125,10906.72,both,-10896.977,False
2022-05-10,9.727781295776367,10811.45,both,-10801.7222,False
2022-05-11,9.727781295776367,10855.93,both,-10846.2022,False
2022-05-12,9.727781295776367,10678.98,both,-10669.2522,False
2022-05-15,9.68218231201172,10534.22,both,-10524.5378,False
2022-05-16,9.621382713317873,10461.88,both,-10452.2586,False
2022-05-17,9.621382713317873,10438.95,both,-10429.3286,False
2022-05-18,9.628982543945312,10467.63,both,-10458.001,False
2022-05-19,9.651782989501951,10549.97,both,-10540.3182,False
2022-05-22,9.651782989501951,10462.74,both,-10453.0882,False
2022-05-23,9.598584175109863,10514.95,both,-10505.3514,False
2022-05-24,9.484585762023926,10415.54,both,-10406.0554,False
2022-05-25,9.172992706298828,10247.43,both,-10238.257,False
2022-05-26,9.051396369934082,10200.56,both,-10191.5086,False
2022-05-29,9.051396369934082,10086.72,both,-10077.6686,False
2022-05-30,9.051396369934082,10109.36,both,-10100.3086,False
2022-05-31,9.112195014953612,10150.05,both,-10140.9378,False
2022-06-01,9.18059253692627,10083.98,both,-10074.7994,False
2022-06-02,9.119794845581056,10007.51,both,-9998.3902,False
2022-06-05,9.119794845581056,9986.0,both,-9976.8802,False
2022-06-06,9.119794845581056,9984.92,both,-9975.8002,False
2022-06-07,9.119794845581056,10048.36,both,-10039.2402,False
2022-06-08,9.46938705444336,10236.06,both,-10226.5906,False
2022-06-09,9.340189933776855,10235.43,both,-10226.0898,False
2022-06-12,9.340189933776855,10097.55,both,-10088.2098,False
2022-06-13,9.41618824005127,10014.85,both,-10005.4338,False
2022-06-14,9.499786376953123,9981.22,both,-9971.7202,False
2022-06-15,9.34778881072998,9969.97,both,-9960.6222,False
2022-06-16,9.271791458129885,9866.75,both,-9857.4782,False
2022-06-19,9.600000381469728,9728.19,both,-9718.59,False
2022-06-20,9.600000381469728,9680.18,both,-9670.58,False
2022-06-21,9.216666221618652,9697.88,both,-9688.6633,False
2022-06-22,9.324999809265137,9612.9,both,-9603.575,False
2022-06-23,9.566665649414062,9439.85,both,-9430.2833,False
2022-06-26,10.191665649414062,9443.75,both,-9433.5583,False
2022-06-27,9.608332633972168,9255.43,both,-9245.8217,False
2022-06-28,9.533332824707031,9179.63,both,-9170.0967,False
2022-06-29,9.458333015441896,9225.61,both,-9216.1517,False
2022-07-03,9.266666412353516,9008.89,both,-8999.6233,False
2022-07-04,9.083333015441896,8685.74,both,-8676.6567,False
2022-07-05,8.883333206176758,8657.5,both,-8648.6167,False
2022-07-06,8.983332633972168,8670.12,both,-8661.1367,False
2022-07-07,9.133333206176758,8764.25,both,-8755.1167,False
2022-07-17,8.925000190734863,8772.93,both,-8764.005,False
2022-07-18,8.824999809265137,8867.94,both,-8859.115,False
2022-07-19,8.850000381469727,9033.53,both,-9024.68,False
2022-07-20,8.925000190734863,9112.72,both,-9103.795,False
2022-07-21,9.083333015441896,9289.81,both,-9280.7267,False
2022-07-24,9.241665840148926,9276.28,both,-9267.0383,False
2022-07-25,9.508333206176758,9237.7,both,-9228.1917,False
2022-07-26,9.966666221618652,9350.42,both,-9340.4533,False
2022-07-27,10.041666030883787,9287.92,both,-9277.8783,False
2022-07-28,10.475000381469728,9369.32,both,-9358.845,False
2022-07-31,10.283332824707031,9467.08,both,-9456.7967,False
2022-08-01,10.274999618530272,9423.1,both,-9412.825,False
2022-08-02,10.25,9442.02,both,-9431.77,False
2022-08-03,10.050000190734863,9539.43,both,-9529.38,False
2022-08-04,10.291666030883787,10043.23,both,-10032.9383,False
2022-08-07,10.158332824707031,10123.81,both,-10113.6517,False
2022-08-08,10.43333339691162,10047.71,both,-10037.2767,False
2022-08-09,10.75,9968.88,both,-9958.13,False
2022-08-10,10.925000190734863,9965.46,both,-9954.535,False
2022-08-11,10.766666412353516,9988.84,both,-9978.0733,False
2022-08-14,11.241665840148926,9984.44,both,-9973.1983,False
2022-08-15,11.033332824707031,9914.71,both,-9903.6767,False
2022-08-16,11.0,9843.17,both,-9832.17,False
2022-08-17,11.324999809265137,10058.12,both,-10046.795,False
2022-08-18,11.324999809265137,10094.16,both,-10082.835,False
2022-08-21,12.491665840148926,10339.58,both,-10327.0883,False
2022-08-22,12.008333206176758,10246.24,both,-10234.2317,False
2022-08-23,12.008333206176758,10137.89,both,-10125.8817,False
2022-08-24,12.041666030883787,10105.24,both,-10093.1983,False
2022-08-25,11.975000381469728,10287.27,both,-10275.295,False
2022-08-28,12.041666030883787,10178.15,both,-10166.1083,False
2022-08-29,11.691665649414062,10122.32,both,-10110.6283,False
2022-08-30,11.675000190734863,10132.15,both,-10120.475,False
2022-08-31,11.449999809265137,9998.61,both,-9987.16,False
2022-09-01,11.258333206176758,9936.87,both,-9925.6117,False
2022-09-04,11.233332633972168,9996.74,both,-9985.5067,False
2022-09-05,11.316665649414062,10177.64,both,-10166.3233,False
2022-09-06,11.675000190734863,10329.66,both,-10317.985,False
2022-09-07,11.666666030883787,10232.29,both,-10220.6233,False
2022-09-08,11.649999618530272,10265.35,both,-10253.7,False
2022-09-11,11.625,10356.31,both,-10344.685,False
2022-09-12,11.991665840148926,10434.1,both,-10422.1083,False
2022-09-13,11.991665840148926,10397.12,both,-10385.1283,False
2022-09-14,11.583333015441896,10193.79,both,-10182.2067,False
2022-09-15,11.616665840148926,10079.02,both,-10067.4033,False
2022-09-18,11.158332824707031,9763.19,both,-9752.0317,False
2022-09-19,11.600000381469728,9854.21,both,-9842.61,False
2022-09-20,11.850000381469728,10010.53,both,-9998.68,False
2022-09-21,11.725000381469728,9955.85,both,-9944.125,False
2022-09-22,11.725000381469728,9933.05,both,-9921.325,False
2022-09-25,11.666666030883787,9895.04,both,-9883.3733,False
2022-09-26,11.591666221618652,9827.8,both,-9816.2083,False
2022-09-27,11.591666221618652,9817.37,both,-9805.7783,False
2022-09-28,11.591666221618652,9702.19,both,-9690.5983,False
2022-09-29,11.375,9827.46,both,-9816.085,False
2022-10-02,11.375,9687.36,both,-9675.985,False
2022-10-03,11.166666030883787,9685.85,both,-9674.6833,False
2022-10-04,11.291666030883787,9923.81,both,-9912.5183,False
2022-10-05,11.291666030883787,10010.78,both,-9999.4883,False
2022-10-09,11.258333206176758,9940.86,both,-9929.6017,False
2022-10-10,11.100000381469728,9948.53,both,-9937.43,False
2022-10-11,10.891666412353516,9867.23,both,-9856.3383,False
2022-10-12,10.716666221618652,9800.64,both,-9789.9233,False
2022-10-13,10.508333206176758,9853.74,both,-9843.2317,False
2022-10-16,10.574999809265137,10048.88,both,-10038.305,False
2022-10-17,10.658332824707031,10148.4,both,-10137.7417,False
2022-10-18,10.841666221618652,10163.56,both,-10152.7183,False
2022-10-19,10.850000381469728,10156.34,both,-10145.49,False
2022-10-20,10.858332633972168,10273.53,both,-10262.6717,False
2022-10-23,11.149999618530272,10258.24,both,-10247.09,False
2022-10-24,11.050000190734863,10320.88,both,-10309.83,False
2022-10-25,11.050000190734863,10475.02,both,-10463.97,False
2022-10-26,11.050000190734863,10553.2,both,-10542.15,False
2022-10-27,11.283332824707031,11072.02,both,-11060.7367,False
2022-10-30,11.125,11100.67,both,-11089.545,False
2022-10-31,11.050000190734863,11372.79,both,-11361.74,False
2022-11-01,10.68333339691162,11432.79,both,-11422.1067,False
2022-11-02,10.5,11242.07,both,-11231.57,False
2022-11-03,10.566665649414062,11262.4,both,-11251.8333,False
2022-11-06,10.5,11179.2,both,-11168.7,False
2022-11-07,10.458333015441896,11443.71,both,-11433.2517,False
2022-11-08,10.149999618530272,11268.04,both,-11257.89,False
2022-11-09,10.208333015441896,11781.58,both,-11771.3717,False
2022-11-10,10.475000381469728,11756.56,both,-11746.085,False
2022-11-13,10.741665840148926,11980.62,both,-11969.8783,False
2022-11-14,11.024999618530272,12136.37,both,-12125.345,False
2022-11-15,10.958333015441896,12137.0,both,-12126.0417,False
2022-11-16,11.550000190734863,12341.2,both,-12329.65,False
2022-11-17,11.408332824707031,12515.71,both,-12504.3017,False
2022-11-20,11.391666412353516,12523.84,both,-12512.4483,False
2022-11-21,11.149999618530272,12449.9,both,-12438.75,False
2022-11-22,10.80833339691162,12622.34,both,-12611.5317,False
2022-11-23,11.316665649414062,12600.09,both,-12588.7733,False
2022-11-24,11.425000190734863,12779.44,both,-12768.015,False
2022-11-27,11.850000381469728,13009.48,both,-12997.63,False
2022-11-28,12.266666412353516,12917.22,both,-12904.9533,False
2022-11-29,13.033332824707031,13184.26,both,-13171.2267,False
2022-11-30,13.116665840148926,13259.26,both,-13246.1433,False
2022-12-01,13.05833339691162,13639.73,both,-13626.6717,False
2022-12-04,13.216666221618652,14078.53,both,-14065.3133,False
2022-12-05,13.033332824707031,14327.77,both,-14314.7367,False
2022-12-06,13.25,14498.29,both,-14485.04,False
2022-12-07,13.68333339691162,14787.05,both,-14773.3667,False
2022-12-08,13.350000381469728,14838.31,both,-14824.96,False
2022-12-11,13.716666221618652,14587.7,both,-14573.9833,False
2022-12-12,15.208333015441896,14723.71,both,-14708.5017,False
2022-12-13,14.816665649414062,15150.31,both,-15135.4933,False
2022-12-14,14.816665649414062,15378.28,both,-15363.4633,False
2022-12-15,14.908332824707031,15141.55,both,-15126.6417,False
2022-12-18,14.158332824707031,14843.05,both,-14828.8917,False
2022-12-19,14.574999809265137,14738.6,both,-14724.025,False
2022-12-20,14.883333206176758,14523.26,both,-14508.3767,False
2022-12-21,14.766666412353516,14541.98,both,-14527.2133,False
2022-12-22,14.43333339691162,14482.93,both,-14468.4967,False
2022-12-25,14.774999618530272,14385.3,both,-14370.525,False
2022-12-26,14.958333015441896,14560.41,both,-14545.4517,False
2022-12-27,15.274999618530272,14485.18,both,-14469.905,False
2022-12-28,14.80833339691162,14578.21,both,-14563.4017,False
2022-12-29,14.975000381469728,14598.53,both,-14583.555,False
2023-01-02,14.958333015441896,14960.66,both,-14945.7017,False
2023-01-03,14.766666412353516,15068.13,both,-15053.3633,False
2023-01-04,14.658332824707031,15557.46,both,-15542.8017,False
2023-01-05,14.633333206176758,16002.18,both,-15987.5467,False
2023-01-09,14.358332633972168,16096.87,both,-16082.5117,False
2023-01-10,15.083333015441896,15462.57,both,-15447.4867,False
2023-01-11,15.30833339691162,15528.1,both,-15512.7917,False
2023-01-12,15.75,15551.47,both,-15535.72,False
2023-01-15,16.341665267944336,15561.25,both,-15544.9083,False
2023-01-16,17.700000762939453,15837.91,both,-15820.21,False
2023-01-17,17.208332061767578,15981.88,both,-15964.6717,False
2023-01-18,16.075000762939453,15987.15,both,-15971.075,False
2023-01-19,16.066665649414062,16065.98,both,-16049.9133,False
2023-01-22,15.966666221618652,16118.85,both,-16102.8833,False
2023-01-23,16.316665649414062,16183.49,both,-16167.1733,False
2023-01-24,16.424999237060547,16440.53,both,-16424.105,False
2023-01-25,17.808332443237305,16791.11,both,-16773.3017,False
2023-01-29,19.700000762939453,17411.46,both,-17391.76,False
2023-01-30,18.41666603088379,17026.64,both,-17008.2233,False
2023-01-31,18.216665267944336,16446.38,both,-16428.1633,False
2023-02-01,17.866666793823242,16407.79,both,-16389.9233,False
2023-02-02,17.725000381469727,16255.73,both,-16238.005,False
2023-02-05,17.583332061767578,16265.92,both,-16248.3367,False
2023-02-06,17.883333206176758,16587.06,both,-16569.1767,False
2023-02-07,18.983333587646484,16900.43,both,-16881.4467,False
2023-02-08,18.0,16948.08,both,-16930.08,False
2023-02-09,18.583332061767575,17613.78,both,-17595.1967,False
2023-02-12,17.79166603088379,17287.09,both,-17269.2983,False
2023-02-13,18.083332061767575,17214.56,both,-17196.4767,False
2023-02-14,18.350000381469727,17430.98,both,-17412.63,False
2023-02-15,18.208332061767575,17522.56,both,-17504.3517,False
2023-02-16,17.924999237060547,17488.87,both,-17470.945,False
2023-02-19,17.733333587646484,17326.61,both,-17308.8767,False
2023-02-20,17.274999618530273,16814.0,both,-16796.725,False
2023-02-21,17.083332061767578,17039.45,both,-17022.3667,False
2023-02-22,16.78333282470703,16777.2,both,-16760.4167,False
2023-02-23,16.600000381469727,17003.9,both,-16987.3,False
2023-02-26,17.066665649414062,17213.01,both,-17195.9433,False
2023-02-27,16.608333587646484,17098.16,both,-17081.5517,False
2023-02-28,16.575000762939453,17002.08,both,-16985.505,False
2023-03-01,16.608333587646484,17123.01,both,-17106.4017,False
2023-03-02,16.333332061767578,16846.79,both,-16830.4567,False
2023-03-05,16.5,16827.65,both,-16811.15,False
2023-03-06,16.383333206176758,16803.89,both,-16787.5067,False
2023-03-07,16.141666412353516,16432.56,both,-16416.4183,False
2023-03-08,15.891666412353516,16315.62,both,-16299.7283,False
2023-03-09,16.058332443237305,16454.31,both,-16438.2517,False
2023-03-12,15.391666412353516,15936.89,both,-15921.4983,False
2023-03-13,14.800000190734863,15438.5,both,-15423.7,False
2023-03-14,15.199999809265137,15362.25,both,-15347.05,False
2023-03-15,14.125,14724.44,both,-14710.315,False
2023-03-16,14.191665649414062,14704.18,both,-14689.9883,False
2023-03-19,14.866665840148926,14681.12,both,-14666.2533,False
2023-03-20,15.141666412353516,14923.81,both,-14908.6683,False
2023-03-21,15.274999618530272,15325.66,both,-15310.385,False
2023-03-22,14.774999618530272,15253.22,both,-15238.445,False
2023-03-23,14.583333015441896,15625.08,both,-15610.4967,False
2023-03-26,14.833333015441896,15989.18,both,-15974.3467,False
2023-03-27,14.533332824707031,15950.09,both,-15935.5567,False
2023-03-28,14.5,15906.42,both,-15891.92,False
2023-03-29,15.55833339691162,16411.37,both,-16395.8117,False
2023-03-30,15.358332633972168,16418.53,both,-16403.1717,False
2023-04-02,15.608332633972168,16694.46,both,-16678.8517,False
2023-04-03,16.15833282470703,17056.89,both,-17040.7317,False
2023-04-04,16.66666603088379,16998.35,both,-16981.6833,False
2023-04-05,16.266666412353516,17019.25,both,-17002.9833,False
2023-04-06,15.958333015441896,16709.28,both,-16693.3217,False
2023-04-09,15.616665840148926,16674.87,both,-16659.2533,False
2023-04-10,15.600000381469728,16774.64,both,-16759.04,False
2023-04-11,15.80833339691162,17011.68,both,-16995.8717,False
2023-04-12,15.766666412353516,16741.45,both,-16725.6833,False
2023-04-13,16.208332061767578,17671.27,both,-17655.0617,False
2023-04-18,17.825000762939453,17538.97,both,-17521.145,False
2023-04-19,17.65833282470703,17516.04,both,-17498.3817,False
2023-04-26,17.399999618530273,17452.22,both,-17434.82,False
2023-04-27,18.083332061767575,17796.91,both,-17778.8267,False
2023-04-30,17.491666793823242,17667.74,both,-17650.2483,False
2023-05-01,17.491666793823242,17310.83,both,-17293.3383,False
2023-05-02,17.78333282470703,17300.56,both,-17282.7767,False
2023-05-03,18.083332061767575,17295.27,both,-17277.1867,False
2023-05-07,17.66666603088379,17235.31,both,-17217.6433,False
2023-05-08,18.316665649414062,17642.97,both,-17624.6533,False
2023-05-09,18.125,17326.27,both,-17308.145,False
2023-05-10,17.899999618530273,17494.73,both,-17476.83,False
2023-05-11,17.91666603088379,17270.69,both,-17252.7733,False
2023-05-14,19.51666641235352,17369.13,both,-17349.6133,False
2023-05-15,19.483333587646484,17135.55,both,-17116.0667,False
2023-05-16,19.233333587646484,17033.99,both,-17014.7567,False
2023-05-17,18.941665649414062,16844.01,both,-16825.0683,False
2023-05-18,18.88333320617676,16745.54,both,-16726.6567,False
2023-05-21,19.16666603088379,16860.88,both,-16841.7133,False
2023-05-22,18.833332061767575,16764.41,both,-16745.5767,False
2023-05-23,18.591665267944336,16787.71,both,-16769.1183,False
2023-05-24,18.65833282470703,17090.56,both,-17071.9017,False
2023-05-25,18.524999618530277,17043.62,both,-17025.095,False
2023-05-28,19.90833282470703,17131.45,both,-17111.5417,False
2023-05-29,19.89166641235352,17211.84,both,-17191.9483,False
2023-05-30,21.583332061767575,17534.59,both,-17513.0067,False
2023-05-31,20.183332443237305,17495.77,both,-17475.5867,False
2023-06-01,20.716665267944336,17533.31,both,-17512.5933,False
2023-06-04,21.183332443237305,17455.48,both,-17434.2967,False
2023-06-05,20.833332061767575,17345.9,both,-17325.0667,False
2023-06-06,20.475000381469727,17491.18,both,-17470.705,False
2023-06-07,19.716665267944336,17347.57,both,-17327.8533,False
2023-06-08,19.149999618530277,17521.36,both,-17502.21,False
2023-06-11,18.458332061767575,17739.63,both,-17721.1717,False
2023-06-12,18.549999237060547,17704.58,both,-17686.03,False
2023-06-13,18.333332061767575,17866.81,both,-17848.4767,False
2023-06-14,18.16666603088379,17873.28,both,-17855.1133,False
2023-06-15,18.316665649414062,17881.52,both,-17863.2033,False
2023-06-18,18.174999237060547,18026.17,both,-18007.995,False
2023-06-19,18.88333320617676,17988.95,both,-17970.0667,False
2023-06-20,18.591665267944336,17921.92,both,-17903.3283,False
2023-06-21,18.774999618530277,17706.08,both,-17687.305,False
2023-06-22,18.591665267944336,17712.93,both,-17694.3383,False
2023-06-25,18.524999618530277,17287.64,both,-17269.115,False
2023-06-26,19.375,17665.29,both,-17645.915,False
2023-07-04,19.39166641235352,17466.18,both,-17446.7883,False
2023-07-05,19.700000762939453,17380.33,both,-17360.63,False
2023-07-06,19.825000762939453,17102.3,both,-17082.475,False
2023-07-09,18.691665649414062,16555.12,both,-16536.4283,False
2023-07-10,19.16666603088379,16963.13,both,-16943.9633,False
2023-07-11,19.066665649414062,17155.23,both,-17136.1633,False
2023-07-12,19.024999618530277,17144.22,both,-17125.195,False
2023-07-13,19.083332061767575,17342.29,both,-17323.2067,False
2023-07-16,18.89166641235352,17343.13,both,-17324.2383,False
2023-07-17,18.75833320617676,17512.01,both,-17493.2517,False
2023-07-18,18.99166679382324,17608.32,both,-17589.3283,False
2023-07-19,18.99166679382324,17578.67,both,-17559.6783,False
2023-07-24,18.76666641235352,17550.23,both,-17531.4633,False
2023-07-25,18.65833282470703,17479.94,both,-17461.2817,False
2023-07-26,19.25,17396.24,both,-17376.99,False
2023-07-27,19.51666641235352,17339.06,both,-17319.5433,False
2023-07-30,20.40833282470703,17554.56,both,-17534.1517,False
2023-07-31,20.333332061767575,17595.92,both,-17575.5867,False
2023-08-01,19.716665267944336,17514.11,both,-17494.3933,False
2023-08-02,20.01666641235352,17455.6,both,-17435.5833,False
2023-08-03,20.00833320617676,17451.44,both,-17431.4317,False
2023-08-06,20.024999618530277,17697.49,both,-17677.465,False
2023-08-07,20.66666603088379,17839.48,both,-17818.8133,False
2023-08-08,20.774999618530277,17748.89,both,-17728.115,False
2023-08-09,20.76666641235352,17763.63,both,-17742.8633,False
2023-08-10,20.575000762939453,17710.2,both,-17689.625,False
2023-08-13,20.833332061767575,17856.07,both,-17835.2367,False
2023-08-14,20.833332061767575,17897.5,both,-17876.6667,False
2023-08-15,20.51666641235352,17965.32,both,-17944.8033,False
2023-08-16,21.03333282470703,18062.5,both,-18041.4667,False
2023-08-17,20.825000762939453,17969.27,both,-17948.445,False
2023-08-20,20.79166603088379,18033.22,both,-18012.4283,False
2023-08-21,20.475000381469727,17920.48,both,-17900.005,False
2023-08-22,20.458332061767575,18216.63,both,-18196.1717,False
2023-08-23,20.174999237060547,18133.42,both,-18113.245,False
2023-08-24,20.15833282470703,18207.82,both,-18187.6617,False
2023-08-27,20.816665649414062,18516.59,both,-18495.7733,False
2023-08-28,21.25,18584.84,both,-18563.59,False
2023-08-29,20.825000762939453,18629.34,both,-18608.515,False
2023-08-30,20.833332061767575,18818.15,both,-18797.3167,False
2023-08-31,20.833332061767575,18873.82,both,-18852.9867,False
2023-09-03,20.15833282470703,18726.01,both,-18705.8517,False
2023-09-04,20.16666603088379,18910.99,both,-18890.8233,False
2023-09-05,19.825000762939453,19044.39,both,-19024.565,False
2023-09-06,19.433332443237305,19224.52,both,-19205.0867,False
2023-09-07,19.774999618530277,19375.68,both,-19355.905,False
2023-09-10,19.774999618530277,19577.85,both,-19558.075,False
2023-09-11,19.649999618530277,19278.72,both,-19259.07,False
2023-09-12,20.0,19144.09,both,-19124.09,False
2023-09-13,20.0,19361.7,both,-19341.7,False
2023-09-14,20.700000762939453,19540.33,both,-19519.63,False
2023-09-17,20.26666641235352,19668.82,both,-19648.5533,False
2023-09-18,20.25,19751.78,both,-19731.53,False
2023-09-19,20.01666641235352,19954.3,both,-19934.2833,False
2023-09-20,20.01666641235352,19797.23,both,-19777.2133,False
2023-09-21,20.01666641235352,20080.57,both,-20060.5533,False
2023-09-24,20.01666641235352,20213.7,both,-20193.6833,False
2023-09-25,21.583332061767575,20320.56,both,-20298.9767,False
2023-09-26,22.316665649414062,20354.86,both,-20332.5433,False
2023-09-27,22.316665649414062,20174.28,both,-20151.9633,False
2023-10-01,22.316665649414062,20054.72,both,-20032.4033,False
2023-10-02,22.299999237060547,19901.24,both,-19878.94,False
2023-10-03,22.50833320617676,19706.96,both,-19684.4517,False
2023-10-04,22.29166603088379,19873.31,both,-19851.0183,False
2023-10-08,21.583332061767575,19357.42,both,-19335.8367,False
2023-10-09,21.76666641235352,19409.78,both,-19388.0133,False
2023-10-10,22.558332443237305,19724.32,both,-19701.7617,False
2023-10-11,22.41666603088379,19653.49,both,-19631.0733,False
2023-10-12,23.75,20002.1,both,-19978.35,False
2023-10-15,23.75,20324.96,both,-20301.21,False
2023-10-16,25.0,21032.35,both,-21007.35,False
2023-10-17,27.5,22073.95,both,-22046.45,False
2023-10-18,27.5,22117.4,both,-22089.9,False
2023-10-19,27.5,21616.6,both,-21589.1,False
2023-10-22,27.083332061767575,22128.49,both,-22101.4067,False
2023-10-23,27.208332061767575,22572.49,both,-22545.2817,False
2023-10-24,28.424999237060547,22377.39,both,-22348.965,False
2023-10-25,29.649999618530277,23131.96,both,-23102.31,False
2023-10-26,28.75,23262.27,both,-23233.52,False
2023-10-29,28.975000381469727,23086.72,both,-23057.745,False
2023-10-30,29.583332061767575,23435.65,both,-23406.0667,False
2023-10-31,27.524999618530277,22550.65,both,-22523.125,False
2023-11-01,27.483333587646484,22433.38,both,-22405.8967,False
2023-11-02,27.649999618530277,22639.59,both,-22611.94,False
2023-11-05,28.75,23094.69,both,-23065.94,False
2023-11-06,28.858333587646484,23059.15,both,-23030.2917,False
2023-11-07,29.066665649414062,23393.41,both,-23364.3433,False
2023-11-08,30.76666641235352,23986.56,both,-23955.7933,False
2023-11-09,30.833332061767575,24312.92,both,-24282.0867,False
2023-11-12,29.700000762939453,23910.66,both,-23880.96,False
2023-11-13,29.0,23954.96,both,-23925.96,False
2023-11-14,29.24166679382324,23894.06,both,-23864.8183,False
2023-11-15,28.899999618530277,24138.8,both,-24109.9,False
2023-11-16,29.5,24383.27,both,-24353.77,False
2023-11-19,30.24166679382324,24899.59,both,-24869.3483,False
2023-11-20,29.691665649414062,24760.02,both,-24730.3283,False
2023-11-21,30.191665649414062,24774.04,both,-24743.8483,False
2023-11-22,30.424999237060547,25029.57,both,-24999.145,False
2023-11-23,31.966665267944336,25519.49,both,-25487.5233,False
2023-11-26,33.20833206176758,25300.32,both,-25267.1117,False
2023-11-27,32.599998474121094,25905.54,both,-25872.94,False
2023-11-28,32.20833206176758,25121.73,both,-25089.5217,False
2023-11-29,31.958332061767575,24759.16,both,-24727.2017,False
2023-11-30,32.133331298828125,24735.39,both,-24703.2567,False
2023-12-03,31.66666603088379,24571.98,both,-24540.3133,False
2023-12-04,32.64166641235352,25265.41,both,-25232.7683,False
2023-12-05,31.841665267944336,25127.91,both,-25096.0683,False
2023-12-06,31.458332061767575,24703.55,both,-24672.0917,False
2023-12-07,31.66666603088379,24686.16,both,-24654.4933,False
2023-12-10,31.341665267944336,24189.83,both,-24158.4883,False
2023-12-11,30.78333282470703,24182.06,both,-24151.2767,False
2023-12-12,29.91666603088379,24071.66,both,-24041.7433,False
2023-12-13,30.208332061767575,24773.92,both,-24743.7117,False
2023-12-14,31.25833320617676,24722.82,both,-24691.5617,False
2023-12-17,33.70000076293945,24792.14,both,-24758.44,False
2023-12-18,34.33333206176758,25334.09,both,-25299.7567,False
2023-12-19,34.54166412353516,25076.42,both,-25041.8783,False
2023-12-20,33.83333206176758,24837.56,both,-24803.7267,False
2023-12-21,33.25,24305.09,both,-24271.84,False
2023-12-24,33.25,23822.17,both,-23788.92,False
2023-12-25,33.33333206176758,24226.68,both,-24193.3467,False
2023-12-26,31.66666603088379,23994.54,both,-23962.8733,False
2023-12-27,31.333332061767575,24351.12,both,-24319.7867,False
2023-12-28,32.53333282470703,24691.43,both,-24658.8967,False
2023-12-31,33.32500076293945,24894.26,both,-24860.935,False
2024-01-02,32.67499923706055,25501.94,both,-25469.265,False
2024-01-03,32.08333206176758,25408.51,both,-25376.4267,False
2024-01-04,31.983333587646484,25350.28,both,-25318.2967,False
2024-01-08,32.508331298828125,25344.63,both,-25312.1217,False
2024-01-09,33.33333206176758,25589.99,both,-25556.6567,False
2024-01-10,34.45833206176758,25466.75,both,-25432.2917,False
2024-01-11,34.39166641235352,25519.25,both,-25484.8583,False
2024-01-14,34.61666488647461,25974.84,both,-25940.2233,False
2024-01-15,35.21666717529297,26250.73,both,-26215.5133,False
2024-01-16,37.54166412353516,26938.14,both,-26900.5983,False
2024-01-17,36.66666412353516,26758.26,both,-26721.5933,False
2024-01-18,37.91666412353516,26842.67,both,-26804.7533,False
2024-01-21,38.94166564941406,27719.37,both,-27680.4283,False
2024-01-22,39.16666412353516,28050.33,both,-28011.1633,False
2024-01-23,38.633331298828125,27587.0,both,-27548.3667,False
2024-01-24,39.15833282470703,27666.18,both,-27627.0217,False
2024-01-28,38.23333358764648,28625.76,both,-28587.5267,False
2024-01-29,39.75,29227.79,both,-29188.04,False
2024-01-30,41.66666412353516,30347.3,both,-30305.6333,False
2024-01-31,37.51666641235352,28281.91,both,-28244.3933,False
2024-02-01,39.0,28434.37,both,-28395.37,False
2024-02-04,37.18333435058594,27573.5,both,-27536.3167,False
2024-02-05,39.58333206176758,27665.75,both,-27626.1667,False
2024-02-06,38.758331298828125,27270.63,both,-27231.8717,False
2024-02-07,38.75,27905.95,both,-27867.2,False
2024-02-08,39.18333435058594,28411.41,both,-28372.2267,False
2024-02-11,39.21666717529297,28199.04,both,-28159.8233,False
2024-02-12,39.26666641235352,28494.72,both,-28455.4533,False
2024-02-13,39.375,28604.54,both,-28565.165,False
2024-02-14,40.53333282470703,28874.99,both,-28834.4567,False
2024-02-15,40.96666717529297,28926.15,both,-28885.1833,False
2024-02-18,40.96666717529297,29125.57,both,-29084.6033,False
2024-02-19,41.21666717529297,29452.4,both,-29411.1833,False
2024-02-20,40.85833358764648,29330.66,both,-29289.8017,False
2024-02-21,40.66666412353516,29292.05,both,-29251.3833,False
2024-02-22,40.0,29309.73,both,-29269.73,False
2024-02-25,39.16666412353516,27840.86,both,-27801.6933,False
2024-02-26,39.375,28931.92,both,-28892.545,False
2024-02-27,38.75,29205.16,both,-29166.41,False
2024-02-28,37.44166564941406,28876.46,both,-28839.0183,False
2024-02-29,37.04166412353516,28964.41,both,-28927.3683,False
2024-03-03,35.875,29058.33,both,-29022.455,False
2024-03-04,38.82500076293945,30542.33,both,-30503.505,False
2024-03-05,37.900001525878906,30668.89,both,-30630.99,False
2024-03-06,42.49166488647461,29743.11,both,-29700.6183,False
2024-03-07,46.65833282470703,31300.54,both,-31253.8817,False
2024-03-10,47.49166488647461,32919.95,both,-32872.4583,False
2024-03-11,46.04166412353516,33382.51,both,-33336.4683,False
2024-03-12,44.16666412353516,32661.61,both,-32617.4433,False
2024-03-13,40.83333206176758,31013.88,both,-30973.0467,False
2024-03-14,41.04999923706055,31316.43,both,-31275.38,False
2024-03-17,40.0,31061.88,both,-31021.88,False
2024-03-18,39.35833358764648,29091.29,both,-29051.9317,False
2024-03-19,38.33333206176758,28675.7,both,-28637.3667,False
2024-03-20,38.54166412353516,28589.37,both,-28550.8283,False
2024-03-21,38.54166412353516,29054.96,both,-29016.4183,False
2024-03-24,37.5,29060.02,both,-29022.52,False
2024-03-25,38.74166488647461,29344.46,both,-29305.7183,False
2024-03-26,37.90833282470703,29057.5,both,-29019.5917,False
2024-03-27,36.65833282470703,28224.37,both,-28187.7117,False
2024-03-28,34.66666412353516,27559.35,both,-27524.6833,False
2024-03-31,32.91666412353516,26883.39,both,-26850.4733,False
2024-04-01,34.0,28297.17,both,-28263.17,False
2024-04-02,33.33333206176758,27934.36,both,-27901.0267,False
2024-04-03,32.108333587646484,27937.22,both,-27905.1117,False
2024-04-04,32.66666412353516,28506.16,both,-28473.4933,False
2024-04-07,34.08333206176758,28151.66,both,-28117.5767,False
2024-04-08,34.358333587646484,28503.75,both,-28469.3917,False
2024-04-15,36.16666412353516,29616.47,both,-29580.3033,False
2024-04-16,35.59166717529297,29400.84,both,-29365.2483,False
2024-04-17,34.99166488647461,29667.71,both,-29632.7183,False
2024-04-18,33.80833435058594,28332.65,both,-28298.8417,False
2024-04-21,34.36666488647461,28623.39,both,-28589.0233,False
2024-04-22,33.133331298828125,28144.22,both,-28111.0867,False
2024-04-23,30.833332061767575,26777.05,both,-26746.2167,False
2024-04-24,29.600000381469727,25917.59,both,-25887.99,False
2024-04-28,26.125,24639.63,both,-24613.505,False
2024-04-29,29.13333320617676,26011.28,both,-25982.1467,False
2024-04-30,26.125,24448.73,both,-24422.605,False
2024-05-01,,25270.55,right_only,,False
2024-05-02,28.833332061767575,26113.71,both,-26084.8767,False
2024-05-07,31.375,26429.69,both,-26398.315,False
2024-05-08,30.833332061767575,25988.93,both,-25958.0967,False
2024-05-09,30.875,26003.16,both,-25972.285,False
2024-05-12,31.608333587646484,25155.92,both,-25124.3117,False
2024-05-13,31.66666603088379,25381.25,both,-25349.5833,False
2024-05-14,31.466665267944336,25339.77,both,-25308.3033,False
2024-05-15,31.66666603088379,25316.08,both,-25284.4133,False
2024-05-16,32.5,26142.84,both,-26110.34,False
2024-05-19,34.20833206176758,27315.83,both,-27281.6217,False
2024-05-20,33.76666641235352,27228.85,both,-27195.0833,False
2024-05-21,33.258331298828125,27224.8,both,-27191.5417,False
2024-05-22,32.83333206176758,27227.44,both,-27194.6067,False
2024-05-23,32.95000076293945,27205.14,both,-27172.19,False
2024-05-26,32.95000076293945,27539.21,both,-27506.26,False
2024-05-27,33.41666412353516,27287.31,both,-27253.8933,False
2024-05-28,32.84166717529297,27194.51,both,-27161.6683,False
2024-05-29,32.400001525878906,27089.68,both,-27057.28,False
2024-05-30,31.799999237060547,26922.76,both,-26890.96,False
2024-06-02,32.05833435058594,26869.85,both,-26837.7917,False
2024-06-03,31.708332061767575,26834.47,both,-26802.7617,False
2024-06-04,32.16666412353516,26973.0,both,-26940.8333,False
2024-06-05,31.274999618530277,26634.3,both,-26603.025,False
2024-06-06,31.049999237060547,26428.65,both,-26397.6,False
2024-06-09,29.16666603088379,25659.13,both,-25629.9633,False
2024-06-10,30.0,25896.56,both,-25866.56,False
2024-06-11,30.875,26082.29,both,-26051.415,False
2024-06-12,31.225000381469727,26133.39,both,-26102.165,False
2024-06-13,32.36666488647461,26417.6,both,-26385.2333,False
2024-06-23,33.25,27062.37,both,-27029.12,False
2024-06-24,33.33333206176758,26902.4,both,-26869.0667,False
2024-06-25,34.16666412353516,27264.23,both,-27230.0633,False
2024-06-26,34.76666641235352,27500.56,both,-27465.7933,False
2024-06-27,35.125,27766.27,both,-27731.145,False
2024-07-01,,27969.59,right_only,,False
2024-07-02,35.66666412353516,27985.89,both,-27950.2233,False
2024-07-03,35.724998474121094,28161.17,both,-28125.445,False
2024-07-04,37.008331298828125,28364.79,both,-28327.7817,False
2024-07-07,37.383331298828125,28602.14,both,-28564.7567,False
2024-07-08,36.44166564941406,28411.87,both,-28375.4283,False
2024-07-09,35.93333435058594,28466.24,both,-28430.3067,False
2024-07-10,36.32500076293945,28287.98,both,-28251.655,False
2024-07-14,37.310001373291016,28042.06,both,-28004.75,False
2024-07-15,35.75,27952.04,both,-27916.29,False
2024-07-16,35.2599983215332,27828.92,both,-27793.66,False
2024-07-17,35.38999938964844,28340.42,both,-28305.03,False
2024-07-18,35.869998931884766,28653.85,both,-28617.98,False
2024-07-21,35.91999816894531,28783.24,both,-28747.32,False
2024-07-22,35.68000030517578,28992.34,both,-28956.66,False
2024-07-23,37.88999938964844,29195.24,both,-29157.35,False
2024-07-24,37.290000915527344,29090.57,both,-29053.28,False
2024-07-28,36.9900016784668,29036.32,both,-28999.33,False
2024-07-29,36.5,28851.23,both,-28814.73,False
2024-07-30,38.11000061035156,29039.42,both,-29001.31,False
2024-07-31,39.4900016784668,29378.82,both,-29339.33,False
2024-08-01,39.040000915527344,29359.87,both,-29320.83,False
2024-08-04,37.970001220703125,28503.63,both,-28465.66,False
2024-08-05,38.36000061035156,27840.64,both,-27802.28,False
2024-08-06,38.77000045776367,28210.41,both,-28171.64,False
2024-08-07,39.0,28628.19,both,-28589.19,False
2024-08-08,40.0,28750.82,both,-28710.82,False
2024-08-11,41.0,29532.67,both,-29491.67,False
2024-08-12,39.77999877929688,29706.7,both,-29666.92,False
2024-08-13,38.9900016784668,29331.04,both,-29292.05,False
2024-08-14,39.38999938964844,29567.0,both,-29527.61,False
2024-08-15,40.27000045776367,29629.14,both,-29588.87,False
2024-08-18,40.77999877929688,29460.24,both,-29419.46,False
2024-08-19,40.25,29320.18,both,-29279.93,False
2024-08-20,41.0,29915.24,both,-29874.24,False
2024-08-21,42.88999938964844,29914.29,both,-29871.4,False
2024-08-22,42.869998931884766,30141.08,both,-30098.21,False
2024-08-25,42.45000076293945,30073.95,both,-30031.5,False
2024-08-26,42.540000915527344,30133.81,both,-30091.27,False
2024-08-27,43.45000076293945,30363.15,both,-30319.7,False
2024-08-28,44.11000061035156,30709.59,both,-30665.48,False
2024-08-29,43.060001373291016,30774.19,both,-30731.13,False
2024-09-01,42.5,30902.88,both,-30860.38,False
2024-09-02,42.0099983215332,30731.98,both,-30689.97,False
2024-09-03,42.0,31018.48,both,-30976.48,False
2024-09-04,42.84999847412109,30998.19,both,-30955.34,False
2024-09-05,41.900001525878906,31029.7,both,-30987.8,False
2024-09-08,40.709999084472656,30273.73,both,-30233.02,False
2024-09-09,40.959999084472656,30374.96,both,-30334.0,False
2024-09-10,39.5,30104.35,both,-30064.85,False
2024-09-11,39.93000030517578,30485.63,both,-30445.7,False
2024-09-12,39.209999084472656,30497.83,both,-30458.62,False
2024-09-16,38.9900016784668,30260.24,both,-30221.25,False
2024-09-17,38.9900016784668,30159.15,both,-30120.16,False
2024-09-18,39.150001525878906,30342.46,both,-30303.31,False
2024-09-19,39.36000061035156,30937.69,both,-30898.33,False
2024-09-22,39.650001525878906,31038.41,both,-30998.76,False
2024-09-23,39.5,31022.54,both,-30983.04,False
2024-09-24,40.400001525878906,30871.1,both,-30830.7,False
2024-09-25,39.70000076293945,31250.64,both,-31210.94,False
2024-09-26,40.400001525878906,31276.91,both,-31236.51,False
2024-09-29,40.290000915527344,31459.09,both,-31418.8,False
2024-09-30,40.70000076293945,31587.04,both,-31546.34,False
2024-10-01,40.47999954223633,31866.06,both,-31825.58,False
2024-10-02,39.59000015258789,31332.73,both,-31293.14,False
2024-10-03,39.400001525878906,31720.5,both,-31681.1,False
2024-10-07,38.68000030517578,31819.16,both,-31780.48,False
2024-10-08,37.0099983215332,30851.63,both,-30814.62,False
2024-10-09,38.0,31175.43,both,-31137.43,False
2024-10-10,37.560001373291016,30762.32,both,-30724.76,False
2024-10-13,38.130001068115234,29954.12,both,-29915.99,False
2024-10-14,37.0,30273.06,both,-30236.06,False
2024-10-15,36.97999954223633,30584.24,both,-30547.26,False
2024-10-16,36.880001068115234,30545.11,both,-30508.23,False
2024-10-17,37.0,30143.86,both,-30106.86,False
2024-10-20,36.79999923706055,29528.79,both,-29491.99,False
2024-10-21,36.93000030517578,30445.2,both,-30408.27,False
2024-10-22,38.52999877929688,30427.35,both,-30388.82,False
2024-10-23,40.0099983215332,30414.05,both,-30374.04,False
2024-10-24,40.25,30552.82,both,-30512.57,False
2024-10-27,41.70000076293945,30812.23,both,-30770.53,False
2024-10-28,41.56999969482422,30773.53,both,-30731.96,False
2024-10-29,40.59999847412109,30619.96,both,-30579.36,False
2024-10-30,40.20000076293945,30371.26,both,-30331.06,False
2024-10-31,41.2599983215332,30658.0,both,-30616.74,False
2024-11-03,42.59999847412109,30833.13,both,-30790.53,False
2024-11-04,42.13999938964844,30650.04,both,-30607.9,False
2024-11-05,42.95000076293945,30793.94,both,-30750.99,False
2024-11-06,43.52000045776367,31045.26,both,-31001.74,False
2024-11-07,43.41999816894531,31267.47,both,-31224.05,False
2024-11-10,43.16999816894531,31394.33,both,-31351.16,False
2024-11-11,42.58000183105469,31621.29,both,-31578.71,False
2024-11-12,42.52999877929688,31582.39,both,-31539.86,False
2024-11-13,42.41999816894531,31433.01,both,-31390.59,False
2024-11-14,42.59999847412109,31462.21,both,-31419.61,False
2024-11-17,43.0,31252.07,both,-31209.07,False
2024-11-18,42.5,30864.34,both,-30821.84,False
2024-11-19,42.400001525878906,30688.3,both,-30645.9,False
2024-11-20,42.369998931884766,30587.99,both,-30545.62,False
2024-11-21,42.56999969482422,30631.8,both,-30589.23,False
2024-11-24,42.45000076293945,30397.22,both,-30354.77,False
2024-11-25,42.70000076293945,30270.51,both,-30227.81,False
2024-11-26,43.13999938964844,30284.35,both,-30241.21,False
2024-11-27,43.0,29846.04,both,-29803.04,False
2024-11-28,42.7400016784668,30242.13,both,-30199.39,False
2024-12-01,42.97999954223633,30497.13,both,-30454.15,False
2024-12-02,42.5,30525.32,both,-30482.82,False
2024-12-03,43.15999984741211,30628.74,both,-30585.58,False
2024-12-04,43.61000061035156,30832.61,both,-30789.0,False
2024-12-05,43.29999923706055,30839.57,both,-30796.27,False
2024-12-08,43.11000061035156,31060.51,both,-31017.4,False
2024-12-09,43.34999847412109,31005.12,both,-30961.77,False
2024-12-10,41.59999847412109,30617.83,both,-30576.23,False
2024-12-11,41.310001373291016,30739.26,both,-30697.95,False
2024-12-12,40.880001068115234,30795.09,both,-30754.21,False
2024-12-15,42.13999938964844,30776.0,both,-30733.86,False
2024-12-16,42.150001525878906,30799.43,both,-30757.28,False
2024-12-17,41.150001525878906,30601.64,both,-30560.49,False
2024-12-18,39.310001373291016,30503.07,both,-30463.76,False
2024-12-19,39.5099983215332,30526.71,both,-30487.2,False
2024-12-22,39.5099983215332,30372.7,both,-30333.19,False
2024-12-23,38.86000061035156,30118.38,both,-30079.52,False
2024-12-24,38.43999862670898,29973.15,both,-29934.71,False
2024-12-25,38.27000045776367,30005.0,both,-29966.73,False
2024-12-26,38.27000045776367,29957.97,both,-29919.7,False
2024-12-29,38.40999984741211,29594.48,both,-29556.07,False
2024-12-30,38.209999084472656,29325.2,both,-29286.99,False
2024-12-31,38.54999923706055,29740.58,both,-29702.03,False
2025-01-02,39.619998931884766,30060.48,both,-30020.86,False
2025-01-05,39.33000183105469,30183.61,both,-30144.28,False
2025-01-06,39.150001525878906,29929.64,both,-29890.49,False
2025-01-08,38.52999877929688,29785.91,both,-29747.38,False
2025-01-09,38.04999923706055,29444.65,both,-29406.6,False
2025-01-12,38.79999923706055,29277.45,both,-29238.65,False
2025-01-13,37.43000030517578,28556.28,both,-28518.85,False
2025-01-14,36.86000061035156,28967.09,both,-28930.23,False
2025-01-15,37.20000076293945,29389.93,both,-29352.73,False
2025-01-16,37.86000061035156,29605.12,both,-29567.26,False
2025-01-19,38.060001373291016,29728.61,both,-29690.55,False
2025-01-20,37.0,29619.39,both,-29582.39,False
2025-01-21,37.02000045776367,29826.58,both,-29789.56,False
2025-01-22,37.900001525878906,29979.14,both,-29941.24,False
2025-01-23,37.5,29997.69,both,-29960.19,False
2025-01-26,37.29999923706055,30034.85,both,-29997.55,False
2025-01-27,36.79999923706055,29742.12,both,-29705.32,False
2025-01-28,36.70000076293945,29646.6,both,-29609.9,False
2025-01-29,37.0,29891.61,both,-29854.61,False
2025-01-30,38.0,30010.62,both,-29972.62,False
2025-02-02,38.70000076293945,29917.96,both,-29879.26,False
2025-02-03,38.5,29754.77,both,-29716.27,False
2025-02-04,38.900001525878906,29668.47,both,-29629.57,False
2025-02-05,38.900001525878906,29735.59,both,-29696.69,False
2025-02-06,38.470001220703125,30011.84,both,-29973.37,False
2025-02-09,39.47999954223633,30014.27,both,-29974.79,False
2025-02-10,39.06999969482422,29905.41,both,-29866.34,False
2025-02-11,38.060001373291016,29564.21,both,-29526.15,False
2025-02-12,38.380001068115234,29661.99,both,-29623.61,False
2025-02-13,38.560001373291016,29997.11,both,-29958.55,False
2025-02-16,39.209999084472656,30443.82,both,-30404.61,False
2025-02-17,40.90999984741211,30436.71,both,-30395.8,False
2025-02-18,41.0099983215332,30587.81,both,-30546.8,False
2025-02-19,41.11000061035156,30875.28,both,-30834.17,False
2025-02-20,40.63999938964844,30914.72,both,-30874.08,False
2025-02-23,40.790000915527344,31010.25,both,-30969.46,False
2025-02-24,41.09000015258789,30925.29,both,-30884.2,False
2025-02-25,41.88999938964844,30654.92,both,-30613.03,False
2025-02-26,42.09999847412109,30631.95,both,-30589.85,False
2025-02-27,41.5099983215332,30610.44,both,-30568.93,False
2025-03-02,41.400001525878906,30857.77,both,-30816.37,False
2025-03-03,40.84000015258789,30988.51,both,-30947.67,False
2025-03-04,40.650001525878906,30762.85,both,-30722.2,False
2025-03-05,40.81999969482422,30876.44,both,-30835.62,False
2025-03-06,41.5,30947.44,both,-30905.94,False
2025-03-09,41.5,31130.68,both,-31089.18,False
2025-03-10,41.150001525878906,31137.03,both,-31095.88,False
2025-03-11,40.9900016784668,30935.23,both,-30894.24,False
2025-03-12,41.5,31049.03,both,-31007.53,False
2025-03-13,42.56999969482422,31290.62,both,-31248.05,False
2025-03-16,43.20000076293945,31338.34,both,-31295.14,False
2025-03-17,43.0,31458.59,both,-31415.59,False
2025-03-18,43.0099983215332,31608.69,both,-31565.68,False
2025-03-19,43.150001525878906,31348.47,both,-31305.32,False
2025-03-20,43.25,31677.58,both,-31634.33,False
2025-03-23,43.720001220703125,31933.76,both,-31890.04,False
2025-03-24,43.59999847412109,31810.98,both,-31767.38,False
2025-03-25,43.77999877929688,31761.97,both,-31718.19,False
2025-03-26,43.88999938964844,31744.3,both,-31700.41,False
2025-03-27,42.97999954223633,32026.14,both,-31983.16,False
2025-04-03,42.66999816894531,31699.58,both,-31656.91,False
2025-04-06,41.0,30639.52,both,-30598.52,False
2025-04-07,40.45000076293945,30453.94,both,-30413.49,False
2025-04-08,40.68000030517578,30648.98,both,-30608.3,False
2025-04-09,39.79999923706055,30079.93,both,-30040.13,False
2025-04-10,40.52000045776367,30810.7,both,-30770.18,False
2025-04-13,40.7400016784668,31174.62,both,-31133.88,False
2025-04-14,40.97999954223633,31182.37,both,-31141.39,False
2025-04-15,42.25,31185.03,both,-31142.78,False
2025-04-16,41.63999938964844,31030.7,both,-30989.06,False
2025-04-17,41.25,31062.95,both,-31021.7,False
2025-04-22,40.869998931884766,30844.18,both,-30803.31,False
2025-04-23,41.38999938964844,31640.22,both,-31598.83,False
2025-04-27,41.66999816894531,31855.12,both,-31813.45,False
2025-04-28,41.75,32015.02,both,-31973.27,False
2025-04-29,41.93999862670898,32043.48,both,-32001.54,False
2025-04-30,41.41999816894531,32126.22,both,-32084.8,False
2025-05-04,40.77999877929688,32351.66,both,-32310.88,False
2025-05-05,40.09999847412109,32211.75,both,-32171.65,False
2025-05-06,40.119998931884766,32285.45,both,-32245.33,False
2025-05-07,38.869998931884766,31840.44,both,-31801.57,False
2025-05-08,39.119998931884766,31772.04,both,-31732.92,False
2025-05-11,39.11000061035156,31427.98,both,-31388.87,False
2025-05-12,40.5,31577.01,both,-31536.51,False
2025-05-13,40.79999923706055,31692.77,both,-31651.97,False
2025-05-14,40.2599983215332,31827.86,both,-31787.6,False
2025-05-15,40.70000076293945,31941.15,both,-31900.45,False
2025-05-18,40.06999969482422,31713.7,both,-31673.63,False
2025-05-19,39.369998931884766,31355.82,both,-31316.45,False
2025-05-20,39.40999984741211,31629.34,both,-31589.93,False
2025-05-21,41.25,31836.63,both,-31795.38,False
2025-05-22,41.70000076293945,31975.63,both,-31933.93,False
2025-05-25,41.45000076293945,32023.89,both,-31982.44,False
2025-05-26,20.94499969482422,31922.5,both,-31901.555,False
2025-05-27,21.114999771118164,32397.38,both,-32376.265,False
2025-05-28,21.354999542236328,32493.89,both,-32472.535,False
2025-05-29,21.575000762939453,32696.79,both,-32675.215,False
2025-06-01,21.86000061035156,32500.03,both,-32478.17,False
2025-06-02,22.6200008392334,32325.12,both,-32302.5,False
2025-06-03,22.75,32355.41,both,-32332.66,False
2025-06-04,22.68000030517578,32677.87,both,-32655.19,False
2025-06-10,23.950000762939453,32904.06,both,-32880.11,False
2025-06-11,24.049999237060547,32935.19,both,-32911.14,False
2025-06-12,23.020000457763672,32511.68,both,-32488.66,False
2025-06-15,22.209999084472656,31016.0,both,-30993.79,False
2025-06-16,22.200000762939453,31042.36,both,-31020.16,False
2025-06-17,21.200000762939453,30725.96,both,-30704.76,False
2025-06-18,21.5,30838.98,both,-30817.48,False
2025-06-19,21.5,30248.44,both,-30226.94,False
2025-06-22,22.270000457763672,31055.98,both,-31033.71,False
2025-06-23,22.26000022888184,31418.74,both,-31396.48,False
2025-06-24,23.0,32598.55,both,-32575.55,False
2025-06-25,23.309999465942383,33002.85,both,-32979.54,False
2025-06-29,24.049999237060547,33206.76,both,-33182.71,False
2025-06-30,23.100000381469727,32857.62,both,-32834.52,False
2025-07-01,23.100000381469727,32707.22,both,-32684.12,False
2025-07-02,23.309999465942383,32820.49,both,-32797.18,False
2025-07-06,23.34000015258789,,left_only,,False
2025-07-07,23.34000015258789,33037.62,both,-33014.28,False
2025-07-09,22.989999771118164,33152.39,both,-33129.4,False
2025-07-10,22.51000022888184,33324.38,both,-33301.87,False
2025-07-13,22.540000915527344,33053.47,both,-33030.93,False
2025-07-14,22.899999618530277,33727.44,both,-33704.54,False
2025-07-15,23.93000030517578,33934.63,both,-33910.7,False
2025-07-16,23.90999984741211,33473.77,both,-33449.86,False
2025-07-17,24.0,33821.03,both,-33797.03,False
2025-07-20,24.200000762939453,34071.0,both,-34046.8,False
2025-07-21,24.0,34129.59,both,-34105.59,False
2025-07-22,23.649999618530277,33803.34,both,-33779.69,False
2025-07-23,23.649999618530277,34125.12,both,-34101.47,False
2025-07-27,24.290000915527344,34554.24,both,-34529.95,False
2025-07-28,23.700000762939453,34076.22,both,-34052.52,False
2025-07-29,23.90999984741211,34085.74,both,-34061.83,False
2025-07-30,23.100000381469727,33859.68,both,-33836.58,False
2025-07-31,23.850000381469727,34198.0,both,-34174.15,False
2025-08-03,23.850000381469727,34272.16,both,-34248.31,False
2025-08-04,23.850000381469727,34704.51,both,-34680.66,False
2025-08-05,23.850000381469727,35254.18,both,-35230.33,False
2025-08-06,23.850000381469727,35480.25,both,-35456.4,False
2025-08-07,23.850000381469727,35809.36,both,-35785.51,False
2025-08-10,23.799999237060547,36109.77,both,-36085.97,False
2025-08-11,22.770000457763672,35908.5,both,-35885.73,False
2025-08-12,23.0,36003.65,both,-35980.65,False
2025-08-13,22.799999237060547,35855.26,both,-35832.46,False
2025-08-14,22.899999618530277,35576.42,both,-35553.52,False
2025-08-17,23.09000015258789,35972.77,both,-35949.68,False
2025-08-18,22.700000762939453,35824.78,both,-35802.08,False
2025-08-19,22.5,36100.07,both,-36077.57,False
2025-08-20,21.799999237060547,35731.83,both,-35710.03,False
2025-08-21,21.600000381469727,35622.26,both,-35600.66,False
2025-08-24,21.280000686645508,35811.88,both,-35790.6,False
2025-08-25,21.25,35810.57,both,-35789.32,False
2025-08-26,21.309999465942383,35358.34,both,-35337.03,False
2025-08-27,21.15999984741211,35676.19,both,-35655.03,False
2025-08-28,21.200000762939453,35727.19,both,-35705.99,False
2025-08-31,20.729999542236328,35148.14,both,-35127.41,False
2025-09-01,20.71999931335449,35158.88,both,-35138.16,False
2025-09-02,20.799999237060547,35156.93,both,-35136.13,False
2025-09-03,20.71999931335449,34761.97,both,-34741.25,False
2025-09-07,20.61000061035156,34455.41,both,-34434.8,False
2025-09-08,20.1200008392334,34601.53,both,-34581.41,False
2025-09-09,20.09000015258789,34386.33,both,-34366.24,False
2025-09-10,20.450000762939453,34670.1,both,-34649.65,False
2025-09-11,20.3700008392334,34937.44,both,-34917.07,False
2025-09-14,20.75,35111.82,both,-35091.07,False
2025-09-15,20.700000762939453,35165.84,both,-35145.14,False
2025-09-16,20.38999938964844,34840.82,both,-34820.43,False
2025-09-17,20.290000915527344,34974.84,both,-34954.55,False
2025-09-18,20.75,35403.0,both,-35382.25,False
2025-09-21,20.739999771118164,35247.04,both,-35226.3,False
2025-09-22,20.690000534057617,35210.7,both,-35190.01,False
2025-09-23,20.280000686645508,35328.63,both,-35308.35,False
2025-09-24,20.59000015258789,35949.12,both,-35928.53,False
2025-09-25,20.709999084472656,35671.43,both,-35650.72,False
2025-09-28,20.649999618530277,36166.08,both,-36145.43,False
2025-09-29,20.649999618530277,36391.0,both,-36370.35,False
2025-09-30,21.5,36670.08,both,-36648.58,False
2025-10-01,21.71999931335449,36769.18,both,-36747.46,False
2025-10-02,22.0,36900.7,both,-36878.7,False
2025-10-05,22.899999618530277,37210.83,both,-37187.93,False
2025-10-06,22.709999084472656,37094.8,both,-37072.09,False
2025-10-07,22.799999237060547,37097.37,both,-37074.57,False
2025-10-08,22.899999618530277,37376.93,both,-37354.03,False
2025-10-12,23.25,37378.58,both,-37355.33,False
2025-10-13,23.59000015258789,37409.85,both,-37386.26,False
2025-10-14,23.18000030517578,37459.13,both,-37435.95,False
2025-10-15,23.18000030517578,37654.04,both,-37630.86,False
2025-10-16,23.489999771118164,37677.19,both,-37653.7,False
2025-10-19,23.440000534057617,37909.61,both,-37886.17,False
2025-10-20,24.25,37975.06,both,-37950.81,False
2025-10-21,24.21999931335449,37698.49,both,-37674.27,False
2025-10-22,24.450000762939453,37576.55,both,-37552.1,False
2025-10-23,24.88999938964844,37687.04,both,-37662.15,False
2025-10-26,25.36000061035156,38101.96,both,-38076.6,False
2025-10-27,25.030000686645508,38162.01,both,-38136.98,False
2025-10-28,24.93000030517578,38304.94,both,-38280.01,False
2025-10-29,25.899999618530277,38229.53,both,-38203.63,False
2025-10-30,26.239999771118164,38267.8,both,-38241.56,False
2025-11-02,26.0,38082.88,both,-38056.88,False
2025-11-03,26.149999618530277,38622.84,both,-38596.69,False
2025-11-04,26.0,39065.73,both,-39039.73,False
2025-11-05,26.280000686645508,39132.25,both,-39105.97,False
2025-11-06,25.90999984741211,39949.66,both,-39923.75,False
2025-11-09,23.078245162963867,40821.96,both,-40798.8818,False
2025-11-10,22.860525131225582,40427.35,both,-40404.4895,False
2025-11-11,23.818490982055664,40261.16,both,-40237.3415,False
2025-11-12,24.367143630981445,40228.76,both,-40204.3929,False
2025-11-13,24.18425941467285,40190.62,both,-40166.4357,False
2025-11-16,24.81999969482422,41211.27,both,-41186.45,False
2025-11-17,25.68000030517578,41065.75,both,-41040.07,False
2025-11-18,25.299999237060547,40501.28,both,-40475.98,False
2025-11-19,24.989999771118164,40509.16,both,-40484.17,False
2025-11-20,25.309999465942383,40302.39,both,-40277.08,False
2025-11-23,24.899999618530277,40445.66,both,-40420.76,False
2025-11-24,24.350000381469727,39725.26,both,-39700.91,False
2025-11-25,23.790000915527344,39902.53,both,-39878.74,False
2025-11-26,23.8700008392334,39537.25,both,-39513.38,False
2025-11-27,24.549999237060547,40039.24,both,-40014.69,False
2025-11-30,25.96999931335449,40753.45,both,-40727.48,False
2025-12-01,27.100000381469727,40693.92,both,-40666.82,False
2025-12-02,26.899999618530277,40625.63,both,-40598.73,False
2025-12-03,27.5,41342.03,both,-41314.53,False
2025-12-04,27.709999084472656,41499.07,both,-41471.36,False
2025-12-07,26.96999931335449,41762.43,both,-41735.46,False
2025-12-08,27.59000015258789,41963.24,both,-41935.65,False
2025-12-09,28.0,41940.62,both,-41912.62,False
2025-12-10,28.90999984741211,42052.79,both,-42023.88,False
2025-12-11,29.399999618530277,42033.78,both,-42004.38,False
2025-12-14,28.950000762939453,42065.2,both,-42036.25,False
2025-12-15,28.709999084472656,42305.36,both,-42276.65,False
2025-12-16,28.25,42002.37,both,-41974.12,False
2025-12-17,28.200000762939453,41504.03,both,-41475.83,False
2025-12-18,27.989999771118164,40926.86,both,-40898.87,False
2025-12-21,29.0,41348.38,both,-41319.38,False
2025-12-22,29.0,41102.76,both,-41073.76,False
2025-12-23,29.5,41419.32,both,-41389.82,False
2025-12-24,29.700000762939453,41508.31,both,-41478.61,False
2025-12-25,29.56999969482422,41253.02,both,-41223.45,False
2025-12-28,29.399999618530277,41604.74,both,-41575.34,False
2025-12-29,29.399999618530277,41731.68,both,-41702.28,False
2025-12-30,29.149999618530277,41689.96,both,-41660.81,False
2025-12-31,29.899999618530277,41828.97,both,-41799.07,False
2026-01-04,29.030000686645508,40898.15,both,-40869.12,False
2026-01-05,28.200000762939453,40676.98,both,-40648.78,False
2026-01-06,28.739999771118164,41543.46,both,-41514.72,False
2026-01-08,29.770000457763672,41856.76,both,-41826.99,False
2026-01-11,32.29999923706055,42895.41,both,-42863.11,False
2026-01-12,31.96999931335449,43404.25,both,-43372.28,False
2026-01-13,31.649999618530277,43684.22,both,-43652.57,False
2026-01-14,31.5,43058.34,both,-43026.84,False
2026-01-15,32.5099983215332,43346.87,both,-43314.36,False
2026-01-18,32.9900016784668,43952.52,both,-43919.53,False
2026-01-19,34.0,45048.44,both,-45014.44,False
2026-01-20,35.79999923706055,45905.16,both,-45869.36,False
2026-01-21,36.0,46048.69,both,-46012.69,False
2026-01-22,36.29999923706055,46462.32,both,-46426.02,False
2026-01-25,36.25,46857.73,both,-46821.48,False
2026-01-26,38.0099983215332,47507.43,both,-47469.42,False
2026-01-27,39.959999084472656,47834.55,both,-47794.59,False
2026-01-28,39.20000076293945,47785.93,both,-47746.73,False
2026-02-01,38.959999084472656,47662.74,both,-47623.78,False
2026-02-02,38.290000915527344,47606.28,both,-47567.99,False
2026-02-03,39.0,48978.48,both,-48939.48,False
2026-02-04,39.0,49631.56,both,-49592.56,False
2026-02-05,39.0,49739.03,both,-49700.03,False
2026-02-08,39.27999877929688,50035.23,both,-49995.95,False
2026-02-09,39.0,50293.53,both,-50254.53,False
2026-02-10,38.45000076293945,50376.15,both,-50337.7,False
2026-02-11,37.52999877929688,49700.24,both,-49662.71,False
2026-02-12,36.650001525878906,50490.2,both,-50453.55,False
2026-02-15,39.79999923706055,52308.32,both,-52268.52,False
2026-02-16,41.0,51493.53,both,-51452.53,False
2026-02-17,41.59000015258789,51833.76,both,-51792.17,False
2026-02-18,44.0,52222.34,both,-52178.34,False
2026-02-19,42.5,50667.67,both,-50625.17,False
2026-02-22,40.650001525878906,49560.88,both,-49520.23,False
2026-02-23,41.97999954223633,50870.06,both,-50828.08,False
2026-02-24,41.150001525878906,50390.21,both,-50349.06,False
2026-02-25,40.70000076293945,49014.32,both,-48973.62,False
2026-02-26,40.70000076293945,49212.83,both,-49172.13,False
2026-03-01,39.79999923706055,47984.26,both,-47944.46,False
2026-03-02,39.9900016784668,47692.49,both,-47652.5,False
2026-03-03,38.5,46725.81,both,-46687.31,False
2026-03-04,37.810001373291016,46452.14,both,-46414.33,False
2026-03-05,38.650001525878906,47516.44,both,-47477.79,False
2026-03-08,37.68999862670898,46774.24,both,-46736.55,False
2026-03-09,36.54999923706055,46414.85,both,-46378.3,False
2026-03-10,38.970001220703125,47772.74,both,-47733.77,False
2026-03-11,41.0,47195.39,both,-47154.39,False
2026-03-12,39.04999923706055,46790.96,both,-46751.91,False
2026-03-15,38.0,45926.93,both,-45888.93,False
2026-03-16,37.5,45187.72,both,-45150.22,False
2026-03-17,39.79999923706055,46054.61,both,-46014.81,False
2026-03-18,40.900001525878906,47611.96,both,-47571.06,False
2026-03-19,40.900001525878906,,left_only,,False
2026-03-24,39.88999938964844,46930.88,both,-46890.99,False
2026-03-25,39.34999847412109,47497.91,both,-47458.56,False
2026-03-26,39.400001525878906,47001.89,both,-46962.49,False
2026-03-29,38.869998931884766,46404.27,both,-46365.4,False
2026-03-30,38.11000061035156,45189.89,both,-45151.78,False
2026-03-31,38.09999847412109,45321.59,both,-45283.49,False
2026-04-01,39.02000045776367,46731.49,both,-46692.47,False
2026-04-02,38.900001525878906,46399.0,both,-46360.1,False
2026-04-05,39.720001220703125,47276.43,both,-47236.71,False
2026-04-06,40.900001525878906,47651.58,both,-47610.68,False
2026-04-07,40.400001525878906,46681.78,both,-46641.38,False
2026-04-08,42.45000076293945,48593.99,both,-48551.54,False
2026-04-09,43.54999923706055,49078.6,both,-49035.05,False
2026-04-12,,49078.6,right_only,,False
2026-04-14,44.5,49978.62,both,-49934.12,False
2026-04-15,45.900001525878906,50733.14,both,-50687.24,False
2026-04-16,46.0,51437.78,both,-51391.78,False
2026-04-19,45.970001220703125,52372.64,both,-52326.67,False
2026-04-20,45.18999862670898,51813.43,both,-51768.24,False
2026-04-21,44.400001525878906,51977.34,both,-51932.94,False
2026-04-22,43.84999847412109,51962.39,both,-51918.54,False
2026-04-23,44.02000045776367,52375.39,both,-52331.37,False
2026-04-26,44.470001220703125,52421.14,both,-52376.67,False
2026-04-27,44.75,52719.12,both,-52674.37,False
2026-04-28,44.29999923706055,52230.61,both,-52186.31,False
2026-04-29,44.29999923706055,52383.13,both,-52338.83,False
2026-04-30,44.79999923706055,51760.97,both,-51716.17,False
2026-05-03,47.900001525878906,52312.7,both,-52264.8,False
2026-05-04,46.380001068115234,51973.5,both,-51927.12,False
2026-05-05,45.84999847412109,52557.63,both,-52511.78,False
2026-05-06,45.209999084472656,53605.08,both,-53559.87,False
2026-05-10,47.0,54628.68,both,-54581.68,False
2026-05-11,48.20000076293945,54475.49,both,-54427.29,False
2026-05-12,47.4900016784668,54058.75,both,-54011.26,False
2026-05-13,49.59999847412109,53416.17,both,-53366.57,False
2026-05-14,48.70000076293945,53154.84,both,-53106.14,False
2026-05-17,46.0,52364.34,both,-52318.34,False
2026-05-18,46.84999847412109,52007.0,both,-51960.15,False
2026-05-19,47.5,52774.98,both,-52727.48,False
2026-05-20,46.0,51936.75,both,-51890.75,False
2026-05-21,46.54999923706055,52090.96,both,-52044.41,False
2026-05-24,48.41999816894531,52861.47,both,-52813.05,False
2026-05-25,47.61000061035156,52658.75,both,-52611.14,False
2026-05-26,47.61000061035156,,left_only,,False
2026-05-27,47.61000061035156,,left_only,,False
2026-05-28,47.61000061035156,,left_only,,False
2026-06-01,48.34000015258789,52853.94,both,-52805.6,False
2026-06-02,47.7400016784668,52927.02,both,-52879.28,False
2026-06-03,46.81999969482422,52564.42,both,-52517.6,False
2026-06-04,47.380001068115234,52652.53,both,-52605.15,False
2026-06-07,46.79999923706055,52164.6,both,-52117.8,False
2026-06-08,46.25,51882.81,both,-51836.56,False
2026-06-09,46.45000076293945,52374.8,both,-52328.35,False
2026-06-10,44.84999847412109,51256.65,both,-51211.8,False
2026-06-11,44.09999847412109,50818.84,both,-50774.74,False
2026-06-14,45.79999923706055,51994.63,both,-51948.83,False
2026-06-15,47.29999923706055,52306.66,both,-52259.36,False
2026-06-16,47.79999923706055,52047.15,both,-51999.35,False
2026-06-17,47.79999923706055,52621.84,both,-52574.04,False
2026-06-18,47.79999923706055,,left_only,,False
2026-06-21,47.0,52679.45,both,-52632.45,False
2026-06-22,47.0,52585.72,both,-52538.72,False
2026-06-23,45.70000076293945,51769.74,both,-51724.04,False
2026-06-24,45.5,51710.9,both,-51665.4,False
2026-06-25,44.650001525878906,51443.07,both,-51398.42,False
2026-06-28,45.0,50344.37,both,-50299.37,False
2026-06-29,45.34999847412109,49825.58,both,-49780.23,False
2026-06-30,48.4900016784668,50487.96,both,-50439.47,False
2026-07-01,46.63999938964844,50532.7,both,-50486.06,False
2026-07-05,46.70000076293945,51130.89,both,-51084.19,False
2026-07-06,47.0,52502.74,both,-52455.74,False
2026-07-07,47.7400016784668,53006.11,both,-52958.37,False
2026-07-08,46.27999877929688,52028.37,both,-51982.09,False
2026-07-09,47.31999969482422,52311.51,both,-52264.19,False
2026-07-12,46.95000076293945,52256.18,both,-52209.23,False
2026-07-13,46.5,52608.28,both,-52561.78,False
2026-07-14,46.5099983215332,52299.31,both,-52252.8,False
2026-07-15,46.5,52558.39,both,-52511.89,False
2026-07-16,46.900001525878906,52928.06,both,-52881.16,False
2026-07-19,46.04999923706055,52560.1,both,-52514.05,False
2026-07-20,46.9900016784668,53126.01,both,-53079.02,False
2026-07-21,49.400001525878906,53989.55,both,-53940.15,False
2026-07-22,49.29999923706055,53931.92,both,-53882.62,False
2026-07-26,49.119998931884766,,left_only,,False
2026-07-27,51.4900016784668,,left_only,,False
2026-07-28,52.150001525878906,,left_only,,False
2026-07-29,52.11000061035156,,left_only,,False
2026-07-30,52.84999847412109,,left_only,,False
