date,fetched_close,reference_close,_merge,diff,match
2014-12-23,,8710.6,right_only,,False
2014-12-24,,8766.12,right_only,,False
2014-12-25,,8740.12,right_only,,False
2014-12-28,,8745.16,right_only,,False
2014-12-29,,8958.13,right_only,,False
2014-12-30,,9005.75,right_only,,False
2014-12-31,,8926.58,right_only,,False
2015-01-04,,8942.65,right_only,,False
2015-01-05,,9011.07,right_only,,False
2015-01-06,,8798.94,right_only,,False
2015-01-08,,8946.34,right_only,,False
2015-01-11,,8909.75,right_only,,False
2015-01-12,,9109.23,right_only,,False
2015-01-13,,9308.98,right_only,,False
2015-01-14,,9544.08,right_only,,False
2015-01-15,,9555.99,right_only,,False
2015-01-18,,9530.92,right_only,,False
2015-01-19,,9599.1,right_only,,False
2015-01-20,,9804.18,right_only,,False
2015-01-21,,9856.3,right_only,,False
2015-01-22,,9898.86,right_only,,False
2015-01-26,,9834.81,right_only,,False
2015-01-27,,9946.58,right_only,,False
2015-01-28,,9863.73,right_only,,False
2015-01-29,,9843.1,right_only,,False
2015-02-01,,9779.76,right_only,,False
2015-02-02,,9830.46,right_only,,False
2015-02-03,,9954.34,right_only,,False
2015-02-04,,10045.93,right_only,,False
2015-02-05,,9965.43,right_only,,False
2015-02-08,,9957.93,right_only,,False
2015-02-09,,9884.46,right_only,,False
2015-02-10,,9900.65,right_only,,False
2015-02-11,,9770.78,right_only,,False
2015-02-12,,9747.36,right_only,,False
2015-02-15,,9789.79,right_only,,False
2015-02-16,,9585.92,right_only,,False
2015-02-17,,9433.85,right_only,,False
2015-02-18,,9537.23,right_only,,False
2015-02-19,,9481.2,right_only,,False
2015-02-22,,9494.55,right_only,,False
2015-02-23,,9601.14,right_only,,False
2015-02-24,,9611.66,right_only,,False
2015-02-25,,9469.08,right_only,,False
2015-02-26,,9334.01,right_only,,False
2015-03-01,,9283.59,right_only,,False
2015-03-02,,9456.33,right_only,,False
2015-03-03,,9475.27,right_only,,False
2015-03-04,,9461.06,right_only,,False
2015-03-05,,9575.98,right_only,,False
2015-03-08,,9638.41,right_only,,False
2015-03-09,,9713.61,right_only,,False
2015-03-10,,9709.5,right_only,,False
2015-03-11,,9576.46,right_only,,False
2015-03-12,,9640.77,right_only,,False
2015-03-15,,9726.03,right_only,,False
2015-03-16,,9529.01,right_only,,False
2015-03-17,,9561.33,right_only,,False
2015-03-18,,9484.08,right_only,,False
2015-03-19,,9518.28,right_only,,False
2015-03-22,,9354.73,right_only,,False
2015-03-23,,9374.12,right_only,,False
2015-03-24,,9367.54,right_only,,False
2015-03-25,,9198.46,right_only,,False
2015-03-26,,9052.5,right_only,,False
2015-03-29,,9062.99,right_only,,False
2015-03-30,,9118.97,right_only,,False
2015-03-31,,9134.78,right_only,,False
2015-04-01,,9099.33,right_only,,False
2015-04-02,,8891.73,right_only,,False
2015-04-05,,8607.66,right_only,,False
2015-04-06,,8508.24,right_only,,False
2015-04-07,,8716.37,right_only,,False
2015-04-08,,8788.9,right_only,,False
2015-04-09,,8892.53,right_only,,False
2015-04-14,,8927.53,right_only,,False
2015-04-15,,8896.68,right_only,,False
2015-04-16,,8886.84,right_only,,False
2015-04-19,,8765.34,right_only,,False
2015-04-20,,8595.78,right_only,,False
2015-04-21,,8575.27,right_only,,False
2015-04-22,,8629.49,right_only,,False
2015-04-23,,8731.29,right_only,,False
2015-04-26,,8633.86,right_only,,False
2015-04-27,,8493.68,right_only,,False
2015-04-28,,8330.52,right_only,,False
2015-04-29,,8488.49,right_only,,False
2015-04-30,,8672.29,right_only,,False
2015-05-03,,8562.97,right_only,,False
2015-05-04,,8652.12,right_only,,False
2015-05-05,,8828.33,right_only,,False
2015-05-06,,8756.31,right_only,,False
2015-05-07,,8742.42,right_only,,False
2015-05-10,,8692.0,right_only,,False
2015-05-11,,8691.85,right_only,,False
2015-05-12,,8674.34,right_only,,False
2015-05-13,,8526.43,right_only,,False
2015-05-14,,8303.37,right_only,,False
2015-05-17,,8260.92,right_only,,False
2015-05-18,,8798.17,right_only,,False
2015-05-19,,8877.68,right_only,,False
2015-05-20,,8826.45,right_only,,False
2015-05-21,,8988.03,right_only,,False
2015-05-24,,9121.92,right_only,,False
2015-05-25,,9050.76,right_only,,False
2015-05-26,,8975.32,right_only,,False
2015-05-27,,8966.71,right_only,,False
2015-05-28,,8912.05,right_only,,False
2015-05-31,,8782.55,right_only,,False
2015-06-01,,8745.04,right_only,,False
2015-06-02,,8847.59,right_only,,False
2015-06-03,,8905.6,right_only,,False
2015-06-04,,8780.76,right_only,,False
2015-06-07,,8728.87,right_only,,False
2015-06-08,,8672.33,right_only,,False
2015-06-09,,8660.93,right_only,,False
2015-06-10,,8639.43,right_only,,False
2015-06-11,,8626.46,right_only,,False
2015-06-14,,8534.13,right_only,,False
2015-06-15,,8515.63,right_only,,False
2015-06-16,,8556.1,right_only,,False
2015-06-17,,8556.55,right_only,,False
2015-06-18,,8576.71,right_only,,False
2015-06-21,,8535.19,right_only,,False
2015-06-22,,8489.41,right_only,,False
2015-06-23,,8444.93,right_only,,False
2015-06-24,,8456.82,right_only,,False
2015-06-25,,8406.17,right_only,,False
2015-06-28,,8511.98,right_only,,False
2015-06-29,,8371.53,right_only,,False
2015-07-02,,8314.72,right_only,,False
2015-07-05,,8218.25,right_only,,False
2015-07-06,,7870.78,right_only,,False
2015-07-07,,7752.94,right_only,,False
2015-07-08,,7550.98,right_only,,False
2015-07-09,,7617.39,right_only,,False
2015-07-12,,7691.35,right_only,,False
2015-07-13,,7587.07,right_only,,False
2015-07-14,,7686.91,right_only,,False
2015-07-15,,7882.62,right_only,,False
2015-07-16,,8022.91,right_only,,False
2015-07-21,,8049.69,right_only,,False
2015-07-22,,8087.24,right_only,,False
2015-07-26,,8004.83,right_only,,False
2015-07-27,,7887.87,right_only,,False
2015-07-28,,7949.89,right_only,,False
2015-07-29,,8105.69,right_only,,False
2015-07-30,,8191.53,right_only,,False
2015-08-02,,8158.31,right_only,,False
2015-08-03,,8087.54,right_only,,False
2015-08-04,,8181.95,right_only,,False
2015-08-05,,8114.08,right_only,,False
2015-08-09,,8011.06,right_only,,False
2015-08-10,,8028.69,right_only,,False
2015-08-11,,8083.18,right_only,,False
2015-08-12,,7911.88,right_only,,False
2015-08-13,,7879.82,right_only,,False
2015-08-16,,7625.76,right_only,,False
2015-08-17,,7594.05,right_only,,False
2015-08-18,,7398.43,right_only,,False
2015-08-19,,7240.77,right_only,,False
2015-08-20,,7172.63,right_only,,False
2015-08-23,,6784.09,right_only,,False
2015-08-24,,6654.06,right_only,,False
2015-08-25,,6836.95,right_only,,False
2015-08-26,,6873.49,right_only,,False
2015-08-27,,7078.83,right_only,,False
2015-08-30,,7055.28,right_only,,False
2015-08-31,,7252.43,right_only,,False
2015-09-01,,7203.86,right_only,,False
2015-09-02,,7150.47,right_only,,False
2015-09-03,,7295.96,right_only,,False
2015-09-06,,7273.92,right_only,,False
2015-09-07,,7166.62,right_only,,False
2015-09-08,,6924.05,right_only,,False
2015-09-09,,7050.02,right_only,,False
2015-09-10,,7039.33,right_only,,False
2015-09-13,,7082.0,right_only,,False
2015-09-14,,7158.1,right_only,,False
2015-09-15,,7175.59,right_only,,False
2015-09-16,,7266.42,right_only,,False
2015-09-17,,7267.52,right_only,,False
2015-09-20,,7234.46,right_only,,False
2015-09-21,,7285.25,right_only,,False
2015-09-22,,7346.54,right_only,,False
2015-09-28,,7409.06,right_only,,False
2015-09-29,,7331.53,right_only,,False
2015-09-30,,7332.88,right_only,,False
2015-10-01,,7310.71,right_only,,False
2015-10-04,,7263.29,right_only,,False
2015-10-05,,7239.27,right_only,,False
2015-10-07,,7354.56,right_only,,False
2015-10-08,,7491.67,right_only,,False
2015-10-11,,7547.66,right_only,,False
2015-10-12,,7650.65,right_only,,False
2015-10-13,,7669.12,right_only,,False
2015-10-15,,7594.45,right_only,,False
2015-10-18,,7538.22,right_only,,False
2015-10-19,,7621.67,right_only,,False
2015-10-20,,7658.95,right_only,,False
2015-10-21,,7669.14,right_only,,False
2015-10-22,,7611.03,right_only,,False
2015-10-25,,7653.14,right_only,,False
2015-10-26,,7577.53,right_only,,False
2015-10-27,,7534.08,right_only,,False
2015-10-28,,7479.59,right_only,,False
2015-10-29,,7507.89,right_only,,False
2015-11-01,,7413.01,right_only,,False
2015-11-02,,7434.69,right_only,,False
2015-11-03,,7432.96,right_only,,False
2015-11-04,,7450.36,right_only,,False
2015-11-05,,7541.72,right_only,,False
2015-11-08,,7347.22,right_only,,False
2015-11-09,,7138.81,right_only,,False
2015-11-10,,6824.74,right_only,,False
2015-11-11,,6801.9,right_only,,False
2015-11-12,,6806.67,right_only,,False
2015-11-15,,6522.12,right_only,,False
2015-11-16,,6480.65,right_only,,False
2015-11-17,,6407.33,right_only,,False
2015-11-18,,6413.97,right_only,,False
2015-11-19,,6568.97,right_only,,False
2015-11-22,,6607.53,right_only,,False
2015-11-23,,6451.32,right_only,,False
2015-11-24,,6321.39,right_only,,False
2015-11-25,,6391.07,right_only,,False
2015-11-26,,6427.82,right_only,,False
2015-11-29,,6477.73,right_only,,False
2015-11-30,,6356.65,right_only,,False
2015-12-01,,6424.88,right_only,,False
2015-12-02,,6649.72,right_only,,False
2015-12-03,,6779.28,right_only,,False
2015-12-06,,6837.42,right_only,,False
2015-12-07,,6777.81,right_only,,False
2015-12-08,,6608.01,right_only,,False
2015-12-09,,6629.32,right_only,,False
2015-12-10,,6637.91,right_only,,False
2015-12-13,,6395.2,right_only,,False
2015-12-14,,6408.12,right_only,,False
2015-12-15,,6421.0,right_only,,False
2015-12-16,,6488.51,right_only,,False
2015-12-17,,6669.8,right_only,,False
2015-12-20,,6707.66,right_only,,False
2015-12-21,,6762.26,right_only,,False
2015-12-22,,6769.08,right_only,,False
2015-12-24,,6812.65,right_only,,False
2015-12-27,,6749.11,right_only,,False
2015-12-28,,6744.47,right_only,,False
2015-12-29,,6794.75,right_only,,False
2015-12-30,,6981.01,right_only,,False
2015-12-31,,7006.01,right_only,,False
2016-01-03,,7089.06,right_only,,False
2016-01-04,,6982.25,right_only,,False
2016-01-05,,7021.42,right_only,,False
2016-01-06,,6922.71,right_only,,False
2016-01-10,,6782.35,right_only,,False
2016-01-11,,6634.98,right_only,,False
2016-01-12,,6463.92,right_only,,False
2016-01-13,,6205.23,right_only,,False
2016-01-14,,5857.7,right_only,,False
2016-01-17,,5760.19,right_only,,False
2016-01-18,,5941.19,right_only,,False
2016-01-19,,6097.45,right_only,,False
2016-01-20,,5776.59,right_only,,False
2016-01-21,,5713.35,right_only,,False
2016-01-24,,5893.54,right_only,,False
2016-01-26,,5896.56,right_only,,False
2016-01-27,,5960.59,right_only,,False
2016-01-28,,5986.78,right_only,,False
2016-01-31,,5992.72,right_only,,False
2016-02-01,,5906.92,right_only,,False
2016-02-02,,6008.85,right_only,,False
2016-02-03,,6066.54,right_only,,False
2016-02-04,,6202.22,right_only,,False
2016-02-07,,6126.47,right_only,,False
2016-02-08,,6174.77,right_only,,False
2016-02-09,,6004.41,right_only,,False
2016-02-10,,6062.65,right_only,,False
2016-02-11,,5813.72,right_only,,False
2016-02-14,,5753.74,right_only,,False
2016-02-15,,5800.05,right_only,,False
2016-02-16,,5894.6,right_only,,False
2016-02-17,,5947.7,right_only,,False
2016-02-18,,5944.47,right_only,,False
2016-02-21,,6007.88,right_only,,False
2016-02-22,,6086.45,right_only,,False
2016-02-23,,6104.74,right_only,,False
2016-02-24,,6054.03,right_only,,False
2016-02-25,,6079.13,right_only,,False
2016-02-28,,6156.01,right_only,,False
2016-02-29,,6146.93,right_only,,False
2016-03-01,,6115.54,right_only,,False
2016-03-02,,6076.57,right_only,,False
2016-03-03,,6089.34,right_only,,False
2016-03-06,,6214.94,right_only,,False
2016-03-07,,6261.41,right_only,,False
2016-03-08,,6339.76,right_only,,False
2016-03-09,,6372.64,right_only,,False
2016-03-10,,6563.65,right_only,,False
2016-03-13,,6563.83,right_only,,False
2016-03-14,,7003.85,right_only,,False
2016-03-15,,7139.44,right_only,,False
2016-03-16,,7228.68,right_only,,False
2016-03-17,,7485.69,right_only,,False
2016-03-20,,7465.86,right_only,,False
2016-03-21,,7494.12,right_only,,False
2016-03-22,,7430.33,right_only,,False
2016-03-23,,7495.47,right_only,,False
2016-03-24,,7548.22,right_only,,False
2016-03-27,,7480.11,right_only,,False
2016-03-28,,7494.1,right_only,,False
2016-03-29,,7567.46,right_only,,False
2016-03-30,,7485.06,right_only,,False
2016-03-31,,7524.99,right_only,,False
2016-04-03,,7521.2,right_only,,False
2016-04-04,,7577.02,right_only,,False
2016-04-05,,7657.98,right_only,,False
2016-04-06,,7459.84,right_only,,False
2016-04-07,,7478.74,right_only,,False
2016-04-10,,7403.77,right_only,,False
2016-04-11,,7342.46,right_only,,False
2016-04-12,,7331.05,right_only,,False
2016-04-13,,7420.61,right_only,,False
2016-04-14,,7463.1,right_only,,False
2016-04-17,,7517.02,right_only,,False
2016-04-18,,7662.44,right_only,,False
2016-04-19,,7864.03,right_only,,False
2016-04-20,,7799.86,right_only,,False
2016-04-21,,7781.45,right_only,,False
2016-04-24,,7743.41,right_only,,False
2016-04-26,,7886.82,right_only,,False
2016-04-27,,7863.58,right_only,,False
2016-04-28,,7773.23,right_only,,False
2016-05-03,,7531.59,right_only,,False
2016-05-04,,7442.44,right_only,,False
2016-05-05,,7547.49,right_only,,False
2016-05-08,,7571.7,right_only,,False
2016-05-09,,7646.02,right_only,,False
2016-05-10,,7621.91,right_only,,False
2016-05-11,,7503.4,right_only,,False
2016-05-12,,7520.52,right_only,,False
2016-05-15,,7373.0,right_only,,False
2016-05-16,,7409.27,right_only,,False
2016-05-17,,7549.97,right_only,,False
2016-05-18,,7637.04,right_only,,False
2016-05-19,,7499.49,right_only,,False
2016-05-22,,7494.76,right_only,,False
2016-05-23,,7417.08,right_only,,False
2016-05-24,,7497.33,right_only,,False
2016-05-25,,7543.43,right_only,,False
2016-05-26,,7531.15,right_only,,False
2016-05-29,,7486.13,right_only,,False
2016-05-30,,7452.88,right_only,,False
2016-05-31,,7483.65,right_only,,False
2016-06-01,,7572.39,right_only,,False
2016-06-02,,7617.88,right_only,,False
2016-06-05,,7563.5,right_only,,False
2016-06-06,,7639.59,right_only,,False
2016-06-07,,7717.35,right_only,,False
2016-06-08,,7780.13,right_only,,False
2016-06-09,,7756.3,right_only,,False
2016-06-12,,7650.62,right_only,,False
2016-06-13,,7645.21,right_only,,False
2016-06-14,,7570.05,right_only,,False
2016-06-15,,7414.81,right_only,,False
2016-06-16,,7420.39,right_only,,False
2016-06-19,,7337.97,right_only,,False
2016-06-20,,7203.64,right_only,,False
2016-06-21,,7250.92,right_only,,False
2016-06-22,,7156.49,right_only,,False
2016-06-23,,7253.31,right_only,,False
2016-06-26,,6851.61,right_only,,False
2016-06-27,,6903.81,right_only,,False
2016-06-28,,6931.94,right_only,,False
2016-06-29,,6942.52,right_only,,False
2016-07-03,,6981.72,right_only,,False
2016-07-04,,7182.8,right_only,,False
2016-07-10,,7517.43,right_only,,False
2016-07-11,,7506.18,right_only,,False
2016-07-12,,7457.5,right_only,,False
2016-07-13,,7559.87,right_only,,False
2016-07-14,,7583.06,right_only,,False
2016-07-17,,7599.64,right_only,,False
2016-07-18,,7628.64,right_only,,False
2016-07-19,,7596.96,right_only,,False
2016-07-20,,7503.36,right_only,,False
2016-07-21,,7436.87,right_only,,False
2016-07-24,,7463.72,right_only,,False
2016-07-25,,7517.78,right_only,,False
2016-07-26,,7539.99,right_only,,False
2016-07-27,,7914.74,right_only,,False
2016-07-28,,8030.85,right_only,,False
2016-07-31,,7983.15,right_only,,False
2016-08-01,,7930.14,right_only,,False
2016-08-02,,7973.45,right_only,,False
2016-08-03,,8104.57,right_only,,False
2016-08-04,,8255.36,right_only,,False
2016-08-07,,8223.46,right_only,,False
2016-08-08,,8273.14,right_only,,False
2016-08-09,,8199.65,right_only,,False
2016-08-10,,8291.51,right_only,,False
2016-08-11,,8377.71,right_only,,False
2016-08-14,,8351.07,right_only,,False
2016-08-15,,8453.53,right_only,,False
2016-08-16,,8387.49,right_only,,False
2016-08-17,,8347.38,right_only,,False
2016-08-18,,8317.17,right_only,,False
2016-08-21,,8352.27,right_only,,False
2016-08-22,,8246.9,right_only,,False
2016-08-23,,8186.7,right_only,,False
2016-08-24,,8224.33,right_only,,False
2016-08-25,,8131.49,right_only,,False
2016-08-28,,8052.23,right_only,,False
2016-08-29,,8032.43,right_only,,False
2016-08-30,,8080.81,right_only,,False
2016-08-31,,8158.04,right_only,,False
2016-09-01,,8136.44,right_only,,False
2016-09-04,,8241.16,right_only,,False
2016-09-05,,8270.76,right_only,,False
2016-09-06,,8202.43,right_only,,False
2016-09-07,,8146.1,right_only,,False
2016-09-08,,8188.2,right_only,,False
2016-09-14,,8132.75,right_only,,False
2016-09-15,,7979.25,right_only,,False
2016-09-18,,7916.41,right_only,,False
2016-09-19,,7974.12,right_only,,False
2016-09-20,,8048.69,right_only,,False
2016-09-21,,7937.79,right_only,,False
2016-09-22,,7913.94,right_only,,False
2016-09-25,,7904.53,right_only,,False
2016-09-26,,7974.84,right_only,,False
2016-09-27,,7948.93,right_only,,False
2016-09-28,,7907.92,right_only,,False
2016-09-29,,7881.11,right_only,,False
2016-10-03,,8133.12,right_only,,False
2016-10-04,,8198.51,right_only,,False
2016-10-05,,8368.52,right_only,,False
2016-10-09,,8436.82,right_only,,False
2016-10-10,,8364.0,right_only,,False
2016-10-11,,8232.77,right_only,,False
2016-10-12,,8185.95,right_only,,False
2016-10-13,,8505.12,right_only,,False
2016-10-16,,8432.41,right_only,,False
2016-10-17,,8243.32,right_only,,False
2016-10-18,,8213.53,right_only,,False
2016-10-19,,8160.4,right_only,,False
2016-10-20,,8277.21,right_only,,False
2016-10-23,,8274.15,right_only,,False
2016-10-24,,8228.13,right_only,,False
2016-10-25,,8261.14,right_only,,False
2016-10-26,,8257.21,right_only,,False
2016-10-27,,8343.31,right_only,,False
2016-10-30,,8357.42,right_only,,False
2016-10-31,,8386.03,right_only,,False
2016-11-01,,8447.76,right_only,,False
2016-11-02,,8524.66,right_only,,False
2016-11-03,,8810.51,right_only,,False
2016-11-06,,9349.9,right_only,,False
2016-11-07,,9852.69,right_only,,False
2016-11-08,,10096.57,right_only,,False
2016-11-09,,10225.5,right_only,,False
2016-11-10,,10688.16,right_only,,False
2016-11-13,,10916.97,right_only,,False
2016-11-14,,10694.41,right_only,,False
2016-11-15,,10640.53,right_only,,False
2016-11-16,,10997.38,right_only,,False
2016-11-17,,11221.56,right_only,,False
2016-11-20,,11277.47,right_only,,False
2016-11-21,,11543.07,right_only,,False
2016-11-22,,11519.8,right_only,,False
2016-11-23,,11550.31,right_only,,False
2016-11-24,,11353.11,right_only,,False
2016-11-27,,11145.95,right_only,,False
2016-11-28,,11261.82,right_only,,False
2016-11-29,,11159.32,right_only,,False
2016-11-30,,11453.25,right_only,,False
2016-12-01,,11548.15,right_only,,False
2016-12-04,,11631.41,right_only,,False
2016-12-05,,11426.5,right_only,,False
2016-12-06,,11502.51,right_only,,False
2016-12-07,,11348.37,right_only,,False
2016-12-08,,11297.93,right_only,,False
2016-12-12,,11444.06,right_only,,False
2016-12-13,,11385.1,right_only,,False
2016-12-14,,11317.17,right_only,,False
2016-12-15,,11326.03,right_only,,False
2016-12-18,,11398.01,right_only,,False
2016-12-19,,11752.46,right_only,,False
2016-12-20,,12147.95,right_only,,False
2016-12-21,,12366.96,right_only,,False
2016-12-22,,12420.3,right_only,,False
2016-12-25,,12251.06,right_only,,False
2016-12-26,,12182.04,right_only,,False
2016-12-27,,12181.98,right_only,,False
2016-12-28,,12259.83,right_only,,False
2016-12-29,,12344.89,right_only,,False
2017-01-02,,12290.61,right_only,,False
2017-01-03,,12425.17,right_only,,False
2017-01-04,,12608.44,right_only,,False
2017-01-05,,12824.32,right_only,,False
2017-01-08,,12891.39,right_only,,False
2017-01-09,,12781.16,right_only,,False
2017-01-10,,13014.54,right_only,,False
2017-01-11,,13089.05,right_only,,False
2017-01-12,,13223.9,right_only,,False
2017-01-15,,13287.76,right_only,,False
2017-01-16,,13264.82,right_only,,False
2017-01-17,,13436.1,right_only,,False
2017-01-18,,13304.44,right_only,,False
2017-01-19,,12806.77,right_only,,False
2017-01-22,,12722.08,right_only,,False
2017-01-23,,13002.89,right_only,,False
2017-01-24,,12882.88,right_only,,False
2017-01-26,,13091.05,right_only,,False
2017-01-29,,13161.52,right_only,,False
2017-01-30,,12926.07,right_only,,False
2017-01-31,,12672.49,right_only,,False
2017-02-01,,12584.26,right_only,,False
2017-02-02,,12806.07,right_only,,False
2017-02-05,,12883.43,right_only,,False
2017-02-06,,12849.42,right_only,,False
2017-02-07,,13129.27,right_only,,False
2017-02-08,,13228.33,right_only,,False
2017-02-09,,13114.86,right_only,,False
2017-02-12,,12922.44,right_only,,False
2017-02-13,,12740.05,right_only,,False
2017-02-14,,12503.73,right_only,,False
2017-02-15,,12448.35,right_only,,False
2017-02-16,,12651.97,right_only,,False
2017-02-19,,12549.17,right_only,,False
2017-02-20,,12444.18,right_only,,False
2017-02-21,,12657.82,right_only,,False
2017-02-22,,12401.09,right_only,,False
2017-02-23,,12240.53,right_only,,False
2017-02-26,,12269.88,right_only,,False
2017-02-27,,12023.93,right_only,,False
2017-02-28,,11937.67,right_only,,False
2017-03-01,,11998.72,right_only,,False
2017-03-02,,12310.49,right_only,,False
2017-03-05,,12499.61,right_only,,False
2017-03-06,,12623.22,right_only,,False
2017-03-07,,12677.55,right_only,,False
2017-03-08,,12735.36,right_only,,False
2017-03-09,,12853.27,right_only,,False
2017-03-12,,12919.9,right_only,,False
2017-03-13,,12929.13,right_only,,False
2017-03-14,,12789.52,right_only,,False
2017-03-15,,12745.49,right_only,,False
2017-03-16,,12983.99,right_only,,False
2017-03-19,,13092.4,right_only,,False
2017-03-20,,13023.49,right_only,,False
2017-03-21,,12905.37,right_only,,False
2017-03-22,,12879.06,right_only,,False
2017-03-23,,13032.06,right_only,,False
2017-03-26,,13108.22,right_only,,False
2017-03-27,,12969.64,right_only,,False
2017-03-28,,12982.66,right_only,,False
2017-03-29,,12987.65,right_only,,False
2017-03-30,,12994.8,right_only,,False
2017-04-02,,12912.27,right_only,,False
2017-04-03,,13061.07,right_only,,False
2017-04-04,,13264.75,right_only,,False
2017-04-05,,13289.99,right_only,,False
2017-04-06,,13098.54,right_only,,False
2017-04-09,,12895.12,right_only,,False
2017-04-10,,12848.56,right_only,,False
2017-04-11,,12995.71,right_only,,False
2017-04-12,,12984.36,right_only,,False
2017-04-13,,12967.38,right_only,,False
2017-04-18,,13027.14,right_only,,False
2017-04-19,,12895.3,right_only,,False
2017-04-20,,12905.85,right_only,,False
2017-04-23,,12544.92,right_only,,False
2017-04-24,,12583.13,right_only,,False
2017-04-26,,12671.29,right_only,,False
2017-04-27,,12525.69,right_only,,False
2017-04-30,,12433.6,right_only,,False
2017-05-02,,12530.32,right_only,,False
2017-05-03,,12603.56,right_only,,False
2017-05-04,,12709.93,right_only,,False
2017-05-07,,12692.15,right_only,,False
2017-05-08,,12827.93,right_only,,False
2017-05-09,,12933.68,right_only,,False
2017-05-10,,12993.4,right_only,,False
2017-05-11,,12906.98,right_only,,False
2017-05-14,,12870.91,right_only,,False
2017-05-15,,12866.06,right_only,,False
2017-05-16,,12936.59,right_only,,False
2017-05-17,,13064.02,right_only,,False
2017-05-18,,12952.38,right_only,,False
2017-05-21,,12974.75,right_only,,False
2017-05-22,,12648.24,right_only,,False
2017-05-23,,12791.83,right_only,,False
2017-05-24,,12884.44,right_only,,False
2017-05-25,,13094.42,right_only,,False
2017-05-28,,13205.11,right_only,,False
2017-05-29,,13207.94,right_only,,False
2017-05-30,,13239.16,right_only,,False
2017-05-31,,13339.63,right_only,,False
2017-06-01,,13467.29,right_only,,False
2017-06-04,,13495.32,right_only,,False
2017-06-05,,13520.13,right_only,,False
2017-06-06,,13626.8,right_only,,False
2017-06-07,,13632.98,right_only,,False
2017-06-08,,13683.66,right_only,,False
2017-06-11,,13616.04,right_only,,False
2017-06-12,,13491.89,right_only,,False
2017-06-13,,13531.34,right_only,,False
2017-06-14,,13502.12,right_only,,False
2017-06-15,,13478.75,right_only,,False
2017-06-18,,13496.47,right_only,,False
2017-06-19,,13508.39,right_only,,False
2017-06-20,,13415.55,right_only,,False
2017-06-21,,13376.44,right_only,,False
2017-06-22,,13417.14,right_only,,False
2017-06-28,,13395.81,right_only,,False
2017-07-02,,13487.36,right_only,,False
2017-07-03,,13431.06,right_only,,False
2017-07-04,,13334.78,right_only,,False
2017-07-05,,13334.86,right_only,,False
2017-07-06,,13369.88,right_only,,False
2017-07-09,,13342.09,right_only,,False
2017-07-10,,13483.04,right_only,,False
2017-07-11,,13684.27,right_only,,False
2017-07-12,,13690.29,right_only,,False
2017-07-13,,13822.59,right_only,,False
2017-07-16,,13815.77,right_only,,False
2017-07-17,,13956.32,right_only,,False
2017-07-18,,13717.53,right_only,,False
2017-07-19,,13707.13,right_only,,False
2017-07-20,,13715.06,right_only,,False
2017-07-24,,13752.98,right_only,,False
2017-07-25,,13740.72,right_only,,False
2017-07-26,,13797.25,right_only,,False
2017-07-27,,13609.22,right_only,,False
2017-07-30,,13480.1,right_only,,False
2017-07-31,,13419.38,right_only,,False
2017-08-01,,13396.22,right_only,,False
2017-08-02,,13405.2,right_only,,False
2017-08-03,,13413.12,right_only,,False
2017-08-06,,13558.46,right_only,,False
2017-08-07,,13660.8,right_only,,False
2017-08-08,,13637.69,right_only,,False
2017-08-09,,13580.76,right_only,,False
2017-08-10,,13462.38,right_only,,False
2017-08-13,,13279.61,right_only,,False
2017-08-14,,13135.1,right_only,,False
2017-08-15,,13102.39,right_only,,False
2017-08-16,,13149.19,right_only,,False
2017-08-17,,13119.44,right_only,,False
2017-08-20,,13026.29,right_only,,False
2017-08-21,,13106.12,right_only,,False
2017-08-22,,13114.87,right_only,,False
2017-08-23,,12996.2,right_only,,False
2017-08-24,,12926.4,right_only,,False
2017-08-27,,12913.25,right_only,,False
2017-08-28,,13013.73,right_only,,False
2017-08-29,,13195.34,right_only,,False
2017-08-30,,13415.77,right_only,,False
2017-09-05,,13415.05,right_only,,False
2017-09-06,,13317.89,right_only,,False
2017-09-07,,13432.69,right_only,,False
2017-09-10,,13457.14,right_only,,False
2017-09-11,,13533.24,right_only,,False
2017-09-12,,13474.88,right_only,,False
2017-09-13,,13442.55,right_only,,False
2017-09-14,,13610.61,right_only,,False
2017-09-17,,13612.51,right_only,,False
2017-09-18,,13592.71,right_only,,False
2017-09-19,,13730.0,right_only,,False
2017-09-20,,13695.33,right_only,,False
2017-09-24,,13607.19,right_only,,False
2017-09-25,,13674.42,right_only,,False
2017-09-26,,13704.13,right_only,,False
2017-09-27,,13740.82,right_only,,False
2017-09-28,,13888.51,right_only,,False
2017-10-01,,13976.78,right_only,,False
2017-10-02,,14000.43,right_only,,False
2017-10-03,,13930.73,right_only,,False
2017-10-04,,13881.97,right_only,,False
2017-10-08,,13997.69,right_only,,False
2017-10-09,,13968.53,right_only,,False
2017-10-10,,13824.08,right_only,,False
2017-10-11,,13816.05,right_only,,False
2017-10-12,,13891.71,right_only,,False
2017-10-15,,13905.79,right_only,,False
2017-10-16,,13525.25,right_only,,False
2017-10-17,,13525.48,right_only,,False
2017-10-18,,13590.15,right_only,,False
2017-10-19,,13713.62,right_only,,False
2017-10-22,,13706.06,right_only,,False
2017-10-23,,13870.34,right_only,,False
2017-10-24,,13928.38,right_only,,False
2017-10-25,,13901.38,right_only,,False
2017-10-26,,13955.47,right_only,,False
2017-10-29,,14024.41,right_only,,False
2017-10-30,,14197.21,right_only,,False
2017-10-31,,14342.38,right_only,,False
2017-11-01,,14277.29,right_only,,False
2017-11-02,,14319.34,right_only,,False
2017-11-05,,14183.77,right_only,,False
2017-11-06,,14072.92,right_only,,False
2017-11-07,,14057.56,right_only,,False
2017-11-08,,14204.95,right_only,,False
2017-11-09,,14350.14,right_only,,False
2017-11-12,,14270.55,right_only,,False
2017-11-13,,14123.31,right_only,,False
2017-11-14,,14132.96,right_only,,False
2017-11-15,,14025.11,right_only,,False
2017-11-16,,13847.36,right_only,,False
2017-11-19,,13742.11,right_only,,False
2017-11-20,,13680.5,right_only,,False
2017-11-21,,13725.45,right_only,,False
2017-11-22,,13839.37,right_only,,False
2017-11-23,,14106.17,right_only,,False
2017-11-26,,14222.7,right_only,,False
2017-11-27,,14219.99,right_only,,False
2017-11-28,,14537.03,right_only,,False
2017-11-29,,14582.22,right_only,,False
2017-12-03,,14713.63,right_only,,False
2017-12-04,,14572.17,right_only,,False
2017-12-05,,14460.96,right_only,,False
2017-12-06,,14345.58,right_only,,False
2017-12-07,,14294.73,right_only,,False
2017-12-10,,14414.25,right_only,,False
2017-12-11,,14426.75,right_only,,False
2017-12-12,,14590.2,right_only,,False
2017-12-13,,14651.42,right_only,,False
2017-12-14,,14679.91,right_only,,False
2017-12-17,,14716.66,right_only,,False
2017-12-18,,14721.45,right_only,,False
2017-12-19,,14678.41,right_only,,False
2017-12-20,,14682.14,right_only,,False
2017-12-21,,14668.59,right_only,,False
2017-12-24,,14790.78,right_only,,False
2017-12-25,,14843.33,right_only,,False
2017-12-26,,14922.85,right_only,,False
2017-12-27,,14904.82,right_only,,False
2017-12-28,,15016.97,right_only,,False
2017-12-31,,15019.14,right_only,,False
2018-01-02,,15023.76,right_only,,False
2018-01-03,,14833.73,right_only,,False
2018-01-04,,14782.38,right_only,,False
2018-01-08,,14953.17,right_only,,False
2018-01-09,,15159.37,right_only,,False
2018-01-10,,15192.55,right_only,,False
2018-01-11,,15242.48,right_only,,False
2018-01-14,,15254.85,right_only,,False
2018-01-15,,15127.76,right_only,,False
2018-01-16,,15089.37,right_only,,False
2018-01-17,,15198.54,right_only,,False
2018-01-18,,15411.0,right_only,,False
2018-01-21,,15339.91,right_only,,False
2018-01-22,,15243.23,right_only,,False
2018-01-23,,15197.08,right_only,,False
2018-01-24,,15170.73,right_only,,False
2018-01-28,,15311.15,right_only,,False
2018-01-29,,15369.13,right_only,,False
2018-01-30,,15315.66,right_only,,False
2018-01-31,,15042.37,right_only,,False
2018-02-01,,15088.66,right_only,,False
2018-02-04,,14874.84,right_only,,False
2018-02-05,,14962.14,right_only,,False
2018-02-06,,14717.98,right_only,,False
2018-02-07,,15037.05,right_only,,False
2018-02-08,,14921.29,right_only,,False
2018-02-11,,14828.36,right_only,,False
2018-02-12,,14890.71,right_only,,False
2018-02-13,,14729.75,right_only,,False
2018-02-14,,14805.95,right_only,,False
2018-02-15,,14965.93,right_only,,False
2018-02-18,,15045.56,right_only,,False
2018-02-19,,15158.12,right_only,,False
2018-02-20,,15219.26,right_only,,False
2018-02-21,,15244.49,right_only,,False
2018-02-22,,15318.92,right_only,,False
2018-02-25,,15467.77,right_only,,False
2018-02-26,,15454.0,right_only,,False
2018-02-27,,15522.88,right_only,,False
2018-02-28,,15472.69,right_only,,False
2018-03-01,,15443.18,right_only,,False
2018-03-04,,15519.55,right_only,,False
2018-03-05,,15709.01,right_only,,False
2018-03-06,,16022.26,right_only,,False
2018-03-07,,16384.07,right_only,,False
2018-03-08,,16472.28,right_only,,False
2018-03-11,,16391.48,right_only,,False
2018-03-12,,16742.15,right_only,,False
2018-03-13,,16989.06,right_only,,False
2018-03-14,,16881.72,right_only,,False
2018-03-15,,16999.1,right_only,,False
2018-03-18,,17271.03,right_only,,False
2018-03-19,,17172.13,right_only,,False
2018-03-20,,17113.9,right_only,,False
2018-03-21,,17147.12,right_only,,False
2018-03-22,,17064.58,right_only,,False
2018-03-25,,16984.69,right_only,,False
2018-03-26,,17104.34,right_only,,False
2018-03-27,,17270.43,right_only,,False
2018-03-28,,17305.51,right_only,,False
2018-03-29,,17450.15,right_only,,False
2018-04-01,,17595.88,right_only,,False
2018-04-02,,17684.66,right_only,,False
2018-04-03,,17492.71,right_only,,False
2018-04-04,,17509.65,right_only,,False
2018-04-05,,17410.59,right_only,,False
2018-04-10,,17697.32,right_only,,False
2018-04-11,,17943.96,right_only,,False
2018-04-12,,17615.69,right_only,,False
2018-04-15,,17588.86,right_only,,False
2018-04-16,,17620.28,right_only,,False
2018-04-17,,17802.48,right_only,,False
2018-04-18,,17705.87,right_only,,False
2018-04-19,,17781.02,right_only,,False
2018-04-22,,17898.09,right_only,,False
2018-04-23,,18080.7,right_only,,False
2018-04-24,,18121.96,right_only,,False
2018-04-26,,18363.29,right_only,,False
2018-04-29,,18304.46,right_only,,False
2018-04-30,,18295.57,right_only,,False
2018-05-02,,18173.16,right_only,,False
2018-05-03,,17832.86,right_only,,False
2018-05-06,,17610.87,right_only,,False
2018-05-07,,17523.15,right_only,,False
2018-05-08,,17814.45,right_only,,False
2018-05-09,,17460.3,right_only,,False
2018-05-10,,17155.14,right_only,,False
2018-05-13,,17184.02,right_only,,False
2018-05-14,,16984.07,right_only,,False
2018-05-15,,16985.78,right_only,,False
2018-05-16,,16993.21,right_only,,False
2018-05-17,,16877.66,right_only,,False
2018-05-20,,16782.07,right_only,,False
2018-05-21,,16780.91,right_only,,False
2018-05-22,,16657.66,right_only,,False
2018-05-23,,16662.55,right_only,,False
2018-05-24,,16633.97,right_only,,False
2018-05-27,,16648.47,right_only,,False
2018-05-28,,16791.09,right_only,,False
2018-05-29,,17005.86,right_only,,False
2018-05-30,,16760.24,right_only,,False
2018-05-31,,16414.53,right_only,,False
2018-06-03,,16675.31,right_only,,False
2018-06-04,,16404.33,right_only,,False
2018-06-05,,16022.11,right_only,,False
2018-06-06,,15908.91,right_only,,False
2018-06-07,,15923.66,right_only,,False
2018-06-10,,16142.72,right_only,,False
2018-06-11,,15921.25,right_only,,False
2018-06-12,,15938.11,right_only,,False
2018-06-13,,16178.28,right_only,,False
2018-06-14,,16220.93,right_only,,False
2018-06-19,,16067.77,right_only,,False
2018-06-20,,16143.48,right_only,,False
2018-06-21,,16345.77,right_only,,False
2018-06-24,,16395.02,right_only,,False
2018-06-25,,16457.51,right_only,,False
2018-06-26,,16197.44,right_only,,False
2018-06-27,,16176.41,right_only,,False
2018-06-28,,16348.55,right_only,,False
2018-07-02,,16362.59,right_only,,False
2018-07-03,,16421.32,right_only,,False
2018-07-04,,16309.65,right_only,,False
2018-07-05,,16125.34,right_only,,False
2018-07-08,,15839.84,right_only,,False
2018-07-09,,15785.93,right_only,,False
2018-07-10,,15921.03,right_only,,False
2018-07-11,,15952.42,right_only,,False
2018-07-12,,15879.81,right_only,,False
2018-07-15,,15842.46,right_only,,False
2018-07-16,,15655.89,right_only,,False
2018-07-17,,15420.72,right_only,,False
2018-07-18,,15578.73,right_only,,False
2018-07-19,,15416.31,right_only,,False
2018-07-22,,15303.79,right_only,,False
2018-07-24,,15480.37,right_only,,False
2018-07-25,,15186.36,right_only,,False
2018-07-26,,15199.29,right_only,,False
2018-07-29,,15378.11,right_only,,False
2018-07-30,,15297.02,right_only,,False
2018-07-31,,15580.19,right_only,,False
2018-08-01,,15670.18,right_only,,False
2018-08-02,,15806.38,right_only,,False
2018-08-05,,15737.05,right_only,,False
2018-08-06,,15645.56,right_only,,False
2018-08-07,,15761.55,right_only,,False
2018-08-08,,15862.86,right_only,,False
2018-08-09,,15924.06,right_only,,False
2018-08-12,,15738.34,right_only,,False
2018-08-13,,15521.52,right_only,,False
2018-08-14,,15356.81,right_only,,False
2018-08-15,,15357.44,right_only,,False
2018-08-16,,15295.97,right_only,,False
2018-08-19,,15273.39,right_only,,False
2018-08-26,,15239.03,right_only,,False
2018-08-27,,15236.64,right_only,,False
2018-08-28,,15606.18,right_only,,False
2018-08-29,,15835.73,right_only,,False
2018-08-30,,16009.41,right_only,,False
2018-09-02,,15852.36,right_only,,False
2018-09-03,,15821.92,right_only,,False
2018-09-04,,15922.96,right_only,,False
2018-09-05,,15750.94,right_only,,False
2018-09-06,,15803.17,right_only,,False
2018-09-09,,15740.06,right_only,,False
2018-09-10,,15628.43,right_only,,False
2018-09-12,,15488.49,right_only,,False
2018-09-13,,15308.62,right_only,,False
2018-09-16,,14755.63,right_only,,False
2018-09-17,,14650.97,right_only,,False
2018-09-18,,14653.91,right_only,,False
2018-09-19,,14098.56,right_only,,False
2018-09-20,,14083.48,right_only,,False
2018-09-23,,14261.25,right_only,,False
2018-09-24,,14200.68,right_only,,False
2018-09-25,,14358.64,right_only,,False
2018-09-26,,14612.18,right_only,,False
2018-09-27,,14632.4,right_only,,False
2018-09-30,,14616.47,right_only,,False
2018-10-01,,14446.72,right_only,,False
2018-10-02,,14381.55,right_only,,False
2018-10-03,,14313.17,right_only,,False
2018-10-04,,14104.9,right_only,,False
2018-10-08,,13604.01,right_only,,False
2018-10-09,,13588.74,right_only,,False
2018-10-10,,13621.23,right_only,,False
2018-10-11,,13283.31,right_only,,False
2018-10-14,,13537.47,right_only,,False
2018-10-15,,13521.46,right_only,,False
2018-10-16,,13689.39,right_only,,False
2018-10-17,,13815.6,right_only,,False
2018-10-18,,13644.16,right_only,,False
2018-10-21,,13524.67,right_only,,False
2018-10-22,,13646.26,right_only,,False
2018-10-23,,13579.6,right_only,,False
2018-10-24,,13246.39,right_only,,False
2018-10-25,,13023.73,right_only,,False
2018-10-28,,12980.96,right_only,,False
2018-10-29,,13074.47,right_only,,False
2018-10-30,,13154.56,right_only,,False
2018-10-31,,13250.29,right_only,,False
2018-11-01,,13202.32,right_only,,False
2018-11-04,,13170.28,right_only,,False
2018-11-05,,13234.62,right_only,,False
2018-11-06,,13436.11,right_only,,False
2018-11-07,,13615.85,right_only,,False
2018-11-08,,13732.68,right_only,,False
2018-11-11,,13570.89,right_only,,False
2018-11-12,,13678.36,right_only,,False
2018-11-13,,13543.64,right_only,,False
2018-11-14,,13487.2,right_only,,False
2018-11-15,,13681.67,right_only,,False
2018-11-18,,13968.8,right_only,,False
2018-11-19,,13906.31,right_only,,False
2018-11-21,,13731.12,right_only,,False
2018-11-22,,13675.37,right_only,,False
2018-11-25,,13153.55,right_only,,False
2018-11-26,,13049.12,right_only,,False
2018-11-27,,13213.95,right_only,,False
2018-11-28,,13309.49,right_only,,False
2018-11-29,,13319.5,right_only,,False
2018-12-02,,13150.08,right_only,,False
2018-12-03,,12934.44,right_only,,False
2018-12-04,,12624.74,right_only,,False
2018-12-05,,12586.74,right_only,,False
2018-12-06,,12387.58,right_only,,False
2018-12-09,,12140.0,right_only,,False
2018-12-10,,12476.18,right_only,,False
2018-12-11,,12664.41,right_only,,False
2018-12-12,,12856.83,right_only,,False
2018-12-13,,12996.89,right_only,,False
2018-12-16,,12992.06,right_only,,False
2018-12-17,,13215.4,right_only,,False
2018-12-18,,13121.11,right_only,,False
2018-12-19,,13078.2,right_only,,False
2018-12-20,,13137.58,right_only,,False
2018-12-23,,12947.35,right_only,,False
2018-12-24,,12784.44,right_only,,False
2018-12-25,,12670.63,right_only,,False
2018-12-26,,12840.16,right_only,,False
2018-12-27,,12984.21,right_only,,False
2018-12-30,,12944.52,right_only,,False
2018-12-31,,13035.77,right_only,,False
2019-01-02,,13204.37,right_only,,False
2019-01-03,,13264.7,right_only,,False
2019-01-06,,13343.08,right_only,,False
2019-01-08,,13402.7,right_only,,False
2019-01-09,,13365.58,right_only,,False
2019-01-10,,13367.44,right_only,,False
2019-01-13,,13525.83,right_only,,False
2019-01-14,,13335.75,right_only,,False
2019-01-15,,13447.12,right_only,,False
2019-01-16,,13510.27,right_only,,False
2019-01-17,,13482.99,right_only,,False
2019-01-20,,13444.21,right_only,,False
2019-01-21,,13574.99,right_only,,False
2019-01-22,,13474.55,right_only,,False
2019-01-23,,13506.65,right_only,,False
2019-01-27,,13817.1,right_only,,False
2019-01-28,,13911.34,right_only,,False
2019-01-29,,13976.52,right_only,,False
2019-01-30,,14093.4,right_only,,False
2019-01-31,,14126.68,right_only,,False
2019-02-03,,14243.81,right_only,,False
2019-02-04,,14366.06,right_only,,False
2019-02-05,,14733.11,right_only,,False
2019-02-06,,14766.59,right_only,,False
2019-02-07,,14753.68,right_only,,False
2019-02-10,,14763.94,right_only,,False
2019-02-11,,14784.82,right_only,,False
2019-02-12,,14927.64,right_only,,False
2019-02-13,,14949.07,right_only,,False
2019-02-14,,14984.46,right_only,,False
2019-02-17,,15198.89,right_only,,False
2019-02-18,,15227.24,right_only,,False
2019-02-19,,15155.84,right_only,,False
2019-02-20,,15213.54,right_only,,False
2019-02-21,,15146.71,right_only,,False
2019-02-24,,14955.58,right_only,,False
2019-02-25,,14946.35,right_only,,False
2019-02-26,,14886.85,right_only,,False
2019-02-27,,14772.34,right_only,,False
2019-02-28,,14803.97,right_only,,False
2019-03-03,,14819.6,right_only,,False
2019-03-04,,14815.18,right_only,,False
2019-03-05,,14728.38,right_only,,False
2019-03-06,,14643.09,right_only,,False
2019-03-07,,14904.03,right_only,,False
2019-03-10,,14980.62,right_only,,False
2019-03-11,,15098.12,right_only,,False
2019-03-12,,15139.86,right_only,,False
2019-03-13,,15125.84,right_only,,False
2019-03-14,,14991.34,right_only,,False
2019-03-17,,15033.48,right_only,,False
2019-03-18,,14910.78,right_only,,False
2019-03-19,,14645.53,right_only,,False
2019-03-20,,14724.4,right_only,,False
2019-03-21,,14782.81,right_only,,False
2019-03-24,,14840.9,right_only,,False
2019-03-25,,14670.8,right_only,,False
2019-03-26,,14637.4,right_only,,False
2019-03-27,,14554.66,right_only,,False
2019-03-28,,14665.81,right_only,,False
2019-03-31,,14737.88,right_only,,False
2019-04-01,,14954.14,right_only,,False
2019-04-02,,15166.46,right_only,,False
2019-04-03,,15197.84,right_only,,False
2019-04-04,,15247.81,right_only,,False
2019-04-07,,15135.47,right_only,,False
2019-04-08,,15111.09,right_only,,False
2019-04-09,,15088.55,right_only,,False
2019-04-10,,15106.54,right_only,,False
2019-04-11,,15105.96,right_only,,False
2019-04-14,,15068.96,right_only,,False
2019-04-15,,15055.42,right_only,,False
2019-04-16,,14973.01,right_only,,False
2019-04-17,,14864.01,right_only,,False
2019-04-18,,14876.37,right_only,,False
2019-04-21,,14838.63,right_only,,False
2019-04-22,,14801.26,right_only,,False
2019-04-23,,14645.78,right_only,,False
2019-04-24,,14770.27,right_only,,False
2019-04-30,,14920.15,right_only,,False
2019-05-02,,14880.39,right_only,,False
2019-05-05,,14511.54,right_only,,False
2019-05-06,,14204.59,right_only,,False
2019-05-07,,14389.91,right_only,,False
2019-05-08,,14026.81,right_only,,False
2019-05-09,,14060.0,right_only,,False
2019-05-12,,14122.1,right_only,,False
2019-05-13,,13905.73,right_only,,False
2019-05-14,,14024.15,right_only,,False
2019-05-15,,13809.46,right_only,,False
2019-05-16,,13659.73,right_only,,False
2019-05-19,,13520.82,right_only,,False
2019-05-20,,13379.46,right_only,,False
2019-05-21,,13614.21,right_only,,False
2019-05-22,,13664.23,right_only,,False
2019-05-23,,13776.85,right_only,,False
2019-05-26,,13981.88,right_only,,False
2019-05-27,,13960.47,right_only,,False
2019-05-28,,14028.0,right_only,,False
2019-05-29,,13974.13,right_only,,False
2019-05-30,,13771.31,right_only,,False
2019-06-02,,13690.72,right_only,,False
2019-06-03,,13787.8,right_only,,False
2019-06-09,,13911.66,right_only,,False
2019-06-10,,14148.88,right_only,,False
2019-06-11,,14206.18,right_only,,False
2019-06-12,,14158.11,right_only,,False
2019-06-13,,14180.53,right_only,,False
2019-06-16,,14210.09,right_only,,False
2019-06-17,,14241.21,right_only,,False
2019-06-18,,14202.86,right_only,,False
2019-06-19,,14132.18,right_only,,False
2019-06-20,,14043.42,right_only,,False
2019-06-23,,14017.34,right_only,,False
2019-06-24,,13867.47,right_only,,False
2019-06-25,,13831.23,right_only,,False
2019-06-26,,14006.99,right_only,,False
2019-06-27,,14100.74,right_only,,False
2019-07-02,,14136.58,right_only,,False
2019-07-03,,14137.22,right_only,,False
2019-07-04,,13997.4,right_only,,False
2019-07-07,,14013.04,right_only,,False
2019-07-08,,14043.33,right_only,,False
2019-07-09,,14097.43,right_only,,False
2019-07-10,,14013.26,right_only,,False
2019-07-11,,13813.56,right_only,,False
2019-07-14,,13672.13,right_only,,False
2019-07-15,,13627.89,right_only,,False
2019-07-16,,13721.82,right_only,,False
2019-07-17,,13641.94,right_only,,False
2019-07-18,,13670.27,right_only,,False
2019-07-21,,13576.26,right_only,,False
2019-07-22,,13684.57,right_only,,False
2019-07-24,,13617.89,right_only,,False
2019-07-25,,13510.06,right_only,,False
2019-07-28,,13460.0,right_only,,False
2019-07-29,,13421.91,right_only,,False
2019-07-30,,13364.63,right_only,,False
2019-07-31,,13392.47,right_only,,False
2019-08-01,,13525.93,right_only,,False
2019-08-04,,13616.26,right_only,,False
2019-08-05,,13598.66,right_only,,False
2019-08-06,,13655.91,right_only,,False
2019-08-07,,13880.57,right_only,,False
2019-08-08,,14180.44,right_only,,False
2019-08-14,,14540.56,right_only,,False
2019-08-15,,14295.13,right_only,,False
2019-08-18,,14399.7,right_only,,False
2019-08-19,,14304.37,right_only,,False
2019-08-20,,14428.08,right_only,,False
2019-08-21,,14357.18,right_only,,False
2019-08-22,,14333.16,right_only,,False
2019-08-25,,14340.51,right_only,,False
2019-08-26,,14291.03,right_only,,False
2019-08-27,,14283.5,right_only,,False
2019-08-28,,14595.51,right_only,,False
2019-08-29,,14835.36,right_only,,False
2019-09-01,,14931.66,right_only,,False
2019-09-02,,15110.23,right_only,,False
2019-09-03,,14999.58,right_only,,False
2019-09-04,,14841.38,right_only,,False
2019-09-05,,14933.18,right_only,,False
2019-09-08,,14931.11,right_only,,False
2019-09-09,,14887.78,right_only,,False
2019-09-10,,14956.36,right_only,,False
2019-09-11,,15014.82,right_only,,False
2019-09-12,,15110.37,right_only,,False
2019-09-15,,15023.23,right_only,,False
2019-09-16,,14970.24,right_only,,False
2019-09-17,,14752.45,right_only,,False
2019-09-18,,14745.1,right_only,,False
2019-09-19,,14742.07,right_only,,False
2019-09-22,,13958.11,right_only,,False
2019-09-23,,13753.19,right_only,,False
2019-09-24,,13170.2,right_only,,False
2019-09-25,,13594.61,right_only,,False
2019-09-26,,13857.12,right_only,,False
2019-09-29,,14315.79,right_only,,False
2019-09-30,,14257.75,right_only,,False
2019-10-01,,14496.84,right_only,,False
2019-10-02,,14381.15,right_only,,False
2019-10-03,,14217.81,right_only,,False
2019-10-07,,14431.72,right_only,,False
2019-10-08,,14348.57,right_only,,False
2019-10-09,,14182.7,right_only,,False
2019-10-10,,14302.27,right_only,,False
2019-10-13,,14220.47,right_only,,False
2019-10-14,,14180.76,right_only,,False
2019-10-15,,14060.82,right_only,,False
2019-10-16,,14209.23,right_only,,False
2019-10-17,,14205.86,right_only,,False
2019-10-20,,14239.45,right_only,,False
2019-10-21,,14178.51,right_only,,False
2019-10-22,,14201.32,right_only,,False
2019-10-23,,14126.51,right_only,,False
2019-10-24,,14206.67,right_only,,False
2019-10-27,,14237.39,right_only,,False
2019-10-28,,14301.09,right_only,,False
2019-10-29,,14465.47,right_only,,False
2019-10-30,,14477.79,right_only,,False
2019-10-31,,14558.02,right_only,,False
2019-11-03,,14622.75,right_only,,False
2019-11-04,,14625.78,right_only,,False
2019-11-05,,14789.61,right_only,,False
2019-11-06,,14709.79,right_only,,False
2019-11-07,,14795.87,right_only,,False
2019-11-11,,14769.95,right_only,,False
2019-11-12,,14669.98,right_only,,False
2019-11-13,,14607.69,right_only,,False
2019-11-14,,14545.54,right_only,,False
2019-11-17,,14556.32,right_only,,False
2019-11-18,,14378.59,right_only,,False
2019-11-19,,14313.46,right_only,,False
2019-11-20,,14224.38,right_only,,False
2019-11-21,,14094.58,right_only,,False
2019-11-24,,14050.16,right_only,,False
2019-11-25,,13974.14,right_only,,False
2019-11-26,,13781.96,right_only,,False
2019-11-27,,13759.7,right_only,,False
2019-11-28,,13849.46,right_only,,False
2019-12-01,,13780.63,right_only,,False
2019-12-02,,13537.8,right_only,,False
2019-12-03,,13469.6,right_only,,False
2019-12-04,,13635.52,right_only,,False
2019-12-05,,13622.13,right_only,,False
2019-12-08,,13493.69,right_only,,False
2019-12-09,,13442.52,right_only,,False
2019-12-10,,13509.02,right_only,,False
2019-12-11,,13427.22,right_only,,False
2019-12-12,,13358.47,right_only,,False
2019-12-15,,13433.54,right_only,,False
2019-12-16,,13404.42,right_only,,False
2019-12-17,,13627.19,right_only,,False
2019-12-18,,13793.99,right_only,,False
2019-12-19,,13837.19,right_only,,False
2019-12-22,,13892.65,right_only,,False
2019-12-23,,13902.43,right_only,,False
2019-12-24,,13805.43,right_only,,False
2019-12-25,,13747.68,right_only,,False
2019-12-26,,13884.95,right_only,,False
2019-12-29,,13812.98,right_only,,False
2019-12-30,,13937.26,right_only,,False
2019-12-31,,13961.56,right_only,,False
2020-01-02,,13899.54,right_only,,False
2020-01-05,,13283.66,right_only,,False
2020-01-06,,13212.66,right_only,,False
2020-01-08,,13542.48,right_only,,False
2020-01-09,,13729.81,right_only,,False
2020-01-12,,13802.57,right_only,,False
2020-01-13,,13698.64,right_only,,False
2020-01-14,,13756.64,right_only,,False
2020-01-15,,13769.64,right_only,,False
2020-01-16,,13824.16,right_only,,False
2020-01-19,,13918.18,right_only,,False
2020-01-20,,13773.73,right_only,,False
2020-01-21,,13639.72,right_only,,False
2020-01-22,,13752.11,right_only,,False
2020-01-23,,13728.09,right_only,,False
2020-01-26,,13721.45,right_only,,False
2020-01-27,,13639.69,right_only,,False
2020-01-28,,13620.58,right_only,,False
2020-01-29,,13762.84,right_only,,False
2020-01-30,,13918.84,right_only,,False
2020-02-02,,13888.89,right_only,,False
2020-02-03,,13878.33,right_only,,False
2020-02-04,,13915.05,right_only,,False
2020-02-05,,13987.16,right_only,,False
2020-02-06,,14105.86,right_only,,False
2020-02-09,,14108.24,right_only,,False
2020-02-10,,13979.36,right_only,,False
2020-02-11,,14009.32,right_only,,False
2020-02-12,,13845.16,right_only,,False
2020-02-13,,13859.45,right_only,,False
2020-02-16,,13737.4,right_only,,False
2020-02-17,,13800.25,right_only,,False
2020-02-18,,13636.93,right_only,,False
2020-02-19,,13694.99,right_only,,False
2020-02-20,,13720.65,right_only,,False
2020-02-23,,13688.05,right_only,,False
2020-02-24,,13441.86,right_only,,False
2020-02-25,,13328.26,right_only,,False
2020-02-26,,13200.66,right_only,,False
2020-02-27,,13008.94,right_only,,False
2020-03-01,,12222.59,right_only,,False
2020-03-02,,12289.87,right_only,,False
2020-03-03,,12419.52,right_only,,False
2020-03-04,,12182.46,right_only,,False
2020-03-05,,12347.65,right_only,,False
2020-03-08,,11849.39,right_only,,False
2020-03-09,,10983.48,right_only,,False
2020-03-10,,11199.96,right_only,,False
2020-03-11,,11194.12,right_only,,False
2020-03-15,,10148.34,right_only,,False
2020-03-16,,9428.94,right_only,,False
2020-03-17,,9201.65,right_only,,False
2020-03-18,,8756.7,right_only,,False
2020-03-19,,9205.58,right_only,,False
2020-03-22,,9750.66,right_only,,False
2020-03-23,,10047.44,right_only,,False
2020-03-24,,9770.48,right_only,,False
2020-03-25,,9865.67,right_only,,False
2020-03-26,,9912.98,right_only,,False
2020-03-29,,9760.18,right_only,,False
2020-03-30,,9521.43,right_only,,False
2020-03-31,,9593.94,right_only,,False
2020-04-01,,9424.89,right_only,,False
2020-04-02,,9455.38,right_only,,False
2020-04-05,,9272.88,right_only,,False
2020-04-06,,9446.99,right_only,,False
2020-04-07,,9840.62,right_only,,False
2020-04-08,,10095.57,right_only,,False
2020-04-09,,10321.97,right_only,,False
2020-04-12,,10237.47,right_only,,False
2020-04-13,,10353.72,right_only,,False
2020-04-14,,10458.16,right_only,,False
2020-04-15,,10342.13,right_only,,False
2020-04-16,,10154.64,right_only,,False
2020-04-21,,9874.94,right_only,,False
2020-04-22,,9801.33,right_only,,False
2020-04-23,,10120.46,right_only,,False
2020-04-26,,10377.24,right_only,,False
2020-04-27,,10376.0,right_only,,False
2020-04-28,,10415.12,right_only,,False
2020-04-29,,10545.26,right_only,,False
2020-04-30,,10554.04,right_only,,False
2020-05-03,,10199.85,right_only,,False
2020-05-04,,10081.96,right_only,,False
2020-05-05,,10188.31,right_only,,False
2020-05-06,,10293.95,right_only,,False
2020-05-07,,10176.73,right_only,,False
2020-05-10,,10257.75,right_only,,False
2020-05-11,,10296.33,right_only,,False
2020-05-12,,10588.36,right_only,,False
2020-05-13,,10396.28,right_only,,False
2020-05-14,,10287.21,right_only,,False
2020-05-17,,10357.44,right_only,,False
2020-05-18,,10278.93,right_only,,False
2020-05-19,,10357.24,right_only,,False
2020-05-20,,10205.4,right_only,,False
2020-05-21,,10109.91,right_only,,False
2020-05-31,,10220.14,right_only,,False
2020-06-01,,10227.38,right_only,,False
2020-06-02,,10338.71,right_only,,False
2020-06-03,,10424.1,right_only,,False
2020-06-04,,10621.14,right_only,,False
2020-06-07,,11108.62,right_only,,False
2020-06-08,,11146.53,right_only,,False
2020-06-09,,11063.04,right_only,,False
2020-06-10,,10933.58,right_only,,False
2020-06-11,,10831.92,right_only,,False
2020-06-14,,10731.17,right_only,,False
2020-06-15,,10668.42,right_only,,False
2020-06-16,,10935.32,right_only,,False
2020-06-17,,10905.75,right_only,,False
2020-06-18,,10857.87,right_only,,False
2020-06-21,,10823.91,right_only,,False
2020-06-22,,10742.36,right_only,,False
2020-06-23,,10764.82,right_only,,False
2020-06-24,,11039.54,right_only,,False
2020-06-25,,10890.48,right_only,,False
2020-06-28,,10848.65,right_only,,False
2020-06-29,,10750.1,right_only,,False
2020-06-30,,10764.59,right_only,,False
2020-07-05,,10959.35,right_only,,False
2020-07-06,,11087.64,right_only,,False
2020-07-07,,11050.2,right_only,,False
2020-07-08,,11127.85,right_only,,False
2020-07-09,,10957.02,right_only,,False
2020-07-12,,11071.96,right_only,,False
2020-07-13,,11007.85,right_only,,False
2020-07-14,,10873.53,right_only,,False
2020-07-15,,10617.42,right_only,,False
2020-07-16,,10441.2,right_only,,False
2020-07-19,,10281.16,right_only,,False
2020-07-20,,10380.45,right_only,,False
2020-07-21,,10558.35,right_only,,False
2020-07-22,,10459.92,right_only,,False
2020-07-26,,10524.45,right_only,,False
2020-07-27,,10575.47,right_only,,False
2020-07-28,,10568.84,right_only,,False
2020-07-29,,10599.46,right_only,,False
2020-08-04,,10620.1,right_only,,False
2020-08-05,,10704.33,right_only,,False
2020-08-06,,10817.29,right_only,,False
2020-08-09,,10962.52,right_only,,False
2020-08-10,,10938.23,right_only,,False
2020-08-11,,10919.47,right_only,,False
2020-08-12,,10922.33,right_only,,False
2020-08-13,,10944.18,right_only,,False
2020-08-16,,11120.26,right_only,,False
2020-08-17,,11142.77,right_only,,False
2020-08-18,,11077.11,right_only,,False
2020-08-19,,11160.05,right_only,,False
2020-08-23,,11391.08,right_only,,False
2020-08-24,,11433.76,right_only,,False
2020-08-25,,11461.62,right_only,,False
2020-08-26,,11453.78,right_only,,False
2020-08-27,,11462.45,right_only,,False
2020-08-30,,11434.81,right_only,,False
2020-08-31,,11365.99,right_only,,False
2020-09-01,,11233.94,right_only,,False
2020-09-02,,11214.22,right_only,,False
2020-09-03,,11180.81,right_only,,False
2020-09-06,,11073.02,right_only,,False
2020-09-07,,11136.03,right_only,,False
2020-09-08,,10951.29,right_only,,False
2020-09-09,,10929.89,right_only,,False
2020-09-10,,11070.84,right_only,,False
2020-09-13,,11091.67,right_only,,False
2020-09-14,,11034.38,right_only,,False
2020-09-15,,11028.06,right_only,,False
2020-09-16,,11088.2,right_only,,False
2020-09-17,,11050.89,right_only,,False
2020-09-20,,10969.32,right_only,,False
2020-09-21,,10910.37,right_only,,False
2020-09-22,,10963.01,right_only,,False
2020-09-23,,10979.44,right_only,,False
2020-09-24,,10911.44,right_only,,False
2020-09-27,,10902.22,right_only,,False
2020-09-28,,10969.94,right_only,,False
2020-09-29,,10987.19,right_only,,False
2020-09-30,,10989.27,right_only,,False
2020-10-01,,11051.3,right_only,,False
2020-10-04,,11071.46,right_only,,False
2020-10-05,,11007.69,right_only,,False
2020-10-06,,11146.18,right_only,,False
2020-10-07,,11326.98,right_only,,False
2020-10-11,,11360.37,right_only,,False
2020-10-12,,11397.65,right_only,,False
2020-10-13,,11291.81,right_only,,False
2020-10-14,,11333.91,right_only,,False
2020-10-15,,11322.71,right_only,,False
2020-10-18,,11185.15,right_only,,False
2020-10-19,,11171.36,right_only,,False
2020-10-20,,11157.62,right_only,,False
2020-10-21,,11101.63,right_only,,False
2020-10-22,,10987.43,right_only,,False
2020-10-25,,10602.98,right_only,,False
2020-10-26,,10511.94,right_only,,False
2020-10-27,,10559.71,right_only,,False
2020-10-28,,10515.25,right_only,,False
2020-11-01,,10456.33,right_only,,False
2020-11-02,,10429.34,right_only,,False
2020-11-03,,10512.16,right_only,,False
2020-11-04,,10556.89,right_only,,False
2020-11-05,,10629.29,right_only,,False
2020-11-08,,10680.27,right_only,,False
2020-11-09,,10838.66,right_only,,False
2020-11-10,,11077.25,right_only,,False
2020-11-11,,10997.65,right_only,,False
2020-11-12,,11017.28,right_only,,False
2020-11-15,,10953.13,right_only,,False
2020-11-16,,10991.61,right_only,,False
2020-11-17,,11063.98,right_only,,False
2020-11-18,,10989.72,right_only,,False
2020-11-19,,10898.67,right_only,,False
2020-11-22,,10858.26,right_only,,False
2020-11-23,,10885.11,right_only,,False
2020-11-24,,10997.35,right_only,,False
2020-11-25,,11068.44,right_only,,False
2020-11-26,,10980.96,right_only,,False
2020-11-29,,11009.27,right_only,,False
2020-11-30,,10943.35,right_only,,False
2020-12-01,,11040.78,right_only,,False
2020-12-02,,11023.34,right_only,,False
2020-12-03,,11015.01,right_only,,False
2020-12-06,,11024.84,right_only,,False
2020-12-07,,10995.13,right_only,,False
2020-12-08,,11019.08,right_only,,False
2020-12-09,,11018.09,right_only,,False
2020-12-10,,10987.39,right_only,,False
2020-12-13,,11003.77,right_only,,False
2020-12-14,,11047.97,right_only,,False
2020-12-15,,11057.62,right_only,,False
2020-12-16,,10983.03,right_only,,False
2020-12-17,,10844.58,right_only,,False
2020-12-20,,10890.3,right_only,,False
2020-12-21,,10581.76,right_only,,False
2020-12-22,,10655.91,right_only,,False
2020-12-23,,10677.51,right_only,,False
2020-12-24,,10683.86,right_only,,False
2020-12-27,,10585.56,right_only,,False
2020-12-28,,10658.55,right_only,,False
2020-12-29,,10736.88,right_only,,False
2020-12-30,,10867.76,right_only,,False
2020-12-31,,10845.26,right_only,,False
2021-01-03,,10845.03,right_only,,False
2021-01-04,,10813.78,right_only,,False
2021-01-05,,10829.96,right_only,,False
2021-01-06,,10952.14,right_only,,False
2021-01-10,,11213.48,right_only,,False
2021-01-11,,11278.72,right_only,,False
2021-01-12,,11339.75,right_only,,False
2021-01-13,,11388.9,right_only,,False
2021-01-14,,11453.43,right_only,,False
2021-01-17,,11446.53,right_only,,False
2021-01-18,,11450.54,right_only,,False
2021-01-19,,11485.8,right_only,,False
2021-01-20,,11598.9,right_only,,False
2021-01-21,,11654.58,right_only,,False
2021-01-24,,11525.25,right_only,,False
2021-01-25,,11509.63,right_only,,False
2021-01-26,,11527.34,right_only,,False
2021-01-27,,11578.84,right_only,,False
2021-01-31,,11546.15,right_only,,False
2021-02-01,,11589.34,right_only,,False
2021-02-02,,11637.55,right_only,,False
2021-02-03,,11619.14,right_only,,False
2021-02-04,,11598.85,right_only,,False
2021-02-07,,11602.78,right_only,,False
2021-02-08,,11523.06,right_only,,False
2021-02-09,,11447.73,right_only,,False
2021-02-10,,11545.03,right_only,,False
2021-02-11,,11546.32,right_only,,False
2021-02-14,,11506.72,right_only,,False
2021-02-15,,11526.77,right_only,,False
2021-02-16,,11534.05,right_only,,False
2021-02-17,,11413.17,right_only,,False
2021-02-18,,11380.55,right_only,,False
2021-02-21,,11425.85,right_only,,False
2021-02-22,,11549.97,right_only,,False
2021-02-23,,11416.74,right_only,,False
2021-02-24,,11435.43,right_only,,False
2021-02-25,,11617.91,right_only,,False
2021-02-28,,11525.02,right_only,,False
2021-03-01,,11521.38,right_only,,False
2021-03-02,,11471.39,right_only,,False
2021-03-03,,11393.25,right_only,,False
2021-03-04,,11333.86,right_only,,False
2021-03-07,,11557.85,right_only,,False
2021-03-08,,11459.51,right_only,,False
2021-03-09,,11337.46,right_only,,False
2021-03-10,,11235.6,right_only,,False
2021-03-11,,11261.35,right_only,,False
2021-03-14,,11289.57,right_only,,False
2021-03-15,,11222.33,right_only,,False
2021-03-16,,11190.8,right_only,,False
2021-03-17,,11068.37,right_only,,False
2021-03-18,,10918.4,right_only,,False
2021-03-21,,10802.29,right_only,,False
2021-03-22,,10537.22,right_only,,False
2021-03-23,,10471.36,right_only,,False
2021-03-24,,10702.18,right_only,,False
2021-03-25,,10870.46,right_only,,False
2021-03-28,,10867.69,right_only,,False
2021-03-29,,10738.42,right_only,,False
2021-03-30,,10739.69,right_only,,False
2021-03-31,,10568.37,right_only,,False
2021-04-01,,10564.88,right_only,,False
2021-04-04,,10417.15,right_only,,False
2021-04-05,,10256.92,right_only,,False
2021-04-06,,10263.22,right_only,,False
2021-04-07,,10227.67,right_only,,False
2021-04-08,,10303.55,right_only,,False
2021-04-11,,10393.13,right_only,,False
2021-04-12,,10450.09,right_only,,False
2021-04-13,,10305.81,right_only,,False
2021-04-14,,10115.51,right_only,,False
2021-04-15,,10143.21,right_only,,False
2021-04-18,,10358.26,right_only,,False
2021-04-19,,10441.0,right_only,,False
2021-04-20,,10620.05,right_only,,False
2021-04-21,,10642.49,right_only,,False
2021-04-22,,10600.07,right_only,,False
2021-04-25,,10604.28,right_only,,False
2021-04-26,,10525.84,right_only,,False
2021-04-27,,10591.42,right_only,,False
2021-04-28,,10475.26,right_only,,False
2021-05-04,,10465.59,right_only,,False
2021-05-05,,10512.84,right_only,,False
2021-05-06,,10588.09,right_only,,False
2021-05-09,,10643.63,right_only,,False
2021-05-10,,10686.03,right_only,,False
2021-05-11,,10767.84,right_only,,False
2021-05-17,,10674.67,right_only,,False
2021-05-18,,10780.9,right_only,,False
2021-05-19,,10806.23,right_only,,False
2021-05-20,,10731.96,right_only,,False
2021-05-23,,10812.06,right_only,,False
2021-05-24,,10760.95,right_only,,False
2021-05-25,,10531.83,right_only,,False
2021-05-26,,10369.57,right_only,,False
2021-05-27,,10242.3,right_only,,False
2021-05-30,,10301.58,right_only,,False
2021-05-31,,10309.06,right_only,,False
2021-06-01,,10240.21,right_only,,False
2021-06-02,,10120.95,right_only,,False
2021-06-03,,10054.81,right_only,,False
2021-06-06,,10122.44,right_only,,False
2021-06-07,,10105.04,right_only,,False
2021-06-08,,9963.91,right_only,,False
2021-06-09,,10042.18,right_only,,False
2021-06-10,,9977.9,right_only,,False
2021-06-13,,9887.19,right_only,,False
2021-06-14,,9933.35,right_only,,False
2021-06-15,,9891.18,right_only,,False
2021-06-16,,9880.49,right_only,,False
2021-06-17,,9865.59,right_only,,False
2021-06-20,,9797.91,right_only,,False
2021-06-21,,10061.58,right_only,,False
2021-06-22,,10206.24,right_only,,False
2021-06-23,,10272.72,right_only,,False
2021-06-24,,10278.86,right_only,,False
2021-06-27,,10305.02,right_only,,False
2021-06-28,,10273.92,right_only,,False
2021-06-29,,10123.06,right_only,,False
2021-06-30,,10256.62,right_only,,False
2021-07-04,,10345.66,right_only,,False
2021-07-05,,10348.29,right_only,,False
2021-07-06,,10154.79,right_only,,False
2021-07-07,,10277.25,right_only,,False
2021-07-08,,10184.8,right_only,,False
2021-07-11,,10153.47,right_only,,False
2021-07-12,,10233.7,right_only,,False
2021-07-13,,10431.99,right_only,,False
2021-07-14,,10602.41,right_only,,False
2021-07-15,,10561.28,right_only,,False
2021-07-18,,10646.85,right_only,,False
2021-07-25,,10745.69,right_only,,False
2021-07-26,,10697.32,right_only,,False
2021-07-27,,10763.26,right_only,,False
2021-07-28,,10769.22,right_only,,False
2021-07-29,,10742.23,right_only,,False
2021-08-01,,10810.21,right_only,,False
2021-08-02,,10821.88,right_only,,False
2021-08-03,,10726.33,right_only,,False
2021-08-04,,10718.89,right_only,,False
2021-08-05,,10723.18,right_only,,False
2021-08-08,,10738.67,right_only,,False
2021-08-09,,10800.39,right_only,,False
2021-08-10,,10853.83,right_only,,False
2021-08-11,,10884.5,right_only,,False
2021-08-15,,11029.56,right_only,,False
2021-08-16,,11046.15,right_only,,False
2021-08-17,,10937.69,right_only,,False
2021-08-18,,10907.96,right_only,,False
2021-08-19,,10808.7,right_only,,False
2021-08-22,,10690.79,right_only,,False
2021-08-23,,10884.29,right_only,,False
2021-08-24,,10950.24,right_only,,False
2021-08-25,,11064.43,right_only,,False
2021-08-26,,11125.55,right_only,,False
2021-08-29,,11113.74,right_only,,False
2021-08-30,,11163.23,right_only,,False
2021-08-31,,11143.8,right_only,,False
2021-09-01,,11283.7,right_only,,False
2021-09-02,,11301.36,right_only,,False
2021-09-05,,11095.89,right_only,,False
2021-09-06,,11064.17,right_only,,False
2021-09-07,,11089.8,right_only,,False
2021-09-08,,11135.48,right_only,,False
2021-09-09,,11056.27,right_only,,False
2021-09-12,,11036.93,right_only,,False
2021-09-13,,11140.22,right_only,,False
2021-09-14,,11187.82,right_only,,False
2021-09-15,,11149.36,right_only,,False
2021-09-16,,10996.76,right_only,,False
2021-09-19,,10889.65,right_only,,False
2021-09-20,,10710.56,right_only,,False
2021-09-21,,10498.52,right_only,,False
2021-09-22,,10596.06,right_only,,False
2021-09-23,,10642.02,right_only,,False
2021-09-26,,10649.76,right_only,,False
2021-09-27,,10496.0,right_only,,False
2021-09-28,,10446.78,right_only,,False
2021-09-29,,10391.14,right_only,,False
2021-09-30,,10517.03,right_only,,False
2021-10-03,,10366.44,right_only,,False
2021-10-04,,10427.44,right_only,,False
2021-10-05,,10432.63,right_only,,False
2021-10-06,,10536.39,right_only,,False
2021-10-10,,10662.96,right_only,,False
2021-10-11,,10714.78,right_only,,False
2021-10-12,,10783.92,right_only,,False
2021-10-13,,10881.4,right_only,,False
2021-10-14,,10995.59,right_only,,False
2021-10-17,,11155.57,right_only,,False
2021-10-18,,11276.17,right_only,,False
2021-10-19,,11195.05,right_only,,False
2021-10-20,3.4600000381469727,11132.07,both,-11128.61,False
2021-10-24,3.559999942779541,11185.88,both,-11182.32,False
2021-10-25,3.470000028610229,11178.0,both,-11174.53,False
2021-10-26,3.650000095367432,11256.54,both,-11252.89,False
2021-10-27,3.5899999141693115,11364.2,both,-11360.61,False
2021-10-28,3.700000047683716,11506.63,both,-11502.93,False
2021-10-31,3.7200000286102295,11420.19,both,-11416.47,False
2021-11-01,3.7200000286102295,11568.27,both,-11564.55,False
2021-11-02,3.7300000190734863,11676.38,both,-11672.65,False
2021-11-03,3.869999885559082,11685.12,both,-11681.25,False
2021-11-04,3.75,11612.84,both,-11609.09,False
2021-11-07,3.75,11555.58,both,-11551.83,False
2021-11-08,3.75,11497.51,both,-11493.76,False
2021-11-09,3.75,11588.42,both,-11584.67,False
2021-11-10,3.609999895095825,11480.5,both,-11476.89,False
2021-11-11,3.819999933242798,11573.14,both,-11569.32,False
2021-11-14,4.110000133514404,11662.99,both,-11658.88,False
2021-11-15,4.039999961853027,11496.63,both,-11492.59,False
2021-11-16,3.900000095367432,11413.21,both,-11409.31,False
2021-11-17,3.900000095367432,11453.3,both,-11449.4,False
2021-11-18,3.900000095367432,11337.99,both,-11334.09,False
2021-11-21,3.819999933242798,11273.11,both,-11269.29,False
2021-11-22,3.819999933242798,11359.03,both,-11355.21,False
2021-11-23,3.819999933242798,11369.22,both,-11365.4,False
2021-11-24,3.799999952316284,11352.64,both,-11348.84,False
2021-11-25,3.799999952316284,11431.24,both,-11427.44,False
2021-11-28,3.799999952316284,11277.83,both,-11274.03,False
2021-11-29,3.819999933242798,11212.3,both,-11208.48,False
2021-11-30,3.819999933242798,11395.6,both,-11391.78,False
2021-12-01,3.819999933242798,11420.0,both,-11416.18,False
2021-12-02,3.910000085830689,11318.35,both,-11314.44,False
2021-12-05,4.03000020980835,11401.33,both,-11397.3,False
2021-12-06,3.9700000286102295,11514.87,both,-11510.9,False
2021-12-07,3.809999942779541,11538.26,both,-11534.45,False
2021-12-08,3.809999942779541,11451.14,both,-11447.33,False
2021-12-09,3.809999942779541,11534.63,both,-11530.82,False
2021-12-12,3.809999942779541,11708.05,both,-11704.24,False
2021-12-13,4.010000228881836,11700.4,both,-11696.39,False
2021-12-14,4.03000020980835,11618.01,both,-11613.98,False
2021-12-15,4.050000190734863,11622.1,both,-11618.05,False
2021-12-16,4.190000057220459,11667.73,both,-11663.54,False
2021-12-19,4.190000057220459,11565.72,both,-11561.53,False
2021-12-20,4.239999771118164,11482.43,both,-11478.19,False
2021-12-21,4.320000171661377,11524.66,both,-11520.34,False
2021-12-22,4.300000190734863,11630.63,both,-11626.33,False
2021-12-23,4.289999961853027,11755.46,both,-11751.17,False
2021-12-26,4.269999980926514,11856.21,both,-11851.94,False
2021-12-27,4.300000190734863,11849.79,both,-11845.49,False
2021-12-28,4.25,11913.44,both,-11909.19,False
2021-12-29,4.300000190734863,11898.42,both,-11894.12,False
2021-12-30,4.519999980926514,11949.18,both,-11944.66,False
2022-01-02,4.519999980926514,11909.72,both,-11905.2,False
2022-01-03,4.579999923706055,11897.4,both,-11892.82,False
2022-01-04,4.590000152587891,11982.61,both,-11978.02,False
2022-01-05,4.639999866485596,12043.42,both,-12038.78,False
2022-01-09,4.639999866485596,11978.56,both,-11973.92,False
2022-01-10,4.639999866485596,12022.69,both,-12018.05,False
2022-01-11,4.53000020980835,12002.08,both,-11997.55,False
2022-01-12,4.53000020980835,12060.0,both,-12055.47,False
2022-01-13,4.53000020980835,12012.31,both,-12007.78,False
2022-01-16,4.25,11830.94,both,-11826.69,False
2022-01-17,4.25,11859.12,both,-11854.87,False
2022-01-18,4.25,11876.44,both,-11872.19,False
2022-01-19,4.25,11715.01,both,-11710.76,False
2022-01-20,4.25,11731.71,both,-11727.46,False
2022-01-23,4.25,11655.72,both,-11651.47,False
2022-01-24,4.25,11616.13,both,-11611.88,False
2022-01-25,4.25,11542.43,both,-11538.18,False
2022-01-26,4.25,11499.85,both,-11495.6,False
2022-01-30,4.25,11457.46,both,-11453.21,False
2022-01-31,4.25,11490.45,both,-11486.2,False
2022-02-01,4.25,11603.33,both,-11599.08,False
2022-02-02,4.320000171661377,11691.82,both,-11687.5,False
2022-02-03,4.320000171661377,11638.06,both,-11633.74,False
2022-02-06,4.559999942779541,11689.55,both,-11684.99,False
2022-02-07,4.510000228881836,11548.61,both,-11544.1,False
2022-02-08,4.510000228881836,11527.9,both,-11523.39,False
2022-02-09,4.510000228881836,11596.29,both,-11591.78,False
2022-02-10,4.5,11578.54,both,-11574.04,False
2022-02-13,4.440000057220459,11438.12,both,-11433.68,False
2022-02-14,4.440000057220459,11403.34,both,-11398.9,False
2022-02-15,4.440000057220459,11563.38,both,-11558.94,False
2022-02-16,4.440000057220459,11568.14,both,-11563.7,False
2022-02-17,4.440000057220459,11535.02,both,-11530.58,False
2022-02-20,4.440000057220459,11371.21,both,-11366.77,False
2022-02-21,4.440000057220459,11501.92,both,-11497.48,False
2022-02-22,4.440000057220459,11302.49,both,-11298.05,False
2022-02-23,4.440000057220459,11301.08,both,-11296.64,False
2022-02-24,4.300000190734863,10890.88,both,-10886.58,False
2022-02-27,4.300000190734863,11174.09,both,-11169.79,False
2022-02-28,4.199999809265137,11138.86,both,-11134.66,False
2022-03-01,4.300000190734863,11275.78,both,-11271.48,False
2022-03-02,4.300000190734863,11189.29,both,-11184.99,False
2022-03-03,4.300000190734863,11305.55,both,-11301.25,False
2022-03-06,4.300000190734863,11094.66,both,-11090.36,False
2022-03-07,4.300000190734863,10701.14,both,-10696.84,False
2022-03-08,4.300000190734863,10396.83,both,-10392.53,False
2022-03-09,4.300000190734863,10415.73,both,-10411.43,False
2022-03-10,4.25,10453.59,both,-10449.34,False
2022-03-13,4.25,10480.67,both,-10476.42,False
2022-03-14,4.079999923706055,10419.56,both,-10415.48,False
2022-03-15,4.079999923706055,10423.09,both,-10419.01,False
2022-03-16,4.25,10705.6,both,-10701.35,False
2022-03-17,4.25,10726.44,both,-10722.19,False
2022-03-20,4.25,10973.72,both,-10969.47,False
2022-03-21,4.300000190734863,11511.15,both,-11506.85,False
2022-03-22,4.25,11663.32,both,-11659.07,False
2022-03-23,4.300000190734863,11743.91,both,-11739.61,False
2022-03-24,4.300000190734863,11709.16,both,-11704.86,False
2022-03-27,4.309999942779541,11545.61,both,-11541.3,False
2022-03-28,4.309999942779541,11240.79,both,-11236.48,False
2022-03-29,4.309999942779541,11393.54,both,-11389.23,False
2022-03-30,4.309999942779541,11239.21,both,-11234.9,False
2022-03-31,4.309999942779541,11238.48,both,-11234.17,False
2022-04-03,4.309999942779541,11562.21,both,-11557.9,False
2022-04-04,4.309999942779541,11529.18,both,-11524.87,False
2022-04-05,4.199999809265137,11380.85,both,-11376.65,False
2022-04-06,4.199999809265137,11347.96,both,-11343.76,False
2022-04-07,4.199999809265137,11101.94,both,-11097.74,False
2022-04-10,3.930000066757202,10897.61,both,-10893.68,False
2022-04-11,3.930000066757202,10728.66,both,-10724.73,False
2022-04-12,3.930000066757202,10898.69,both,-10894.76,False
2022-04-13,3.930000066757202,10847.46,both,-10843.53,False
2022-04-14,3.930000066757202,10679.55,both,-10675.62,False
2022-04-17,3.930000066757202,10707.93,both,-10704.0,False
2022-04-18,3.930000066757202,10724.8,both,-10720.87,False
2022-04-19,3.930000066757202,10626.81,both,-10622.88,False
2022-04-20,3.930000066757202,10444.76,both,-10440.83,False
2022-04-21,3.930000066757202,10548.14,both,-10544.21,False
2022-04-26,3.930000066757202,10682.08,both,-10678.15,False
2022-04-27,3.930000066757202,10718.22,both,-10714.29,False
2022-04-28,3.930000066757202,11047.7,both,-11043.77,False
2022-05-08,3.930000066757202,11109.22,both,-11105.29,False
2022-05-09,3.930000066757202,10906.72,both,-10902.79,False
2022-05-10,3.930000066757202,10811.45,both,-10807.52,False
2022-05-11,3.930000066757202,10855.93,both,-10852.0,False
2022-05-12,3.930000066757202,10678.98,both,-10675.05,False
2022-05-15,3.930000066757202,10534.22,both,-10530.29,False
2022-05-16,3.930000066757202,10461.88,both,-10457.95,False
2022-05-17,3.930000066757202,10438.95,both,-10435.02,False
2022-05-18,3.930000066757202,10467.63,both,-10463.7,False
2022-05-19,3.930000066757202,10549.97,both,-10546.04,False
2022-05-22,3.930000066757202,10462.74,both,-10458.81,False
2022-05-23,3.930000066757202,10514.95,both,-10511.02,False
2022-05-24,3.930000066757202,10415.54,both,-10411.61,False
2022-05-25,3.299999952316284,10247.43,both,-10244.13,False
2022-05-26,3.299999952316284,10200.56,both,-10197.26,False
2022-05-29,3.299999952316284,10086.72,both,-10083.42,False
2022-05-30,3.299999952316284,10109.36,both,-10106.06,False
2022-05-31,3.299999952316284,10150.05,both,-10146.75,False
2022-06-01,3.299999952316284,10083.98,both,-10080.68,False
2022-06-02,3.299999952316284,10007.51,both,-10004.21,False
2022-06-05,3.299999952316284,9986.0,both,-9982.7,False
2022-06-06,3.2799999713897705,9984.92,both,-9981.64,False
2022-06-07,3.2799999713897705,10048.36,both,-10045.08,False
2022-06-08,3.5299999713897705,10236.06,both,-10232.53,False
2022-06-09,3.5299999713897705,10235.43,both,-10231.9,False
2022-06-12,3.5299999713897705,10097.55,both,-10094.02,False
2022-06-13,3.5299999713897705,10014.85,both,-10011.32,False
2022-06-14,3.5299999713897705,9981.22,both,-9977.69,False
2022-06-15,3.5299999713897705,9969.97,both,-9966.44,False
2022-06-16,3.5299999713897705,9866.75,both,-9863.22,False
2022-06-19,3.5299999713897705,9728.19,both,-9724.66,False
2022-06-20,3.5299999713897705,9680.18,both,-9676.65,False
2022-06-21,3.5299999713897705,9697.88,both,-9694.35,False
2022-06-22,3.5299999713897705,9612.9,both,-9609.37,False
2022-06-23,3.5299999713897705,9439.85,both,-9436.32,False
2022-06-26,3.5299999713897705,9443.75,both,-9440.22,False
2022-06-27,3.2100000381469727,9255.43,both,-9252.22,False
2022-06-28,3.2100000381469727,9179.63,both,-9176.42,False
2022-06-29,3.2100000381469727,9225.61,both,-9222.4,False
2022-07-03,3.180000066757202,9008.89,both,-9005.71,False
2022-07-04,3.180000066757202,8685.74,both,-8682.56,False
2022-07-05,3.2300000190734863,8657.5,both,-8654.27,False
2022-07-06,3.289999961853028,8670.12,both,-8666.83,False
2022-07-07,3.289999961853028,8764.25,both,-8760.96,False
2022-07-17,3.289999961853028,8772.93,both,-8769.64,False
2022-07-18,3.289999961853028,8867.94,both,-8864.65,False
2022-07-19,3.289999961853028,9033.53,both,-9030.24,False
2022-07-20,3.289999961853028,9112.72,both,-9109.43,False
2022-07-21,3.289999961853028,9289.81,both,-9286.52,False
2022-07-24,3.289999961853028,9276.28,both,-9272.99,False
2022-07-25,3.289999961853028,9237.7,both,-9234.41,False
2022-07-26,3.440000057220459,9350.42,both,-9346.98,False
2022-07-27,3.799999952316284,9287.92,both,-9284.12,False
2022-07-28,4.0,9369.32,both,-9365.32,False
2022-07-31,4.0,9467.08,both,-9463.08,False
2022-08-01,4.0,9423.1,both,-9419.1,False
2022-08-02,4.0,9442.02,both,-9438.02,False
2022-08-03,4.0,9539.43,both,-9535.43,False
2022-08-04,4.0,10043.23,both,-10039.23,False
2022-08-07,4.0,10123.81,both,-10119.81,False
2022-08-08,4.0,10047.71,both,-10043.71,False
2022-08-09,4.0,9968.88,both,-9964.88,False
2022-08-10,4.0,9965.46,both,-9961.46,False
2022-08-11,3.930000066757202,9988.84,both,-9984.91,False
2022-08-14,4.0,9984.44,both,-9980.44,False
2022-08-15,4.25,9914.71,both,-9910.46,False
2022-08-16,4.25,9843.17,both,-9838.92,False
2022-08-17,4.300000190734863,10058.12,both,-10053.82,False
2022-08-18,4.300000190734863,10094.16,both,-10089.86,False
2022-08-21,4.300000190734863,10339.58,both,-10335.28,False
2022-08-22,4.389999866485596,10246.24,both,-10241.85,False
2022-08-23,4.389999866485596,10137.89,both,-10133.5,False
2022-08-24,4.389999866485596,10105.24,both,-10100.85,False
2022-08-25,4.300000190734863,10287.27,both,-10282.97,False
2022-08-28,5.0,10178.15,both,-10173.15,False
2022-08-29,4.980000019073486,10122.32,both,-10117.34,False
2022-08-30,4.989999771118164,10132.15,both,-10127.16,False
2022-08-31,5.0,9998.61,both,-9993.61,False
2022-09-01,5.0,9936.87,both,-9931.87,False
2022-09-04,5.0,9996.74,both,-9991.74,False
2022-09-05,5.0,10177.64,both,-10172.64,False
2022-09-06,5.019999980926514,10329.66,both,-10324.64,False
2022-09-07,5.010000228881836,10232.29,both,-10227.28,False
2022-09-08,5.21999979019165,10265.35,both,-10260.13,False
2022-09-11,5.21999979019165,10356.31,both,-10351.09,False
2022-09-12,5.21999979019165,10434.1,both,-10428.88,False
2022-09-13,5.21999979019165,10397.12,both,-10391.9,False
2022-09-14,5.21999979019165,10193.79,both,-10188.57,False
2022-09-15,5.21999979019165,10079.02,both,-10073.8,False
2022-09-18,5.21999979019165,9763.19,both,-9757.97,False
2022-09-19,5.21999979019165,9854.21,both,-9848.99,False
2022-09-20,5.21999979019165,10010.53,both,-10005.31,False
2022-09-21,5.21999979019165,9955.85,both,-9950.63,False
2022-09-22,5.21999979019165,9933.05,both,-9927.83,False
2022-09-25,5.21999979019165,9895.04,both,-9889.82,False
2022-09-26,5.21999979019165,9827.8,both,-9822.58,False
2022-09-27,5.21999979019165,9817.37,both,-9812.15,False
2022-09-28,5.21999979019165,9702.19,both,-9696.97,False
2022-09-29,5.21999979019165,9827.46,both,-9822.24,False
2022-10-02,5.21999979019165,9687.36,both,-9682.14,False
2022-10-03,5.21999979019165,9685.85,both,-9680.63,False
2022-10-04,5.21999979019165,9923.81,both,-9918.59,False
2022-10-05,5.21999979019165,10010.78,both,-10005.56,False
2022-10-09,5.21999979019165,9940.86,both,-9935.64,False
2022-10-10,5.21999979019165,9948.53,both,-9943.31,False
2022-10-11,5.21999979019165,9867.23,both,-9862.01,False
2022-10-12,5.21999979019165,9800.64,both,-9795.42,False
2022-10-13,5.21999979019165,9853.74,both,-9848.52,False
2022-10-16,5.21999979019165,10048.88,both,-10043.66,False
2022-10-17,5.21999979019165,10148.4,both,-10143.18,False
2022-10-18,5.21999979019165,10163.56,both,-10158.34,False
2022-10-19,4.590000152587891,10156.34,both,-10151.75,False
2022-10-20,4.590000152587891,10273.53,both,-10268.94,False
2022-10-23,4.590000152587891,10258.24,both,-10253.65,False
2022-10-24,4.590000152587891,10320.88,both,-10316.29,False
2022-10-25,4.639999866485596,10475.02,both,-10470.38,False
2022-10-26,4.639999866485596,10553.2,both,-10548.56,False
2022-10-27,4.980000019073486,11072.02,both,-11067.04,False
2022-10-30,5.0,11100.67,both,-11095.67,False
2022-10-31,5.03000020980835,11372.79,both,-11367.76,False
2022-11-01,5.0,11432.79,both,-11427.79,False
2022-11-02,5.0,11242.07,both,-11237.07,False
2022-11-03,5.0,11262.4,both,-11257.4,False
2022-11-06,5.099999904632568,11179.2,both,-11174.1,False
2022-11-07,5.409999847412109,11443.71,both,-11438.3,False
2022-11-08,5.349999904632568,11268.04,both,-11262.69,False
2022-11-09,5.349999904632568,11781.58,both,-11776.23,False
2022-11-10,5.389999866485596,11756.56,both,-11751.17,False
2022-11-13,5.389999866485596,11980.62,both,-11975.23,False
2022-11-14,5.389999866485596,12136.37,both,-12130.98,False
2022-11-15,5.389999866485596,12137.0,both,-12131.61,False
2022-11-16,5.389999866485596,12341.2,both,-12335.81,False
2022-11-17,5.599999904632568,12515.71,both,-12510.11,False
2022-11-20,5.769999980926514,12523.84,both,-12518.07,False
2022-11-21,5.75,12449.9,both,-12444.15,False
2022-11-22,5.75,12622.34,both,-12616.59,False
2022-11-23,5.75,12600.09,both,-12594.34,False
2022-11-24,5.75,12779.44,both,-12773.69,False
2022-11-27,5.900000095367432,13009.48,both,-13003.58,False
2022-11-28,5.900000095367432,12917.22,both,-12911.32,False
2022-11-29,6.0,13184.26,both,-13178.26,False
2022-11-30,6.0,13259.26,both,-13253.26,False
2022-12-01,6.0,13639.73,both,-13633.73,False
2022-12-04,6.0,14078.53,both,-14072.53,False
2022-12-05,6.0,14327.77,both,-14321.77,False
2022-12-06,6.0,14498.29,both,-14492.29,False
2022-12-07,6.0,14787.05,both,-14781.05,False
2022-12-08,6.0,14838.31,both,-14832.31,False
2022-12-11,6.0,14587.7,both,-14581.7,False
2022-12-12,6.0,14723.71,both,-14717.71,False
2022-12-13,6.0,15150.31,both,-15144.31,False
2022-12-14,6.0,15378.28,both,-15372.28,False
2022-12-15,6.0,15141.55,both,-15135.55,False
2022-12-18,6.190000057220459,14843.05,both,-14836.86,False
2022-12-19,6.199999809265137,14738.6,both,-14732.4,False
2022-12-20,6.199999809265137,14523.26,both,-14517.06,False
2022-12-21,6.150000095367432,14541.98,both,-14535.83,False
2022-12-22,6.409999847412109,14482.93,both,-14476.52,False
2022-12-25,6.840000152587891,14385.3,both,-14378.46,False
2022-12-26,6.829999923706055,14560.41,both,-14553.58,False
2022-12-27,6.809999942779541,14485.18,both,-14478.37,False
2022-12-28,6.75,14578.21,both,-14571.46,False
2022-12-29,6.860000133514404,14598.53,both,-14591.67,False
2023-01-02,7.349999904632568,14960.66,both,-14953.31,False
2023-01-03,7.539999961853027,15068.13,both,-15060.59,False
2023-01-04,7.480000019073486,15557.46,both,-15549.98,False
2023-01-05,7.429999828338623,16002.18,both,-15994.75,False
2023-01-09,7.610000133514404,16096.87,both,-16089.26,False
2023-01-10,6.840000152587891,15462.57,both,-15455.73,False
2023-01-11,6.340000152587891,15528.1,both,-15521.76,False
2023-01-12,6.5,15551.47,both,-15544.97,False
2023-01-15,6.489999771118164,15561.25,both,-15554.76,False
2023-01-16,6.440000057220459,15837.91,both,-15831.47,False
2023-01-17,6.610000133514404,15981.88,both,-15975.27,False
2023-01-18,6.420000076293945,15987.15,both,-15980.73,False
2023-01-19,6.420000076293945,16065.98,both,-16059.56,False
2023-01-22,6.420000076293945,16118.85,both,-16112.43,False
2023-01-23,6.400000095367432,16183.49,both,-16177.09,False
2023-01-24,6.269999980926514,16440.53,both,-16434.26,False
2023-01-25,6.269999980926514,16791.11,both,-16784.84,False
2023-01-29,6.5,17411.46,both,-17404.96,False
2023-01-30,6.800000190734863,17026.64,both,-17019.84,False
2023-01-31,6.480000019073486,16446.38,both,-16439.9,False
2023-02-01,6.480000019073486,16407.79,both,-16401.31,False
2023-02-02,6.480000019073486,16255.73,both,-16249.25,False
2023-02-05,6.5,16265.92,both,-16259.42,False
2023-02-06,6.610000133514404,16587.06,both,-16580.45,False
2023-02-07,6.679999828338623,16900.43,both,-16893.75,False
2023-02-08,6.699999809265137,16948.08,both,-16941.38,False
2023-02-09,6.699999809265137,17613.78,both,-17607.08,False
2023-02-12,6.699999809265137,17287.09,both,-17280.39,False
2023-02-13,6.699999809265137,17214.56,both,-17207.86,False
2023-02-14,6.75,17430.98,both,-17424.23,False
2023-02-15,6.75,17522.56,both,-17515.81,False
2023-02-16,6.710000038146973,17488.87,both,-17482.16,False
2023-02-19,6.710000038146973,17326.61,both,-17319.9,False
2023-02-20,6.71999979019165,16814.0,both,-16807.28,False
2023-02-21,6.800000190734863,17039.45,both,-17032.65,False
2023-02-22,6.800000190734863,16777.2,both,-16770.4,False
2023-02-23,6.909999847412109,17003.9,both,-16996.99,False
2023-02-26,8.109999656677246,17213.01,both,-17204.9,False
2023-02-27,7.960000038146973,17098.16,both,-17090.2,False
2023-02-28,8.069999694824219,17002.08,both,-16994.01,False
2023-03-01,8.069999694824219,17123.01,both,-17114.94,False
2023-03-02,8.069999694824219,16846.79,both,-16838.72,False
2023-03-05,8.069999694824219,16827.65,both,-16819.58,False
2023-03-06,7.75,16803.89,both,-16796.14,False
2023-03-07,7.75,16432.56,both,-16424.81,False
2023-03-08,7.75,16315.62,both,-16307.87,False
2023-03-09,7.75,16454.31,both,-16446.56,False
2023-03-12,7.75,15936.89,both,-15929.14,False
2023-03-13,7.349999904632568,15438.5,both,-15431.15,False
2023-03-14,7.349999904632568,15362.25,both,-15354.9,False
2023-03-15,6.980000019073486,14724.44,both,-14717.46,False
2023-03-16,6.980000019073486,14704.18,both,-14697.2,False
2023-03-19,6.610000133514404,14681.12,both,-14674.51,False
2023-03-20,7.0,14923.81,both,-14916.81,False
2023-03-21,7.110000133514404,15325.66,both,-15318.55,False
2023-03-22,7.110000133514404,15253.22,both,-15246.11,False
2023-03-23,7.300000190734863,15625.08,both,-15617.78,False
2023-03-26,7.610000133514404,15989.18,both,-15981.57,False
2023-03-27,7.800000190734863,15950.09,both,-15942.29,False
2023-03-28,7.900000095367432,15906.42,both,-15898.52,False
2023-03-29,7.900000095367432,16411.37,both,-16403.47,False
2023-03-30,7.71999979019165,16418.53,both,-16410.81,False
2023-04-02,7.71999979019165,16694.46,both,-16686.74,False
2023-04-03,7.71999979019165,17056.89,both,-17049.17,False
2023-04-04,7.71999979019165,16998.35,both,-16990.63,False
2023-04-05,7.71999979019165,17019.25,both,-17011.53,False
2023-04-06,7.699999809265137,16709.28,both,-16701.58,False
2023-04-09,7.699999809265137,16674.87,both,-16667.17,False
2023-04-10,7.699999809265137,16774.64,both,-16766.94,False
2023-04-11,7.75,17011.68,both,-17003.93,False
2023-04-12,8.109999656677246,16741.45,both,-16733.34,False
2023-04-13,8.220000267028809,17671.27,both,-17663.05,False
2023-04-18,8.0,17538.97,both,-17530.97,False
2023-04-19,7.869999885559082,17516.04,both,-17508.17,False
2023-04-26,7.920000076293945,17452.22,both,-17444.3,False
2023-04-27,8.210000038146973,17796.91,both,-17788.7,False
2023-04-30,8.539999961853027,17667.74,both,-17659.2,False
2023-05-01,8.539999961853027,17310.83,both,-17302.29,False
2023-05-02,8.460000038146973,17300.56,both,-17292.1,False
2023-05-03,8.460000038146973,17295.27,both,-17286.81,False
2023-05-07,8.460000038146973,17235.31,both,-17226.85,False
2023-05-08,8.149999618530273,17642.97,both,-17634.82,False
2023-05-09,8.149999618530273,17326.27,both,-17318.12,False
2023-05-10,8.149999618530273,17494.73,both,-17486.58,False
2023-05-11,8.050000190734863,17270.69,both,-17262.64,False
2023-05-14,8.039999961853027,17369.13,both,-17361.09,False
2023-05-15,8.039999961853027,17135.55,both,-17127.51,False
2023-05-16,8.039999961853027,17033.99,both,-17025.95,False
2023-05-17,8.039999961853027,16844.01,both,-16835.97,False
2023-05-18,8.039999961853027,16745.54,both,-16737.5,False
2023-05-21,8.039999961853027,16860.88,both,-16852.84,False
2023-05-22,7.510000228881836,16764.41,both,-16756.9,False
2023-05-23,7.5,16787.71,both,-16780.21,False
2023-05-24,7.550000190734863,17090.56,both,-17083.01,False
2023-05-25,7.980000019073486,17043.62,both,-17035.64,False
2023-05-28,7.980000019073486,17131.45,both,-17123.47,False
2023-05-29,7.929999828338623,17211.84,both,-17203.91,False
2023-05-30,7.989999771118164,17534.59,both,-17526.6,False
2023-05-31,7.980000019073486,17495.77,both,-17487.79,False
2023-06-01,7.989999771118164,17533.31,both,-17525.32,False
2023-06-04,7.880000114440918,17455.48,both,-17447.6,False
2023-06-05,7.880000114440918,17345.9,both,-17338.02,False
2023-06-06,7.880000114440918,17491.18,both,-17483.3,False
2023-06-07,7.880000114440918,17347.57,both,-17339.69,False
2023-06-08,7.880000114440918,17521.36,both,-17513.48,False
2023-06-11,7.880000114440918,17739.63,both,-17731.75,False
2023-06-12,7.880000114440918,17704.58,both,-17696.7,False
2023-06-13,7.5,17866.81,both,-17859.31,False
2023-06-14,7.260000228881836,17873.28,both,-17866.02,False
2023-06-15,7.230000019073486,17881.52,both,-17874.29,False
2023-06-18,7.380000114440918,18026.17,both,-18018.79,False
2023-06-19,7.489999771118164,17988.95,both,-17981.46,False
2023-06-20,7.699999809265137,17921.92,both,-17914.22,False
2023-06-21,7.710000038146973,17706.08,both,-17698.37,False
2023-06-22,8.0,17712.93,both,-17704.93,False
2023-06-25,7.949999809265137,17287.64,both,-17279.69,False
2023-06-26,8.5,17665.29,both,-17656.79,False
2023-07-04,8.300000190734863,17466.18,both,-17457.88,False
2023-07-05,8.300000190734863,17380.33,both,-17372.03,False
2023-07-06,7.880000114440918,17102.3,both,-17094.42,False
2023-07-09,7.880000114440918,16555.12,both,-16547.24,False
2023-07-10,7.880000114440918,16963.13,both,-16955.25,False
2023-07-11,7.880000114440918,17155.23,both,-17147.35,False
2023-07-12,7.880000114440918,17144.22,both,-17136.34,False
2023-07-13,7.949999809265137,17342.29,both,-17334.34,False
2023-07-16,8.029999732971191,17343.13,both,-17335.1,False
2023-07-17,7.880000114440918,17512.01,both,-17504.13,False
2023-07-18,7.710000038146973,17608.32,both,-17600.61,False
2023-07-19,7.710000038146973,17578.67,both,-17570.96,False
2023-07-24,7.670000076293945,17550.23,both,-17542.56,False
2023-07-25,7.409999847412109,17479.94,both,-17472.53,False
2023-07-26,7.170000076293945,17396.24,both,-17389.07,False
2023-07-27,7.21999979019165,17339.06,both,-17331.84,False
2023-07-30,7.199999809265137,17554.56,both,-17547.36,False
2023-07-31,7.099999904632568,17595.92,both,-17588.82,False
2023-08-01,7.260000228881836,17514.11,both,-17506.85,False
2023-08-02,7.0,17455.6,both,-17448.6,False
2023-08-03,7.0,17451.44,both,-17444.44,False
2023-08-06,7.150000095367432,17697.49,both,-17690.34,False
2023-08-07,7.25,17839.48,both,-17832.23,False
2023-08-08,7.099999904632568,17748.89,both,-17741.79,False
2023-08-09,7.119999885559082,17763.63,both,-17756.51,False
2023-08-10,7.090000152587891,17710.2,both,-17703.11,False
2023-08-13,7.099999904632568,17856.07,both,-17848.97,False
2023-08-14,7.150000095367432,17897.5,both,-17890.35,False
2023-08-15,7.090000152587891,17965.32,both,-17958.23,False
2023-08-16,7.110000133514404,18062.5,both,-18055.39,False
2023-08-17,7.03000020980835,17969.27,both,-17962.24,False
2023-08-20,7.230000019073486,18033.22,both,-18025.99,False
2023-08-21,7.159999847412109,17920.48,both,-17913.32,False
2023-08-22,7.130000114440918,18216.63,both,-18209.5,False
2023-08-23,7.099999904632568,18133.42,both,-18126.32,False
2023-08-24,7.389999866485596,18207.82,both,-18200.43,False
2023-08-27,7.46999979019165,18516.59,both,-18509.12,False
2023-08-28,7.429999828338623,18584.84,both,-18577.41,False
2023-08-29,7.349999904632568,18629.34,both,-18621.99,False
2023-08-30,7.539999961853027,18818.15,both,-18810.61,False
2023-08-31,7.539999961853027,18873.82,both,-18866.28,False
2023-09-03,7.179999828338623,18726.01,both,-18718.83,False
2023-09-04,7.260000228881836,18910.99,both,-18903.73,False
2023-09-05,7.369999885559082,19044.39,both,-19037.02,False
2023-09-06,7.809999942779541,19224.52,both,-19216.71,False
2023-09-07,8.0,19375.68,both,-19367.68,False
2023-09-10,8.0,19577.85,both,-19569.85,False
2023-09-11,7.739999771118164,19278.72,both,-19270.98,False
2023-09-12,7.769999980926514,19144.09,both,-19136.32,False
2023-09-13,8.010000228881836,19361.7,both,-19353.69,False
2023-09-14,7.920000076293945,19540.33,both,-19532.41,False
2023-09-17,7.789999961853027,19668.82,both,-19661.03,False
2023-09-18,7.789999961853027,19751.78,both,-19743.99,False
2023-09-19,7.739999771118164,19954.3,both,-19946.56,False
2023-09-20,7.739999771118164,19797.23,both,-19789.49,False
2023-09-21,7.739999771118164,20080.57,both,-20072.83,False
2023-09-24,7.739999771118164,20213.7,both,-20205.96,False
2023-09-25,7.630000114440918,20320.56,both,-20312.93,False
2023-09-26,7.599999904632568,20354.86,both,-20347.26,False
2023-09-27,7.599999904632568,20174.28,both,-20166.68,False
2023-10-01,7.599999904632568,20054.72,both,-20047.12,False
2023-10-02,7.980000019073486,19901.24,both,-19893.26,False
2023-10-03,7.980000019073486,19706.96,both,-19698.98,False
2023-10-04,7.980000019073486,19873.31,both,-19865.33,False
2023-10-08,7.409999847412109,19357.42,both,-19350.01,False
2023-10-09,7.409999847412109,19409.78,both,-19402.37,False
2023-10-10,7.429999828338623,19724.32,both,-19716.89,False
2023-10-11,7.369999885559082,19653.49,both,-19646.12,False
2023-10-12,7.309999942779541,20002.1,both,-19994.79,False
2023-10-15,7.309999942779541,20324.96,both,-20317.65,False
2023-10-16,8.0,21032.35,both,-21024.35,False
2023-10-17,8.0,22073.95,both,-22065.95,False
2023-10-18,7.989999771118164,22117.4,both,-22109.41,False
2023-10-19,7.989999771118164,21616.6,both,-21608.61,False
2023-10-22,7.829999923706055,22128.49,both,-22120.66,False
2023-10-23,7.800000190734863,22572.49,both,-22564.69,False
2023-10-24,7.800000190734863,22377.39,both,-22369.59,False
2023-10-25,9.359999656677246,23131.96,both,-23122.6,False
2023-10-26,10.170000076293944,23262.27,both,-23252.1,False
2023-10-29,9.529999732971191,23086.72,both,-23077.19,False
2023-10-30,9.149999618530272,23435.65,both,-23426.5,False
2023-10-31,9.020000457763672,22550.65,both,-22541.63,False
2023-11-01,9.18000030517578,22433.38,both,-22424.2,False
2023-11-02,9.18000030517578,22639.59,both,-22630.41,False
2023-11-05,9.229999542236328,23094.69,both,-23085.46,False
2023-11-06,9.479999542236328,23059.15,both,-23049.67,False
2023-11-07,9.90999984741211,23393.41,both,-23383.5,False
2023-11-08,9.75,23986.56,both,-23976.81,False
2023-11-09,9.739999771118164,24312.92,both,-24303.18,False
2023-11-12,9.68000030517578,23910.66,both,-23900.98,False
2023-11-13,9.609999656677246,23954.96,both,-23945.35,False
2023-11-14,9.609999656677246,23894.06,both,-23884.45,False
2023-11-15,9.609999656677246,24138.8,both,-24129.19,False
2023-11-16,9.890000343322754,24383.27,both,-24373.38,False
2023-11-19,10.140000343322754,24899.59,both,-24889.45,False
2023-11-20,9.880000114440918,24760.02,both,-24750.14,False
2023-11-21,9.65999984741211,24774.04,both,-24764.38,False
2023-11-22,9.93000030517578,25029.57,both,-25019.64,False
2023-11-23,9.9399995803833,25519.49,both,-25509.55,False
2023-11-26,9.81999969482422,25300.32,both,-25290.5,False
2023-11-27,9.869999885559082,25905.54,both,-25895.67,False
2023-11-28,9.6899995803833,25121.73,both,-25112.04,False
2023-11-29,9.59000015258789,24759.16,both,-24749.57,False
2023-11-30,9.68000030517578,24735.39,both,-24725.71,False
2023-12-03,9.710000038146973,24571.98,both,-24562.27,False
2023-12-04,9.890000343322754,25265.41,both,-25255.52,False
2023-12-05,9.8100004196167,25127.91,both,-25118.1,False
2023-12-06,9.829999923706056,24703.55,both,-24693.72,False
2023-12-07,9.579999923706056,24686.16,both,-24676.58,False
2023-12-10,9.9399995803833,24189.83,both,-24179.89,False
2023-12-11,9.6899995803833,24182.06,both,-24172.37,False
2023-12-12,9.4399995803833,24071.66,both,-24062.22,False
2023-12-13,9.350000381469728,24773.92,both,-24764.57,False
2023-12-14,9.460000038146973,24722.82,both,-24713.36,False
2023-12-17,9.630000114440918,24792.14,both,-24782.51,False
2023-12-18,9.81999969482422,25334.09,both,-25324.27,False
2023-12-19,9.739999771118164,25076.42,both,-25066.68,False
2023-12-20,9.93000030517578,24837.56,both,-24827.63,False
2023-12-21,9.68000030517578,24305.09,both,-24295.41,False
2023-12-24,9.68000030517578,23822.17,both,-23812.49,False
2023-12-25,9.630000114440918,24226.68,both,-24217.05,False
2023-12-26,9.5,23994.54,both,-23985.04,False
2023-12-27,9.56999969482422,24351.12,both,-24341.55,False
2023-12-28,9.640000343322754,24691.43,both,-24681.79,False
2023-12-31,10.0,24894.26,both,-24884.26,False
2024-01-02,11.140000343322754,25501.94,both,-25490.8,False
2024-01-03,11.619999885559082,25408.51,both,-25396.89,False
2024-01-04,11.0,25350.28,both,-25339.28,False
2024-01-08,10.949999809265137,25344.63,both,-25333.68,False
2024-01-09,10.68000030517578,25589.99,both,-25579.31,False
2024-01-10,10.579999923706056,25466.75,both,-25456.17,False
2024-01-11,10.489999771118164,25519.25,both,-25508.76,False
2024-01-14,10.75,25974.84,both,-25964.09,False
2024-01-15,10.619999885559082,26250.73,both,-26240.11,False
2024-01-16,10.460000038146973,26938.14,both,-26927.68,False
2024-01-17,10.399999618530272,26758.26,both,-26747.86,False
2024-01-18,10.390000343322754,26842.67,both,-26832.28,False
2024-01-21,10.460000038146973,27719.37,both,-27708.91,False
2024-01-22,10.43000030517578,28050.33,both,-28039.9,False
2024-01-23,10.199999809265137,27587.0,both,-27576.8,False
2024-01-24,10.199999809265137,27666.18,both,-27655.98,False
2024-01-28,10.31999969482422,28625.76,both,-28615.44,False
2024-01-29,10.300000190734863,29227.79,both,-29217.49,False
2024-01-30,10.399999618530272,30347.3,both,-30336.9,False
2024-01-31,9.979999542236328,28281.91,both,-28271.93,False
2024-02-01,9.989999771118164,28434.37,both,-28424.38,False
2024-02-04,9.699999809265137,27573.5,both,-27563.8,False
2024-02-05,9.960000038146973,27665.75,both,-27655.79,False
2024-02-06,9.90999984741211,27270.63,both,-27260.72,False
2024-02-07,9.989999771118164,27905.95,both,-27895.96,False
2024-02-08,10.140000343322754,28411.41,both,-28401.27,False
2024-02-11,10.289999961853027,28199.04,both,-28188.75,False
2024-02-12,10.31999969482422,28494.72,both,-28484.4,False
2024-02-13,10.539999961853027,28604.54,both,-28594.0,False
2024-02-14,10.3100004196167,28874.99,both,-28864.68,False
2024-02-15,10.229999542236328,28926.15,both,-28915.92,False
2024-02-18,10.229999542236328,29125.57,both,-29115.34,False
2024-02-19,10.229999542236328,29452.4,both,-29442.17,False
2024-02-20,10.220000267028809,29330.66,both,-29320.44,False
2024-02-21,10.170000076293944,29292.05,both,-29281.88,False
2024-02-22,11.010000228881836,29309.73,both,-29298.72,False
2024-02-25,12.710000038146973,27840.86,both,-27828.15,False
2024-02-26,13.050000190734863,28931.92,both,-28918.87,False
2024-02-27,15.65999984741211,29205.16,both,-29189.5,False
2024-02-28,16.0,28876.46,both,-28860.46,False
2024-02-29,16.040000915527344,28964.41,both,-28948.37,False
2024-03-03,15.710000038146973,29058.33,both,-29042.62,False
2024-03-04,15.6899995803833,30542.33,both,-30526.64,False
2024-03-05,15.890000343322754,30668.89,both,-30653.0,False
2024-03-06,13.539999961853027,29743.11,both,-29729.57,False
2024-03-07,12.970000267028809,31300.54,both,-31287.57,False
2024-03-10,14.539999961853027,32919.95,both,-32905.41,False
2024-03-11,14.199999809265137,33382.51,both,-33368.31,False
2024-03-12,13.31999969482422,32661.61,both,-32648.29,False
2024-03-13,12.800000190734863,31013.88,both,-31001.08,False
2024-03-14,13.220000267028809,31316.43,both,-31303.21,False
2024-03-17,12.960000038146973,31061.88,both,-31048.92,False
2024-03-18,11.770000457763672,29091.29,both,-29079.52,False
2024-03-19,11.149999618530272,28675.7,both,-28664.55,False
2024-03-20,11.390000343322754,28589.37,both,-28577.98,False
2024-03-21,12.329999923706056,29054.96,both,-29042.63,False
2024-03-24,12.0600004196167,29060.02,both,-29047.96,False
2024-03-25,12.600000381469728,29344.46,both,-29331.86,False
2024-03-26,12.479999542236328,29057.5,both,-29045.02,False
2024-03-27,11.399999618530272,28224.37,both,-28212.97,False
2024-03-28,11.539999961853027,27559.35,both,-27547.81,False
2024-03-31,10.739999771118164,26883.39,both,-26872.65,False
2024-04-01,11.40999984741211,28297.17,both,-28285.76,False
2024-04-02,11.25,27934.36,both,-27923.11,False
2024-04-03,11.25,27937.22,both,-27925.97,False
2024-04-04,12.260000228881836,28506.16,both,-28493.9,False
2024-04-07,12.170000076293944,28151.66,both,-28139.49,False
2024-04-08,12.239999771118164,28503.75,both,-28491.51,False
2024-04-15,13.890000343322754,29616.47,both,-29602.58,False
2024-04-16,13.270000457763672,29400.84,both,-29387.57,False
2024-04-17,13.140000343322754,29667.71,both,-29654.57,False
2024-04-18,12.920000076293944,28332.65,both,-28319.73,False
2024-04-21,12.649999618530272,28623.39,both,-28610.74,False
2024-04-22,12.630000114440918,28144.22,both,-28131.59,False
2024-04-23,11.81999969482422,26777.05,both,-26765.23,False
2024-04-24,13.100000381469728,25917.59,both,-25904.49,False
2024-04-28,13.100000381469728,24639.63,both,-24626.53,False
2024-04-29,12.100000381469728,26011.28,both,-25999.18,False
2024-04-30,11.119999885559082,24448.73,both,-24437.61,False
2024-05-01,,25270.55,right_only,,False
2024-05-02,11.56999969482422,26113.71,both,-26102.14,False
2024-05-07,11.399999618530272,26429.69,both,-26418.29,False
2024-05-08,11.029999732971191,25988.93,both,-25977.9,False
2024-05-09,11.119999885559082,26003.16,both,-25992.04,False
2024-05-12,10.369999885559082,25155.92,both,-25145.55,False
2024-05-13,10.029999732971191,25381.25,both,-25371.22,False
2024-05-14,9.84000015258789,25339.77,both,-25329.93,False
2024-05-15,9.850000381469728,25316.08,both,-25306.23,False
2024-05-16,10.100000381469728,26142.84,both,-26132.74,False
2024-05-19,10.59000015258789,27315.83,both,-27305.24,False
2024-05-20,10.699999809265137,27228.85,both,-27218.15,False
2024-05-21,10.739999771118164,27224.8,both,-27214.06,False
2024-05-22,11.010000228881836,27227.44,both,-27216.43,False
2024-05-23,11.029999732971191,27205.14,both,-27194.11,False
2024-05-26,11.029999732971191,27539.21,both,-27528.18,False
2024-05-27,10.75,27287.31,both,-27276.56,False
2024-05-28,10.510000228881836,27194.51,both,-27184.0,False
2024-05-29,10.170000076293944,27089.68,both,-27079.51,False
2024-05-30,9.960000038146973,26922.76,both,-26912.8,False
2024-06-02,9.90999984741211,26869.85,both,-26859.94,False
2024-06-03,9.9399995803833,26834.47,both,-26824.53,False
2024-06-04,10.140000343322754,26973.0,both,-26962.86,False
2024-06-05,9.949999809265137,26634.3,both,-26624.35,False
2024-06-06,9.8100004196167,26428.65,both,-26418.84,False
2024-06-09,9.460000038146973,25659.13,both,-25649.67,False
2024-06-10,9.449999809265137,25896.56,both,-25887.11,False
2024-06-11,9.5600004196167,26082.29,both,-26072.73,False
2024-06-12,9.800000190734863,26133.39,both,-26123.59,False
2024-06-13,9.699999809265137,26417.6,both,-26407.9,False
2024-06-23,10.0,27062.37,both,-27052.37,False
2024-06-24,9.84000015258789,26902.4,both,-26892.56,False
2024-06-25,9.989999771118164,27264.23,both,-27254.24,False
2024-06-26,9.770000457763672,27500.56,both,-27490.79,False
2024-06-27,9.789999961853027,27766.27,both,-27756.48,False
2024-07-01,,27969.59,right_only,,False
2024-07-02,9.789999961853027,27985.89,both,-27976.1,False
2024-07-03,9.75,28161.17,both,-28151.42,False
2024-07-04,9.729999542236328,28364.79,both,-28355.06,False
2024-07-07,9.850000381469728,28602.14,both,-28592.29,False
2024-07-08,10.270000457763672,28411.87,both,-28401.6,False
2024-07-09,10.199999809265137,28466.24,both,-28456.04,False
2024-07-10,10.0,28287.98,both,-28277.98,False
2024-07-14,9.829999923706056,28042.06,both,-28032.23,False
2024-07-15,9.770000457763672,27952.04,both,-27942.27,False
2024-07-16,9.949999809265137,27828.92,both,-27818.97,False
2024-07-17,10.0600004196167,28340.42,both,-28330.36,False
2024-07-18,10.0,28653.85,both,-28643.85,False
2024-07-21,10.25,28783.24,both,-28772.99,False
2024-07-22,10.260000228881836,28992.34,both,-28982.08,False
2024-07-23,10.5,29195.24,both,-29184.74,False
2024-07-24,10.40999984741211,29090.57,both,-29080.16,False
2024-07-28,10.210000038146973,29036.32,both,-29026.11,False
2024-07-29,10.050000190734863,28851.23,both,-28841.18,False
2024-07-30,10.079999923706056,29039.42,both,-29029.34,False
2024-07-31,10.100000381469728,29378.82,both,-29368.72,False
2024-08-01,10.020000457763672,29359.87,both,-29349.85,False
2024-08-04,9.300000190734863,28503.63,both,-28494.33,False
2024-08-05,8.880000114440918,27840.64,both,-27831.76,False
2024-08-06,9.09000015258789,28210.41,both,-28201.32,False
2024-08-07,9.579999923706056,28628.19,both,-28618.61,False
2024-08-08,9.460000038146973,28750.82,both,-28741.36,False
2024-08-11,9.520000457763672,29532.67,both,-29523.15,False
2024-08-12,9.369999885559082,29706.7,both,-29697.33,False
2024-08-13,9.270000457763672,29331.04,both,-29321.77,False
2024-08-14,9.140000343322754,29567.0,both,-29557.86,False
2024-08-15,9.4399995803833,29629.14,both,-29619.7,False
2024-08-18,9.600000381469728,29460.24,both,-29450.64,False
2024-08-19,10.079999923706056,29320.18,both,-29310.1,False
2024-08-20,10.15999984741211,29915.24,both,-29905.08,False
2024-08-21,11.300000190734863,29914.29,both,-29902.99,False
2024-08-22,11.710000038146973,30141.08,both,-30129.37,False
2024-08-25,11.5,30073.95,both,-30062.45,False
2024-08-26,11.3100004196167,30133.81,both,-30122.5,False
2024-08-27,11.880000114440918,30363.15,both,-30351.27,False
2024-08-28,11.68000030517578,30709.59,both,-30697.91,False
2024-08-29,11.4399995803833,30774.19,both,-30762.75,False
2024-09-01,11.5,30902.88,both,-30891.38,False
2024-09-02,11.300000190734863,30731.98,both,-30720.68,False
2024-09-03,11.369999885559082,31018.48,both,-31007.11,False
2024-09-04,11.25,30998.19,both,-30986.94,False
2024-09-05,11.06999969482422,31029.7,both,-31018.63,False
2024-09-08,11.09000015258789,30273.73,both,-30262.64,False
2024-09-09,11.140000343322754,30374.96,both,-30363.82,False
2024-09-10,11.510000228881836,30104.35,both,-30092.84,False
2024-09-11,11.149999618530272,30485.63,both,-30474.48,False
2024-09-12,11.399999618530272,30497.83,both,-30486.43,False
2024-09-16,11.199999809265137,30260.24,both,-30249.04,False
2024-09-17,11.0600004196167,30159.15,both,-30148.09,False
2024-09-18,10.869999885559082,30342.46,both,-30331.59,False
2024-09-19,10.84000015258789,30937.69,both,-30926.85,False
2024-09-22,10.8100004196167,31038.41,both,-31027.6,False
2024-09-23,11.31999969482422,31022.54,both,-31011.22,False
2024-09-24,11.300000190734863,30871.1,both,-30859.8,False
2024-09-25,11.130000114440918,31250.64,both,-31239.51,False
2024-09-26,11.300000190734863,31276.91,both,-31265.61,False
2024-09-29,11.25,31459.09,both,-31447.84,False
2024-09-30,11.279999732971191,31587.04,both,-31575.76,False
2024-10-01,11.350000381469728,31866.06,both,-31854.71,False
2024-10-02,11.010000228881836,31332.73,both,-31321.72,False
2024-10-03,11.140000343322754,31720.5,both,-31709.36,False
2024-10-07,11.449999809265137,31819.16,both,-31807.71,False
2024-10-08,11.369999885559082,30851.63,both,-30840.26,False
2024-10-09,11.579999923706056,31175.43,both,-31163.85,False
2024-10-10,11.649999618530272,30762.32,both,-30750.67,False
2024-10-13,11.890000343322754,29954.12,both,-29942.23,False
2024-10-14,12.710000038146973,30273.06,both,-30260.35,False
2024-10-15,13.630000114440918,30584.24,both,-30570.61,False
2024-10-16,13.220000267028809,30545.11,both,-30531.89,False
2024-10-17,13.600000381469728,30143.86,both,-30130.26,False
2024-10-20,14.949999809265137,29528.79,both,-29513.84,False
2024-10-21,14.43000030517578,30445.2,both,-30430.77,False
2024-10-22,15.390000343322754,30427.35,both,-30411.96,False
2024-10-23,14.729999542236328,30414.05,both,-30399.32,False
2024-10-24,14.699999809265137,30552.82,both,-30538.12,False
2024-10-27,14.960000038146973,30812.23,both,-30797.27,False
2024-10-28,14.829999923706056,30773.53,both,-30758.7,False
2024-10-29,14.600000381469728,30619.96,both,-30605.36,False
2024-10-30,14.800000190734863,30371.26,both,-30356.46,False
2024-10-31,15.170000076293944,30658.0,both,-30642.83,False
2024-11-03,15.210000038146973,30833.13,both,-30817.92,False
2024-11-04,14.779999732971191,30650.04,both,-30635.26,False
2024-11-05,14.710000038146973,30793.94,both,-30779.23,False
2024-11-06,15.020000457763672,31045.26,both,-31030.24,False
2024-11-07,14.800000190734863,31267.47,both,-31252.67,False
2024-11-10,14.630000114440918,31394.33,both,-31379.7,False
2024-11-11,14.84000015258789,31621.29,both,-31606.45,False
2024-11-12,15.020000457763672,31582.39,both,-31567.37,False
2024-11-13,14.81999969482422,31433.01,both,-31418.19,False
2024-11-14,15.0,31462.21,both,-31447.21,False
2024-11-17,15.0,31252.07,both,-31237.07,False
2024-11-18,15.359999656677246,30864.34,both,-30848.98,False
2024-11-19,15.09000015258789,30688.3,both,-30673.21,False
2024-11-20,15.0,30587.99,both,-30572.99,False
2024-11-21,14.970000267028809,30631.8,both,-30616.83,False
2024-11-24,15.0,30397.22,both,-30382.22,False
2024-11-25,14.779999732971191,30270.51,both,-30255.73,False
2024-11-26,14.850000381469728,30284.35,both,-30269.5,False
2024-11-27,14.720000267028809,29846.04,both,-29831.32,False
2024-11-28,14.65999984741211,30242.13,both,-30227.47,False
2024-12-01,15.0,30497.13,both,-30482.13,False
2024-12-02,15.020000457763672,30525.32,both,-30510.3,False
2024-12-03,14.869999885559082,30628.74,both,-30613.87,False
2024-12-04,15.359999656677246,30832.61,both,-30817.25,False
2024-12-05,15.739999771118164,30839.57,both,-30823.83,False
2024-12-08,15.630000114440918,31060.51,both,-31044.88,False
2024-12-09,15.270000457763672,31005.12,both,-30989.85,False
2024-12-10,15.470000267028809,30617.83,both,-30602.36,False
2024-12-11,15.630000114440918,30739.26,both,-30723.63,False
2024-12-12,16.360000610351562,30795.09,both,-30778.73,False
2024-12-15,17.010000228881836,30776.0,both,-30758.99,False
2024-12-16,16.829999923706055,30799.43,both,-30782.6,False
2024-12-17,17.59000015258789,30601.64,both,-30584.05,False
2024-12-18,17.0,30503.07,both,-30486.07,False
2024-12-19,17.1299991607666,30526.71,both,-30509.58,False
2024-12-22,17.770000457763672,30372.7,both,-30354.93,False
2024-12-23,16.5,30118.38,both,-30101.88,False
2024-12-24,16.389999389648438,29973.15,both,-29956.76,False
2024-12-25,16.510000228881836,30005.0,both,-29988.49,False
2024-12-26,16.8700008392334,29957.97,both,-29941.1,False
2024-12-29,16.799999237060547,29594.48,both,-29577.68,False
2024-12-30,16.290000915527344,29325.2,both,-29308.91,False
2024-12-31,17.0,29740.58,both,-29723.58,False
2025-01-02,16.899999618530273,30060.48,both,-30043.58,False
2025-01-05,17.200000762939453,30183.61,both,-30166.41,False
2025-01-06,17.290000915527344,29929.64,both,-29912.35,False
2025-01-08,15.800000190734863,29785.91,both,-29770.11,False
2025-01-09,15.5,29444.65,both,-29429.15,False
2025-01-12,15.0,29277.45,both,-29262.45,False
2025-01-13,14.510000228881836,28556.28,both,-28541.77,False
2025-01-14,14.289999961853027,28967.09,both,-28952.8,False
2025-01-15,15.539999961853027,29389.93,both,-29374.39,False
2025-01-16,16.299999237060547,29605.12,both,-29588.82,False
2025-01-19,17.489999771118164,29728.61,both,-29711.12,False
2025-01-20,16.600000381469727,29619.39,both,-29602.79,False
2025-01-21,17.950000762939453,29826.58,both,-29808.63,False
2025-01-22,17.6299991607666,29979.14,both,-29961.51,False
2025-01-23,18.799999237060547,29997.69,both,-29978.89,False
2025-01-26,19.299999237060547,30034.85,both,-30015.55,False
2025-01-27,19.36000061035156,29742.12,both,-29722.76,False
2025-01-28,18.850000381469727,29646.6,both,-29627.75,False
2025-01-29,18.200000762939453,29891.61,both,-29873.41,False
2025-01-30,20.06999969482422,30010.62,both,-29990.55,False
2025-02-02,20.049999237060547,29917.96,both,-29897.91,False
2025-02-03,19.75,29754.77,both,-29735.02,False
2025-02-04,19.450000762939453,29668.47,both,-29649.02,False
2025-02-05,18.6299991607666,29735.59,both,-29716.96,False
2025-02-06,18.81999969482422,30011.84,both,-29993.02,False
2025-02-09,19.440000534057617,30014.27,both,-29994.83,False
2025-02-10,20.399999618530277,29905.41,both,-29885.01,False
2025-02-11,19.82999992370605,29564.21,both,-29544.38,False
2025-02-12,20.5,29661.99,both,-29641.49,False
2025-02-13,20.09000015258789,29997.11,both,-29977.02,False
2025-02-16,20.59000015258789,30443.82,both,-30423.23,False
2025-02-17,21.530000686645508,30436.71,both,-30415.18,False
2025-02-18,21.75,30587.81,both,-30566.06,False
2025-02-19,21.459999084472656,30875.28,both,-30853.82,False
2025-02-20,23.0,30914.72,both,-30891.72,False
2025-02-23,22.989999771118164,31010.25,both,-30987.26,False
2025-02-24,23.559999465942383,30925.29,both,-30901.73,False
2025-02-25,22.96999931335449,30654.92,both,-30631.95,False
2025-02-26,22.93000030517578,30631.95,both,-30609.02,False
2025-02-27,23.0,30610.44,both,-30587.44,False
2025-03-02,23.26000022888184,30857.77,both,-30834.51,False
2025-03-03,23.07999992370605,30988.51,both,-30965.43,False
2025-03-04,23.729999542236328,30762.85,both,-30739.12,False
2025-03-05,22.8799991607666,30876.44,both,-30853.56,False
2025-03-06,22.600000381469727,30947.44,both,-30924.84,False
2025-03-09,22.670000076293945,31130.68,both,-31108.01,False
2025-03-10,23.959999084472656,31137.03,both,-31113.07,False
2025-03-11,23.71999931335449,30935.23,both,-30911.51,False
2025-03-12,22.600000381469727,31049.03,both,-31026.43,False
2025-03-13,22.790000915527344,31290.62,both,-31267.83,False
2025-03-16,22.850000381469727,31338.34,both,-31315.49,False
2025-03-17,22.59000015258789,31458.59,both,-31436.0,False
2025-03-18,22.280000686645508,31608.69,both,-31586.41,False
2025-03-19,23.40999984741211,31348.47,both,-31325.06,False
2025-03-20,22.63999938964844,31677.58,both,-31654.94,False
2025-03-23,22.489999771118164,31933.76,both,-31911.27,False
2025-03-24,22.51000022888184,31810.98,both,-31788.47,False
2025-03-25,22.459999084472656,31761.97,both,-31739.51,False
2025-03-26,22.5,31744.3,both,-31721.8,False
2025-03-27,22.670000076293945,32026.14,both,-32003.47,False
2025-04-03,22.600000381469727,31699.58,both,-31676.98,False
2025-04-06,21.0,30639.52,both,-30618.52,False
2025-04-07,21.13999938964844,30453.94,both,-30432.8,False
2025-04-08,21.649999618530277,30648.98,both,-30627.33,False
2025-04-09,20.0,30079.93,both,-30059.93,False
2025-04-10,20.6200008392334,30810.7,both,-30790.08,False
2025-04-13,21.56999969482422,31174.62,both,-31153.05,False
2025-04-14,22.65999984741211,31182.37,both,-31159.71,False
2025-04-15,22.61000061035156,31185.03,both,-31162.42,False
2025-04-16,22.11000061035156,31030.7,both,-31008.59,False
2025-04-17,21.8799991607666,31062.95,both,-31041.07,False
2025-04-22,22.049999237060547,30844.18,both,-30822.13,False
2025-04-23,22.979999542236328,31640.22,both,-31617.24,False
2025-04-27,23.07999992370605,31855.12,both,-31832.04,False
2025-04-28,24.0,32015.02,both,-31991.02,False
2025-04-29,24.100000381469727,32043.48,both,-32019.38,False
2025-04-30,23.940000534057617,32126.22,both,-32102.28,False
2025-05-04,24.040000915527344,32351.66,both,-32327.62,False
2025-05-05,24.5,32211.75,both,-32187.25,False
2025-05-06,24.450000762939453,32285.45,both,-32261.0,False
2025-05-07,25.0,31840.44,both,-31815.44,False
2025-05-08,26.780000686645508,31772.04,both,-31745.26,False
2025-05-11,26.399999618530277,31427.98,both,-31401.58,False
2025-05-12,25.530000686645508,31577.01,both,-31551.48,False
2025-05-13,25.790000915527344,31692.77,both,-31666.98,False
2025-05-14,26.09000015258789,31827.86,both,-31801.77,False
2025-05-15,25.86000061035156,31941.15,both,-31915.29,False
2025-05-18,25.86000061035156,31713.7,both,-31687.84,False
2025-05-19,25.81999969482422,31355.82,both,-31330.0,False
2025-05-20,26.270000457763672,31629.34,both,-31603.07,False
2025-05-21,26.489999771118164,31836.63,both,-31810.14,False
2025-05-22,26.5,31975.63,both,-31949.13,False
2025-05-25,26.51000022888184,32023.89,both,-31997.38,False
2025-05-26,26.530000686645508,31922.5,both,-31895.97,False
2025-05-27,26.76000022888184,32397.38,both,-32370.62,False
2025-05-28,26.51000022888184,32493.89,both,-32467.38,False
2025-05-29,29.0,32696.79,both,-32667.79,False
2025-06-01,31.01000022888184,32500.03,both,-32469.02,False
2025-06-02,34.279998779296875,32325.12,both,-32290.84,False
2025-06-03,33.91999816894531,32355.41,both,-32321.49,False
2025-06-04,32.189998626708984,32677.87,both,-32645.68,False
2025-06-10,31.8700008392334,32904.06,both,-32872.19,False
2025-06-11,31.170000076293945,32935.19,both,-32904.02,False
2025-06-12,31.5,32511.68,both,-32480.18,False
2025-06-15,30.68000030517578,31016.0,both,-30985.32,False
2025-06-16,31.459999084472656,31042.36,both,-31010.9,False
2025-06-17,31.549999237060547,30725.96,both,-30694.41,False
2025-06-18,31.700000762939453,30838.98,both,-30807.28,False
2025-06-19,32.5,30248.44,both,-30215.94,False
2025-06-22,33.0,31055.98,both,-31022.98,False
2025-06-23,32.79999923706055,31418.74,both,-31385.94,False
2025-06-24,34.619998931884766,32598.55,both,-32563.93,False
2025-06-25,37.0,33002.85,both,-32965.85,False
2025-06-29,37.220001220703125,33206.76,both,-33169.54,False
2025-06-30,37.0,32857.62,both,-32820.62,False
2025-07-01,36.209999084472656,32707.22,both,-32671.01,False
2025-07-02,36.2599983215332,32820.49,both,-32784.23,False
2025-07-06,36.36000061035156,,left_only,,False
2025-07-07,34.81999969482422,33037.62,both,-33002.8,False
2025-07-09,33.869998931884766,33152.39,both,-33118.52,False
2025-07-10,33.9900016784668,33324.38,both,-33290.39,False
2025-07-13,34.97999954223633,33053.47,both,-33018.49,False
2025-07-14,34.86000061035156,33727.44,both,-33692.58,False
2025-07-15,34.65999984741211,33934.63,both,-33899.97,False
2025-07-16,33.869998931884766,33473.77,both,-33439.9,False
2025-07-17,32.86000061035156,33821.03,both,-33788.17,False
2025-07-20,33.38999938964844,34071.0,both,-34037.61,False
2025-07-21,33.5,34129.59,both,-34096.09,False
2025-07-22,35.5099983215332,33803.34,both,-33767.83,False
2025-07-23,35.5099983215332,34125.12,both,-34089.61,False
2025-07-27,36.97999954223633,34554.24,both,-34517.26,False
2025-07-28,36.5,34076.22,both,-34039.72,False
2025-07-29,36.5,34085.74,both,-34049.24,False
2025-07-30,38.0,33859.68,both,-33821.68,False
2025-07-31,39.02999877929688,34198.0,both,-34158.97,False
2025-08-03,39.02999877929688,34272.16,both,-34233.13,False
2025-08-04,39.02999877929688,34704.51,both,-34665.48,False
2025-08-05,39.02999877929688,35254.18,both,-35215.15,False
2025-08-06,39.02999877929688,35480.25,both,-35441.22,False
2025-08-07,39.02999877929688,35809.36,both,-35770.33,False
2025-08-10,38.95000076293945,36109.77,both,-36070.82,False
2025-08-11,38.9900016784668,35908.5,both,-35869.51,False
2025-08-12,39.0,36003.65,both,-35964.65,False
2025-08-13,39.08000183105469,35855.26,both,-35816.18,False
2025-08-14,40.90999984741211,35576.42,both,-35535.51,False
2025-08-17,41.470001220703125,35972.77,both,-35931.3,False
2025-08-18,43.79999923706055,35824.78,both,-35780.98,False
2025-08-19,45.72999954223633,36100.07,both,-36054.34,False
2025-08-20,43.0,35731.83,both,-35688.83,False
2025-08-21,41.93000030517578,35622.26,both,-35580.33,False
2025-08-24,41.369998931884766,35811.88,both,-35770.51,False
2025-08-25,41.7599983215332,35810.57,both,-35768.81,False
2025-08-26,40.45000076293945,35358.34,both,-35317.89,False
2025-08-27,40.16999816894531,35676.19,both,-35636.02,False
2025-08-28,40.709999084472656,35727.19,both,-35686.48,False
2025-08-31,39.09999847412109,35148.14,both,-35109.04,False
2025-09-01,39.11000061035156,35158.88,both,-35119.77,False
2025-09-02,39.09999847412109,35156.93,both,-35117.83,False
2025-09-03,38.150001525878906,34761.97,both,-34723.82,False
2025-09-07,37.0,34455.41,both,-34418.41,False
2025-09-08,36.9900016784668,34601.53,both,-34564.54,False
2025-09-09,38.040000915527344,34386.33,both,-34348.29,False
2025-09-10,38.02999877929688,34670.1,both,-34632.07,False
2025-09-11,38.630001068115234,34937.44,both,-34898.81,False
2025-09-14,39.0,35111.82,both,-35072.82,False
2025-09-15,40.150001525878906,35165.84,both,-35125.69,False
2025-09-16,38.900001525878906,34840.82,both,-34801.92,False
2025-09-17,38.34999847412109,34974.84,both,-34936.49,False
2025-09-18,37.25,35403.0,both,-35365.75,False
2025-09-21,37.5,35247.04,both,-35209.54,False
2025-09-22,37.52000045776367,35210.7,both,-35173.18,False
2025-09-23,37.0,35328.63,both,-35291.63,False
2025-09-24,36.84999847412109,35949.12,both,-35912.27,False
2025-09-25,38.70000076293945,35671.43,both,-35632.73,False
2025-09-28,38.52999877929688,36166.08,both,-36127.55,False
2025-09-29,39.0,36391.0,both,-36352.0,False
2025-09-30,38.66999816894531,36670.08,both,-36631.41,False
2025-10-01,38.5,36769.18,both,-36730.68,False
2025-10-02,38.43999862670898,36900.7,both,-36862.26,False
2025-10-05,39.0,37210.83,both,-37171.83,False
2025-10-06,38.95000076293945,37094.8,both,-37055.85,False
2025-10-07,39.290000915527344,37097.37,both,-37058.08,False
2025-10-08,39.75,37376.93,both,-37337.18,False
2025-10-12,47.70000076293945,37378.58,both,-37330.88,False
2025-10-13,49.22999954223633,37409.85,both,-37360.62,False
2025-10-14,47.43999862670898,37459.13,both,-37411.69,False
2025-10-15,48.20000076293945,37654.04,both,-37605.84,False
2025-10-16,47.29999923706055,37677.19,both,-37629.89,False
2025-10-19,46.79999923706055,37909.61,both,-37862.81,False
2025-10-20,47.40999984741211,37975.06,both,-37927.65,False
2025-10-21,46.70000076293945,37698.49,both,-37651.79,False
2025-10-22,46.720001220703125,37576.55,both,-37529.83,False
2025-10-23,47.400001525878906,37687.04,both,-37639.64,False
2025-10-26,48.0,38101.96,both,-38053.96,False
2025-10-27,47.09999847412109,38162.01,both,-38114.91,False
2025-10-28,47.0,38304.94,both,-38257.94,False
2025-10-29,47.0,38229.53,both,-38182.53,False
2025-10-30,46.43999862670898,38267.8,both,-38221.36,False
2025-11-02,45.38999938964844,38082.88,both,-38037.49,False
2025-11-03,46.5099983215332,38622.84,both,-38576.33,False
2025-11-04,46.59999847412109,39065.73,both,-39019.13,False
2025-11-05,45.25,39132.25,both,-39087.0,False
2025-11-06,45.27999877929688,39949.66,both,-39904.38,False
2025-11-09,47.5,40821.96,both,-40774.46,False
2025-11-10,48.52000045776367,40427.35,both,-40378.83,False
2025-11-11,48.5,40261.16,both,-40212.66,False
2025-11-12,55.02000045776367,40228.76,both,-40173.74,False
2025-11-13,53.0,40190.62,both,-40137.62,False
2025-11-16,52.5,41211.27,both,-41158.77,False
2025-11-17,52.900001525878906,41065.75,both,-41012.85,False
2025-11-18,51.0099983215332,40501.28,both,-40450.27,False
2025-11-19,50.75,40509.16,both,-40458.41,False
2025-11-20,51.0099983215332,40302.39,both,-40251.38,False
2025-11-23,51.33000183105469,40445.66,both,-40394.33,False
2025-11-24,50.27999877929688,39725.26,both,-39674.98,False
2025-11-25,49.59999847412109,39902.53,both,-39852.93,False
2025-11-26,48.66999816894531,39537.25,both,-39488.58,False
2025-11-27,51.0,40039.24,both,-39988.24,False
2025-11-30,51.79999923706055,40753.45,both,-40701.65,False
2025-12-01,51.20000076293945,40693.92,both,-40642.72,False
2025-12-02,51.4900016784668,40625.63,both,-40574.14,False
2025-12-03,51.68000030517578,41342.03,both,-41290.35,False
2025-12-04,50.79999923706055,41499.07,both,-41448.27,False
2025-12-07,50.81999969482422,41762.43,both,-41711.61,False
2025-12-08,51.15999984741211,41963.24,both,-41912.08,False
2025-12-09,51.86000061035156,41940.62,both,-41888.76,False
2025-12-10,52.09000015258789,42052.79,both,-42000.7,False
2025-12-11,51.540000915527344,42033.78,both,-41982.24,False
2025-12-14,51.380001068115234,42065.2,both,-42013.82,False
2025-12-15,51.13999938964844,42305.36,both,-42254.22,False
2025-12-16,50.900001525878906,42002.37,both,-41951.47,False
2025-12-17,50.59999847412109,41504.03,both,-41453.43,False
2025-12-18,50.34999847412109,40926.86,both,-40876.51,False
2025-12-21,50.59000015258789,41348.38,both,-41297.79,False
2025-12-22,48.79999923706055,41102.76,both,-41053.96,False
2025-12-23,49.08000183105469,41419.32,both,-41370.24,False
2025-12-24,49.06999969482422,41508.31,both,-41459.24,False
2025-12-25,48.72999954223633,41253.02,both,-41204.29,False
2025-12-28,48.970001220703125,41604.74,both,-41555.77,False
2025-12-29,50.4900016784668,41731.68,both,-41681.19,False
2025-12-30,50.90999984741211,41689.96,both,-41639.05,False
2025-12-31,50.79999923706055,41828.97,both,-41778.17,False
2026-01-04,50.15999984741211,40898.15,both,-40847.99,False
2026-01-05,48.970001220703125,40676.98,both,-40628.01,False
2026-01-06,50.0,41543.46,both,-41493.46,False
2026-01-08,49.06999969482422,41856.76,both,-41807.69,False
2026-01-11,49.09000015258789,42895.41,both,-42846.32,False
2026-01-12,48.75,43404.25,both,-43355.5,False
2026-01-13,47.52999877929688,43684.22,both,-43636.69,False
2026-01-14,45.97999954223633,43058.34,both,-43012.36,False
2026-01-15,45.400001525878906,43346.87,both,-43301.47,False
2026-01-18,47.130001068115234,43952.52,both,-43905.39,False
2026-01-19,47.650001525878906,45048.44,both,-45000.79,False
2026-01-20,46.88999938964844,45905.16,both,-45858.27,False
2026-01-21,48.34999847412109,46048.69,both,-46000.34,False
2026-01-22,48.0,46462.32,both,-46414.32,False
2026-01-25,48.040000915527344,46857.73,both,-46809.69,False
2026-01-26,47.34999847412109,47507.43,both,-47460.08,False
2026-01-27,47.18000030517578,47834.55,both,-47787.37,False
2026-01-28,46.400001525878906,47785.93,both,-47739.53,False
2026-02-01,46.72999954223633,47662.74,both,-47616.01,False
2026-02-02,46.43999862670898,47606.28,both,-47559.84,False
2026-02-03,46.88999938964844,48978.48,both,-48931.59,False
2026-02-04,47.0,49631.56,both,-49584.56,False
2026-02-05,46.70000076293945,49739.03,both,-49692.33,False
2026-02-08,48.4900016784668,50035.23,both,-49986.74,False
2026-02-09,47.93999862670898,50293.53,both,-50245.59,False
2026-02-10,47.790000915527344,50376.15,both,-50328.36,False
2026-02-11,47.52000045776367,49700.24,both,-49652.72,False
2026-02-12,48.040000915527344,50490.2,both,-50442.16,False
2026-02-15,49.150001525878906,52308.32,both,-52259.17,False
2026-02-16,51.02000045776367,51493.53,both,-51442.51,False
2026-02-17,51.79999923706055,51833.76,both,-51781.96,False
2026-02-18,51.900001525878906,52222.34,both,-52170.44,False
2026-02-19,49.900001525878906,50667.67,both,-50617.77,False
2026-02-22,48.38999938964844,49560.88,both,-49512.49,False
2026-02-23,49.77999877929688,50870.06,both,-50820.28,False
2026-02-24,50.11000061035156,50390.21,both,-50340.1,False
2026-02-25,49.400001525878906,49014.32,both,-48964.92,False
2026-02-26,50.63999938964844,49212.83,both,-49162.19,False
2026-03-01,49.84999847412109,47984.26,both,-47934.41,False
2026-03-02,50.77999877929688,47692.49,both,-47641.71,False
2026-03-03,50.400001525878906,46725.81,both,-46675.41,False
2026-03-04,50.02000045776367,46452.14,both,-46402.12,False
2026-03-05,49.77000045776367,47516.44,both,-47466.67,False
2026-03-08,49.040000915527344,46774.24,both,-46725.2,False
2026-03-09,48.54999923706055,46414.85,both,-46366.3,False
2026-03-10,49.25,47772.74,both,-47723.49,False
2026-03-11,49.0099983215332,47195.39,both,-47146.38,False
2026-03-12,48.43999862670898,46790.96,both,-46742.52,False
2026-03-15,47.5099983215332,45926.93,both,-45879.42,False
2026-03-16,45.70000076293945,45187.72,both,-45142.02,False
2026-03-17,45.66999816894531,46054.61,both,-46008.94,False
2026-03-18,47.27999877929688,47611.96,both,-47564.68,False
2026-03-19,47.27999877929688,,left_only,,False
2026-03-24,46.86000061035156,46930.88,both,-46884.02,False
2026-03-25,46.90999984741211,47497.91,both,-47451.0,False
2026-03-26,49.380001068115234,47001.89,both,-46952.51,False
2026-03-29,49.650001525878906,46404.27,both,-46354.62,False
2026-03-30,49.06999969482422,45189.89,both,-45140.82,False
2026-03-31,51.84999847412109,45321.59,both,-45269.74,False
2026-04-01,52.79999923706055,46731.49,both,-46678.69,False
2026-04-02,52.79999923706055,46399.0,both,-46346.2,False
2026-04-05,55.0,47276.43,both,-47221.43,False
2026-04-06,55.790000915527344,47651.58,both,-47595.79,False
2026-04-07,57.0,46681.78,both,-46624.78,False
2026-04-08,56.88999938964844,48593.99,both,-48537.1,False
2026-04-09,57.95000076293945,49078.6,both,-49020.65,False
2026-04-12,,49078.6,right_only,,False
2026-04-14,54.900001525878906,49978.62,both,-49923.72,False
2026-04-15,53.77999877929688,50733.14,both,-50679.36,False
2026-04-16,53.0,51437.78,both,-51384.78,False
2026-04-19,52.150001525878906,52372.64,both,-52320.49,False
2026-04-20,52.470001220703125,51813.43,both,-51760.96,False
2026-04-21,53.380001068115234,51977.34,both,-51923.96,False
2026-04-22,53.61000061035156,51962.39,both,-51908.78,False
2026-04-23,53.68999862670898,52375.39,both,-52321.7,False
2026-04-26,53.34999847412109,52421.14,both,-52367.79,False
2026-04-27,53.369998931884766,52719.12,both,-52665.75,False
2026-04-28,53.400001525878906,52230.61,both,-52177.21,False
2026-04-29,53.400001525878906,52383.13,both,-52329.73,False
2026-04-30,53.75,51760.97,both,-51707.22,False
2026-05-03,54.560001373291016,52312.7,both,-52258.14,False
2026-05-04,53.810001373291016,51973.5,both,-51919.69,False
2026-05-05,53.650001525878906,52557.63,both,-52503.98,False
2026-05-06,53.52999877929688,53605.08,both,-53551.55,False
2026-05-10,54.75,54628.68,both,-54573.93,False
2026-05-11,56.84999847412109,54475.49,both,-54418.64,False
2026-05-12,58.0,54058.75,both,-54000.75,False
2026-05-13,57.70000076293945,53416.17,both,-53358.47,False
2026-05-14,57.20000076293945,53154.84,both,-53097.64,False
2026-05-17,55.0,52364.34,both,-52309.34,False
2026-05-18,54.25,52007.0,both,-51952.75,False
2026-05-19,54.47999954223633,52774.98,both,-52720.5,False
2026-05-20,53.900001525878906,51936.75,both,-51882.85,False
2026-05-21,54.790000915527344,52090.96,both,-52036.17,False
2026-05-24,56.630001068115234,52861.47,both,-52804.84,False
2026-05-25,55.880001068115234,52658.75,both,-52602.87,False
2026-05-26,55.880001068115234,,left_only,,False
2026-05-27,55.880001068115234,,left_only,,False
2026-05-28,55.880001068115234,,left_only,,False
2026-06-01,58.470001220703125,52853.94,both,-52795.47,False
2026-06-02,57.97999954223633,52927.02,both,-52869.04,False
2026-06-03,59.5099983215332,52564.42,both,-52504.91,False
2026-06-04,58.84999847412109,52652.53,both,-52593.68,False
2026-06-07,58.7599983215332,52164.6,both,-52105.84,False
2026-06-08,57.810001373291016,51882.81,both,-51825.0,False
2026-06-09,58.0,52374.8,both,-52316.8,False
2026-06-10,55.86000061035156,51256.65,both,-51200.79,False
2026-06-11,54.93000030517578,50818.84,both,-50763.91,False
2026-06-14,56.40999984741211,51994.63,both,-51938.22,False
2026-06-15,56.650001525878906,52306.66,both,-52250.01,False
2026-06-16,56.11000061035156,52047.15,both,-51991.04,False
2026-06-17,56.11000061035156,52621.84,both,-52565.73,False
2026-06-18,56.11000061035156,,left_only,,False
2026-06-21,56.0,52679.45,both,-52623.45,False
2026-06-22,56.0,52585.72,both,-52529.72,False
2026-06-23,55.150001525878906,51769.74,both,-51714.59,False
2026-06-24,56.09999847412109,51710.9,both,-51654.8,False
2026-06-25,55.43999862670898,51443.07,both,-51387.63,False
2026-06-28,54.310001373291016,50344.37,both,-50290.06,False
2026-06-29,53.7599983215332,49825.58,both,-49771.82,False
2026-06-30,55.09000015258789,50487.96,both,-50432.87,False
2026-07-01,55.43999862670898,50532.7,both,-50477.26,False
2026-07-05,56.25,51130.89,both,-51074.64,False
2026-07-06,56.18999862670898,52502.74,both,-52446.55,False
2026-07-07,55.97999954223633,53006.11,both,-52950.13,False
2026-07-08,55.29999923706055,52028.37,both,-51973.07,False
2026-07-09,55.9900016784668,52311.51,both,-52255.52,False
2026-07-12,55.290000915527344,52256.18,both,-52200.89,False
2026-07-13,55.16999816894531,52608.28,both,-52553.11,False
2026-07-14,54.65999984741211,52299.31,both,-52244.65,False
2026-07-15,54.33000183105469,52558.39,both,-52504.06,False
2026-07-16,55.5,52928.06,both,-52872.56,False
2026-07-19,55.20000076293945,52560.1,both,-52504.9,False
2026-07-20,56.93000030517578,53126.01,both,-53069.08,False
2026-07-21,57.060001373291016,53989.55,both,-53932.49,False
2026-07-22,56.70000076293945,53931.92,both,-53875.22,False
2026-07-26,56.70000076293945,,left_only,,False
2026-07-27,56.61000061035156,,left_only,,False
2026-07-28,57.47999954223633,,left_only,,False
2026-07-29,56.65999984741211,,left_only,,False
2026-07-30,56.09999847412109,,left_only,,False
