date,fetched_close,reference_close,_merge,diff,match
2014-12-23,,8710.6,right_only,,False
2014-12-24,,8766.12,right_only,,False
2014-12-25,,8740.12,right_only,,False
2014-12-28,,8745.16,right_only,,False
2014-12-29,,8958.13,right_only,,False
2014-12-30,,9005.75,right_only,,False
2014-12-31,,8926.58,right_only,,False
2015-01-04,,8942.65,right_only,,False
2015-01-05,,9011.07,right_only,,False
2015-01-06,,8798.94,right_only,,False
2015-01-08,,8946.34,right_only,,False
2015-01-11,,8909.75,right_only,,False
2015-01-12,,9109.23,right_only,,False
2015-01-13,,9308.98,right_only,,False
2015-01-14,,9544.08,right_only,,False
2015-01-15,,9555.99,right_only,,False
2015-01-18,,9530.92,right_only,,False
2015-01-19,,9599.1,right_only,,False
2015-01-20,,9804.18,right_only,,False
2015-01-21,,9856.3,right_only,,False
2015-01-22,,9898.86,right_only,,False
2015-01-26,,9834.81,right_only,,False
2015-01-27,,9946.58,right_only,,False
2015-01-28,,9863.73,right_only,,False
2015-01-29,,9843.1,right_only,,False
2015-02-01,,9779.76,right_only,,False
2015-02-02,,9830.46,right_only,,False
2015-02-03,,9954.34,right_only,,False
2015-02-04,,10045.93,right_only,,False
2015-02-05,,9965.43,right_only,,False
2015-02-08,,9957.93,right_only,,False
2015-02-09,,9884.46,right_only,,False
2015-02-10,,9900.65,right_only,,False
2015-02-11,,9770.78,right_only,,False
2015-02-12,,9747.36,right_only,,False
2015-02-15,,9789.79,right_only,,False
2015-02-16,,9585.92,right_only,,False
2015-02-17,,9433.85,right_only,,False
2015-02-18,,9537.23,right_only,,False
2015-02-19,,9481.2,right_only,,False
2015-02-22,,9494.55,right_only,,False
2015-02-23,,9601.14,right_only,,False
2015-02-24,,9611.66,right_only,,False
2015-02-25,,9469.08,right_only,,False
2015-02-26,,9334.01,right_only,,False
2015-03-01,,9283.59,right_only,,False
2015-03-02,,9456.33,right_only,,False
2015-03-03,,9475.27,right_only,,False
2015-03-04,,9461.06,right_only,,False
2015-03-05,,9575.98,right_only,,False
2015-03-08,,9638.41,right_only,,False
2015-03-09,,9713.61,right_only,,False
2015-03-10,,9709.5,right_only,,False
2015-03-11,,9576.46,right_only,,False
2015-03-12,,9640.77,right_only,,False
2015-03-15,,9726.03,right_only,,False
2015-03-16,,9529.01,right_only,,False
2015-03-17,,9561.33,right_only,,False
2015-03-18,,9484.08,right_only,,False
2015-03-19,,9518.28,right_only,,False
2015-03-22,,9354.73,right_only,,False
2015-03-23,,9374.12,right_only,,False
2015-03-24,,9367.54,right_only,,False
2015-03-25,,9198.46,right_only,,False
2015-03-26,,9052.5,right_only,,False
2015-03-29,,9062.99,right_only,,False
2015-03-30,,9118.97,right_only,,False
2015-03-31,,9134.78,right_only,,False
2015-04-01,,9099.33,right_only,,False
2015-04-02,,8891.73,right_only,,False
2015-04-05,,8607.66,right_only,,False
2015-04-06,,8508.24,right_only,,False
2015-04-07,,8716.37,right_only,,False
2015-04-08,,8788.9,right_only,,False
2015-04-09,,8892.53,right_only,,False
2015-04-14,,8927.53,right_only,,False
2015-04-15,,8896.68,right_only,,False
2015-04-16,,8886.84,right_only,,False
2015-04-19,,8765.34,right_only,,False
2015-04-20,,8595.78,right_only,,False
2015-04-21,,8575.27,right_only,,False
2015-04-22,,8629.49,right_only,,False
2015-04-23,,8731.29,right_only,,False
2015-04-26,,8633.86,right_only,,False
2015-04-27,,8493.68,right_only,,False
2015-04-28,,8330.52,right_only,,False
2015-04-29,,8488.49,right_only,,False
2015-04-30,,8672.29,right_only,,False
2015-05-03,,8562.97,right_only,,False
2015-05-04,,8652.12,right_only,,False
2015-05-05,,8828.33,right_only,,False
2015-05-06,,8756.31,right_only,,False
2015-05-07,,8742.42,right_only,,False
2015-05-10,,8692.0,right_only,,False
2015-05-11,,8691.85,right_only,,False
2015-05-12,,8674.34,right_only,,False
2015-05-13,,8526.43,right_only,,False
2015-05-14,,8303.37,right_only,,False
2015-05-17,,8260.92,right_only,,False
2015-05-18,,8798.17,right_only,,False
2015-05-19,,8877.68,right_only,,False
2015-05-20,,8826.45,right_only,,False
2015-05-21,,8988.03,right_only,,False
2015-05-24,,9121.92,right_only,,False
2015-05-25,,9050.76,right_only,,False
2015-05-26,,8975.32,right_only,,False
2015-05-27,,8966.71,right_only,,False
2015-05-28,,8912.05,right_only,,False
2015-05-31,,8782.55,right_only,,False
2015-06-01,,8745.04,right_only,,False
2015-06-02,,8847.59,right_only,,False
2015-06-03,,8905.6,right_only,,False
2015-06-04,,8780.76,right_only,,False
2015-06-07,,8728.87,right_only,,False
2015-06-08,,8672.33,right_only,,False
2015-06-09,,8660.93,right_only,,False
2015-06-10,,8639.43,right_only,,False
2015-06-11,,8626.46,right_only,,False
2015-06-14,,8534.13,right_only,,False
2015-06-15,,8515.63,right_only,,False
2015-06-16,,8556.1,right_only,,False
2015-06-17,,8556.55,right_only,,False
2015-06-18,,8576.71,right_only,,False
2015-06-21,,8535.19,right_only,,False
2015-06-22,,8489.41,right_only,,False
2015-06-23,,8444.93,right_only,,False
2015-06-24,,8456.82,right_only,,False
2015-06-25,,8406.17,right_only,,False
2015-06-28,,8511.98,right_only,,False
2015-06-29,,8371.53,right_only,,False
2015-07-02,,8314.72,right_only,,False
2015-07-05,,8218.25,right_only,,False
2015-07-06,,7870.78,right_only,,False
2015-07-07,,7752.94,right_only,,False
2015-07-08,,7550.98,right_only,,False
2015-07-09,,7617.39,right_only,,False
2015-07-12,,7691.35,right_only,,False
2015-07-13,,7587.07,right_only,,False
2015-07-14,,7686.91,right_only,,False
2015-07-15,,7882.62,right_only,,False
2015-07-16,,8022.91,right_only,,False
2015-07-21,,8049.69,right_only,,False
2015-07-22,,8087.24,right_only,,False
2015-07-26,,8004.83,right_only,,False
2015-07-27,,7887.87,right_only,,False
2015-07-28,,7949.89,right_only,,False
2015-07-29,,8105.69,right_only,,False
2015-07-30,,8191.53,right_only,,False
2015-08-02,,8158.31,right_only,,False
2015-08-03,,8087.54,right_only,,False
2015-08-04,,8181.95,right_only,,False
2015-08-05,,8114.08,right_only,,False
2015-08-09,,8011.06,right_only,,False
2015-08-10,,8028.69,right_only,,False
2015-08-11,,8083.18,right_only,,False
2015-08-12,,7911.88,right_only,,False
2015-08-13,,7879.82,right_only,,False
2015-08-16,,7625.76,right_only,,False
2015-08-17,,7594.05,right_only,,False
2015-08-18,,7398.43,right_only,,False
2015-08-19,,7240.77,right_only,,False
2015-08-20,,7172.63,right_only,,False
2015-08-23,,6784.09,right_only,,False
2015-08-24,,6654.06,right_only,,False
2015-08-25,,6836.95,right_only,,False
2015-08-26,,6873.49,right_only,,False
2015-08-27,,7078.83,right_only,,False
2015-08-30,,7055.28,right_only,,False
2015-08-31,,7252.43,right_only,,False
2015-09-01,,7203.86,right_only,,False
2015-09-02,,7150.47,right_only,,False
2015-09-03,,7295.96,right_only,,False
2015-09-06,,7273.92,right_only,,False
2015-09-07,,7166.62,right_only,,False
2015-09-08,,6924.05,right_only,,False
2015-09-09,,7050.02,right_only,,False
2015-09-10,,7039.33,right_only,,False
2015-09-13,,7082.0,right_only,,False
2015-09-14,,7158.1,right_only,,False
2015-09-15,,7175.59,right_only,,False
2015-09-16,,7266.42,right_only,,False
2015-09-17,,7267.52,right_only,,False
2015-09-20,,7234.46,right_only,,False
2015-09-21,,7285.25,right_only,,False
2015-09-22,,7346.54,right_only,,False
2015-09-28,,7409.06,right_only,,False
2015-09-29,,7331.53,right_only,,False
2015-09-30,,7332.88,right_only,,False
2015-10-01,,7310.71,right_only,,False
2015-10-04,,7263.29,right_only,,False
2015-10-05,,7239.27,right_only,,False
2015-10-07,,7354.56,right_only,,False
2015-10-08,,7491.67,right_only,,False
2015-10-11,,7547.66,right_only,,False
2015-10-12,,7650.65,right_only,,False
2015-10-13,,7669.12,right_only,,False
2015-10-15,,7594.45,right_only,,False
2015-10-18,,7538.22,right_only,,False
2015-10-19,,7621.67,right_only,,False
2015-10-20,,7658.95,right_only,,False
2015-10-21,,7669.14,right_only,,False
2015-10-22,,7611.03,right_only,,False
2015-10-25,,7653.14,right_only,,False
2015-10-26,,7577.53,right_only,,False
2015-10-27,,7534.08,right_only,,False
2015-10-28,,7479.59,right_only,,False
2015-10-29,,7507.89,right_only,,False
2015-11-01,,7413.01,right_only,,False
2015-11-02,,7434.69,right_only,,False
2015-11-03,,7432.96,right_only,,False
2015-11-04,,7450.36,right_only,,False
2015-11-05,,7541.72,right_only,,False
2015-11-08,,7347.22,right_only,,False
2015-11-09,,7138.81,right_only,,False
2015-11-10,,6824.74,right_only,,False
2015-11-11,,6801.9,right_only,,False
2015-11-12,,6806.67,right_only,,False
2015-11-15,,6522.12,right_only,,False
2015-11-16,,6480.65,right_only,,False
2015-11-17,,6407.33,right_only,,False
2015-11-18,,6413.97,right_only,,False
2015-11-19,,6568.97,right_only,,False
2015-11-22,,6607.53,right_only,,False
2015-11-23,,6451.32,right_only,,False
2015-11-24,,6321.39,right_only,,False
2015-11-25,,6391.07,right_only,,False
2015-11-26,,6427.82,right_only,,False
2015-11-29,,6477.73,right_only,,False
2015-11-30,,6356.65,right_only,,False
2015-12-01,,6424.88,right_only,,False
2015-12-02,,6649.72,right_only,,False
2015-12-03,,6779.28,right_only,,False
2015-12-06,,6837.42,right_only,,False
2015-12-07,,6777.81,right_only,,False
2015-12-08,,6608.01,right_only,,False
2015-12-09,,6629.32,right_only,,False
2015-12-10,,6637.91,right_only,,False
2015-12-13,,6395.2,right_only,,False
2015-12-14,,6408.12,right_only,,False
2015-12-15,,6421.0,right_only,,False
2015-12-16,,6488.51,right_only,,False
2015-12-17,,6669.8,right_only,,False
2015-12-20,,6707.66,right_only,,False
2015-12-21,,6762.26,right_only,,False
2015-12-22,,6769.08,right_only,,False
2015-12-24,,6812.65,right_only,,False
2015-12-27,,6749.11,right_only,,False
2015-12-28,,6744.47,right_only,,False
2015-12-29,,6794.75,right_only,,False
2015-12-30,,6981.01,right_only,,False
2015-12-31,,7006.01,right_only,,False
2016-01-03,,7089.06,right_only,,False
2016-01-04,,6982.25,right_only,,False
2016-01-05,,7021.42,right_only,,False
2016-01-06,,6922.71,right_only,,False
2016-01-10,,6782.35,right_only,,False
2016-01-11,,6634.98,right_only,,False
2016-01-12,,6463.92,right_only,,False
2016-01-13,,6205.23,right_only,,False
2016-01-14,,5857.7,right_only,,False
2016-01-17,,5760.19,right_only,,False
2016-01-18,,5941.19,right_only,,False
2016-01-19,,6097.45,right_only,,False
2016-01-20,,5776.59,right_only,,False
2016-01-21,,5713.35,right_only,,False
2016-01-24,,5893.54,right_only,,False
2016-01-26,,5896.56,right_only,,False
2016-01-27,,5960.59,right_only,,False
2016-01-28,,5986.78,right_only,,False
2016-01-31,,5992.72,right_only,,False
2016-02-01,,5906.92,right_only,,False
2016-02-02,,6008.85,right_only,,False
2016-02-03,,6066.54,right_only,,False
2016-02-04,,6202.22,right_only,,False
2016-02-07,,6126.47,right_only,,False
2016-02-08,,6174.77,right_only,,False
2016-02-09,,6004.41,right_only,,False
2016-02-10,,6062.65,right_only,,False
2016-02-11,,5813.72,right_only,,False
2016-02-14,,5753.74,right_only,,False
2016-02-15,,5800.05,right_only,,False
2016-02-16,,5894.6,right_only,,False
2016-02-17,,5947.7,right_only,,False
2016-02-18,,5944.47,right_only,,False
2016-02-21,,6007.88,right_only,,False
2016-02-22,,6086.45,right_only,,False
2016-02-23,,6104.74,right_only,,False
2016-02-24,,6054.03,right_only,,False
2016-02-25,,6079.13,right_only,,False
2016-02-28,,6156.01,right_only,,False
2016-02-29,,6146.93,right_only,,False
2016-03-01,,6115.54,right_only,,False
2016-03-02,,6076.57,right_only,,False
2016-03-03,,6089.34,right_only,,False
2016-03-06,,6214.94,right_only,,False
2016-03-07,,6261.41,right_only,,False
2016-03-08,,6339.76,right_only,,False
2016-03-09,,6372.64,right_only,,False
2016-03-10,,6563.65,right_only,,False
2016-03-13,,6563.83,right_only,,False
2016-03-14,,7003.85,right_only,,False
2016-03-15,,7139.44,right_only,,False
2016-03-16,,7228.68,right_only,,False
2016-03-17,,7485.69,right_only,,False
2016-03-20,,7465.86,right_only,,False
2016-03-21,,7494.12,right_only,,False
2016-03-22,,7430.33,right_only,,False
2016-03-23,,7495.47,right_only,,False
2016-03-24,,7548.22,right_only,,False
2016-03-27,,7480.11,right_only,,False
2016-03-28,,7494.1,right_only,,False
2016-03-29,,7567.46,right_only,,False
2016-03-30,,7485.06,right_only,,False
2016-03-31,,7524.99,right_only,,False
2016-04-03,,7521.2,right_only,,False
2016-04-04,,7577.02,right_only,,False
2016-04-05,,7657.98,right_only,,False
2016-04-06,,7459.84,right_only,,False
2016-04-07,,7478.74,right_only,,False
2016-04-10,,7403.77,right_only,,False
2016-04-11,,7342.46,right_only,,False
2016-04-12,,7331.05,right_only,,False
2016-04-13,,7420.61,right_only,,False
2016-04-14,,7463.1,right_only,,False
2016-04-17,,7517.02,right_only,,False
2016-04-18,,7662.44,right_only,,False
2016-04-19,,7864.03,right_only,,False
2016-04-20,,7799.86,right_only,,False
2016-04-21,,7781.45,right_only,,False
2016-04-24,,7743.41,right_only,,False
2016-04-26,,7886.82,right_only,,False
2016-04-27,,7863.58,right_only,,False
2016-04-28,,7773.23,right_only,,False
2016-05-03,,7531.59,right_only,,False
2016-05-04,,7442.44,right_only,,False
2016-05-05,,7547.49,right_only,,False
2016-05-08,,7571.7,right_only,,False
2016-05-09,,7646.02,right_only,,False
2016-05-10,,7621.91,right_only,,False
2016-05-11,,7503.4,right_only,,False
2016-05-12,,7520.52,right_only,,False
2016-05-15,,7373.0,right_only,,False
2016-05-16,,7409.27,right_only,,False
2016-05-17,,7549.97,right_only,,False
2016-05-18,,7637.04,right_only,,False
2016-05-19,,7499.49,right_only,,False
2016-05-22,,7494.76,right_only,,False
2016-05-23,,7417.08,right_only,,False
2016-05-24,,7497.33,right_only,,False
2016-05-25,,7543.43,right_only,,False
2016-05-26,,7531.15,right_only,,False
2016-05-29,,7486.13,right_only,,False
2016-05-30,,7452.88,right_only,,False
2016-05-31,,7483.65,right_only,,False
2016-06-01,,7572.39,right_only,,False
2016-06-02,,7617.88,right_only,,False
2016-06-05,,7563.5,right_only,,False
2016-06-06,,7639.59,right_only,,False
2016-06-07,,7717.35,right_only,,False
2016-06-08,,7780.13,right_only,,False
2016-06-09,,7756.3,right_only,,False
2016-06-12,,7650.62,right_only,,False
2016-06-13,,7645.21,right_only,,False
2016-06-14,,7570.05,right_only,,False
2016-06-15,,7414.81,right_only,,False
2016-06-16,,7420.39,right_only,,False
2016-06-19,,7337.97,right_only,,False
2016-06-20,,7203.64,right_only,,False
2016-06-21,,7250.92,right_only,,False
2016-06-22,,7156.49,right_only,,False
2016-06-23,,7253.31,right_only,,False
2016-06-26,,6851.61,right_only,,False
2016-06-27,,6903.81,right_only,,False
2016-06-28,,6931.94,right_only,,False
2016-06-29,,6942.52,right_only,,False
2016-07-03,,6981.72,right_only,,False
2016-07-04,,7182.8,right_only,,False
2016-07-10,,7517.43,right_only,,False
2016-07-11,,7506.18,right_only,,False
2016-07-12,,7457.5,right_only,,False
2016-07-13,,7559.87,right_only,,False
2016-07-14,,7583.06,right_only,,False
2016-07-17,,7599.64,right_only,,False
2016-07-18,,7628.64,right_only,,False
2016-07-19,,7596.96,right_only,,False
2016-07-20,,7503.36,right_only,,False
2016-07-21,,7436.87,right_only,,False
2016-07-24,,7463.72,right_only,,False
2016-07-25,,7517.78,right_only,,False
2016-07-26,,7539.99,right_only,,False
2016-07-27,,7914.74,right_only,,False
2016-07-28,,8030.85,right_only,,False
2016-07-31,,7983.15,right_only,,False
2016-08-01,,7930.14,right_only,,False
2016-08-02,,7973.45,right_only,,False
2016-08-03,,8104.57,right_only,,False
2016-08-04,,8255.36,right_only,,False
2016-08-07,,8223.46,right_only,,False
2016-08-08,,8273.14,right_only,,False
2016-08-09,,8199.65,right_only,,False
2016-08-10,,8291.51,right_only,,False
2016-08-11,,8377.71,right_only,,False
2016-08-14,,8351.07,right_only,,False
2016-08-15,,8453.53,right_only,,False
2016-08-16,,8387.49,right_only,,False
2016-08-17,,8347.38,right_only,,False
2016-08-18,,8317.17,right_only,,False
2016-08-21,,8352.27,right_only,,False
2016-08-22,,8246.9,right_only,,False
2016-08-23,,8186.7,right_only,,False
2016-08-24,,8224.33,right_only,,False
2016-08-25,,8131.49,right_only,,False
2016-08-28,,8052.23,right_only,,False
2016-08-29,,8032.43,right_only,,False
2016-08-30,,8080.81,right_only,,False
2016-08-31,,8158.04,right_only,,False
2016-09-01,,8136.44,right_only,,False
2016-09-04,,8241.16,right_only,,False
2016-09-05,,8270.76,right_only,,False
2016-09-06,,8202.43,right_only,,False
2016-09-07,,8146.1,right_only,,False
2016-09-08,,8188.2,right_only,,False
2016-09-14,,8132.75,right_only,,False
2016-09-15,,7979.25,right_only,,False
2016-09-18,,7916.41,right_only,,False
2016-09-19,,7974.12,right_only,,False
2016-09-20,,8048.69,right_only,,False
2016-09-21,,7937.79,right_only,,False
2016-09-22,,7913.94,right_only,,False
2016-09-25,,7904.53,right_only,,False
2016-09-26,,7974.84,right_only,,False
2016-09-27,,7948.93,right_only,,False
2016-09-28,,7907.92,right_only,,False
2016-09-29,,7881.11,right_only,,False
2016-10-03,,8133.12,right_only,,False
2016-10-04,,8198.51,right_only,,False
2016-10-05,,8368.52,right_only,,False
2016-10-09,,8436.82,right_only,,False
2016-10-10,,8364.0,right_only,,False
2016-10-11,,8232.77,right_only,,False
2016-10-12,,8185.95,right_only,,False
2016-10-13,,8505.12,right_only,,False
2016-10-16,,8432.41,right_only,,False
2016-10-17,,8243.32,right_only,,False
2016-10-18,,8213.53,right_only,,False
2016-10-19,,8160.4,right_only,,False
2016-10-20,,8277.21,right_only,,False
2016-10-23,,8274.15,right_only,,False
2016-10-24,,8228.13,right_only,,False
2016-10-25,,8261.14,right_only,,False
2016-10-26,,8257.21,right_only,,False
2016-10-27,,8343.31,right_only,,False
2016-10-30,,8357.42,right_only,,False
2016-10-31,,8386.03,right_only,,False
2016-11-01,,8447.76,right_only,,False
2016-11-02,,8524.66,right_only,,False
2016-11-03,,8810.51,right_only,,False
2016-11-06,,9349.9,right_only,,False
2016-11-07,,9852.69,right_only,,False
2016-11-08,,10096.57,right_only,,False
2016-11-09,,10225.5,right_only,,False
2016-11-10,,10688.16,right_only,,False
2016-11-13,,10916.97,right_only,,False
2016-11-14,,10694.41,right_only,,False
2016-11-15,,10640.53,right_only,,False
2016-11-16,,10997.38,right_only,,False
2016-11-17,,11221.56,right_only,,False
2016-11-20,,11277.47,right_only,,False
2016-11-21,,11543.07,right_only,,False
2016-11-22,,11519.8,right_only,,False
2016-11-23,,11550.31,right_only,,False
2016-11-24,,11353.11,right_only,,False
2016-11-27,,11145.95,right_only,,False
2016-11-28,,11261.82,right_only,,False
2016-11-29,,11159.32,right_only,,False
2016-11-30,,11453.25,right_only,,False
2016-12-01,,11548.15,right_only,,False
2016-12-04,,11631.41,right_only,,False
2016-12-05,,11426.5,right_only,,False
2016-12-06,,11502.51,right_only,,False
2016-12-07,,11348.37,right_only,,False
2016-12-08,,11297.93,right_only,,False
2016-12-12,,11444.06,right_only,,False
2016-12-13,,11385.1,right_only,,False
2016-12-14,,11317.17,right_only,,False
2016-12-15,,11326.03,right_only,,False
2016-12-18,,11398.01,right_only,,False
2016-12-19,,11752.46,right_only,,False
2016-12-20,,12147.95,right_only,,False
2016-12-21,,12366.96,right_only,,False
2016-12-22,,12420.3,right_only,,False
2016-12-25,,12251.06,right_only,,False
2016-12-26,,12182.04,right_only,,False
2016-12-27,,12181.98,right_only,,False
2016-12-28,,12259.83,right_only,,False
2016-12-29,,12344.89,right_only,,False
2017-01-02,,12290.61,right_only,,False
2017-01-03,,12425.17,right_only,,False
2017-01-04,,12608.44,right_only,,False
2017-01-05,,12824.32,right_only,,False
2017-01-08,,12891.39,right_only,,False
2017-01-09,,12781.16,right_only,,False
2017-01-10,,13014.54,right_only,,False
2017-01-11,,13089.05,right_only,,False
2017-01-12,,13223.9,right_only,,False
2017-01-15,,13287.76,right_only,,False
2017-01-16,,13264.82,right_only,,False
2017-01-17,,13436.1,right_only,,False
2017-01-18,,13304.44,right_only,,False
2017-01-19,,12806.77,right_only,,False
2017-01-22,,12722.08,right_only,,False
2017-01-23,,13002.89,right_only,,False
2017-01-24,,12882.88,right_only,,False
2017-01-26,,13091.05,right_only,,False
2017-01-29,,13161.52,right_only,,False
2017-01-30,,12926.07,right_only,,False
2017-01-31,,12672.49,right_only,,False
2017-02-01,,12584.26,right_only,,False
2017-02-02,,12806.07,right_only,,False
2017-02-05,,12883.43,right_only,,False
2017-02-06,,12849.42,right_only,,False
2017-02-07,,13129.27,right_only,,False
2017-02-08,,13228.33,right_only,,False
2017-02-09,,13114.86,right_only,,False
2017-02-12,,12922.44,right_only,,False
2017-02-13,,12740.05,right_only,,False
2017-02-14,,12503.73,right_only,,False
2017-02-15,,12448.35,right_only,,False
2017-02-16,,12651.97,right_only,,False
2017-02-19,,12549.17,right_only,,False
2017-02-20,,12444.18,right_only,,False
2017-02-21,,12657.82,right_only,,False
2017-02-22,,12401.09,right_only,,False
2017-02-23,,12240.53,right_only,,False
2017-02-26,,12269.88,right_only,,False
2017-02-27,,12023.93,right_only,,False
2017-02-28,,11937.67,right_only,,False
2017-03-01,,11998.72,right_only,,False
2017-03-02,,12310.49,right_only,,False
2017-03-05,,12499.61,right_only,,False
2017-03-06,,12623.22,right_only,,False
2017-03-07,,12677.55,right_only,,False
2017-03-08,,12735.36,right_only,,False
2017-03-09,,12853.27,right_only,,False
2017-03-12,,12919.9,right_only,,False
2017-03-13,,12929.13,right_only,,False
2017-03-14,,12789.52,right_only,,False
2017-03-15,,12745.49,right_only,,False
2017-03-16,,12983.99,right_only,,False
2017-03-19,,13092.4,right_only,,False
2017-03-20,,13023.49,right_only,,False
2017-03-21,,12905.37,right_only,,False
2017-03-22,,12879.06,right_only,,False
2017-03-23,,13032.06,right_only,,False
2017-03-26,,13108.22,right_only,,False
2017-03-27,,12969.64,right_only,,False
2017-03-28,,12982.66,right_only,,False
2017-03-29,,12987.65,right_only,,False
2017-03-30,,12994.8,right_only,,False
2017-04-02,,12912.27,right_only,,False
2017-04-03,,13061.07,right_only,,False
2017-04-04,,13264.75,right_only,,False
2017-04-05,,13289.99,right_only,,False
2017-04-06,,13098.54,right_only,,False
2017-04-09,,12895.12,right_only,,False
2017-04-10,,12848.56,right_only,,False
2017-04-11,,12995.71,right_only,,False
2017-04-12,,12984.36,right_only,,False
2017-04-13,,12967.38,right_only,,False
2017-04-18,,13027.14,right_only,,False
2017-04-19,,12895.3,right_only,,False
2017-04-20,,12905.85,right_only,,False
2017-04-23,,12544.92,right_only,,False
2017-04-24,,12583.13,right_only,,False
2017-04-26,,12671.29,right_only,,False
2017-04-27,,12525.69,right_only,,False
2017-04-30,,12433.6,right_only,,False
2017-05-02,,12530.32,right_only,,False
2017-05-03,,12603.56,right_only,,False
2017-05-04,,12709.93,right_only,,False
2017-05-07,,12692.15,right_only,,False
2017-05-08,,12827.93,right_only,,False
2017-05-09,,12933.68,right_only,,False
2017-05-10,,12993.4,right_only,,False
2017-05-11,,12906.98,right_only,,False
2017-05-14,,12870.91,right_only,,False
2017-05-15,,12866.06,right_only,,False
2017-05-16,,12936.59,right_only,,False
2017-05-17,,13064.02,right_only,,False
2017-05-18,,12952.38,right_only,,False
2017-05-21,,12974.75,right_only,,False
2017-05-22,,12648.24,right_only,,False
2017-05-23,,12791.83,right_only,,False
2017-05-24,,12884.44,right_only,,False
2017-05-25,,13094.42,right_only,,False
2017-05-28,,13205.11,right_only,,False
2017-05-29,,13207.94,right_only,,False
2017-05-30,,13239.16,right_only,,False
2017-05-31,,13339.63,right_only,,False
2017-06-01,,13467.29,right_only,,False
2017-06-04,,13495.32,right_only,,False
2017-06-05,,13520.13,right_only,,False
2017-06-06,,13626.8,right_only,,False
2017-06-07,,13632.98,right_only,,False
2017-06-08,,13683.66,right_only,,False
2017-06-11,,13616.04,right_only,,False
2017-06-12,,13491.89,right_only,,False
2017-06-13,,13531.34,right_only,,False
2017-06-14,,13502.12,right_only,,False
2017-06-15,,13478.75,right_only,,False
2017-06-18,,13496.47,right_only,,False
2017-06-19,,13508.39,right_only,,False
2017-06-20,,13415.55,right_only,,False
2017-06-21,,13376.44,right_only,,False
2017-06-22,,13417.14,right_only,,False
2017-06-28,,13395.81,right_only,,False
2017-07-02,,13487.36,right_only,,False
2017-07-03,,13431.06,right_only,,False
2017-07-04,,13334.78,right_only,,False
2017-07-05,,13334.86,right_only,,False
2017-07-06,,13369.88,right_only,,False
2017-07-09,,13342.09,right_only,,False
2017-07-10,,13483.04,right_only,,False
2017-07-11,,13684.27,right_only,,False
2017-07-12,,13690.29,right_only,,False
2017-07-13,,13822.59,right_only,,False
2017-07-16,,13815.77,right_only,,False
2017-07-17,,13956.32,right_only,,False
2017-07-18,,13717.53,right_only,,False
2017-07-19,,13707.13,right_only,,False
2017-07-20,,13715.06,right_only,,False
2017-07-24,,13752.98,right_only,,False
2017-07-25,,13740.72,right_only,,False
2017-07-26,,13797.25,right_only,,False
2017-07-27,,13609.22,right_only,,False
2017-07-30,,13480.1,right_only,,False
2017-07-31,,13419.38,right_only,,False
2017-08-01,,13396.22,right_only,,False
2017-08-02,,13405.2,right_only,,False
2017-08-03,,13413.12,right_only,,False
2017-08-06,,13558.46,right_only,,False
2017-08-07,,13660.8,right_only,,False
2017-08-08,,13637.69,right_only,,False
2017-08-09,,13580.76,right_only,,False
2017-08-10,,13462.38,right_only,,False
2017-08-13,,13279.61,right_only,,False
2017-08-14,,13135.1,right_only,,False
2017-08-15,,13102.39,right_only,,False
2017-08-16,,13149.19,right_only,,False
2017-08-17,,13119.44,right_only,,False
2017-08-20,,13026.29,right_only,,False
2017-08-21,,13106.12,right_only,,False
2017-08-22,,13114.87,right_only,,False
2017-08-23,,12996.2,right_only,,False
2017-08-24,,12926.4,right_only,,False
2017-08-27,,12913.25,right_only,,False
2017-08-28,,13013.73,right_only,,False
2017-08-29,,13195.34,right_only,,False
2017-08-30,,13415.77,right_only,,False
2017-09-05,,13415.05,right_only,,False
2017-09-06,,13317.89,right_only,,False
2017-09-07,,13432.69,right_only,,False
2017-09-10,,13457.14,right_only,,False
2017-09-11,,13533.24,right_only,,False
2017-09-12,,13474.88,right_only,,False
2017-09-13,,13442.55,right_only,,False
2017-09-14,,13610.61,right_only,,False
2017-09-17,,13612.51,right_only,,False
2017-09-18,,13592.71,right_only,,False
2017-09-19,,13730.0,right_only,,False
2017-09-20,,13695.33,right_only,,False
2017-09-24,,13607.19,right_only,,False
2017-09-25,,13674.42,right_only,,False
2017-09-26,,13704.13,right_only,,False
2017-09-27,,13740.82,right_only,,False
2017-09-28,,13888.51,right_only,,False
2017-10-01,,13976.78,right_only,,False
2017-10-02,,14000.43,right_only,,False
2017-10-03,,13930.73,right_only,,False
2017-10-04,,13881.97,right_only,,False
2017-10-08,,13997.69,right_only,,False
2017-10-09,,13968.53,right_only,,False
2017-10-10,,13824.08,right_only,,False
2017-10-11,,13816.05,right_only,,False
2017-10-12,,13891.71,right_only,,False
2017-10-15,,13905.79,right_only,,False
2017-10-16,,13525.25,right_only,,False
2017-10-17,,13525.48,right_only,,False
2017-10-18,,13590.15,right_only,,False
2017-10-19,,13713.62,right_only,,False
2017-10-22,,13706.06,right_only,,False
2017-10-23,,13870.34,right_only,,False
2017-10-24,,13928.38,right_only,,False
2017-10-25,,13901.38,right_only,,False
2017-10-26,,13955.47,right_only,,False
2017-10-29,,14024.41,right_only,,False
2017-10-30,,14197.21,right_only,,False
2017-10-31,,14342.38,right_only,,False
2017-11-01,,14277.29,right_only,,False
2017-11-02,,14319.34,right_only,,False
2017-11-05,,14183.77,right_only,,False
2017-11-06,,14072.92,right_only,,False
2017-11-07,,14057.56,right_only,,False
2017-11-08,,14204.95,right_only,,False
2017-11-09,,14350.14,right_only,,False
2017-11-12,,14270.55,right_only,,False
2017-11-13,,14123.31,right_only,,False
2017-11-14,,14132.96,right_only,,False
2017-11-15,,14025.11,right_only,,False
2017-11-16,,13847.36,right_only,,False
2017-11-19,,13742.11,right_only,,False
2017-11-20,,13680.5,right_only,,False
2017-11-21,,13725.45,right_only,,False
2017-11-22,,13839.37,right_only,,False
2017-11-23,,14106.17,right_only,,False
2017-11-26,,14222.7,right_only,,False
2017-11-27,,14219.99,right_only,,False
2017-11-28,,14537.03,right_only,,False
2017-11-29,,14582.22,right_only,,False
2017-12-03,,14713.63,right_only,,False
2017-12-04,,14572.17,right_only,,False
2017-12-05,,14460.96,right_only,,False
2017-12-06,,14345.58,right_only,,False
2017-12-07,,14294.73,right_only,,False
2017-12-10,,14414.25,right_only,,False
2017-12-11,,14426.75,right_only,,False
2017-12-12,,14590.2,right_only,,False
2017-12-13,,14651.42,right_only,,False
2017-12-14,,14679.91,right_only,,False
2017-12-17,,14716.66,right_only,,False
2017-12-18,,14721.45,right_only,,False
2017-12-19,,14678.41,right_only,,False
2017-12-20,,14682.14,right_only,,False
2017-12-21,,14668.59,right_only,,False
2017-12-24,,14790.78,right_only,,False
2017-12-25,,14843.33,right_only,,False
2017-12-26,,14922.85,right_only,,False
2017-12-27,,14904.82,right_only,,False
2017-12-28,,15016.97,right_only,,False
2017-12-31,,15019.14,right_only,,False
2018-01-02,,15023.76,right_only,,False
2018-01-03,,14833.73,right_only,,False
2018-01-04,,14782.38,right_only,,False
2018-01-08,,14953.17,right_only,,False
2018-01-09,,15159.37,right_only,,False
2018-01-10,,15192.55,right_only,,False
2018-01-11,,15242.48,right_only,,False
2018-01-14,,15254.85,right_only,,False
2018-01-15,,15127.76,right_only,,False
2018-01-16,,15089.37,right_only,,False
2018-01-17,,15198.54,right_only,,False
2018-01-18,,15411.0,right_only,,False
2018-01-21,,15339.91,right_only,,False
2018-01-22,,15243.23,right_only,,False
2018-01-23,,15197.08,right_only,,False
2018-01-24,,15170.73,right_only,,False
2018-01-28,,15311.15,right_only,,False
2018-01-29,,15369.13,right_only,,False
2018-01-30,,15315.66,right_only,,False
2018-01-31,,15042.37,right_only,,False
2018-02-01,,15088.66,right_only,,False
2018-02-04,,14874.84,right_only,,False
2018-02-05,,14962.14,right_only,,False
2018-02-06,,14717.98,right_only,,False
2018-02-07,,15037.05,right_only,,False
2018-02-08,,14921.29,right_only,,False
2018-02-11,,14828.36,right_only,,False
2018-02-12,,14890.71,right_only,,False
2018-02-13,,14729.75,right_only,,False
2018-02-14,,14805.95,right_only,,False
2018-02-15,,14965.93,right_only,,False
2018-02-18,,15045.56,right_only,,False
2018-02-19,,15158.12,right_only,,False
2018-02-20,,15219.26,right_only,,False
2018-02-21,,15244.49,right_only,,False
2018-02-22,,15318.92,right_only,,False
2018-02-25,,15467.77,right_only,,False
2018-02-26,,15454.0,right_only,,False
2018-02-27,,15522.88,right_only,,False
2018-02-28,,15472.69,right_only,,False
2018-03-01,,15443.18,right_only,,False
2018-03-04,,15519.55,right_only,,False
2018-03-05,,15709.01,right_only,,False
2018-03-06,,16022.26,right_only,,False
2018-03-07,,16384.07,right_only,,False
2018-03-08,,16472.28,right_only,,False
2018-03-11,,16391.48,right_only,,False
2018-03-12,,16742.15,right_only,,False
2018-03-13,,16989.06,right_only,,False
2018-03-14,,16881.72,right_only,,False
2018-03-15,,16999.1,right_only,,False
2018-03-18,,17271.03,right_only,,False
2018-03-19,,17172.13,right_only,,False
2018-03-20,,17113.9,right_only,,False
2018-03-21,,17147.12,right_only,,False
2018-03-22,,17064.58,right_only,,False
2018-03-25,,16984.69,right_only,,False
2018-03-26,,17104.34,right_only,,False
2018-03-27,,17270.43,right_only,,False
2018-03-28,,17305.51,right_only,,False
2018-03-29,,17450.15,right_only,,False
2018-04-01,,17595.88,right_only,,False
2018-04-02,,17684.66,right_only,,False
2018-04-03,,17492.71,right_only,,False
2018-04-04,,17509.65,right_only,,False
2018-04-05,,17410.59,right_only,,False
2018-04-10,,17697.32,right_only,,False
2018-04-11,,17943.96,right_only,,False
2018-04-12,,17615.69,right_only,,False
2018-04-15,,17588.86,right_only,,False
2018-04-16,,17620.28,right_only,,False
2018-04-17,,17802.48,right_only,,False
2018-04-18,,17705.87,right_only,,False
2018-04-19,,17781.02,right_only,,False
2018-04-22,,17898.09,right_only,,False
2018-04-23,,18080.7,right_only,,False
2018-04-24,,18121.96,right_only,,False
2018-04-26,,18363.29,right_only,,False
2018-04-29,,18304.46,right_only,,False
2018-04-30,,18295.57,right_only,,False
2018-05-02,,18173.16,right_only,,False
2018-05-03,,17832.86,right_only,,False
2018-05-06,,17610.87,right_only,,False
2018-05-07,,17523.15,right_only,,False
2018-05-08,,17814.45,right_only,,False
2018-05-09,,17460.3,right_only,,False
2018-05-10,,17155.14,right_only,,False
2018-05-13,,17184.02,right_only,,False
2018-05-14,,16984.07,right_only,,False
2018-05-15,,16985.78,right_only,,False
2018-05-16,,16993.21,right_only,,False
2018-05-17,,16877.66,right_only,,False
2018-05-20,,16782.07,right_only,,False
2018-05-21,,16780.91,right_only,,False
2018-05-22,,16657.66,right_only,,False
2018-05-23,,16662.55,right_only,,False
2018-05-24,,16633.97,right_only,,False
2018-05-27,,16648.47,right_only,,False
2018-05-28,,16791.09,right_only,,False
2018-05-29,,17005.86,right_only,,False
2018-05-30,,16760.24,right_only,,False
2018-05-31,,16414.53,right_only,,False
2018-06-03,,16675.31,right_only,,False
2018-06-04,,16404.33,right_only,,False
2018-06-05,,16022.11,right_only,,False
2018-06-06,,15908.91,right_only,,False
2018-06-07,,15923.66,right_only,,False
2018-06-10,,16142.72,right_only,,False
2018-06-11,,15921.25,right_only,,False
2018-06-12,,15938.11,right_only,,False
2018-06-13,,16178.28,right_only,,False
2018-06-14,,16220.93,right_only,,False
2018-06-19,,16067.77,right_only,,False
2018-06-20,,16143.48,right_only,,False
2018-06-21,,16345.77,right_only,,False
2018-06-24,,16395.02,right_only,,False
2018-06-25,,16457.51,right_only,,False
2018-06-26,,16197.44,right_only,,False
2018-06-27,,16176.41,right_only,,False
2018-06-28,,16348.55,right_only,,False
2018-07-02,,16362.59,right_only,,False
2018-07-03,,16421.32,right_only,,False
2018-07-04,,16309.65,right_only,,False
2018-07-05,,16125.34,right_only,,False
2018-07-08,,15839.84,right_only,,False
2018-07-09,,15785.93,right_only,,False
2018-07-10,,15921.03,right_only,,False
2018-07-11,,15952.42,right_only,,False
2018-07-12,,15879.81,right_only,,False
2018-07-15,,15842.46,right_only,,False
2018-07-16,,15655.89,right_only,,False
2018-07-17,,15420.72,right_only,,False
2018-07-18,,15578.73,right_only,,False
2018-07-19,,15416.31,right_only,,False
2018-07-22,,15303.79,right_only,,False
2018-07-24,,15480.37,right_only,,False
2018-07-25,,15186.36,right_only,,False
2018-07-26,,15199.29,right_only,,False
2018-07-29,,15378.11,right_only,,False
2018-07-30,,15297.02,right_only,,False
2018-07-31,,15580.19,right_only,,False
2018-08-01,,15670.18,right_only,,False
2018-08-02,,15806.38,right_only,,False
2018-08-05,,15737.05,right_only,,False
2018-08-06,,15645.56,right_only,,False
2018-08-07,,15761.55,right_only,,False
2018-08-08,,15862.86,right_only,,False
2018-08-09,,15924.06,right_only,,False
2018-08-12,,15738.34,right_only,,False
2018-08-13,,15521.52,right_only,,False
2018-08-14,,15356.81,right_only,,False
2018-08-15,,15357.44,right_only,,False
2018-08-16,,15295.97,right_only,,False
2018-08-19,,15273.39,right_only,,False
2018-08-26,,15239.03,right_only,,False
2018-08-27,,15236.64,right_only,,False
2018-08-28,,15606.18,right_only,,False
2018-08-29,,15835.73,right_only,,False
2018-08-30,,16009.41,right_only,,False
2018-09-02,,15852.36,right_only,,False
2018-09-03,,15821.92,right_only,,False
2018-09-04,,15922.96,right_only,,False
2018-09-05,,15750.94,right_only,,False
2018-09-06,,15803.17,right_only,,False
2018-09-09,,15740.06,right_only,,False
2018-09-10,,15628.43,right_only,,False
2018-09-12,,15488.49,right_only,,False
2018-09-13,,15308.62,right_only,,False
2018-09-16,,14755.63,right_only,,False
2018-09-17,,14650.97,right_only,,False
2018-09-18,,14653.91,right_only,,False
2018-09-19,,14098.56,right_only,,False
2018-09-20,,14083.48,right_only,,False
2018-09-23,,14261.25,right_only,,False
2018-09-24,,14200.68,right_only,,False
2018-09-25,,14358.64,right_only,,False
2018-09-26,,14612.18,right_only,,False
2018-09-27,,14632.4,right_only,,False
2018-09-30,,14616.47,right_only,,False
2018-10-01,,14446.72,right_only,,False
2018-10-02,,14381.55,right_only,,False
2018-10-03,,14313.17,right_only,,False
2018-10-04,,14104.9,right_only,,False
2018-10-08,,13604.01,right_only,,False
2018-10-09,,13588.74,right_only,,False
2018-10-10,,13621.23,right_only,,False
2018-10-11,,13283.31,right_only,,False
2018-10-14,,13537.47,right_only,,False
2018-10-15,,13521.46,right_only,,False
2018-10-16,,13689.39,right_only,,False
2018-10-17,,13815.6,right_only,,False
2018-10-18,,13644.16,right_only,,False
2018-10-21,,13524.67,right_only,,False
2018-10-22,,13646.26,right_only,,False
2018-10-23,,13579.6,right_only,,False
2018-10-24,,13246.39,right_only,,False
2018-10-25,,13023.73,right_only,,False
2018-10-28,,12980.96,right_only,,False
2018-10-29,,13074.47,right_only,,False
2018-10-30,,13154.56,right_only,,False
2018-10-31,,13250.29,right_only,,False
2018-11-01,,13202.32,right_only,,False
2018-11-04,,13170.28,right_only,,False
2018-11-05,,13234.62,right_only,,False
2018-11-06,,13436.11,right_only,,False
2018-11-07,,13615.85,right_only,,False
2018-11-08,,13732.68,right_only,,False
2018-11-11,,13570.89,right_only,,False
2018-11-12,,13678.36,right_only,,False
2018-11-13,,13543.64,right_only,,False
2018-11-14,,13487.2,right_only,,False
2018-11-15,,13681.67,right_only,,False
2018-11-18,,13968.8,right_only,,False
2018-11-19,,13906.31,right_only,,False
2018-11-21,,13731.12,right_only,,False
2018-11-22,,13675.37,right_only,,False
2018-11-25,,13153.55,right_only,,False
2018-11-26,,13049.12,right_only,,False
2018-11-27,,13213.95,right_only,,False
2018-11-28,,13309.49,right_only,,False
2018-11-29,,13319.5,right_only,,False
2018-12-02,,13150.08,right_only,,False
2018-12-03,,12934.44,right_only,,False
2018-12-04,,12624.74,right_only,,False
2018-12-05,,12586.74,right_only,,False
2018-12-06,,12387.58,right_only,,False
2018-12-09,,12140.0,right_only,,False
2018-12-10,,12476.18,right_only,,False
2018-12-11,,12664.41,right_only,,False
2018-12-12,,12856.83,right_only,,False
2018-12-13,,12996.89,right_only,,False
2018-12-16,,12992.06,right_only,,False
2018-12-17,,13215.4,right_only,,False
2018-12-18,,13121.11,right_only,,False
2018-12-19,,13078.2,right_only,,False
2018-12-20,,13137.58,right_only,,False
2018-12-23,,12947.35,right_only,,False
2018-12-24,,12784.44,right_only,,False
2018-12-25,,12670.63,right_only,,False
2018-12-26,,12840.16,right_only,,False
2018-12-27,,12984.21,right_only,,False
2018-12-30,,12944.52,right_only,,False
2018-12-31,,13035.77,right_only,,False
2019-01-02,,13204.37,right_only,,False
2019-01-03,,13264.7,right_only,,False
2019-01-06,,13343.08,right_only,,False
2019-01-08,,13402.7,right_only,,False
2019-01-09,,13365.58,right_only,,False
2019-01-10,,13367.44,right_only,,False
2019-01-13,,13525.83,right_only,,False
2019-01-14,,13335.75,right_only,,False
2019-01-15,,13447.12,right_only,,False
2019-01-16,,13510.27,right_only,,False
2019-01-17,,13482.99,right_only,,False
2019-01-20,,13444.21,right_only,,False
2019-01-21,,13574.99,right_only,,False
2019-01-22,,13474.55,right_only,,False
2019-01-23,,13506.65,right_only,,False
2019-01-27,,13817.1,right_only,,False
2019-01-28,,13911.34,right_only,,False
2019-01-29,,13976.52,right_only,,False
2019-01-30,,14093.4,right_only,,False
2019-01-31,,14126.68,right_only,,False
2019-02-03,,14243.81,right_only,,False
2019-02-04,,14366.06,right_only,,False
2019-02-05,,14733.11,right_only,,False
2019-02-06,,14766.59,right_only,,False
2019-02-07,,14753.68,right_only,,False
2019-02-10,,14763.94,right_only,,False
2019-02-11,,14784.82,right_only,,False
2019-02-12,,14927.64,right_only,,False
2019-02-13,,14949.07,right_only,,False
2019-02-14,,14984.46,right_only,,False
2019-02-17,,15198.89,right_only,,False
2019-02-18,,15227.24,right_only,,False
2019-02-19,,15155.84,right_only,,False
2019-02-20,,15213.54,right_only,,False
2019-02-21,,15146.71,right_only,,False
2019-02-24,,14955.58,right_only,,False
2019-02-25,,14946.35,right_only,,False
2019-02-26,,14886.85,right_only,,False
2019-02-27,,14772.34,right_only,,False
2019-02-28,,14803.97,right_only,,False
2019-03-03,,14819.6,right_only,,False
2019-03-04,,14815.18,right_only,,False
2019-03-05,,14728.38,right_only,,False
2019-03-06,,14643.09,right_only,,False
2019-03-07,,14904.03,right_only,,False
2019-03-10,,14980.62,right_only,,False
2019-03-11,,15098.12,right_only,,False
2019-03-12,,15139.86,right_only,,False
2019-03-13,,15125.84,right_only,,False
2019-03-14,,14991.34,right_only,,False
2019-03-17,,15033.48,right_only,,False
2019-03-18,,14910.78,right_only,,False
2019-03-19,,14645.53,right_only,,False
2019-03-20,,14724.4,right_only,,False
2019-03-21,,14782.81,right_only,,False
2019-03-24,,14840.9,right_only,,False
2019-03-25,,14670.8,right_only,,False
2019-03-26,,14637.4,right_only,,False
2019-03-27,,14554.66,right_only,,False
2019-03-28,,14665.81,right_only,,False
2019-03-31,,14737.88,right_only,,False
2019-04-01,,14954.14,right_only,,False
2019-04-02,,15166.46,right_only,,False
2019-04-03,,15197.84,right_only,,False
2019-04-04,,15247.81,right_only,,False
2019-04-07,,15135.47,right_only,,False
2019-04-08,,15111.09,right_only,,False
2019-04-09,,15088.55,right_only,,False
2019-04-10,,15106.54,right_only,,False
2019-04-11,,15105.96,right_only,,False
2019-04-14,,15068.96,right_only,,False
2019-04-15,,15055.42,right_only,,False
2019-04-16,,14973.01,right_only,,False
2019-04-17,,14864.01,right_only,,False
2019-04-18,,14876.37,right_only,,False
2019-04-21,,14838.63,right_only,,False
2019-04-22,,14801.26,right_only,,False
2019-04-23,,14645.78,right_only,,False
2019-04-24,,14770.27,right_only,,False
2019-04-30,,14920.15,right_only,,False
2019-05-02,,14880.39,right_only,,False
2019-05-05,,14511.54,right_only,,False
2019-05-06,,14204.59,right_only,,False
2019-05-07,,14389.91,right_only,,False
2019-05-08,,14026.81,right_only,,False
2019-05-09,,14060.0,right_only,,False
2019-05-12,,14122.1,right_only,,False
2019-05-13,,13905.73,right_only,,False
2019-05-14,,14024.15,right_only,,False
2019-05-15,,13809.46,right_only,,False
2019-05-16,,13659.73,right_only,,False
2019-05-19,,13520.82,right_only,,False
2019-05-20,,13379.46,right_only,,False
2019-05-21,,13614.21,right_only,,False
2019-05-22,,13664.23,right_only,,False
2019-05-23,,13776.85,right_only,,False
2019-05-26,,13981.88,right_only,,False
2019-05-27,,13960.47,right_only,,False
2019-05-28,,14028.0,right_only,,False
2019-05-29,,13974.13,right_only,,False
2019-05-30,,13771.31,right_only,,False
2019-06-02,,13690.72,right_only,,False
2019-06-03,,13787.8,right_only,,False
2019-06-09,,13911.66,right_only,,False
2019-06-10,,14148.88,right_only,,False
2019-06-11,,14206.18,right_only,,False
2019-06-12,,14158.11,right_only,,False
2019-06-13,,14180.53,right_only,,False
2019-06-16,,14210.09,right_only,,False
2019-06-17,,14241.21,right_only,,False
2019-06-18,,14202.86,right_only,,False
2019-06-19,,14132.18,right_only,,False
2019-06-20,,14043.42,right_only,,False
2019-06-23,,14017.34,right_only,,False
2019-06-24,,13867.47,right_only,,False
2019-06-25,,13831.23,right_only,,False
2019-06-26,,14006.99,right_only,,False
2019-06-27,,14100.74,right_only,,False
2019-07-02,,14136.58,right_only,,False
2019-07-03,,14137.22,right_only,,False
2019-07-04,,13997.4,right_only,,False
2019-07-07,,14013.04,right_only,,False
2019-07-08,,14043.33,right_only,,False
2019-07-09,,14097.43,right_only,,False
2019-07-10,,14013.26,right_only,,False
2019-07-11,,13813.56,right_only,,False
2019-07-14,,13672.13,right_only,,False
2019-07-15,,13627.89,right_only,,False
2019-07-16,,13721.82,right_only,,False
2019-07-17,,13641.94,right_only,,False
2019-07-18,,13670.27,right_only,,False
2019-07-21,,13576.26,right_only,,False
2019-07-22,,13684.57,right_only,,False
2019-07-24,,13617.89,right_only,,False
2019-07-25,,13510.06,right_only,,False
2019-07-28,,13460.0,right_only,,False
2019-07-29,,13421.91,right_only,,False
2019-07-30,,13364.63,right_only,,False
2019-07-31,,13392.47,right_only,,False
2019-08-01,,13525.93,right_only,,False
2019-08-04,,13616.26,right_only,,False
2019-08-05,,13598.66,right_only,,False
2019-08-06,,13655.91,right_only,,False
2019-08-07,,13880.57,right_only,,False
2019-08-08,,14180.44,right_only,,False
2019-08-14,,14540.56,right_only,,False
2019-08-15,,14295.13,right_only,,False
2019-08-18,,14399.7,right_only,,False
2019-08-19,,14304.37,right_only,,False
2019-08-20,,14428.08,right_only,,False
2019-08-21,,14357.18,right_only,,False
2019-08-22,,14333.16,right_only,,False
2019-08-25,,14340.51,right_only,,False
2019-08-26,,14291.03,right_only,,False
2019-08-27,,14283.5,right_only,,False
2019-08-28,,14595.51,right_only,,False
2019-08-29,,14835.36,right_only,,False
2019-09-01,,14931.66,right_only,,False
2019-09-02,,15110.23,right_only,,False
2019-09-03,,14999.58,right_only,,False
2019-09-04,,14841.38,right_only,,False
2019-09-05,,14933.18,right_only,,False
2019-09-08,,14931.11,right_only,,False
2019-09-09,,14887.78,right_only,,False
2019-09-10,,14956.36,right_only,,False
2019-09-11,,15014.82,right_only,,False
2019-09-12,,15110.37,right_only,,False
2019-09-15,,15023.23,right_only,,False
2019-09-16,,14970.24,right_only,,False
2019-09-17,,14752.45,right_only,,False
2019-09-18,,14745.1,right_only,,False
2019-09-19,,14742.07,right_only,,False
2019-09-22,,13958.11,right_only,,False
2019-09-23,,13753.19,right_only,,False
2019-09-24,,13170.2,right_only,,False
2019-09-25,,13594.61,right_only,,False
2019-09-26,,13857.12,right_only,,False
2019-09-29,,14315.79,right_only,,False
2019-09-30,,14257.75,right_only,,False
2019-10-01,,14496.84,right_only,,False
2019-10-02,,14381.15,right_only,,False
2019-10-03,,14217.81,right_only,,False
2019-10-07,,14431.72,right_only,,False
2019-10-08,,14348.57,right_only,,False
2019-10-09,,14182.7,right_only,,False
2019-10-10,,14302.27,right_only,,False
2019-10-13,,14220.47,right_only,,False
2019-10-14,,14180.76,right_only,,False
2019-10-15,,14060.82,right_only,,False
2019-10-16,,14209.23,right_only,,False
2019-10-17,,14205.86,right_only,,False
2019-10-20,,14239.45,right_only,,False
2019-10-21,,14178.51,right_only,,False
2019-10-22,,14201.32,right_only,,False
2019-10-23,,14126.51,right_only,,False
2019-10-24,,14206.67,right_only,,False
2019-10-27,,14237.39,right_only,,False
2019-10-28,,14301.09,right_only,,False
2019-10-29,,14465.47,right_only,,False
2019-10-30,,14477.79,right_only,,False
2019-10-31,,14558.02,right_only,,False
2019-11-03,,14622.75,right_only,,False
2019-11-04,,14625.78,right_only,,False
2019-11-05,,14789.61,right_only,,False
2019-11-06,,14709.79,right_only,,False
2019-11-07,,14795.87,right_only,,False
2019-11-11,,14769.95,right_only,,False
2019-11-12,,14669.98,right_only,,False
2019-11-13,,14607.69,right_only,,False
2019-11-14,,14545.54,right_only,,False
2019-11-17,,14556.32,right_only,,False
2019-11-18,,14378.59,right_only,,False
2019-11-19,,14313.46,right_only,,False
2019-11-20,,14224.38,right_only,,False
2019-11-21,,14094.58,right_only,,False
2019-11-24,,14050.16,right_only,,False
2019-11-25,,13974.14,right_only,,False
2019-11-26,,13781.96,right_only,,False
2019-11-27,,13759.7,right_only,,False
2019-11-28,,13849.46,right_only,,False
2019-12-01,,13780.63,right_only,,False
2019-12-02,,13537.8,right_only,,False
2019-12-03,,13469.6,right_only,,False
2019-12-04,,13635.52,right_only,,False
2019-12-05,,13622.13,right_only,,False
2019-12-08,,13493.69,right_only,,False
2019-12-09,,13442.52,right_only,,False
2019-12-10,,13509.02,right_only,,False
2019-12-11,,13427.22,right_only,,False
2019-12-12,,13358.47,right_only,,False
2019-12-15,,13433.54,right_only,,False
2019-12-16,,13404.42,right_only,,False
2019-12-17,,13627.19,right_only,,False
2019-12-18,,13793.99,right_only,,False
2019-12-19,,13837.19,right_only,,False
2019-12-22,,13892.65,right_only,,False
2019-12-23,,13902.43,right_only,,False
2019-12-24,,13805.43,right_only,,False
2019-12-25,,13747.68,right_only,,False
2019-12-26,,13884.95,right_only,,False
2019-12-29,,13812.98,right_only,,False
2019-12-30,,13937.26,right_only,,False
2019-12-31,,13961.56,right_only,,False
2020-01-02,,13899.54,right_only,,False
2020-01-05,,13283.66,right_only,,False
2020-01-06,,13212.66,right_only,,False
2020-01-08,,13542.48,right_only,,False
2020-01-09,,13729.81,right_only,,False
2020-01-12,,13802.57,right_only,,False
2020-01-13,,13698.64,right_only,,False
2020-01-14,,13756.64,right_only,,False
2020-01-15,,13769.64,right_only,,False
2020-01-16,,13824.16,right_only,,False
2020-01-19,,13918.18,right_only,,False
2020-01-20,,13773.73,right_only,,False
2020-01-21,,13639.72,right_only,,False
2020-01-22,,13752.11,right_only,,False
2020-01-23,,13728.09,right_only,,False
2020-01-26,,13721.45,right_only,,False
2020-01-27,,13639.69,right_only,,False
2020-01-28,,13620.58,right_only,,False
2020-01-29,,13762.84,right_only,,False
2020-01-30,,13918.84,right_only,,False
2020-02-02,,13888.89,right_only,,False
2020-02-03,,13878.33,right_only,,False
2020-02-04,,13915.05,right_only,,False
2020-02-05,,13987.16,right_only,,False
2020-02-06,,14105.86,right_only,,False
2020-02-09,,14108.24,right_only,,False
2020-02-10,,13979.36,right_only,,False
2020-02-11,,14009.32,right_only,,False
2020-02-12,,13845.16,right_only,,False
2020-02-13,,13859.45,right_only,,False
2020-02-16,,13737.4,right_only,,False
2020-02-17,,13800.25,right_only,,False
2020-02-18,,13636.93,right_only,,False
2020-02-19,,13694.99,right_only,,False
2020-02-20,,13720.65,right_only,,False
2020-02-23,,13688.05,right_only,,False
2020-02-24,,13441.86,right_only,,False
2020-02-25,,13328.26,right_only,,False
2020-02-26,,13200.66,right_only,,False
2020-02-27,,13008.94,right_only,,False
2020-03-01,,12222.59,right_only,,False
2020-03-02,,12289.87,right_only,,False
2020-03-03,,12419.52,right_only,,False
2020-03-04,,12182.46,right_only,,False
2020-03-05,,12347.65,right_only,,False
2020-03-08,,11849.39,right_only,,False
2020-03-09,,10983.48,right_only,,False
2020-03-10,,11199.96,right_only,,False
2020-03-11,,11194.12,right_only,,False
2020-03-15,,10148.34,right_only,,False
2020-03-16,,9428.94,right_only,,False
2020-03-17,,9201.65,right_only,,False
2020-03-18,,8756.7,right_only,,False
2020-03-19,,9205.58,right_only,,False
2020-03-22,,9750.66,right_only,,False
2020-03-23,,10047.44,right_only,,False
2020-03-24,,9770.48,right_only,,False
2020-03-25,,9865.67,right_only,,False
2020-03-26,,9912.98,right_only,,False
2020-03-29,,9760.18,right_only,,False
2020-03-30,,9521.43,right_only,,False
2020-03-31,,9593.94,right_only,,False
2020-04-01,,9424.89,right_only,,False
2020-04-02,,9455.38,right_only,,False
2020-04-05,,9272.88,right_only,,False
2020-04-06,,9446.99,right_only,,False
2020-04-07,,9840.62,right_only,,False
2020-04-08,,10095.57,right_only,,False
2020-04-09,,10321.97,right_only,,False
2020-04-12,,10237.47,right_only,,False
2020-04-13,,10353.72,right_only,,False
2020-04-14,,10458.16,right_only,,False
2020-04-15,,10342.13,right_only,,False
2020-04-16,,10154.64,right_only,,False
2020-04-21,,9874.94,right_only,,False
2020-04-22,,9801.33,right_only,,False
2020-04-23,,10120.46,right_only,,False
2020-04-26,,10377.24,right_only,,False
2020-04-27,,10376.0,right_only,,False
2020-04-28,,10415.12,right_only,,False
2020-04-29,,10545.26,right_only,,False
2020-04-30,,10554.04,right_only,,False
2020-05-03,,10199.85,right_only,,False
2020-05-04,,10081.96,right_only,,False
2020-05-05,,10188.31,right_only,,False
2020-05-06,,10293.95,right_only,,False
2020-05-07,,10176.73,right_only,,False
2020-05-10,,10257.75,right_only,,False
2020-05-11,,10296.33,right_only,,False
2020-05-12,,10588.36,right_only,,False
2020-05-13,,10396.28,right_only,,False
2020-05-14,,10287.21,right_only,,False
2020-05-17,,10357.44,right_only,,False
2020-05-18,,10278.93,right_only,,False
2020-05-19,,10357.24,right_only,,False
2020-05-20,,10205.4,right_only,,False
2020-05-21,,10109.91,right_only,,False
2020-05-31,,10220.14,right_only,,False
2020-06-01,,10227.38,right_only,,False
2020-06-02,,10338.71,right_only,,False
2020-06-03,,10424.1,right_only,,False
2020-06-04,,10621.14,right_only,,False
2020-06-07,,11108.62,right_only,,False
2020-06-08,,11146.53,right_only,,False
2020-06-09,,11063.04,right_only,,False
2020-06-10,,10933.58,right_only,,False
2020-06-11,,10831.92,right_only,,False
2020-06-14,,10731.17,right_only,,False
2020-06-15,,10668.42,right_only,,False
2020-06-16,,10935.32,right_only,,False
2020-06-17,,10905.75,right_only,,False
2020-06-18,,10857.87,right_only,,False
2020-06-21,,10823.91,right_only,,False
2020-06-22,,10742.36,right_only,,False
2020-06-23,,10764.82,right_only,,False
2020-06-24,,11039.54,right_only,,False
2020-06-25,,10890.48,right_only,,False
2020-06-28,,10848.65,right_only,,False
2020-06-29,,10750.1,right_only,,False
2020-06-30,,10764.59,right_only,,False
2020-07-05,,10959.35,right_only,,False
2020-07-06,,11087.64,right_only,,False
2020-07-07,,11050.2,right_only,,False
2020-07-08,,11127.85,right_only,,False
2020-07-09,,10957.02,right_only,,False
2020-07-12,,11071.96,right_only,,False
2020-07-13,,11007.85,right_only,,False
2020-07-14,,10873.53,right_only,,False
2020-07-15,,10617.42,right_only,,False
2020-07-16,,10441.2,right_only,,False
2020-07-19,,10281.16,right_only,,False
2020-07-20,,10380.45,right_only,,False
2020-07-21,,10558.35,right_only,,False
2020-07-22,,10459.92,right_only,,False
2020-07-26,,10524.45,right_only,,False
2020-07-27,,10575.47,right_only,,False
2020-07-28,,10568.84,right_only,,False
2020-07-29,,10599.46,right_only,,False
2020-08-04,,10620.1,right_only,,False
2020-08-05,,10704.33,right_only,,False
2020-08-06,,10817.29,right_only,,False
2020-08-09,,10962.52,right_only,,False
2020-08-10,,10938.23,right_only,,False
2020-08-11,,10919.47,right_only,,False
2020-08-12,,10922.33,right_only,,False
2020-08-13,,10944.18,right_only,,False
2020-08-16,,11120.26,right_only,,False
2020-08-17,,11142.77,right_only,,False
2020-08-18,,11077.11,right_only,,False
2020-08-19,,11160.05,right_only,,False
2020-08-23,,11391.08,right_only,,False
2020-08-24,,11433.76,right_only,,False
2020-08-25,,11461.62,right_only,,False
2020-08-26,,11453.78,right_only,,False
2020-08-27,,11462.45,right_only,,False
2020-08-30,,11434.81,right_only,,False
2020-08-31,,11365.99,right_only,,False
2020-09-01,,11233.94,right_only,,False
2020-09-02,,11214.22,right_only,,False
2020-09-03,,11180.81,right_only,,False
2020-09-06,,11073.02,right_only,,False
2020-09-07,,11136.03,right_only,,False
2020-09-08,,10951.29,right_only,,False
2020-09-09,,10929.89,right_only,,False
2020-09-10,,11070.84,right_only,,False
2020-09-13,,11091.67,right_only,,False
2020-09-14,,11034.38,right_only,,False
2020-09-15,,11028.06,right_only,,False
2020-09-16,,11088.2,right_only,,False
2020-09-17,,11050.89,right_only,,False
2020-09-20,,10969.32,right_only,,False
2020-09-21,,10910.37,right_only,,False
2020-09-22,,10963.01,right_only,,False
2020-09-23,,10979.44,right_only,,False
2020-09-24,,10911.44,right_only,,False
2020-09-27,,10902.22,right_only,,False
2020-09-28,,10969.94,right_only,,False
2020-09-29,,10987.19,right_only,,False
2020-09-30,,10989.27,right_only,,False
2020-10-01,,11051.3,right_only,,False
2020-10-04,,11071.46,right_only,,False
2020-10-05,,11007.69,right_only,,False
2020-10-06,,11146.18,right_only,,False
2020-10-07,,11326.98,right_only,,False
2020-10-11,,11360.37,right_only,,False
2020-10-12,,11397.65,right_only,,False
2020-10-13,,11291.81,right_only,,False
2020-10-14,,11333.91,right_only,,False
2020-10-15,,11322.71,right_only,,False
2020-10-18,,11185.15,right_only,,False
2020-10-19,,11171.36,right_only,,False
2020-10-20,,11157.62,right_only,,False
2020-10-21,,11101.63,right_only,,False
2020-10-22,,10987.43,right_only,,False
2020-10-25,,10602.98,right_only,,False
2020-10-26,,10511.94,right_only,,False
2020-10-27,,10559.71,right_only,,False
2020-10-28,,10515.25,right_only,,False
2020-11-01,,10456.33,right_only,,False
2020-11-02,,10429.34,right_only,,False
2020-11-03,,10512.16,right_only,,False
2020-11-04,,10556.89,right_only,,False
2020-11-05,,10629.29,right_only,,False
2020-11-08,,10680.27,right_only,,False
2020-11-09,,10838.66,right_only,,False
2020-11-10,,11077.25,right_only,,False
2020-11-11,,10997.65,right_only,,False
2020-11-12,,11017.28,right_only,,False
2020-11-15,,10953.13,right_only,,False
2020-11-16,,10991.61,right_only,,False
2020-11-17,,11063.98,right_only,,False
2020-11-18,,10989.72,right_only,,False
2020-11-19,,10898.67,right_only,,False
2020-11-22,,10858.26,right_only,,False
2020-11-23,,10885.11,right_only,,False
2020-11-24,,10997.35,right_only,,False
2020-11-25,,11068.44,right_only,,False
2020-11-26,,10980.96,right_only,,False
2020-11-29,,11009.27,right_only,,False
2020-11-30,,10943.35,right_only,,False
2020-12-01,,11040.78,right_only,,False
2020-12-02,,11023.34,right_only,,False
2020-12-03,,11015.01,right_only,,False
2020-12-06,,11024.84,right_only,,False
2020-12-07,,10995.13,right_only,,False
2020-12-08,,11019.08,right_only,,False
2020-12-09,,11018.09,right_only,,False
2020-12-10,,10987.39,right_only,,False
2020-12-13,,11003.77,right_only,,False
2020-12-14,,11047.97,right_only,,False
2020-12-15,,11057.62,right_only,,False
2020-12-16,,10983.03,right_only,,False
2020-12-17,,10844.58,right_only,,False
2020-12-20,,10890.3,right_only,,False
2020-12-21,,10581.76,right_only,,False
2020-12-22,,10655.91,right_only,,False
2020-12-23,,10677.51,right_only,,False
2020-12-24,,10683.86,right_only,,False
2020-12-27,,10585.56,right_only,,False
2020-12-28,,10658.55,right_only,,False
2020-12-29,,10736.88,right_only,,False
2020-12-30,,10867.76,right_only,,False
2020-12-31,,10845.26,right_only,,False
2021-01-03,,10845.03,right_only,,False
2021-01-04,,10813.78,right_only,,False
2021-01-05,,10829.96,right_only,,False
2021-01-06,,10952.14,right_only,,False
2021-01-10,,11213.48,right_only,,False
2021-01-11,,11278.72,right_only,,False
2021-01-12,,11339.75,right_only,,False
2021-01-13,,11388.9,right_only,,False
2021-01-14,,11453.43,right_only,,False
2021-01-17,,11446.53,right_only,,False
2021-01-18,,11450.54,right_only,,False
2021-01-19,,11485.8,right_only,,False
2021-01-20,,11598.9,right_only,,False
2021-01-21,,11654.58,right_only,,False
2021-01-24,,11525.25,right_only,,False
2021-01-25,,11509.63,right_only,,False
2021-01-26,,11527.34,right_only,,False
2021-01-27,,11578.84,right_only,,False
2021-01-31,,11546.15,right_only,,False
2021-02-01,,11589.34,right_only,,False
2021-02-02,,11637.55,right_only,,False
2021-02-03,,11619.14,right_only,,False
2021-02-04,,11598.85,right_only,,False
2021-02-07,,11602.78,right_only,,False
2021-02-08,,11523.06,right_only,,False
2021-02-09,,11447.73,right_only,,False
2021-02-10,,11545.03,right_only,,False
2021-02-11,,11546.32,right_only,,False
2021-02-14,,11506.72,right_only,,False
2021-02-15,,11526.77,right_only,,False
2021-02-16,,11534.05,right_only,,False
2021-02-17,,11413.17,right_only,,False
2021-02-18,,11380.55,right_only,,False
2021-02-21,,11425.85,right_only,,False
2021-02-22,,11549.97,right_only,,False
2021-02-23,,11416.74,right_only,,False
2021-02-24,,11435.43,right_only,,False
2021-02-25,,11617.91,right_only,,False
2021-02-28,,11525.02,right_only,,False
2021-03-01,,11521.38,right_only,,False
2021-03-02,,11471.39,right_only,,False
2021-03-03,,11393.25,right_only,,False
2021-03-04,,11333.86,right_only,,False
2021-03-07,,11557.85,right_only,,False
2021-03-08,,11459.51,right_only,,False
2021-03-09,,11337.46,right_only,,False
2021-03-10,,11235.6,right_only,,False
2021-03-11,,11261.35,right_only,,False
2021-03-14,,11289.57,right_only,,False
2021-03-15,,11222.33,right_only,,False
2021-03-16,,11190.8,right_only,,False
2021-03-17,,11068.37,right_only,,False
2021-03-18,,10918.4,right_only,,False
2021-03-21,,10802.29,right_only,,False
2021-03-22,,10537.22,right_only,,False
2021-03-23,,10471.36,right_only,,False
2021-03-24,,10702.18,right_only,,False
2021-03-25,,10870.46,right_only,,False
2021-03-28,,10867.69,right_only,,False
2021-03-29,,10738.42,right_only,,False
2021-03-30,,10739.69,right_only,,False
2021-03-31,,10568.37,right_only,,False
2021-04-01,,10564.88,right_only,,False
2021-04-04,,10417.15,right_only,,False
2021-04-05,,10256.92,right_only,,False
2021-04-06,,10263.22,right_only,,False
2021-04-07,,10227.67,right_only,,False
2021-04-08,,10303.55,right_only,,False
2021-04-11,,10393.13,right_only,,False
2021-04-12,,10450.09,right_only,,False
2021-04-13,,10305.81,right_only,,False
2021-04-14,,10115.51,right_only,,False
2021-04-15,,10143.21,right_only,,False
2021-04-18,,10358.26,right_only,,False
2021-04-19,,10441.0,right_only,,False
2021-04-20,,10620.05,right_only,,False
2021-04-21,,10642.49,right_only,,False
2021-04-22,,10600.07,right_only,,False
2021-04-25,,10604.28,right_only,,False
2021-04-26,,10525.84,right_only,,False
2021-04-27,,10591.42,right_only,,False
2021-04-28,,10475.26,right_only,,False
2021-05-04,,10465.59,right_only,,False
2021-05-05,,10512.84,right_only,,False
2021-05-06,,10588.09,right_only,,False
2021-05-09,,10643.63,right_only,,False
2021-05-10,,10686.03,right_only,,False
2021-05-11,,10767.84,right_only,,False
2021-05-17,,10674.67,right_only,,False
2021-05-18,,10780.9,right_only,,False
2021-05-19,,10806.23,right_only,,False
2021-05-20,,10731.96,right_only,,False
2021-05-23,,10812.06,right_only,,False
2021-05-24,,10760.95,right_only,,False
2021-05-25,,10531.83,right_only,,False
2021-05-26,,10369.57,right_only,,False
2021-05-27,,10242.3,right_only,,False
2021-05-30,,10301.58,right_only,,False
2021-05-31,,10309.06,right_only,,False
2021-06-01,,10240.21,right_only,,False
2021-06-02,,10120.95,right_only,,False
2021-06-03,,10054.81,right_only,,False
2021-06-06,,10122.44,right_only,,False
2021-06-07,,10105.04,right_only,,False
2021-06-08,,9963.91,right_only,,False
2021-06-09,,10042.18,right_only,,False
2021-06-10,,9977.9,right_only,,False
2021-06-13,,9887.19,right_only,,False
2021-06-14,,9933.35,right_only,,False
2021-06-15,,9891.18,right_only,,False
2021-06-16,,9880.49,right_only,,False
2021-06-17,,9865.59,right_only,,False
2021-06-20,,9797.91,right_only,,False
2021-06-21,,10061.58,right_only,,False
2021-06-22,,10206.24,right_only,,False
2021-06-23,,10272.72,right_only,,False
2021-06-24,,10278.86,right_only,,False
2021-06-27,,10305.02,right_only,,False
2021-06-28,,10273.92,right_only,,False
2021-06-29,,10123.06,right_only,,False
2021-06-30,,10256.62,right_only,,False
2021-07-04,,10345.66,right_only,,False
2021-07-05,,10348.29,right_only,,False
2021-07-06,,10154.79,right_only,,False
2021-07-07,,10277.25,right_only,,False
2021-07-08,,10184.8,right_only,,False
2021-07-11,,10153.47,right_only,,False
2021-07-12,,10233.7,right_only,,False
2021-07-13,,10431.99,right_only,,False
2021-07-14,,10602.41,right_only,,False
2021-07-15,,10561.28,right_only,,False
2021-07-18,,10646.85,right_only,,False
2021-07-25,,10745.69,right_only,,False
2021-07-26,,10697.32,right_only,,False
2021-07-27,,10763.26,right_only,,False
2021-07-28,,10769.22,right_only,,False
2021-07-29,,10742.23,right_only,,False
2021-08-01,,10810.21,right_only,,False
2021-08-02,,10821.88,right_only,,False
2021-08-03,,10726.33,right_only,,False
2021-08-04,,10718.89,right_only,,False
2021-08-05,,10723.18,right_only,,False
2021-08-08,,10738.67,right_only,,False
2021-08-09,,10800.39,right_only,,False
2021-08-10,,10853.83,right_only,,False
2021-08-11,,10884.5,right_only,,False
2021-08-15,,11029.56,right_only,,False
2021-08-16,,11046.15,right_only,,False
2021-08-17,,10937.69,right_only,,False
2021-08-18,,10907.96,right_only,,False
2021-08-19,,10808.7,right_only,,False
2021-08-22,,10690.79,right_only,,False
2021-08-23,,10884.29,right_only,,False
2021-08-24,,10950.24,right_only,,False
2021-08-25,,11064.43,right_only,,False
2021-08-26,,11125.55,right_only,,False
2021-08-29,,11113.74,right_only,,False
2021-08-30,,11163.23,right_only,,False
2021-08-31,,11143.8,right_only,,False
2021-09-01,,11283.7,right_only,,False
2021-09-02,,11301.36,right_only,,False
2021-09-05,,11095.89,right_only,,False
2021-09-06,,11064.17,right_only,,False
2021-09-07,,11089.8,right_only,,False
2021-09-08,,11135.48,right_only,,False
2021-09-09,,11056.27,right_only,,False
2021-09-12,,11036.93,right_only,,False
2021-09-13,,11140.22,right_only,,False
2021-09-14,,11187.82,right_only,,False
2021-09-15,,11149.36,right_only,,False
2021-09-16,,10996.76,right_only,,False
2021-09-19,,10889.65,right_only,,False
2021-09-20,,10710.56,right_only,,False
2021-09-21,,10498.52,right_only,,False
2021-09-22,,10596.06,right_only,,False
2021-09-23,,10642.02,right_only,,False
2021-09-26,,10649.76,right_only,,False
2021-09-27,,10496.0,right_only,,False
2021-09-28,,10446.78,right_only,,False
2021-09-29,,10391.14,right_only,,False
2021-09-30,,10517.03,right_only,,False
2021-10-03,,10366.44,right_only,,False
2021-10-04,,10427.44,right_only,,False
2021-10-05,,10432.63,right_only,,False
2021-10-06,,10536.39,right_only,,False
2021-10-10,,10662.96,right_only,,False
2021-10-11,,10714.78,right_only,,False
2021-10-12,,10783.92,right_only,,False
2021-10-13,,10881.4,right_only,,False
2021-10-14,,10995.59,right_only,,False
2021-10-17,,11155.57,right_only,,False
2021-10-18,,11276.17,right_only,,False
2021-10-19,,11195.05,right_only,,False
2021-10-20,13.739999771118164,11132.07,both,-11118.33,False
2021-10-24,13.880000114440918,11185.88,both,-11172.0,False
2021-10-25,13.710000038146973,11178.0,both,-11164.29,False
2021-10-26,13.84000015258789,11256.54,both,-11242.7,False
2021-10-27,13.600000381469728,11364.2,both,-11350.6,False
2021-10-28,13.56999969482422,11506.63,both,-11493.06,False
2021-10-31,13.399999618530272,11420.19,both,-11406.79,False
2021-11-01,13.6899995803833,11568.27,both,-11554.58,False
2021-11-02,13.9399995803833,11676.38,both,-11662.44,False
2021-11-03,13.899999618530272,11685.12,both,-11671.22,False
2021-11-04,13.84000015258789,11612.84,both,-11599.0,False
2021-11-07,13.84000015258789,11555.58,both,-11541.74,False
2021-11-08,13.84000015258789,11497.51,both,-11483.67,False
2021-11-09,13.84000015258789,11588.42,both,-11574.58,False
2021-11-10,13.829999923706056,11480.5,both,-11466.67,False
2021-11-11,14.40999984741211,11573.14,both,-11558.73,False
2021-11-14,14.600000381469728,11662.99,both,-11648.39,False
2021-11-15,14.289999961853027,11496.63,both,-11482.34,False
2021-11-16,14.210000038146973,11413.21,both,-11399.0,False
2021-11-17,14.449999809265137,11453.3,both,-11438.85,False
2021-11-18,14.5,11337.99,both,-11323.49,False
2021-11-21,14.350000381469728,11273.11,both,-11258.76,False
2021-11-22,14.350000381469728,11359.03,both,-11344.68,False
2021-11-23,14.520000457763672,11369.22,both,-11354.7,False
2021-11-24,14.5,11352.64,both,-11338.14,False
2021-11-25,14.600000381469728,11431.24,both,-11416.64,False
2021-11-28,14.600000381469728,11277.83,both,-11263.23,False
2021-11-29,14.5600004196167,11212.3,both,-11197.74,False
2021-11-30,14.359999656677246,11395.6,both,-11381.24,False
2021-12-01,14.789999961853027,11420.0,both,-11405.21,False
2021-12-02,14.850000381469728,11318.35,both,-11303.5,False
2021-12-05,14.880000114440918,11401.33,both,-11386.45,False
2021-12-06,15.06999969482422,11514.87,both,-11499.8,False
2021-12-07,15.220000267028809,11538.26,both,-11523.04,False
2021-12-08,15.56999969482422,11451.14,both,-11435.57,False
2021-12-09,15.859999656677246,11534.63,both,-11518.77,False
2021-12-12,15.989999771118164,11708.05,both,-11692.06,False
2021-12-13,15.90999984741211,11700.4,both,-11684.49,False
2021-12-14,15.90999984741211,11618.01,both,-11602.1,False
2021-12-15,15.979999542236328,11622.1,both,-11606.12,False
2021-12-16,16.25,11667.73,both,-11651.48,False
2021-12-19,15.9399995803833,11565.72,both,-11549.78,False
2021-12-20,15.9399995803833,11482.43,both,-11466.49,False
2021-12-21,16.0,11524.66,both,-11508.66,False
2021-12-22,16.540000915527344,11630.63,both,-11614.09,False
2021-12-23,16.8700008392334,11755.46,both,-11738.59,False
2021-12-26,16.690000534057617,11856.21,both,-11839.52,False
2021-12-27,16.520000457763672,11849.79,both,-11833.27,False
2021-12-28,16.760000228881836,11913.44,both,-11896.68,False
2021-12-29,16.760000228881836,11898.42,both,-11881.66,False
2021-12-30,16.770000457763672,11949.18,both,-11932.41,False
2022-01-02,16.780000686645508,11909.72,both,-11892.94,False
2022-01-03,16.75,11897.4,both,-11880.65,False
2022-01-04,16.90999984741211,11982.61,both,-11965.7,False
2022-01-05,17.100000381469727,12043.42,both,-12026.32,False
2022-01-09,17.100000381469727,11978.56,both,-11961.46,False
2022-01-10,17.020000457763672,12022.69,both,-12005.67,False
2022-01-11,17.020000457763672,12002.08,both,-11985.06,False
2022-01-12,17.5,12060.0,both,-12042.5,False
2022-01-13,17.299999237060547,12012.31,both,-11995.01,False
2022-01-16,16.899999618530273,11830.94,both,-11814.04,False
2022-01-17,16.8700008392334,11859.12,both,-11842.25,False
2022-01-18,16.899999618530273,11876.44,both,-11859.54,False
2022-01-19,16.709999084472656,11715.01,both,-11698.3,False
2022-01-20,16.610000610351562,11731.71,both,-11715.1,False
2022-01-23,16.350000381469727,11655.72,both,-11639.37,False
2022-01-24,16.5,11616.13,both,-11599.63,False
2022-01-25,16.450000762939453,11542.43,both,-11525.98,False
2022-01-26,16.229999542236328,11499.85,both,-11483.62,False
2022-01-30,16.299999237060547,11457.46,both,-11441.16,False
2022-01-31,16.8700008392334,11490.45,both,-11473.58,False
2022-02-01,16.899999618530273,11603.33,both,-11586.43,False
2022-02-02,16.989999771118164,11691.82,both,-11674.83,False
2022-02-03,16.8799991607666,11638.06,both,-11621.18,False
2022-02-06,16.850000381469727,11689.55,both,-11672.7,False
2022-02-07,16.989999771118164,11548.61,both,-11531.62,False
2022-02-08,17.149999618530273,11527.9,both,-11510.75,False
2022-02-09,17.639999389648438,11596.29,both,-11578.65,False
2022-02-10,17.520000457763672,11578.54,both,-11561.02,False
2022-02-13,17.219999313354492,11438.12,both,-11420.9,False
2022-02-14,17.25,11403.34,both,-11386.09,False
2022-02-15,17.549999237060547,11563.38,both,-11545.83,False
2022-02-16,17.799999237060547,11568.14,both,-11550.34,False
2022-02-17,17.8799991607666,11535.02,both,-11517.14,False
2022-02-20,17.760000228881836,11371.21,both,-11353.45,False
2022-02-21,17.799999237060547,11501.92,both,-11484.12,False
2022-02-22,17.649999618530273,11302.49,both,-11284.84,False
2022-02-23,17.610000610351562,11301.08,both,-11283.47,False
2022-02-24,17.360000610351562,10890.88,both,-10873.52,False
2022-02-27,17.3700008392334,11174.09,both,-11156.72,False
2022-02-28,17.68000030517578,11138.86,both,-11121.18,False
2022-03-01,18.420000076293945,11275.78,both,-11257.36,False
2022-03-02,18.940000534057617,11189.29,both,-11170.35,False
2022-03-03,19.36000061035156,11305.55,both,-11286.19,False
2022-03-06,18.59000015258789,11094.66,both,-11076.07,False
2022-03-07,18.26000022888184,10701.14,both,-10682.88,False
2022-03-08,18.26000022888184,10396.83,both,-10378.57,False
2022-03-09,17.100000381469727,10415.73,both,-10398.63,False
2022-03-10,17.34000015258789,10453.59,both,-10436.25,False
2022-03-13,16.90999984741211,10480.67,both,-10463.76,False
2022-03-14,16.940000534057617,10419.56,both,-10402.62,False
2022-03-15,16.6299991607666,10423.09,both,-10406.46,False
2022-03-16,17.170000076293945,10705.6,both,-10688.43,False
2022-03-17,17.170000076293945,10726.44,both,-10709.27,False
2022-03-20,17.260000228881836,10973.72,both,-10956.46,False
2022-03-21,17.260000228881836,11511.15,both,-11493.89,False
2022-03-22,17.030000686645508,11663.32,both,-11646.29,False
2022-03-23,17.270000457763672,11743.91,both,-11726.64,False
2022-03-24,17.299999237060547,11709.16,both,-11691.86,False
2022-03-27,17.329999923706055,11545.61,both,-11528.28,False
2022-03-28,17.0,11240.79,both,-11223.79,False
2022-03-29,17.299999237060547,11393.54,both,-11376.24,False
2022-03-30,17.40999984741211,11239.21,both,-11221.8,False
2022-03-31,17.489999771118164,11238.48,both,-11220.99,False
2022-04-03,17.459999084472656,11562.21,both,-11544.75,False
2022-04-04,17.18000030517578,11529.18,both,-11512.0,False
2022-04-05,17.15999984741211,11380.85,both,-11363.69,False
2022-04-06,17.1200008392334,11347.96,both,-11330.84,False
2022-04-07,16.899999618530273,11101.94,both,-11085.04,False
2022-04-10,16.899999618530273,10897.61,both,-10880.71,False
2022-04-11,16.709999084472656,10728.66,both,-10711.95,False
2022-04-12,16.799999237060547,10898.69,both,-10881.89,False
2022-04-13,16.510000228881836,10847.46,both,-10830.95,False
2022-04-14,15.65999984741211,10679.55,both,-10663.89,False
2022-04-17,15.75,10707.93,both,-10692.18,False
2022-04-18,15.899999618530272,10724.8,both,-10708.9,False
2022-04-19,16.299999237060547,10626.81,both,-10610.51,False
2022-04-20,15.260000228881836,10444.76,both,-10429.5,False
2022-04-21,15.90999984741211,10548.14,both,-10532.23,False
2022-04-26,15.829999923706056,10682.08,both,-10666.25,False
2022-04-27,15.979999542236328,10718.22,both,-10702.24,False
2022-04-28,16.31999969482422,11047.7,both,-11031.38,False
2022-05-08,16.0,11109.22,both,-11093.22,False
2022-05-09,16.059999465942383,10906.72,both,-10890.66,False
2022-05-10,15.869999885559082,10811.45,both,-10795.58,False
2022-05-11,16.200000762939453,10855.93,both,-10839.73,False
2022-05-12,16.049999237060547,10678.98,both,-10662.93,False
2022-05-15,16.06999969482422,10534.22,both,-10518.15,False
2022-05-16,16.100000381469727,10461.88,both,-10445.78,False
2022-05-17,16.209999084472656,10438.95,both,-10422.74,False
2022-05-18,16.399999618530273,10467.63,both,-10451.23,False
2022-05-19,16.25,10549.97,both,-10533.72,False
2022-05-22,16.219999313354492,10462.74,both,-10446.52,False
2022-05-23,16.200000762939453,10514.95,both,-10498.75,False
2022-05-24,16.149999618530273,10415.54,both,-10399.39,False
2022-05-25,15.960000038146973,10247.43,both,-10231.47,False
2022-05-26,15.539999961853027,10200.56,both,-10185.02,False
2022-05-29,15.40999984741211,10086.72,both,-10071.31,False
2022-05-30,15.5,10109.36,both,-10093.86,False
2022-05-31,15.100000381469728,10150.05,both,-10134.95,False
2022-06-01,15.0600004196167,10083.98,both,-10068.92,False
2022-06-02,14.949999809265137,10007.51,both,-9992.56,False
2022-06-05,14.949999809265137,9986.0,both,-9971.05,False
2022-06-06,15.130000114440918,9984.92,both,-9969.79,False
2022-06-07,15.140000343322754,10048.36,both,-10033.22,False
2022-06-08,15.420000076293944,10236.06,both,-10220.64,False
2022-06-09,15.390000343322754,10235.43,both,-10220.04,False
2022-06-12,15.359999656677246,10097.55,both,-10082.19,False
2022-06-13,15.199999809265137,10014.85,both,-9999.65,False
2022-06-14,15.199999809265137,9981.22,both,-9966.02,False
2022-06-15,15.119999885559082,9969.97,both,-9954.85,False
2022-06-16,15.199999809265137,9866.75,both,-9851.55,False
2022-06-19,15.079999923706056,9728.19,both,-9713.11,False
2022-06-20,14.9399995803833,9680.18,both,-9665.24,False
2022-06-21,14.5,9697.88,both,-9683.38,False
2022-06-22,14.460000038146973,9612.9,both,-9598.44,False
2022-06-23,14.1899995803833,9439.85,both,-9425.66,False
2022-06-26,13.960000038146973,9443.75,both,-9429.79,False
2022-06-27,13.949999809265137,9255.43,both,-9241.48,False
2022-06-28,13.979999542236328,9179.63,both,-9165.65,False
2022-06-29,13.859999656677246,9225.61,both,-9211.75,False
2022-07-03,13.619999885559082,9008.89,both,-8995.27,False
2022-07-04,13.31999969482422,8685.74,both,-8672.42,False
2022-07-05,13.289999961853027,8657.5,both,-8644.21,False
2022-07-06,13.220000267028809,8670.12,both,-8656.9,False
2022-07-07,13.220000267028809,8764.25,both,-8751.03,False
2022-07-17,13.359999656677246,8772.93,both,-8759.57,False
2022-07-18,13.220000267028809,8867.94,both,-8854.72,False
2022-07-19,13.31999969482422,9033.53,both,-9020.21,False
2022-07-20,13.25,9112.72,both,-9099.47,False
2022-07-21,13.479999542236328,9289.81,both,-9276.33,False
2022-07-24,13.609999656677246,9276.28,both,-9262.67,False
2022-07-25,13.5,9237.7,both,-9224.2,False
2022-07-26,13.699999809265137,9350.42,both,-9336.72,False
2022-07-27,13.529999732971191,9287.92,both,-9274.39,False
2022-07-28,13.350000381469728,9369.32,both,-9355.97,False
2022-07-31,13.56999969482422,9467.08,both,-9453.51,False
2022-08-01,13.59000015258789,9423.1,both,-9409.51,False
2022-08-02,13.40999984741211,9442.02,both,-9428.61,False
2022-08-03,13.550000190734863,9539.43,both,-9525.88,False
2022-08-04,13.829999923706056,10043.23,both,-10029.4,False
2022-08-07,14.34000015258789,10123.81,both,-10109.47,False
2022-08-08,14.0600004196167,10047.71,both,-10033.65,False
2022-08-09,14.350000381469728,9968.88,both,-9954.53,False
2022-08-10,14.109999656677246,9965.46,both,-9951.35,False
2022-08-11,14.449999809265137,9988.84,both,-9974.39,False
2022-08-14,15.010000228881836,9984.44,both,-9969.43,False
2022-08-15,15.09000015258789,9914.71,both,-9899.62,False
2022-08-16,14.9399995803833,9843.17,both,-9828.23,False
2022-08-17,15.029999732971191,10058.12,both,-10043.09,False
2022-08-18,15.029999732971191,10094.16,both,-10079.13,False
2022-08-21,15.239999771118164,10339.58,both,-10324.34,False
2022-08-22,15.220000267028809,10246.24,both,-10231.02,False
2022-08-23,15.220000267028809,10137.89,both,-10122.67,False
2022-08-24,15.010000228881836,10105.24,both,-10090.23,False
2022-08-25,15.140000343322754,10287.27,both,-10272.13,False
2022-08-28,15.15999984741211,10178.15,both,-10162.99,False
2022-08-29,15.380000114440918,10122.32,both,-10106.94,False
2022-08-30,15.5600004196167,10132.15,both,-10116.59,False
2022-08-31,15.5600004196167,9998.61,both,-9983.05,False
2022-09-01,15.43000030517578,9936.87,both,-9921.44,False
2022-09-04,15.270000457763672,9996.74,both,-9981.47,False
2022-09-05,17.68000030517578,10177.64,both,-10159.96,False
2022-09-06,17.5,10329.66,both,-10312.16,False
2022-09-07,16.829999923706055,10232.29,both,-10215.46,False
2022-09-08,16.799999237060547,10265.35,both,-10248.55,False
2022-09-11,16.81999969482422,10356.31,both,-10339.49,False
2022-09-12,17.329999923706055,10434.1,both,-10416.77,False
2022-09-13,17.219999313354492,10397.12,both,-10379.9,False
2022-09-14,17.059999465942383,10193.79,both,-10176.73,False
2022-09-15,16.799999237060547,10079.02,both,-10062.22,False
2022-09-18,16.530000686645508,9763.19,both,-9746.66,False
2022-09-19,16.200000762939453,9854.21,both,-9838.01,False
2022-09-20,16.329999923706055,10010.53,both,-9994.2,False
2022-09-21,16.34000015258789,9955.85,both,-9939.51,False
2022-09-22,16.360000610351562,9933.05,both,-9916.69,False
2022-09-25,16.399999618530273,9895.04,both,-9878.64,False
2022-09-26,16.5,9827.8,both,-9811.3,False
2022-09-27,16.93000030517578,9817.37,both,-9800.44,False
2022-09-28,16.739999771118164,9702.19,both,-9685.45,False
2022-09-29,17.149999618530273,9827.46,both,-9810.31,False
2022-10-02,16.940000534057617,9687.36,both,-9670.42,False
2022-10-03,17.0,9685.85,both,-9668.85,False
2022-10-04,17.0,9923.81,both,-9906.81,False
2022-10-05,17.100000381469727,10010.78,both,-9993.68,False
2022-10-09,17.200000762939453,9940.86,both,-9923.66,False
2022-10-10,17.139999389648438,9948.53,both,-9931.39,False
2022-10-11,16.889999389648438,9867.23,both,-9850.34,False
2022-10-12,16.920000076293945,9800.64,both,-9783.72,False
2022-10-13,16.979999542236328,9853.74,both,-9836.76,False
2022-10-16,16.940000534057617,10048.88,both,-10031.94,False
2022-10-17,17.969999313354492,10148.4,both,-10130.43,False
2022-10-18,18.0,10163.56,both,-10145.56,False
2022-10-19,18.799999237060547,10156.34,both,-10137.54,False
2022-10-20,18.51000022888184,10273.53,both,-10255.02,False
2022-10-23,18.149999618530277,10258.24,both,-10240.09,False
2022-10-24,17.6299991607666,10320.88,both,-10303.25,False
2022-10-25,17.670000076293945,10475.02,both,-10457.35,False
2022-10-26,17.670000076293945,10553.2,both,-10535.53,False
2022-10-27,18.350000381469727,11072.02,both,-11053.67,False
2022-10-30,18.049999237060547,11100.67,both,-11082.62,False
2022-10-31,18.34000015258789,11372.79,both,-11354.45,False
2022-11-01,18.38999938964844,11432.79,both,-11414.4,False
2022-11-02,18.61000061035156,11242.07,both,-11223.46,False
2022-11-03,19.399999618530277,11262.4,both,-11243.0,False
2022-11-06,19.049999237060547,11179.2,both,-11160.15,False
2022-11-07,20.01000022888184,11443.71,both,-11423.7,False
2022-11-08,19.84000015258789,11268.04,both,-11248.2,False
2022-11-09,20.61000061035156,11781.58,both,-11760.97,False
2022-11-10,21.5,11756.56,both,-11735.06,False
2022-11-13,21.200000762939453,11980.62,both,-11959.42,False
2022-11-14,21.5,12136.37,both,-12114.87,False
2022-11-15,21.540000915527344,12137.0,both,-12115.46,False
2022-11-16,22.229999542236328,12341.2,both,-12318.97,False
2022-11-17,22.059999465942383,12515.71,both,-12493.65,False
2022-11-20,21.540000915527344,12523.84,both,-12502.3,False
2022-11-21,22.0,12449.9,both,-12427.9,False
2022-11-22,22.36000061035156,12622.34,both,-12599.98,False
2022-11-23,22.68000030517578,12600.09,both,-12577.41,False
2022-11-24,23.3799991607666,12779.44,both,-12756.06,False
2022-11-27,23.25,13009.48,both,-12986.23,False
2022-11-28,22.770000457763672,12917.22,both,-12894.45,False
2022-11-29,22.81999969482422,13184.26,both,-13161.44,False
2022-11-30,23.0,13259.26,both,-13236.26,False
2022-12-01,24.309999465942383,13639.73,both,-13615.42,False
2022-12-04,24.770000457763672,14078.53,both,-14053.76,False
2022-12-05,25.0,14327.77,both,-14302.77,False
2022-12-06,24.36000061035156,14498.29,both,-14473.93,False
2022-12-07,24.59000015258789,14787.05,both,-14762.46,False
2022-12-08,24.450000762939453,14838.31,both,-14813.86,False
2022-12-11,22.799999237060547,14587.7,both,-14564.9,False
2022-12-12,23.559999465942383,14723.71,both,-14700.15,False
2022-12-13,23.21999931335449,15150.31,both,-15127.09,False
2022-12-14,23.350000381469727,15378.28,both,-15354.93,False
2022-12-15,23.649999618530277,15141.55,both,-15117.9,False
2022-12-18,24.200000762939453,14843.05,both,-14818.85,False
2022-12-19,25.25,14738.6,both,-14713.35,False
2022-12-20,26.479999542236328,14523.26,both,-14496.78,False
2022-12-21,26.489999771118164,14541.98,both,-14515.49,False
2022-12-22,26.06999969482422,14482.93,both,-14456.86,False
2022-12-25,24.899999618530277,14385.3,both,-14360.4,False
2022-12-26,25.280000686645508,14560.41,both,-14535.13,False
2022-12-27,25.0,14485.18,both,-14460.18,False
2022-12-28,25.51000022888184,14578.21,both,-14552.7,False
2022-12-29,25.100000381469727,14598.53,both,-14573.43,False
2023-01-02,24.729999542236328,14960.66,both,-14935.93,False
2023-01-03,25.299999237060547,15068.13,both,-15042.83,False
2023-01-04,25.6200008392334,15557.46,both,-15531.84,False
2023-01-05,25.96999931335449,16002.18,both,-15976.21,False
2023-01-09,25.790000915527344,16096.87,both,-16071.08,False
2023-01-10,24.350000381469727,15462.57,both,-15438.22,False
2023-01-11,24.5,15528.1,both,-15503.6,False
2023-01-12,24.200000762939453,15551.47,both,-15527.27,False
2023-01-15,24.399999618530277,15561.25,both,-15536.85,False
2023-01-16,25.3700008392334,15837.91,both,-15812.54,False
2023-01-17,25.34000015258789,15981.88,both,-15956.54,False
2023-01-18,24.420000076293945,15987.15,both,-15962.73,False
2023-01-19,24.149999618530277,16065.98,both,-16041.83,False
2023-01-22,24.280000686645508,16118.85,both,-16094.57,False
2023-01-23,24.5,16183.49,both,-16158.99,False
2023-01-24,24.280000686645508,16440.53,both,-16416.25,False
2023-01-25,24.40999984741211,16791.11,both,-16766.7,False
2023-01-29,27.989999771118164,17411.46,both,-17383.47,False
2023-01-30,26.0,17026.64,both,-17000.64,False
2023-01-31,27.399999618530277,16446.38,both,-16418.98,False
2023-02-01,26.5,16407.79,both,-16381.29,False
2023-02-02,26.030000686645508,16255.73,both,-16229.7,False
2023-02-05,25.65999984741211,16265.92,both,-16240.26,False
2023-02-06,27.25,16587.06,both,-16559.81,False
2023-02-07,27.399999618530277,16900.43,both,-16873.03,False
2023-02-08,27.32999992370605,16948.08,both,-16920.75,False
2023-02-09,27.71999931335449,17613.78,both,-17586.06,False
2023-02-12,27.030000686645508,17287.09,both,-17260.06,False
2023-02-13,26.979999542236328,17214.56,both,-17187.58,False
2023-02-14,26.76000022888184,17430.98,both,-17404.22,False
2023-02-15,26.770000457763672,17522.56,both,-17495.79,False
2023-02-16,26.309999465942383,17488.87,both,-17462.56,False
2023-02-19,25.88999938964844,17326.61,both,-17300.72,False
2023-02-20,24.459999084472656,16814.0,both,-16789.54,False
2023-02-21,25.0,17039.45,both,-17014.45,False
2023-02-22,25.0,16777.2,both,-16752.2,False
2023-02-23,25.0,17003.9,both,-16978.9,False
2023-02-26,26.059999465942383,17213.01,both,-17186.95,False
2023-02-27,26.170000076293945,17098.16,both,-17071.99,False
2023-02-28,26.07999992370605,17002.08,both,-16976.0,False
2023-03-01,26.21999931335449,17123.01,both,-17096.79,False
2023-03-02,25.809999465942383,16846.79,both,-16820.98,False
2023-03-05,27.799999237060547,16827.65,both,-16799.85,False
2023-03-06,26.76000022888184,16803.89,both,-16777.13,False
2023-03-07,25.549999237060547,16432.56,both,-16407.01,False
2023-03-08,26.770000457763672,16315.62,both,-16288.85,False
2023-03-09,26.38999938964844,16454.31,both,-16427.92,False
2023-03-12,25.450000762939453,15936.89,both,-15911.44,False
2023-03-13,25.25,15438.5,both,-15413.25,False
2023-03-14,24.6200008392334,15362.25,both,-15337.63,False
2023-03-15,23.450000762939453,14724.44,both,-14700.99,False
2023-03-16,23.0,14704.18,both,-14681.18,False
2023-03-19,21.600000381469727,14681.12,both,-14659.52,False
2023-03-20,22.0,14923.81,both,-14901.81,False
2023-03-21,22.989999771118164,15325.66,both,-15302.67,False
2023-03-22,22.030000686645508,15253.22,both,-15231.19,False
2023-03-23,22.399999618530277,15625.08,both,-15602.68,False
2023-03-26,22.690000534057617,15989.18,both,-15966.49,False
2023-03-27,22.81999969482422,15950.09,both,-15927.27,False
2023-03-28,22.809999465942383,15906.42,both,-15883.61,False
2023-03-29,24.5,16411.37,both,-16386.87,False
2023-03-30,24.700000762939453,16418.53,both,-16393.83,False
2023-04-02,24.84000015258789,16694.46,both,-16669.62,False
2023-04-03,25.239999771118164,17056.89,both,-17031.65,False
2023-04-04,24.920000076293945,16998.35,both,-16973.43,False
2023-04-05,24.5,17019.25,both,-16994.75,False
2023-04-06,24.0,16709.28,both,-16685.28,False
2023-04-09,23.75,16674.87,both,-16651.12,False
2023-04-10,24.540000915527344,16774.64,both,-16750.1,False
2023-04-11,24.86000061035156,17011.68,both,-16986.82,False
2023-04-12,24.81999969482422,16741.45,both,-16716.63,False
2023-04-13,25.799999237060547,17671.27,both,-17645.47,False
2023-04-18,24.81999969482422,17538.97,both,-17514.15,False
2023-04-19,24.809999465942383,17516.04,both,-17491.23,False
2023-04-26,24.5,17452.22,both,-17427.72,False
2023-04-27,24.540000915527344,17796.91,both,-17772.37,False
2023-04-30,24.21999931335449,17667.74,both,-17643.52,False
2023-05-01,24.21999931335449,17310.83,both,-17286.61,False
2023-05-02,23.26000022888184,17300.56,both,-17277.3,False
2023-05-03,23.31999969482422,17295.27,both,-17271.95,False
2023-05-07,22.96999931335449,17235.31,both,-17212.34,False
2023-05-08,23.38999938964844,17642.97,both,-17619.58,False
2023-05-09,23.13999938964844,17326.27,both,-17303.13,False
2023-05-10,23.13999938964844,17494.73,both,-17471.59,False
2023-05-11,23.11000061035156,17270.69,both,-17247.58,False
2023-05-14,23.799999237060547,17369.13,both,-17345.33,False
2023-05-15,23.200000762939453,17135.55,both,-17112.35,False
2023-05-16,22.68000030517578,17033.99,both,-17011.31,False
2023-05-17,22.940000534057617,16844.01,both,-16821.07,False
2023-05-18,22.799999237060547,16745.54,both,-16722.74,False
2023-05-21,22.899999618530277,16860.88,both,-16837.98,False
2023-05-22,22.84000015258789,16764.41,both,-16741.57,False
2023-05-23,23.0,16787.71,both,-16764.71,False
2023-05-24,23.600000381469727,17090.56,both,-17066.96,False
2023-05-25,23.399999618530277,17043.62,both,-17020.22,False
2023-05-28,24.239999771118164,17131.45,both,-17107.21,False
2023-05-29,23.989999771118164,17211.84,both,-17187.85,False
2023-05-30,24.5,17534.59,both,-17510.09,False
2023-05-31,24.229999542236328,17495.77,both,-17471.54,False
2023-06-01,24.200000762939453,17533.31,both,-17509.11,False
2023-06-04,24.5,17455.48,both,-17430.98,False
2023-06-05,24.950000762939453,17345.9,both,-17320.95,False
2023-06-06,25.440000534057617,17491.18,both,-17465.74,False
2023-06-07,25.82999992370605,17347.57,both,-17321.74,False
2023-06-08,26.850000381469727,17521.36,both,-17494.51,False
2023-06-11,27.0,17739.63,both,-17712.63,False
2023-06-12,26.459999084472656,17704.58,both,-17678.12,False
2023-06-13,27.700000762939453,17866.81,both,-17839.11,False
2023-06-14,27.459999084472656,17873.28,both,-17845.82,False
2023-06-15,26.61000061035156,17881.52,both,-17854.91,False
2023-06-18,26.780000686645508,18026.17,both,-17999.39,False
2023-06-19,26.31999969482422,17988.95,both,-17962.63,False
2023-06-20,26.0,17921.92,both,-17895.92,False
2023-06-21,25.459999084472656,17706.08,both,-17680.62,False
2023-06-22,25.239999771118164,17712.93,both,-17687.69,False
2023-06-25,25.799999237060547,17287.64,both,-17261.84,False
2023-06-26,25.8799991607666,17665.29,both,-17639.41,False
2023-07-04,25.25,17466.18,both,-17440.93,False
2023-07-05,24.5,17380.33,both,-17355.83,False
2023-07-06,24.479999542236328,17102.3,both,-17077.82,False
2023-07-09,24.280000686645508,16555.12,both,-16530.84,False
2023-07-10,24.86000061035156,16963.13,both,-16938.27,False
2023-07-11,25.15999984741211,17155.23,both,-17130.07,False
2023-07-12,24.43000030517578,17144.22,both,-17119.79,False
2023-07-13,24.809999465942383,17342.29,both,-17317.48,False
2023-07-16,24.899999618530277,17343.13,both,-17318.23,False
2023-07-17,25.100000381469727,17512.01,both,-17486.91,False
2023-07-18,25.459999084472656,17608.32,both,-17582.86,False
2023-07-19,25.459999084472656,17578.67,both,-17553.21,False
2023-07-24,25.290000915527344,17550.23,both,-17524.94,False
2023-07-25,25.0,17479.94,both,-17454.94,False
2023-07-26,24.82999992370605,17396.24,both,-17371.41,False
2023-07-27,24.709999084472656,17339.06,both,-17314.35,False
2023-07-30,25.399999618530277,17554.56,both,-17529.16,False
2023-07-31,26.200000762939453,17595.92,both,-17569.72,False
2023-08-01,26.0,17514.11,both,-17488.11,False
2023-08-02,26.0,17455.6,both,-17429.6,False
2023-08-03,25.90999984741211,17451.44,both,-17425.53,False
2023-08-06,26.450000762939453,17697.49,both,-17671.04,False
2023-08-07,27.26000022888184,17839.48,both,-17812.22,False
2023-08-08,26.899999618530277,17748.89,both,-17721.99,False
2023-08-09,27.06999969482422,17763.63,both,-17736.56,False
2023-08-10,26.520000457763672,17710.2,both,-17683.68,False
2023-08-13,26.700000762939453,17856.07,both,-17829.37,False
2023-08-14,26.440000534057617,17897.5,both,-17871.06,False
2023-08-15,26.479999542236328,17965.32,both,-17938.84,False
2023-08-16,26.270000457763672,18062.5,both,-18036.23,False
2023-08-17,26.0,17969.27,both,-17943.27,False
2023-08-20,25.96999931335449,18033.22,both,-18007.25,False
2023-08-21,26.01000022888184,17920.48,both,-17894.47,False
2023-08-22,26.299999237060547,18216.63,both,-18190.33,False
2023-08-23,26.190000534057617,18133.42,both,-18107.23,False
2023-08-24,26.280000686645508,18207.82,both,-18181.54,False
2023-08-27,26.43000030517578,18516.59,both,-18490.16,False
2023-08-28,26.43000030517578,18584.84,both,-18558.41,False
2023-08-29,26.780000686645508,18629.34,both,-18602.56,False
2023-08-30,26.700000762939453,18818.15,both,-18791.45,False
2023-08-31,26.700000762939453,18873.82,both,-18847.12,False
2023-09-03,26.01000022888184,18726.01,both,-18700.0,False
2023-09-04,26.899999618530277,18910.99,both,-18884.09,False
2023-09-05,26.520000457763672,19044.39,both,-19017.87,False
2023-09-06,27.290000915527344,19224.52,both,-19197.23,False
2023-09-07,28.38999938964844,19375.68,both,-19347.29,False
2023-09-10,28.38999938964844,19577.85,both,-19549.46,False
2023-09-11,28.799999237060547,19278.72,both,-19249.92,False
2023-09-12,28.100000381469727,19144.09,both,-19115.99,False
2023-09-13,28.520000457763672,19361.7,both,-19333.18,False
2023-09-14,28.899999618530277,19540.33,both,-19511.43,False
2023-09-17,28.649999618530277,19668.82,both,-19640.17,False
2023-09-18,28.780000686645508,19751.78,both,-19723.0,False
2023-09-19,29.350000381469727,19954.3,both,-19924.95,False
2023-09-20,29.350000381469727,19797.23,both,-19767.88,False
2023-09-21,29.350000381469727,20080.57,both,-20051.22,False
2023-09-24,29.350000381469727,20213.7,both,-20184.35,False
2023-09-25,30.399999618530277,20320.56,both,-20290.16,False
2023-09-26,30.26000022888184,20354.86,both,-20324.6,False
2023-09-27,30.26000022888184,20174.28,both,-20144.02,False
2023-10-01,30.26000022888184,20054.72,both,-20024.46,False
2023-10-02,28.5,19901.24,both,-19872.74,False
2023-10-03,27.75,19706.96,both,-19679.21,False
2023-10-04,28.59000015258789,19873.31,both,-19844.72,False
2023-10-08,27.399999618530277,19357.42,both,-19330.02,False
2023-10-09,27.989999771118164,19409.78,both,-19381.79,False
2023-10-10,28.299999237060547,19724.32,both,-19696.02,False
2023-10-11,27.600000381469727,19653.49,both,-19625.89,False
2023-10-12,27.93000030517578,20002.1,both,-19974.17,False
2023-10-15,28.530000686645508,20324.96,both,-20296.43,False
2023-10-16,29.6200008392334,21032.35,both,-21002.73,False
2023-10-17,30.76000022888184,22073.95,both,-22043.19,False
2023-10-18,31.5,22117.4,both,-22085.9,False
2023-10-19,31.5,21616.6,both,-21585.1,False
2023-10-22,30.8799991607666,22128.49,both,-22097.61,False
2023-10-23,30.809999465942383,22572.49,both,-22541.68,False
2023-10-24,31.06999969482422,22377.39,both,-22346.32,False
2023-10-25,32.189998626708984,23131.96,both,-23099.77,False
2023-10-26,32.25,23262.27,both,-23230.02,False
2023-10-29,33.040000915527344,23086.72,both,-23053.68,False
2023-10-30,32.70000076293945,23435.65,both,-23402.95,False
2023-10-31,34.0,22550.65,both,-22516.65,False
2023-11-01,32.95000076293945,22433.38,both,-22400.43,False
2023-11-02,33.45000076293945,22639.59,both,-22606.14,False
2023-11-05,34.29999923706055,23094.69,both,-23060.39,False
2023-11-06,33.810001373291016,23059.15,both,-23025.34,False
2023-11-07,33.79999923706055,23393.41,both,-23359.61,False
2023-11-08,33.849998474121094,23986.56,both,-23952.71,False
2023-11-09,35.119998931884766,24312.92,both,-24277.8,False
2023-11-12,34.0,23910.66,both,-23876.66,False
2023-11-13,38.20000076293945,23954.96,both,-23916.76,False
2023-11-14,36.70000076293945,23894.06,both,-23857.36,False
2023-11-15,35.650001525878906,24138.8,both,-24103.15,False
2023-11-16,36.36000061035156,24383.27,both,-24346.91,False
2023-11-19,36.29999923706055,24899.59,both,-24863.29,False
2023-11-20,35.68000030517578,24760.02,both,-24724.34,False
2023-11-21,37.29999923706055,24774.04,both,-24736.74,False
2023-11-22,37.0099983215332,25029.57,both,-24992.56,False
2023-11-23,36.77000045776367,25519.49,both,-25482.72,False
2023-11-26,36.79999923706055,25300.32,both,-25263.52,False
2023-11-27,36.459999084472656,25905.54,both,-25869.08,False
2023-11-28,36.20000076293945,25121.73,both,-25085.53,False
2023-11-29,35.79999923706055,24759.16,both,-24723.36,False
2023-11-30,35.9900016784668,24735.39,both,-24699.4,False
2023-12-03,36.0,24571.98,both,-24535.98,False
2023-12-04,37.52000045776367,25265.41,both,-25227.89,False
2023-12-05,37.41999816894531,25127.91,both,-25090.49,False
2023-12-06,36.790000915527344,24703.55,both,-24666.76,False
2023-12-07,36.060001373291016,24686.16,both,-24650.1,False
2023-12-10,35.84000015258789,24189.83,both,-24153.99,False
2023-12-11,35.849998474121094,24182.06,both,-24146.21,False
2023-12-12,36.4900016784668,24071.66,both,-24035.17,False
2023-12-13,36.709999084472656,24773.92,both,-24737.21,False
2023-12-14,36.70000076293945,24722.82,both,-24686.12,False
2023-12-17,36.7599983215332,24792.14,both,-24755.38,False
2023-12-18,37.59000015258789,25334.09,both,-25296.5,False
2023-12-19,37.900001525878906,25076.42,both,-25038.52,False
2023-12-20,38.40999984741211,24837.56,both,-24799.15,False
2023-12-21,37.47999954223633,24305.09,both,-24267.61,False
2023-12-24,37.47999954223633,23822.17,both,-23784.69,False
2023-12-25,36.61000061035156,24226.68,both,-24190.07,False
2023-12-26,35.43000030517578,23994.54,both,-23959.11,False
2023-12-27,35.61000061035156,24351.12,both,-24315.51,False
2023-12-28,36.66999816894531,24691.43,both,-24654.76,False
2023-12-31,37.650001525878906,24894.26,both,-24856.61,False
2024-01-02,38.5,25501.94,both,-25463.44,False
2024-01-03,38.310001373291016,25408.51,both,-25370.2,False
2024-01-04,38.2400016784668,25350.28,both,-25312.04,False
2024-01-08,37.959999084472656,25344.63,both,-25306.67,False
2024-01-09,38.33000183105469,25589.99,both,-25551.66,False
2024-01-10,38.08000183105469,25466.75,both,-25428.67,False
2024-01-11,38.29999923706055,25519.25,both,-25480.95,False
2024-01-14,38.310001373291016,25974.84,both,-25936.53,False
2024-01-15,38.59999847412109,26250.73,both,-26212.13,False
2024-01-16,39.5,26938.14,both,-26898.64,False
2024-01-17,39.81999969482422,26758.26,both,-26718.44,False
2024-01-18,38.900001525878906,26842.67,both,-26803.77,False
2024-01-21,39.459999084472656,27719.37,both,-27679.91,False
2024-01-22,39.04999923706055,28050.33,both,-28011.28,False
2024-01-23,37.81999969482422,27587.0,both,-27549.18,False
2024-01-24,38.5,27666.18,both,-27627.68,False
2024-01-28,39.0,28625.76,both,-28586.76,False
2024-01-29,39.06999969482422,29227.79,both,-29188.72,False
2024-01-30,39.31999969482422,30347.3,both,-30307.98,False
2024-01-31,36.560001373291016,28281.91,both,-28245.35,False
2024-02-01,37.0,28434.37,both,-28397.37,False
2024-02-04,36.88999938964844,27573.5,both,-27536.61,False
2024-02-05,37.0099983215332,27665.75,both,-27628.74,False
2024-02-06,37.790000915527344,27270.63,both,-27232.84,False
2024-02-07,39.709999084472656,27905.95,both,-27866.24,False
2024-02-08,41.58000183105469,28411.41,both,-28369.83,False
2024-02-11,40.560001373291016,28199.04,both,-28158.48,False
2024-02-12,40.0,28494.72,both,-28454.72,False
2024-02-13,39.84000015258789,28604.54,both,-28564.7,False
2024-02-14,40.5099983215332,28874.99,both,-28834.48,False
2024-02-15,40.15999984741211,28926.15,both,-28885.99,False
2024-02-18,40.15999984741211,29125.57,both,-29085.41,False
2024-02-19,40.61000061035156,29452.4,both,-29411.79,False
2024-02-20,41.5,29330.66,both,-29289.16,False
2024-02-21,41.369998931884766,29292.05,both,-29250.68,False
2024-02-22,41.290000915527344,29309.73,both,-29268.44,False
2024-02-25,38.5,27840.86,both,-27802.36,False
2024-02-26,40.5,28931.92,both,-28891.42,False
2024-02-27,40.709999084472656,29205.16,both,-29164.45,False
2024-02-28,40.5099983215332,28876.46,both,-28835.95,False
2024-02-29,38.59999847412109,28964.41,both,-28925.81,False
2024-03-03,39.40999984741211,29058.33,both,-29018.92,False
2024-03-04,39.08000183105469,30542.33,both,-30503.25,False
2024-03-05,38.650001525878906,30668.89,both,-30630.24,False
2024-03-06,38.970001220703125,29743.11,both,-29704.14,False
2024-03-07,37.81999969482422,31300.54,both,-31262.72,False
2024-03-10,39.20000076293945,32919.95,both,-32880.75,False
2024-03-11,41.0,33382.51,both,-33341.51,False
2024-03-12,39.0,32661.61,both,-32622.61,False
2024-03-13,39.27999877929688,31013.88,both,-30974.6,False
2024-03-14,40.09999847412109,31316.43,both,-31276.33,False
2024-03-17,39.459999084472656,31061.88,both,-31022.42,False
2024-03-18,38.22999954223633,29091.29,both,-29053.06,False
2024-03-19,38.0,28675.7,both,-28637.7,False
2024-03-20,37.63999938964844,28589.37,both,-28551.73,False
2024-03-21,37.91999816894531,29054.96,both,-29017.04,False
2024-03-24,38.09000015258789,29060.02,both,-29021.93,False
2024-03-25,38.5,29344.46,both,-29305.96,False
2024-03-26,38.5,29057.5,both,-29019.0,False
2024-03-27,38.29999923706055,28224.37,both,-28186.07,False
2024-03-28,37.77999877929688,27559.35,both,-27521.57,False
2024-03-31,35.54999923706055,26883.39,both,-26847.84,False
2024-04-01,36.040000915527344,28297.17,both,-28261.13,False
2024-04-02,36.08000183105469,27934.36,both,-27898.28,False
2024-04-03,36.18999862670898,27937.22,both,-27901.03,False
2024-04-04,36.36000061035156,28506.16,both,-28469.8,False
2024-04-07,36.5,28151.66,both,-28115.16,False
2024-04-08,37.9900016784668,28503.75,both,-28465.76,False
2024-04-15,39.0,29616.47,both,-29577.47,False
2024-04-16,38.400001525878906,29400.84,both,-29362.44,False
2024-04-17,39.0,29667.71,both,-29628.71,False
2024-04-18,37.5,28332.65,both,-28295.15,False
2024-04-21,36.79999923706055,28623.39,both,-28586.59,False
2024-04-22,34.900001525878906,28144.22,both,-28109.32,False
2024-04-23,33.5099983215332,26777.05,both,-26743.54,False
2024-04-24,32.0099983215332,25917.59,both,-25885.58,False
2024-04-28,32.0099983215332,24639.63,both,-24607.62,False
2024-04-29,32.16999816894531,26011.28,both,-25979.11,False
2024-04-30,30.90999984741211,24448.73,both,-24417.82,False
2024-05-01,,25270.55,right_only,,False
2024-05-02,36.0,26113.71,both,-26077.71,False
2024-05-07,34.0,26429.69,both,-26395.69,False
2024-05-08,33.70000076293945,25988.93,both,-25955.23,False
2024-05-09,33.02000045776367,26003.16,both,-25970.14,False
2024-05-12,32.5,25155.92,both,-25123.42,False
2024-05-13,31.71999931335449,25381.25,both,-25349.53,False
2024-05-14,31.63999938964844,25339.77,both,-25308.13,False
2024-05-15,32.33000183105469,25316.08,both,-25283.75,False
2024-05-16,33.349998474121094,26142.84,both,-26109.49,False
2024-05-19,31.709999084472656,27315.83,both,-27284.12,False
2024-05-20,32.310001373291016,27228.85,both,-27196.54,False
2024-05-21,32.040000915527344,27224.8,both,-27192.76,False
2024-05-22,31.950000762939453,27227.44,both,-27195.49,False
2024-05-23,31.8799991607666,27205.14,both,-27173.26,False
2024-05-26,31.8799991607666,27539.21,both,-27507.33,False
2024-05-27,32.189998626708984,27287.31,both,-27255.12,False
2024-05-28,32.09000015258789,27194.51,both,-27162.42,False
2024-05-29,32.29999923706055,27089.68,both,-27057.38,False
2024-05-30,30.84000015258789,26922.76,both,-26891.92,False
2024-06-02,30.61000061035156,26869.85,both,-26839.24,False
2024-06-03,30.770000457763672,26834.47,both,-26803.7,False
2024-06-04,31.07999992370605,26973.0,both,-26941.92,False
2024-06-05,31.0,26634.3,both,-26603.3,False
2024-06-06,31.0,26428.65,both,-26397.65,False
2024-06-09,29.5,25659.13,both,-25629.63,False
2024-06-10,29.1200008392334,25896.56,both,-25867.44,False
2024-06-11,29.51000022888184,26082.29,both,-26052.78,False
2024-06-12,29.479999542236328,26133.39,both,-26103.91,False
2024-06-13,30.200000762939453,26417.6,both,-26387.4,False
2024-06-23,32.650001525878906,27062.37,both,-27029.72,False
2024-06-24,30.5,26902.4,both,-26871.9,False
2024-06-25,30.700000762939453,27264.23,both,-27233.53,False
2024-06-26,30.51000022888184,27500.56,both,-27470.05,False
2024-06-27,31.15999984741211,27766.27,both,-27735.11,False
2024-07-01,,27969.59,right_only,,False
2024-07-02,30.700000762939453,27985.89,both,-27955.19,False
2024-07-03,30.549999237060547,28161.17,both,-28130.62,False
2024-07-04,30.51000022888184,28364.79,both,-28334.28,False
2024-07-07,30.40999984741211,28602.14,both,-28571.73,False
2024-07-08,30.290000915527344,28411.87,both,-28381.58,False
2024-07-09,30.96999931335449,28466.24,both,-28435.27,False
2024-07-10,30.459999084472656,28287.98,both,-28257.52,False
2024-07-14,31.020000457763672,28042.06,both,-28011.04,False
2024-07-15,31.25,27952.04,both,-27920.79,False
2024-07-16,31.700000762939453,27828.92,both,-27797.22,False
2024-07-17,32.79999923706055,28340.42,both,-28307.62,False
2024-07-18,33.0,28653.85,both,-28620.85,False
2024-07-21,32.5099983215332,28783.24,both,-28750.73,False
2024-07-22,32.45000076293945,28992.34,both,-28959.89,False
2024-07-23,32.77000045776367,29195.24,both,-29162.47,False
2024-07-24,32.77000045776367,29090.57,both,-29057.8,False
2024-07-28,32.79999923706055,29036.32,both,-29003.52,False
2024-07-29,33.5,28851.23,both,-28817.73,False
2024-07-30,33.810001373291016,29039.42,both,-29005.61,False
2024-07-31,34.04999923706055,29378.82,both,-29344.77,False
2024-08-01,34.04999923706055,29359.87,both,-29325.82,False
2024-08-04,32.90999984741211,28503.63,both,-28470.72,False
2024-08-05,33.31999969482422,27840.64,both,-27807.32,False
2024-08-06,33.5,28210.41,both,-28176.91,False
2024-08-07,33.47999954223633,28628.19,both,-28594.71,False
2024-08-08,33.84000015258789,28750.82,both,-28716.98,False
2024-08-11,33.900001525878906,29532.67,both,-29498.77,False
2024-08-12,33.79999923706055,29706.7,both,-29672.9,False
2024-08-13,33.61000061035156,29331.04,both,-29297.43,False
2024-08-14,34.0,29567.0,both,-29533.0,False
2024-08-15,33.0,29629.14,both,-29596.14,False
2024-08-18,32.58000183105469,29460.24,both,-29427.66,False
2024-08-19,32.209999084472656,29320.18,both,-29287.97,False
2024-08-20,31.989999771118164,29915.24,both,-29883.25,False
2024-08-21,31.6299991607666,29914.29,both,-29882.66,False
2024-08-22,31.030000686645508,30141.08,both,-30110.05,False
2024-08-25,31.239999771118164,30073.95,both,-30042.71,False
2024-08-26,31.0,30133.81,both,-30102.81,False
2024-08-27,31.51000022888184,30363.15,both,-30331.64,False
2024-08-28,32.2599983215332,30709.59,both,-30677.33,False
2024-08-29,32.279998779296875,30774.19,both,-30741.91,False
2024-09-01,31.90999984741211,30902.88,both,-30870.97,False
2024-09-02,32.06999969482422,30731.98,both,-30699.91,False
2024-09-03,32.599998474121094,31018.48,both,-30985.88,False
2024-09-04,33.5,30998.19,both,-30964.69,False
2024-09-05,33.880001068115234,31029.7,both,-30995.82,False
2024-09-08,32.529998779296875,30273.73,both,-30241.2,False
2024-09-09,32.63999938964844,30374.96,both,-30342.32,False
2024-09-10,33.41999816894531,30104.35,both,-30070.93,False
2024-09-11,35.0,30485.63,both,-30450.63,False
2024-09-12,34.900001525878906,30497.83,both,-30462.93,False
2024-09-16,34.16999816894531,30260.24,both,-30226.07,False
2024-09-17,34.09000015258789,30159.15,both,-30125.06,False
2024-09-18,33.970001220703125,30342.46,both,-30308.49,False
2024-09-19,34.900001525878906,30937.69,both,-30902.79,False
2024-09-22,34.90999984741211,31038.41,both,-31003.5,False
2024-09-23,34.7400016784668,31022.54,both,-30987.8,False
2024-09-24,34.20000076293945,30871.1,both,-30836.9,False
2024-09-25,34.400001525878906,31250.64,both,-31216.24,False
2024-09-26,34.20000076293945,31276.91,both,-31242.71,False
2024-09-29,33.90999984741211,31459.09,both,-31425.18,False
2024-09-30,33.77000045776367,31587.04,both,-31553.27,False
2024-10-01,34.2400016784668,31866.06,both,-31831.82,False
2024-10-02,34.08000183105469,31332.73,both,-31298.65,False
2024-10-03,34.099998474121094,31720.5,both,-31686.4,False
2024-10-07,34.27000045776367,31819.16,both,-31784.89,False
2024-10-08,33.5099983215332,30851.63,both,-30818.12,False
2024-10-09,34.709999084472656,31175.43,both,-31140.72,False
2024-10-10,34.9900016784668,30762.32,both,-30727.33,False
2024-10-13,33.5099983215332,29954.12,both,-29920.61,False
2024-10-14,33.5,30273.06,both,-30239.56,False
2024-10-15,33.79999923706055,30584.24,both,-30550.44,False
2024-10-16,33.939998626708984,30545.11,both,-30511.17,False
2024-10-17,32.630001068115234,30143.86,both,-30111.23,False
2024-10-20,31.780000686645508,29528.79,both,-29497.01,False
2024-10-21,32.0099983215332,30445.2,both,-30413.19,False
2024-10-22,32.400001525878906,30427.35,both,-30394.95,False
2024-10-23,32.900001525878906,30414.05,both,-30381.15,False
2024-10-24,33.4900016784668,30552.82,both,-30519.33,False
2024-10-27,33.310001373291016,30812.23,both,-30778.92,False
2024-10-28,32.61000061035156,30773.53,both,-30740.92,False
2024-10-29,33.0099983215332,30619.96,both,-30586.95,False
2024-10-30,33.29999923706055,30371.26,both,-30337.96,False
2024-10-31,33.58000183105469,30658.0,both,-30624.42,False
2024-11-03,33.77000045776367,30833.13,both,-30799.36,False
2024-11-04,33.70000076293945,30650.04,both,-30616.34,False
2024-11-05,33.9900016784668,30793.94,both,-30759.95,False
2024-11-06,33.45000076293945,31045.26,both,-31011.81,False
2024-11-07,33.900001525878906,31267.47,both,-31233.57,False
2024-11-10,33.7400016784668,31394.33,both,-31360.59,False
2024-11-11,36.0,31621.29,both,-31585.29,False
2024-11-12,36.150001525878906,31582.39,both,-31546.24,False
2024-11-13,35.41999816894531,31433.01,both,-31397.59,False
2024-11-14,34.400001525878906,31462.21,both,-31427.81,False
2024-11-17,33.5099983215332,31252.07,both,-31218.56,False
2024-11-18,33.0,30864.34,both,-30831.34,False
2024-11-19,33.400001525878906,30688.3,both,-30654.9,False
2024-11-20,33.279998779296875,30587.99,both,-30554.71,False
2024-11-21,33.02000045776367,30631.8,both,-30598.78,False
2024-11-24,32.5,30397.22,both,-30364.72,False
2024-11-25,32.400001525878906,30270.51,both,-30238.11,False
2024-11-26,33.11000061035156,30284.35,both,-30251.24,False
2024-11-27,32.779998779296875,29846.04,both,-29813.26,False
2024-11-28,33.0,30242.13,both,-30209.13,False
2024-12-01,32.959999084472656,30497.13,both,-30464.17,False
2024-12-02,32.93000030517578,30525.32,both,-30492.39,False
2024-12-03,32.900001525878906,30628.74,both,-30595.84,False
2024-12-04,33.0,30832.61,both,-30799.61,False
2024-12-05,32.79999923706055,30839.57,both,-30806.77,False
2024-12-08,34.40999984741211,31060.51,both,-31026.1,False
2024-12-09,34.400001525878906,31005.12,both,-30970.72,False
2024-12-10,34.040000915527344,30617.83,both,-30583.79,False
2024-12-11,34.20000076293945,30739.26,both,-30705.06,False
2024-12-12,34.220001220703125,30795.09,both,-30760.87,False
2024-12-15,34.2599983215332,30776.0,both,-30741.74,False
2024-12-16,34.220001220703125,30799.43,both,-30765.21,False
2024-12-17,34.09000015258789,30601.64,both,-30567.55,False
2024-12-18,34.02000045776367,30503.07,both,-30469.05,False
2024-12-19,33.400001525878906,30526.71,both,-30493.31,False
2024-12-22,33.459999084472656,30372.7,both,-30339.24,False
2024-12-23,33.0,30118.38,both,-30085.38,False
2024-12-24,32.9900016784668,29973.15,both,-29940.16,False
2024-12-25,32.470001220703125,30005.0,both,-29972.53,False
2024-12-26,32.900001525878906,29957.97,both,-29925.07,False
2024-12-29,33.20000076293945,29594.48,both,-29561.28,False
2024-12-30,33.13999938964844,29325.2,both,-29292.06,False
2024-12-31,33.099998474121094,29740.58,both,-29707.48,False
2025-01-02,34.59000015258789,30060.48,both,-30025.89,False
2025-01-05,35.5,30183.61,both,-30148.11,False
2025-01-06,35.18000030517578,29929.64,both,-29894.46,False
2025-01-08,35.20000076293945,29785.91,both,-29750.71,False
2025-01-09,35.209999084472656,29444.65,both,-29409.44,False
2025-01-12,34.900001525878906,29277.45,both,-29242.55,False
2025-01-13,34.560001373291016,28556.28,both,-28521.72,False
2025-01-14,34.0,28967.09,both,-28933.09,False
2025-01-15,33.630001068115234,29389.93,both,-29356.3,False
2025-01-16,33.90999984741211,29605.12,both,-29571.21,False
2025-01-19,34.0099983215332,29728.61,both,-29694.6,False
2025-01-20,33.650001525878906,29619.39,both,-29585.74,False
2025-01-21,33.45000076293945,29826.58,both,-29793.13,False
2025-01-22,33.70000076293945,29979.14,both,-29945.44,False
2025-01-23,34.040000915527344,29997.69,both,-29963.65,False
2025-01-26,33.61000061035156,30034.85,both,-30001.24,False
2025-01-27,33.5,29742.12,both,-29708.62,False
2025-01-28,33.810001373291016,29646.6,both,-29612.79,False
2025-01-29,33.720001220703125,29891.61,both,-29857.89,False
2025-01-30,34.15999984741211,30010.62,both,-29976.46,False
2025-02-02,33.7400016784668,29917.96,both,-29884.22,False
2025-02-03,33.25,29754.77,both,-29721.52,False
2025-02-04,33.29999923706055,29668.47,both,-29635.17,False
2025-02-05,33.2400016784668,29735.59,both,-29702.35,False
2025-02-06,34.040000915527344,30011.84,both,-29977.8,False
2025-02-09,33.869998931884766,30014.27,both,-29980.4,False
2025-02-10,34.0,29905.41,both,-29871.41,False
2025-02-11,34.2599983215332,29564.21,both,-29529.95,False
2025-02-12,34.45000076293945,29661.99,both,-29627.54,False
2025-02-13,35.029998779296875,29997.11,both,-29962.08,False
2025-02-16,34.9900016784668,30443.82,both,-30408.83,False
2025-02-17,35.02000045776367,30436.71,both,-30401.69,False
2025-02-18,36.5,30587.81,both,-30551.31,False
2025-02-19,37.040000915527344,30875.28,both,-30838.24,False
2025-02-20,37.31999969482422,30914.72,both,-30877.4,False
2025-02-23,38.150001525878906,31010.25,both,-30972.1,False
2025-02-24,38.0,30925.29,both,-30887.29,False
2025-02-25,38.0,30654.92,both,-30616.92,False
2025-02-26,38.060001373291016,30631.95,both,-30593.89,False
2025-02-27,38.0,30610.44,both,-30572.44,False
2025-03-02,37.84000015258789,30857.77,both,-30819.93,False
2025-03-03,37.79999923706055,30988.51,both,-30950.71,False
2025-03-04,37.59999847412109,30762.85,both,-30725.25,False
2025-03-05,38.02000045776367,30876.44,both,-30838.42,False
2025-03-06,37.79999923706055,30947.44,both,-30909.64,False
2025-03-09,37.84999847412109,31130.68,both,-31092.83,False
2025-03-10,36.61000061035156,31137.03,both,-31100.42,False
2025-03-11,36.61000061035156,30935.23,both,-30898.62,False
2025-03-12,36.720001220703125,31049.03,both,-31012.31,False
2025-03-13,36.70000076293945,31290.62,both,-31253.92,False
2025-03-16,36.630001068115234,31338.34,both,-31301.71,False
2025-03-17,36.75,31458.59,both,-31421.84,False
2025-03-18,37.0099983215332,31608.69,both,-31571.68,False
2025-03-19,37.09999847412109,31348.47,both,-31311.37,False
2025-03-20,36.970001220703125,31677.58,both,-31640.61,False
2025-03-23,36.93999862670898,31933.76,both,-31896.82,False
2025-03-24,36.31999969482422,31810.98,both,-31774.66,False
2025-03-25,36.34000015258789,31761.97,both,-31725.63,False
2025-03-26,36.0,31744.3,both,-31708.3,False
2025-03-27,35.29999923706055,32026.14,both,-31990.84,False
2025-04-03,35.04999923706055,31699.58,both,-31664.53,False
2025-04-06,33.95000076293945,30639.52,both,-30605.57,False
2025-04-07,33.68000030517578,30453.94,both,-30420.26,False
2025-04-08,33.88999938964844,30648.98,both,-30615.09,False
2025-04-09,33.77000045776367,30079.93,both,-30046.16,False
2025-04-10,33.9900016784668,30810.7,both,-30776.71,False
2025-04-13,34.0,31174.62,both,-31140.62,False
2025-04-14,34.650001525878906,31182.37,both,-31147.72,False
2025-04-15,35.20000076293945,31185.03,both,-31149.83,False
2025-04-16,34.79999923706055,31030.7,both,-30995.9,False
2025-04-17,34.790000915527344,31062.95,both,-31028.16,False
2025-04-22,33.70000076293945,30844.18,both,-30810.48,False
2025-04-23,34.29999923706055,31640.22,both,-31605.92,False
2025-04-27,34.58000183105469,31855.12,both,-31820.54,False
2025-04-28,34.599998474121094,32015.02,both,-31980.42,False
2025-04-29,34.15999984741211,32043.48,both,-32009.32,False
2025-04-30,34.599998474121094,32126.22,both,-32091.62,False
2025-05-04,35.11000061035156,32351.66,both,-32316.55,False
2025-05-05,35.54999923706055,32211.75,both,-32176.2,False
2025-05-06,35.720001220703125,32285.45,both,-32249.73,False
2025-05-07,35.20000076293945,31840.44,both,-31805.24,False
2025-05-08,35.290000915527344,31772.04,both,-31736.75,False
2025-05-11,35.0,31427.98,both,-31392.98,False
2025-05-12,34.959999084472656,31577.01,both,-31542.05,False
2025-05-13,35.400001525878906,31692.77,both,-31657.37,False
2025-05-14,35.099998474121094,31827.86,both,-31792.76,False
2025-05-15,35.25,31941.15,both,-31905.9,False
2025-05-18,35.029998779296875,31713.7,both,-31678.67,False
2025-05-19,34.90999984741211,31355.82,both,-31320.91,False
2025-05-20,35.90999984741211,31629.34,both,-31593.43,False
2025-05-21,37.0099983215332,31836.63,both,-31799.62,False
2025-05-22,37.0,31975.63,both,-31938.63,False
2025-05-25,36.310001373291016,32023.89,both,-31987.58,False
2025-05-26,36.2599983215332,31922.5,both,-31886.24,False
2025-05-27,37.900001525878906,32397.38,both,-32359.48,False
2025-05-28,36.9900016784668,32493.89,both,-32456.9,False
2025-05-29,36.130001068115234,32696.79,both,-32660.66,False
2025-06-01,37.0,32500.03,both,-32463.03,False
2025-06-02,37.54999923706055,32325.12,both,-32287.57,False
2025-06-03,37.77000045776367,32355.41,both,-32317.64,False
2025-06-04,37.5,32677.87,both,-32640.37,False
2025-06-10,37.150001525878906,32904.06,both,-32866.91,False
2025-06-11,37.5,32935.19,both,-32897.69,False
2025-06-12,37.369998931884766,32511.68,both,-32474.31,False
2025-06-15,36.790000915527344,31016.0,both,-30979.21,False
2025-06-16,36.380001068115234,31042.36,both,-31005.98,False
2025-06-17,35.880001068115234,30725.96,both,-30690.08,False
2025-06-18,36.040000915527344,30838.98,both,-30802.94,False
2025-06-19,36.0,30248.44,both,-30212.44,False
2025-06-22,36.34000015258789,31055.98,both,-31019.64,False
2025-06-23,37.4900016784668,31418.74,both,-31381.25,False
2025-06-24,37.400001525878906,32598.55,both,-32561.15,False
2025-06-25,37.93000030517578,33002.85,both,-32964.92,False
2025-06-29,38.29999923706055,33206.76,both,-33168.46,False
2025-06-30,38.0,32857.62,both,-32819.62,False
2025-07-01,37.880001068115234,32707.22,both,-32669.34,False
2025-07-02,37.15999984741211,32820.49,both,-32783.33,False
2025-07-06,38.20000076293945,,left_only,,False
2025-07-07,39.25,33037.62,both,-32998.37,False
2025-07-09,38.34999847412109,33152.39,both,-33114.04,False
2025-07-10,38.70000076293945,33324.38,both,-33285.68,False
2025-07-13,37.25,33053.47,both,-33016.22,False
2025-07-14,38.43999862670898,33727.44,both,-33689.0,False
2025-07-15,39.34999847412109,33934.63,both,-33895.28,False
2025-07-16,38.25,33473.77,both,-33435.52,False
2025-07-17,38.369998931884766,33821.03,both,-33782.66,False
2025-07-20,38.31999969482422,34071.0,both,-34032.68,False
2025-07-21,37.630001068115234,34129.59,both,-34091.96,False
2025-07-22,37.61000061035156,33803.34,both,-33765.73,False
2025-07-23,37.61000061035156,34125.12,both,-34087.51,False
2025-07-27,39.77000045776367,34554.24,both,-34514.47,False
2025-07-28,38.9900016784668,34076.22,both,-34037.23,False
2025-07-29,40.18999862670898,34085.74,both,-34045.55,False
2025-07-30,40.13999938964844,33859.68,both,-33819.54,False
2025-07-31,41.0,34198.0,both,-34157.0,False
2025-08-03,41.0,34272.16,both,-34231.16,False
2025-08-04,41.0,34704.51,both,-34663.51,False
2025-08-05,41.0,35254.18,both,-35213.18,False
2025-08-06,41.0,35480.25,both,-35439.25,False
2025-08-07,41.0,35809.36,both,-35768.36,False
2025-08-10,45.0,36109.77,both,-36064.77,False
2025-08-11,45.150001525878906,35908.5,both,-35863.35,False
2025-08-12,44.79999923706055,36003.65,both,-35958.85,False
2025-08-13,44.79999923706055,35855.26,both,-35810.46,False
2025-08-14,45.0,35576.42,both,-35531.42,False
2025-08-17,46.06999969482422,35972.77,both,-35926.7,False
2025-08-18,46.400001525878906,35824.78,both,-35778.38,False
2025-08-19,46.79999923706055,36100.07,both,-36053.27,False
2025-08-20,46.18999862670898,35731.83,both,-35685.64,False
2025-08-21,46.0,35622.26,both,-35576.26,False
2025-08-24,46.20000076293945,35811.88,both,-35765.68,False
2025-08-25,46.22999954223633,35810.57,both,-35764.34,False
2025-08-26,46.0,35358.34,both,-35312.34,False
2025-08-27,46.790000915527344,35676.19,both,-35629.4,False
2025-08-28,46.33000183105469,35727.19,both,-35680.86,False
2025-08-31,45.5,35148.14,both,-35102.64,False
2025-09-01,45.900001525878906,35158.88,both,-35112.98,False
2025-09-02,46.18999862670898,35156.93,both,-35110.74,False
2025-09-03,45.04999923706055,34761.97,both,-34716.92,False
2025-09-07,45.0,34455.41,both,-34410.41,False
2025-09-08,45.72999954223633,34601.53,both,-34555.8,False
2025-09-09,44.09999847412109,34386.33,both,-34342.23,False
2025-09-10,44.79999923706055,34670.1,both,-34625.3,False
2025-09-11,46.02000045776367,34937.44,both,-34891.42,False
2025-09-14,46.959999084472656,35111.82,both,-35064.86,False
2025-09-15,47.709999084472656,35165.84,both,-35118.13,False
2025-09-16,46.900001525878906,34840.82,both,-34793.92,False
2025-09-17,46.5,34974.84,both,-34928.34,False
2025-09-18,47.25,35403.0,both,-35355.75,False
2025-09-21,46.83000183105469,35247.04,both,-35200.21,False
2025-09-22,46.5,35210.7,both,-35164.2,False
2025-09-23,46.68999862670898,35328.63,both,-35281.94,False
2025-09-24,46.93999862670898,35949.12,both,-35902.18,False
2025-09-25,47.0,35671.43,both,-35624.43,False
2025-09-28,48.5,36166.08,both,-36117.58,False
2025-09-29,49.9900016784668,36391.0,both,-36341.01,False
2025-09-30,51.0,36670.08,both,-36619.08,False
2025-10-01,51.0,36769.18,both,-36718.18,False
2025-10-02,49.79999923706055,36900.7,both,-36850.9,False
2025-10-05,49.0,37210.83,both,-37161.83,False
2025-10-06,49.0,37094.8,both,-37045.8,False
2025-10-07,47.81999969482422,37097.37,both,-37049.55,False
2025-10-08,48.02999877929688,37376.93,both,-37328.9,False
2025-10-12,50.0,37378.58,both,-37328.58,False
2025-10-13,48.900001525878906,37409.85,both,-37360.95,False
2025-10-14,49.54999923706055,37459.13,both,-37409.58,False
2025-10-15,50.0,37654.04,both,-37604.04,False
2025-10-16,50.33000183105469,37677.19,both,-37626.86,False
2025-10-19,50.400001525878906,37909.61,both,-37859.21,False
2025-10-20,50.02000045776367,37975.06,both,-37925.04,False
2025-10-21,50.5,37698.49,both,-37647.99,False
2025-10-22,50.66999816894531,37576.55,both,-37525.88,False
2025-10-23,50.79999923706055,37687.04,both,-37636.24,False
2025-10-26,50.52999877929688,38101.96,both,-38051.43,False
2025-10-27,50.5099983215332,38162.01,both,-38111.5,False
2025-10-28,50.40999984741211,38304.94,both,-38254.53,False
2025-10-29,50.400001525878906,38229.53,both,-38179.13,False
2025-10-30,50.09999847412109,38267.8,both,-38217.7,False
2025-11-02,49.70000076293945,38082.88,both,-38033.18,False
2025-11-03,51.83000183105469,38622.84,both,-38571.01,False
2025-11-04,53.5,39065.73,both,-39012.23,False
2025-11-05,53.79999923706055,39132.25,both,-39078.45,False
2025-11-06,52.86000061035156,39949.66,both,-39896.8,False
2025-11-09,52.47999954223633,40821.96,both,-40769.48,False
2025-11-10,52.4900016784668,40427.35,both,-40374.86,False
2025-11-11,53.43000030517578,40261.16,both,-40207.73,False
2025-11-12,52.63999938964844,40228.76,both,-40176.12,False
2025-11-13,56.0,40190.62,both,-40134.62,False
2025-11-16,62.68000030517578,41211.27,both,-41148.59,False
2025-11-17,61.09999847412109,41065.75,both,-41004.65,False
2025-11-18,60.65999984741211,40501.28,both,-40440.62,False
2025-11-19,60.0,40509.16,both,-40449.16,False
2025-11-20,62.900001525878906,40302.39,both,-40239.49,False
2025-11-23,65.2699966430664,40445.66,both,-40380.39,False
2025-11-24,65.80000305175781,39725.26,both,-39659.46,False
2025-11-25,63.52999877929688,39902.53,both,-39839.0,False
2025-11-26,63.9900016784668,39537.25,both,-39473.26,False
2025-11-27,63.5,40039.24,both,-39975.74,False
2025-11-30,65.0,40753.45,both,-40688.45,False
2025-12-01,63.619998931884766,40693.92,both,-40630.3,False
2025-12-02,61.959999084472656,40625.63,both,-40563.67,False
2025-12-03,61.95000076293945,41342.03,both,-41280.08,False
2025-12-04,61.0,41499.07,both,-41438.07,False
2025-12-07,62.0099983215332,41762.43,both,-41700.42,False
2025-12-08,64.0,41963.24,both,-41899.24,False
2025-12-09,64.01000213623047,41940.62,both,-41876.61,False
2025-12-10,63.650001525878906,42052.79,both,-41989.14,False
2025-12-11,64.6500015258789,42033.78,both,-41969.13,False
2025-12-14,66.0,42065.2,both,-41999.2,False
2025-12-15,66.1500015258789,42305.36,both,-42239.21,False
2025-12-16,64.01000213623047,42002.37,both,-41938.36,False
2025-12-17,63.0,41504.03,both,-41441.03,False
2025-12-18,63.130001068115234,40926.86,both,-40863.73,False
2025-12-21,64.0,41348.38,both,-41284.38,False
2025-12-22,62.79999923706055,41102.76,both,-41039.96,False
2025-12-23,63.0,41419.32,both,-41356.32,False
2025-12-24,63.0,41508.31,both,-41445.31,False
2025-12-25,62.83000183105469,41253.02,both,-41190.19,False
2025-12-28,64.22000122070312,41604.74,both,-41540.52,False
2025-12-29,64.80000305175781,41731.68,both,-41666.88,False
2025-12-30,64.79000091552734,41689.96,both,-41625.17,False
2025-12-31,65.7699966430664,41828.97,both,-41763.2,False
2026-01-04,65.30999755859375,40898.15,both,-40832.84,False
2026-01-05,63.97999954223633,40676.98,both,-40613.0,False
2026-01-06,65.25,41543.46,both,-41478.21,False
2026-01-08,68.72000122070312,41856.76,both,-41788.04,False
2026-01-11,71.0,42895.41,both,-42824.41,False
2026-01-12,69.1500015258789,43404.25,both,-43335.1,False
2026-01-13,69.01000213623047,43684.22,both,-43615.21,False
2026-01-14,68.5,43058.34,both,-42989.84,False
2026-01-15,68.25,43346.87,both,-43278.62,False
2026-01-18,67.94999694824219,43952.52,both,-43884.57,False
2026-01-19,73.87999725341797,45048.44,both,-44974.56,False
2026-01-20,80.11000061035156,45905.16,both,-45825.05,False
2026-01-21,80.11000061035156,46048.69,both,-45968.58,False
2026-01-22,78.51000213623047,46462.32,both,-46383.81,False
2026-01-25,77.98999786376953,46857.73,both,-46779.74,False
2026-01-26,81.2300033569336,47507.43,both,-47426.2,False
2026-01-27,79.66000366210938,47834.55,both,-47754.89,False
2026-01-28,78.5,47785.93,both,-47707.43,False
2026-02-01,79.27999877929688,47662.74,both,-47583.46,False
2026-02-02,78.4000015258789,47606.28,both,-47527.88,False
2026-02-03,83.25,48978.48,both,-48895.23,False
2026-02-04,83.30000305175781,49631.56,both,-49548.26,False
2026-02-05,84.88999938964844,49739.03,both,-49654.14,False
2026-02-08,88.75,50035.23,both,-49946.48,False
2026-02-09,90.88999938964844,50293.53,both,-50202.64,False
2026-02-10,92.88999938964844,50376.15,both,-50283.26,False
2026-02-11,93.1500015258789,49700.24,both,-49607.09,False
2026-02-12,94.94000244140624,50490.2,both,-50395.26,False
2026-02-15,112.9800033569336,52308.32,both,-52195.34,False
2026-02-16,99.01000213623048,51493.53,both,-51394.52,False
2026-02-17,97.33999633789062,51833.76,both,-51736.42,False
2026-02-18,97.6999969482422,52222.34,both,-52124.64,False
2026-02-19,94.0999984741211,50667.67,both,-50573.57,False
2026-02-22,91.88999938964844,49560.88,both,-49468.99,False
2026-02-23,92.5,50870.06,both,-50777.56,False
2026-02-24,93.9000015258789,50390.21,both,-50296.31,False
2026-02-25,89.77999877929688,49014.32,both,-48924.54,False
2026-02-26,92.79000091552734,49212.83,both,-49120.04,False
2026-03-01,90.3000030517578,47984.26,both,-47893.96,False
2026-03-02,88.83000183105469,47692.49,both,-47603.66,False
2026-03-03,86.5999984741211,46725.81,both,-46639.21,False
2026-03-04,88.0,46452.14,both,-46364.14,False
2026-03-05,88.0,47516.44,both,-47428.44,False
2026-03-08,86.0,46774.24,both,-46688.24,False
2026-03-09,82.12999725341797,46414.85,both,-46332.72,False
2026-03-10,84.01000213623047,47772.74,both,-47688.73,False
2026-03-11,84.80000305175781,47195.39,both,-47110.59,False
2026-03-12,84.6500015258789,46790.96,both,-46706.31,False
2026-03-15,82.55000305175781,45926.93,both,-45844.38,False
2026-03-16,81.0,45187.72,both,-45106.72,False
2026-03-17,82.30000305175781,46054.61,both,-45972.31,False
2026-03-18,84.38999938964844,47611.96,both,-47527.57,False
2026-03-19,84.38999938964844,,left_only,,False
2026-03-24,82.5999984741211,46930.88,both,-46848.28,False
2026-03-25,83.5,47497.91,both,-47414.41,False
2026-03-26,82.6500015258789,47001.89,both,-46919.24,False
2026-03-29,81.5,46404.27,both,-46322.77,False
2026-03-30,79.01000213623047,45189.89,both,-45110.88,False
2026-03-31,78.58999633789062,45321.59,both,-45243.0,False
2026-04-01,84.5,46731.49,both,-46646.99,False
2026-04-02,84.41000366210938,46399.0,both,-46314.59,False
2026-04-05,88.9000015258789,47276.43,both,-47187.53,False
2026-04-06,88.44000244140625,47651.58,both,-47563.14,False
2026-04-07,87.9000015258789,46681.78,both,-46593.88,False
2026-04-08,91.0,48593.99,both,-48502.99,False
2026-04-09,93.9000015258789,49078.6,both,-48984.7,False
2026-04-12,,49078.6,right_only,,False
2026-04-14,94.0,49978.62,both,-49884.62,False
2026-04-15,93.81999969482422,50733.14,both,-50639.32,False
2026-04-16,95.69000244140624,51437.78,both,-51342.09,False
2026-04-19,96.25,52372.64,both,-52276.39,False
2026-04-20,94.0,51813.43,both,-51719.43,False
2026-04-21,94.0,51977.34,both,-51883.34,False
2026-04-22,94.51000213623048,51962.39,both,-51867.88,False
2026-04-23,95.01000213623048,52375.39,both,-52280.38,False
2026-04-26,95.94000244140624,52421.14,both,-52325.2,False
2026-04-27,95.6500015258789,52719.12,both,-52623.47,False
2026-04-28,95.0,52230.61,both,-52135.61,False
2026-04-29,94.1999969482422,52383.13,both,-52288.93,False
2026-04-30,93.5,51760.97,both,-51667.47,False
2026-05-03,93.5,52312.7,both,-52219.2,False
2026-05-04,93.0,51973.5,both,-51880.5,False
2026-05-05,92.5,52557.63,both,-52465.13,False
2026-05-06,96.70999908447266,53605.08,both,-53508.37,False
2026-05-10,99.5,54628.68,both,-54529.18,False
2026-05-11,98.88999938964844,54475.49,both,-54376.6,False
2026-05-12,98.48999786376952,54058.75,both,-53960.26,False
2026-05-13,96.5999984741211,53416.17,both,-53319.57,False
2026-05-14,96.5999984741211,53154.84,both,-53058.24,False
2026-05-17,94.25,52364.34,both,-52270.09,False
2026-05-18,93.30999755859376,52007.0,both,-51913.69,False
2026-05-19,95.75,52774.98,both,-52679.23,False
2026-05-20,95.48999786376952,51936.75,both,-51841.26,False
2026-05-21,95.48999786376952,52090.96,both,-51995.47,False
2026-05-24,95.5,52861.47,both,-52765.97,False
2026-05-25,97.62999725341795,52658.75,both,-52561.12,False
2026-05-26,97.62999725341795,,left_only,,False
2026-05-27,97.62999725341795,,left_only,,False
2026-05-28,97.62999725341795,,left_only,,False
2026-06-01,97.97000122070312,52853.94,both,-52755.97,False
2026-06-02,97.98999786376952,52927.02,both,-52829.03,False
2026-06-03,96.0999984741211,52564.42,both,-52468.32,False
2026-06-04,96.9000015258789,52652.53,both,-52555.63,False
2026-06-07,94.41000366210938,52164.6,both,-52070.19,False
2026-06-08,94.0500030517578,51882.81,both,-51788.76,False
2026-06-09,94.27999877929688,52374.8,both,-52280.52,False
2026-06-10,92.55999755859376,51256.65,both,-51164.09,False
2026-06-11,90.16000366210938,50818.84,both,-50728.68,False
2026-06-14,90.69000244140624,51994.63,both,-51903.94,False
2026-06-15,93.0,52306.66,both,-52213.66,False
2026-06-16,93.0,52047.15,both,-51954.15,False
2026-06-17,93.0,52621.84,both,-52528.84,False
2026-06-18,93.0,,left_only,,False
2026-06-21,93.01000213623048,52679.45,both,-52586.44,False
2026-06-22,93.01000213623048,52585.72,both,-52492.71,False
2026-06-23,95.36000061035156,51769.74,both,-51674.38,False
2026-06-24,94.66000366210938,51710.9,both,-51616.24,False
2026-06-25,93.6500015258789,51443.07,both,-51349.42,False
2026-06-28,91.0,50344.37,both,-50253.37,False
2026-06-29,90.0,49825.58,both,-49735.58,False
2026-06-30,92.3000030517578,50487.96,both,-50395.66,False
2026-07-01,92.61000061035156,50532.7,both,-50440.09,False
2026-07-05,92.7699966430664,51130.89,both,-51038.12,False
2026-07-06,96.5,52502.74,both,-52406.24,False
2026-07-07,98.5,53006.11,both,-52907.61,False
2026-07-08,96.69000244140624,52028.37,both,-51931.68,False
2026-07-09,97.8499984741211,52311.51,both,-52213.66,False
2026-07-12,98.68000030517578,52256.18,both,-52157.5,False
2026-07-13,97.0,52608.28,both,-52511.28,False
2026-07-14,97.25,52299.31,both,-52202.06,False
2026-07-15,98.1999969482422,52558.39,both,-52460.19,False
2026-07-16,98.3000030517578,52928.06,both,-52829.76,False
2026-07-19,98.80999755859376,52560.1,both,-52461.29,False
2026-07-20,99.83999633789062,53126.01,both,-53026.17,False
2026-07-21,103.61000061035156,53989.55,both,-53885.94,False
2026-07-22,103.27999877929688,53931.92,both,-53828.64,False
2026-07-26,103.01000213623048,,left_only,,False
2026-07-27,103.5,,left_only,,False
2026-07-28,105.25,,left_only,,False
2026-07-29,106.8000030517578,,left_only,,False
2026-07-30,103.5999984741211,,left_only,,False
