date,fetched_close,reference_close,_merge,diff,match
2014-12-23,,8710.6,right_only,,False
2014-12-24,,8766.12,right_only,,False
2014-12-25,,8740.12,right_only,,False
2014-12-28,,8745.16,right_only,,False
2014-12-29,,8958.13,right_only,,False
2014-12-30,,9005.75,right_only,,False
2014-12-31,,8926.58,right_only,,False
2015-01-04,,8942.65,right_only,,False
2015-01-05,,9011.07,right_only,,False
2015-01-06,,8798.94,right_only,,False
2015-01-08,,8946.34,right_only,,False
2015-01-11,,8909.75,right_only,,False
2015-01-12,,9109.23,right_only,,False
2015-01-13,,9308.98,right_only,,False
2015-01-14,,9544.08,right_only,,False
2015-01-15,,9555.99,right_only,,False
2015-01-18,,9530.92,right_only,,False
2015-01-19,,9599.1,right_only,,False
2015-01-20,,9804.18,right_only,,False
2015-01-21,,9856.3,right_only,,False
2015-01-22,,9898.86,right_only,,False
2015-01-26,,9834.81,right_only,,False
2015-01-27,,9946.58,right_only,,False
2015-01-28,,9863.73,right_only,,False
2015-01-29,,9843.1,right_only,,False
2015-02-01,,9779.76,right_only,,False
2015-02-02,,9830.46,right_only,,False
2015-02-03,,9954.34,right_only,,False
2015-02-04,,10045.93,right_only,,False
2015-02-05,,9965.43,right_only,,False
2015-02-08,,9957.93,right_only,,False
2015-02-09,,9884.46,right_only,,False
2015-02-10,,9900.65,right_only,,False
2015-02-11,,9770.78,right_only,,False
2015-02-12,,9747.36,right_only,,False
2015-02-15,,9789.79,right_only,,False
2015-02-16,,9585.92,right_only,,False
2015-02-17,,9433.85,right_only,,False
2015-02-18,,9537.23,right_only,,False
2015-02-19,,9481.2,right_only,,False
2015-02-22,,9494.55,right_only,,False
2015-02-23,,9601.14,right_only,,False
2015-02-24,,9611.66,right_only,,False
2015-02-25,,9469.08,right_only,,False
2015-02-26,,9334.01,right_only,,False
2015-03-01,,9283.59,right_only,,False
2015-03-02,,9456.33,right_only,,False
2015-03-03,,9475.27,right_only,,False
2015-03-04,,9461.06,right_only,,False
2015-03-05,,9575.98,right_only,,False
2015-03-08,,9638.41,right_only,,False
2015-03-09,,9713.61,right_only,,False
2015-03-10,,9709.5,right_only,,False
2015-03-11,,9576.46,right_only,,False
2015-03-12,,9640.77,right_only,,False
2015-03-15,,9726.03,right_only,,False
2015-03-16,,9529.01,right_only,,False
2015-03-17,,9561.33,right_only,,False
2015-03-18,,9484.08,right_only,,False
2015-03-19,,9518.28,right_only,,False
2015-03-22,,9354.73,right_only,,False
2015-03-23,,9374.12,right_only,,False
2015-03-24,,9367.54,right_only,,False
2015-03-25,,9198.46,right_only,,False
2015-03-26,,9052.5,right_only,,False
2015-03-29,,9062.99,right_only,,False
2015-03-30,,9118.97,right_only,,False
2015-03-31,,9134.78,right_only,,False
2015-04-01,,9099.33,right_only,,False
2015-04-02,,8891.73,right_only,,False
2015-04-05,,8607.66,right_only,,False
2015-04-06,,8508.24,right_only,,False
2015-04-07,,8716.37,right_only,,False
2015-04-08,,8788.9,right_only,,False
2015-04-09,,8892.53,right_only,,False
2015-04-14,,8927.53,right_only,,False
2015-04-15,,8896.68,right_only,,False
2015-04-16,,8886.84,right_only,,False
2015-04-19,,8765.34,right_only,,False
2015-04-20,,8595.78,right_only,,False
2015-04-21,,8575.27,right_only,,False
2015-04-22,,8629.49,right_only,,False
2015-04-23,,8731.29,right_only,,False
2015-04-26,,8633.86,right_only,,False
2015-04-27,,8493.68,right_only,,False
2015-04-28,,8330.52,right_only,,False
2015-04-29,,8488.49,right_only,,False
2015-04-30,,8672.29,right_only,,False
2015-05-03,,8562.97,right_only,,False
2015-05-04,,8652.12,right_only,,False
2015-05-05,,8828.33,right_only,,False
2015-05-06,,8756.31,right_only,,False
2015-05-07,,8742.42,right_only,,False
2015-05-10,,8692.0,right_only,,False
2015-05-11,,8691.85,right_only,,False
2015-05-12,,8674.34,right_only,,False
2015-05-13,,8526.43,right_only,,False
2015-05-14,,8303.37,right_only,,False
2015-05-17,,8260.92,right_only,,False
2015-05-18,,8798.17,right_only,,False
2015-05-19,,8877.68,right_only,,False
2015-05-20,,8826.45,right_only,,False
2015-05-21,,8988.03,right_only,,False
2015-05-24,,9121.92,right_only,,False
2015-05-25,,9050.76,right_only,,False
2015-05-26,,8975.32,right_only,,False
2015-05-27,,8966.71,right_only,,False
2015-05-28,,8912.05,right_only,,False
2015-05-31,,8782.55,right_only,,False
2015-06-01,,8745.04,right_only,,False
2015-06-02,,8847.59,right_only,,False
2015-06-03,,8905.6,right_only,,False
2015-06-04,,8780.76,right_only,,False
2015-06-07,,8728.87,right_only,,False
2015-06-08,,8672.33,right_only,,False
2015-06-09,,8660.93,right_only,,False
2015-06-10,,8639.43,right_only,,False
2015-06-11,,8626.46,right_only,,False
2015-06-14,,8534.13,right_only,,False
2015-06-15,,8515.63,right_only,,False
2015-06-16,,8556.1,right_only,,False
2015-06-17,,8556.55,right_only,,False
2015-06-18,,8576.71,right_only,,False
2015-06-21,,8535.19,right_only,,False
2015-06-22,,8489.41,right_only,,False
2015-06-23,,8444.93,right_only,,False
2015-06-24,,8456.82,right_only,,False
2015-06-25,,8406.17,right_only,,False
2015-06-28,,8511.98,right_only,,False
2015-06-29,,8371.53,right_only,,False
2015-07-02,,8314.72,right_only,,False
2015-07-05,,8218.25,right_only,,False
2015-07-06,,7870.78,right_only,,False
2015-07-07,,7752.94,right_only,,False
2015-07-08,,7550.98,right_only,,False
2015-07-09,,7617.39,right_only,,False
2015-07-12,,7691.35,right_only,,False
2015-07-13,,7587.07,right_only,,False
2015-07-14,,7686.91,right_only,,False
2015-07-15,,7882.62,right_only,,False
2015-07-16,,8022.91,right_only,,False
2015-07-21,,8049.69,right_only,,False
2015-07-22,,8087.24,right_only,,False
2015-07-26,,8004.83,right_only,,False
2015-07-27,,7887.87,right_only,,False
2015-07-28,,7949.89,right_only,,False
2015-07-29,,8105.69,right_only,,False
2015-07-30,,8191.53,right_only,,False
2015-08-02,,8158.31,right_only,,False
2015-08-03,,8087.54,right_only,,False
2015-08-04,,8181.95,right_only,,False
2015-08-05,,8114.08,right_only,,False
2015-08-09,,8011.06,right_only,,False
2015-08-10,,8028.69,right_only,,False
2015-08-11,,8083.18,right_only,,False
2015-08-12,,7911.88,right_only,,False
2015-08-13,,7879.82,right_only,,False
2015-08-16,,7625.76,right_only,,False
2015-08-17,,7594.05,right_only,,False
2015-08-18,,7398.43,right_only,,False
2015-08-19,,7240.77,right_only,,False
2015-08-20,,7172.63,right_only,,False
2015-08-23,,6784.09,right_only,,False
2015-08-24,,6654.06,right_only,,False
2015-08-25,,6836.95,right_only,,False
2015-08-26,,6873.49,right_only,,False
2015-08-27,,7078.83,right_only,,False
2015-08-30,,7055.28,right_only,,False
2015-08-31,,7252.43,right_only,,False
2015-09-01,,7203.86,right_only,,False
2015-09-02,,7150.47,right_only,,False
2015-09-03,,7295.96,right_only,,False
2015-09-06,,7273.92,right_only,,False
2015-09-07,,7166.62,right_only,,False
2015-09-08,,6924.05,right_only,,False
2015-09-09,,7050.02,right_only,,False
2015-09-10,,7039.33,right_only,,False
2015-09-13,,7082.0,right_only,,False
2015-09-14,,7158.1,right_only,,False
2015-09-15,,7175.59,right_only,,False
2015-09-16,,7266.42,right_only,,False
2015-09-17,,7267.52,right_only,,False
2015-09-20,,7234.46,right_only,,False
2015-09-21,,7285.25,right_only,,False
2015-09-22,,7346.54,right_only,,False
2015-09-28,,7409.06,right_only,,False
2015-09-29,,7331.53,right_only,,False
2015-09-30,,7332.88,right_only,,False
2015-10-01,,7310.71,right_only,,False
2015-10-04,,7263.29,right_only,,False
2015-10-05,,7239.27,right_only,,False
2015-10-07,,7354.56,right_only,,False
2015-10-08,,7491.67,right_only,,False
2015-10-11,,7547.66,right_only,,False
2015-10-12,,7650.65,right_only,,False
2015-10-13,,7669.12,right_only,,False
2015-10-15,,7594.45,right_only,,False
2015-10-18,,7538.22,right_only,,False
2015-10-19,,7621.67,right_only,,False
2015-10-20,,7658.95,right_only,,False
2015-10-21,,7669.14,right_only,,False
2015-10-22,,7611.03,right_only,,False
2015-10-25,,7653.14,right_only,,False
2015-10-26,,7577.53,right_only,,False
2015-10-27,,7534.08,right_only,,False
2015-10-28,,7479.59,right_only,,False
2015-10-29,,7507.89,right_only,,False
2015-11-01,,7413.01,right_only,,False
2015-11-02,,7434.69,right_only,,False
2015-11-03,,7432.96,right_only,,False
2015-11-04,,7450.36,right_only,,False
2015-11-05,,7541.72,right_only,,False
2015-11-08,,7347.22,right_only,,False
2015-11-09,,7138.81,right_only,,False
2015-11-10,,6824.74,right_only,,False
2015-11-11,,6801.9,right_only,,False
2015-11-12,,6806.67,right_only,,False
2015-11-15,,6522.12,right_only,,False
2015-11-16,,6480.65,right_only,,False
2015-11-17,,6407.33,right_only,,False
2015-11-18,,6413.97,right_only,,False
2015-11-19,,6568.97,right_only,,False
2015-11-22,,6607.53,right_only,,False
2015-11-23,,6451.32,right_only,,False
2015-11-24,,6321.39,right_only,,False
2015-11-25,,6391.07,right_only,,False
2015-11-26,,6427.82,right_only,,False
2015-11-29,,6477.73,right_only,,False
2015-11-30,,6356.65,right_only,,False
2015-12-01,,6424.88,right_only,,False
2015-12-02,,6649.72,right_only,,False
2015-12-03,,6779.28,right_only,,False
2015-12-06,,6837.42,right_only,,False
2015-12-07,,6777.81,right_only,,False
2015-12-08,,6608.01,right_only,,False
2015-12-09,,6629.32,right_only,,False
2015-12-10,,6637.91,right_only,,False
2015-12-13,,6395.2,right_only,,False
2015-12-14,,6408.12,right_only,,False
2015-12-15,,6421.0,right_only,,False
2015-12-16,,6488.51,right_only,,False
2015-12-17,,6669.8,right_only,,False
2015-12-20,,6707.66,right_only,,False
2015-12-21,,6762.26,right_only,,False
2015-12-22,,6769.08,right_only,,False
2015-12-24,,6812.65,right_only,,False
2015-12-27,,6749.11,right_only,,False
2015-12-28,,6744.47,right_only,,False
2015-12-29,,6794.75,right_only,,False
2015-12-30,,6981.01,right_only,,False
2015-12-31,,7006.01,right_only,,False
2016-01-03,,7089.06,right_only,,False
2016-01-04,,6982.25,right_only,,False
2016-01-05,,7021.42,right_only,,False
2016-01-06,,6922.71,right_only,,False
2016-01-10,,6782.35,right_only,,False
2016-01-11,,6634.98,right_only,,False
2016-01-12,,6463.92,right_only,,False
2016-01-13,,6205.23,right_only,,False
2016-01-14,,5857.7,right_only,,False
2016-01-17,,5760.19,right_only,,False
2016-01-18,,5941.19,right_only,,False
2016-01-19,,6097.45,right_only,,False
2016-01-20,,5776.59,right_only,,False
2016-01-21,,5713.35,right_only,,False
2016-01-24,,5893.54,right_only,,False
2016-01-26,,5896.56,right_only,,False
2016-01-27,,5960.59,right_only,,False
2016-01-28,,5986.78,right_only,,False
2016-01-31,,5992.72,right_only,,False
2016-02-01,,5906.92,right_only,,False
2016-02-02,,6008.85,right_only,,False
2016-02-03,,6066.54,right_only,,False
2016-02-04,,6202.22,right_only,,False
2016-02-07,,6126.47,right_only,,False
2016-02-08,,6174.77,right_only,,False
2016-02-09,,6004.41,right_only,,False
2016-02-10,,6062.65,right_only,,False
2016-02-11,,5813.72,right_only,,False
2016-02-14,,5753.74,right_only,,False
2016-02-15,,5800.05,right_only,,False
2016-02-16,,5894.6,right_only,,False
2016-02-17,,5947.7,right_only,,False
2016-02-18,,5944.47,right_only,,False
2016-02-21,,6007.88,right_only,,False
2016-02-22,,6086.45,right_only,,False
2016-02-23,,6104.74,right_only,,False
2016-02-24,,6054.03,right_only,,False
2016-02-25,,6079.13,right_only,,False
2016-02-28,,6156.01,right_only,,False
2016-02-29,,6146.93,right_only,,False
2016-03-01,,6115.54,right_only,,False
2016-03-02,,6076.57,right_only,,False
2016-03-03,,6089.34,right_only,,False
2016-03-06,,6214.94,right_only,,False
2016-03-07,,6261.41,right_only,,False
2016-03-08,,6339.76,right_only,,False
2016-03-09,,6372.64,right_only,,False
2016-03-10,,6563.65,right_only,,False
2016-03-13,,6563.83,right_only,,False
2016-03-14,,7003.85,right_only,,False
2016-03-15,,7139.44,right_only,,False
2016-03-16,,7228.68,right_only,,False
2016-03-17,,7485.69,right_only,,False
2016-03-20,,7465.86,right_only,,False
2016-03-21,,7494.12,right_only,,False
2016-03-22,,7430.33,right_only,,False
2016-03-23,,7495.47,right_only,,False
2016-03-24,,7548.22,right_only,,False
2016-03-27,,7480.11,right_only,,False
2016-03-28,,7494.1,right_only,,False
2016-03-29,,7567.46,right_only,,False
2016-03-30,,7485.06,right_only,,False
2016-03-31,,7524.99,right_only,,False
2016-04-03,,7521.2,right_only,,False
2016-04-04,,7577.02,right_only,,False
2016-04-05,,7657.98,right_only,,False
2016-04-06,,7459.84,right_only,,False
2016-04-07,,7478.74,right_only,,False
2016-04-10,,7403.77,right_only,,False
2016-04-11,,7342.46,right_only,,False
2016-04-12,,7331.05,right_only,,False
2016-04-13,,7420.61,right_only,,False
2016-04-14,,7463.1,right_only,,False
2016-04-17,,7517.02,right_only,,False
2016-04-18,,7662.44,right_only,,False
2016-04-19,,7864.03,right_only,,False
2016-04-20,,7799.86,right_only,,False
2016-04-21,,7781.45,right_only,,False
2016-04-24,,7743.41,right_only,,False
2016-04-26,,7886.82,right_only,,False
2016-04-27,,7863.58,right_only,,False
2016-04-28,,7773.23,right_only,,False
2016-05-03,,7531.59,right_only,,False
2016-05-04,,7442.44,right_only,,False
2016-05-05,,7547.49,right_only,,False
2016-05-08,,7571.7,right_only,,False
2016-05-09,,7646.02,right_only,,False
2016-05-10,,7621.91,right_only,,False
2016-05-11,,7503.4,right_only,,False
2016-05-12,,7520.52,right_only,,False
2016-05-15,,7373.0,right_only,,False
2016-05-16,,7409.27,right_only,,False
2016-05-17,,7549.97,right_only,,False
2016-05-18,,7637.04,right_only,,False
2016-05-19,,7499.49,right_only,,False
2016-05-22,,7494.76,right_only,,False
2016-05-23,,7417.08,right_only,,False
2016-05-24,,7497.33,right_only,,False
2016-05-25,,7543.43,right_only,,False
2016-05-26,,7531.15,right_only,,False
2016-05-29,,7486.13,right_only,,False
2016-05-30,,7452.88,right_only,,False
2016-05-31,,7483.65,right_only,,False
2016-06-01,,7572.39,right_only,,False
2016-06-02,,7617.88,right_only,,False
2016-06-05,,7563.5,right_only,,False
2016-06-06,,7639.59,right_only,,False
2016-06-07,,7717.35,right_only,,False
2016-06-08,,7780.13,right_only,,False
2016-06-09,,7756.3,right_only,,False
2016-06-12,,7650.62,right_only,,False
2016-06-13,,7645.21,right_only,,False
2016-06-14,,7570.05,right_only,,False
2016-06-15,,7414.81,right_only,,False
2016-06-16,,7420.39,right_only,,False
2016-06-19,,7337.97,right_only,,False
2016-06-20,,7203.64,right_only,,False
2016-06-21,,7250.92,right_only,,False
2016-06-22,,7156.49,right_only,,False
2016-06-23,,7253.31,right_only,,False
2016-06-26,,6851.61,right_only,,False
2016-06-27,,6903.81,right_only,,False
2016-06-28,,6931.94,right_only,,False
2016-06-29,,6942.52,right_only,,False
2016-07-03,,6981.72,right_only,,False
2016-07-04,,7182.8,right_only,,False
2016-07-10,,7517.43,right_only,,False
2016-07-11,,7506.18,right_only,,False
2016-07-12,,7457.5,right_only,,False
2016-07-13,,7559.87,right_only,,False
2016-07-14,,7583.06,right_only,,False
2016-07-17,,7599.64,right_only,,False
2016-07-18,,7628.64,right_only,,False
2016-07-19,,7596.96,right_only,,False
2016-07-20,,7503.36,right_only,,False
2016-07-21,,7436.87,right_only,,False
2016-07-24,,7463.72,right_only,,False
2016-07-25,,7517.78,right_only,,False
2016-07-26,,7539.99,right_only,,False
2016-07-27,,7914.74,right_only,,False
2016-07-28,,8030.85,right_only,,False
2016-07-31,,7983.15,right_only,,False
2016-08-01,,7930.14,right_only,,False
2016-08-02,,7973.45,right_only,,False
2016-08-03,,8104.57,right_only,,False
2016-08-04,,8255.36,right_only,,False
2016-08-07,,8223.46,right_only,,False
2016-08-08,,8273.14,right_only,,False
2016-08-09,,8199.65,right_only,,False
2016-08-10,,8291.51,right_only,,False
2016-08-11,,8377.71,right_only,,False
2016-08-14,,8351.07,right_only,,False
2016-08-15,,8453.53,right_only,,False
2016-08-16,,8387.49,right_only,,False
2016-08-17,,8347.38,right_only,,False
2016-08-18,,8317.17,right_only,,False
2016-08-21,,8352.27,right_only,,False
2016-08-22,,8246.9,right_only,,False
2016-08-23,,8186.7,right_only,,False
2016-08-24,,8224.33,right_only,,False
2016-08-25,,8131.49,right_only,,False
2016-08-28,,8052.23,right_only,,False
2016-08-29,,8032.43,right_only,,False
2016-08-30,,8080.81,right_only,,False
2016-08-31,,8158.04,right_only,,False
2016-09-01,,8136.44,right_only,,False
2016-09-04,,8241.16,right_only,,False
2016-09-05,,8270.76,right_only,,False
2016-09-06,,8202.43,right_only,,False
2016-09-07,,8146.1,right_only,,False
2016-09-08,,8188.2,right_only,,False
2016-09-14,,8132.75,right_only,,False
2016-09-15,,7979.25,right_only,,False
2016-09-18,,7916.41,right_only,,False
2016-09-19,,7974.12,right_only,,False
2016-09-20,,8048.69,right_only,,False
2016-09-21,,7937.79,right_only,,False
2016-09-22,,7913.94,right_only,,False
2016-09-25,,7904.53,right_only,,False
2016-09-26,,7974.84,right_only,,False
2016-09-27,,7948.93,right_only,,False
2016-09-28,,7907.92,right_only,,False
2016-09-29,,7881.11,right_only,,False
2016-10-03,,8133.12,right_only,,False
2016-10-04,,8198.51,right_only,,False
2016-10-05,,8368.52,right_only,,False
2016-10-09,,8436.82,right_only,,False
2016-10-10,,8364.0,right_only,,False
2016-10-11,,8232.77,right_only,,False
2016-10-12,,8185.95,right_only,,False
2016-10-13,,8505.12,right_only,,False
2016-10-16,,8432.41,right_only,,False
2016-10-17,,8243.32,right_only,,False
2016-10-18,,8213.53,right_only,,False
2016-10-19,,8160.4,right_only,,False
2016-10-20,,8277.21,right_only,,False
2016-10-23,,8274.15,right_only,,False
2016-10-24,,8228.13,right_only,,False
2016-10-25,,8261.14,right_only,,False
2016-10-26,,8257.21,right_only,,False
2016-10-27,,8343.31,right_only,,False
2016-10-30,,8357.42,right_only,,False
2016-10-31,,8386.03,right_only,,False
2016-11-01,,8447.76,right_only,,False
2016-11-02,,8524.66,right_only,,False
2016-11-03,,8810.51,right_only,,False
2016-11-06,,9349.9,right_only,,False
2016-11-07,,9852.69,right_only,,False
2016-11-08,,10096.57,right_only,,False
2016-11-09,,10225.5,right_only,,False
2016-11-10,,10688.16,right_only,,False
2016-11-13,,10916.97,right_only,,False
2016-11-14,,10694.41,right_only,,False
2016-11-15,,10640.53,right_only,,False
2016-11-16,,10997.38,right_only,,False
2016-11-17,,11221.56,right_only,,False
2016-11-20,,11277.47,right_only,,False
2016-11-21,,11543.07,right_only,,False
2016-11-22,,11519.8,right_only,,False
2016-11-23,,11550.31,right_only,,False
2016-11-24,,11353.11,right_only,,False
2016-11-27,,11145.95,right_only,,False
2016-11-28,,11261.82,right_only,,False
2016-11-29,,11159.32,right_only,,False
2016-11-30,,11453.25,right_only,,False
2016-12-01,,11548.15,right_only,,False
2016-12-04,,11631.41,right_only,,False
2016-12-05,,11426.5,right_only,,False
2016-12-06,,11502.51,right_only,,False
2016-12-07,,11348.37,right_only,,False
2016-12-08,,11297.93,right_only,,False
2016-12-12,,11444.06,right_only,,False
2016-12-13,,11385.1,right_only,,False
2016-12-14,,11317.17,right_only,,False
2016-12-15,,11326.03,right_only,,False
2016-12-18,,11398.01,right_only,,False
2016-12-19,,11752.46,right_only,,False
2016-12-20,,12147.95,right_only,,False
2016-12-21,,12366.96,right_only,,False
2016-12-22,,12420.3,right_only,,False
2016-12-25,,12251.06,right_only,,False
2016-12-26,,12182.04,right_only,,False
2016-12-27,,12181.98,right_only,,False
2016-12-28,,12259.83,right_only,,False
2016-12-29,,12344.89,right_only,,False
2017-01-02,,12290.61,right_only,,False
2017-01-03,,12425.17,right_only,,False
2017-01-04,,12608.44,right_only,,False
2017-01-05,,12824.32,right_only,,False
2017-01-08,,12891.39,right_only,,False
2017-01-09,,12781.16,right_only,,False
2017-01-10,,13014.54,right_only,,False
2017-01-11,,13089.05,right_only,,False
2017-01-12,,13223.9,right_only,,False
2017-01-15,,13287.76,right_only,,False
2017-01-16,,13264.82,right_only,,False
2017-01-17,,13436.1,right_only,,False
2017-01-18,,13304.44,right_only,,False
2017-01-19,,12806.77,right_only,,False
2017-01-22,,12722.08,right_only,,False
2017-01-23,,13002.89,right_only,,False
2017-01-24,,12882.88,right_only,,False
2017-01-26,,13091.05,right_only,,False
2017-01-29,,13161.52,right_only,,False
2017-01-30,,12926.07,right_only,,False
2017-01-31,,12672.49,right_only,,False
2017-02-01,,12584.26,right_only,,False
2017-02-02,,12806.07,right_only,,False
2017-02-05,,12883.43,right_only,,False
2017-02-06,,12849.42,right_only,,False
2017-02-07,,13129.27,right_only,,False
2017-02-08,,13228.33,right_only,,False
2017-02-09,,13114.86,right_only,,False
2017-02-12,,12922.44,right_only,,False
2017-02-13,,12740.05,right_only,,False
2017-02-14,,12503.73,right_only,,False
2017-02-15,,12448.35,right_only,,False
2017-02-16,,12651.97,right_only,,False
2017-02-19,,12549.17,right_only,,False
2017-02-20,,12444.18,right_only,,False
2017-02-21,,12657.82,right_only,,False
2017-02-22,,12401.09,right_only,,False
2017-02-23,,12240.53,right_only,,False
2017-02-26,,12269.88,right_only,,False
2017-02-27,,12023.93,right_only,,False
2017-02-28,,11937.67,right_only,,False
2017-03-01,,11998.72,right_only,,False
2017-03-02,,12310.49,right_only,,False
2017-03-05,,12499.61,right_only,,False
2017-03-06,,12623.22,right_only,,False
2017-03-07,,12677.55,right_only,,False
2017-03-08,,12735.36,right_only,,False
2017-03-09,,12853.27,right_only,,False
2017-03-12,,12919.9,right_only,,False
2017-03-13,,12929.13,right_only,,False
2017-03-14,,12789.52,right_only,,False
2017-03-15,,12745.49,right_only,,False
2017-03-16,,12983.99,right_only,,False
2017-03-19,,13092.4,right_only,,False
2017-03-20,,13023.49,right_only,,False
2017-03-21,,12905.37,right_only,,False
2017-03-22,,12879.06,right_only,,False
2017-03-23,,13032.06,right_only,,False
2017-03-26,,13108.22,right_only,,False
2017-03-27,,12969.64,right_only,,False
2017-03-28,,12982.66,right_only,,False
2017-03-29,,12987.65,right_only,,False
2017-03-30,,12994.8,right_only,,False
2017-04-02,,12912.27,right_only,,False
2017-04-03,,13061.07,right_only,,False
2017-04-04,,13264.75,right_only,,False
2017-04-05,,13289.99,right_only,,False
2017-04-06,,13098.54,right_only,,False
2017-04-09,,12895.12,right_only,,False
2017-04-10,,12848.56,right_only,,False
2017-04-11,,12995.71,right_only,,False
2017-04-12,,12984.36,right_only,,False
2017-04-13,,12967.38,right_only,,False
2017-04-18,,13027.14,right_only,,False
2017-04-19,,12895.3,right_only,,False
2017-04-20,,12905.85,right_only,,False
2017-04-23,,12544.92,right_only,,False
2017-04-24,,12583.13,right_only,,False
2017-04-26,,12671.29,right_only,,False
2017-04-27,,12525.69,right_only,,False
2017-04-30,,12433.6,right_only,,False
2017-05-02,,12530.32,right_only,,False
2017-05-03,,12603.56,right_only,,False
2017-05-04,,12709.93,right_only,,False
2017-05-07,,12692.15,right_only,,False
2017-05-08,,12827.93,right_only,,False
2017-05-09,,12933.68,right_only,,False
2017-05-10,,12993.4,right_only,,False
2017-05-11,,12906.98,right_only,,False
2017-05-14,,12870.91,right_only,,False
2017-05-15,,12866.06,right_only,,False
2017-05-16,,12936.59,right_only,,False
2017-05-17,,13064.02,right_only,,False
2017-05-18,,12952.38,right_only,,False
2017-05-21,,12974.75,right_only,,False
2017-05-22,,12648.24,right_only,,False
2017-05-23,,12791.83,right_only,,False
2017-05-24,,12884.44,right_only,,False
2017-05-25,,13094.42,right_only,,False
2017-05-28,,13205.11,right_only,,False
2017-05-29,,13207.94,right_only,,False
2017-05-30,,13239.16,right_only,,False
2017-05-31,,13339.63,right_only,,False
2017-06-01,,13467.29,right_only,,False
2017-06-04,,13495.32,right_only,,False
2017-06-05,,13520.13,right_only,,False
2017-06-06,,13626.8,right_only,,False
2017-06-07,,13632.98,right_only,,False
2017-06-08,,13683.66,right_only,,False
2017-06-11,,13616.04,right_only,,False
2017-06-12,,13491.89,right_only,,False
2017-06-13,,13531.34,right_only,,False
2017-06-14,,13502.12,right_only,,False
2017-06-15,,13478.75,right_only,,False
2017-06-18,,13496.47,right_only,,False
2017-06-19,,13508.39,right_only,,False
2017-06-20,,13415.55,right_only,,False
2017-06-21,,13376.44,right_only,,False
2017-06-22,,13417.14,right_only,,False
2017-06-28,,13395.81,right_only,,False
2017-07-02,,13487.36,right_only,,False
2017-07-03,,13431.06,right_only,,False
2017-07-04,,13334.78,right_only,,False
2017-07-05,,13334.86,right_only,,False
2017-07-06,,13369.88,right_only,,False
2017-07-09,,13342.09,right_only,,False
2017-07-10,,13483.04,right_only,,False
2017-07-11,,13684.27,right_only,,False
2017-07-12,,13690.29,right_only,,False
2017-07-13,,13822.59,right_only,,False
2017-07-16,,13815.77,right_only,,False
2017-07-17,,13956.32,right_only,,False
2017-07-18,,13717.53,right_only,,False
2017-07-19,,13707.13,right_only,,False
2017-07-20,,13715.06,right_only,,False
2017-07-24,,13752.98,right_only,,False
2017-07-25,,13740.72,right_only,,False
2017-07-26,,13797.25,right_only,,False
2017-07-27,,13609.22,right_only,,False
2017-07-30,,13480.1,right_only,,False
2017-07-31,,13419.38,right_only,,False
2017-08-01,,13396.22,right_only,,False
2017-08-02,,13405.2,right_only,,False
2017-08-03,,13413.12,right_only,,False
2017-08-06,,13558.46,right_only,,False
2017-08-07,,13660.8,right_only,,False
2017-08-08,,13637.69,right_only,,False
2017-08-09,,13580.76,right_only,,False
2017-08-10,,13462.38,right_only,,False
2017-08-13,,13279.61,right_only,,False
2017-08-14,,13135.1,right_only,,False
2017-08-15,,13102.39,right_only,,False
2017-08-16,,13149.19,right_only,,False
2017-08-17,,13119.44,right_only,,False
2017-08-20,,13026.29,right_only,,False
2017-08-21,,13106.12,right_only,,False
2017-08-22,,13114.87,right_only,,False
2017-08-23,,12996.2,right_only,,False
2017-08-24,,12926.4,right_only,,False
2017-08-27,,12913.25,right_only,,False
2017-08-28,,13013.73,right_only,,False
2017-08-29,,13195.34,right_only,,False
2017-08-30,,13415.77,right_only,,False
2017-09-05,,13415.05,right_only,,False
2017-09-06,,13317.89,right_only,,False
2017-09-07,,13432.69,right_only,,False
2017-09-10,,13457.14,right_only,,False
2017-09-11,,13533.24,right_only,,False
2017-09-12,,13474.88,right_only,,False
2017-09-13,,13442.55,right_only,,False
2017-09-14,,13610.61,right_only,,False
2017-09-17,,13612.51,right_only,,False
2017-09-18,,13592.71,right_only,,False
2017-09-19,,13730.0,right_only,,False
2017-09-20,,13695.33,right_only,,False
2017-09-24,,13607.19,right_only,,False
2017-09-25,,13674.42,right_only,,False
2017-09-26,,13704.13,right_only,,False
2017-09-27,,13740.82,right_only,,False
2017-09-28,,13888.51,right_only,,False
2017-10-01,,13976.78,right_only,,False
2017-10-02,,14000.43,right_only,,False
2017-10-03,,13930.73,right_only,,False
2017-10-04,,13881.97,right_only,,False
2017-10-08,,13997.69,right_only,,False
2017-10-09,,13968.53,right_only,,False
2017-10-10,,13824.08,right_only,,False
2017-10-11,,13816.05,right_only,,False
2017-10-12,,13891.71,right_only,,False
2017-10-15,,13905.79,right_only,,False
2017-10-16,,13525.25,right_only,,False
2017-10-17,,13525.48,right_only,,False
2017-10-18,,13590.15,right_only,,False
2017-10-19,,13713.62,right_only,,False
2017-10-22,,13706.06,right_only,,False
2017-10-23,,13870.34,right_only,,False
2017-10-24,,13928.38,right_only,,False
2017-10-25,,13901.38,right_only,,False
2017-10-26,,13955.47,right_only,,False
2017-10-29,,14024.41,right_only,,False
2017-10-30,,14197.21,right_only,,False
2017-10-31,,14342.38,right_only,,False
2017-11-01,,14277.29,right_only,,False
2017-11-02,,14319.34,right_only,,False
2017-11-05,,14183.77,right_only,,False
2017-11-06,,14072.92,right_only,,False
2017-11-07,,14057.56,right_only,,False
2017-11-08,,14204.95,right_only,,False
2017-11-09,,14350.14,right_only,,False
2017-11-12,,14270.55,right_only,,False
2017-11-13,,14123.31,right_only,,False
2017-11-14,,14132.96,right_only,,False
2017-11-15,,14025.11,right_only,,False
2017-11-16,,13847.36,right_only,,False
2017-11-19,,13742.11,right_only,,False
2017-11-20,,13680.5,right_only,,False
2017-11-21,,13725.45,right_only,,False
2017-11-22,,13839.37,right_only,,False
2017-11-23,,14106.17,right_only,,False
2017-11-26,,14222.7,right_only,,False
2017-11-27,,14219.99,right_only,,False
2017-11-28,,14537.03,right_only,,False
2017-11-29,,14582.22,right_only,,False
2017-12-03,,14713.63,right_only,,False
2017-12-04,,14572.17,right_only,,False
2017-12-05,,14460.96,right_only,,False
2017-12-06,,14345.58,right_only,,False
2017-12-07,,14294.73,right_only,,False
2017-12-10,,14414.25,right_only,,False
2017-12-11,,14426.75,right_only,,False
2017-12-12,,14590.2,right_only,,False
2017-12-13,,14651.42,right_only,,False
2017-12-14,,14679.91,right_only,,False
2017-12-17,,14716.66,right_only,,False
2017-12-18,,14721.45,right_only,,False
2017-12-19,,14678.41,right_only,,False
2017-12-20,,14682.14,right_only,,False
2017-12-21,,14668.59,right_only,,False
2017-12-24,,14790.78,right_only,,False
2017-12-25,,14843.33,right_only,,False
2017-12-26,,14922.85,right_only,,False
2017-12-27,,14904.82,right_only,,False
2017-12-28,,15016.97,right_only,,False
2017-12-31,,15019.14,right_only,,False
2018-01-02,,15023.76,right_only,,False
2018-01-03,,14833.73,right_only,,False
2018-01-04,,14782.38,right_only,,False
2018-01-08,,14953.17,right_only,,False
2018-01-09,,15159.37,right_only,,False
2018-01-10,,15192.55,right_only,,False
2018-01-11,,15242.48,right_only,,False
2018-01-14,,15254.85,right_only,,False
2018-01-15,,15127.76,right_only,,False
2018-01-16,,15089.37,right_only,,False
2018-01-17,,15198.54,right_only,,False
2018-01-18,,15411.0,right_only,,False
2018-01-21,,15339.91,right_only,,False
2018-01-22,,15243.23,right_only,,False
2018-01-23,,15197.08,right_only,,False
2018-01-24,,15170.73,right_only,,False
2018-01-28,,15311.15,right_only,,False
2018-01-29,,15369.13,right_only,,False
2018-01-30,,15315.66,right_only,,False
2018-01-31,,15042.37,right_only,,False
2018-02-01,,15088.66,right_only,,False
2018-02-04,,14874.84,right_only,,False
2018-02-05,,14962.14,right_only,,False
2018-02-06,,14717.98,right_only,,False
2018-02-07,,15037.05,right_only,,False
2018-02-08,,14921.29,right_only,,False
2018-02-11,,14828.36,right_only,,False
2018-02-12,,14890.71,right_only,,False
2018-02-13,,14729.75,right_only,,False
2018-02-14,,14805.95,right_only,,False
2018-02-15,,14965.93,right_only,,False
2018-02-18,,15045.56,right_only,,False
2018-02-19,,15158.12,right_only,,False
2018-02-20,,15219.26,right_only,,False
2018-02-21,,15244.49,right_only,,False
2018-02-22,,15318.92,right_only,,False
2018-02-25,,15467.77,right_only,,False
2018-02-26,,15454.0,right_only,,False
2018-02-27,,15522.88,right_only,,False
2018-02-28,,15472.69,right_only,,False
2018-03-01,,15443.18,right_only,,False
2018-03-04,,15519.55,right_only,,False
2018-03-05,,15709.01,right_only,,False
2018-03-06,,16022.26,right_only,,False
2018-03-07,,16384.07,right_only,,False
2018-03-08,,16472.28,right_only,,False
2018-03-11,,16391.48,right_only,,False
2018-03-12,,16742.15,right_only,,False
2018-03-13,,16989.06,right_only,,False
2018-03-14,,16881.72,right_only,,False
2018-03-15,,16999.1,right_only,,False
2018-03-18,,17271.03,right_only,,False
2018-03-19,,17172.13,right_only,,False
2018-03-20,,17113.9,right_only,,False
2018-03-21,,17147.12,right_only,,False
2018-03-22,,17064.58,right_only,,False
2018-03-25,,16984.69,right_only,,False
2018-03-26,,17104.34,right_only,,False
2018-03-27,,17270.43,right_only,,False
2018-03-28,,17305.51,right_only,,False
2018-03-29,,17450.15,right_only,,False
2018-04-01,,17595.88,right_only,,False
2018-04-02,,17684.66,right_only,,False
2018-04-03,,17492.71,right_only,,False
2018-04-04,,17509.65,right_only,,False
2018-04-05,,17410.59,right_only,,False
2018-04-10,,17697.32,right_only,,False
2018-04-11,,17943.96,right_only,,False
2018-04-12,,17615.69,right_only,,False
2018-04-15,,17588.86,right_only,,False
2018-04-16,,17620.28,right_only,,False
2018-04-17,,17802.48,right_only,,False
2018-04-18,,17705.87,right_only,,False
2018-04-19,,17781.02,right_only,,False
2018-04-22,,17898.09,right_only,,False
2018-04-23,,18080.7,right_only,,False
2018-04-24,,18121.96,right_only,,False
2018-04-26,,18363.29,right_only,,False
2018-04-29,,18304.46,right_only,,False
2018-04-30,,18295.57,right_only,,False
2018-05-02,,18173.16,right_only,,False
2018-05-03,,17832.86,right_only,,False
2018-05-06,,17610.87,right_only,,False
2018-05-07,,17523.15,right_only,,False
2018-05-08,,17814.45,right_only,,False
2018-05-09,,17460.3,right_only,,False
2018-05-10,,17155.14,right_only,,False
2018-05-13,,17184.02,right_only,,False
2018-05-14,,16984.07,right_only,,False
2018-05-15,,16985.78,right_only,,False
2018-05-16,,16993.21,right_only,,False
2018-05-17,,16877.66,right_only,,False
2018-05-20,,16782.07,right_only,,False
2018-05-21,,16780.91,right_only,,False
2018-05-22,,16657.66,right_only,,False
2018-05-23,,16662.55,right_only,,False
2018-05-24,,16633.97,right_only,,False
2018-05-27,,16648.47,right_only,,False
2018-05-28,,16791.09,right_only,,False
2018-05-29,,17005.86,right_only,,False
2018-05-30,,16760.24,right_only,,False
2018-05-31,,16414.53,right_only,,False
2018-06-03,,16675.31,right_only,,False
2018-06-04,,16404.33,right_only,,False
2018-06-05,,16022.11,right_only,,False
2018-06-06,,15908.91,right_only,,False
2018-06-07,,15923.66,right_only,,False
2018-06-10,,16142.72,right_only,,False
2018-06-11,,15921.25,right_only,,False
2018-06-12,,15938.11,right_only,,False
2018-06-13,,16178.28,right_only,,False
2018-06-14,,16220.93,right_only,,False
2018-06-19,,16067.77,right_only,,False
2018-06-20,,16143.48,right_only,,False
2018-06-21,,16345.77,right_only,,False
2018-06-24,,16395.02,right_only,,False
2018-06-25,,16457.51,right_only,,False
2018-06-26,,16197.44,right_only,,False
2018-06-27,,16176.41,right_only,,False
2018-06-28,,16348.55,right_only,,False
2018-07-02,,16362.59,right_only,,False
2018-07-03,,16421.32,right_only,,False
2018-07-04,,16309.65,right_only,,False
2018-07-05,,16125.34,right_only,,False
2018-07-08,,15839.84,right_only,,False
2018-07-09,,15785.93,right_only,,False
2018-07-10,,15921.03,right_only,,False
2018-07-11,,15952.42,right_only,,False
2018-07-12,,15879.81,right_only,,False
2018-07-15,,15842.46,right_only,,False
2018-07-16,,15655.89,right_only,,False
2018-07-17,,15420.72,right_only,,False
2018-07-18,,15578.73,right_only,,False
2018-07-19,,15416.31,right_only,,False
2018-07-22,,15303.79,right_only,,False
2018-07-24,,15480.37,right_only,,False
2018-07-25,,15186.36,right_only,,False
2018-07-26,,15199.29,right_only,,False
2018-07-29,,15378.11,right_only,,False
2018-07-30,,15297.02,right_only,,False
2018-07-31,,15580.19,right_only,,False
2018-08-01,,15670.18,right_only,,False
2018-08-02,,15806.38,right_only,,False
2018-08-05,,15737.05,right_only,,False
2018-08-06,,15645.56,right_only,,False
2018-08-07,,15761.55,right_only,,False
2018-08-08,,15862.86,right_only,,False
2018-08-09,,15924.06,right_only,,False
2018-08-12,,15738.34,right_only,,False
2018-08-13,,15521.52,right_only,,False
2018-08-14,,15356.81,right_only,,False
2018-08-15,,15357.44,right_only,,False
2018-08-16,,15295.97,right_only,,False
2018-08-19,,15273.39,right_only,,False
2018-08-26,,15239.03,right_only,,False
2018-08-27,,15236.64,right_only,,False
2018-08-28,,15606.18,right_only,,False
2018-08-29,,15835.73,right_only,,False
2018-08-30,,16009.41,right_only,,False
2018-09-02,,15852.36,right_only,,False
2018-09-03,,15821.92,right_only,,False
2018-09-04,,15922.96,right_only,,False
2018-09-05,,15750.94,right_only,,False
2018-09-06,,15803.17,right_only,,False
2018-09-09,,15740.06,right_only,,False
2018-09-10,,15628.43,right_only,,False
2018-09-12,,15488.49,right_only,,False
2018-09-13,,15308.62,right_only,,False
2018-09-16,,14755.63,right_only,,False
2018-09-17,,14650.97,right_only,,False
2018-09-18,,14653.91,right_only,,False
2018-09-19,,14098.56,right_only,,False
2018-09-20,,14083.48,right_only,,False
2018-09-23,,14261.25,right_only,,False
2018-09-24,,14200.68,right_only,,False
2018-09-25,,14358.64,right_only,,False
2018-09-26,,14612.18,right_only,,False
2018-09-27,,14632.4,right_only,,False
2018-09-30,,14616.47,right_only,,False
2018-10-01,,14446.72,right_only,,False
2018-10-02,,14381.55,right_only,,False
2018-10-03,,14313.17,right_only,,False
2018-10-04,,14104.9,right_only,,False
2018-10-08,,13604.01,right_only,,False
2018-10-09,,13588.74,right_only,,False
2018-10-10,,13621.23,right_only,,False
2018-10-11,,13283.31,right_only,,False
2018-10-14,,13537.47,right_only,,False
2018-10-15,,13521.46,right_only,,False
2018-10-16,,13689.39,right_only,,False
2018-10-17,,13815.6,right_only,,False
2018-10-18,,13644.16,right_only,,False
2018-10-21,,13524.67,right_only,,False
2018-10-22,,13646.26,right_only,,False
2018-10-23,,13579.6,right_only,,False
2018-10-24,,13246.39,right_only,,False
2018-10-25,,13023.73,right_only,,False
2018-10-28,,12980.96,right_only,,False
2018-10-29,,13074.47,right_only,,False
2018-10-30,,13154.56,right_only,,False
2018-10-31,,13250.29,right_only,,False
2018-11-01,,13202.32,right_only,,False
2018-11-04,,13170.28,right_only,,False
2018-11-05,,13234.62,right_only,,False
2018-11-06,,13436.11,right_only,,False
2018-11-07,,13615.85,right_only,,False
2018-11-08,,13732.68,right_only,,False
2018-11-11,,13570.89,right_only,,False
2018-11-12,,13678.36,right_only,,False
2018-11-13,,13543.64,right_only,,False
2018-11-14,,13487.2,right_only,,False
2018-11-15,,13681.67,right_only,,False
2018-11-18,,13968.8,right_only,,False
2018-11-19,,13906.31,right_only,,False
2018-11-21,,13731.12,right_only,,False
2018-11-22,,13675.37,right_only,,False
2018-11-25,,13153.55,right_only,,False
2018-11-26,,13049.12,right_only,,False
2018-11-27,,13213.95,right_only,,False
2018-11-28,,13309.49,right_only,,False
2018-11-29,,13319.5,right_only,,False
2018-12-02,,13150.08,right_only,,False
2018-12-03,,12934.44,right_only,,False
2018-12-04,,12624.74,right_only,,False
2018-12-05,,12586.74,right_only,,False
2018-12-06,,12387.58,right_only,,False
2018-12-09,,12140.0,right_only,,False
2018-12-10,,12476.18,right_only,,False
2018-12-11,,12664.41,right_only,,False
2018-12-12,,12856.83,right_only,,False
2018-12-13,,12996.89,right_only,,False
2018-12-16,,12992.06,right_only,,False
2018-12-17,,13215.4,right_only,,False
2018-12-18,,13121.11,right_only,,False
2018-12-19,,13078.2,right_only,,False
2018-12-20,,13137.58,right_only,,False
2018-12-23,,12947.35,right_only,,False
2018-12-24,,12784.44,right_only,,False
2018-12-25,,12670.63,right_only,,False
2018-12-26,,12840.16,right_only,,False
2018-12-27,,12984.21,right_only,,False
2018-12-30,,12944.52,right_only,,False
2018-12-31,,13035.77,right_only,,False
2019-01-02,,13204.37,right_only,,False
2019-01-03,,13264.7,right_only,,False
2019-01-06,,13343.08,right_only,,False
2019-01-08,,13402.7,right_only,,False
2019-01-09,,13365.58,right_only,,False
2019-01-10,,13367.44,right_only,,False
2019-01-13,,13525.83,right_only,,False
2019-01-14,,13335.75,right_only,,False
2019-01-15,,13447.12,right_only,,False
2019-01-16,,13510.27,right_only,,False
2019-01-17,,13482.99,right_only,,False
2019-01-20,,13444.21,right_only,,False
2019-01-21,,13574.99,right_only,,False
2019-01-22,,13474.55,right_only,,False
2019-01-23,,13506.65,right_only,,False
2019-01-27,,13817.1,right_only,,False
2019-01-28,,13911.34,right_only,,False
2019-01-29,,13976.52,right_only,,False
2019-01-30,,14093.4,right_only,,False
2019-01-31,,14126.68,right_only,,False
2019-02-03,,14243.81,right_only,,False
2019-02-04,,14366.06,right_only,,False
2019-02-05,,14733.11,right_only,,False
2019-02-06,,14766.59,right_only,,False
2019-02-07,,14753.68,right_only,,False
2019-02-10,,14763.94,right_only,,False
2019-02-11,,14784.82,right_only,,False
2019-02-12,,14927.64,right_only,,False
2019-02-13,,14949.07,right_only,,False
2019-02-14,,14984.46,right_only,,False
2019-02-17,,15198.89,right_only,,False
2019-02-18,,15227.24,right_only,,False
2019-02-19,,15155.84,right_only,,False
2019-02-20,,15213.54,right_only,,False
2019-02-21,,15146.71,right_only,,False
2019-02-24,,14955.58,right_only,,False
2019-02-25,,14946.35,right_only,,False
2019-02-26,,14886.85,right_only,,False
2019-02-27,,14772.34,right_only,,False
2019-02-28,,14803.97,right_only,,False
2019-03-03,,14819.6,right_only,,False
2019-03-04,,14815.18,right_only,,False
2019-03-05,,14728.38,right_only,,False
2019-03-06,,14643.09,right_only,,False
2019-03-07,,14904.03,right_only,,False
2019-03-10,,14980.62,right_only,,False
2019-03-11,,15098.12,right_only,,False
2019-03-12,,15139.86,right_only,,False
2019-03-13,,15125.84,right_only,,False
2019-03-14,,14991.34,right_only,,False
2019-03-17,,15033.48,right_only,,False
2019-03-18,,14910.78,right_only,,False
2019-03-19,,14645.53,right_only,,False
2019-03-20,,14724.4,right_only,,False
2019-03-21,,14782.81,right_only,,False
2019-03-24,,14840.9,right_only,,False
2019-03-25,,14670.8,right_only,,False
2019-03-26,,14637.4,right_only,,False
2019-03-27,,14554.66,right_only,,False
2019-03-28,,14665.81,right_only,,False
2019-03-31,,14737.88,right_only,,False
2019-04-01,,14954.14,right_only,,False
2019-04-02,,15166.46,right_only,,False
2019-04-03,,15197.84,right_only,,False
2019-04-04,,15247.81,right_only,,False
2019-04-07,,15135.47,right_only,,False
2019-04-08,,15111.09,right_only,,False
2019-04-09,,15088.55,right_only,,False
2019-04-10,,15106.54,right_only,,False
2019-04-11,,15105.96,right_only,,False
2019-04-14,,15068.96,right_only,,False
2019-04-15,,15055.42,right_only,,False
2019-04-16,,14973.01,right_only,,False
2019-04-17,,14864.01,right_only,,False
2019-04-18,,14876.37,right_only,,False
2019-04-21,,14838.63,right_only,,False
2019-04-22,,14801.26,right_only,,False
2019-04-23,,14645.78,right_only,,False
2019-04-24,,14770.27,right_only,,False
2019-04-30,,14920.15,right_only,,False
2019-05-02,,14880.39,right_only,,False
2019-05-05,,14511.54,right_only,,False
2019-05-06,,14204.59,right_only,,False
2019-05-07,,14389.91,right_only,,False
2019-05-08,,14026.81,right_only,,False
2019-05-09,,14060.0,right_only,,False
2019-05-12,,14122.1,right_only,,False
2019-05-13,,13905.73,right_only,,False
2019-05-14,,14024.15,right_only,,False
2019-05-15,,13809.46,right_only,,False
2019-05-16,,13659.73,right_only,,False
2019-05-19,,13520.82,right_only,,False
2019-05-20,,13379.46,right_only,,False
2019-05-21,,13614.21,right_only,,False
2019-05-22,,13664.23,right_only,,False
2019-05-23,,13776.85,right_only,,False
2019-05-26,,13981.88,right_only,,False
2019-05-27,,13960.47,right_only,,False
2019-05-28,,14028.0,right_only,,False
2019-05-29,,13974.13,right_only,,False
2019-05-30,,13771.31,right_only,,False
2019-06-02,,13690.72,right_only,,False
2019-06-03,,13787.8,right_only,,False
2019-06-09,,13911.66,right_only,,False
2019-06-10,,14148.88,right_only,,False
2019-06-11,,14206.18,right_only,,False
2019-06-12,,14158.11,right_only,,False
2019-06-13,,14180.53,right_only,,False
2019-06-16,,14210.09,right_only,,False
2019-06-17,,14241.21,right_only,,False
2019-06-18,,14202.86,right_only,,False
2019-06-19,,14132.18,right_only,,False
2019-06-20,,14043.42,right_only,,False
2019-06-23,,14017.34,right_only,,False
2019-06-24,,13867.47,right_only,,False
2019-06-25,,13831.23,right_only,,False
2019-06-26,,14006.99,right_only,,False
2019-06-27,,14100.74,right_only,,False
2019-07-02,,14136.58,right_only,,False
2019-07-03,,14137.22,right_only,,False
2019-07-04,,13997.4,right_only,,False
2019-07-07,,14013.04,right_only,,False
2019-07-08,,14043.33,right_only,,False
2019-07-09,,14097.43,right_only,,False
2019-07-10,,14013.26,right_only,,False
2019-07-11,,13813.56,right_only,,False
2019-07-14,,13672.13,right_only,,False
2019-07-15,,13627.89,right_only,,False
2019-07-16,,13721.82,right_only,,False
2019-07-17,,13641.94,right_only,,False
2019-07-18,,13670.27,right_only,,False
2019-07-21,,13576.26,right_only,,False
2019-07-22,,13684.57,right_only,,False
2019-07-24,,13617.89,right_only,,False
2019-07-25,,13510.06,right_only,,False
2019-07-28,,13460.0,right_only,,False
2019-07-29,,13421.91,right_only,,False
2019-07-30,,13364.63,right_only,,False
2019-07-31,,13392.47,right_only,,False
2019-08-01,,13525.93,right_only,,False
2019-08-04,,13616.26,right_only,,False
2019-08-05,,13598.66,right_only,,False
2019-08-06,,13655.91,right_only,,False
2019-08-07,,13880.57,right_only,,False
2019-08-08,,14180.44,right_only,,False
2019-08-14,,14540.56,right_only,,False
2019-08-15,,14295.13,right_only,,False
2019-08-18,,14399.7,right_only,,False
2019-08-19,,14304.37,right_only,,False
2019-08-20,,14428.08,right_only,,False
2019-08-21,,14357.18,right_only,,False
2019-08-22,,14333.16,right_only,,False
2019-08-25,,14340.51,right_only,,False
2019-08-26,,14291.03,right_only,,False
2019-08-27,,14283.5,right_only,,False
2019-08-28,,14595.51,right_only,,False
2019-08-29,,14835.36,right_only,,False
2019-09-01,,14931.66,right_only,,False
2019-09-02,,15110.23,right_only,,False
2019-09-03,,14999.58,right_only,,False
2019-09-04,,14841.38,right_only,,False
2019-09-05,,14933.18,right_only,,False
2019-09-08,,14931.11,right_only,,False
2019-09-09,,14887.78,right_only,,False
2019-09-10,,14956.36,right_only,,False
2019-09-11,,15014.82,right_only,,False
2019-09-12,,15110.37,right_only,,False
2019-09-15,,15023.23,right_only,,False
2019-09-16,,14970.24,right_only,,False
2019-09-17,,14752.45,right_only,,False
2019-09-18,,14745.1,right_only,,False
2019-09-19,,14742.07,right_only,,False
2019-09-22,,13958.11,right_only,,False
2019-09-23,,13753.19,right_only,,False
2019-09-24,,13170.2,right_only,,False
2019-09-25,,13594.61,right_only,,False
2019-09-26,,13857.12,right_only,,False
2019-09-29,,14315.79,right_only,,False
2019-09-30,,14257.75,right_only,,False
2019-10-01,,14496.84,right_only,,False
2019-10-02,,14381.15,right_only,,False
2019-10-03,,14217.81,right_only,,False
2019-10-07,,14431.72,right_only,,False
2019-10-08,,14348.57,right_only,,False
2019-10-09,,14182.7,right_only,,False
2019-10-10,,14302.27,right_only,,False
2019-10-13,,14220.47,right_only,,False
2019-10-14,,14180.76,right_only,,False
2019-10-15,,14060.82,right_only,,False
2019-10-16,,14209.23,right_only,,False
2019-10-17,,14205.86,right_only,,False
2019-10-20,,14239.45,right_only,,False
2019-10-21,,14178.51,right_only,,False
2019-10-22,,14201.32,right_only,,False
2019-10-23,,14126.51,right_only,,False
2019-10-24,,14206.67,right_only,,False
2019-10-27,,14237.39,right_only,,False
2019-10-28,,14301.09,right_only,,False
2019-10-29,,14465.47,right_only,,False
2019-10-30,,14477.79,right_only,,False
2019-10-31,,14558.02,right_only,,False
2019-11-03,,14622.75,right_only,,False
2019-11-04,,14625.78,right_only,,False
2019-11-05,,14789.61,right_only,,False
2019-11-06,,14709.79,right_only,,False
2019-11-07,,14795.87,right_only,,False
2019-11-11,,14769.95,right_only,,False
2019-11-12,,14669.98,right_only,,False
2019-11-13,,14607.69,right_only,,False
2019-11-14,,14545.54,right_only,,False
2019-11-17,,14556.32,right_only,,False
2019-11-18,,14378.59,right_only,,False
2019-11-19,,14313.46,right_only,,False
2019-11-20,,14224.38,right_only,,False
2019-11-21,,14094.58,right_only,,False
2019-11-24,,14050.16,right_only,,False
2019-11-25,,13974.14,right_only,,False
2019-11-26,,13781.96,right_only,,False
2019-11-27,,13759.7,right_only,,False
2019-11-28,,13849.46,right_only,,False
2019-12-01,,13780.63,right_only,,False
2019-12-02,,13537.8,right_only,,False
2019-12-03,,13469.6,right_only,,False
2019-12-04,,13635.52,right_only,,False
2019-12-05,,13622.13,right_only,,False
2019-12-08,,13493.69,right_only,,False
2019-12-09,,13442.52,right_only,,False
2019-12-10,,13509.02,right_only,,False
2019-12-11,,13427.22,right_only,,False
2019-12-12,,13358.47,right_only,,False
2019-12-15,,13433.54,right_only,,False
2019-12-16,,13404.42,right_only,,False
2019-12-17,,13627.19,right_only,,False
2019-12-18,,13793.99,right_only,,False
2019-12-19,,13837.19,right_only,,False
2019-12-22,,13892.65,right_only,,False
2019-12-23,,13902.43,right_only,,False
2019-12-24,,13805.43,right_only,,False
2019-12-25,,13747.68,right_only,,False
2019-12-26,,13884.95,right_only,,False
2019-12-29,,13812.98,right_only,,False
2019-12-30,,13937.26,right_only,,False
2019-12-31,,13961.56,right_only,,False
2020-01-02,,13899.54,right_only,,False
2020-01-05,,13283.66,right_only,,False
2020-01-06,,13212.66,right_only,,False
2020-01-08,,13542.48,right_only,,False
2020-01-09,,13729.81,right_only,,False
2020-01-12,,13802.57,right_only,,False
2020-01-13,,13698.64,right_only,,False
2020-01-14,,13756.64,right_only,,False
2020-01-15,,13769.64,right_only,,False
2020-01-16,,13824.16,right_only,,False
2020-01-19,,13918.18,right_only,,False
2020-01-20,,13773.73,right_only,,False
2020-01-21,,13639.72,right_only,,False
2020-01-22,,13752.11,right_only,,False
2020-01-23,,13728.09,right_only,,False
2020-01-26,,13721.45,right_only,,False
2020-01-27,,13639.69,right_only,,False
2020-01-28,,13620.58,right_only,,False
2020-01-29,,13762.84,right_only,,False
2020-01-30,,13918.84,right_only,,False
2020-02-02,,13888.89,right_only,,False
2020-02-03,,13878.33,right_only,,False
2020-02-04,,13915.05,right_only,,False
2020-02-05,,13987.16,right_only,,False
2020-02-06,,14105.86,right_only,,False
2020-02-09,,14108.24,right_only,,False
2020-02-10,,13979.36,right_only,,False
2020-02-11,,14009.32,right_only,,False
2020-02-12,,13845.16,right_only,,False
2020-02-13,,13859.45,right_only,,False
2020-02-16,,13737.4,right_only,,False
2020-02-17,,13800.25,right_only,,False
2020-02-18,,13636.93,right_only,,False
2020-02-19,,13694.99,right_only,,False
2020-02-20,,13720.65,right_only,,False
2020-02-23,,13688.05,right_only,,False
2020-02-24,,13441.86,right_only,,False
2020-02-25,,13328.26,right_only,,False
2020-02-26,,13200.66,right_only,,False
2020-02-27,,13008.94,right_only,,False
2020-03-01,,12222.59,right_only,,False
2020-03-02,,12289.87,right_only,,False
2020-03-03,,12419.52,right_only,,False
2020-03-04,,12182.46,right_only,,False
2020-03-05,,12347.65,right_only,,False
2020-03-08,,11849.39,right_only,,False
2020-03-09,,10983.48,right_only,,False
2020-03-10,,11199.96,right_only,,False
2020-03-11,,11194.12,right_only,,False
2020-03-15,,10148.34,right_only,,False
2020-03-16,,9428.94,right_only,,False
2020-03-17,,9201.65,right_only,,False
2020-03-18,,8756.7,right_only,,False
2020-03-19,,9205.58,right_only,,False
2020-03-22,,9750.66,right_only,,False
2020-03-23,,10047.44,right_only,,False
2020-03-24,,9770.48,right_only,,False
2020-03-25,,9865.67,right_only,,False
2020-03-26,,9912.98,right_only,,False
2020-03-29,,9760.18,right_only,,False
2020-03-30,,9521.43,right_only,,False
2020-03-31,,9593.94,right_only,,False
2020-04-01,,9424.89,right_only,,False
2020-04-02,,9455.38,right_only,,False
2020-04-05,,9272.88,right_only,,False
2020-04-06,,9446.99,right_only,,False
2020-04-07,,9840.62,right_only,,False
2020-04-08,,10095.57,right_only,,False
2020-04-09,,10321.97,right_only,,False
2020-04-12,,10237.47,right_only,,False
2020-04-13,,10353.72,right_only,,False
2020-04-14,,10458.16,right_only,,False
2020-04-15,,10342.13,right_only,,False
2020-04-16,,10154.64,right_only,,False
2020-04-21,,9874.94,right_only,,False
2020-04-22,,9801.33,right_only,,False
2020-04-23,,10120.46,right_only,,False
2020-04-26,,10377.24,right_only,,False
2020-04-27,,10376.0,right_only,,False
2020-04-28,,10415.12,right_only,,False
2020-04-29,,10545.26,right_only,,False
2020-04-30,,10554.04,right_only,,False
2020-05-03,,10199.85,right_only,,False
2020-05-04,,10081.96,right_only,,False
2020-05-05,,10188.31,right_only,,False
2020-05-06,,10293.95,right_only,,False
2020-05-07,,10176.73,right_only,,False
2020-05-10,,10257.75,right_only,,False
2020-05-11,,10296.33,right_only,,False
2020-05-12,,10588.36,right_only,,False
2020-05-13,,10396.28,right_only,,False
2020-05-14,,10287.21,right_only,,False
2020-05-17,,10357.44,right_only,,False
2020-05-18,,10278.93,right_only,,False
2020-05-19,,10357.24,right_only,,False
2020-05-20,,10205.4,right_only,,False
2020-05-21,,10109.91,right_only,,False
2020-05-31,,10220.14,right_only,,False
2020-06-01,,10227.38,right_only,,False
2020-06-02,,10338.71,right_only,,False
2020-06-03,,10424.1,right_only,,False
2020-06-04,,10621.14,right_only,,False
2020-06-07,,11108.62,right_only,,False
2020-06-08,,11146.53,right_only,,False
2020-06-09,,11063.04,right_only,,False
2020-06-10,,10933.58,right_only,,False
2020-06-11,,10831.92,right_only,,False
2020-06-14,,10731.17,right_only,,False
2020-06-15,,10668.42,right_only,,False
2020-06-16,,10935.32,right_only,,False
2020-06-17,,10905.75,right_only,,False
2020-06-18,,10857.87,right_only,,False
2020-06-21,,10823.91,right_only,,False
2020-06-22,,10742.36,right_only,,False
2020-06-23,,10764.82,right_only,,False
2020-06-24,,11039.54,right_only,,False
2020-06-25,,10890.48,right_only,,False
2020-06-28,,10848.65,right_only,,False
2020-06-29,,10750.1,right_only,,False
2020-06-30,,10764.59,right_only,,False
2020-07-05,,10959.35,right_only,,False
2020-07-06,,11087.64,right_only,,False
2020-07-07,,11050.2,right_only,,False
2020-07-08,,11127.85,right_only,,False
2020-07-09,,10957.02,right_only,,False
2020-07-12,,11071.96,right_only,,False
2020-07-13,,11007.85,right_only,,False
2020-07-14,,10873.53,right_only,,False
2020-07-15,,10617.42,right_only,,False
2020-07-16,,10441.2,right_only,,False
2020-07-19,,10281.16,right_only,,False
2020-07-20,,10380.45,right_only,,False
2020-07-21,,10558.35,right_only,,False
2020-07-22,,10459.92,right_only,,False
2020-07-26,,10524.45,right_only,,False
2020-07-27,,10575.47,right_only,,False
2020-07-28,,10568.84,right_only,,False
2020-07-29,,10599.46,right_only,,False
2020-08-04,,10620.1,right_only,,False
2020-08-05,,10704.33,right_only,,False
2020-08-06,,10817.29,right_only,,False
2020-08-09,,10962.52,right_only,,False
2020-08-10,,10938.23,right_only,,False
2020-08-11,,10919.47,right_only,,False
2020-08-12,,10922.33,right_only,,False
2020-08-13,,10944.18,right_only,,False
2020-08-16,,11120.26,right_only,,False
2020-08-17,,11142.77,right_only,,False
2020-08-18,,11077.11,right_only,,False
2020-08-19,,11160.05,right_only,,False
2020-08-23,,11391.08,right_only,,False
2020-08-24,,11433.76,right_only,,False
2020-08-25,,11461.62,right_only,,False
2020-08-26,,11453.78,right_only,,False
2020-08-27,,11462.45,right_only,,False
2020-08-30,,11434.81,right_only,,False
2020-08-31,,11365.99,right_only,,False
2020-09-01,,11233.94,right_only,,False
2020-09-02,,11214.22,right_only,,False
2020-09-03,,11180.81,right_only,,False
2020-09-06,,11073.02,right_only,,False
2020-09-07,,11136.03,right_only,,False
2020-09-08,,10951.29,right_only,,False
2020-09-09,,10929.89,right_only,,False
2020-09-10,,11070.84,right_only,,False
2020-09-13,,11091.67,right_only,,False
2020-09-14,,11034.38,right_only,,False
2020-09-15,,11028.06,right_only,,False
2020-09-16,,11088.2,right_only,,False
2020-09-17,,11050.89,right_only,,False
2020-09-20,,10969.32,right_only,,False
2020-09-21,,10910.37,right_only,,False
2020-09-22,,10963.01,right_only,,False
2020-09-23,,10979.44,right_only,,False
2020-09-24,,10911.44,right_only,,False
2020-09-27,,10902.22,right_only,,False
2020-09-28,,10969.94,right_only,,False
2020-09-29,,10987.19,right_only,,False
2020-09-30,,10989.27,right_only,,False
2020-10-01,,11051.3,right_only,,False
2020-10-04,,11071.46,right_only,,False
2020-10-05,,11007.69,right_only,,False
2020-10-06,,11146.18,right_only,,False
2020-10-07,,11326.98,right_only,,False
2020-10-11,,11360.37,right_only,,False
2020-10-12,,11397.65,right_only,,False
2020-10-13,,11291.81,right_only,,False
2020-10-14,,11333.91,right_only,,False
2020-10-15,,11322.71,right_only,,False
2020-10-18,,11185.15,right_only,,False
2020-10-19,,11171.36,right_only,,False
2020-10-20,,11157.62,right_only,,False
2020-10-21,,11101.63,right_only,,False
2020-10-22,,10987.43,right_only,,False
2020-10-25,,10602.98,right_only,,False
2020-10-26,,10511.94,right_only,,False
2020-10-27,,10559.71,right_only,,False
2020-10-28,,10515.25,right_only,,False
2020-11-01,,10456.33,right_only,,False
2020-11-02,,10429.34,right_only,,False
2020-11-03,,10512.16,right_only,,False
2020-11-04,,10556.89,right_only,,False
2020-11-05,,10629.29,right_only,,False
2020-11-08,,10680.27,right_only,,False
2020-11-09,,10838.66,right_only,,False
2020-11-10,,11077.25,right_only,,False
2020-11-11,,10997.65,right_only,,False
2020-11-12,,11017.28,right_only,,False
2020-11-15,,10953.13,right_only,,False
2020-11-16,,10991.61,right_only,,False
2020-11-17,,11063.98,right_only,,False
2020-11-18,,10989.72,right_only,,False
2020-11-19,,10898.67,right_only,,False
2020-11-22,,10858.26,right_only,,False
2020-11-23,,10885.11,right_only,,False
2020-11-24,,10997.35,right_only,,False
2020-11-25,,11068.44,right_only,,False
2020-11-26,,10980.96,right_only,,False
2020-11-29,,11009.27,right_only,,False
2020-11-30,,10943.35,right_only,,False
2020-12-01,,11040.78,right_only,,False
2020-12-02,,11023.34,right_only,,False
2020-12-03,,11015.01,right_only,,False
2020-12-06,,11024.84,right_only,,False
2020-12-07,,10995.13,right_only,,False
2020-12-08,,11019.08,right_only,,False
2020-12-09,,11018.09,right_only,,False
2020-12-10,,10987.39,right_only,,False
2020-12-13,,11003.77,right_only,,False
2020-12-14,,11047.97,right_only,,False
2020-12-15,,11057.62,right_only,,False
2020-12-16,,10983.03,right_only,,False
2020-12-17,,10844.58,right_only,,False
2020-12-20,,10890.3,right_only,,False
2020-12-21,,10581.76,right_only,,False
2020-12-22,,10655.91,right_only,,False
2020-12-23,,10677.51,right_only,,False
2020-12-24,,10683.86,right_only,,False
2020-12-27,,10585.56,right_only,,False
2020-12-28,,10658.55,right_only,,False
2020-12-29,,10736.88,right_only,,False
2020-12-30,,10867.76,right_only,,False
2020-12-31,,10845.26,right_only,,False
2021-01-03,,10845.03,right_only,,False
2021-01-04,,10813.78,right_only,,False
2021-01-05,,10829.96,right_only,,False
2021-01-06,,10952.14,right_only,,False
2021-01-10,,11213.48,right_only,,False
2021-01-11,,11278.72,right_only,,False
2021-01-12,,11339.75,right_only,,False
2021-01-13,,11388.9,right_only,,False
2021-01-14,,11453.43,right_only,,False
2021-01-17,,11446.53,right_only,,False
2021-01-18,,11450.54,right_only,,False
2021-01-19,,11485.8,right_only,,False
2021-01-20,,11598.9,right_only,,False
2021-01-21,,11654.58,right_only,,False
2021-01-24,,11525.25,right_only,,False
2021-01-25,,11509.63,right_only,,False
2021-01-26,,11527.34,right_only,,False
2021-01-27,,11578.84,right_only,,False
2021-01-31,,11546.15,right_only,,False
2021-02-01,,11589.34,right_only,,False
2021-02-02,,11637.55,right_only,,False
2021-02-03,,11619.14,right_only,,False
2021-02-04,,11598.85,right_only,,False
2021-02-07,,11602.78,right_only,,False
2021-02-08,,11523.06,right_only,,False
2021-02-09,,11447.73,right_only,,False
2021-02-10,,11545.03,right_only,,False
2021-02-11,,11546.32,right_only,,False
2021-02-14,,11506.72,right_only,,False
2021-02-15,,11526.77,right_only,,False
2021-02-16,,11534.05,right_only,,False
2021-02-17,,11413.17,right_only,,False
2021-02-18,,11380.55,right_only,,False
2021-02-21,,11425.85,right_only,,False
2021-02-22,,11549.97,right_only,,False
2021-02-23,,11416.74,right_only,,False
2021-02-24,,11435.43,right_only,,False
2021-02-25,,11617.91,right_only,,False
2021-02-28,,11525.02,right_only,,False
2021-03-01,,11521.38,right_only,,False
2021-03-02,,11471.39,right_only,,False
2021-03-03,,11393.25,right_only,,False
2021-03-04,,11333.86,right_only,,False
2021-03-07,,11557.85,right_only,,False
2021-03-08,,11459.51,right_only,,False
2021-03-09,,11337.46,right_only,,False
2021-03-10,,11235.6,right_only,,False
2021-03-11,,11261.35,right_only,,False
2021-03-14,,11289.57,right_only,,False
2021-03-15,,11222.33,right_only,,False
2021-03-16,,11190.8,right_only,,False
2021-03-17,,11068.37,right_only,,False
2021-03-18,,10918.4,right_only,,False
2021-03-21,,10802.29,right_only,,False
2021-03-22,,10537.22,right_only,,False
2021-03-23,,10471.36,right_only,,False
2021-03-24,,10702.18,right_only,,False
2021-03-25,,10870.46,right_only,,False
2021-03-28,,10867.69,right_only,,False
2021-03-29,,10738.42,right_only,,False
2021-03-30,,10739.69,right_only,,False
2021-03-31,,10568.37,right_only,,False
2021-04-01,,10564.88,right_only,,False
2021-04-04,,10417.15,right_only,,False
2021-04-05,,10256.92,right_only,,False
2021-04-06,,10263.22,right_only,,False
2021-04-07,,10227.67,right_only,,False
2021-04-08,,10303.55,right_only,,False
2021-04-11,,10393.13,right_only,,False
2021-04-12,,10450.09,right_only,,False
2021-04-13,,10305.81,right_only,,False
2021-04-14,,10115.51,right_only,,False
2021-04-15,,10143.21,right_only,,False
2021-04-18,,10358.26,right_only,,False
2021-04-19,,10441.0,right_only,,False
2021-04-20,,10620.05,right_only,,False
2021-04-21,,10642.49,right_only,,False
2021-04-22,,10600.07,right_only,,False
2021-04-25,,10604.28,right_only,,False
2021-04-26,,10525.84,right_only,,False
2021-04-27,,10591.42,right_only,,False
2021-04-28,,10475.26,right_only,,False
2021-05-04,,10465.59,right_only,,False
2021-05-05,,10512.84,right_only,,False
2021-05-06,,10588.09,right_only,,False
2021-05-09,,10643.63,right_only,,False
2021-05-10,,10686.03,right_only,,False
2021-05-11,,10767.84,right_only,,False
2021-05-17,,10674.67,right_only,,False
2021-05-18,,10780.9,right_only,,False
2021-05-19,,10806.23,right_only,,False
2021-05-20,,10731.96,right_only,,False
2021-05-23,,10812.06,right_only,,False
2021-05-24,,10760.95,right_only,,False
2021-05-25,,10531.83,right_only,,False
2021-05-26,,10369.57,right_only,,False
2021-05-27,,10242.3,right_only,,False
2021-05-30,,10301.58,right_only,,False
2021-05-31,,10309.06,right_only,,False
2021-06-01,,10240.21,right_only,,False
2021-06-02,,10120.95,right_only,,False
2021-06-03,,10054.81,right_only,,False
2021-06-06,,10122.44,right_only,,False
2021-06-07,,10105.04,right_only,,False
2021-06-08,,9963.91,right_only,,False
2021-06-09,,10042.18,right_only,,False
2021-06-10,,9977.9,right_only,,False
2021-06-13,,9887.19,right_only,,False
2021-06-14,,9933.35,right_only,,False
2021-06-15,,9891.18,right_only,,False
2021-06-16,,9880.49,right_only,,False
2021-06-17,,9865.59,right_only,,False
2021-06-20,,9797.91,right_only,,False
2021-06-21,,10061.58,right_only,,False
2021-06-22,,10206.24,right_only,,False
2021-06-23,,10272.72,right_only,,False
2021-06-24,,10278.86,right_only,,False
2021-06-27,,10305.02,right_only,,False
2021-06-28,,10273.92,right_only,,False
2021-06-29,,10123.06,right_only,,False
2021-06-30,,10256.62,right_only,,False
2021-07-04,,10345.66,right_only,,False
2021-07-05,,10348.29,right_only,,False
2021-07-06,,10154.79,right_only,,False
2021-07-07,,10277.25,right_only,,False
2021-07-08,,10184.8,right_only,,False
2021-07-11,,10153.47,right_only,,False
2021-07-12,,10233.7,right_only,,False
2021-07-13,,10431.99,right_only,,False
2021-07-14,,10602.41,right_only,,False
2021-07-15,,10561.28,right_only,,False
2021-07-18,,10646.85,right_only,,False
2021-07-25,,10745.69,right_only,,False
2021-07-26,,10697.32,right_only,,False
2021-07-27,,10763.26,right_only,,False
2021-07-28,,10769.22,right_only,,False
2021-07-29,,10742.23,right_only,,False
2021-08-01,,10810.21,right_only,,False
2021-08-02,,10821.88,right_only,,False
2021-08-03,,10726.33,right_only,,False
2021-08-04,,10718.89,right_only,,False
2021-08-05,,10723.18,right_only,,False
2021-08-08,,10738.67,right_only,,False
2021-08-09,,10800.39,right_only,,False
2021-08-10,,10853.83,right_only,,False
2021-08-11,,10884.5,right_only,,False
2021-08-15,,11029.56,right_only,,False
2021-08-16,,11046.15,right_only,,False
2021-08-17,,10937.69,right_only,,False
2021-08-18,,10907.96,right_only,,False
2021-08-19,,10808.7,right_only,,False
2021-08-22,,10690.79,right_only,,False
2021-08-23,,10884.29,right_only,,False
2021-08-24,,10950.24,right_only,,False
2021-08-25,,11064.43,right_only,,False
2021-08-26,,11125.55,right_only,,False
2021-08-29,,11113.74,right_only,,False
2021-08-30,,11163.23,right_only,,False
2021-08-31,,11143.8,right_only,,False
2021-09-01,,11283.7,right_only,,False
2021-09-02,,11301.36,right_only,,False
2021-09-05,,11095.89,right_only,,False
2021-09-06,,11064.17,right_only,,False
2021-09-07,,11089.8,right_only,,False
2021-09-08,,11135.48,right_only,,False
2021-09-09,,11056.27,right_only,,False
2021-09-12,,11036.93,right_only,,False
2021-09-13,,11140.22,right_only,,False
2021-09-14,,11187.82,right_only,,False
2021-09-15,,11149.36,right_only,,False
2021-09-16,,10996.76,right_only,,False
2021-09-19,,10889.65,right_only,,False
2021-09-20,,10710.56,right_only,,False
2021-09-21,,10498.52,right_only,,False
2021-09-22,,10596.06,right_only,,False
2021-09-23,,10642.02,right_only,,False
2021-09-26,,10649.76,right_only,,False
2021-09-27,,10496.0,right_only,,False
2021-09-28,,10446.78,right_only,,False
2021-09-29,,10391.14,right_only,,False
2021-09-30,,10517.03,right_only,,False
2021-10-03,,10366.44,right_only,,False
2021-10-04,,10427.44,right_only,,False
2021-10-05,,10432.63,right_only,,False
2021-10-06,,10536.39,right_only,,False
2021-10-10,,10662.96,right_only,,False
2021-10-11,,10714.78,right_only,,False
2021-10-12,,10783.92,right_only,,False
2021-10-13,,10881.4,right_only,,False
2021-10-14,,10995.59,right_only,,False
2021-10-17,,11155.57,right_only,,False
2021-10-18,,11276.17,right_only,,False
2021-10-19,,11195.05,right_only,,False
2021-10-20,4.090000152587891,11132.07,both,-11127.98,False
2021-10-24,4.110000133514404,11185.88,both,-11181.77,False
2021-10-25,4.190000057220459,11178.0,both,-11173.81,False
2021-10-26,4.110000133514404,11256.54,both,-11252.43,False
2021-10-27,4.199999809265137,11364.2,both,-11360.0,False
2021-10-28,4.329999923706055,11506.63,both,-11502.3,False
2021-10-31,4.300000190734863,11420.19,both,-11415.89,False
2021-11-01,4.449999809265137,11568.27,both,-11563.82,False
2021-11-02,4.460000038146973,11676.38,both,-11671.92,False
2021-11-03,4.289999961853027,11685.12,both,-11680.83,False
2021-11-04,4.230000019073486,11612.84,both,-11608.61,False
2021-11-07,4.230000019073486,11555.58,both,-11551.35,False
2021-11-08,4.230000019073486,11497.51,both,-11493.28,False
2021-11-09,4.230000019073486,11588.42,both,-11584.19,False
2021-11-10,4.170000076293945,11480.5,both,-11476.33,False
2021-11-11,4.21999979019165,11573.14,both,-11568.92,False
2021-11-14,4.170000076293945,11662.99,both,-11658.82,False
2021-11-15,4.139999866485596,11496.63,both,-11492.49,False
2021-11-16,4.099999904632568,11413.21,both,-11409.11,False
2021-11-17,4.139999866485596,11453.3,both,-11449.16,False
2021-11-18,4.139999866485596,11337.99,both,-11333.85,False
2021-11-21,4.099999904632568,11273.11,both,-11269.01,False
2021-11-22,4.099999904632568,11359.03,both,-11354.93,False
2021-11-23,4.099999904632568,11369.22,both,-11365.12,False
2021-11-24,4.099999904632568,11352.64,both,-11348.54,False
2021-11-25,4.150000095367432,11431.24,both,-11427.09,False
2021-11-28,4.150000095367432,11277.83,both,-11273.68,False
2021-11-29,4.079999923706055,11212.3,both,-11208.22,False
2021-11-30,4.079999923706055,11395.6,both,-11391.52,False
2021-12-01,4.079999923706055,11420.0,both,-11415.92,False
2021-12-02,4.119999885559082,11318.35,both,-11314.23,False
2021-12-05,4.159999847412109,11401.33,both,-11397.17,False
2021-12-06,4.159999847412109,11514.87,both,-11510.71,False
2021-12-07,4.150000095367432,11538.26,both,-11534.11,False
2021-12-08,4.199999809265137,11451.14,both,-11446.94,False
2021-12-09,4.159999847412109,11534.63,both,-11530.47,False
2021-12-12,4.130000114440918,11708.05,both,-11703.92,False
2021-12-13,4.119999885559082,11700.4,both,-11696.28,False
2021-12-14,4.099999904632568,11618.01,both,-11613.91,False
2021-12-15,4.130000114440918,11622.1,both,-11617.97,False
2021-12-16,4.139999866485596,11667.73,both,-11663.59,False
2021-12-19,4.139999866485596,11565.72,both,-11561.58,False
2021-12-20,4.119999885559082,11482.43,both,-11478.31,False
2021-12-21,4.099999904632568,11524.66,both,-11520.56,False
2021-12-22,4.159999847412109,11630.63,both,-11626.47,False
2021-12-23,4.150000095367432,11755.46,both,-11751.31,False
2021-12-26,4.179999828338623,11856.21,both,-11852.03,False
2021-12-27,4.150000095367432,11849.79,both,-11845.64,False
2021-12-28,4.150000095367432,11913.44,both,-11909.29,False
2021-12-29,4.119999885559082,11898.42,both,-11894.3,False
2021-12-30,4.110000133514404,11949.18,both,-11945.07,False
2022-01-02,4.150000095367432,11909.72,both,-11905.57,False
2022-01-03,4.139999866485596,11897.4,both,-11893.26,False
2022-01-04,4.210000038146973,11982.61,both,-11978.4,False
2022-01-05,4.25,12043.42,both,-12039.17,False
2022-01-09,4.25,11978.56,both,-11974.31,False
2022-01-10,4.25,12022.69,both,-12018.44,False
2022-01-11,4.269999980926514,12002.08,both,-11997.81,False
2022-01-12,4.230000019073486,12060.0,both,-12055.77,False
2022-01-13,4.199999809265137,12012.31,both,-12008.11,False
2022-01-16,4.159999847412109,11830.94,both,-11826.78,False
2022-01-17,4.210000038146973,11859.12,both,-11854.91,False
2022-01-18,4.199999809265137,11876.44,both,-11872.24,False
2022-01-19,4.199999809265137,11715.01,both,-11710.81,False
2022-01-20,4.190000057220459,11731.71,both,-11727.52,False
2022-01-23,4.170000076293945,11655.72,both,-11651.55,False
2022-01-24,4.239999771118164,11616.13,both,-11611.89,False
2022-01-25,4.210000038146973,11542.43,both,-11538.22,False
2022-01-26,4.230000019073486,11499.85,both,-11495.62,False
2022-01-30,4.199999809265137,11457.46,both,-11453.26,False
2022-01-31,4.199999809265137,11490.45,both,-11486.25,False
2022-02-01,4.260000228881836,11603.33,both,-11599.07,False
2022-02-02,4.260000228881836,11691.82,both,-11687.56,False
2022-02-03,4.239999771118164,11638.06,both,-11633.82,False
2022-02-06,4.260000228881836,11689.55,both,-11685.29,False
2022-02-07,4.25,11548.61,both,-11544.36,False
2022-02-08,4.300000190734863,11527.9,both,-11523.6,False
2022-02-09,4.289999961853027,11596.29,both,-11592.0,False
2022-02-10,4.25,11578.54,both,-11574.29,False
2022-02-13,4.150000095367432,11438.12,both,-11433.97,False
2022-02-14,4.130000114440918,11403.34,both,-11399.21,False
2022-02-15,4.179999828338623,11563.38,both,-11559.2,False
2022-02-16,4.119999885559082,11568.14,both,-11564.02,False
2022-02-17,4.230000019073486,11535.02,both,-11530.79,False
2022-02-20,4.159999847412109,11371.21,both,-11367.05,False
2022-02-21,4.159999847412109,11501.92,both,-11497.76,False
2022-02-22,4.119999885559082,11302.49,both,-11298.37,False
2022-02-23,4.139999866485596,11301.08,both,-11296.94,False
2022-02-24,3.880000114440918,10890.88,both,-10887.0,False
2022-02-27,3.950000047683716,11174.09,both,-11170.14,False
2022-02-28,3.950000047683716,11138.86,both,-11134.91,False
2022-03-01,4.050000190734863,11275.78,both,-11271.73,False
2022-03-02,3.890000104904175,11189.29,both,-11185.4,False
2022-03-03,3.880000114440918,11305.55,both,-11301.67,False
2022-03-06,3.759999990463257,11094.66,both,-11090.9,False
2022-03-07,3.609999895095825,10701.14,both,-10697.53,False
2022-03-08,3.609999895095825,10396.83,both,-10393.22,False
2022-03-09,3.640000104904175,10415.73,both,-10412.09,False
2022-03-10,3.680000066757202,10453.59,both,-10449.91,False
2022-03-13,3.5999999046325684,10480.67,both,-10477.07,False
2022-03-14,3.539999961853028,10419.56,both,-10416.02,False
2022-03-15,3.490000009536743,10423.09,both,-10419.6,False
2022-03-16,3.5999999046325684,10705.6,both,-10702.0,False
2022-03-17,3.680000066757202,10726.44,both,-10722.76,False
2022-03-20,3.740000009536743,10973.72,both,-10969.98,False
2022-03-21,3.7200000286102295,11511.15,both,-11507.43,False
2022-03-22,3.849999904632568,11663.32,both,-11659.47,False
2022-03-23,3.7899999618530273,11743.91,both,-11740.12,False
2022-03-24,3.809999942779541,11709.16,both,-11705.35,False
2022-03-27,3.809999942779541,11545.61,both,-11541.8,False
2022-03-28,3.849999904632568,11240.79,both,-11236.94,False
2022-03-29,3.900000095367432,11393.54,both,-11389.64,False
2022-03-30,3.990000009536743,11239.21,both,-11235.22,False
2022-03-31,3.940000057220459,11238.48,both,-11234.54,False
2022-04-03,4.5,11562.21,both,-11557.71,False
2022-04-04,4.400000095367432,11529.18,both,-11524.78,False
2022-04-05,4.519999980926514,11380.85,both,-11376.33,False
2022-04-06,4.510000228881836,11347.96,both,-11343.45,False
2022-04-07,4.510000228881836,11101.94,both,-11097.43,False
2022-04-10,4.579999923706055,10897.61,both,-10893.03,False
2022-04-11,4.510000228881836,10728.66,both,-10724.15,False
2022-04-12,4.559999942779541,10898.69,both,-10894.13,False
2022-04-13,4.53000020980835,10847.46,both,-10842.93,False
2022-04-14,4.489999771118164,10679.55,both,-10675.06,False
2022-04-17,4.480000019073486,10707.93,both,-10703.45,False
2022-04-18,4.480000019073486,10724.8,both,-10720.32,False
2022-04-19,4.599999904632568,10626.81,both,-10622.21,False
2022-04-20,4.550000190734863,10444.76,both,-10440.21,False
2022-04-21,4.550000190734863,10548.14,both,-10543.59,False
2022-04-26,4.510000228881836,10682.08,both,-10677.57,False
2022-04-27,4.53000020980835,10718.22,both,-10713.69,False
2022-04-28,4.5,11047.7,both,-11043.2,False
2022-05-08,4.539999961853027,11109.22,both,-11104.68,False
2022-05-09,4.539999961853027,10906.72,both,-10902.18,False
2022-05-10,4.559999942779541,10811.45,both,-10806.89,False
2022-05-11,4.570000171661377,10855.93,both,-10851.36,False
2022-05-12,4.559999942779541,10678.98,both,-10674.42,False
2022-05-15,4.510000228881836,10534.22,both,-10529.71,False
2022-05-16,4.510000228881836,10461.88,both,-10457.37,False
2022-05-17,4.510000228881836,10438.95,both,-10434.44,False
2022-05-18,4.5,10467.63,both,-10463.13,False
2022-05-19,4.46999979019165,10549.97,both,-10545.5,False
2022-05-22,4.460000038146973,10462.74,both,-10458.28,False
2022-05-23,4.460000038146973,10514.95,both,-10510.49,False
2022-05-24,4.440000057220459,10415.54,both,-10411.1,False
2022-05-25,4.389999866485596,10247.43,both,-10243.04,False
2022-05-26,4.389999866485596,10200.56,both,-10196.17,False
2022-05-29,4.389999866485596,10086.72,both,-10082.33,False
2022-05-30,4.389999866485596,10109.36,both,-10104.97,False
2022-05-31,4.400000095367432,10150.05,both,-10145.65,False
2022-06-01,4.400000095367432,10083.98,both,-10079.58,False
2022-06-02,4.429999828338623,10007.51,both,-10003.08,False
2022-06-05,4.429999828338623,9986.0,both,-9981.57,False
2022-06-06,4.400000095367432,9984.92,both,-9980.52,False
2022-06-07,4.389999866485596,10048.36,both,-10043.97,False
2022-06-08,4.409999847412109,10236.06,both,-10231.65,False
2022-06-09,4.409999847412109,10235.43,both,-10231.02,False
2022-06-12,4.409999847412109,10097.55,both,-10093.14,False
2022-06-13,4.53000020980835,10014.85,both,-10010.32,False
2022-06-14,4.510000228881836,9981.22,both,-9976.71,False
2022-06-15,4.599999904632568,9969.97,both,-9965.37,False
2022-06-16,4.599999904632568,9866.75,both,-9862.15,False
2022-06-19,4.659999847412109,9728.19,both,-9723.53,False
2022-06-20,4.71999979019165,9680.18,both,-9675.46,False
2022-06-21,4.670000076293945,9697.88,both,-9693.21,False
2022-06-22,4.630000114440918,9612.9,both,-9608.27,False
2022-06-23,4.630000114440918,9439.85,both,-9435.22,False
2022-06-26,4.639999866485596,9443.75,both,-9439.11,False
2022-06-27,4.559999942779541,9255.43,both,-9250.87,False
2022-06-28,4.559999942779541,9179.63,both,-9175.07,False
2022-06-29,4.650000095367432,9225.61,both,-9220.96,False
2022-07-03,4.800000190734863,9008.89,both,-9004.09,False
2022-07-04,4.71999979019165,8685.74,both,-8681.02,False
2022-07-05,4.650000095367432,8657.5,both,-8652.85,False
2022-07-06,4.599999904632568,8670.12,both,-8665.52,False
2022-07-07,4.650000095367432,8764.25,both,-8759.6,False
2022-07-17,4.650000095367432,8772.93,both,-8768.28,False
2022-07-18,4.630000114440918,8867.94,both,-8863.31,False
2022-07-19,4.659999847412109,9033.53,both,-9028.87,False
2022-07-20,4.639999866485596,9112.72,both,-9108.08,False
2022-07-21,4.670000076293945,9289.81,both,-9285.14,False
2022-07-24,4.670000076293945,9276.28,both,-9271.61,False
2022-07-25,4.710000038146973,9237.7,both,-9232.99,False
2022-07-26,4.699999809265137,9350.42,both,-9345.72,False
2022-07-27,4.699999809265137,9287.92,both,-9283.22,False
2022-07-28,4.699999809265137,9369.32,both,-9364.62,False
2022-07-31,4.699999809265137,9467.08,both,-9462.38,False
2022-08-01,4.71999979019165,9423.1,both,-9418.38,False
2022-08-02,4.730000019073486,9442.02,both,-9437.29,False
2022-08-03,4.699999809265137,9539.43,both,-9534.73,False
2022-08-04,4.760000228881836,10043.23,both,-10038.47,False
2022-08-07,4.760000228881836,10123.81,both,-10119.05,False
2022-08-08,4.699999809265137,10047.71,both,-10043.01,False
2022-08-09,4.699999809265137,9968.88,both,-9964.18,False
2022-08-10,4.619999885559082,9965.46,both,-9960.84,False
2022-08-11,4.599999904632568,9988.84,both,-9984.24,False
2022-08-14,4.599999904632568,9984.44,both,-9979.84,False
2022-08-15,4.679999828338623,9914.71,both,-9910.03,False
2022-08-16,4.809999942779541,9843.17,both,-9838.36,False
2022-08-17,4.820000171661377,10058.12,both,-10053.3,False
2022-08-18,4.820000171661377,10094.16,both,-10089.34,False
2022-08-21,4.869999885559082,10339.58,both,-10334.71,False
2022-08-22,4.849999904632568,10246.24,both,-10241.39,False
2022-08-23,4.849999904632568,10137.89,both,-10133.04,False
2022-08-24,4.840000152587891,10105.24,both,-10100.4,False
2022-08-25,4.849999904632568,10287.27,both,-10282.42,False
2022-08-28,4.860000133514404,10178.15,both,-10173.29,False
2022-08-29,4.840000152587891,10122.32,both,-10117.48,False
2022-08-30,4.840000152587891,10132.15,both,-10127.31,False
2022-08-31,4.849999904632568,9998.61,both,-9993.76,False
2022-09-01,4.860000133514404,9936.87,both,-9932.01,False
2022-09-04,4.860000133514404,9996.74,both,-9991.88,False
2022-09-05,4.860000133514404,10177.64,both,-10172.78,False
2022-09-06,4.869999885559082,10329.66,both,-10324.79,False
2022-09-07,4.920000076293945,10232.29,both,-10227.37,False
2022-09-08,5.349999904632568,10265.35,both,-10260.0,False
2022-09-11,5.380000114440918,10356.31,both,-10350.93,False
2022-09-12,5.389999866485596,10434.1,both,-10428.71,False
2022-09-13,5.389999866485596,10397.12,both,-10391.73,False
2022-09-14,5.389999866485596,10193.79,both,-10188.4,False
2022-09-15,5.389999866485596,10079.02,both,-10073.63,False
2022-09-18,5.389999866485596,9763.19,both,-9757.8,False
2022-09-19,5.389999866485596,9854.21,both,-9848.82,False
2022-09-20,5.389999866485596,10010.53,both,-10005.14,False
2022-09-21,5.389999866485596,9955.85,both,-9950.46,False
2022-09-22,5.389999866485596,9933.05,both,-9927.66,False
2022-09-25,5.389999866485596,9895.04,both,-9889.65,False
2022-09-26,5.389999866485596,9827.8,both,-9822.41,False
2022-09-27,5.389999866485596,9817.37,both,-9811.98,False
2022-09-28,5.389999866485596,9702.19,both,-9696.8,False
2022-09-29,5.389999866485596,9827.46,both,-9822.07,False
2022-10-02,5.389999866485596,9687.36,both,-9681.97,False
2022-10-03,5.389999866485596,9685.85,both,-9680.46,False
2022-10-04,5.389999866485596,9923.81,both,-9918.42,False
2022-10-05,5.389999866485596,10010.78,both,-10005.39,False
2022-10-09,5.389999866485596,9940.86,both,-9935.47,False
2022-10-10,5.389999866485596,9948.53,both,-9943.14,False
2022-10-11,5.389999866485596,9867.23,both,-9861.84,False
2022-10-12,5.389999866485596,9800.64,both,-9795.25,False
2022-10-13,5.389999866485596,9853.74,both,-9848.35,False
2022-10-16,5.199999809265137,10048.88,both,-10043.68,False
2022-10-17,5.199999809265137,10148.4,both,-10143.2,False
2022-10-18,5.199999809265137,10163.56,both,-10158.36,False
2022-10-19,5.0,10156.34,both,-10151.34,False
2022-10-20,5.0,10273.53,both,-10268.53,False
2022-10-23,4.949999809265137,10258.24,both,-10253.29,False
2022-10-24,4.909999847412109,10320.88,both,-10315.97,False
2022-10-25,4.909999847412109,10475.02,both,-10470.11,False
2022-10-26,4.909999847412109,10553.2,both,-10548.29,False
2022-10-27,4.909999847412109,11072.02,both,-11067.11,False
2022-10-30,4.909999847412109,11100.67,both,-11095.76,False
2022-10-31,4.909999847412109,11372.79,both,-11367.88,False
2022-11-01,4.909999847412109,11432.79,both,-11427.88,False
2022-11-02,4.900000095367432,11242.07,both,-11237.17,False
2022-11-03,4.900000095367432,11262.4,both,-11257.5,False
2022-11-06,4.900000095367432,11179.2,both,-11174.3,False
2022-11-07,4.900000095367432,11443.71,both,-11438.81,False
2022-11-08,4.900000095367432,11268.04,both,-11263.14,False
2022-11-09,4.900000095367432,11781.58,both,-11776.68,False
2022-11-10,4.900000095367432,11756.56,both,-11751.66,False
2022-11-13,4.900000095367432,11980.62,both,-11975.72,False
2022-11-14,4.900000095367432,12136.37,both,-12131.47,False
2022-11-15,4.900000095367432,12137.0,both,-12132.1,False
2022-11-16,4.949999809265137,12341.2,both,-12336.25,False
2022-11-17,4.949999809265137,12515.71,both,-12510.76,False
2022-11-20,4.949999809265137,12523.84,both,-12518.89,False
2022-11-21,4.949999809265137,12449.9,both,-12444.95,False
2022-11-22,4.949999809265137,12622.34,both,-12617.39,False
2022-11-23,4.949999809265137,12600.09,both,-12595.14,False
2022-11-24,4.949999809265137,12779.44,both,-12774.49,False
2022-11-27,5.199999809265137,13009.48,both,-13004.28,False
2022-11-28,5.340000152587891,12917.22,both,-12911.88,False
2022-11-29,5.449999809265137,13184.26,both,-13178.81,False
2022-11-30,5.449999809265137,13259.26,both,-13253.81,False
2022-12-01,5.449999809265137,13639.73,both,-13634.28,False
2022-12-04,5.739999771118164,14078.53,both,-14072.79,False
2022-12-05,5.739999771118164,14327.77,both,-14322.03,False
2022-12-06,5.53000020980835,14498.29,both,-14492.76,False
2022-12-07,5.53000020980835,14787.05,both,-14781.52,False
2022-12-08,5.53000020980835,14838.31,both,-14832.78,False
2022-12-11,5.53000020980835,14587.7,both,-14582.17,False
2022-12-12,5.449999809265137,14723.71,both,-14718.26,False
2022-12-13,5.449999809265137,15150.31,both,-15144.86,False
2022-12-14,5.5,15378.28,both,-15372.78,False
2022-12-15,5.699999809265137,15141.55,both,-15135.85,False
2022-12-18,5.789999961853027,14843.05,both,-14837.26,False
2022-12-19,5.840000152587891,14738.6,both,-14732.76,False
2022-12-20,5.599999904632568,14523.26,both,-14517.66,False
2022-12-21,5.380000114440918,14541.98,both,-14536.6,False
2022-12-22,5.449999809265137,14482.93,both,-14477.48,False
2022-12-25,5.460000038146973,14385.3,both,-14379.84,False
2022-12-26,5.5,14560.41,both,-14554.91,False
2022-12-27,5.5,14485.18,both,-14479.68,False
2022-12-28,5.5,14578.21,both,-14572.71,False
2022-12-29,5.519999980926514,14598.53,both,-14593.01,False
2023-01-02,5.590000152587891,14960.66,both,-14955.07,False
2023-01-03,5.570000171661377,15068.13,both,-15062.56,False
2023-01-04,5.519999980926514,15557.46,both,-15551.94,False
2023-01-05,5.579999923706055,16002.18,both,-15996.6,False
2023-01-09,5.579999923706055,16096.87,both,-16091.29,False
2023-01-10,5.579999923706055,15462.57,both,-15456.99,False
2023-01-11,5.579999923706055,15528.1,both,-15522.52,False
2023-01-12,5.190000057220459,15551.47,both,-15546.28,False
2023-01-15,5.139999866485596,15561.25,both,-15556.11,False
2023-01-16,5.139999866485596,15837.91,both,-15832.77,False
2023-01-17,5.139999866485596,15981.88,both,-15976.74,False
2023-01-18,5.349999904632568,15987.15,both,-15981.8,False
2023-01-19,5.349999904632568,16065.98,both,-16060.63,False
2023-01-22,5.349999904632568,16118.85,both,-16113.5,False
2023-01-23,5.349999904632568,16183.49,both,-16178.14,False
2023-01-24,5.349999904632568,16440.53,both,-16435.18,False
2023-01-25,5.360000133514404,16791.11,both,-16785.75,False
2023-01-29,5.510000228881836,17411.46,both,-17405.95,False
2023-01-30,5.329999923706055,17026.64,both,-17021.31,False
2023-01-31,5.230000019073486,16446.38,both,-16441.15,False
2023-02-01,5.230000019073486,16407.79,both,-16402.56,False
2023-02-02,5.329999923706055,16255.73,both,-16250.4,False
2023-02-05,5.349999904632568,16265.92,both,-16260.57,False
2023-02-06,5.429999828338623,16587.06,both,-16581.63,False
2023-02-07,5.590000152587891,16900.43,both,-16894.84,False
2023-02-08,5.5,16948.08,both,-16942.58,False
2023-02-09,5.5,17613.78,both,-17608.28,False
2023-02-12,5.590000152587891,17287.09,both,-17281.5,False
2023-02-13,5.590000152587891,17214.56,both,-17208.97,False
2023-02-14,5.599999904632568,17430.98,both,-17425.38,False
2023-02-15,5.610000133514404,17522.56,both,-17516.95,False
2023-02-16,5.730000019073486,17488.87,both,-17483.14,False
2023-02-19,5.75,17326.61,both,-17320.86,False
2023-02-20,5.690000057220459,16814.0,both,-16808.31,False
2023-02-21,5.690000057220459,17039.45,both,-17033.76,False
2023-02-22,5.519999980926514,16777.2,both,-16771.68,False
2023-02-23,5.510000228881836,17003.9,both,-16998.39,False
2023-02-26,5.699999809265137,17213.01,both,-17207.31,False
2023-02-27,5.760000228881836,17098.16,both,-17092.4,False
2023-02-28,5.760000228881836,17002.08,both,-16996.32,False
2023-03-01,5.760000228881836,17123.01,both,-17117.25,False
2023-03-02,5.760000228881836,16846.79,both,-16841.03,False
2023-03-05,6.300000190734863,16827.65,both,-16821.35,False
2023-03-06,6.320000171661377,16803.89,both,-16797.57,False
2023-03-07,6.130000114440918,16432.56,both,-16426.43,False
2023-03-08,6.070000171661377,16315.62,both,-16309.55,False
2023-03-09,6.090000152587891,16454.31,both,-16448.22,False
2023-03-12,6.03000020980835,15936.89,both,-15930.86,False
2023-03-13,5.730000019073486,15438.5,both,-15432.77,False
2023-03-14,5.730000019073486,15362.25,both,-15356.52,False
2023-03-15,5.730000019073486,14724.44,both,-14718.71,False
2023-03-16,5.630000114440918,14704.18,both,-14698.55,False
2023-03-19,5.860000133514404,14681.12,both,-14675.26,False
2023-03-20,5.860000133514404,14923.81,both,-14917.95,False
2023-03-21,5.860000133514404,15325.66,both,-15319.8,False
2023-03-22,5.860000133514404,15253.22,both,-15247.36,False
2023-03-23,5.829999923706055,15625.08,both,-15619.25,False
2023-03-26,5.829999923706055,15989.18,both,-15983.35,False
2023-03-27,5.929999828338623,15950.09,both,-15944.16,False
2023-03-28,5.929999828338623,15906.42,both,-15900.49,False
2023-03-29,5.800000190734863,16411.37,both,-16405.57,False
2023-03-30,5.710000038146973,16418.53,both,-16412.82,False
2023-04-02,5.710000038146973,16694.46,both,-16688.75,False
2023-04-03,5.809999942779541,17056.89,both,-17051.08,False
2023-04-04,5.809999942779541,16998.35,both,-16992.54,False
2023-04-05,5.809999942779541,17019.25,both,-17013.44,False
2023-04-06,5.880000114440918,16709.28,both,-16703.4,False
2023-04-09,5.840000152587891,16674.87,both,-16669.03,False
2023-04-10,5.849999904632568,16774.64,both,-16768.79,False
2023-04-11,5.920000076293945,17011.68,both,-17005.76,False
2023-04-12,6.260000228881836,16741.45,both,-16735.19,False
2023-04-13,6.25,17671.27,both,-17665.02,False
2023-04-18,6.130000114440918,17538.97,both,-17532.84,False
2023-04-19,6.309999942779541,17516.04,both,-17509.73,False
2023-04-26,6.980000019073486,17452.22,both,-17445.24,False
2023-04-27,7.75,17796.91,both,-17789.16,False
2023-04-30,8.199999809265137,17667.74,both,-17659.54,False
2023-05-01,8.199999809265137,17310.83,both,-17302.63,False
2023-05-02,8.100000381469727,17300.56,both,-17292.46,False
2023-05-03,8.0,17295.27,both,-17287.27,False
2023-05-07,7.980000019073486,17235.31,both,-17227.33,False
2023-05-08,8.119999885559082,17642.97,both,-17634.85,False
2023-05-09,8.050000190734863,17326.27,both,-17318.22,False
2023-05-10,7.610000133514404,17494.73,both,-17487.12,False
2023-05-11,7.320000171661377,17270.69,both,-17263.37,False
2023-05-14,7.21999979019165,17369.13,both,-17361.91,False
2023-05-15,7.079999923706055,17135.55,both,-17128.47,False
2023-05-16,7.090000152587891,17033.99,both,-17026.9,False
2023-05-17,6.75,16844.01,both,-16837.26,False
2023-05-18,6.78000020980835,16745.54,both,-16738.76,False
2023-05-21,7.0,16860.88,both,-16853.88,False
2023-05-22,6.909999847412109,16764.41,both,-16757.5,False
2023-05-23,6.989999771118164,16787.71,both,-16780.72,False
2023-05-24,6.96999979019165,17090.56,both,-17083.59,False
2023-05-25,6.800000190734863,17043.62,both,-17036.82,False
2023-05-28,6.78000020980835,17131.45,both,-17124.67,False
2023-05-29,6.949999809265137,17211.84,both,-17204.89,False
2023-05-30,6.960000038146973,17534.59,both,-17527.63,False
2023-05-31,7.070000171661377,17495.77,both,-17488.7,False
2023-06-01,7.03000020980835,17533.31,both,-17526.28,False
2023-06-04,7.079999923706055,17455.48,both,-17448.4,False
2023-06-05,7.070000171661377,17345.9,both,-17338.83,False
2023-06-06,7.090000152587891,17491.18,both,-17484.09,False
2023-06-07,7.019999980926514,17347.57,both,-17340.55,False
2023-06-08,7.090000152587891,17521.36,both,-17514.27,False
2023-06-11,7.269999980926514,17739.63,both,-17732.36,False
2023-06-12,7.349999904632568,17704.58,both,-17697.23,False
2023-06-13,7.159999847412109,17866.81,both,-17859.65,False
2023-06-14,7.179999828338623,17873.28,both,-17866.1,False
2023-06-15,7.130000114440918,17881.52,both,-17874.39,False
2023-06-18,7.320000171661377,18026.17,both,-18018.85,False
2023-06-19,7.349999904632568,17988.95,both,-17981.6,False
2023-06-20,7.309999942779541,17921.92,both,-17914.61,False
2023-06-21,7.25,17706.08,both,-17698.83,False
2023-06-22,7.420000076293945,17712.93,both,-17705.51,False
2023-06-25,7.340000152587891,17287.64,both,-17280.3,False
2023-06-26,7.679999828338623,17665.29,both,-17657.61,False
2023-07-04,8.0,17466.18,both,-17458.18,False
2023-07-05,8.510000228881836,17380.33,both,-17371.82,False
2023-07-06,8.600000381469727,17102.3,both,-17093.7,False
2023-07-09,7.900000095367432,16555.12,both,-16547.22,False
2023-07-10,7.980000019073486,16963.13,both,-16955.15,False
2023-07-11,8.40999984741211,17155.23,both,-17146.82,False
2023-07-12,8.460000038146973,17144.22,both,-17135.76,False
2023-07-13,8.369999885559082,17342.29,both,-17333.92,False
2023-07-16,8.3100004196167,17343.13,both,-17334.82,False
2023-07-17,8.210000038146973,17512.01,both,-17503.8,False
2023-07-18,8.220000267028809,17608.32,both,-17600.1,False
2023-07-19,8.220000267028809,17578.67,both,-17570.45,False
2023-07-24,8.59000015258789,17550.23,both,-17541.64,False
2023-07-25,8.470000267028809,17479.94,both,-17471.47,False
2023-07-26,8.5,17396.24,both,-17387.74,False
2023-07-27,8.369999885559082,17339.06,both,-17330.69,False
2023-07-30,8.350000381469727,17554.56,both,-17546.21,False
2023-07-31,8.270000457763672,17595.92,both,-17587.65,False
2023-08-01,8.180000305175781,17514.11,both,-17505.93,False
2023-08-02,8.109999656677246,17455.6,both,-17447.49,False
2023-08-03,8.029999732971191,17451.44,both,-17443.41,False
2023-08-06,8.220000267028809,17697.49,both,-17689.27,False
2023-08-07,8.260000228881836,17839.48,both,-17831.22,False
2023-08-08,8.260000228881836,17748.89,both,-17740.63,False
2023-08-09,8.210000038146973,17763.63,both,-17755.42,False
2023-08-10,8.1899995803833,17710.2,both,-17702.01,False
2023-08-13,8.100000381469727,17856.07,both,-17847.97,False
2023-08-14,8.0600004196167,17897.5,both,-17889.44,False
2023-08-15,7.980000019073486,17965.32,both,-17957.34,False
2023-08-16,7.920000076293945,18062.5,both,-18054.58,False
2023-08-17,7.929999828338623,17969.27,both,-17961.34,False
2023-08-20,7.96999979019165,18033.22,both,-18025.25,False
2023-08-21,7.900000095367432,17920.48,both,-17912.58,False
2023-08-22,7.800000190734863,18216.63,both,-18208.83,False
2023-08-23,7.739999771118164,18133.42,both,-18125.68,False
2023-08-24,7.699999809265137,18207.82,both,-18200.12,False
2023-08-27,7.690000057220459,18516.59,both,-18508.9,False
2023-08-28,7.889999866485596,18584.84,both,-18576.95,False
2023-08-29,8.010000228881836,18629.34,both,-18621.33,False
2023-08-30,7.949999809265137,18818.15,both,-18810.2,False
2023-08-31,7.949999809265137,18873.82,both,-18865.87,False
2023-09-03,7.96999979019165,18726.01,both,-18718.04,False
2023-09-04,7.929999828338623,18910.99,both,-18903.06,False
2023-09-05,8.170000076293945,19044.39,both,-19036.22,False
2023-09-06,8.109999656677246,19224.52,both,-19216.41,False
2023-09-07,8.079999923706055,19375.68,both,-19367.6,False
2023-09-10,8.079999923706055,19577.85,both,-19569.77,False
2023-09-11,8.010000228881836,19278.72,both,-19270.71,False
2023-09-12,8.0,19144.09,both,-19136.09,False
2023-09-13,8.09000015258789,19361.7,both,-19353.61,False
2023-09-14,8.039999961853027,19540.33,both,-19532.29,False
2023-09-17,8.90999984741211,19668.82,both,-19659.91,False
2023-09-18,8.890000343322754,19751.78,both,-19742.89,False
2023-09-19,8.960000038146973,19954.3,both,-19945.34,False
2023-09-20,8.960000038146973,19797.23,both,-19788.27,False
2023-09-21,8.960000038146973,20080.57,both,-20071.61,False
2023-09-24,8.960000038146973,20213.7,both,-20204.74,False
2023-09-25,9.0,20320.56,both,-20311.56,False
2023-09-26,8.850000381469727,20354.86,both,-20346.01,False
2023-09-27,8.850000381469727,20174.28,both,-20165.43,False
2023-10-01,8.850000381469727,20054.72,both,-20045.87,False
2023-10-02,8.65999984741211,19901.24,both,-19892.58,False
2023-10-03,8.229999542236328,19706.96,both,-19698.73,False
2023-10-04,8.079999923706055,19873.31,both,-19865.23,False
2023-10-08,7.889999866485596,19357.42,both,-19349.53,False
2023-10-09,7.960000038146973,19409.78,both,-19401.82,False
2023-10-10,7.960000038146973,19724.32,both,-19716.36,False
2023-10-11,8.100000381469727,19653.49,both,-19645.39,False
2023-10-12,7.920000076293945,20002.1,both,-19994.18,False
2023-10-15,7.840000152587891,20324.96,both,-20317.12,False
2023-10-16,7.96999979019165,21032.35,both,-21024.38,False
2023-10-17,8.029999732971191,22073.95,both,-22065.92,False
2023-10-18,8.010000228881836,22117.4,both,-22109.39,False
2023-10-19,8.010000228881836,21616.6,both,-21608.59,False
2023-10-22,8.0600004196167,22128.49,both,-22120.43,False
2023-10-23,8.050000190734863,22572.49,both,-22564.44,False
2023-10-24,8.079999923706055,22377.39,both,-22369.31,False
2023-10-25,8.270000457763672,23131.96,both,-23123.69,False
2023-10-26,8.25,23262.27,both,-23254.02,False
2023-10-29,8.510000228881836,23086.72,both,-23078.21,False
2023-10-30,8.470000267028809,23435.65,both,-23427.18,False
2023-10-31,8.399999618530273,22550.65,both,-22542.25,False
2023-11-01,8.4399995803833,22433.38,both,-22424.94,False
2023-11-02,8.789999961853027,22639.59,both,-22630.8,False
2023-11-05,8.930000305175781,23094.69,both,-23085.76,False
2023-11-06,8.739999771118164,23059.15,both,-23050.41,False
2023-11-07,8.680000305175781,23393.41,both,-23384.73,False
2023-11-08,8.609999656677246,23986.56,both,-23977.95,False
2023-11-09,8.529999732971191,24312.92,both,-24304.39,False
2023-11-12,8.5,23910.66,both,-23902.16,False
2023-11-13,8.550000190734863,23954.96,both,-23946.41,False
2023-11-14,8.630000114440918,23894.06,both,-23885.43,False
2023-11-15,8.779999732971191,24138.8,both,-24130.02,False
2023-11-16,8.869999885559082,24383.27,both,-24374.4,False
2023-11-19,8.850000381469727,24899.59,both,-24890.74,False
2023-11-20,9.640000343322754,24760.02,both,-24750.38,False
2023-11-21,10.31999969482422,24774.04,both,-24763.72,False
2023-11-22,11.239999771118164,25029.57,both,-25018.33,False
2023-11-23,10.979999542236328,25519.49,both,-25508.51,False
2023-11-26,10.789999961853027,25300.32,both,-25289.53,False
2023-11-27,11.010000228881836,25905.54,both,-25894.53,False
2023-11-28,12.119999885559082,25121.73,both,-25109.61,False
2023-11-29,12.770000457763672,24759.16,both,-24746.39,False
2023-11-30,12.15999984741211,24735.39,both,-24723.23,False
2023-12-03,12.020000457763672,24571.98,both,-24559.96,False
2023-12-04,11.829999923706056,25265.41,both,-25253.58,False
2023-12-05,11.579999923706056,25127.91,both,-25116.33,False
2023-12-06,11.239999771118164,24703.55,both,-24692.31,False
2023-12-07,11.020000457763672,24686.16,both,-24675.14,False
2023-12-10,10.90999984741211,24189.83,both,-24178.92,False
2023-12-11,10.869999885559082,24182.06,both,-24171.19,False
2023-12-12,10.949999809265137,24071.66,both,-24060.71,False
2023-12-13,11.170000076293944,24773.92,both,-24762.75,False
2023-12-14,11.609999656677246,24722.82,both,-24711.21,False
2023-12-17,11.93000030517578,24792.14,both,-24780.21,False
2023-12-18,12.130000114440918,25334.09,both,-25321.96,False
2023-12-19,11.520000457763672,25076.42,both,-25064.9,False
2023-12-20,11.68000030517578,24837.56,both,-24825.88,False
2023-12-21,11.270000457763672,24305.09,both,-24293.82,False
2023-12-24,11.270000457763672,23822.17,both,-23810.9,False
2023-12-25,10.970000267028809,24226.68,both,-24215.71,False
2023-12-26,10.970000267028809,23994.54,both,-23983.57,False
2023-12-27,11.0,24351.12,both,-24340.12,False
2023-12-28,11.0,24691.43,both,-24680.43,False
2023-12-31,11.029999732971191,24894.26,both,-24883.23,False
2024-01-02,11.31999969482422,25501.94,both,-25490.62,False
2024-01-03,11.420000076293944,25408.51,both,-25397.09,False
2024-01-04,11.289999961853027,25350.28,both,-25338.99,False
2024-01-08,11.289999961853027,25344.63,both,-25333.34,False
2024-01-09,11.300000190734863,25589.99,both,-25578.69,False
2024-01-10,11.399999618530272,25466.75,both,-25455.35,False
2024-01-11,11.210000038146973,25519.25,both,-25508.04,False
2024-01-14,11.34000015258789,25974.84,both,-25963.5,False
2024-01-15,11.43000030517578,26250.73,both,-26239.3,False
2024-01-16,11.399999618530272,26938.14,both,-26926.74,False
2024-01-17,11.399999618530272,26758.26,both,-26746.86,False
2024-01-18,11.520000457763672,26842.67,both,-26831.15,False
2024-01-21,11.8100004196167,27719.37,both,-27707.56,False
2024-01-22,11.800000190734863,28050.33,both,-28038.53,False
2024-01-23,11.520000457763672,27587.0,both,-27575.48,False
2024-01-24,11.399999618530272,27666.18,both,-27654.78,False
2024-01-28,11.420000076293944,28625.76,both,-28614.34,False
2024-01-29,11.420000076293944,29227.79,both,-29216.37,False
2024-01-30,11.699999809265137,30347.3,both,-30335.6,False
2024-01-31,10.920000076293944,28281.91,both,-28270.99,False
2024-02-01,11.0,28434.37,both,-28423.37,False
2024-02-04,11.199999809265137,27573.5,both,-27562.3,False
2024-02-05,11.3100004196167,27665.75,both,-27654.44,False
2024-02-06,11.199999809265137,27270.63,both,-27259.43,False
2024-02-07,11.100000381469728,27905.95,both,-27894.85,False
2024-02-08,11.039999961853027,28411.41,both,-28400.37,False
2024-02-11,11.220000267028809,28199.04,both,-28187.82,False
2024-02-12,11.1899995803833,28494.72,both,-28483.53,False
2024-02-13,11.8100004196167,28604.54,both,-28592.73,False
2024-02-14,12.15999984741211,28874.99,both,-28862.83,False
2024-02-15,12.09000015258789,28926.15,both,-28914.06,False
2024-02-18,12.09000015258789,29125.57,both,-29113.48,False
2024-02-19,16.770000457763672,29452.4,both,-29435.63,False
2024-02-20,18.950000762939453,29330.66,both,-29311.71,False
2024-02-21,17.790000915527344,29292.05,both,-29274.26,False
2024-02-22,17.350000381469727,29309.73,both,-29292.38,False
2024-02-25,16.020000457763672,27840.86,both,-27824.84,False
2024-02-26,17.969999313354492,28931.92,both,-28913.95,False
2024-02-27,18.0,29205.16,both,-29187.16,False
2024-02-28,16.34000015258789,28876.46,both,-28860.12,False
2024-02-29,16.399999618530273,28964.41,both,-28948.01,False
2024-03-03,16.6200008392334,29058.33,both,-29041.71,False
2024-03-04,16.670000076293945,30542.33,both,-30525.66,False
2024-03-05,16.579999923706055,30668.89,both,-30652.31,False
2024-03-06,15.449999809265137,29743.11,both,-29727.66,False
2024-03-07,15.119999885559082,31300.54,both,-31285.42,False
2024-03-10,15.0,32919.95,both,-32904.95,False
2024-03-11,13.800000190734863,33382.51,both,-33368.71,False
2024-03-12,15.5600004196167,32661.61,both,-32646.05,False
2024-03-13,15.609999656677246,31013.88,both,-30998.27,False
2024-03-14,15.050000190734863,31316.43,both,-31301.38,False
2024-03-17,14.489999771118164,31061.88,both,-31047.39,False
2024-03-18,12.56999969482422,29091.29,both,-29078.72,False
2024-03-19,12.289999961853027,28675.7,both,-28663.41,False
2024-03-20,12.199999809265137,28589.37,both,-28577.17,False
2024-03-21,12.229999542236328,29054.96,both,-29042.73,False
2024-03-24,12.619999885559082,29060.02,both,-29047.4,False
2024-03-25,12.630000114440918,29344.46,both,-29331.83,False
2024-03-26,13.029999732971191,29057.5,both,-29044.47,False
2024-03-27,12.229999542236328,28224.37,both,-28212.14,False
2024-03-28,12.010000228881836,27559.35,both,-27547.34,False
2024-03-31,11.220000267028809,26883.39,both,-26872.17,False
2024-04-01,11.600000381469728,28297.17,both,-28285.57,False
2024-04-02,11.460000038146973,27934.36,both,-27922.9,False
2024-04-03,11.369999885559082,27937.22,both,-27925.85,False
2024-04-04,12.31999969482422,28506.16,both,-28493.84,False
2024-04-07,11.81999969482422,28151.66,both,-28139.84,False
2024-04-08,11.920000076293944,28503.75,both,-28491.83,False
2024-04-15,12.029999732971191,29616.47,both,-29604.44,False
2024-04-16,12.640000343322754,29400.84,both,-29388.2,False
2024-04-17,12.770000457763672,29667.71,both,-29654.94,False
2024-04-18,12.34000015258789,28332.65,both,-28320.31,False
2024-04-21,12.390000343322754,28623.39,both,-28611.0,False
2024-04-22,12.140000343322754,28144.22,both,-28132.08,False
2024-04-23,11.300000190734863,26777.05,both,-26765.75,False
2024-04-24,11.050000190734863,25917.59,both,-25906.54,False
2024-04-28,11.050000190734863,24639.63,both,-24628.58,False
2024-04-29,10.880000114440918,26011.28,both,-26000.4,False
2024-04-30,10.670000076293944,24448.73,both,-24438.06,False
2024-05-01,,25270.55,right_only,,False
2024-05-02,10.729999542236328,26113.71,both,-26102.98,False
2024-05-07,10.789999961853027,26429.69,both,-26418.9,False
2024-05-08,11.06999969482422,25988.93,both,-25977.86,False
2024-05-09,10.710000038146973,26003.16,both,-25992.45,False
2024-05-12,10.140000343322754,25155.92,both,-25145.78,False
2024-05-13,9.609999656677246,25381.25,both,-25371.64,False
2024-05-14,9.239999771118164,25339.77,both,-25330.53,False
2024-05-15,9.149999618530272,25316.08,both,-25306.93,False
2024-05-16,9.5600004196167,26142.84,both,-26133.28,False
2024-05-19,9.81999969482422,27315.83,both,-27306.01,False
2024-05-20,9.960000038146973,27228.85,both,-27218.89,False
2024-05-21,9.920000076293944,27224.8,both,-27214.88,False
2024-05-22,9.93000030517578,27227.44,both,-27217.51,False
2024-05-23,9.93000030517578,27205.14,both,-27195.21,False
2024-05-26,9.93000030517578,27539.21,both,-27529.28,False
2024-05-27,10.300000190734863,27287.31,both,-27277.01,False
2024-05-28,9.989999771118164,27194.51,both,-27184.52,False
2024-05-29,10.020000457763672,27089.68,both,-27079.66,False
2024-05-30,9.859999656677246,26922.76,both,-26912.9,False
2024-06-02,9.630000114440918,26869.85,both,-26860.22,False
2024-06-03,9.56999969482422,26834.47,both,-26824.9,False
2024-06-04,9.800000190734863,26973.0,both,-26963.2,False
2024-06-05,9.479999542236328,26634.3,both,-26624.82,False
2024-06-06,9.4399995803833,26428.65,both,-26419.21,False
2024-06-09,9.199999809265137,25659.13,both,-25649.93,False
2024-06-10,9.5,25896.56,both,-25887.06,False
2024-06-11,9.9399995803833,26082.29,both,-26072.35,False
2024-06-12,10.140000343322754,26133.39,both,-26123.25,False
2024-06-13,9.890000343322754,26417.6,both,-26407.71,False
2024-06-23,9.9399995803833,27062.37,both,-27052.43,False
2024-06-24,9.880000114440918,26902.4,both,-26892.52,False
2024-06-25,9.869999885559082,27264.23,both,-27254.36,False
2024-06-26,10.109999656677246,27500.56,both,-27490.45,False
2024-06-27,10.329999923706056,27766.27,both,-27755.94,False
2024-07-01,,27969.59,right_only,,False
2024-07-02,11.300000190734863,27985.89,both,-27974.59,False
2024-07-03,10.9399995803833,28161.17,both,-28150.23,False
2024-07-04,11.020000457763672,28364.79,both,-28353.77,False
2024-07-07,11.15999984741211,28602.14,both,-28590.98,False
2024-07-08,11.039999961853027,28411.87,both,-28400.83,False
2024-07-09,11.029999732971191,28466.24,both,-28455.21,False
2024-07-10,10.869999885559082,28287.98,both,-28277.11,False
2024-07-14,10.869999885559082,28042.06,both,-28031.19,False
2024-07-15,10.479999542236328,27952.04,both,-27941.56,False
2024-07-16,10.630000114440918,27828.92,both,-27818.29,False
2024-07-17,10.68000030517578,28340.42,both,-28329.74,False
2024-07-18,10.859999656677246,28653.85,both,-28642.99,False
2024-07-21,10.90999984741211,28783.24,both,-28772.33,False
2024-07-22,10.949999809265137,28992.34,both,-28981.39,False
2024-07-23,11.119999885559082,29195.24,both,-29184.12,False
2024-07-24,11.229999542236328,29090.57,both,-29079.34,False
2024-07-28,11.140000343322754,29036.32,both,-29025.18,False
2024-07-29,11.140000343322754,28851.23,both,-28840.09,False
2024-07-30,11.699999809265137,29039.42,both,-29027.72,False
2024-07-31,11.68000030517578,29378.82,both,-29367.14,False
2024-08-01,11.619999885559082,29359.87,both,-29348.25,False
2024-08-04,11.0600004196167,28503.63,both,-28492.57,False
2024-08-05,10.510000228881836,27840.64,both,-27830.13,False
2024-08-06,11.220000267028809,28210.41,both,-28199.19,False
2024-08-07,11.359999656677246,28628.19,both,-28616.83,False
2024-08-08,11.170000076293944,28750.82,both,-28739.65,False
2024-08-11,11.239999771118164,29532.67,both,-29521.43,False
2024-08-12,11.229999542236328,29706.7,both,-29695.47,False
2024-08-13,11.119999885559082,29331.04,both,-29319.92,False
2024-08-14,11.510000228881836,29567.0,both,-29555.49,False
2024-08-15,11.390000343322754,29629.14,both,-29617.75,False
2024-08-18,11.199999809265137,29460.24,both,-29449.04,False
2024-08-19,11.15999984741211,29320.18,both,-29309.02,False
2024-08-20,11.15999984741211,29915.24,both,-29904.08,False
2024-08-21,11.079999923706056,29914.29,both,-29903.21,False
2024-08-22,11.130000114440918,30141.08,both,-30129.95,False
2024-08-25,11.260000228881836,30073.95,both,-30062.69,False
2024-08-26,11.260000228881836,30133.81,both,-30122.55,False
2024-08-27,11.199999809265137,30363.15,both,-30351.95,False
2024-08-28,11.1899995803833,30709.59,both,-30698.4,False
2024-08-29,11.170000076293944,30774.19,both,-30763.02,False
2024-09-01,11.1899995803833,30902.88,both,-30891.69,False
2024-09-02,11.130000114440918,30731.98,both,-30720.85,False
2024-09-03,11.380000114440918,31018.48,both,-31007.1,False
2024-09-04,12.539999961853027,30998.19,both,-30985.65,False
2024-09-05,13.510000228881836,31029.7,both,-31016.19,False
2024-09-08,13.979999542236328,30273.73,both,-30259.75,False
2024-09-09,14.579999923706056,30374.96,both,-30360.38,False
2024-09-10,14.619999885559082,30104.35,both,-30089.73,False
2024-09-11,14.40999984741211,30485.63,both,-30471.22,False
2024-09-12,14.699999809265137,30497.83,both,-30483.13,False
2024-09-16,14.9399995803833,30260.24,both,-30245.3,False
2024-09-17,14.920000076293944,30159.15,both,-30144.23,False
2024-09-18,15.510000228881836,30342.46,both,-30326.95,False
2024-09-19,15.739999771118164,30937.69,both,-30921.95,False
2024-09-22,15.760000228881836,31038.41,both,-31022.65,False
2024-09-23,15.609999656677246,31022.54,both,-31006.93,False
2024-09-24,16.799999237060547,30871.1,both,-30854.3,False
2024-09-25,15.84000015258789,31250.64,both,-31234.8,False
2024-09-26,16.799999237060547,31276.91,both,-31260.11,False
2024-09-29,16.56999969482422,31459.09,both,-31442.52,False
2024-09-30,16.450000762939453,31587.04,both,-31570.59,False
2024-10-01,16.31999969482422,31866.06,both,-31849.74,False
2024-10-02,15.3100004196167,31332.73,both,-31317.42,False
2024-10-03,15.880000114440918,31720.5,both,-31704.62,False
2024-10-07,17.0,31819.16,both,-31802.16,False
2024-10-08,19.0,30851.63,both,-30832.63,False
2024-10-09,19.21999931335449,31175.43,both,-31156.21,False
2024-10-10,18.6200008392334,30762.32,both,-30743.7,False
2024-10-13,18.030000686645508,29954.12,both,-29936.09,False
2024-10-14,19.01000022888184,30273.06,both,-30254.05,False
2024-10-15,18.030000686645508,30584.24,both,-30566.21,False
2024-10-16,21.6299991607666,30545.11,both,-30523.48,False
2024-10-17,25.950000762939453,30143.86,both,-30117.91,False
2024-10-20,27.899999618530277,29528.79,both,-29500.89,False
2024-10-21,27.309999465942383,30445.2,both,-30417.89,False
2024-10-22,27.0,30427.35,both,-30400.35,False
2024-10-23,26.75,30414.05,both,-30387.3,False
2024-10-24,26.790000915527344,30552.82,both,-30526.03,False
2024-10-27,27.049999237060547,30812.23,both,-30785.18,False
2024-10-28,27.0,30773.53,both,-30746.53,False
2024-10-29,26.809999465942383,30619.96,both,-30593.15,False
2024-10-30,26.82999992370605,30371.26,both,-30344.43,False
2024-10-31,26.86000061035156,30658.0,both,-30631.14,False
2024-11-03,26.850000381469727,30833.13,both,-30806.28,False
2024-11-04,26.809999465942383,30650.04,both,-30623.23,False
2024-11-05,26.8799991607666,30793.94,both,-30767.06,False
2024-11-06,26.81999969482422,31045.26,both,-31018.44,False
2024-11-07,27.36000061035156,31267.47,both,-31240.11,False
2024-11-10,27.3700008392334,31394.33,both,-31366.96,False
2024-11-11,27.239999771118164,31621.29,both,-31594.05,False
2024-11-12,27.5,31582.39,both,-31554.89,False
2024-11-13,27.440000534057617,31433.01,both,-31405.57,False
2024-11-14,27.3700008392334,31462.21,both,-31434.84,False
2024-11-17,27.229999542236328,31252.07,both,-31224.84,False
2024-11-18,27.1299991607666,30864.34,both,-30837.21,False
2024-11-19,27.459999084472656,30688.3,both,-30660.84,False
2024-11-20,27.420000076293945,30587.99,both,-30560.57,False
2024-11-21,27.5,30631.8,both,-30604.3,False
2024-11-24,27.46999931335449,30397.22,both,-30369.75,False
2024-11-25,27.290000915527344,30270.51,both,-30243.22,False
2024-11-26,27.100000381469727,30284.35,both,-30257.25,False
2024-11-27,27.31999969482422,29846.04,both,-29818.72,False
2024-11-28,27.0,30242.13,both,-30215.13,False
2024-12-01,26.979999542236328,30497.13,both,-30470.15,False
2024-12-02,26.96999931335449,30525.32,both,-30498.35,False
2024-12-03,26.920000076293945,30628.74,both,-30601.82,False
2024-12-04,26.979999542236328,30832.61,both,-30805.63,False
2024-12-05,26.979999542236328,30839.57,both,-30812.59,False
2024-12-08,27.0,31060.51,both,-31033.51,False
2024-12-09,27.149999618530277,31005.12,both,-30977.97,False
2024-12-10,26.96999931335449,30617.83,both,-30590.86,False
2024-12-11,27.06999969482422,30739.26,both,-30712.19,False
2024-12-12,27.01000022888184,30795.09,both,-30768.08,False
2024-12-15,27.270000457763672,30776.0,both,-30748.73,False
2024-12-16,27.25,30799.43,both,-30772.18,False
2024-12-17,27.25,30601.64,both,-30574.39,False
2024-12-18,27.06999969482422,30503.07,both,-30476.0,False
2024-12-19,27.51000022888184,30526.71,both,-30499.2,False
2024-12-22,27.5,30372.7,both,-30345.2,False
2024-12-23,27.11000061035156,30118.38,both,-30091.27,False
2024-12-24,27.040000915527344,29973.15,both,-29946.11,False
2024-12-25,27.239999771118164,30005.0,both,-29977.76,False
2024-12-26,27.11000061035156,29957.97,both,-29930.86,False
2024-12-29,27.46999931335449,29594.48,both,-29567.01,False
2024-12-30,27.299999237060547,29325.2,both,-29297.9,False
2024-12-31,27.479999542236328,29740.58,both,-29713.1,False
2025-01-02,27.700000762939453,30060.48,both,-30032.78,False
2025-01-05,27.700000762939453,30183.61,both,-30155.91,False
2025-01-06,27.479999542236328,29929.64,both,-29902.16,False
2025-01-08,27.489999771118164,29785.91,both,-29758.42,False
2025-01-09,27.5,29444.65,both,-29417.15,False
2025-01-12,27.43000030517578,29277.45,both,-29250.02,False
2025-01-13,27.190000534057617,28556.28,both,-28529.09,False
2025-01-14,26.940000534057617,28967.09,both,-28940.15,False
2025-01-15,27.190000534057617,29389.93,both,-29362.74,False
2025-01-16,27.1200008392334,29605.12,both,-29578.0,False
2025-01-19,27.01000022888184,29728.61,both,-29701.6,False
2025-01-20,26.96999931335449,29619.39,both,-29592.42,False
2025-01-21,26.899999618530277,29826.58,both,-29799.68,False
2025-01-22,26.790000915527344,29979.14,both,-29952.35,False
2025-01-23,27.15999984741211,29997.69,both,-29970.53,False
2025-01-26,27.100000381469727,30034.85,both,-30007.75,False
2025-01-27,27.01000022888184,29742.12,both,-29715.11,False
2025-01-28,27.030000686645508,29646.6,both,-29619.57,False
2025-01-29,27.01000022888184,29891.61,both,-29864.6,False
2025-01-30,27.32999992370605,30010.62,both,-29983.29,False
2025-02-02,27.09000015258789,29917.96,both,-29890.87,False
2025-02-03,26.989999771118164,29754.77,both,-29727.78,False
2025-02-04,26.979999542236328,29668.47,both,-29641.49,False
2025-02-05,27.049999237060547,29735.59,both,-29708.54,False
2025-02-06,27.280000686645508,30011.84,both,-29984.56,False
2025-02-09,23.479999542236328,30014.27,both,-29990.79,False
2025-02-10,26.3700008392334,29905.41,both,-29879.04,False
2025-02-11,25.0,29564.21,both,-29539.21,False
2025-02-12,26.09000015258789,29661.99,both,-29635.9,False
2025-02-13,26.1200008392334,29997.11,both,-29970.99,False
2025-02-16,27.200000762939453,30443.82,both,-30416.62,False
2025-02-17,27.5,30436.71,both,-30409.21,False
2025-02-18,27.059999465942383,30587.81,both,-30560.75,False
2025-02-19,27.0,30875.28,both,-30848.28,False
2025-02-20,27.489999771118164,30914.72,both,-30887.23,False
2025-02-23,27.5,31010.25,both,-30982.75,False
2025-02-24,27.01000022888184,30925.29,both,-30898.28,False
2025-02-25,27.299999237060547,30654.92,both,-30627.62,False
2025-02-26,27.1200008392334,30631.95,both,-30604.83,False
2025-02-27,27.0,30610.44,both,-30583.44,False
2025-03-02,27.09000015258789,30857.77,both,-30830.68,False
2025-03-03,27.100000381469727,30988.51,both,-30961.41,False
2025-03-04,27.18000030517578,30762.85,both,-30735.67,False
2025-03-05,27.25,30876.44,both,-30849.19,False
2025-03-06,27.5,30947.44,both,-30919.94,False
2025-03-09,27.030000686645508,31130.68,both,-31103.65,False
2025-03-10,26.76000022888184,31137.03,both,-31110.27,False
2025-03-11,26.850000381469727,30935.23,both,-30908.38,False
2025-03-12,27.239999771118164,31049.03,both,-31021.79,False
2025-03-13,26.76000022888184,31290.62,both,-31263.86,False
2025-03-16,26.93000030517578,31338.34,both,-31311.41,False
2025-03-17,26.690000534057617,31458.59,both,-31431.9,False
2025-03-18,26.479999542236328,31608.69,both,-31582.21,False
2025-03-19,26.5,31348.47,both,-31321.97,False
2025-03-20,26.6299991607666,31677.58,both,-31650.95,False
2025-03-23,26.46999931335449,31933.76,both,-31907.29,False
2025-03-24,26.399999618530277,31810.98,both,-31784.58,False
2025-03-25,26.239999771118164,31761.97,both,-31735.73,False
2025-03-26,26.0,31744.3,both,-31718.3,False
2025-03-27,26.18000030517578,32026.14,both,-31999.96,False
2025-04-03,27.13999938964844,31699.58,both,-31672.44,False
2025-04-06,26.290000915527344,30639.52,both,-30613.23,False
2025-04-07,26.09000015258789,30453.94,both,-30427.85,False
2025-04-08,25.940000534057617,30648.98,both,-30623.04,False
2025-04-09,23.989999771118164,30079.93,both,-30055.94,False
2025-04-10,23.649999618530277,30810.7,both,-30787.05,False
2025-04-13,22.8799991607666,31174.62,both,-31151.74,False
2025-04-14,22.780000686645508,31182.37,both,-31159.59,False
2025-04-15,22.40999984741211,31185.03,both,-31162.62,False
2025-04-16,22.459999084472656,31030.7,both,-31008.24,False
2025-04-17,22.450000762939453,31062.95,both,-31040.5,False
2025-04-22,22.5,30844.18,both,-30821.68,False
2025-04-23,23.040000915527344,31640.22,both,-31617.18,False
2025-04-27,23.46999931335449,31855.12,both,-31831.65,False
2025-04-28,23.299999237060547,32015.02,both,-31991.72,False
2025-04-29,22.989999771118164,32043.48,both,-32020.49,False
2025-04-30,22.96999931335449,32126.22,both,-32103.25,False
2025-05-04,22.780000686645508,32351.66,both,-32328.88,False
2025-05-05,22.459999084472656,32211.75,both,-32189.29,False
2025-05-06,22.71999931335449,32285.45,both,-32262.73,False
2025-05-07,23.399999618530277,31840.44,both,-31817.04,False
2025-05-08,22.90999984741211,31772.04,both,-31749.13,False
2025-05-11,22.93000030517578,31427.98,both,-31405.05,False
2025-05-12,22.540000915527344,31577.01,both,-31554.47,False
2025-05-13,22.450000762939453,31692.77,both,-31670.32,False
2025-05-14,22.309999465942383,31827.86,both,-31805.55,False
2025-05-15,22.399999618530277,31941.15,both,-31918.75,False
2025-05-18,22.399999618530277,31713.7,both,-31691.3,False
2025-05-19,22.270000457763672,31355.82,both,-31333.55,False
2025-05-20,22.270000457763672,31629.34,both,-31607.07,False
2025-05-21,22.489999771118164,31836.63,both,-31814.14,False
2025-05-22,21.59000015258789,31975.63,both,-31954.04,False
2025-05-25,21.5,32023.89,both,-32002.39,False
2025-05-26,21.5,31922.5,both,-31901.0,False
2025-05-27,21.440000534057617,32397.38,both,-32375.94,False
2025-05-28,21.420000076293945,32493.89,both,-32472.47,False
2025-05-29,21.36000061035156,32696.79,both,-32675.43,False
2025-06-01,21.229999542236328,32500.03,both,-32478.8,False
2025-06-02,21.13999938964844,32325.12,both,-32303.98,False
2025-06-03,21.190000534057617,32355.41,both,-32334.22,False
2025-06-04,21.030000686645508,32677.87,both,-32656.84,False
2025-06-10,21.020000457763672,32904.06,both,-32883.04,False
2025-06-11,20.809999465942383,32935.19,both,-32914.38,False
2025-06-12,20.280000686645508,32511.68,both,-32491.4,False
2025-06-15,19.559999465942383,31016.0,both,-30996.44,False
2025-06-16,19.399999618530277,31042.36,both,-31022.96,False
2025-06-17,18.709999084472656,30725.96,both,-30707.25,False
2025-06-18,18.82999992370605,30838.98,both,-30820.15,False
2025-06-19,18.600000381469727,30248.44,both,-30229.84,False
2025-06-22,18.489999771118164,31055.98,both,-31037.49,False
2025-06-23,20.06999969482422,31418.74,both,-31398.67,False
2025-06-24,19.809999465942383,32598.55,both,-32578.74,False
2025-06-25,20.38999938964844,33002.85,both,-32982.46,False
2025-06-29,20.989999771118164,33206.76,both,-33185.77,False
2025-06-30,20.690000534057617,32857.62,both,-32836.93,False
2025-07-01,20.459999084472656,32707.22,both,-32686.76,False
2025-07-02,20.82999992370605,32820.49,both,-32799.66,False
2025-07-06,20.670000076293945,,left_only,,False
2025-07-07,21.25,33037.62,both,-33016.37,False
2025-07-09,21.479999542236328,33152.39,both,-33130.91,False
2025-07-10,21.030000686645508,33324.38,both,-33303.35,False
2025-07-13,20.82999992370605,33053.47,both,-33032.64,False
2025-07-14,20.65999984741211,33727.44,both,-33706.78,False
2025-07-15,20.420000076293945,33934.63,both,-33914.21,False
2025-07-16,20.3700008392334,33473.77,both,-33453.4,False
2025-07-17,20.950000762939453,33821.03,both,-33800.08,False
2025-07-20,21.6200008392334,34071.0,both,-34049.38,False
2025-07-21,21.36000061035156,34129.59,both,-34108.23,False
2025-07-22,20.850000381469727,33803.34,both,-33782.49,False
2025-07-23,20.850000381469727,34125.12,both,-34104.27,False
2025-07-27,21.200000762939453,34554.24,both,-34533.04,False
2025-07-28,21.850000381469727,34076.22,both,-34054.37,False
2025-07-29,22.170000076293945,34085.74,both,-34063.57,False
2025-07-30,21.670000076293945,33859.68,both,-33838.01,False
2025-07-31,21.559999465942383,34198.0,both,-34176.44,False
2025-08-03,21.559999465942383,34272.16,both,-34250.6,False
2025-08-04,21.559999465942383,34704.51,both,-34682.95,False
2025-08-05,21.559999465942383,35254.18,both,-35232.62,False
2025-08-06,21.559999465942383,35480.25,both,-35458.69,False
2025-08-07,21.559999465942383,35809.36,both,-35787.8,False
2025-08-10,21.32999992370605,36109.77,both,-36088.44,False
2025-08-11,21.1299991607666,35908.5,both,-35887.37,False
2025-08-12,21.170000076293945,36003.65,both,-35982.48,False
2025-08-13,21.100000381469727,35855.26,both,-35834.16,False
2025-08-14,20.989999771118164,35576.42,both,-35555.43,False
2025-08-17,20.82999992370605,35972.77,both,-35951.94,False
2025-08-18,20.6299991607666,35824.78,both,-35804.15,False
2025-08-19,20.520000457763672,36100.07,both,-36079.55,False
2025-08-20,20.489999771118164,35731.83,both,-35711.34,False
2025-08-21,20.38999938964844,35622.26,both,-35601.87,False
2025-08-24,20.299999237060547,35811.88,both,-35791.58,False
2025-08-25,20.26000022888184,35810.57,both,-35790.31,False
2025-08-26,20.170000076293945,35358.34,both,-35338.17,False
2025-08-27,20.1299991607666,35676.19,both,-35656.06,False
2025-08-28,20.239999771118164,35727.19,both,-35706.95,False
2025-08-31,20.200000762939453,35148.14,both,-35127.94,False
2025-09-01,20.100000381469727,35158.88,both,-35138.78,False
2025-09-02,20.09000015258789,35156.93,both,-35136.84,False
2025-09-03,20.0,34761.97,both,-34741.97,False
2025-09-07,20.0,34455.41,both,-34435.41,False
2025-09-08,19.84000015258789,34601.53,both,-34581.69,False
2025-09-09,19.940000534057617,34386.33,both,-34366.39,False
2025-09-10,19.940000534057617,34670.1,both,-34650.16,False
2025-09-11,20.15999984741211,34937.44,both,-34917.28,False
2025-09-14,20.06999969482422,35111.82,both,-35091.75,False
2025-09-15,19.81999969482422,35165.84,both,-35146.02,False
2025-09-16,19.809999465942383,34840.82,both,-34821.01,False
2025-09-17,19.71999931335449,34974.84,both,-34955.12,False
2025-09-18,19.8799991607666,35403.0,both,-35383.12,False
2025-09-21,19.959999084472656,35247.04,both,-35227.08,False
2025-09-22,19.950000762939453,35210.7,both,-35190.75,False
2025-09-23,19.96999931335449,35328.63,both,-35308.66,False
2025-09-24,20.5,35949.12,both,-35928.62,False
2025-09-25,21.049999237060547,35671.43,both,-35650.38,False
2025-09-28,20.76000022888184,36166.08,both,-36145.32,False
2025-09-29,21.06999969482422,36391.0,both,-36369.93,False
2025-09-30,21.6200008392334,36670.08,both,-36648.46,False
2025-10-01,21.0,36769.18,both,-36748.18,False
2025-10-02,21.34000015258789,36900.7,both,-36879.36,False
2025-10-05,21.32999992370605,37210.83,both,-37189.5,False
2025-10-06,21.809999465942383,37094.8,both,-37072.99,False
2025-10-07,21.520000457763672,37097.37,both,-37075.85,False
2025-10-08,21.90999984741211,37376.93,both,-37355.02,False
2025-10-12,22.06999969482422,37378.58,both,-37356.51,False
2025-10-13,22.739999771118164,37409.85,both,-37387.11,False
2025-10-14,22.46999931335449,37459.13,both,-37436.66,False
2025-10-15,22.309999465942383,37654.04,both,-37631.73,False
2025-10-16,22.07999992370605,37677.19,both,-37655.11,False
2025-10-19,21.850000381469727,37909.61,both,-37887.76,False
2025-10-20,22.040000915527344,37975.06,both,-37953.02,False
2025-10-21,22.13999938964844,37698.49,both,-37676.35,False
2025-10-22,22.270000457763672,37576.55,both,-37554.28,False
2025-10-23,22.5,37687.04,both,-37664.54,False
2025-10-26,22.40999984741211,38101.96,both,-38079.55,False
2025-10-27,22.190000534057617,38162.01,both,-38139.82,False
2025-10-28,22.0,38304.94,both,-38282.94,False
2025-10-29,22.270000457763672,38229.53,both,-38207.26,False
2025-10-30,22.649999618530277,38267.8,both,-38245.15,False
2025-11-02,23.5,38082.88,both,-38059.38,False
2025-11-03,23.8700008392334,38622.84,both,-38598.97,False
2025-11-04,23.549999237060547,39065.73,both,-39042.18,False
2025-11-05,23.11000061035156,39132.25,both,-39109.14,False
2025-11-06,23.61000061035156,39949.66,both,-39926.05,False
2025-11-09,23.520000457763672,40821.96,both,-40798.44,False
2025-11-10,23.450000762939453,40427.35,both,-40403.9,False
2025-11-11,23.520000457763672,40261.16,both,-40237.64,False
2025-11-12,23.729999542236328,40228.76,both,-40205.03,False
2025-11-13,23.59000015258789,40190.62,both,-40167.03,False
2025-11-16,23.46999931335449,41211.27,both,-41187.8,False
2025-11-17,23.6200008392334,41065.75,both,-41042.13,False
2025-11-18,22.799999237060547,40501.28,both,-40478.48,False
2025-11-19,23.020000457763672,40509.16,both,-40486.14,False
2025-11-20,23.13999938964844,40302.39,both,-40279.25,False
2025-11-23,23.049999237060547,40445.66,both,-40422.61,False
2025-11-24,23.0,39725.26,both,-39702.26,False
2025-11-25,23.13999938964844,39902.53,both,-39879.39,False
2025-11-26,23.26000022888184,39537.25,both,-39513.99,False
2025-11-27,23.309999465942383,40039.24,both,-40015.93,False
2025-11-30,23.6200008392334,40753.45,both,-40729.83,False
2025-12-01,23.65999984741211,40693.92,both,-40670.26,False
2025-12-02,23.700000762939453,40625.63,both,-40601.93,False
2025-12-03,23.790000915527344,41342.03,both,-41318.24,False
2025-12-04,23.520000457763672,41499.07,both,-41475.55,False
2025-12-07,23.809999465942383,41762.43,both,-41738.62,False
2025-12-08,23.850000381469727,41963.24,both,-41939.39,False
2025-12-09,23.899999618530277,41940.62,both,-41916.72,False
2025-12-10,23.989999771118164,42052.79,both,-42028.8,False
2025-12-11,23.790000915527344,42033.78,both,-42009.99,False
2025-12-14,24.520000457763672,42065.2,both,-42040.68,False
2025-12-15,25.649999618530277,42305.36,both,-42279.71,False
2025-12-16,25.75,42002.37,both,-41976.62,False
2025-12-17,25.43000030517578,41504.03,both,-41478.6,False
2025-12-18,25.46999931335449,40926.86,both,-40901.39,False
2025-12-21,25.600000381469727,41348.38,both,-41322.78,False
2025-12-22,25.780000686645508,41102.76,both,-41076.98,False
2025-12-23,26.700000762939453,41419.32,both,-41392.62,False
2025-12-24,26.71999931335449,41508.31,both,-41481.59,False
2025-12-25,26.420000076293945,41253.02,both,-41226.6,False
2025-12-28,26.43000030517578,41604.74,both,-41578.31,False
2025-12-29,26.200000762939453,41731.68,both,-41705.48,False
2025-12-30,26.209999084472656,41689.96,both,-41663.75,False
2025-12-31,26.020000457763672,41828.97,both,-41802.95,False
2026-01-04,25.649999618530277,40898.15,both,-40872.5,False
2026-01-05,25.26000022888184,40676.98,both,-40651.72,False
2026-01-06,25.65999984741211,41543.46,both,-41517.8,False
2026-01-08,25.90999984741211,41856.76,both,-41830.85,False
2026-01-11,25.940000534057617,42895.41,both,-42869.47,False
2026-01-12,25.96999931335449,43404.25,both,-43378.28,False
2026-01-13,25.549999237060547,43684.22,both,-43658.67,False
2026-01-14,25.11000061035156,43058.34,both,-43033.23,False
2026-01-15,25.100000381469727,43346.87,both,-43321.77,False
2026-01-18,25.440000534057617,43952.52,both,-43927.08,False
2026-01-19,25.700000762939453,45048.44,both,-45022.74,False
2026-01-20,26.020000457763672,45905.16,both,-45879.14,False
2026-01-21,25.940000534057617,46048.69,both,-46022.75,False
2026-01-22,25.420000076293945,46462.32,both,-46436.9,False
2026-01-25,25.770000457763672,46857.73,both,-46831.96,False
2026-01-26,25.01000022888184,47507.43,both,-47482.42,False
2026-01-27,24.959999084472656,47834.55,both,-47809.59,False
2026-01-28,24.940000534057617,47785.93,both,-47760.99,False
2026-02-01,24.989999771118164,47662.74,both,-47637.75,False
2026-02-02,24.940000534057617,47606.28,both,-47581.34,False
2026-02-03,24.81999969482422,48978.48,both,-48953.66,False
2026-02-04,25.020000457763672,49631.56,both,-49606.54,False
2026-02-05,25.36000061035156,49739.03,both,-49713.67,False
2026-02-08,26.51000022888184,50035.23,both,-50008.72,False
2026-02-09,26.200000762939453,50293.53,both,-50267.33,False
2026-02-10,25.93000030517578,50376.15,both,-50350.22,False
2026-02-11,25.65999984741211,49700.24,both,-49674.58,False
2026-02-12,25.96999931335449,50490.2,both,-50464.23,False
2026-02-15,26.020000457763672,52308.32,both,-52282.3,False
2026-02-16,25.76000022888184,51493.53,both,-51467.77,False
2026-02-17,25.649999618530277,51833.76,both,-51808.11,False
2026-02-18,25.809999465942383,52222.34,both,-52196.53,False
2026-02-19,25.549999237060547,50667.67,both,-50642.12,False
2026-02-22,24.709999084472656,49560.88,both,-49536.17,False
2026-02-23,24.729999542236328,50870.06,both,-50845.33,False
2026-02-24,24.850000381469727,50390.21,both,-50365.36,False
2026-02-25,24.15999984741211,49014.32,both,-48990.16,False
2026-02-26,24.979999542236328,49212.83,both,-49187.85,False
2026-03-01,23.950000762939453,47984.26,both,-47960.31,False
2026-03-02,23.959999084472656,47692.49,both,-47668.53,False
2026-03-03,24.01000022888184,46725.81,both,-46701.8,False
2026-03-04,24.38999938964844,46452.14,both,-46427.75,False
2026-03-05,24.440000534057617,47516.44,both,-47492.0,False
2026-03-08,23.51000022888184,46774.24,both,-46750.73,False
2026-03-09,23.149999618530277,46414.85,both,-46391.7,False
2026-03-10,23.51000022888184,47772.74,both,-47749.23,False
2026-03-11,23.739999771118164,47195.39,both,-47171.65,False
2026-03-12,23.739999771118164,46790.96,both,-46767.22,False
2026-03-15,23.959999084472656,45926.93,both,-45902.97,False
2026-03-16,23.76000022888184,45187.72,both,-45163.96,False
2026-03-17,24.06999969482422,46054.61,both,-46030.54,False
2026-03-18,24.0,47611.96,both,-47587.96,False
2026-03-19,24.0,,left_only,,False
2026-03-24,24.01000022888184,46930.88,both,-46906.87,False
2026-03-25,24.25,47497.91,both,-47473.66,False
2026-03-26,24.01000022888184,47001.89,both,-46977.88,False
2026-03-29,23.989999771118164,46404.27,both,-46380.28,False
2026-03-30,23.700000762939453,45189.89,both,-45166.19,False
2026-03-31,23.270000457763672,45321.59,both,-45298.32,False
2026-04-01,24.32999992370605,46731.49,both,-46707.16,False
2026-04-02,24.1200008392334,46399.0,both,-46374.88,False
2026-04-05,24.1200008392334,47276.43,both,-47252.31,False
2026-04-06,23.88999938964844,47651.58,both,-47627.69,False
2026-04-07,23.76000022888184,46681.78,both,-46658.02,False
2026-04-08,23.75,48593.99,both,-48570.24,False
2026-04-09,23.709999084472656,49078.6,both,-49054.89,False
2026-04-12,,49078.6,right_only,,False
2026-04-14,24.1299991607666,49978.62,both,-49954.49,False
2026-04-15,24.899999618530277,50733.14,both,-50708.24,False
2026-04-16,24.940000534057617,51437.78,both,-51412.84,False
2026-04-19,25.34000015258789,52372.64,both,-52347.3,False
2026-04-20,25.32999992370605,51813.43,both,-51788.1,False
2026-04-21,25.21999931335449,51977.34,both,-51952.12,False
2026-04-22,24.86000061035156,51962.39,both,-51937.53,False
2026-04-23,24.809999465942383,52375.39,both,-52350.58,False
2026-04-26,24.82999992370605,52421.14,both,-52396.31,False
2026-04-27,24.950000762939453,52719.12,both,-52694.17,False
2026-04-28,24.81999969482422,52230.61,both,-52205.79,False
2026-04-29,24.920000076293945,52383.13,both,-52358.21,False
2026-04-30,25.030000686645508,51760.97,both,-51735.94,False
2026-05-03,25.290000915527344,52312.7,both,-52287.41,False
2026-05-04,25.149999618530277,51973.5,both,-51948.35,False
2026-05-05,24.84000015258789,52557.63,both,-52532.79,False
2026-05-06,24.8700008392334,53605.08,both,-53580.21,False
2026-05-10,25.13999938964844,54628.68,both,-54603.54,False
2026-05-11,25.26000022888184,54475.49,both,-54450.23,False
2026-05-12,26.0,54058.75,both,-54032.75,False
2026-05-13,25.84000015258789,53416.17,both,-53390.33,False
2026-05-14,25.75,53154.84,both,-53129.09,False
2026-05-17,26.020000457763672,52364.34,both,-52338.32,False
2026-05-18,25.65999984741211,52007.0,both,-51981.34,False
2026-05-19,25.709999084472656,52774.98,both,-52749.27,False
2026-05-20,25.489999771118164,51936.75,both,-51911.26,False
2026-05-21,24.940000534057617,52090.96,both,-52066.02,False
2026-05-24,25.479999542236328,52861.47,both,-52835.99,False
2026-05-25,25.450000762939453,52658.75,both,-52633.3,False
2026-05-26,25.450000762939453,,left_only,,False
2026-05-27,25.450000762939453,,left_only,,False
2026-05-28,25.450000762939453,,left_only,,False
2026-06-01,25.459999084472656,52853.94,both,-52828.48,False
2026-06-02,25.25,52927.02,both,-52901.77,False
2026-06-03,25.0,52564.42,both,-52539.42,False
2026-06-04,24.959999084472656,52652.53,both,-52627.57,False
2026-06-07,24.51000022888184,52164.6,both,-52140.09,False
2026-06-08,24.46999931335449,51882.81,both,-51858.34,False
2026-06-09,24.68000030517578,52374.8,both,-52350.12,False
2026-06-10,24.049999237060547,51256.65,both,-51232.6,False
2026-06-11,23.90999984741211,50818.84,both,-50794.93,False
2026-06-14,24.32999992370605,51994.63,both,-51970.3,False
2026-06-15,24.350000381469727,52306.66,both,-52282.31,False
2026-06-16,24.46999931335449,52047.15,both,-52022.68,False
2026-06-17,24.46999931335449,52621.84,both,-52597.37,False
2026-06-18,24.46999931335449,,left_only,,False
2026-06-21,26.190000534057617,52679.45,both,-52653.26,False
2026-06-22,26.190000534057617,52585.72,both,-52559.53,False
2026-06-23,27.40999984741211,51769.74,both,-51742.33,False
2026-06-24,27.36000061035156,51710.9,both,-51683.54,False
2026-06-25,26.90999984741211,51443.07,both,-51416.16,False
2026-06-28,26.59000015258789,50344.37,both,-50317.78,False
2026-06-29,26.86000061035156,49825.58,both,-49798.72,False
2026-06-30,26.950000762939453,50487.96,both,-50461.01,False
2026-07-01,27.229999542236328,50532.7,both,-50505.47,False
2026-07-05,27.209999084472656,51130.89,both,-51103.68,False
2026-07-06,27.299999237060547,52502.74,both,-52475.44,False
2026-07-07,27.1200008392334,53006.11,both,-52978.99,False
2026-07-08,26.75,52028.37,both,-52001.62,False
2026-07-09,26.93000030517578,52311.51,both,-52284.58,False
2026-07-12,26.90999984741211,52256.18,both,-52229.27,False
2026-07-13,27.040000915527344,52608.28,both,-52581.24,False
2026-07-14,26.81999969482422,52299.31,both,-52272.49,False
2026-07-15,26.489999771118164,52558.39,both,-52531.9,False
2026-07-16,27.030000686645508,52928.06,both,-52901.03,False
2026-07-19,26.739999771118164,52560.1,both,-52533.36,False
2026-07-20,26.68000030517578,53126.01,both,-53099.33,False
2026-07-21,26.68000030517578,53989.55,both,-53962.87,False
2026-07-22,26.86000061035156,53931.92,both,-53905.06,False
2026-07-26,27.020000457763672,,left_only,,False
2026-07-27,27.0,,left_only,,False
2026-07-28,26.799999237060547,,left_only,,False
2026-07-29,26.520000457763672,,left_only,,False
2026-07-30,26.549999237060547,,left_only,,False
